Time (s),Voltage (P2D) (V),Voltage (sP2D) (V),Voltage Error (V),average Voltage Error (V),Voltage Error Percentage (%),average Voltage Error Percentage (%),Average Concentration (P2D) (c/c_max),Average Concentration (sP2D) (c/c_max),First Position Concentration (P2D) (c/c_max),First Position Concentration (sP2D) (c/c_max),Concentration Error (c/c_max),average Concentration Error (c/c_max),Concentration Error Percentage (%),average Concentration Error Percentage (%),Negative Stress (P2D) (σ/E),Negative Stress (sP2D) (σ/E),Negative Stress Error (σ/E),average Negative Stress Error (σ/E),Negative Stress Error Percentage (%),average Negative Stress Error Percentage (%),Positive Stress (P2D) (σ/E),Positive Stress (sP2D) (σ/E),Positive Stress Error (σ/E),average Positive Stress Error (σ/E),Positive Stress Error Percentage (%),average Positive Stress Error Percentage (%),Current (A)
0.0,3.9014885531985812,3.9271142181360412,0.02562566493745999,0.026529595472571273,0.6568176373720525,0.7383952033733268,0.9013973983641687,0.9013973983641687,0.9013973983641687,0.9013973983641687,0.0,0.0008860649207788179,0.0,0.15268723918731106,-3.961960626703949e-10,-3.961960626703949e-10,0.0,0.00010933081883118292,-0.0,7.613988998129413,4.644398249759261e-11,4.644398249759261e-11,0.0,1.982927813457649e-5,0.0,1.8862677387519349,14.801730831736737
1.0,3.995434208453896,4.008858931582234,0.013424723128337757,0.026529595472571273,0.3360016065320893,0.7383952033733268,0.9013970800645639,0.901397078530018,0.9013971691264999,0.9013971868388989,-1.5345458237447929e-9,0.0008860649207788179,-1.702408247910986e-7,0.15268723918731106,2.3997723073777845e-8,2.5744662553163275e-8,1.7469394793854295e-9,0.00010933081883118292,7.279605127597705,7.613988998129413,4.335671632211319e-9,6.158495057454229e-9,1.8228234252429102e-9,1.982927813457649e-5,42.042469538063635,1.8862677387519349,7.339244465658142
2.0,3.9806949826691125,3.9904422355844322,0.009747252915319748,0.026529595472571273,0.24486309445352372,0.7383952033733268,0.8966039825627327,0.8965863869697469,0.897752451864898,0.8979576614938289,-1.7595592985752972e-5,0.0008860649207788179,-0.001962470982502229,0.15268723918731106,0.0003303905419355869,0.00034938573559844415,1.899519366285724e-5,0.00010933081883118292,5.749315204840383,7.613988998129413,8.291528880346507e-5,0.00011565366145067899,3.273837264721392e-5,1.982927813457649e-5,39.48412062438088,1.8862677387519349,7.432659854933705
3.0,3.977644516870409,3.9870837888843322,0.009439272013923361,0.026529595472571273,0.2373080845683549,0.7383952033733268,0.8956551951885714,0.895638285032519,0.8967794933471861,0.897005620348957,-1.6910156052429848e-5,0.0008860649207788179,-0.0018880207632658884,0.15268723918731106,0.0003447369758555335,0.00036309866187107884,1.8361686015545364e-5,0.00010933081883118292,5.3262885334470385,7.613988998129413,0.0001258120588849413,0.0001685060800189928,4.269402113405151e-5,1.982927813457649e-5,33.93476071566113,1.8862677387519349,7.1435799182632955
4.0,3.9643190329207934,3.97453388525948,0.010214852338686686,0.026529595472571273,0.2576697852483554,0.7383952033733268,0.8946142490172141,0.8945930237818651,0.895858629677537,0.8961885620322871,-2.1225235348976135e-5,0.0008860649207788179,-0.002372557263903777,0.15268723918731106,0.00038476388890677787,0.00040979001578930996,2.5026126882532083e-5,0.00010933081883118292,6.5042816137549515,7.613988998129413,0.0001619935911974846,0.0002073156374217273,4.532204622424268e-5,1.982927813457649e-5,27.97767855457385,1.8862677387519349,7.603198099865407
5.0,3.86482242266413,3.887619802053116,0.02279737938898574,0.026529595472571273,0.5898687415829799,0.7383952033733268,0.8936036364873807,0.8935789545222846,0.8949971632405382,0.8954215035960629,-2.4681965096085e-5,0.0008860649207788179,-0.0027620707983134485,0.15268723918731106,0.0004269637593059181,0.0004570325942395613,3.006883493364323e-5,0.00010933081883118292,7.0424794325691265,7.613988998129413,0.00019581595244975894,0.00024176520149419903,4.594924904444009e-5,1.982927813457649e-5,23.46552896717106,1.8862677387519349,15.10003212022504
6.0,3.9526599429534004,3.9607696861811297,0.008109743227729282,0.026529595472571273,0.20517179177497719,0.7383952033733268,0.890928597692276,0.8908780654447955,0.8931803218887179,0.8939361031930039,-5.053224748041707e-5,0.0008860649207788179,-0.005671862774559938,0.15268723918731106,0.0006254644224078122,0.0006861923657740174,6.072794336620514e-5,0.00010933081883118292,9.709256224746483,7.613988998129413,0.000258689409061132,0.0003188798838256322,6.019047476450018e-5,1.982927813457649e-5,23.26746772624012,1.8862677387519349,7.378953803883073
7.000000000000001,3.941408511166608,3.949286298819105,0.007877787652496693,0.026529595472571273,0.19987239663632242,0.7383952033733268,0.8891820307718661,0.8891145565046509,0.8919464851093716,0.8929423867644468,-6.747426721520622e-5,0.0008860649207788179,-0.007588352539764473,0.15268723918731106,0.0007334639234930883,0.0008132868250331658,7.982290154007752e-5,0.00010933081883118292,10.883003101219296,7.613988998129413,0.00031440321544752526,0.0003866508079308289,7.224759248330363e-5,1.982927813457649e-5,22.979279133791795,1.8862677387519349,7.59747257745317
8.0,3.935562993377476,3.945223084859814,0.009660091482338373,0.026529595472571273,0.24545640607439861,0.7383952033733268,0.8893500481066201,0.8892884357880507,0.8918580891247009,0.8928625020093265,-6.161231856938176e-5,0.0008860649207788179,-0.006927791672193775,0.15268723918731106,0.0006641734486919721,0.0007367717139190027,7.259826522703055e-5,0.00010933081883118292,10.930618405479184,7.613988998129413,0.0003351422955343649,0.00040422545416185274,6.908315862748783e-5,1.982927813457649e-5,20.613082725753472,1.8862677387519349,7.752659808505615
9.0,3.9374573476168315,3.9468072004887724,0.0093498528719409,0.026529595472571273,0.23745915311565094,0.7383952033733268,0.8888134790099593,0.8887506982718811,0.8913599871430352,0.8924478495267512,-6.278073807819418e-5,0.0008860649207788179,-0.007063432267940517,0.15268723918731106,0.0006676041508591812,0.0007416622542231433,7.405810336396214e-5,0.00010933081883118292,11.093116073147865,7.613988998129413,0.0003571806960190505,0.0004236302902704854,6.64495942514349e-5,1.982927813457649e-5,18.603915326905224,1.8862677387519349,7.400203801492782
10.0,3.8366166413399614,3.860055923312257,0.0234392819722955,0.026529595472571273,0.6109362535660897,0.7383952033733268,0.8882422084030176,0.8881789138544925,0.8908593252897783,0.892011273494714,-6.329454852505023e-5,0.0008860649207788179,-0.0071258208545221385,0.15268723918731106,0.0006773491240899244,0.0007514426338480965,7.40935097581721e-5,0.00010933081883118292,10.938747408542525,7.613988998129413,0.00037819580432364003,0.0004427188958820865,6.452309155844646e-5,1.982927813457649e-5,17.06076345131291,1.8862677387519349,15.138305670275473
11.0,3.9311426145444566,3.93926646370195,0.008123849157493535,0.026529595472571273,0.20665363620838598,0.7383952033733268,0.8859935478091724,0.8859043930699043,0.8894100392581572,0.89088062397008,-8.915473926807138e-5,0.0008860649207788179,-0.010062684935858445,0.15268723918731106,0.0008492054860298434,0.0009522232662240164,0.000103017780194173,0.00010933081883118292,12.131078035752664,7.613988998129413,0.0004290724757619176,0.000506183220240437,7.711074447851939e-5,1.982927813457649e-5,17.971496386849655,1.8862677387519349,7.223376374478684
12.0,3.9161294604656502,3.9253273818693324,0.009197921403682141,0.026529595472571273,0.23487276139712845,0.7383952033733268,0.8845353202223933,0.8844295460591727,0.8884286619821536,0.8901199253725874,-0.00010577416322066213,0.0008860649207788179,-0.01195816162480295,0.15268723918731106,0.0009387639947341533,0.0010586330297252568,0.00011986903499110343,0.00010933081883118292,12.76881470353461,7.613988998129413,0.00047500546071338934,0.0005640568500384562,8.905138932506691e-5,1.982927813457649e-5,18.747445385432965,1.8862677387519349,7.873307395603647
13.000000000000002,3.919414551648604,3.929325569255144,0.009911017606540007,0.026529595472571273,0.2528698476758776,0.7383952033733268,0.8848874229418328,0.8847901362585316,0.8884886944049103,0.89014911389767,-9.728668330111212e-5,0.0008860649207788179,-0.010994244101433813,0.15268723918731106,0.0008536508870093653,0.0009616554502841336,0.00010800456327476828,0.00010933081883118292,12.652076500868601,7.613988998129413,0.00048793343548367437,0.0005753595380471024,8.742610256342806e-5,1.982927813457649e-5,17.9176289644437,1.8862677387519349,7.523916379934212
14.000000000000002,3.912201124011985,3.9234724530278804,0.011271329015895226,0.026529595472571273,0.2881070951775713,0.7383952033733268,0.8845334468880512,0.8844366748285074,0.8881435292543216,0.8898575639458959,-9.677205954383705e-5,0.0008860649207788179,-0.010940463572553268,0.15268723918731106,0.00084306714549037,0.0009493070923996577,0.00010623994690928769,0.00010933081883118292,12.601599703840103,7.613988998129413,0.0005030920083781699,0.0005894655204806862,8.637351210251626e-5,1.982927813457649e-5,17.16853193135798,1.8862677387519349,7.875082293280693
15.0,3.8166131110591386,3.8416868091031584,0.02507369804401982,0.026529595472571273,0.656962005694669,0.7383952033733268,0.8840705816323954,0.8839744011608217,0.8877439618447319,0.8895015755890109,-9.618047157367027e-5,0.0008860649207788179,-0.0108792752040315,0.15268723918731106,0.0008449203518715639,0.0009488604792987232,0.00010394012742715928,0.00010933081883118292,12.301766337729214,7.613988998129413,0.0005185770965822682,0.0006040338721462182,8.545677556395e-5,1.982927813457649e-5,16.479087897857625,1.8862677387519349,15.369253110949106
16.0,3.9137572498259527,3.9231774865693194,0.009420236743366672,0.026529595472571273,0.24069547859120788,0.7383952033733268,0.8818223819660395,0.8816982640716375,0.8863569810376689,0.8884322936723447,-0.00012411789440192056,0.0008860649207788179,-0.014075158097620225,0.15268723918731106,0.0010231065240057116,0.0011567504624196156,0.000133643938413904,0.00010933081883118292,13.062563406462838,7.613988998129413,0.0005674896408119147,0.00066756652026978,0.0001000768794578653,1.982927813457649e-5,17.63501432637326,1.8862677387519349,7.34995194486844
17.0,3.9089961853703716,3.918247206767054,0.009251021396682546,0.026529595472571273,0.2366597703856809,0.7383952033733268,0.8804782635498056,0.8803370237678482,0.8854950997474818,0.8877750062411338,-0.00014123978195745845,0.0008860649207788179,-0.016041257099070793,0.15268723918731106,0.001106297422499971,0.0012557703983923235,0.0001494729758923525,0.00010933081883118292,13.511102245414152,7.613988998129413,0.000610730898688795,0.0007245114165497389,0.00011378051786094386,1.982927813457649e-5,18.630221281619164,1.8862677387519349,7.411092208493096
18.0,3.9053713520322866,3.916745060001931,0.011373707969644542,0.026529595472571273,0.29123243206374894,0.7383952033733268,0.8810703176746488,0.880940675064962,0.8857164758921253,0.8879257933010023,-0.00012964260968684194,0.0008860649207788179,-0.014714218273633277,0.15268723918731106,0.0009981853598983927,0.0011313461690780505,0.00013316080917965775,0.00010933081883118292,13.340288740882,7.613988998129413,0.0006181688510878468,0.0007309029174259097,0.00011273406633806294,1.982927813457649e-5,18.23677562201246,1.8862677387519349,7.581425975634169
19.0,3.899819606009142,3.9123368206419658,0.012517214632823848,0.026529595472571273,0.3209690677367835,0.7383952033733268,0.8808865971983627,0.8807595481843473,0.8854997915393775,0.8877318112621684,-0.00012704901401539015,0.0008860649207788179,-0.014422856973810962,0.15268723918731106,0.0009735583575592447,0.0011018270409351733,0.0001282686833759286,0.00010933081883118292,13.175243412989031,7.613988998129413,0.000628448234556592,0.0007405873374330402,0.00011213910287644817,1.982927813457649e-5,17.843809037918458,1.8862677387519349,7.87937732818497
20.0,3.8087039146442647,3.8348428921018836,0.02613897745761884,0.026529595472571273,0.6862958645096001,0.7383952033733268,0.8804554318952118,0.8803297571499135,0.8851386610018055,0.887399213585201,-0.0001256747452983431,0.0008860649207788179,-0.01427383383027392,0.15268723918731106,0.0009733703414104742,0.0010978340250670621,0.00012446368365658794,0.00010933081883118292,12.786878576578808,7.613988998129413,0.0006412113913455584,0.0007530362542329128,0.0001118248628873544,1.982927813457649e-5,17.4396251215522,1.8862677387519349,14.981173800726305
21.0,3.900429231221364,3.9115161676784806,0.011086936457116447,0.026529595472571273,0.28424913771976656,0.7383952033733268,0.8783641303488097,0.8782135569035628,0.8838801379342394,0.8864128620863845,-0.0001505734452468266,0.0008860649207788179,-0.017142485678124396,0.15268723918731106,0.0011395818403465152,0.0012891613756942418,0.0001495795353477266,0.00010933081883118292,13.12582651389422,7.613988998129413,0.0006866399082334597,0.0008131495461788346,0.00012650963794537482,1.982927813457649e-5,18.424451656305585,1.8862677387519349,7.539050873484012
22.0,3.9005213246981776,3.9111328075292056,0.010611482831027974,0.026529595472571273,0.27205293722754076,0.7383952033733268,0.8770916366729874,0.8769255217958324,0.8830849580994,0.8857936729482357,-0.00016611487715501028,0.0008860649207788179,-0.0189392841305753,0.15268723918731106,0.0012177407699570167,0.0013806036965120546,0.00016286292655503794,0.00010933081883118292,13.374186901928775,7.613988998129413,0.000727745698946359,0.0008682978138854614,0.00014055211493910235,1.982927813457649e-5,19.313355632688143,1.8862677387519349,7.345280071422511
23.0,3.901566271781077,3.913514854402449,0.011948582621371884,0.026529595472571273,0.3062509205031988,0.7383952033733268,0.8776884841960996,0.8775336079738124,0.883319294722955,0.8859527492620374,-0.00015487622228715914,0.0008860649207788179,-0.017645921653969835,0.15268723918731106,0.0011093137810987285,0.0012560446362623744,0.00014673085516364592,0.00010933081883118292,13.227173200563252,7.613988998129413,0.0007340432157819807,0.0008739010335996899,0.00013985781781770924,1.982927813457649e-5,19.05307682310201,1.8862677387519349,7.236274734897614
24.0,3.8971779689635007,3.910428878513445,0.013250909549944456,0.026529595472571273,0.34001294412194083,0.7383952033733268,0.8776547665753999,0.8775039308595297,0.8832135909803774,0.8858428190544878,-0.00015083571587015676,0.0008860649207788179,-0.01718622419823642,0.15268723918731106,0.0010724201149570234,0.001212129657934973,0.0001397095429779495,0.00010933081883118292,13.027501165767324,7.613988998129413,0.0007410589766188456,0.0008796338662452161,0.00013857488962637043,1.982927813457649e-5,18.699576416796404,1.8862677387519349,7.483428501650911
25.0,3.799225881610136,3.8271898838896172,0.02796400227948137,0.026529595472571273,0.7360447404519693,0.7383952033733268,0.8773956502121412,0.8772479754986205,0.8829779722895466,0.885604689367512,-0.000147674713520618,0.0008860649207788179,-0.01683102867958286,0.15268723918731106,0.0010586816424754018,0.0011921018458928444,0.0001334202034174426,0.00010933081883118292,12.602485777072742,7.613988998129413,0.0007492583465068343,0.0008861599233601252,0.00013690157685329087,1.982927813457649e-5,18.27161185344795,1.8862677387519349,15.071874703645452
26.000000000000004,3.8917493020964984,3.904457340908746,0.01270803881224758,0.026529595472571273,0.3265379608445415,0.7383952033733268,0.8753283418191147,0.8751568011603343,0.881775242627244,0.8846422418472197,-0.00017154065878033364,0.0008860649207788179,-0.019597292876846237,0.15268723918731106,0.001227558379715117,0.0013838702101436834,0.00015631183042856653,0.00010933081883118292,12.733555732383358,7.613988998129413,0.0007932834209109427,0.0009446238290488814,0.00015134040813793873,1.982927813457649e-5,19.07772230562333,1.8862677387519349,7.627657837021413
27.000000000000004,3.886107714780379,3.8988495505910126,0.012741835810633706,0.026529595472571273,0.32788169412215595,0.7383952033733268,0.8740006240719977,0.8738135339939977,0.880971874869678,0.8839990836974597,-0.00018709007799999622,0.0008860649207788179,-0.02140617212929865,0.15268723918731106,0.0013128229423063822,0.0014817167997104406,0.00016889385740405838,0.00010933081883118292,12.864937986789274,7.613988998129413,0.0008350362497100979,0.0010003277208272083,0.0001652914711171104,1.982927813457649e-5,19.794526426187506,1.8862677387519349,7.840869540983327
28.000000000000004,3.8888583186894907,3.9027613318661136,0.013903013176622903,0.026529595472571273,0.35750886345759414,0.7383952033733268,0.8745082286843612,0.8743312941050276,0.8811463248788641,0.8841063772104523,-0.00017693457933354306,0.0008860649207788179,-0.020232465919700862,0.15268723918731106,0.0012098376395850683,0.0013639244267628426,0.00015408678717777425,0.00010933081883118292,12.736154185996442,7.613988998129413,0.0008426132416644415,0.0010061096194672234,0.00016349637780278196,1.982927813457649e-5,19.40349020385939,1.8862677387519349,7.62394102233945
29.0,3.8905337335147787,3.9046773828310126,0.014143649316233908,0.026529595472571273,0.3635400766325262,0.7383952033733268,0.8743719218243227,0.8741979377643291,0.8809820131087688,0.8839439390537931,-0.00017398405999358157,0.0008860649207788179,-0.019898175553324567,0.15268723918731106,0.001180442733863101,0.0013285651325790344,0.00014812239871593341,0.00010933081883118292,12.548037652888933,7.613988998129413,0.0008520091049891264,0.0010130213938881008,0.0001610122888989744,1.982927813457649e-5,18.897954019051156,1.8862677387519349,7.48042830478434
30.0,3.7967305688606015,3.8252669317810954,0.028536362920493996,0.026529595472571273,0.7516035811057764,0.7383952033733268,0.8741652137660728,0.8739947611297767,0.8807886556862271,0.8837365583837643,-0.0001704526362961145,0.0008860649207788179,-0.019498904052904553,0.15268723918731106,0.0011610448559214233,0.0013021267603085373,0.00014108190438711396,0.00010933081883118292,12.151288011620288,7.613988998129413,0.0008600363306769338,0.0010173842132956308,0.00015734788261869705,1.982927813457649e-5,18.29549252818758,1.8862677387519349,14.67079576968097
31.0,3.8858657711587266,3.8995408535761813,0.013675082417454743,0.026529595472571273,0.3519185484725832,0.7383952033733268,0.8722887642675841,0.8720977104721704,0.8797215441072769,0.8828612881534961,-0.00019105379541362044,0.0008860649207788179,-0.02190258584541536,0.15268723918731106,0.00131273790442781,0.0014722290881606813,0.00015949118373287125,0.00010933081883118292,12.14950701087507,7.613988998129413,0.000901256440209284,0.0010692804360795032,0.0001680239958702192,1.982927813457649e-5,18.643305986385155,1.8862677387519349,7.620884766979986
32.0,3.879839393904645,3.893762122311339,0.013922728406694063,0.026529595472571273,0.35884806027195676,0.7383952033733268,0.8710657954504525,0.8708612639133526,0.8789970882286537,0.8822635098151844,-0.00020453153709987237,0.0008860649207788179,-0.023480607110063757,0.15268723918731106,0.0013891896861663072,0.0015585052383133894,0.00016931555214708214,0.00010933081883118292,12.188080132838856,7.613988998129413,0.0009401529036533594,0.0011178469419307236,0.00017769403827736418,1.982927813457649e-5,18.900546665000906,1.8862677387519349,7.88957168173027
33.0,3.887211378636597,3.901521944689254,0.014310566052657236,0.026529595472571273,0.36814478706523374,0.7383952033733268,0.871554153307013,0.8713591236844976,0.8791674657552943,0.8823669519296161,-0.0001950296225153858,0.0008860649207788179,-0.02237722369578162,0.15268723918731106,0.0012886054492037855,0.0014439763657839385,0.00015537091658015308,0.00010933081883118292,12.05729159970222,7.613988998129413,0.0009456353657535419,0.0011175149323500038,0.0001718795665964619,1.982927813457649e-5,18.176093325305935,1.8862677387519349,7.385909953296061
34.0,3.880926078979782,3.8966826333312308,0.015756554351448848,0.026529595472571273,0.4059998575286168,0.7383952033733268,0.8714838318917744,0.8712923891378914,0.8790531554890725,0.8822387594301175,-0.00019144275388294218,0.0008860649207788179,-0.021967447573567445,0.15268723918731106,0.0012536933570202516,0.0014022447010526298,0.00014855134403237813,0.00010933081883118292,11.849097165629992,7.613988998129413,0.0009515670708799116,0.0011164778455851733,0.00016491077470526174,1.982927813457649e-5,17.330441516095043,1.8862677387519349,7.773951562563707
35.0,3.7855830229290426,3.8160596678632133,0.030476644934170682,0.026529595472571273,0.8050713654825564,0.7383952033733268,0.871271101050261,0.8710832916501615,0.8788647847125165,0.8820268093707226,-0.0001878094000994368,0.0008860649207788179,-0.021555793583999828,0.15268723918731106,0.00123506596890352,0.0013763183272125171,0.0001412523583089972,0.00010933081883118292,11.436827008876271,7.613988998129413,0.0009572999391303994,0.0011151596652673543,0.00015785972613695492,1.982927813457649e-5,16.49010092702533,1.8862677387519349,15.193943393444464
36.0,3.8879047994722398,3.9012441057999947,0.01333930632775493,0.026529595472571273,0.34309755551539384,0.7383952033733268,0.8692340193591156,0.8690233658314536,0.8777498295387611,0.8810964876039272,-0.00021065352766203027,0.0008860649207788179,-0.024234386019238486,0.15268723918731106,0.00140687443209017,0.0015678134767635578,0.00016093904467338774,0.00010933081883118292,11.439474696706462,7.613988998129413,0.0010004738748726012,0.0011670421295369524,0.0001665682546643512,1.982927813457649e-5,16.648935954030957,1.8862677387519349,7.178114213625413
37.0,3.876090697756027,3.8903561179749593,0.014265420218932068,0.026529595472571273,0.36803628530133986,0.7383952033733268,0.8680952480600747,0.8678710300618584,0.8771092186521597,0.8805610551230472,-0.00022421799821625843,0.0008860649207788179,-0.025828732355961694,0.15268723918731106,0.0014783332197617243,0.0016483653348653461,0.0001700321151036218,0.00010933081883118292,11.501609571557037,7.613988998129413,0.0010371288623489806,0.0012103144346706483,0.00017318557232166767,1.982927813457649e-5,16.69855874316541,1.8862677387519349,7.828007655772221
38.0,3.8848882249883827,3.899689990209806,0.014801765221423402,0.026529595472571273,0.38100877976914416,0.7383952033733268,0.8687514893870298,0.8685386048430305,0.8773672740975224,0.8807360631770969,-0.00021288454399936985,0.0008860649207788179,-0.024504653701322116,0.15268723918731106,0.0013589512620441027,0.001513397291331713,0.00015444602928761024,0.00010933081883118292,11.365089654156996,7.613988998129413,0.001036215089751097,0.0011994842476372742,0.00016326915788617718,1.982927813457649e-5,15.756299971021951,1.8862677387519349,7.2537928041892075
39.0,3.8823322223376033,3.8979969364877496,0.015664714150146253,0.026529595472571273,0.4034872147215244,0.7383952033733268,0.8687090616408799,0.8685004238691462,0.8772696843654773,0.8806138234835061,-0.00020863777173374398,0.0008860649207788179,-0.024016990376462058,0.15268723918731106,0.001320624771271659,0.0014675991073150325,0.00014697433604337349,0.00010933081883118292,11.129151840900926,7.613988998129413,0.0010372995118854643,0.0011903312942574715,0.0001530317823720071,1.982927813457649e-5,14.752902186741263,1.8862677387519349,7.407542506183998
40.0,3.7847852308411953,3.8155496708532395,0.030764440012044147,0.026529595472571273,0.8128450661177024,0.7383952033733268,0.8686012962311263,0.8683975651311827,0.8771480888989167,0.8804488765200338,-0.00020373109994353822,0.0008860649207788179,-0.023455076664924454,0.15268723918731106,0.0012923417058627734,0.0014305821657766627,0.00013824045991388928,0.00010933081883118292,10.696896903253563,7.613988998129413,0.0010370978080670545,0.0011804563249472042,0.0001433585168801497,1.982927813457649e-5,13.823046945527892,1.8862677387519349,14.874818921670961
41.0,3.8778003527457288,3.8926792515945396,0.014878898848810884,0.026529595472571273,0.3836942981934508,0.7383952033733268,0.866678358717901,0.8664551836182254,0.8761112757878958,0.879548456953922,-0.000223175099675621,0.0008860649207788179,-0.025750625642224353,0.15268723918731106,0.0014537027244354633,0.001607289625036188,0.00015358690060072468,0.00010933081883118292,10.565220661629374,7.613988998129413,0.0010740087459170811,0.001222736085673308,0.00014872733975622682,1.982927813457649e-5,13.847870449996252,1.8862677387519349,7.584574024574814
42.0,3.87641583023036,3.8907307808452085,0.014314950614848332,0.026529595472571273,0.36928315335038886,0.7383952033733268,0.8654528031490409,0.8652169067452813,0.8754244909983925,0.8789466697533189,-0.00023589640375965004,0.0008860649207788179,-0.027256992282111304,0.15268723918731106,0.001532866930541335,0.0016943649958320092,0.00016149806529067406,0.00010933081883118292,10.535687219349215,7.613988998129413,0.001107990579399701,0.0012617512779032447,0.0001537606985035436,1.982927813457649e-5,13.877437350311201,1.8862677387519349,7.5672044655553785
43.0,3.8710639754070875,3.887705224035496,0.016641248628408434,0.026529595472571273,0.4298882357442416,0.7383952033733268,0.8660756604250763,0.8658499804056013,0.8756644044591798,0.8791087922740658,-0.00022568001947498306,0.0008860649207788179,-0.02605777183072177,0.15268723918731106,0.0014165523854487985,0.0015640665862215147,0.00014751420077271623,0.00010933081883118292,10.413607169633908,7.613988998129413,0.0011038893349919194,0.0012480062024671735,0.00014411686747525408,1.982927813457649e-5,13.055372754036892,1.8862677387519349,7.912698003895025
44.0,3.87715101591521,3.8934769733710555,0.01632595745584542,0.026529595472571273,0.42108128852421395,0.7383952033733268,0.8659659455454104,0.8657437385443684,0.8755321067720128,0.8789510019597758,-0.00022220700104202962,0.0008860649207788179,-0.02566001609937181,0.15268723918731106,0.0013840658188731074,0.0015249478867757193,0.00014088206790261186,0.00010933081883118292,10.178856090624118,7.613988998129413,0.0011029085306628514,0.0012375586729649916,0.00013465014230214017,1.982927813457649e-5,12.208640930650434,1.8862677387519349,7.507727962652166
45.0,3.7774056608608166,3.8090362358946126,0.03163057503379596,0.026529595472571273,0.8373624088493532,0.7383952033733268,0.8657442153950955,0.8655256473491599,0.8753476093187322,0.8787271108306285,-0.00021856804593556323,0.0008860649207788179,-0.025246261199194542,0.15268723918731106,0.0013653217812159759,0.0014987625415804973,0.00013344076036452142,0.00010933081883118292,9.773575885215651,7.613988998129413,0.0011025667480388452,0.0012289251087100282,0.00012635836067118305,1.982927813457649e-5,11.460381958365684,1.8862677387519349,15.174549926815734
46.0,3.8837061459630244,3.89754333240829,0.013837186445265548,0.026529595472571273,0.3562881929068917,0.7383952033733268,0.8638296611666183,0.863590567340395,0.8743516097223614,0.8778494245481165,-0.00023909382622333553,0.0008860649207788179,-0.027678353380507306,0.15268723918731106,0.0015291086404287718,0.001678126296376359,0.00014901765594758725,0.00010933081883118292,9.745393623948246,7.613988998129413,0.0011377283424214301,0.001270067270771582,0.00013233892835015182,1.982927813457649e-5,11.631856517566797,1.8862677387519349,6.977346635531785
47.0,3.8714417515792467,3.886217366382609,0.014775614803362203,0.026529595472571273,0.3816566476128668,0.7383952033733268,0.8627489273811905,0.8624974555758658,0.8737738198744023,0.8773363320543116,-0.00025147180532469893,0.0008860649207788179,-0.02914773897059747,0.15268723918731106,0.0015968983902959284,0.0017530694724188752,0.00015617108212294677,0.00010933081883118292,9.779650544578859,7.613988998129413,0.0011665115869925015,0.00130358281900317,0.00013707123201066838,1.982927813457649e-5,11.750524687377109,1.8862677387519349,7.656279808119943
48.0,3.8653210456001066,3.882797917295119,0.01747687169501244,0.026529595472571273,0.4521454101440386,0.7383952033733268,0.863494209194932,0.8632542343098192,0.8740749095109128,0.877553111818711,-0.00023997488511284804,0.0008860649207788179,-0.02779114006295255,0.15268723918731106,0.0014671112636447383,0.001608504091289429,0.0001413928276446908,0.00010933081883118292,9.637498610257357,7.613988998129413,0.0011561014627996529,0.0012833119357453981,0.00012721047294574528,1.982927813457649e-5,11.003400396855158,1.8862677387519349,8.067418790694255
49.0,3.875875208885534,3.8922487693983445,0.01637356051281058,0.026529595472571273,0.42244808282975194,0.7383952033733268,0.863296545153718,0.8630597231370366,0.8738908623986766,0.8773410131507192,-0.0002368220166814039,0.0008860649207788179,-0.027432290562362384,0.15268723918731106,0.0014419575694281461,0.001577030555920208,0.00013507298649206184,0.00010933081883118292,9.367334334645456,7.613988998129413,0.001152841138190593,0.0012714187429145516,0.00011857760472395854,1.982927813457649e-5,10.285684713686436,1.8862677387519349,7.375566203061903
50.0,3.777105664784219,3.808613955719084,0.03150829093486518,0.026529595472571273,0.834191408215878,0.7383952033733268,0.8630971360364662,0.862864276635798,0.8737220091040258,0.8771234537410899,-0.000232859400668195,0.0008860649207788179,-0.026979512611701745,0.15268723918731106,0.0014205161630003699,0.0015477746008515333,0.00012725843785116341,0.00010933081883118292,8.958605411597157,7.613988998129413,0.001149573483856259,0.0012605914774194897,0.00011101799356323075,1.982927813457649e-5,9.657320312470976,1.8862677387519349,14.881485247375423
51.00000000000001,3.8793987457532553,3.893795400219664,0.014396654466408698,0.026529595472571273,0.37110530290727634,0.7383952033733268,0.8612955685179109,0.8610445079615694,0.8727967126343914,0.8762810063402302,-0.00025106055634149804,0.0008860649207788179,-0.029149175442004745,0.15268723918731106,0.0015728498333553627,0.001712767116152041,0.00013991728279667826,0.00010933081883118292,8.895781391806015,7.613988998129413,0.0011798191645973634,0.001296326078089193,0.00011650691349182965,1.982927813457649e-5,9.874980589215122,1.8862677387519349,7.048796785134097
52.00000000000001,3.868363786001957,3.883592539754734,0.015228753752777102,0.026529595472571273,0.3936742921615542,0.7383952033733268,0.8602353261214818,0.8599730052769943,0.8722338970964272,0.8757624098698493,-0.000262320844487518,0.0008860649207788179,-0.03049407952940464,0.15268723918731106,0.001638366316552406,0.0017841352858154306,0.00014576896926302456,0.00010933081883118292,8.897214730937852,7.613988998129413,0.0012049947047127795,0.0013261723013872503,0.00012117759667447077,1.982927813457649e-5,10.05627628076212,1.8862677387519349,7.652847571254275
53.00000000000001,3.8684336957666856,3.8854169763518707,0.016983280585185057,0.026529595472571273,0.4390221448998918,0.7383952033733268,0.8609436321131463,0.8606918805888196,0.8725145991226781,0.8759660237778695,-0.0002517515243266599,0.0008860649207788179,-0.029241348090205097,0.15268723918731106,0.0015123701980137992,0.0016448128948113295,0.00013244269679753024,0.00010933081883118292,8.757293483531194,7.613988998129413,0.001192652079645961,0.0013052602845063902,0.00011260820486042912,1.982927813457649e-5,9.441831929212489,1.8862677387519349,7.663353694836002
54.00000000000001,3.863734252472101,3.8818254853829237,0.018091232910822708,0.026529595472571273,0.46823181224866967,0.7383952033733268,0.8608432902119582,0.8605952668343599,0.8723904862049772,0.8758034047158119,-0.0002480233775982166,0.0008860649207788179,-0.028811675762396648,0.15268723918731106,0.0014784074460568865,0.0016041175203288748,0.00012571007427198831,0.00010933081883118292,8.503073669391625,7.613988998129413,0.0011853809864146695,0.0012900441299698315,0.00010466314355516196,1.982927813457649e-5,8.82949404070741,1.8862677387519349,7.970791643153767
55.00000000000001,3.7710166998436647,3.803307896111123,0.03229119626745813,0.026529595472571273,0.856299476711329,0.7383952033733268,0.8605675260976108,0.8603229026348777,0.8721812750233604,0.8755422594436301,-0.00024462346273312896,0.0008860649207788179,-0.028425830084759934,0.15268723918731106,0.0014642007185594105,0.0015826293738913715,0.00011842865533196107,0.00010933081883118292,8.08828009922574,7.613988998129413,0.0011814293628827027,0.0012797984941654975,9.836913128279481e-5,1.982927813457649e-5,8.326281229609265,1.8862677387519349,15.140723803996307
56.00000000000001,3.8670237408160815,3.8827546473838206,0.015730906567739122,0.026529595472571273,0.40679622423055856,0.7383952033733268,0.8585894612759569,0.8583247794857044,0.8711821675109326,0.8746157371838995,-0.0002646817902525189,0.0008860649207788179,-0.03082751445133896,0.15268723918731106,0.001635583467742192,0.001767646072107054,0.00013206260436486204,0.00010933081883118292,8.074342090725898,7.613988998129413,0.0012140076992634308,0.0013197244448826689,0.00010571674561923807,1.982927813457649e-5,8.70807867885674,1.8862677387519349,7.6321882577800215
57.00000000000001,3.866159964557613,3.881211813282169,0.015051848724556116,0.026529595472571273,0.3893229680753375,0.7383952033733268,0.8574357987684642,0.8571583181665748,0.8705812226668485,0.8740555995830261,-0.0002774806018893683,0.0008860649207788179,-0.03236167679118529,0.15268723918731106,0.0017099617577891447,0.0018489979655343291,0.0001390362077451845,0.00010933081883118292,8.130954222329985,7.613988998129413,0.0012408926629562283,0.0013528460805730105,0.00011195341761678222,1.982927813457649e-5,9.022006573080311,1.8862677387519349,7.579304438172438
58.0,3.8732755176926372,3.8892770752771377,0.016001557584500503,0.026529595472571273,0.41312727461311216,0.7383952033733268,0.8581509284694046,0.857883662741375,0.8708548607527115,0.8742611875082344,-0.0002672657280295976,0.0008860649207788179,-0.031144373228878506,0.15268723918731106,0.0015798571669205733,0.0017064575109246951,0.00012660034400412178,0.00010933081883118292,8.013404417494822,7.613988998129413,0.0012282516743570891,0.0013324652561068938,0.00010421358174980471,1.982927813457649e-5,8.484709113411453,1.8862677387519349,7.1450846520366715
58.99999999999999,3.8673808593231693,3.8848981432850898,0.017517283961920427,0.026529595472571273,0.4529495438674258,0.7383952033733268,0.8582774409774031,0.8580152840349317,0.8708611705902479,0.8742217912953042,-0.0002621569424714476,0.0008860649207788179,-0.030544545383006255,0.15268723918731106,0.001523855860133208,0.0016428542464283257,0.00011899838629511757,0.00010933081883118292,7.809031641924145,7.613988998129413,0.001215605156659303,0.0013112044332101694,9.559927655086644e-5,1.982927813457649e-5,7.864336213708577,1.8862677387519349,7.532572239520006
59.999999999999986,3.768889819019157,3.8015606504195047,0.032670831400347655,0.026529595472571273,0.8668555720434975,0.7383952033733268,0.858194453179512,0.8579372191476318,0.870763283950762,0.8740609401581786,-0.0002572340318802713,0.0008860649207788179,-0.029973863257592576,0.15268723918731106,0.001492039643781156,0.0016026273502003777,0.00011058770641922183,0.00010933081883118292,7.411847726711089,7.613988998129413,0.0012054583623617105,0.0012936967879176179,8.823842555590738e-5,1.982927813457649e-5,7.319906544348191,1.8862677387519349,15.056101846803152
60.99999999999998,3.8677667568123972,3.8835189217187933,0.015752164906396082,0.026529595472571273,0.4072677050303354,0.7383952033733268,0.8562442365488668,0.8559686534257394,0.8697893488809801,0.8731302456252574,-0.00027558312312747635,0.0008860649207788179,-0.032185106931432,0.15268723918731106,0.0016619407144444123,0.001783841104129403,0.00012190038968499075,0.00010933081883118292,7.334821791506692,7.613988998129413,0.0012345669532284565,0.0013294177433688164,9.485079014035988e-5,1.982927813457649e-5,7.6829199009677165,1.8862677387519349,7.409887016207971
61.99999999999997,3.863475137330017,3.8790223352163498,0.015547197886332853,0.026529595472571273,0.4024148553749271,0.7383952033733268,0.855089383294155,0.8548020048510834,0.8691938320138264,0.8725559243359805,-0.0002873784430715842,0.0008860649207788179,-0.033608000366521285,0.15268723918731106,0.0017371646266233088,0.001864766654396294,0.00012760202777298518,0.00010933081883118292,7.345419416064056,7.613988998129413,0.0012593814699287137,0.0013603784212120925,0.00010099695128337879,1.982927813457649e-5,8.019567835081427,1.8862677387519349,7.576339971248623
62.99999999999997,3.859375939308867,3.8772966631852968,0.017920723876429623,0.026529595472571273,0.4643425299386317,0.7383952033733268,0.8558069558934214,0.8555294812759352,0.8694656563341772,0.8727632307615604,-0.0002774746174861731,0.0008860649207788179,-0.032422570951938914,0.15268723918731106,0.001606803270813212,0.0017228149555778228,0.00011601168476461075,0.00010933081883118292,7.220030408943378,7.613988998129413,0.001245351554716849,0.0013392804240784605,9.392886936161141e-5,1.982927813457649e-5,7.542357738732472,1.8862677387519349,7.8612146919660795
63.999999999999964,3.860788424762977,3.8790316094200925,0.018243184657115386,0.026529595472571273,0.4725248485543566,0.7383952033733268,0.8557405408523672,0.8554666933707633,0.8693625747594189,0.8726178280666083,-0.00027384748160386163,0.0008860649207788179,-0.03200122800435441,0.15268723918731106,0.001568359441376372,0.0016781070256432172,0.00010974758426684529,0.00010933081883118292,6.997604080511814,7.613988998129413,0.001235671428005976,0.0013226312756239417,8.695984761796578e-5,1.982927813457649e-5,7.03745717891158,1.8862677387519349,7.778399723601538
64.99999999999996,3.7694146746462187,3.8015013691981174,0.03208669455189872,0.026529595472571273,0.8512381184198112,0.7383952033733268,0.855507172683873,0.8552368274969208,0.8691813278530678,0.8723768452453388,-0.00027034518695223664,0.0008860649207788179,-0.03160057514235881,0.15268723918731106,0.0015493944199553573,0.0016519808196957702,0.00010258639974041286,0.00010933081883118292,6.62106423123485,7.613988998129413,0.0012291389866734297,0.001310384681769692,8.124569509626242e-5,1.982927813457649e-5,6.609968114033032,1.8862677387519349,14.727868117190907
65.99999999999996,3.865713784159784,3.8816123746647055,0.015898590504921373,0.026529595472571273,0.41127179591173335,0.7383952033733268,0.8536916270801619,0.853404118893559,0.8682826586344221,0.8715025045159752,-0.00028750818660283617,0.0008860649207788179,-0.03367822495649698,0.15268723918731106,0.0017042799448381322,0.001816877142607165,0.00011259719776903279,0.00010933081883118292,6.606731371220059,7.613988998129413,0.0012562556375166538,0.0013437187626896845,8.746312517303066e-5,1.982927813457649e-5,6.9622075763119655,1.8862677387519349,7.352378491027463
66.99999999999994,3.8664871079090295,3.881623392856643,0.015136284947613543,0.026529595472571273,0.39147382430557603,0.7383952033733268,0.8526516669336008,0.8523533681425554,0.8677518919116354,0.8709813893730887,-0.0002982987910454815,0.0008860649207788179,-0.034984836435992234,0.15268723918731106,0.001767926549616726,0.0018854438496943167,0.00011751730007759074,0.00010933081883118292,6.647182265748973,7.613988998129413,0.0012778634841572882,0.0013706215311389438,9.275804698165562e-5,1.982927813457649e-5,7.258838532570379,1.8862677387519349,7.204220999399432
67.99999999999994,3.860394106670328,3.878280922143204,0.017886815472876183,0.026529595472571273,0.46334169462049934,0.7383952033733268,0.8534427315543481,0.8531545930386067,0.8680684670386654,0.8712380297099656,-0.0002881385157413874,0.0008860649207788179,-0.033761904002229864,0.15268723918731106,0.0016319263304415193,0.0017382576282087387,0.00010633129776721939,0.00010933081883118292,6.515692270156053,7.613988998129413,0.0012610833063604796,0.0013465873449062036,8.550403854572404e-5,1.982927813457649e-5,6.780205408672882,1.8862677387519349,7.620318086209354
68.99999999999993,3.8650476520231285,3.882884865931815,0.017837213908686422,0.026529595472571273,0.4615004914454205,0.7383952033733268,0.8534710744145302,0.853187350968009,0.868020530502285,0.8711425231218882,-0.0002837234465211669,0.0008860649207788179,-0.033243475382665706,0.15268723918731106,0.0015853864927653102,0.0016850214752114469,9.963498244613673e-5,0.00010933081883118292,6.284586307553839,7.613988998129413,0.0012482154447984047,0.001326523088189977,7.830764339157234e-5,1.982927813457649e-5,6.273567893899884,1.8862677387519349,7.347765478568149
69.99999999999993,3.761584283118175,3.7950412897504022,0.03345700663222706,0.026529595472571273,0.8894392392689601,0.7383952033733268,0.8533175709872567,0.8530379924722623,0.8678854243858507,0.8709414513578843,-0.000279578514994383,0.0008860649207788179,-0.032763712420795586,0.15268723918731106,0.0015598389720951728,0.0016519678565050206,9.212888440984779e-5,0.00010933081883118292,5.906307385441232,7.613988998129413,0.0012386916973294087,0.0013111154461713506,7.242374884194186e-5,1.982927813457649e-5,5.846793758130923,1.8862677387519349,15.199316219466116
70.99999999999991,3.859988656834202,3.876648379800907,0.016659722966704926,0.026529595472571273,0.431600308907864,0.7383952033733268,0.8514029117244595,0.8511048104505762,0.8669619361804893,0.8700308908460719,-0.0002981012738833,0.0008860649207788179,-0.035012949777152615,0.15268723918731106,0.001729246594219912,0.0018320469482804972,0.00010280035406058522,0.00010933081883118292,5.944805929021357,7.613988998129413,0.0012664950196042528,0.0013461754182861778,7.968039868192509e-5,1.982927813457649e-5,6.291410344971051,1.8862677387519349,7.561378344288211
71.99999999999991,3.8532199904907896,3.8699325592955467,0.016712568804757133,0.026529595472571273,0.4337299413477929,0.7383952033733268,0.850188447623462,0.8498777834599447,0.8663509910035799,0.869424980604301,-0.00031066416351732684,0.0008860649207788179,-0.03654062395057574,0.15268723918731106,0.0018112668585721927,0.0019201032803263906,0.00010883642175419793,0.00010933081883118292,6.008856245511653,7.613988998129413,0.001291497481465314,0.0013781162211226176,8.661873965730362e-5,1.982927813457649e-5,6.706845417849927,1.8862677387519349,7.87354212702749
72.99999999999991,3.8579332468833716,3.87580296188803,0.017869715004658282,0.026529595472571273,0.4631939917336392,0.7383952033733268,0.8508471628089305,0.8505455410014376,0.8665788832322565,0.8696015455157444,-0.0003016218074928245,0.0008860649207788179,-0.03544958726747942,0.15268723918731106,0.0016837754689327873,0.0017826852360746923,9.890976714190501e-5,0.00010933081883118292,5.874284841826097,7.613988998129413,0.0012783331417913846,0.001358896104363542,8.056296257215735e-5,1.982927813457649e-5,6.302188368460894,1.8862677387519349,7.594017216701353
73.9999999999999,3.8634775880729095,3.881211194091378,0.017733606018468517,0.026529595472571273,0.4590063126861306,0.7383952033733268,0.850838666127353,0.8505406951677157,0.8665071151943816,0.8694882678178496,-0.0002979709596373503,0.0008860649207788179,-0.03502085312995756,0.15268723918731106,0.0016385202516696735,0.0017316804565800914,9.316020491041796e-5,0.00010933081883118292,5.685630361631875,7.613988998129413,0.0012673720284035878,0.0013413220940600545,7.395006565646674e-5,1.982927813457649e-5,5.834913821604223,1.8862677387519349,7.26030773951506
74.9999999999999,3.760489864703653,3.7938291886274422,0.033339323923789355,0.026529595472571273,0.8865686419398626,0.7383952033733268,0.8508091168378655,0.8505158818903703,0.866439753840705,0.8693573501648945,-0.0002932349474952245,0.0008860649207788179,-0.03446542140792608,0.15268723918731106,0.0015999905345177193,0.0016855829766017159,8.559244208399658e-5,0.00010933081883118292,5.349559277848883,7.613988998129413,0.0012559799499519777,0.0013235881553010816,6.760820534910386e-5,1.982927813457649e-5,5.382904826760081,1.8862677387519349,15.022740737954274
75.99999999999989,3.8545638121804395,3.8719405876658404,0.01737677548540084,0.026529595472571273,0.4508104245281957,0.7383952033733268,0.8489782634947658,0.8486676385920554,0.86556329773779,0.8684806602970763,-0.000310624902710388,0.0008860649207788179,-0.03658808665273951,0.15268723918731106,0.0017605689968191516,0.0018556526144898426,9.5083617670691e-5,0.00010933081883118292,5.400732254315514,7.613988998129413,0.001281345959917173,0.0013550742016464933,7.372824172932027e-5,1.982927813457649e-5,5.753968407883075,1.8862677387519349,7.724696036743952
76.99999999999989,3.857303275792757,3.873442730867023,0.016139455074266174,0.026529595472571273,0.4184129149385895,0.7383952033733268,0.8477575849960892,0.8474348668663222,0.8649499705473885,0.8678624040362745,-0.00032271812976703007,0.0008860649207788179,-0.0380672653926793,0.15268723918731106,0.001842803754587444,0.0019433169983853187,0.00010051324379787467,0.00010933081883118292,5.454365042813633,7.613988998129413,0.0013054331880088205,0.0013854238304399063,7.999064243108581e-5,1.982927813457649e-5,6.12751714648037,1.8862677387519349,7.427700337699941
77.99999999999987,3.8608581256889947,3.878431867608958,0.017573741919963304,0.026529595472571273,0.45517709658981986,0.7383952033733268,0.8484829461294909,0.8481697085137215,0.8652140253209137,0.8680788612343989,-0.0003132376157694017,0.0008860649207788179,-0.03691737320099266,0.15268723918731106,0.0017091390043565066,0.0017998517952004982,9.07127908439916e-5,0.00010933081883118292,5.307513936126283,7.613988998129413,0.0012904614319078124,0.0013641960143865892,7.37345824787768e-5,1.982927813457649e-5,5.71381527999391,1.8862677387519349,7.2373138884136
78.99999999999987,3.8549028544974013,3.873968643273519,0.019065788776117643,0.026529595472571273,0.49458545379098595,0.7383952033733268,0.8486305245972567,0.8483221570265961,0.8652279777850629,0.8680498052468523,-0.00030836757066066145,0.0008860649207788179,-0.03633708212499268,0.15268723918731106,0.0016495437373018416,0.0017339357531681644,8.439201586632277e-5,0.00010933081883118292,5.116082341918546,7.613988998129413,0.001275614781183346,0.0013421712918076014,6.655651062425529e-5,1.982927813457649e-5,5.217602649799416,1.8862677387519349,7.644416141690716
79.99999999999987,3.760625822728235,3.7938739957682093,0.033248173039974294,0.026529595472571273,0.8841127675886037,0.7383952033733268,0.848512195546157,0.848208217710273,0.8651118576462482,0.8678671410693342,-0.00030397783588398397,0.0008860649207788179,-0.03582480457906964,0.15268723918731106,0.001619955348776785,0.0016970095751310547,7.705422635426976e-5,0.00010933081883118292,4.756564828311642,7.613988998129413,0.0012646227401831686,0.0013252455019184242,6.062276173525558e-5,1.982927813457649e-5,4.793742814277952,1.8862677387519349,14.782101954732575
80.99999999999986,3.8476258964244168,3.8659105079507134,0.01828461152629668,0.026529595472571273,0.47521801803258723,0.7383952033733268,0.8466326622182828,0.8463121603871137,0.864205571190521,0.8669421110596139,-0.0003205018311691621,0.0008860649207788179,-0.03785606739166045,0.15268723918731106,0.0017838565759169924,0.0018690547554992582,8.519817958226581e-5,0.00010933081883118292,4.77606668229309,7.613988998129413,0.0012906900054952418,0.0013576673762588432,6.697737076360143e-5,1.982927813457649e-5,5.189268567854293,1.8862677387519349,8.004152575227902
81.99999999999986,3.8498254421361353,3.8669870936778032,0.017161651541667933,0.026529595472571273,0.4457773943159752,0.7383952033733268,0.8454111357343944,0.8450789334405517,0.8635919866280055,0.8663146957703634,-0.0003322022938426761,0.0008860649207788179,-0.039294762015891535,0.15268723918731106,0.0018655947888741133,0.001955838262470323,9.024347359620961e-5,0.00010933081883118292,4.83724944636405,7.613988998129413,0.0013148415767530051,0.0013882402255123104,7.33986487593053e-5,1.982927813457649e-5,5.582318817493047,1.8862677387519349,7.729858380639728
82.99999999999984,3.8495151299800274,3.8684069367935914,0.01889180681356395,0.026529595472571273,0.4907580870752927,0.7383952033733268,0.8460123411383578,0.845687971489498,0.8637914228280759,0.8664758572568264,-0.00032436964885973474,0.0008860649207788179,-0.03834100675449686,0.15268723918731106,0.0017441547919959603,0.0018263788186055742,8.222402660961392e-5,0.00010933081883118292,4.714262001683871,7.613988998129413,0.0013025084542042816,0.0013706236052526538,6.811515104837226e-5,1.982927813457649e-5,5.229536194449091,1.8862677387519349,7.7731629608081905
83.99999999999984,3.8490704311867177,3.8686274459579075,0.019557014771189873,0.026529595472571273,0.5080970878768823,0.7383952033733268,0.8460361207823764,0.8457153322195609,0.8637386987614039,0.8663847197186729,-0.0003207885628155882,0.0008860649207788179,-0.03791665094853601,0.15268723918731106,0.0016954406714998287,0.001772499196047679,7.705852454785033e-5,0.00010933081883118292,4.545044002022344,7.613988998129413,0.0012910425306854843,0.001352994171528158,6.195164084267361e-5,1.982927813457649e-5,4.798574746393531,1.8862677387519349,7.822934464021884
84.99999999999983,3.752011159423918,3.7862032876701437,0.03419212824622564,0.026529595472571273,0.9113013472879831,0.7383952033733268,0.8458638718281033,0.8455466426663887,0.8635948254911987,0.8661794105352687,-0.0003172291617146161,0.0008860649207788179,-0.03750357147055023,0.15268723918731106,0.0016698144374519255,0.001740419993908509,7.060555645658356e-5,0.00010933081883118292,4.2283474662205585,7.613988998129413,0.0012822854298137419,0.0013389404818978953,5.665505208415347e-5,1.982927813457649e-5,4.418287127569006,1.8862677387519349,15.239384048777392
85.99999999999983,3.8510517282574805,3.8685452790579924,0.017493550800511848,0.026529595472571273,0.4542538515427137,0.7383952033733268,0.8439458753274809,0.843609611953841,0.8626961269393963,0.865270161681014,-0.0003362633736399001,0.0008860649207788179,-0.039844187106124314,0.15268723918731106,0.0018407558182269954,0.0019218157753673546,8.105995714035924e-5,0.00010933081883118292,4.403623573409953,7.613988998129413,0.0013099635964886538,0.0013734798327972681,6.351623630861439e-5,1.982927813457649e-5,4.848702397445939,1.8862677387519349,7.563468497248312
86.99999999999983,3.851298081115425,3.8680709328132257,0.01677285169780074,0.026529595472571273,0.43551164684045784,0.7383952033733268,0.8428218691983279,0.8424732379920155,0.8621506208077493,0.8647179048562263,-0.00034863120631245526,0.0008860649207788179,-0.041364755597059315,0.15268723918731106,0.0019144308121944505,0.002001449453716532,8.701864152208146e-5,0.00010933081883118292,4.545405400278466,7.613988998129413,0.0013327116231386215,0.0014023039219977146,6.959229885909312e-5,1.982927813457649e-5,5.221857275859783,1.8862677387519349,7.416330245027404
87.99999999999982,3.8554730380398152,3.873726022166773,0.01825298412695764,0.026529595472571273,0.4734304700581631,0.7383952033733268,0.8436360404182698,0.8432976855613964,0.862450392877289,0.8649815813768831,-0.00033835485687339073,0.0008860649207788179,-0.04010673331424252,0.15268723918731106,0.00176960323553513,0.0018470756775904034,7.747244205527333e-5,0.00010933081883118292,4.377955493048451,7.613988998129413,0.001315665295159922,0.0013786277708085191,6.296247564859707e-5,1.982927813457649e-5,4.785599793520726,1.8862677387519349,7.203019750816294
88.99999999999982,3.856876419784345,3.8756703918464224,0.018793972062077557,0.026529595472571273,0.48728478739094294,0.7383952033733268,0.8438059391476643,0.8434728300953779,0.8624723079955584,0.86496400662436,-0.00033310905228645105,0.0008860649207788179,-0.03947697412783411,0.15268723918731106,0.001706782081566238,0.001778055331134495,7.127324956825707e-5,0.00010933081883118292,4.175884568863811,7.613988998129413,0.0012996647774999202,0.001355248967825044,5.558419032512373e-5,1.982927813457649e-5,4.276809781061189,1.8862677387519349,7.159432485351909
89.9999999999998,3.7512364158759164,3.785817639473376,0.03458122359745941,0.026529595472571273,0.9218620146441682,0.7383952033733268,0.8438142813660153,0.8434865564186386,0.8624239932626833,0.864850904421524,-0.00032772494737676183,0.0008860649207788179,-0.03883851631975484,0.15268723918731106,0.0016647726913749626,0.0017284435398067983,6.367084843183568e-5,0.00010933081883118292,3.82459712137931,7.613988998129413,0.0012854874206097704,0.001334598234706224,4.911081409645366e-5,1.982927813457649e-5,3.8204040980158296,1.8862677387519349,15.094675817223719
90.9999999999998,3.8450717980206437,3.8637210826819235,0.018649284661279797,0.026529595472571273,0.48501785248535617,0.7383952033733268,0.8419290122466941,0.841584471928774,0.861540594466403,0.8639356671512036,-0.00034454031792019446,0.0008860649207788179,-0.04092272779634781,0.15268723918731106,0.0018332212157620138,0.0019049151311893461,7.16939154273323e-5,0.00010933081883118292,3.910816371254538,7.613988998129413,0.0013103544670925807,0.0013657763132998125,5.542184620723183e-5,1.982927813457649e-5,4.229530832996818,1.8862677387519349,7.80596148832441
91.99999999999979,3.850868943172692,3.8678706692507148,0.01700172607802264,0.026529595472571273,0.4415036275946355,0.7383952033733268,0.8406584345441624,0.8403019026989517,0.8609146703403583,0.8632856345275137,-0.0003565318452107835,0.0008860649207788179,-0.04241102337884814,0.15268723918731106,0.0019213345195825226,0.001998016778960261,7.668225937773826e-5,0.00010933081883118292,3.9910936172843123,7.613988998129413,0.001334785482669575,0.0013969652224567503,6.217973978717519e-5,1.982927813457649e-5,4.658406957110106,1.8862677387519349,7.29851033178423
92.99999999999979,3.850691762683057,3.869600952210862,0.01890918952780485,0.026529595472571273,0.4910595470417357,0.7383952033733268,0.8414118729302767,0.8410646512437541,0.8611814664030023,0.8635204048148665,-0.0003472216865226807,0.0008860649207788179,-0.041266554192236016,0.15268723918731106,0.0017826542262370662,0.0018509724178913734,6.831819165430716e-5,0.00010933081883118292,3.8323860370004175,7.613988998129413,0.0013193817445003525,0.001375947771451793,5.656602695144051e-5,1.982927813457649e-5,4.287313143995482,1.8862677387519349,7.3524033529277295
93.99999999999979,3.8435064053487817,3.8640472348370842,0.020540829488302492,0.026529595472571273,0.5344294329708161,0.7383952033733268,0.8415690854048764,0.841226690060435,0.8611954136583113,0.863497617409009,-0.00034239534444135966,0.0008860649207788179,-0.04068535196687201,0.15268723918731106,0.0017208523430271598,0.0017836343330353166,6.278199000815687e-5,0.00010933081883118292,3.648307785531254,7.613988998129413,0.0013042664815818865,0.0013542000763057912,4.9933594723904724e-5,1.982927813457649e-5,3.828481022018024,1.8862677387519349,7.850392658637681
94.99999999999977,3.7484897406189313,3.783128488866055,0.03463874824712354,0.026529595472571273,0.9240721102094885,0.7383952033733268,0.8413866720754177,0.8410482374021202,0.861043815154839,0.8632799502032544,-0.0003384346732975274,0.0008860649207788179,-0.040223441198886954,0.15268723918731106,0.001696523373914373,0.0017526437898435084,5.612041592913553e-5,0.00010933081883118292,3.3079659727675548,7.613988998129413,0.0012943498188868487,0.0013390857839597132,4.473596507286446e-5,1.982927813457649e-5,3.456249958093845,1.8862677387519349,15.091919683760121
95.99999999999977,3.8482220939211547,3.8661907533107507,0.01796865938959602,0.026529595472571273,0.466934052948249,0.7383952033733268,0.8394283656481084,0.8390720422311705,0.8601264218147215,0.8623278776406742,-0.00035632341693792036,0.0008860649207788179,-0.04244834121882563,0.15268723918731106,0.0018714227999729607,0.0019363179669000244,6.489516692706368e-5,0.00010933081883118292,3.467691369796356,7.613988998129413,0.0013220444555007897,0.001373833469959539,5.1789014458749304e-5,1.982927813457649e-5,3.9173428883775054,1.8862677387519349,7.417968015982459
96.99999999999976,3.840547724347433,3.8588736867092344,0.018325962361801285,0.026529595472571273,0.47717054121271574,0.7383952033733268,0.8383341802361445,0.83796640158781,0.8595981883913333,0.8617815810130397,-0.0003677786483344825,0.0008860649207788179,-0.04387017218251622,0.15268723918731106,0.0019422599356678514,0.0020123965023304186,7.013656666256729e-5,0.00010933081883118292,3.6110803386597503,7.613988998129413,0.0013439980680086852,0.0014019683039985687,5.797023598988352e-5,1.982927813457649e-5,4.313267806684742,1.8862677387519349,7.763183449934306
97.99999999999976,3.840569975529593,3.860750739265604,0.020180763736011187,0.026529595472571273,0.5254627272668915,0.7383952033733268,0.8390605753699683,0.8387018580006669,0.8598475896630469,0.8620049198058541,-0.00035871736930137565,0.0008860649207788179,-0.042752261258754275,0.15268723918731106,0.0018057484184048553,0.0018680339162208026,6.228549781594735e-5,0.00010933081883118292,3.449289900027631,7.613988998129413,0.0013286971215192213,0.001380925678277033,5.2228556757811595e-5,1.982927813457649e-5,3.9308098069854998,1.8862677387519349,7.808344168022241
98.99999999999974,3.8478562426869343,3.86753651554746,0.01968027286052587,0.026529595472571273,0.511460710049377,0.7383952033733268,0.8390256078829914,0.8386704580163755,0.8597580936674395,0.8618772343912755,-0.0003551498666158892,0.0008860649207788179,-0.04232884709109112,0.15268723918731106,0.0017616400426830256,0.0018190646863032497,5.7424643620224104e-5,0.00010933081883118292,3.259726290778723,7.613988998129413,0.001317539917195107,0.0013638485167720218,4.630859957691492e-5,1.982927813457649e-5,3.5147777287462136,1.8862677387519349,7.375558718402148
99.99999999999974,3.742803615634715,3.7781150864808337,0.03531147084611863,0.026529595472571273,0.9434497364118425,0.7383952033733268,0.8389475764015509,0.8385968297073708,0.8596622370009263,0.8617213160291697,-0.00035074669418011517,0.0008860649207788179,-0.041807939380974504,0.15268723918731106,0.00172626526935471,0.001777154052801562,5.08887834468519e-5,0.00010933081883118292,2.9479121401703505,7.613988998129413,0.001306729898855925,0.0013476288915870462,4.08989927311212e-5,1.982927813457649e-5,3.1298734931319236,1.8862677387519349,15.307624480004828
100.99999999999974,3.8472890156293116,3.8653376518233404,0.018048636194028855,0.026529595472571273,0.4691260812667746,0.7383952033733268,0.8370739402356862,0.8367049329149865,0.8588041616484741,0.8608339912057047,-0.0003690073206996658,0.0008860649207788179,-0.04408300186668913,0.15268723918731106,0.001895179280608821,0.001955561825137956,6.038254452913499e-5,0.00010933081883118292,3.1861125301948885,7.613988998129413,0.0013325966183708943,0.0013801036345482626,4.7507016177368274e-5,1.982927813457649e-5,3.5649960027248024,1.8862677387519349,7.286344042118675
101.99999999999973,3.8373345653689563,3.856018126165988,0.018683560797031706,0.026529595472571273,0.4868890235854454,0.7383952033733268,0.8359491830061532,0.8355682666764702,0.8582674814867706,0.8602789692395171,-0.0003809163296829565,0.0008860649207788179,-0.045566924093776245,0.15268723918731106,0.0019701195471407904,0.002036037235608739,6.591768846794886e-5,0.00010933081883118292,3.3458725163970056,7.613988998129413,0.0013545881114269932,0.0014081978304932772,5.360971906628398e-5,1.982927813457649e-5,3.9576398621872393,1.8862677387519349,7.766479303016922
102.99999999999973,3.833582268264715,3.854651176209404,0.021068907944688853,0.026529595472571273,0.5495879955179824,0.7383952033733268,0.8367175415887751,0.8363464704568425,0.8585310277804032,0.8605177649983765,-0.00037107113193257657,0.0008860649207788179,-0.04434843462561806,0.15268723918731106,0.0018278257801304608,0.0018854256474747553,5.759986734429445e-5,0.00010933081883118292,3.1512777623796984,7.613988998129413,0.0013383993451651789,0.0013860614033210218,4.766205815584295e-5,1.982927813457649e-5,3.5611238400569247,1.8862677387519349,8.06206407770942
103.99999999999972,3.8411620037879164,3.861604279901939,0.020442276114022828,0.026529595472571273,0.5321898970640634,0.7383952033733268,0.8366205500047011,0.8362528625024556,0.85840665706085,0.8603541597695058,-0.0003676875022455839,0.0008860649207788179,-0.04394913587091756,0.15268723918731106,0.0017890742573784194,0.0018418806250723955,5.280636769397604e-5,0.00010933081883118292,2.9516029016791445,7.613988998129413,0.0013282456880641784,0.0013702278348484765,4.198214678429813e-5,1.982927813457649e-5,3.160721481090148,1.8862677387519349,7.601464858588813
104.99999999999972,3.748184899752809,3.7822881767933763,0.03410327704056737,0.026529595472571273,0.9098611181859376,0.7383952033733268,0.8364645111274115,0.8361008428708526,0.858268419933622,0.860154928491971,-0.0003636682565588689,0.0008860649207788179,-0.04347683036411266,0.15268723918731106,0.0017604014313065345,0.0018068624861878406,4.6461054881306125e-5,0.00010933081883118292,2.6392306922190847,7.613988998129413,0.0013192554673358053,0.0013562858172432757,3.7030349907470365e-5,1.982927813457649e-5,2.806912749223013,1.8862677387519349,14.547347714503815
105.9999999999997,3.839608317556344,3.8587420857549133,0.019133768198569268,0.026529595472571273,0.49832604307792105,0.7383952033733268,0.8347744536028241,0.8343958960241545,0.8574787710763323,0.8593249928575817,-0.0003785575786695583,0.0008860649207788179,-0.045348486293001915,0.15268723918731106,0.0019054955525115212,0.0019587574794368576,5.3261926925336376e-5,0.00010933081883118292,2.7951745599791598,7.613988998129413,0.001341858620286494,0.0013841525052151948,4.2293884928700735e-5,1.982927813457649e-5,3.1518883054662465,1.8862677387519349,7.573976967975626
106.9999999999997,3.8451042699473654,3.862928577230633,0.017824307283267782,0.026529595472571273,0.4635584897548636,0.7383952033733268,0.8337240931904528,0.8333355665595933,0.8569654419333075,0.8587855698771121,-0.00038852663085953143,0.0008860649207788179,-0.04660134378181846,0.15268723918731106,0.0019708479389539757,0.0020282026568420567,5.7354717888080924e-5,0.00010933081883118292,2.9101543936729004,7.613988998129413,0.0013613663015052753,0.0014086563311011214,4.7290029595846135e-5,1.982927813457649e-5,3.4737182449394486,1.8862677387519349,7.100656498188979
107.9999999999997,3.844751375331761,3.864498642357341,0.01974726702558005,0.026529595472571273,0.5136162289265342,0.7383952033733268,0.834521742127712,0.834142595541723,0.8572601120588421,0.8590623269315238,-0.00037914658598903195,0.0008860649207788179,-0.04543279903317472,0.15268723918731106,0.0018297729225331039,0.0018797440253566422,4.997110282353831e-5,0.00010933081883118292,2.7310002355024054,7.613988998129413,0.0013437863729186443,0.0013852272421063436,4.1440869187699255e-5,1.982927813457649e-5,3.08388818512064,1.8862677387519349,7.185272786344842
108.99999999999969,3.8471635261399104,3.8672411006328202,0.02007757449290981,0.026529595472571273,0.5218799345671392,0.7383952033733268,0.8347155604333203,0.8343416558222008,0.8572940603411293,0.8590634730234474,-0.00037390461111952433,0.0008860649207788179,-0.04479425433562323,0.15268723918731106,0.0017650315874181276,0.0018096586286500858,4.462704123195816e-5,0.00010933081883118292,2.528399012803969,7.613988998129413,0.00132717025326784,0.0013621251641865828,3.49549109187428e-5,1.982927813457649e-5,2.6337925245592775,1.8862677387519349,7.098059592941277
109.99999999999969,3.7381369004267166,3.7741229547221162,0.03598605429539958,0.026529595472571273,0.9626735257152219,0.7383952033733268,0.834693745683183,0.8343248655249014,0.8572285775855533,0.8589372559089623,-0.0003688801582816259,0.0008860649207788179,-0.04419347337743661,0.15268723918731106,0.0017259783236760373,0.0017639271979095433,3.7948874233506005e-5,0.00010933081883118292,2.1986877652484895,7.613988998129413,0.001313269004812395,0.001342794864291979,2.952585947958394e-5,1.982927813457649e-5,2.2482720121611193,1.8862677387519349,15.282322390913045
110.99999999999967,3.842347033988078,3.8611149521474384,0.01876791815936052,0.026529595472571273,0.4884493252000921,0.7383952033733268,0.8327534987536322,0.8323672629819222,0.8563414974791315,0.8580009168946539,-0.00038623577171004175,0.0008860649207788179,-0.046380564271193594,0.15268723918731106,0.0019032379379485445,0.0019492521126295527,4.6014174681008194e-5,0.00010933081883118292,2.4176785132081697,7.613988998129413,0.0013389898207066566,0.0013757855745956142,3.679575388895761e-5,1.982927813457649e-5,2.7480234218314314,1.8862677387519349,7.285842120827852
111.99999999999967,3.838141654731961,3.8566675288979604,0.01852587416599949,0.026529595472571273,0.4826782290111503,0.7383952033733268,0.8315576792695418,0.8311597743930219,0.8557702919434247,0.8573996110338157,-0.0003979048765199167,0.0008860649207788179,-0.04785054439872949,0.15268723918731106,0.0019859273263353548,0.0020370315309606313,5.1104204625276525e-5,0.00010933081883118292,2.5733169561435796,7.613988998129413,0.0013620621438859865,0.001405936353963085,4.3874210077098465e-5,1.982927813457649e-5,3.2211606698006157,1.8862677387519349,7.392262529475931
112.99999999999967,3.841312942448498,3.8613605437443157,0.020047601295817508,0.026529595472571273,0.521894508366687,0.7383952033733268,0.8323758683559641,0.8319876448994122,0.8560560074757512,0.8576694457938462,-0.00038822345655187274,0.0008860649207788179,-0.04664040264870457,0.15268723918731106,0.0018386456537341888,0.0018824134964162487,4.376784268205988e-5,0.00010933081883118292,2.3804392430466295,7.613988998129413,0.0013453509756300261,0.0013838420930095258,3.8491117379499656e-5,1.982927813457649e-5,2.861046528135479,1.8862677387519349,7.2593894812457656
113.99999999999969,3.836858170592869,3.858019791717279,0.02116162112440989,0.026529595472571273,0.5515351410849781,0.7383952033733268,0.832484997477967,0.8321013407272916,0.8560380245768916,0.8576193389034393,-0.0003836567506754207,0.0008860649207788179,-0.046085725489074025,0.15268723918731106,0.0017804980466279076,0.0018194873921445532,3.8989345516645584e-5,0.00010933081883118292,2.1897999602126865,7.613988998129413,0.0013310611699328772,0.0013635321295422933,3.247095960941617e-5,1.982927813457649e-5,2.439479142123395,1.8862677387519349,7.588190259146862
114.99999999999969,3.740245847773057,3.775443016916783,0.03519716914372628,0.026529595472571273,0.9410389203341455,0.7383952033733268,0.8323688785940457,0.831989653703179,0.8559191231824903,0.8574383568997933,-0.00037922489086672506,0.0008860649207788179,-0.04555971524395215,0.15268723918731106,0.0017492554195836418,0.0017819031444873859,3.2647724903744034e-5,0.00010933081883118292,1.8663783766646755,7.613988998129413,0.0013199699380154009,0.0013474746031263956,2.7504665110994735e-5,1.982927813457649e-5,2.0837342062765845,1.8862677387519349,14.864437414728583
115.9999999999997,3.8378863839915867,3.8570438749992504,0.01915749100766373,0.026529595472571273,0.49916774731978947,0.7383952033733268,0.8304777322761707,0.8300823344835828,0.8550407861814764,0.8565050580873127,-0.00039539779258790375,0.0008860649207788179,-0.04761088434053478,0.15268723918731106,0.0019176789345439677,0.0019574362632174885,3.9757328673520765e-5,0.00010933081883118292,2.073200469450598,7.613988998129413,0.001345690553901125,0.0013798759765150494,3.4185422613924486e-5,1.982927813457649e-5,2.540362828201607,1.8862677387519349,7.3929765887378345
116.9999999999997,3.8396677442300278,3.857939935053338,0.018272190823310108,0.026529595472571273,0.4758794781337063,0.7383952033733268,0.8293762853822568,0.8289702610562666,0.8545101218611647,0.8559446391379023,-0.00040602432599023963,0.0008860649207788179,-0.048955381670107,0.15268723918731106,0.001989450161970443,0.0020338410913830936,4.439092941265063e-5,0.00010933081883118292,2.2313164843839974,7.613988998129413,0.00136707708574593,0.0014074264541281592,4.034936838222909e-5,1.982927813457649e-5,2.951506451460483,1.8862677387519349,7.1348167227279795
117.99999999999972,3.8432873877568925,3.863024531046371,0.01973714328947862,0.026529595472571273,0.5135484625051177,0.7383952033733268,0.8302037444447083,0.8298070290561055,0.8548087884195215,0.8562339366394643,-0.00039671538860286404,0.0008860649207788179,-0.04778530466255749,0.15268723918731106,0.0018433486831965324,0.0018811123105866676,3.776362739013519e-5,0.00010933081883118292,2.048642654229132,7.613988998129413,0.001349890484536809,0.0013847450642006569,3.4854579663847916e-5,1.982927813457649e-5,2.5820301767522755,1.8862677387519349,6.982082349587006
118.99999999999972,3.8358962726190358,3.8571831442800883,0.021286871661052587,0.026529595472571273,0.5549386674764942,0.7383952033733268,0.8304117514708432,0.8300201364768087,0.8548458072818187,0.8562434020220819,-0.00039161499403450595,0.0008860649207788179,-0.04715913441023312,0.15268723918731106,0.0017766221513432295,0.0018096203909938767,3.299823965064721e-5,0.00010933081883118292,1.8573583373199882,7.613988998129413,0.0013334818318481117,0.0013619861965853488,2.85043647372371e-5,1.982927813457649e-5,2.1375892836674093,1.8862677387519349,7.502450532145439
119.99999999999973,3.731785084510535,3.768183945837591,0.036398861327056053,0.026529595472571273,0.9753739967002995,0.7383952033733268,0.8303160928367338,0.8299290459023738,0.8547384107922349,0.8560745606416167,-0.0003870469343599803,0.0008860649207788179,-0.04661440838002472,0.15268723918731106,0.0017442601745308488,0.0017709762064995215,2.6716031968672697e-5,0.00010933081883118292,1.531654070807325,7.613988998129413,0.0013212780105433869,0.0013447544913628962,2.3476480819509347e-5,1.982927813457649e-5,1.7768009935966802,1.8862677387519349,15.413471328190584
120.99999999999973,3.8343476767028424,3.853675850492372,0.019328173789529668,0.026529595472571273,0.5040798440622885,0.7383952033733268,0.8282613433372259,0.8278557360858311,0.853799566966236,0.8550807418969989,-0.0004056072513948239,0.0008860649207788179,-0.04897092622487408,0.15268723918731106,0.0019335932730809536,0.001969080075244267,3.5486802163313576e-5,0.00010933081883118292,1.8352774938428251,7.613988998129413,0.001349834188338582,0.0013812971495535205,3.1462961214938487e-5,1.982927813457649e-5,2.3308760058644005,1.8862677387519349,7.457349610929842
121.99999999999973,3.8319851139330656,3.850854497190877,0.01886938325781129,0.026529595472571273,0.49241796867118226,0.7383952033733268,0.8270471575077051,0.8266291257120054,0.8532239041533036,0.8544775260684511,-0.0004180317956996582,0.0008860649207788179,-0.050545097931222104,0.15268723918731106,0.0020181499161849247,0.0020595642510759615,4.141433489103681e-5,0.00010933081883118292,2.052094076803063,7.613988998129413,0.0013743303364780123,0.0014132662642902432,3.893592781223083e-5,1.982927813457649e-5,2.8330836319899397,1.8862677387519349,7.432071413512291
122.99999999999974,3.824691943847443,3.8464345883390156,0.021742644491572705,0.026529595472571273,0.5684809341716741,0.7383952033733268,0.8278620163356297,0.8274535004567121,0.8535004307895673,0.8547466186079449,-0.00040851587891765906,0.0008860649207788179,-0.04934588987738261,0.15268723918731106,0.0018692756114896338,0.0019039559166177215,3.468030512808777e-5,0.00010933081883118292,1.855280458104885,7.613988998129413,0.00135862773994788,0.0013923070040467638,3.367926409888382e-5,1.982927813457649e-5,2.478917742410871,1.8862677387519349,7.9565693139472105
123.99999999999974,3.824132659757995,3.846336051585156,0.022203391827161134,0.026529595472571273,0.5806124892269361,0.7383952033733268,0.8278428761142054,0.8274380244623444,0.8534125797184156,0.854627986979918,-0.0004048516518609935,0.0008860649207788179,-0.04890440729058615,0.15268723918731106,0.0018223262067809613,0.0018528689769235717,3.054277014261043e-5,0.00010933081883118292,1.676031987520091,7.613988998129413,0.0013476436150071376,0.001375811429782242,2.8167814775104322e-5,1.982927813457649e-5,2.0901530984477033,1.8862677387519349,8.0299495483128
124.99999999999976,3.7311576457657547,3.766823153357006,0.03566550759125109,0.026529595472571273,0.9558831595262539,0.7383952033733268,0.8275607996698456,0.8271591314055863,0.8532065938178613,0.8543604505368712,-0.0004016682642593583,0.0008860649207788179,-0.048536405351679704,0.15268723918731106,0.0018057011233873657,0.0018306971043717906,2.4995980984424864e-5,0.00010933081883118292,1.3842811892111027,7.613988998129413,0.0013411406474034206,0.0013651355388881914,2.3994891484770825e-5,1.982927813457649e-5,1.7891405745718976,1.8862677387519349,15.102314450527537
125.99999999999976,3.8329553153154876,3.8520359637765607,0.019080648461073046,0.026529595472571273,0.49780513706569346,0.7383952033733268,0.8256585966700766,0.8252388537213314,0.8523374657450852,0.8534486535649681,-0.00041974294874513873,0.0008860649207788179,-0.050837349776043456,0.15268723918731106,0.0019761106634063287,0.0020102744425850895,3.4163779178760824e-5,0.00010933081883118292,1.728839371772372,7.613988998129413,0.0013688232499947377,0.0013997773457688138,3.095409577407609e-5,1.982927813457649e-5,2.2613654300652106,1.8862677387519349,7.290607805582455
126.99999999999977,3.8283962524567863,3.8475481883559506,0.019151935899164307,0.026529595472571273,0.5002600210695011,0.7383952033733268,0.824640958074835,0.8242099069162858,0.8518580775991923,0.8529538776893879,-0.0004310511585491339,0.0008860649207788179,-0.05227137390258229,0.15268723918731106,0.0020397150651063753,0.002079739101459323,4.002403635294761e-5,0.00010933081883118292,1.9622366396975295,7.613988998129413,0.0013895598881561388,0.0014262994227208867,3.673953456474798e-5,1.982927813457649e-5,2.6439691356879265,1.8862677387519349,7.417080680020319
127.99999999999977,3.829712496749041,3.850651390088982,0.020938893339941256,0.026529595472571273,0.5467484401953364,0.7383952033733268,0.8254890683121737,0.8250680393306385,0.852157119067195,0.8532490872520563,-0.00042102898153517643,0.0008860649207788179,-0.0510035805072535,0.15268723918731106,0.001888859651473947,0.0019218600246518644,3.300037317791743e-5,0.00010933081883118292,1.7471056228114155,7.613988998129413,0.0013721361764552364,0.0014029745885637806,3.083841210854417e-5,1.982927813457649e-5,2.2474746047591156,1.8862677387519349,7.410458425135011
128.99999999999977,3.840506932833726,3.86059244167669,0.020085508842964117,0.026529595472571273,0.5229910841000353,0.7383952033733268,0.8255889055779503,0.8251726694404173,0.8521320310103451,0.8531962887277585,-0.00041623613753294375,0.0008860649207788179,-0.050416876331636176,0.15268723918731106,0.00183075774149108,0.001859013502789062,2.8255761297981937e-5,0.00010933081883118292,1.5433916054326626,7.613988998129413,0.0013579999047577342,0.0013826557622250522,2.4655857467318016e-5,1.982927813457649e-5,1.8156008244872888,1.8862677387519349,6.808336212985592
129.9999999999998,3.730567500242968,3.7664686405899115,0.03590114034694336,0.026529595472571273,0.9623506435577203,0.7383952033733268,0.8256496535723052,0.8252389640324294,0.8521063144360079,0.8531201612968454,-0.00041068953987588586,0.0008860649207788179,-0.049741380996040134,0.15268723918731106,0.0017821885494109255,0.0018040996192715264,2.191106986060092e-5,0.00010933081883118292,1.229447348196872,7.613988998129413,0.0013432741076014043,0.0013622454303345783,1.8971322733173958e-5,1.982927813457649e-5,1.4123195426620554,1.8862677387519349,14.94099503238185
130.9999999999998,3.8335506870896703,3.8528689774193507,0.019318290329680465,0.026529595472571273,0.5039268267598256,0.7383952033733268,0.8238676491536845,0.8234417297237118,0.8512955936825962,0.852255312479678,-0.0004259194299727209,0.0008860649207788179,-0.05169755486943144,0.15268723918731106,0.0019422462541146188,0.001970835676644462,2.8589422529843233e-5,0.00010933081883118292,1.471977225816602,7.613988998129413,0.0013654568762213014,0.0013904432591977781,2.4986382976476765e-5,1.982927813457649e-5,1.8298917682133515,1.8862677387519349,7.135686016724677
131.9999999999998,3.820249651128022,3.840522242177449,0.020272591049427025,0.026529595472571273,0.5306614200839216,0.7383952033733268,0.8227274646838549,0.8222912688523086,0.8507487736552458,0.8516728689101996,-0.00043619583154630437,0.0008860649207788179,-0.05301826549742313,0.15268723918731106,0.0020190372505964104,0.002051802224862094,3.276497426568355e-5,0.00010933081883118292,1.6228018703471168,7.613988998129413,0.0013862052778502547,0.0014174135567553265,3.12082789050718e-5,1.982927813457649e-5,2.2513461320440222,1.8862677387519349,7.8072198832378845
132.9999999999998,3.823618981648367,3.8451611786757507,0.02154219702738347,0.026529595472571273,0.5633981087230768,0.7383952033733268,0.8234264266576067,0.8229988562137438,0.850972689152126,0.8518873501990188,-0.0004275704438628791,0.0008860649207788179,-0.051925761673504,0.15268723918731106,0.0018841080416907565,0.001910760069309975,2.6652027619218383e-5,0.00010933081883118292,1.4145700262125864,7.613988998129413,0.0013713451902352951,0.001397964408448256,2.66192182129608e-5,1.982927813457649e-5,1.9411026780495346,1.8862677387519349,7.658783210630814
133.9999999999998,3.825697778642346,3.8472698176689413,0.021572039026595213,0.026529595472571273,0.5638720117157462,0.7383952033733268,0.8233663635254936,0.822942154224505,0.8508647878982505,0.8517473405300798,-0.00042420930098863163,0.0008860649207788179,-0.05152132996692389,0.15268723918731106,0.0018415669155633484,0.0018643351213844402,2.2768205821091774e-5,0.00010933081883118292,1.2363496340357971,7.613988998129413,0.00136118930103582,0.0013831845018797693,2.199520084394924e-5,1.982927813457649e-5,1.6158811142000324,1.8862677387519349,7.5634625862391
134.99999999999983,3.7207736382048675,3.7575656345766166,0.036791996371749125,0.026529595472571273,0.9888265169901567,0.7383952033733268,0.8232513253555899,0.8228312389498492,0.850745588791658,0.8515742816652243,-0.0004200864057406495,0.0008860649207788179,-0.05102772298109572,0.15268723918731106,0.0018089561985316011,0.0018261904390008354,1.7234240469234238e-5,0.00010933081883118292,0.9527174004115705,7.613988998129413,0.0013514571316483512,0.0013692741320490615,1.781700040071033e-5,1.982927813457649e-5,1.3183548322379426,1.8862677387519349,15.53754904280057
135.99999999999983,3.833502247674113,3.8520840156310823,0.01858176795696931,0.026529595472571273,0.48472041377420233,0.7383952033733268,0.8212701881638179,0.8208305661571049,0.8498582206659911,0.8506457474386074,-0.0004396220067129919,0.0008860649207788179,-0.05352952208041198,0.15268723918731106,0.0019920262312020875,0.0020196070873037676,2.7580856101680137e-5,0.00010933081883118292,1.3845628972986204,7.613988998129413,0.0013796877921416304,0.0014054729969567071,2.5785204815076748e-5,1.982927813457649e-5,1.8689159215543598,1.8862677387519349,6.919437815164642
136.99999999999983,3.814725852342937,3.835116335950132,0.020390483607195087,0.026529595472571273,0.5345202878647654,0.7383952033733268,0.8202067816303753,0.8197550230051108,0.849369326058593,0.8501421802985648,-0.00045175862526447563,0.0008860649207788179,-0.055078625949237736,0.15268723918731106,0.0020626562777136164,0.002096719734783039,3.406345706942265e-5,0.00010933081883118292,1.6514364238709138,7.613988998129413,0.0014013197710185377,0.0014338502558274837,3.253048480894604e-5,1.982927813457649e-5,2.3214176722349054,1.8862677387519349,7.917943057036845
137.99999999999983,3.8230553560582092,3.844303196218369,0.021247840160159903,0.026529595472571273,0.5557816505714334,0.7383952033733268,0.8210224671836709,0.8205807888094364,0.8496391419595776,0.85040843924053,-0.00044167837423447764,0.0008860649207788179,-0.053796137363884076,0.15268723918731106,0.0019122372802942904,0.001939271426975748,2.703414668145756e-5,0.00010933081883118292,1.413744359031482,7.613988998129413,0.0013849586502958017,0.0014120135953188334,2.7054945023031714e-5,1.982927813457649e-5,1.953483955441794,1.8862677387519349,7.468094459454097
138.99999999999986,3.829201648330441,3.8500250687071476,0.02082342037670637,0.026529595472571273,0.5438057926718362,0.7383952033733268,0.8210076588064644,0.820570018439844,0.8495492046829737,0.8502892791265028,-0.0004376403666204176,0.0008860649207788179,-0.05330527211605249,0.15268723918731106,0.001863805261932225,0.0018865233427252273,2.2718080793002193e-5,0.00010933081883118292,1.218908501709569,7.613988998129413,0.001373681342004999,0.0013952153986584515,2.1534056653452465e-5,1.982927813457649e-5,1.5676165930900514,1.8862677387519349,7.131363459642623
139.99999999999986,3.717089198949898,3.7542115990479448,0.03712240009804679,0.026529595472571273,0.9986954337424594,0.7383952033733268,0.8210416118089647,0.8206094165497566,0.8495050311718378,0.8501962620636996,-0.0004321952592081235,0.0008860649207788179,-0.05263987269243112,0.15268723918731106,0.001816222213111872,0.0018327546035096824,1.6532390397810308e-5,0.00010933081883118292,0.9102625371751237,7.613988998129413,0.0013604947875001372,0.0013766813021387856,1.6186514638648385e-5,1.982927813457649e-5,1.1897520510453812,1.8862677387519349,15.584241388329405
140.99999999999986,3.8261940347098458,3.845544632056425,0.019350597346579068,0.026529595472571273,0.5057400950144573,0.7383952033733268,0.8190925769235372,0.8186415859935166,0.8486368434293821,0.8492849427364598,-0.00045099093002065604,0.0008860649207788179,-0.05505982384977179,0.15268723918731106,0.001997140586653931,0.0020233668685942325,2.6226281940301688e-5,0.00010933081883118292,1.3131915757739412,7.613988998129413,0.001386823253746472,0.0014103118953466322,2.3488641600160048e-5,1.982927813457649e-5,1.6937011646369504,1.8862677387519349,7.182014606084784
141.99999999999986,3.8219826800744507,3.841137240238876,0.019154560164425405,0.026529595472571273,0.5011681571527238,0.7383952033733268,0.8179105087302654,0.8174471600900942,0.8480858721278682,0.8487107284352114,-0.0004633486401711684,0.0008860649207788179,-0.05665028572508216,0.15268723918731106,0.0020795237820379693,0.0021118490815030047,3.2325299465035384e-5,0.00010933081883118292,1.554456830176572,7.613988998129413,0.0014099619262525416,0.0014404545420154476,3.049261576290596e-5,1.982927813457649e-5,2.16265526005731,1.8862677387519349,7.26464583456476
142.99999999999986,3.8141911922871676,3.8363791588292475,0.022187966542079884,0.026529595472571273,0.5817214036608097,0.7383952033733268,0.8188317187714012,0.8183793946065828,0.8484061474644508,0.8490297106859485,-0.0004523241648183296,0.0008860649207788179,-0.055240186041768134,0.15268723918731106,0.0019179090969419223,0.0019427704834531234,2.486138651120102e-5,0.00010933081883118292,1.2962755404227517,7.613988998129413,0.0013917464387500657,0.001416578004604955,2.483156585488932e-5,1.982927813457649e-5,1.7842018605911196,1.8862677387519349,7.840817440641335
143.9999999999999,3.818681845809729,3.84064476031589,0.021962914506160836,0.026529595472571273,0.5751438688263837,0.7383952033733268,0.8188441574464079,0.818396326373395,0.8483291965142425,0.8489234238428558,-0.0004478310730129387,0.0008860649207788179,-0.05469063544515167,0.15268723918731106,0.0018669280041586453,0.001887210256315571,2.0282252156925704e-5,0.00010933081883118292,1.0863971246746686,7.613988998129413,0.0013793789317629774,0.001398645621158579,1.9266689395601574e-5,1.982927813457649e-5,1.3967655262776062,1.8862677387519349,7.609428226833017
144.9999999999999,3.722383753142133,3.7580686358822346,0.03568488274010173,0.026529595472571273,0.9586567400521094,0.7383952033733268,0.8186510297497148,0.8182074609006695,0.8481658994484618,0.8487012514211704,-0.0004435688490452838,0.0008860649207788179,-0.05418289758713131,0.15268723918731106,0.001841206218480001,0.0018554904223134563,1.4284203833455364e-5,0.00010933081883118292,0.7758068428232673,7.613988998129413,0.0013703191607340715,0.0013852177740435992,1.4898613309527681e-5,1.982927813457649e-5,1.0872367355314936,1.8862677387519349,14.836303583586435
145.9999999999999,3.8176749538647146,3.8378809352404657,0.020205981375751136,0.026529595472571273,0.5292745354157558,0.7383952033733268,0.8168420604197624,0.8163826756385876,0.8473391482013362,0.8478226541910903,-0.00045938478117479864,0.0008860649207788179,-0.056239119339511964,0.15268723918731106,0.002001679711576193,0.002023298237559352,2.1618525983159095e-5,0.00010933081883118292,1.0800192387490357,7.613988998129413,0.001394910814448983,0.001416305894862527,2.1395080413544104e-5,1.982927813457649e-5,1.5337955797550813,1.8862677387519349,7.516690485954332
146.9999999999999,3.8093397891393592,3.8299650655007578,0.020625276361398548,0.026529595472571273,0.541439658919437,0.7383952033733268,0.8157469053086398,0.8152768775146675,0.8468158609386996,0.8472731780940592,-0.0004700277939723163,0.0008860649207788179,-0.057619316838778585,0.15268723918731106,0.0020727128356478417,0.0020993697896068944,2.6656953959052713e-5,0.00010933081883118292,1.2860900700082212,7.613988998129413,0.0014159598469219278,0.001443495928735278,2.7536081813350245e-5,1.982927813457649e-5,1.9446936912236121,1.8862677387519349,7.8716303880267
147.99999999999991,3.8101094789878127,3.8323199669099925,0.022210487922179833,0.026529595472571273,0.5829356884537668,0.7383952033733268,0.8164136814964504,0.8159519457872917,0.847021516220353,0.8474762928236185,-0.0004617357091587504,0.0008860649207788179,-0.056556586400219204,0.15268723918731106,0.001939744642206176,0.001960788787848525,2.1044145642348886e-5,0.00010933081883118292,1.0848925773247269,7.613988998129413,0.001402364313262586,0.0014254451749736148,2.3080861711028897e-5,1.982927813457649e-5,1.6458534699397416,1.8862677387519349,7.884871866930049
148.99999999999991,3.822335740167136,3.8433056607242517,0.020969920557115884,0.026529595472571273,0.5486153489017935,0.7383952033733268,0.8163645847373644,0.8159062457608726,0.846919371189194,0.8473479593764612,-0.0004583389764918344,0.0008860649207788179,-0.056143907398835576,0.15268723918731106,0.0018950658308190477,0.0019124546749036103,1.738884408456257e-5,0.00010933081883118292,0.9175852258940846,7.613988998129413,0.00139268744118973,0.0014110993727922657,1.8411931602535644e-5,1.982927813457649e-5,1.3220433428197569,1.8862677387519349,7.15695674213823
149.99999999999991,3.718023565046507,3.7539834178836373,0.035959852837130324,0.026529595472571273,0.9671765713158013,0.7383952033733268,0.8163509553662933,0.8158973365444474,0.8468527832623365,0.8472366386062461,-0.0004536188218459136,0.0008860649207788179,-0.0555666431041753,0.15268723918731106,0.001851827564968498,0.0018637749569301602,1.1947391961662128e-5,0.00010933081883118292,0.6451676272496445,7.613988998129413,0.0013811272871473114,0.0013948886675596195,1.3761380412308146e-5,1.982927813457649e-5,0.9963875553231579,1.8862677387519349,14.918258117525019
150.99999999999991,3.819091551525597,3.8388691611577785,0.01977760963218156,0.026529595472571273,0.5178616266551944,0.7383952033733268,0.8146116157398876,0.8141422491877521,0.8460690104838477,0.8464078292670846,-0.00046936655213547507,0.0008860649207788179,-0.05761844578034445,0.15268723918731106,0.0020070118132056135,0.002026627387481196,1.9615574275582554e-5,0.00010933081883118292,0.9773522082190647,7.613988998129413,0.0014037727487998695,0.0014236512393804156,1.9878490580546105e-5,1.982927813457649e-5,1.4160761132840671,1.8862677387519349,7.231244382169735
151.99999999999994,3.8157771584842464,3.835331880059511,0.019554721575264722,0.026529595472571273,0.5124702193833696,0.7383952033733268,0.8135267019373077,0.813046868912533,0.8455550161673399,0.8458672538239795,-0.0004798330247747229,0.0008860649207788179,-0.058981840870381164,0.15268723918731106,0.0020781212966004985,0.002102603264251586,2.448196765108754e-5,0.00010933081883118292,1.1780817458122606,7.613988998129413,0.001423871911326265,0.001449697277517742,2.5825366191477035e-5,1.982927813457649e-5,1.8137422324331127,1.8862677387519349,7.2742309388086905
152.99999999999994,3.811600454429944,3.8335498881125742,0.021949433682630026,0.026529595472571273,0.5758587224723358,0.7383952033733268,0.8143635970599378,0.8138935507694783,0.8458462184781996,0.8461592839178549,-0.000470046290459436,0.0008860649207788179,-0.05771946243132971,0.15268723918731106,0.0019285928915402815,0.0019467217076957295,1.812881615544798e-5,0.00010933081883118292,0.9400022283069446,7.613988998129413,0.0014063115428620768,0.0014269779462794847,2.06664034174079e-5,1.982927813457649e-5,1.4695465967198384,1.8862677387519349,7.62239031155097
153.99999999999994,3.8180430659346993,3.839548345985336,0.021505280050636788,0.026529595472571273,0.5632539937150252,0.7383952033733268,0.8144100686399178,0.8139444680007616,0.8457917055831865,0.8460778622413969,-0.0004656006391562384,0.0008860649207788179,-0.057170295049740895,0.15268723918731106,0.0018754591456844687,0.0018893069910865068,1.384784540203808e-5,0.00010933081883118292,0.7383709441979959,7.613988998129413,0.0013932668600021901,0.0014087498060328192,1.548294603062909e-5,1.982927813457649e-5,1.1112692388739334,1.8862677387519349,7.2812538953122035
154.99999999999994,3.7117639465723222,3.748402425246847,0.036638478674524855,0.026529595472571273,0.987090752588379,0.7383952033733268,0.8143117249011109,0.8138507240276528,0.8456802495147039,0.8459130044651241,-0.00046100087345812835,0.0008860649207788179,-0.056612333994590563,0.15268723918731106,0.0018414532317802715,0.0018495475752441821,8.094343463910681e-6,0.00010933081883118292,0.43956280421443394,7.613988998129413,0.0013819686855830067,0.0013931050863348702,1.1136400751863467e-5,1.982927813457649e-5,0.8058359692256983,1.8862677387519349,15.270600298267388
155.99999999999994,3.8072840485089086,3.8281506286059073,0.02086658009699871,0.026529595472571273,0.5480699582993009,0.7383952033733268,0.8124098607003435,0.8119313651484033,0.8448285359361133,0.845011393401069,-0.00047849555194023896,0.0008860649207788179,-0.058898294455430246,0.15268723918731106,0.0020158465589049848,0.002032587070650492,1.6740511745507412e-5,0.00010933081883118292,0.8304457336574724,7.613988998129413,0.0014075944856231483,0.0014262306890255986,1.8636203402450308e-5,1.982927813457649e-5,1.32397530629711,1.8862677387519349,7.805845610587139
156.99999999999997,3.8050296231137426,3.8253370433614395,0.02030742024769694,0.026529595472571273,0.5336993994564203,0.7383952033733268,0.8111400679727968,0.810649064982843,0.8442283806234044,0.8443820552172977,-0.0004910029899538593,0.0008860649207788179,-0.06053245417662268,0.15268723918731106,0.002106006992208356,0.002128834226345783,2.2827234137426898e-5,0.00010933081883118292,1.0839106528079612,7.613988998129413,0.0014323197527007568,0.0014585463709306812,2.6226618229924356e-5,1.982927813457649e-5,1.831058894529096,1.8862677387519349,7.74854869474398
157.99999999999997,3.8109506993900917,3.832295475085318,0.021344775695226303,0.026529595472571273,0.5600905752636041,0.7383952033733268,0.8118383225958428,0.8113559605033056,0.8444391124090013,0.8445925725078608,-0.00048236209253715856,0.0008860649207788179,-0.059416028919996276,0.15268723918731106,0.001966800863347498,0.001983913555848535,1.71126925010371e-5,0.00010933081883118292,0.8700775365692727,7.613988998129413,0.0014193869632813073,0.0014414143046642617,2.202734138295444e-5,1.982927813457649e-5,1.5518912004117695,1.8862677387519349,7.436998713346753
158.99999999999997,3.8058015067892015,3.828284078215655,0.02248257142645338,0.026529595472571273,0.590744719248929,0.7383952033733268,0.8119516998230115,0.8114736726257059,0.8444165144648402,0.8445532001918352,-0.0004780271973056083,0.0008860649207788179,-0.058873846487396755,0.15268723918731106,0.0019051147880045473,0.001918549482896828,1.3434694892280755e-5,0.00010933081883118292,0.7051908355796505,7.613988998129413,0.0014069962873468045,0.001423731860579612,1.6735573232807503e-5,1.982927813457649e-5,1.1894539725023754,1.8862677387519349,7.817957657273162
159.99999999999997,3.7038774040814304,3.7411448746694127,0.0372674705879823,0.026529595472571273,1.0061745171942242,0.7383952033733268,0.8118457555793849,0.8113721802252087,0.8442997621785833,0.8443873777103923,-0.0004735753541761367,0.0008860649207788179,-0.05833316869879589,0.15268723918731106,0.0018706736233206176,0.0018785759702800238,7.902346959406253e-6,0.00010933081883118292,0.42243322730872,7.613988998129413,0.0013965540040197062,0.0014087003884198218,1.2146384400115676e-5,1.982927813457649e-5,0.8697396853365281,1.8862677387519349,15.627921899786333
161.0,3.8042388365361313,3.824803115125304,0.02056427858917287,0.026529595472571273,0.5405622378824468,0.7383952033733268,0.809805093991985,0.8093115584300844,0.8433933255456928,0.8434383456327725,-0.000493535561900571,0.0008860649207788179,-0.060944981151903665,0.15268723918731106,0.00206088263367502,0.0020793593640516606,1.8476730376640587e-5,0.00010933081883118292,0.896544522949975,7.613988998129413,0.001425578496040276,0.0014456896461940327,2.011115015375679e-5,1.982927813457649e-5,1.4107360772919937,1.8862677387519349,7.734081465591267
162.0,3.8107597519179697,3.829783941086275,0.019024189168305394,0.026529595472571273,0.49922300031458156,0.7383952033733268,0.8085861271107063,0.8080791508050361,0.8428290098861172,0.8428575447651613,-0.0005069763056702037,0.0008860649207788179,-0.06269911004802482,0.15268723918731106,0.0021464506513261612,0.002172171210352742,2.572055902658058e-5,0.00010933081883118292,1.1982832687389953,7.613988998129413,0.0014505643543305006,0.0014781426369432128,2.7578282612712203e-5,1.982927813457649e-5,1.9012105550767373,1.8862677387519349,7.1307755506354145
163.0,3.8056422934970304,3.827392185235593,0.021749891738562788,0.026529595472571273,0.5715169756161362,0.7383952033733268,0.8095113318622887,0.8090152697750903,0.8431465676832395,0.8431818762363292,-0.0004960620871984345,0.0008860649207788179,-0.06127920236239792,0.15268723918731106,0.0019822809925842157,0.0020009611703181293,1.868017773391361e-5,0.00010933081883118292,0.9423577083065835,7.613988998129413,0.0014333481107871734,0.0014554609998692484,2.211288908207502e-5,1.982927813457649e-5,1.5427437979410983,1.8862677387519349,7.534309474505063
164.0,3.8033945202721235,3.82598209488957,0.02258757461744665,0.026529595472571273,0.5938793490145368,0.7383952033733268,0.809704348538944,0.8092138876058945,0.8431609864099419,0.8431796357689357,-0.0004904609330494969,0.0008860649207788179,-0.06057284167171635,0.15268723918731106,0.001912380943692134,0.0019264390757472562,1.4058132055122215e-5,0.00010933081883118292,0.7351114902860784,7.613988998129413,0.0014180265611429166,0.0014338766861687455,1.585012502582886e-5,1.982927813457649e-5,1.117759389009879,1.8862677387519349,7.75451855820436
165.0,3.702734806638167,3.739747778954338,0.037012972316170956,0.026529595472571273,0.999611753178085,0.7383952033733268,0.8095384601419912,0.8090527078067933,0.8430108767615679,0.8429739237584718,-0.0004857523351978754,0.0008860649207788179,-0.06000361429556733,0.15268723918731106,0.0018837182686295506,0.001891635895104875,7.917626475324388e-6,0.00010933081883118292,0.42031903640689583,7.613988998129413,0.0014074813899335003,0.0014185328019966738,1.10514120631735e-5,1.982927813457649e-5,0.7851906350033976,1.8862677387519349,15.426399054855308
166.00000000000003,3.8043952482109296,3.8247011267808797,0.020305878569950142,0.026529595472571273,0.5337478691126867,0.7383952033733268,0.8075509225503555,0.8070467092995379,0.8421233744445747,0.8420382828782237,-0.00050421325081762,0.0008860649207788179,-0.06243733202919837,0.15268723918731106,0.0020670647821119177,0.002084245522966072,1.7180740854154386e-5,0.00010933081883118292,0.8311660574372924,7.613988998129413,0.0014349642015744932,0.001453531391070104,1.856718949561076e-5,1.982927813457649e-5,1.293913079869044,1.8862677387519349,7.519479175576481
167.00000000000003,3.8046591809765538,3.8242555154195013,0.019596334442947505,0.026529595472571273,0.5150614946255883,0.7383952033733268,0.8063970237842414,0.805880543661702,0.8415876050861261,0.8414838809586633,-0.0005164801225393534,0.0008860649207788179,-0.06404787062774951,0.15268723918731106,0.002145687324827581,0.002169295694855008,2.360837002742715e-5,0.00010933081883118292,1.1002707502745874,7.613988998129413,0.0014579467144432328,0.0014835629086181641,2.561619417493135e-5,1.982927813457649e-5,1.7570048288571216,1.8862677387519349,7.316533598297397
168.00000000000003,3.8036050441012303,3.825332535190974,0.02172749108974381,0.026529595472571273,0.5712341538572623,0.7383952033733268,0.807278756996198,0.8067727716807485,0.8418855757878603,0.8417871936512716,-0.000505985315449542,0.0008860649207788179,-0.06267789299104831,0.15268723918731106,0.0019869175508634715,0.0020037815027755374,1.6863951912065873e-5,0.00010933081883118292,0.8487494563997969,7.613988998129413,0.0014408311344343368,0.0014612492640632125,2.0418129628875688e-5,1.982927813457649e-5,1.417107747112346,1.8862677387519349,7.4715165121959615
169.00000000000003,3.810394682251666,3.831759123944903,0.021364441693237257,0.026529595472571273,0.5606884187811334,0.7383952033733268,0.807427038139784,0.8069263350600021,0.8418775284801879,0.8417600776770829,-0.0005007030797818945,0.0008860649207788179,-0.06201217647299191,0.15268723918731106,0.0019216073397622636,0.0019339795209908168,1.2372181228553292e-5,0.00010933081883118292,0.6438454398328822,7.613988998129413,0.001426259230143246,0.0014408675895981788,1.4608359454932772e-5,1.982927813457649e-5,1.0242429388846503,1.8862677387519349,7.126375649841938
170.00000000000006,3.7033931180052,3.7400103441055377,0.036617226100337685,0.026529595472571273,0.9887480192775546,0.7383952033733268,0.8074202703704119,0.806925069469719,0.8418103223003044,0.8416445060901918,-0.0004952009006928826,0.0008860649207788179,-0.061331244565572325,0.15268723918731106,0.0018776778742890668,0.0018839085361613498,6.2306618722829735e-6,0.00010933081883118292,0.3318280498268133,7.613988998129413,0.001412604168183027,0.0014220707411295587,9.466572946531656e-6,1.982927813457649e-5,0.6701504327789227,1.8862677387519349,15.130527057014454
171.00000000000006,3.794460684237722,3.81598203615489,0.021521351917168197,0.026529595472571273,0.5671781501536804,0.7383952033733268,0.805570882340274,0.8050595561696887,0.8409821185526387,0.8407634780786537,-0.0005113261705852468,0.0008860649207788179,-0.06347376522594594,0.15268723918731106,0.0020460618622960775,0.0020598140536813047,1.3752191385227232e-5,0.00010933081883118292,0.672129794247502,7.613988998129413,0.0014361611294101881,0.0014523032149293571,1.6142085519169026e-5,1.982927813457649e-5,1.123974544959197,1.8862677387519349,8.001502998169025
172.00000000000006,3.7950149922585332,3.815570365083484,0.02055537282495079,0.026529595472571273,0.5416414129293765,0.7383952033733268,0.8042618771880554,0.8037385722429623,0.8403604348096898,0.8401068338949638,-0.0005233049450931171,0.0008860649207788179,-0.06506648641891999,0.15268723918731106,0.002139740110601236,0.0021589137826463953,1.9173672045159473e-5,0.00010933081883118292,0.8960748060086583,7.613988998129413,0.0014607098669090052,0.0014842345521374743,2.3524685228469046e-5,1.982927813457649e-5,1.6104967701936195,1.8862677387519349,7.760958496101309
173.00000000000006,3.801413740507726,3.8228664979068703,0.021452757399144318,0.026529595472571273,0.5643362933780272,0.7383952033733268,0.8049168747293834,0.80440189493606,0.8405493441343176,0.8402951015486159,-0.000514979793323489,0.0008860649207788179,-0.06397925170802604,0.15268723918731106,0.0020046420450270034,0.002018339630326978,1.3697585299974734e-5,0.00010933081883118292,0.683293325806215,7.613988998129413,0.0014484411476196556,0.0014681627228554878,1.9721575235832163e-5,1.982927813457649e-5,1.3615724234458733,1.8862677387519349,7.418640571460389
174.00000000000009,3.7974870301576655,3.8199504213017184,0.022463391144052824,0.026529595472571273,0.5915330576684071,0.7383952033733268,0.8050578371528183,0.8045473752173616,0.8405396904637847,0.8402711789920325,-0.0005104619354566742,0.0008860649207788179,-0.06340686493556573,0.15268723918731106,0.0019395666344295935,0.001949645452072092,1.0078817642498582e-5,0.00010933081883118292,0.5196427626454122,7.613988998129413,0.0014356983623809503,0.001450350223822173,1.4651861441222682e-5,1.982927813457649e-5,1.0205389812470187,1.8862677387519349,7.7276324948063975
175.00000000000009,3.698846635488913,3.7355107393563367,0.03666410386742358,0.026529595472571273,0.991230712721273,0.7383952033733268,0.8049865991237025,0.8044808508340809,0.8404398642592175,0.8401249959431334,-0.000505748289621577,0.0008860649207788179,-0.06282692037011893,0.15268723918731106,0.0019012945346104336,0.0019058602676343876,4.56573302395403e-6,0.00010933081883118292,0.24013812383306132,7.613988998129413,0.0014243668601365922,0.0014344649234522145,1.0098063315622328e-5,1.982927813457649e-5,0.7089510152359172,1.8862677387519349,15.220885123017625
176.00000000000009,3.7930376414942435,3.8141118074812175,0.02107416598697398,0.026529595472571273,0.555601287907914,0.7383952033733268,0.8030550865975999,0.8025317780668364,0.8395751601268461,0.8392117424838081,-0.0005233085307635443,0.0008860649207788179,-0.06516471154932951,0.15268723918731106,0.0020777878696746593,0.002091055637952368,1.3267768277708779e-5,0.00010933081883118292,0.6385525910200953,7.613988998129413,0.001450696176373066,0.001467994080061812,1.7297903688746116e-5,1.982927813457649e-5,1.1923863845835165,1.8862677387519349,7.8491942101303485
177.00000000000009,3.795783655273367,3.8157816814990984,0.019998026225731547,0.026529595472571273,0.5268484202978454,0.7383952033733268,0.8018532494669948,0.8013178121440621,0.839012148437984,0.8386254903353056,-0.0005354373229327081,0.0008860649207788179,-0.06677497700341331,0.15268723918731106,0.0021606570881134613,0.0021800788743195684,1.9421786206107097e-5,0.00010933081883118292,0.8988833217891543,7.613988998129413,0.0014742911503384012,0.0014986396904517645,2.4348540113363314e-5,1.982927813457649e-5,1.6515421738626375,1.8862677387519349,7.480671531962842
178.00000000000009,3.7923887938452796,3.814684225342508,0.022295431497228346,0.026529595472571273,0.5878994140424608,0.7383952033733268,0.8026323126167062,0.8021062541963795,0.8392616753628369,0.8388800155047398,-0.0005260584203267138,0.0008860649207788179,-0.06554164491729489,0.15268723918731106,0.0020126264529092097,0.0020260901030762102,1.346365016700055e-5,0.00010933081883118292,0.6689592173221773,7.613988998129413,0.001459494508316058,0.0014792557444453602,1.9761236129302176e-5,1.982927813457649e-5,1.3539781079479623,1.8862677387519349,7.7712459479634335
179.0000000000001,3.8005955643563856,3.8222982377345502,0.021702673378164672,0.026529595472571273,0.5710334870066588,0.7383952033733268,0.8027300437654452,0.8022086341813492,0.8392291006344579,0.8388298463925672,-0.0005214095840959665,0.0008860649207788179,-0.06495453710068444,0.15268723918731106,0.001951805336779192,0.0019612916451426246,9.486308363432618e-6,0.00010933081883118292,0.4860273811468631,7.613988998129413,0.001446839145126322,0.0014613036622430967,1.4464517116774588e-5,1.982927813457649e-5,0.9997322207861403,1.8862677387519349,7.321480897558095
180.0000000000001,3.6948489104546125,3.7316871279681054,0.03683821751349292,0.026529595472571273,0.9970155317923505,0.7383952033733268,0.8026762072072247,0.8021597489920526,0.8391383902209942,0.8386928508025382,-0.0005164582151720998,0.0008860649207788179,-0.0643420361205209,0.15268723918731106,0.0019117563029449741,0.0019155674442317507,3.811141286776598e-6,0.00010933081883118292,0.1993528820020474,7.613988998129413,0.0014349432688229415,0.001444648734953239,9.705466130297598e-6,1.982927813457649e-5,0.6763658425506132,1.8862677387519349,15.277635623459181
181.0000000000001,3.7938073512640225,3.814501470851091,0.02069411958706846,0.026529595472571273,0.5454710181889859,0.7383952033733268,0.8008202519989248,0.8002866076547475,0.8383160544928804,0.8378260542884021,-0.0005336443441773531,0.0008860649207788179,-0.06663721888218051,0.15268723918731106,0.002081536702595733,0.002094058639597105,1.2521937001372038e-5,0.00010933081883118292,0.6015717611780201,7.613988998129413,0.001459452708590817,0.001476039909050071,1.6587200459253996e-5,1.982927813457649e-5,1.1365356589916409,1.8862677387519349,7.60272277063519
182.0000000000001,3.782705503464073,3.8040887171168256,0.02138321365275253,0.026529595472571273,0.5652888820758188,0.7383952033733268,0.7996263224525378,0.7990807863622044,0.8377586758343784,0.837244459266406,-0.000545536090333476,0.0008860649207788179,-0.06822387845615932,0.15268723918731106,0.0021642243014149075,0.002182678933067145,1.8454631652237673e-5,0.00010933081883118292,0.852713447500454,7.613988998129413,0.0014821819456339578,0.0015057085260250956,2.352658039113777e-5,1.982927813457649e-5,1.5872936828329127,1.8862677387519349,8.116090143187499
183.00000000000014,3.7958366455257857,3.8172602136797793,0.0214235681539936,0.026529595472571273,0.564396473152919,0.7383952033733268,0.800291484872461,0.799754708847746,0.8379487684239548,0.8374340581062106,-0.0005367760247150244,0.0008860649207788179,-0.06707256479188556,0.15268723918731106,0.002027182692097244,0.002039768313899671,1.2585621802427109e-5,0.00010933081883118292,0.6208429980924175,7.613988998129413,0.0014692594534896643,0.001488664015564518,1.9404562074853667e-5,1.982927813457649e-5,1.3207035713648496,1.8862677387519349,7.353076544617226
184.00000000000014,3.7909684247864304,3.8134365302585067,0.02246810547207634,0.026529595472571273,0.5926745610745126,0.7383952033733268,0.8003719850385993,0.7998395581151264,0.8379075992668233,0.8373759484246628,-0.000532426923472884,0.0008860649207788179,-0.06652243374650436,0.15268723918731106,0.0019675892633663327,0.001976451661058062,8.86239769172948e-6,0.00010933081883118292,0.4504190918671143,7.613988998129413,0.0014574521531216212,0.001471881429427762,1.4429276306140775e-5,1.982927813457649e-5,0.9900343057736513,1.8862677387519349,7.714881310205634
185.00000000000014,3.6921492541941716,3.7289162782049354,0.036767024010763816,0.026529595472571273,0.9958162977565864,0.7383952033733268,0.8003538556719652,0.7998266226672754,0.8378340618532746,0.8372583112504931,-0.0005272330046897089,0.0008860649207788179,-0.06587498778862656,0.15268723918731106,0.0019234821935739796,0.001926627633737246,3.145440163266483e-6,0.00010933081883118292,0.1635284264015988,7.613988998129413,0.0014451641696446723,0.0014548408584737324,9.67668882906011e-6,1.982927813457649e-5,0.6695909732829421,1.8862677387519349,15.225362864404197
186.00000000000014,3.7959843438082044,3.8159457287133494,0.019961384905144985,0.026529595472571273,0.5258553012133695,0.7383952033733268,0.7984295520658652,0.7978849920530767,0.8369751242813306,0.8363516224727909,-0.0005445600127884642,0.0008860649207788179,-0.0682038899210912,0.15268723918731106,0.0020993081738593495,0.0021110360774923976,1.1727903633048167e-5,0.00010933081883118292,0.558655645659098,7.613988998129413,0.0014710249942055957,0.0014877763191091862,1.675132490359054e-5,1.982927813457649e-5,1.1387518886201409,1.8862677387519349,7.253963794176267
187.00000000000014,3.783248114091503,3.8042588408400313,0.02101072674852844,0.026529595472571273,0.5553621151694909,0.7383952033733268,0.797363818077883,0.7968082605031243,0.836483174770732,0.8358409498155052,-0.0005555575747587804,0.0008860649207788179,-0.06967428947277815,0.15268723918731106,0.0021690318654818534,0.0021864493040689957,1.741743858714234e-5,0.00010933081883118292,0.8030051962041154,7.613988998129413,0.001491558876367027,0.0015147295517973958,2.3170675430368845e-5,1.982927813457649e-5,1.553453624761055,1.8862677387519349,7.87639287206793
188.00000000000017,3.7889662837467637,3.811061104822361,0.02209482107559735,0.026529595472571273,0.5831358587268459,0.7383952033733268,0.7981332737456764,0.7975872546556425,0.8367262013722426,0.8360872285865513,-0.0005460190900339335,0.0008860649207788179,-0.06841201939513693,0.15268723918731106,0.0020221701420958037,0.002033455995353288,1.12858532574844e-5,0.00010933081883118292,0.5581060180122921,7.613988998129413,0.0014758874612976936,0.0014943670264351088,1.847956513741523e-5,1.982927813457649e-5,1.2520985252606474,1.8862677387519349,7.601977478151511
189.00000000000017,3.7926545965485343,3.814603210174561,0.021948613626026514,0.026529595472571273,0.5787137496254107,0.7383952033733268,0.7981482969019164,0.7976066091986803,0.8366504637135488,0.8359884568376617,-0.0005416877032360379,0.0008860649207788179,-0.06786805225778805,0.15268723918731106,0.0019694065910838476,0.001976646790793464,7.240199709616403e-6,0.00010933081883118292,0.36763356751191817,7.613988998129413,0.0014643643814505455,0.0014779429365313842,1.35785550808387e-5,1.982927813457649e-5,0.9272661403706284,1.8862677387519349,7.428134280372858
190.00000000000017,3.694921628504225,3.730825372757114,0.03590374425288889,0.026529595472571273,0.9717051635388385,0.7383952033733268,0.7981215029387542,0.7975850254737904,0.8365728734374087,0.8358647930026397,-0.0005364774649637694,0.0008860649207788179,-0.06721751800802406,0.15268723918731106,0.0019263650943733047,0.0019278334907624516,1.4683963891468955e-6,0.00010933081883118292,0.07622627680681694,7.613988998129413,0.0014520284983628692,0.001460981409525839,8.95291116296995e-6,1.982927813457649e-5,0.6165795763006142,1.8862677387519349,14.736461628945792
191.00000000000017,3.791988913725218,3.8123383290382225,0.020349415313004382,0.026529595472571273,0.5366422681076166,0.7383952033733268,0.7963627707154737,0.7958117104907113,0.8357789474265475,0.8350181111989823,-0.0005510602247623675,0.0008860649207788179,-0.0691971354044188,0.15268723918731106,0.0020823162331274608,0.002090377080032088,8.060846904627429e-6,0.00010933081883118292,0.38710964148422,7.613988998129413,0.0014743135295387374,0.001489414768731779,1.5101239193041679e-5,1.982927813457649e-5,1.0242895347888683,1.8862677387519349,7.346424956260478
192.0000000000002,3.779522529786704,3.800858377756155,0.021335847969451205,0.026529595472571273,0.5645117286985795,0.7383952033733268,0.7953037878882007,0.7947430912362488,0.8352791163454955,0.8344905134085907,-0.0005606966519519085,0.0008860649207788179,-0.0705009407085495,0.15268723918731106,0.0021502545022960024,0.0021627823534065473,1.2527851110544913e-5,0.00010933081883118292,0.582621782545643,7.613988998129413,0.0014934484842596856,0.0015145091694753249,2.1060685215639266e-5,1.982927813457649e-5,1.4102050012176495,1.8862677387519349,7.965204367551451
193.0000000000002,3.7942981022468163,3.8154053197228763,0.021107217476060036,0.026529595472571273,0.5562878009917374,0.7383952033733268,0.795964125309284,0.7954116752418873,0.8354779456709572,0.8346901409264129,-0.0005524500673966815,0.0008860649207788179,-0.0694064028554074,0.15268723918731106,0.0020172571051587014,0.002024578158582248,7.32105342354664e-6,0.00010933081883118292,0.36292118663628053,7.613988998129413,0.0014792925537551696,0.0014963175551842972,1.702500142912759e-5,1.982927813457649e-5,1.150888063751135,1.8862677387519349,7.118088968188933
194.0000000000002,3.796213238909799,3.8175093217630187,0.021296082853219822,0.026529595472571273,0.5609822608209347,0.7383952033733268,0.7960601074731345,0.795512051699757,0.8354483529957476,0.834641677335702,-0.0005480557733774649,0.0008860649207788179,-0.06884602911670973,0.15268723918731106,0.0019577079292210464,0.0019613480227798604,3.6400935588139748e-6,0.00010933081883118292,0.1859364977012855,7.613988998129413,0.0014664209165563666,0.0014787111907221518,1.2290274165785214e-5,1.982927813457649e-5,0.8381136702991646,1.8862677387519349,7.066031511849442
195.0000000000002,3.6863636759057536,3.723386477498997,0.037022801593243226,0.026529595472571273,1.0043176649994139,0.7383952033733268,0.7961735569876568,0.7956312121675555,0.8354450349166354,0.8345988998707831,-0.0005423448201012926,0.0008860649207788179,-0.06811891896451173,0.15268723918731106,0.0019021591574728389,0.0019002395053593492,-1.9196521134896925e-6,0.00010933081883118292,-0.10091963682156305,7.613988998129413,0.0014508313230316436,0.0014581677183229677,7.336395291324127e-6,1.982927813457649e-5,0.5056683830063762,1.8862677387519349,15.318150259871892
196.0000000000002,3.7914968650233396,3.8115522027685467,0.02005533774520707,0.026529595472571273,0.528955672632044,0.7383952033733268,0.7942567620923012,0.7936975855118114,0.8345957185369383,0.8336965074830297,-0.000559176580489873,0.0008860649207788179,-0.0704024954117911,0.15268723918731106,0.002079407053293002,0.0020856037121010193,6.196658808017234e-6,0.00010933081883118292,0.29800124021913105,7.613988998129413,0.0014751385163024903,0.0014898201754136786,1.4681659111188267e-5,1.982927813457649e-5,0.9952732539306609,1.8862677387519349,7.2433890227676985
197.00000000000023,3.7775705565956392,3.79864956639001,0.02107900979437094,0.026529595472571273,0.5580043967032458,0.7383952033733268,0.7930737040471952,0.7925032825838274,0.834046704957885,0.8331181127918653,-0.0005704214633678317,0.0008860649207788179,-0.07192540371176981,0.15268723918731106,0.0021619727868603354,0.0021735803334165978,1.1607546556262338e-5,0.00010933081883118292,0.5368960528462097,7.613988998129413,0.0014971260521267208,0.0015190595218805608,2.1933469753840015e-5,1.982927813457649e-5,1.4650382793541492,1.8862677387519349,7.931873637032502
198.00000000000023,3.787211768876436,3.808851827766835,0.021640058890398883,0.026529595472571273,0.5713981739346704,0.7383952033733268,0.7938027688262966,0.7932413870448883,0.8342666398920139,0.8333394980318288,-0.0005613817814082989,0.0008860649207788179,-0.07072056226741921,0.15268723918731106,0.00201888922649534,0.0020248094253850586,5.920198889718467e-6,0.00010933081883118292,0.29324040229763104,7.613988998129413,0.0014826209361025813,0.0015004289083213104,1.7807972218729026e-5,1.982927813457649e-5,1.2011143094701926,1.8862677387519349,7.404246485127254
199.00000000000023,3.782354549273064,3.8049308458747118,0.022576296601647616,0.026529595472571273,0.5968847263667174,0.7383952033733268,0.7938347141070868,0.7932774768284704,0.8341985195825793,0.8332500116812587,-0.0005572372786164514,0.0008860649207788179,-0.07019562998617886,0.15268723918731106,0.001964382580669803,0.0019666511601738263,2.2685795040234755e-6,0.00010933081883118292,0.1154856251703245,7.613988998129413,0.0014712811719530799,0.0014844616990691332,1.3180527116053286e-5,1.982927813457649e-5,0.895853720370563,1.8862677387519349,7.765862852472077
200.00000000000023,3.688770671368815,3.7247081972387783,0.03593752586996324,0.026529595472571273,0.9742412600734454,0.7383952033733268,0.7937496617313988,0.7931971342281341,0.8340905630153643,0.8330937724803145,-0.0005525275032647325,0.0008860649207788179,-0.06960979385610186,0.15268723918731106,0.001927133283490803,0.0019239467939948312,-3.186489495971825e-6,0.00010933081883118292,-0.16534868258825502,7.613988998129413,0.0014603471791831569,0.0014692760229764424,8.928843793285521e-6,1.982927813457649e-5,0.6114192515700175,1.8862677387519349,14.837075051194828
201.00000000000026,3.787043594051986,3.807176175253696,0.02013258120171013,0.026529595472571273,0.5316173606591381,0.7383952033733268,0.7918917852627517,0.7913237774729844,0.8332503600878882,0.8321980998645554,-0.0005680077897672886,0.0008860649207788179,-0.07172795580633813,0.15268723918731106,0.002093218521099429,0.002097183820016621,3.965298917192085e-6,0.00010933081883118292,0.1894354974037482,7.613988998129413,0.001485165544620597,0.0015009273859906884,1.5761841370091423e-5,1.982927813457649e-5,1.0612851494691773,1.8862677387519349,7.321643110792489
202.00000000000026,3.780810906431719,3.801192968731405,0.02038206229968642,0.026529595472571273,0.5390923482846899,0.7383952033733268,0.7908528202922823,0.7902748886216117,0.8327633246643092,0.8316874909539316,-0.0005779316706706616,0.0008860649207788179,-0.0730770196225728,0.15268723918731106,0.002159088094178597,0.0021680498437736885,8.961749595091332e-6,0.00010933081883118292,0.4150710487105315,7.613988998129413,0.0015048818285800063,0.001526829627922317,2.1947799342310684e-5,1.982927813457649e-5,1.4584400532645436,1.8862677387519349,7.542980171741471
203.00000000000026,3.7795125431509984,3.8018353045560582,0.022322761405059843,0.026529595472571273,0.5906254087054635,0.7383952033733268,0.7916285742310075,0.7910596047006895,0.833017203208953,0.8319484454560649,-0.000568969530318042,0.0008860649207788179,-0.0718732937186789,0.15268723918731106,0.0020140628828151596,0.0020177426636010286,3.6797807858690405e-6,0.00010933081883118292,0.18270436426124,7.613988998129413,0.0014889143871229457,0.001506320011318509,1.740562419556336e-5,1.982927813457649e-5,1.1690144407292982,1.8862677387519349,7.715023377813626
204.00000000000026,3.779243675711906,3.8019007322905387,0.022657056578632595,0.026529595472571273,0.5995129852103179,0.7383952033733268,0.7916451316677835,0.7910803546873191,0.832944219773474,0.8318522646474461,-0.0005647769804644209,0.0008860649207788179,-0.07134219082161065,0.15268723918731106,0.0019621002341696386,0.001961997154214623,-1.0307995501569397e-7,0.00010933081883118292,-0.005253551945031873,7.613988998129413,0.0014772963184978961,0.0014900209158553,1.2724597357403758e-5,1.982927813457649e-5,0.8613436043990168,1.8862677387519349,7.792255173415526
205.00000000000028,3.6852038315874758,3.7211710166944107,0.035967185106934974,0.026529595472571273,0.975989029389492,0.7383952033733268,0.7914685136681114,0.7909078691214898,0.8327916519453776,0.8316476132314017,-0.0005606445466216359,0.0008860649207788179,-0.07083598866407116,0.15268723918731106,0.0019343217297111295,0.001928955327342103,-5.366402369026474e-6,0.00010933081883118292,-0.2774307027935776,7.613988998129413,0.001467964651100479,0.0014768720234979477,8.907372397468603e-6,1.982927813457649e-5,0.6067838480164406,1.8862677387519349,14.897214249034894
206.00000000000028,3.782604093735227,3.8028861081095235,0.02028201437429633,0.026529595472571273,0.5361918369381435,0.7383952033733268,0.7896190486379253,0.7890426285353804,0.8319599440827207,0.8307638872523777,-0.0005764201025448834,0.0008860649207788179,-0.07299977166700763,0.15268723918731106,0.002099921469054757,0.0021021617611765276,2.240292121770491e-6,0.00010933081883118292,0.10668456676996207,7.613988998129413,0.001493062630705715,0.0015090819590098804,1.6019328304165466e-5,1.982927813457649e-5,1.0729173696212413,1.8862677387519349,7.416251089860787
207.00000000000028,3.7742373521281216,3.795015512702566,0.02077816057444437,0.026529595472571273,0.5505260701934527,0.7383952033733268,0.7885608351735038,0.787974100774083,0.831465230008413,0.8302480078656621,-0.0005867343994208074,0.0008860649207788179,-0.07440572410519355,0.15268723918731106,0.0021677692296368407,0.002175412411270936,7.643181634095237e-6,0.00010933081883118292,0.35258280861268954,7.613988998129413,0.001513380375174235,0.0015358520223125519,2.2471647138316928e-5,1.982927813457649e-5,1.4848644469656067,1.8862677387519349,7.76931595890338
208.00000000000028,3.7826245952627615,3.804094117707311,0.021469522444549582,0.026529595472571273,0.5675826903742266,0.7383952033733268,0.7892865229521843,0.7887084315102432,0.8316924971186442,0.8304816775782858,-0.0005780914419410976,0.0008860649207788179,-0.0732422795943418,0.15268723918731106,0.0020271340857342,0.0020296276793796276,2.4935936454276338e-6,0.00010933081883118292,0.12301078961555167,7.613988998129413,0.0014987155442610963,0.0015168864625529006,1.817091829180422e-5,1.982927813457649e-5,1.2124327636011096,1.8862677387519349,7.326115195886352
209.00000000000028,3.778016330531479,3.8004616042110158,0.022445273679536637,0.026529595472571273,0.5941020820410035,0.7383952033733268,0.7893798988201407,0.7888063129196112,0.8316587447026104,0.8304303358403017,-0.0005735859005294719,0.0008860649207788179,-0.07266284603735049,0.15268723918731106,0.0019672556210802573,0.0019660826232839805,-1.1729977962768312e-6,0.00010933081883118292,-0.0596260996134664,7.613988998129413,0.0014860462634558726,0.0014992784978887224,1.3232234432849826e-5,1.982927813457649e-5,0.8904321997403785,1.8862677387519349,7.6808269288694815
210.0000000000003,3.683019141776109,3.718991541739067,0.03597239996295798,0.026529595472571273,0.9767095575183613,0.7383952033733268,0.789312660333412,0.7887438595437108,0.8315615196280178,0.8302864664969035,-0.0005688007897011182,0.0008860649207788179,-0.07206279821494974,0.15268723918731106,0.0019288551705423144,0.0019223044921445529,-6.550678397761493e-6,0.00010933081883118292,-0.3396148398181556,7.613988998129413,0.0014742410564178886,0.001483065239304614,8.824182886725453e-6,1.982927813457649e-5,0.5985576679139879,1.8862677387519349,14.854604286580756
211.0000000000003,3.781171766683081,3.8013483661602905,0.0201765994772094,0.026529595472571273,0.5336070594568284,0.7383952033733268,0.7874500852235758,0.7868662109217488,0.8307211861181151,0.8293897311841696,-0.0005838743018270476,0.0008860649207788179,-0.07414746823746571,0.15268723918731106,0.002095684501825576,0.0020960028994105864,3.1839758501050683e-7,0.00010933081883118292,0.015193011387598987,7.613988998129413,0.0014986882256269411,0.0015143639488934438,1.5675723266502612e-5,1.982927813457649e-5,1.0459629293440962,1.8862677387519349,7.342227576561606
212.0000000000003,3.7784976117606646,3.79844862730279,0.01995101554212564,0.026529595472571273,0.5280145071424056,0.7383952033733268,0.7863897301437501,0.785796094264852,0.8302248121277953,0.8288687296992734,-0.0005936358788981577,0.0008860649207788179,-0.07548876290508556,0.15268723918731106,0.002163842539890328,0.0021690507980777346,5.208258187406386e-6,0.00010933081883118292,0.24069487919718782,7.613988998129413,0.0015185501977973228,0.001540575774044247,2.2025576246924262e-5,1.982927813457649e-5,1.450434518323639,1.8862677387519349,7.34220590596512
213.0000000000003,3.7886538244525,3.8091961470263844,0.02054232257388433,0.026529595472571273,0.5422063752909099,0.7383952033733268,0.7872057083955125,0.786621237640147,0.8304988624108203,0.8291520611957571,-0.000584470755365496,0.0008860649207788179,-0.07424625471235058,0.15268723918731106,0.0020149746420726556,0.002014964703806726,-9.938265929394091e-9,0.00010933081883118292,-0.0004932203970155839,7.613988998129413,0.001501738846526229,0.0015191593300651251,1.7420483538896185e-5,1.982927813457649e-5,1.160020837124421,1.8862677387519349,6.818188684259907
214.00000000000034,3.775410053049251,3.798129736282172,0.02271968323292084,0.026529595472571273,0.6017805460514425,0.7383952033733268,0.7874492225107428,0.7868701754744433,0.8305431795273205,0.8291834191093488,-0.0005790470362995181,0.0008860649207788179,-0.07353452384564625,0.15268723918731106,0.0019415038836035087,0.0019376058280760632,-3.898055527445498e-6,0.00010933081883118292,-0.2007750569218822,7.613988998129413,0.0014851894303794765,0.001497043813428112,1.1854383048635507e-5,1.982927813457649e-5,0.7981731357734365,1.8862677387519349,7.726784238878932
215.00000000000034,3.672929965816267,3.710243966072109,0.037314000255842306,0.026529595472571273,1.0159191872189617,0.7383952033733268,0.7873713818810417,0.7867972718648341,0.8304411081905219,0.8290301237571278,-0.0005741100162076629,0.0008860649207788179,-0.0729147679759589,0.15268723918731106,0.0019054942774950172,0.001895959995309952,-9.53428218506509e-6,0.00010933081883118292,-0.5003574294433966,7.613988998129413,0.0014720716565240946,0.0014794240372149076,7.352380690813041e-6,1.982927813457649e-5,0.4994580704157928,1.8862677387519349,15.593868913204183
216.00000000000034,3.772140162805877,3.792938975530696,0.020798812724819093,0.026529595472571273,0.5513796366821125,0.7383952033733268,0.7852425382715114,0.784650227653169,0.8294952138003617,0.828024936393802,-0.0005923106183423066,0.0008860649207788179,-0.07543027656730242,0.15268723918731106,0.002104698316407968,0.002103998199982084,-7.001164258838705e-7,0.00010933081883118292,-0.03326445507300735,7.613988998129413,0.0015010610846962983,0.0015171897285492658,1.6128643852967488e-5,1.982927813457649e-5,1.074482845328757,1.8862677387519349,7.767435740534069
217.00000000000034,3.7667093599716965,3.7874230707611907,0.020713710789494133,0.026529595472571273,0.5499152923667511,0.7383952033733268,0.7839635673352571,0.7833587886823239,0.828904783958305,0.8274098620293476,-0.00060477865293318,0.0008860649207788179,-0.07714371918951053,0.15268723918731106,0.0021963533982619662,0.002202270375000983,5.916976739016831e-6,0.00010933081883118292,0.26940003114704103,7.613988998129413,0.0015266153360362356,0.0015511881480959634,2.4572812059727887e-5,1.982927813457649e-5,1.609626962318465,1.8862677387519349,7.900844679809955
218.00000000000034,3.768959854132223,3.791215475649221,0.022255621516998225,0.026529595472571273,0.5904977070158374,0.7383952033733268,0.7846851545078104,0.7840892827269845,0.8291127050302273,0.827624543269091,-0.000595871780825874,0.0008860649207788179,-0.07593769009171983,0.15268723918731106,0.0020511857793202525,0.0020517837048118588,5.979254916062791e-7,0.00010933081883118292,0.029150235811620493,7.613988998129413,0.0015140346357951481,0.001534723949597449,2.0689313802300935e-5,1.982927813457649e-5,1.3665020147597362,1.8862677387519349,7.826298738024113
219.00000000000037,3.770046621423729,3.792525417426073,0.022478796002344037,0.026529595472571273,0.5962471624251451,0.7383952033733268,0.7847131979947028,0.7841214728985627,0.8290392174859234,0.8275353680249504,-0.0005917250961401388,0.0008860649207788179,-0.07540654313604819,0.15268723918731106,0.0019952246686304543,0.00199245793816832,-2.7667304621343224e-6,0.00010933081883118292,-0.13866761501267116,7.613988998129413,0.0015040429883714343,0.001520016040750494,1.5973052379059712e-5,1.982927813457649e-5,1.062007702077399,1.8862677387519349,7.807665317187985
220.00000000000037,3.6809891560985117,3.716156664253718,0.035167508155206306,0.026529595472571273,0.9553820091249718,0.7383952033733268,0.7845944273949271,0.7840071565891108,0.8289126288186041,0.8273639172760398,-0.0005872708058163312,0.0008860649207788179,-0.07485023922056577,0.15268723918731106,0.001960092411134362,0.001952189511680102,-7.90289945425994e-6,0.00010933081883118292,-0.40319014600369296,7.613988998129413,0.0014945768701506894,0.0015061589873366875,1.15821171859981e-5,1.982927813457649e-5,0.7749428896775542,1.8862677387519349,14.491907502904073
221.00000000000037,3.7728664896208692,3.7933515727137057,0.020485083092836476,0.026529595472571273,0.5429580704536141,0.7383952033733268,0.78288201791922,0.7822816588040634,0.8281324311852679,0.8265330775136003,-0.0006003591151565457,0.0008860649207788179,-0.07668577147195281,0.15268723918731106,0.0021075351411635967,0.0021055293880534523,-2.0057531101443614e-6,0.00010933081883118292,-0.0951705654140106,7.613988998129413,0.001517155232143208,0.0015344104438223924,1.7255211679184472e-5,1.982927813457649e-5,1.1373398920299613,1.8862677387519349,7.485790590324272
222.00000000000037,3.7713004704790505,3.7914898114884306,0.02018934100938008,0.026529595472571273,0.5353416193543318,0.7383952033733268,0.7818831960357634,0.781274406499106,0.8276573371877594,0.8260346568202076,-0.0006087895366574392,0.0008860649207788179,-0.07786195428474116,0.15268723918731106,0.0021674381475471397,0.0021695586918095457,2.1205442624059635e-6,0.00010933081883118292,0.09783643721532513,7.613988998129413,0.0015354995731086327,0.0015580839460403566,2.2584372931723886e-5,1.982927813457649e-5,1.4708159694243106,1.8862677387519349,7.4284972983232604
223.0000000000004,3.7797545724219406,3.8006324442066135,0.02087787178467293,0.026529595472571273,0.5523605140133501,0.7383952033733268,0.7826361572171315,0.7820360725236107,0.8279058068838681,0.82629107951786,-0.0006000846935207971,0.0008860649207788179,-0.07667479811494474,0.15268723918731106,0.0020264007961354226,0.0020235411164761376,-2.8596796592850367e-6,0.00010933081883118292,-0.14112112790020473,7.613988998129413,0.001519394074846847,0.0015373689684687617,1.7974893621914775e-5,1.982927813457649e-5,1.1830303881977837,1.8862677387519349,6.999873403530081
224.0000000000004,3.775813830641637,3.7976956625407756,0.021881831899138504,0.026529595472571273,0.5795262393914175,0.7383952033733268,0.782846019329972,0.7822512620501811,0.8279337228284889,0.8263049512744335,-0.0005947572797908585,0.0008860649207788179,-0.0759737247306825,0.15268723918731106,0.0019561514484359973,0.0019494140434939357,-6.737404942061586e-6,0.00010933081883118292,-0.3444214376881885,7.613988998129413,0.0015036026934254747,0.0015161861488869712,1.2583455461496465e-5,1.982927813457649e-5,0.8368869992397467,1.8862677387519349,7.3278039054803585
225.0000000000004,3.674600360563758,3.7107860448264294,0.03618568426267155,0.026529595472571273,0.9847515569589704,0.7383952033733268,0.7828546314391717,0.7822651418415247,0.8278761571055916,0.8262021540195109,-0.0005894895976469305,0.0008860649207788179,-0.0753000076863867,0.15268723918731106,0.0019115674610327325,0.0018993695587581553,-1.2197902274577134e-5,0.00010933081883118292,-0.6381099554805754,7.613988998129413,0.0014889232823167245,0.0014967357305970405,7.812448280315916e-6,1.982927813457649e-5,0.5247045548350857,1.8862677387519349,14.939733321509244
226.0000000000004,3.7736424676948164,3.793864920544761,0.020222452849944617,0.026529595472571273,0.5358868261385078,0.7383952033733268,0.7809605407298963,0.7803571481120356,0.8270226394758776,0.8252855057354685,-0.0006033926178606874,0.0008860649207788179,-0.07726288159152683,0.15268723918731106,0.0020820922200960068,0.0020757302206242034,-6.361999471803364e-6,0.00010933081883118292,-0.30555800604787847,7.613988998129413,0.0015125740730907275,0.0015274744061830263,1.4900333092298735e-5,1.982927813457649e-5,0.9850977454513713,1.8862677387519349,7.347665721859178
227.00000000000043,3.7672291551470467,3.7875788982954677,0.020349743148420973,0.026529595472571273,0.5401780011342756,0.7383952033733268,0.7798209701419101,0.7792083457588989,0.826487537702844,0.824718459034979,-0.0006126243830112399,0.0008860649207788179,-0.07855961899816004,0.15268723918731106,0.0021582586790797904,0.0021562066442384208,-2.0520348413695898e-6,0.00010933081883118292,-0.09507826199241831,7.613988998129413,0.0015333044206668532,0.0015551749523570791,2.1870531690225924e-5,1.982927813457649e-5,1.4263659189552298,1.8862677387519349,7.574631071725354
228.00000000000043,3.7629630935573406,3.78561080085322,0.022647707295879282,0.026529595472571273,0.6018583422902809,0.7383952033733268,0.7805693872651475,0.7799653266031457,0.8267241506520807,0.8249618691143941,-0.0006040606620018041,0.0008860649207788179,-0.07738718323533407,0.15268723918731106,0.0020157165106719195,0.0020089234437378747,-6.793066934044842e-6,0.00010933081883118292,-0.3370050747751448,7.613988998129413,0.0015180225182780008,0.0015358782566534633,1.785573837546255e-5,1.982927813457649e-5,1.1762499014650696,1.8862677387519349,7.932515295182115
229.00000000000043,3.7726884860966248,3.7943452544703935,0.02165676837376873,0.026529595472571273,0.5740407259592136,0.7383952033733268,0.7805270918970507,0.7799269357707357,0.8266194228017791,0.8248331786310764,-0.0006001561263150323,0.0008860649207788179,-0.07689113325411531,0.15268723918731106,0.00196890864715921,0.0019586857595247312,-1.0222887634478775e-5,0.00010933081883118292,-0.5192159447940161,7.613988998129413,0.0015079395233086649,0.0015217066365403515,1.3767113231686647e-5,1.982927813457649e-5,0.9129751570858331,1.8862677387519349,7.368734235216141
230.00000000000043,3.6677889121318135,3.704310606088465,0.036521693956651724,0.026529595472571273,0.9957414352786288,0.7383952033733268,0.7804160088260182,0.7798201258386698,0.8264996593372266,0.8246667382068333,-0.0005958829873484728,0.0008860649207788179,-0.07635453150747908,0.15268723918731106,0.0019344810600770556,0.0019194261442269445,-1.505491585011105e-5,0.00010933081883118292,-0.7782405401018179,7.613988998129413,0.0014978081672455948,0.0015077170558437042,9.90888859810947e-6,1.982927813457649e-5,0.6615592580411344,1.8862677387519349,15.273300903405866
231.00000000000043,3.766335221599055,3.786877087643004,0.020541866043949142,0.026529595472571273,0.545407268215169,0.7383952033733268,0.778557699634596,0.7779463076230329,0.8256776836846591,0.8238005451360031,-0.0006113920115631277,0.0008860649207788179,-0.07852879906653998,0.15268723918731106,0.002102174248886699,0.002095206043960204,-6.968204926495036e-6,0.00010933081883118292,-0.33147608625618746,7.613988998129413,0.0015229954835654354,0.0015404410526618818,1.7445569096446447e-5,1.982927813457649e-5,1.145477401916202,1.8862677387519349,7.610186914057769
232.00000000000045,3.7672126695169412,3.786937462542391,0.019724793025449827,0.026529595472571273,0.5235911735235027,0.7383952033733268,0.7773588554327969,0.7767369162010755,0.8251189428506539,0.8232188253233417,-0.0006219392317213801,0.0008860649207788179,-0.0800067082756925,0.15268723918731106,0.0021838952187802417,0.002182498004379961,-1.397214400280719e-6,0.00010933081883118292,-0.0639780877885294,7.613988998129413,0.0015461729862846026,0.001570982986903943,2.481000061934041e-5,1.982927813457649e-5,1.6046070419945662,1.8862677387519349,7.3677016929076595
233.00000000000045,3.7687404464786995,3.7902014881238126,0.021461041645113088,0.026529595472571273,0.5694486513435831,0.7383952033733268,0.7781849077382682,0.7775725646933533,0.8253866422504571,0.8234955934568297,-0.0006123430449148648,0.0008860649207788179,-0.07868863027613714,0.15268723918731106,0.002031193368809231,0.00202429666912738,-6.896699681851245e-6,0.00010933081883118292,-0.33953929683683304,7.613988998129413,0.001530404409003995,0.0015506045648401765,2.020015583618158e-5,1.982927813457649e-5,1.3199227418148958,1.8862677387519349,7.362200827795052
234.00000000000045,3.7625629121824047,3.7852764570589663,0.02271354487656163,0.026529595472571273,0.6036721619463118,0.7383952033733268,0.7783561883229081,0.7777491948385218,0.8253870095080156,0.8234821006859987,-0.000606993484386309,0.0008860649207788179,-0.07798402498657751,0.15268723918731106,0.001962681271503474,0.0019519346421943387,-1.0746629309135464e-5,0.00010933081883118292,-0.5475483699349317,7.613988998129413,0.0015161172965780538,0.0015308855722158737,1.4768275637819933e-5,1.982927813457649e-5,0.9740852947956341,1.8862677387519349,7.830702523575682
235.00000000000045,3.673554214633374,3.7088052237372477,0.0352510091038738,0.026529595472571273,0.9595886447912924,0.7383952033733268,0.7782117067705984,0.7776093508168516,0.8252477493455493,0.8232915869037655,-0.0006023559537468026,0.0008860649207788179,-0.07740258190749183,0.15268723918731106,0.0019316466954161495,0.0019154999863246816,-1.614670909146792e-5,0.00010933081883118292,-0.8359038497974036,7.613988998129413,0.001505308604295496,0.001515668282377724,1.0359678082228103e-5,1.982927813457649e-5,0.6882095839129657,1.8862677387519349,14.539519907152528
236.00000000000048,3.765071469900117,3.7855788747417662,0.020507404841649368,0.026529595472571273,0.5446750481523637,0.7383952033733268,0.7763999109492872,0.7757857072602846,0.82441795639422,0.8223993678938358,-0.0006142036890025571,0.0008860649207788179,-0.07910919106772998,0.15268723918731106,0.0020884280216731965,0.0020769050326231173,-1.152298905007917e-5,0.00010933081883118292,-0.5517541869050023,7.613988998129413,0.0015288459499230018,0.0015455721683402869,1.672621841728502e-5,1.982927813457649e-5,1.0940421052969667,1.8862677387519349,7.529185589497083
237.00000000000048,3.7638801455937996,3.7839879995406456,0.020107853946846,0.026529595472571273,0.5342320469578536,0.7383952033733268,0.775354457651418,0.7747325914506376,0.8239194848337874,0.8218728633603044,-0.0006218662007804188,0.0008860649207788179,-0.0802041175676062,0.15268723918731106,0.0021523191300253175,0.0021444530274690532,-7.866102556264298e-6,0.00010933081883118292,-0.365471014336604,7.613988998129413,0.0015481054036701242,0.0015708623495906376,2.2756945920513437e-5,1.982927813457649e-5,1.4699868540322316,1.8862677387519349,7.442480039455839
238.00000000000048,3.7660093479661776,3.7875694320588,0.021560084092622223,0.026529595472571273,0.5724915182238113,0.7383952033733268,0.7760868564069768,0.7754730752083615,0.8241559201754307,0.8221185150075778,-0.0006137811986153263,0.0008860649207788179,-0.07908666324500437,0.15268723918731106,0.002013500674206365,0.0020014264606576437,-1.207421354872118e-5,0.00010933081883118292,-0.599662751713769,7.613988998129413,0.0015328009898333,0.0015513658952686004,1.8564905435300514e-5,1.982927813457649e-5,1.211175198765989,1.8862677387519349,7.396064633160852
239.00000000000048,3.7617980326651757,3.784289146723175,0.02249111405799953,0.026529595472571273,0.5978820197868231,0.7383952033733268,0.776203825925764,0.775594778037723,0.8241339648693116,0.822079689385945,-0.0006090478880409478,0.0008860649207788179,-0.0784649428021754,0.15268723918731106,0.0019518071091364532,0.001936265444350511,-1.5541664785942216e-5,0.00010933081883118292,-0.7962705286393994,7.613988998129413,0.0015193635578631987,0.001533121030277285,1.375747241408624e-5,1.982927813457649e-5,0.9054760029544519,1.8862677387519349,7.733948462184961
240.00000000000048,3.6662038150696787,3.7022046661524337,0.03600085108275497,0.026529595472571273,0.9819653488651107,0.7383952033733268,0.7760699703152352,0.7754652512923113,0.8240026351317074,0.8218989078699575,-0.0006047190229239163,0.0008860649207788179,-0.0779206831928161,0.15268723918731106,0.0019204138269911589,0.0018999303454954259,-2.0483481495733e-5,0.00010933081883118292,-1.0666181011530127,7.613988998129413,0.0015085104553334634,0.0015182839118995472,9.773456566083798e-6,1.982927813457649e-5,0.6478878904371483,1.8862677387519349,14.978826824943193
241.0000000000005,3.7559638645414366,3.7771635351211046,0.021199670579667984,0.026529595472571273,0.5644269046304108,0.7383952033733268,0.7741679090188464,0.7735500173491257,0.8231451351048567,0.8209842218463731,-0.0006178916697207049,0.0008860649207788179,-0.07981365056887975,0.15268723918731106,0.002088759858902887,0.002074164241520473,-1.4595617382413915e-5,0.00010933081883118292,-0.6987695268177073,7.613988998129413,0.0015339738317087341,0.0015512102947636648,1.723646305493067e-5,1.982927813457649e-5,1.1236477897234087,1.8862677387519349,7.94898333235737
242.0000000000005,3.7621040568005055,3.7818145406132833,0.019710483812777735,0.026529595472571273,0.5239218138357551,0.7383952033733268,0.7729577343288977,0.7723307779149464,0.8225734999276662,0.8203844883858684,-0.000626956413951274,0.0008860649207788179,-0.08111134491662912,0.15268723918731106,0.0021693753559559143,0.002159337748234767,-1.0037607721147344e-5,0.00010933081883118292,-0.46269575680343106,7.613988998129413,0.001557281153336632,0.0015819117274327784,2.4630574096146367e-5,1.982927813457649e-5,1.5816395159841803,1.8862677387519349,7.370837655588693
243.0000000000005,3.7579394473589027,3.7799845673153123,0.022045119956409565,0.026529595472571273,0.5866278652228677,0.7383952033733268,0.7737068599869473,0.7730882195776886,0.8228092743357781,0.8206309336275494,-0.0006186404092587416,0.0008860649207788179,-0.0799579842511902,0.15268723918731106,0.0020260364528877635,0.0020116866830985924,-1.4349769789171081e-5,0.00010933081883118292,-0.7082680950146762,7.613988998129413,0.0015431586036541611,0.0015637628363873207,2.060423273315959e-5,1.982927813457649e-5,1.3351986428594753,1.8862677387519349,7.710473259341595
244.0000000000005,3.7567150148106485,3.779362726089332,0.02264771127868359,0.026529595472571273,0.6028594447381874,0.7383952033733268,0.7738339690719004,0.7732201731210825,0.822788588304691,0.8205971532553278,-0.000613795950817897,0.0008860649207788179,-0.07931881712999167,0.15268723918731106,0.0019617732877520843,0.0019440730094946546,-1.7700278257429735e-5,0.00010933081883118292,-0.9022591126068272,7.613988998129413,0.0015303928099885324,0.0015460500939595678,1.5657283971035356e-5,1.982927813457649e-5,1.0230892270823384,1.8862677387519349,7.859018960229381
245.00000000000054,3.664819444026871,3.7004532366333005,0.035633792606429626,0.026529595472571273,0.972320550866635,0.7383952033733268,0.7736507391516558,0.7730410943912842,0.8226304227026296,0.8203896426789538,-0.0006096447603716193,0.0008860649207788179,-0.07880103120435498,0.15268723918731106,0.0019341677383526788,0.001911603009253338,-2.256472909934089e-5,0.00010933081883118292,-1.1666376525626032,7.613988998129413,0.0015210544487679223,0.0015326801074085918,1.1625658640669482e-5,1.982927813457649e-5,0.7643157449154069,1.8862677387519349,14.809684766789367
246.00000000000054,3.7552296949312476,3.7761340424271754,0.020904347495927844,0.026529595472571273,0.5566729386525735,0.7383952033733268,0.7718263443956258,0.7712049047374462,0.8218039428195185,0.8195096553400962,-0.0006214396581796233,0.0008860649207788179,-0.08051547640113763,0.15268723918731106,0.00209170841620752,0.0020743332098592886,-1.73752063482315e-5,0.00010933081883118292,-0.8306705759560176,7.613988998129413,0.001545674616470247,0.0015640873101450813,1.8412693674834356e-5,1.982927813457649e-5,1.19123995947363,1.8862677387519349,7.792772314717196
247.00000000000054,3.7550485787939207,3.775365959397704,0.020317380603783075,0.026529595472571273,0.5410683824044905,0.7383952033733268,0.7707115541957855,0.7700823036467915,0.8212750382756409,0.8189565910102469,-0.000629250548993987,0.0008860649207788179,-0.08164540229977364,0.15268723918731106,0.0021613242231617123,0.0021479456810944934,-1.337854206721889e-5,0.00010933081883118292,-0.6189974610865172,7.613988998129413,0.001566988511158512,0.0015919494865440436,2.4960975385531544e-5,1.982927813457649e-5,1.5929265088917146,1.8862677387519349,7.6274867112898
248.00000000000054,3.7556735225104068,3.7776501771270072,0.021976654616600477,0.026529595472571273,0.5851588133227994,0.7383952033733268,0.7714179189257434,0.7707966694369983,0.8214916949494842,0.8191820136338399,-0.0006212494887450903,0.0008860649207788179,-0.08053345320396839,0.15268723918731106,0.002023229575838193,0.0020056660011085357,-1.7563574729657482e-5,0.00010933081883118292,-0.8680959857153709,7.613988998129413,0.0015530198087596028,0.0015738581081200008,2.0838299360398035e-5,1.982927813457649e-5,1.3417922452026925,1.8862677387519349,7.666808956861568
249.00000000000057,3.7669837066731655,3.7879720331393556,0.020988326466190088,0.026529595472571273,0.5571653105111531,0.7383952033733268,0.7715074742491816,0.7708909390530624,0.8214526318761272,0.81912771076274,-0.0006165351961192611,0.0008860649207788179,-0.07991305550464861,0.15268723918731106,0.001962658993250569,0.0019417405330510982,-2.091846019947074e-5,0.00010933081883118292,-1.0658224516539905,7.613988998129413,0.0015408548061263596,0.0015568843190911614,1.60295129648018e-5,1.982927813457649e-5,1.0403000270414369,1.8862677387519349,7.03002831498823
250.00000000000057,3.6603430627522524,3.6964557687695034,0.03611270601725103,0.026529595472571273,0.9865934803962744,0.7383952033733268,0.7715452067340326,0.7709335506972816,0.8214087121764402,0.8190454084674104,-0.0006116560367509516,0.0008860649207788179,-0.07927675934118038,0.15268723918731106,0.0019143648602794811,0.001888839113514569,-2.5525746764912044e-5,0.00010933081883118292,-1.3333794040277933,7.613988998129413,0.0015270721756087259,0.0015382383539088427,1.1166178300116812e-5,1.982927813457649e-5,0.7312148357143445,1.8862677387519349,14.977784283080943
251.00000000000057,3.752658255480966,3.7737623605867543,0.021104105105788307,0.026529595472571273,0.5623774846794158,0.7383952033733268,0.7697918593854176,0.7691693968593021,0.8206243655149567,0.8182102859822025,-0.0006224625261155303,0.0008860649207788179,-0.080861146883586,0.15268723918731106,0.0020662143780872753,0.0020453825458865453,-2.0831832200730004e-5,0.00010933081883118292,-1.008212527299047,7.613988998129413,0.0015487876767500506,0.0015663019620832104,1.751428533315982e-5,1.982927813457649e-5,1.1308383709451701,1.8862677387519349,7.816004476053571
252.00000000000057,3.750858433477178,3.7713961264602434,0.02053769298306518,0.026529595472571273,0.5475464709561436,0.7383952033733268,0.7685490287208724,0.7679190674804948,0.8200324452353472,0.8175835154104539,-0.0006299612403776189,0.0008860649207788179,-0.08196760607792182,0.15268723918731106,0.002148645135848235,0.0021310038333187337,-1.7641302529501114e-5,0.00010933081883118292,-0.8210430952590383,7.613988998129413,0.0015713112051792177,0.001595818453158732,2.450724797951431e-5,1.982927813457649e-5,1.5596686320784627,1.8862677387519349,7.743351263175895
253.00000000000057,3.756960143068468,3.7784412258156963,0.021481082747228264,0.026529595472571273,0.5717676506859015,0.7383952033733268,0.7692165928041943,0.7685944034933975,0.8202252368891855,0.8177800869247179,-0.0006221893107968279,0.0008860649207788179,-0.08088610108222244,0.15268723918731106,0.0020137879128377862,0.0019919787776954126,-2.180913514237366e-5,0.00010933081883118292,-1.0829906666606564,7.613988998129413,0.001558075341366164,0.001578811118215856,2.073577684969202e-5,1.982927813457649e-5,1.330858418663523,1.8862677387519349,7.432869921911606
254.0000000000006,3.7611985179673244,3.7826090554758527,0.021410537508528282,0.026529595472571273,0.5692477386197431,0.7383952033733268,0.7693399767624562,0.768722480609474,0.8202014709823447,0.8177426366742035,-0.0006174961529822331,0.0008860649207788179,-0.08026310495143983,0.15268723918731106,0.0019495952222850688,0.0019246655018286946,-2.492972045637417e-5,0.00010933081883118292,-1.2787126359057603,7.613988998129413,0.001545431877847796,0.001561448718557309,1.6016840709512847e-5,1.982927813457649e-5,1.0363990117648063,1.8862677387519349,7.23702669170764
255.0000000000006,3.658422445950373,3.6944443315311446,0.036021885580771684,0.026529595472571273,0.9846289244328654,0.7383952033733268,0.7693715259282675,0.7687587954891659,0.820152481072365,0.8176541626138432,-0.0006127304391015942,0.0008860649207788179,-0.07964038419050125,0.15268723918731106,0.0019019014127237175,0.0018724674334804718,-2.943397924324567e-5,0.00010933081883118292,-1.5476080435259365,7.613988998129413,0.0015316643609377895,0.0015428973071724952,1.1232946234705733e-5,1.982927813457649e-5,0.7333817069314165,1.8862677387519349,14.936363169098305
256.0000000000006,3.7435636651923994,3.7654634703167353,0.02189980512433598,0.026529595472571273,0.5849988696054524,0.7383952033733268,0.7675771067687285,0.766954375386159,0.8193425279133447,0.8167885984032242,-0.0006227313825695191,0.0008860649207788179,-0.08112948876120513,0.15268723918731106,0.002055560090557053,0.0020300560120584087,-2.5504078498644195e-5,0.00010933081883118292,-1.240736216654831,7.613988998129413,0.0015542363660349524,0.0015720061896461034,1.7769823611151012e-5,1.982927813457649e-5,1.1433153926570392,1.8862677387519349,8.240942743128263
257.0000000000006,3.7552190823929923,3.774770906276536,0.01955182388354393,0.026529595472571273,0.5206573426092796,0.7383952033733268,0.7662641505530812,0.7656341795398781,0.8187135138667594,0.8161213531540885,-0.0006299710132030567,0.0008860649207788179,-0.08221329586518572,0.15268723918731106,0.002143078515909833,0.0021204851998707433,-2.259331603908987e-5,0.00010933081883118292,-1.0542458370685495,7.613988998129413,0.0015785152295317482,0.0016036836245777995,2.516839504605132e-5,1.982927813457649e-5,1.594434730510474,1.8862677387519349,7.302480904524989
258.0000000000006,3.7575837999109787,3.778639006120698,0.021055206209719124,0.026529595472571273,0.5603389659657876,0.7383952033733268,0.7669755066346708,0.7663529036968485,0.8189304271103034,0.8163461617493792,-0.0006226029378223474,0.0008860649207788179,-0.08117637818112337,0.15268723918731106,0.002004543249262378,0.0019783965795261566,-2.6146669736221238e-5,0.00010933081883118292,-1.3043704467759707,7.613988998129413,0.0015650305667477067,0.0015864192194125634,2.1388652664856627e-5,1.982927813457649e-5,1.3666603783531481,1.8862677387519349,7.2296813476148465
259.0000000000006,3.7510879240906343,3.773576699408369,0.022488775317734522,0.026529595472571273,0.5995267445826776,0.7383952033733268,0.767253217746463,0.7666356333093864,0.818984747946653,0.8163943114200672,-0.0006175844370766015,0.0008860649207788179,-0.08049290935403815,0.15268723918731106,0.001926029684618467,0.001897063487457774,-2.8966197160692998e-5,0.00010933081883118292,-1.5039330593926437,7.613988998129413,0.0015493280929847826,0.0015653261532349424,1.599806025015982e-5,1.982927813457649e-5,1.032580531044237,1.8862677387519349,7.7243103461862574
260.0000000000006,3.6576061197818537,3.693323440335034,0.03571732055318044,0.026529595472571273,0.9765217845630324,0.7383952033733268,0.7671631174665887,0.7665499186912552,0.8188721003969874,0.8162346689509218,-0.0006131987753335011,0.0008860649207788179,-0.07993069027594474,0.15268723918731106,0.0018902412212929254,0.0018566149330306318,-3.362628826229352e-5,0.00010933081883118292,-1.7789416442465016,7.613988998129413,0.0015371014983182945,0.0015485421952683744,1.1440696950079828e-5,1.982927813457649e-5,0.7443032852805632,1.8862677387519349,14.791100107889267
261.0000000000006,3.7509316223479354,3.7714908732612233,0.02055925091328792,0.026529595472571273,0.5481105224845084,0.7383952033733268,0.7653096757837466,0.7646874785737213,0.8180234120130958,0.8153220368539872,-0.0006221972100253215,0.0008860649207788179,-0.08130005796518057,0.15268723918731106,0.002046155349960934,0.0020153500418796004,-3.0805308081333516e-5,0.00010933081883118292,-1.5055214689305807,7.613988998129413,0.001561164967505468,0.0015793448541011332,1.8179886595665268e-5,1.982927813457649e-5,1.1645077217377153,1.8862677387519349,7.598087633968748
262.0000000000006,3.7473213155946183,3.767739808468082,0.020418492873463645,0.026529595472571273,0.5448823613948267,0.7383952033733268,0.7642105542366872,0.7635824487579118,0.8174974036450507,0.8147659227838099,-0.0006281054787753426,0.0008860649207788179,-0.08219010785616672,0.15268723918731106,0.002111529164805649,0.0020833921958915693,-2.813696891407983e-5,0.00010933081883118292,-1.332539913871833,7.613988998129413,0.001581620506262653,0.0016063445507197179,2.4724044457064822e-5,1.982927813457649e-5,1.5632096548550314,1.8862677387519349,7.655585007001129
263.0000000000006,3.7426088745989627,3.7653404549031597,0.022731580304196974,0.026529595472571273,0.607372585964724,0.7383952033733268,0.7649171220507366,0.7642958050539148,0.817713188355678,0.814989926785913,-0.0006213169968217747,0.0008860649207788179,-0.0812267079544551,0.15268723918731106,0.0019753098482177952,0.0019441394787910028,-3.1170369426792395e-5,0.00010933081883118292,-1.577998988610094,7.613988998129413,0.0015671501779111194,0.0015878678212836047,2.0717643372485236e-5,1.982927813457649e-5,1.3219947688804226,1.8862677387519349,8.039707440659908
264.0000000000006,3.7469440424236855,3.769376757099773,0.02243271467608743,0.026529595472571273,0.5986936133045899,0.7383952033733268,0.7648894676556495,0.7642720148136855,0.8176123749912404,0.8148671153241294,-0.0006174528419640168,0.0008860649207788179,-0.0807244534110897,0.15268723918731106,0.0019257987537727745,0.001891657909466924,-3.414084430585049e-5,0.00010933081883118292,-1.7728147470739704,7.613988998129413,0.001557143754542921,0.0015737031653599589,1.6559410817037915e-5,1.982927813457649e-5,1.0634477882164908,1.8862677387519349,7.812294251047372
265.0000000000007,3.6558722969282544,3.691182078142213,0.03530978121395867,0.026529595472571273,0.96583738014117,0.7383952033733268,0.7646994250977796,0.7640856482961489,0.8174500985820171,0.8146561022283759,-0.0006137768016306611,0.0008860649207788179,-0.08026379796900979,0.15268723918731106,0.0018984549377617519,0.0018601033839277987,-3.8351553833953144e-5,0.00010933081883118292,-2.0201455968804303,7.613988998129413,0.0015486746774532516,0.0015616274015726945,1.2952724119442895e-5,1.982927813457649e-5,0.836374760175149,1.8862677387519349,14.66011238015106
266.0000000000007,3.750263739577906,3.7704868866865255,0.02022314710861961,0.026529595472571273,0.5392459974267233,0.7383952033733268,0.7629769047573861,0.7623547581334223,0.8166606257516652,0.8138142092690578,-0.0006221466239637596,0.0008860649207788179,-0.08154199951328694,0.15268723918731106,0.002037479003788,0.0020022374659391298,-3.5241537848870134e-5,0.00010933081883118292,-1.7296638533869781,7.613988998129413,0.001571954148565464,0.0015914251539210465,1.9471005355582586e-5,1.982927813457649e-5,1.2386497006513493,1.8862677387519349,7.447350717494624
267.0000000000007,3.7481688576407954,3.7681717302921136,0.02000287265131817,0.026529595472571273,0.5336705311592752,0.7383952033733268,0.7619774207139064,0.7613498959615416,0.8161803387207287,0.8133109959625462,-0.0006275247523648275,0.0008860649207788179,-0.08235477001101837,0.15268723918731106,0.00209130043198644,0.00205877466218789,-3.252576979855025e-5,0.00010933081883118292,-1.555289201927595,7.613988998129413,0.0015907237924860469,0.001616111507552078,2.5387715066031106e-5,1.982927813457649e-5,1.5959851223671062,1.8862677387519349,7.423522963361884
268.0000000000007,3.7528707174230718,3.7740968079463664,0.021226090523294605,0.026529595472571273,0.5655961028646788,0.7383952033733268,0.7627563666047867,0.7621354216921802,0.8164366761699221,0.8135784675257958,-0.000620944912606558,0.0008860649207788179,-0.08140802748989617,0.15268723918731106,0.001950619743342547,0.0019153858742237057,-3.5233869118841315e-5,0.00010933081883118292,-1.806291012848316,7.613988998129413,0.0015741827198733377,0.0015949573319683046,2.0774612094966822e-5,1.982927813457649e-5,1.3197077971125484,1.8862677387519349,7.228183474666576
269.0000000000007,3.751186895560393,3.7730809996077217,0.02189410404732861,0.026529595472571273,0.5836580436245588,0.7383952033733268,0.7629243180872147,0.7623076579767526,0.816436810135416,0.8135629893749539,-0.0006166601104621305,0.0008860649207788179,-0.08082847745739784,0.15268723918731106,0.0018845501193023948,0.0018465276568012169,-3.802246250117795e-5,0.00010933081883118292,-2.0175882886708663,7.613988998129413,0.0015592393218988566,0.0015747832730533854,1.554395115452886e-5,1.982927813457649e-5,0.9968932245499869,1.8862677387519349,7.413942080085416
270.0000000000007,3.6485828722396914,3.685024564468591,0.03644169222889948,0.026529595472571273,0.998790311333388,0.7383952033733268,0.7628906075306174,0.7622781134864135,0.8163546359544295,0.8134342962456198,-0.0006124940442039373,0.0008860649207788179,-0.08028595950165185,0.15268723918731106,0.0018448717466972569,0.001802572406289001,-4.229934040825582e-5,0.00010933081883118292,-2.2928065587204816,7.613988998129413,0.0015455988045640489,0.0015565132429346015,1.0914438370552637e-5,1.982927813457649e-5,0.7061624490341891,1.8862677387519349,15.164988047585021
271.0000000000007,3.751915953392405,3.771713884649803,0.019797931257397927,0.026529595472571273,0.5276752332230963,0.7383952033733268,0.7609901673734732,0.7603688607965107,0.8154921305025844,0.8125088261072442,-0.000621306576962577,0.0008860649207788179,-0.08164449471232874,0.15268723918731106,0.0020038525571976773,0.001964267005556644,-3.958555164103317e-5,0.00010933081883118292,-1.9754722720913296,7.613988998129413,0.0015702339100172968,0.001588588020839283,1.8354110821986076e-5,1.982927813457649e-5,1.168877496842741,1.8862677387519349,7.240011725966093
272.0000000000007,3.7499017002018977,3.769346168371945,0.01944446817004719,0.026529595472571273,0.5185327436449944,0.7383952033733268,0.7598831548992794,0.759255990539806,0.8149675672415724,0.8119548905954966,-0.0006271643594734089,0.0008860649207788179,-0.08253431536543772,0.15268723918731106,0.0020690548564134673,0.0020321446409739207,-3.691021543954665e-5,0.00010933081883118292,-1.7839167156509037,7.613988998129413,0.0015909296812174297,0.0016163481705945657,2.5418489377135962e-5,1.982927813457649e-5,1.5977129396243919,1.8862677387519349,7.197730309890605
273.0000000000007,3.7496589654232397,3.771102325481644,0.021443360058404082,0.026529595472571273,0.5718749426585167,0.7383952033733268,0.760765710463543,0.760145106024373,0.8152662179875895,0.8122666584469722,-0.0006206044391700027,0.0008860649207788179,-0.08157628960325532,0.15268723918731106,0.0019176083180273377,0.001878299292738362,-3.930902528897573e-5,0.00010933081883118292,-2.0498985595459507,7.613988998129413,0.0015727702456248451,0.0015934404826648877,2.067023704004252e-5,1.982927813457649e-5,1.3142566180625097,1.8862677387519349,7.318284522685726
274.00000000000074,3.7629426893032845,3.783208458207076,0.020265768903791503,0.026529595472571273,0.5385617208946583,0.7383952033733268,0.7609164362138607,0.7602998627541175,0.8152520263725337,0.8122341902863786,-0.0006165734597431971,0.0008860649207788179,-0.08103037737114999,0.15268723918731106,0.0018528013783327127,0.0018107928207853731,-4.200855754733952e-5,0.00010933081883118292,-2.267299562629963,7.613988998129413,0.0015578378742436328,0.0015733008274021248,1.5462953158491962e-5,1.982927813457649e-5,0.9925906549164875,1.8862677387519349,6.59414521107957
275.00000000000074,3.647574408919981,3.6840067542588706,0.036432345338889505,0.026529595472571273,0.9988102024675858,0.7383952033733268,0.7610114606094871,0.7603990752005176,0.8152372629294975,0.8121783653383613,-0.0006123854089694625,0.0008860649207788179,-0.0804699325393876,0.15268723918731106,0.001802559430990945,0.0017567285646800635,-4.58308663108815e-5,0.00010933081883118292,-2.5425439806823062,7.613988998129413,0.0015414731099172147,0.0015517381757114877,1.0265065794272995e-5,1.982927813457649e-5,0.6659257127634411,1.8862677387519349,15.133288494992799
276.00000000000074,3.74483955833663,3.7655229232391436,0.020683364902513546,0.026529595472571273,0.5523164498855222,0.7383952033733268,0.7592157396671757,0.7585955163158676,0.8144241676153526,0.8113001140527649,-0.000620223351308069,0.0008860649207788179,-0.08169263608522684,0.15268723918731106,0.0019505629135802942,0.0019066804602116735,-4.388245336862072e-5,0.00010933081883118292,-2.2497327855000417,7.613988998129413,0.001562995604066009,0.0015800897375406679,1.7094133474658893e-5,1.982927813457649e-5,1.0936776424827979,1.8862677387519349,7.611990397114898
277.00000000000074,3.7459914336600066,3.765651231781211,0.019659798121204553,0.026529595472571273,0.5248222925591697,0.7383952033733268,0.7579205619300453,0.7572946205204238,0.8137951904299087,0.8106234185064805,-0.0006259414096214666,0.0008860649207788179,-0.0825866774253368,0.15268723918731106,0.002031539488541768,0.001989192672817452,-4.234681572431618e-5,0.00010933081883118292,-2.0844692393704136,7.613988998129413,0.0015862718366278655,0.001611032788536978,2.4760951909112488e-5,1.982927813457649e-5,1.5609526272464063,1.8862677387519349,7.351984532570539
278.00000000000074,3.7557401790032716,3.776058802509796,0.020318623506524247,0.026529595472571273,0.5410018408652689,0.7383952033733268,0.7586761983292384,0.7580557173643837,0.8140280091073576,0.8108632650787091,-0.000620480964854675,0.0008860649207788179,-0.08178468841135417,0.15268723918731106,0.0018926651675459213,0.001848495708327359,-4.416945921856242e-5,0.00010933081883118292,-2.333717552156026,7.613988998129413,0.0015712627674639502,0.0015921189649410483,2.0856197477098128e-5,1.982927813457649e-5,1.3273526178412827,1.8862677387519349,6.840744521970178
279.00000000000074,3.747252615270514,3.7691796145722973,0.021926999301783212,0.026529595472571273,0.5851486823287013,0.7383952033733268,0.7589364967441913,0.7583195322978747,0.814071377851305,0.810897115026949,-0.0006169644463165369,0.0008860649207788179,-0.08129328988173463,0.15268723918731106,0.0018184497309815533,0.0017725834412106994,-4.586628977085389e-5,0.00010933081883118292,-2.5222742751374505,7.613988998129413,0.0015552944299735165,0.0015709206771302776,1.5626247156761124e-5,1.982927813457649e-5,1.004713117697413,1.8862677387519349,7.448321805456922
280.00000000000074,3.6485397459074087,3.684379844730764,0.03584009882335515,0.026529595472571273,0.9823135094953324,0.7383952033733268,0.7589214495016205,0.7583081360650256,0.8139955968414802,0.8107745295528191,-0.0006133134365949866,0.0008860649207788179,-0.08081382295858763,0.15268723918731106,0.0017779762345368167,0.001728311149381805,-4.9665085155011683e-5,0.00010933081883118292,-2.793349213014088,7.613988998129413,0.0015412703243939787,0.0015521744665157827,1.0904142121804074e-5,1.982927813457649e-5,0.7074775884036786,1.8862677387519349,14.887667607457978
281.00000000000074,3.7391055212287045,3.760043230455077,0.02093770922637228,0.026529595472571273,0.559965721948707,0.7383952033733268,0.7570248206676141,0.7564041398261951,0.8131123386027508,0.8098137474838112,-0.0006206808414189746,0.0008860649207788179,-0.08198949683995846,0.15268723918731106,0.0019292370123160086,0.0018804238959871488,-4.881311632885972e-5,0.00010933081883118292,-2.5301772678651133,7.613988998129413,0.0015657767202812843,0.0015838764319360263,1.8099711654742017e-5,1.982927813457649e-5,1.155957386535322,1.8862677387519349,7.834807827752121
282.00000000000074,3.751354674927839,3.7700251888786536,0.018670513950814538,0.026529595472571273,0.49770057935600787,0.7383952033733268,0.7558031286114963,0.7551768546576376,0.8125140599409968,0.8091718631151846,-0.0006262739538587248,0.0008860649207788179,-0.08286204834971606,0.15268723918731106,0.002000347247906835,0.001953298941074663,-4.7048306832171705e-5,0.00010933081883118292,-2.3520069768587977,7.613988998129413,0.0015888575569211311,0.0016143921344068145,2.553457748568342e-5,1.982927813457649e-5,1.6071030014272656,1.8862677387519349,6.89182232123502
283.0000000000008,3.742457998310331,3.7641345843423117,0.021676586031980527,0.026529595472571273,0.5792071959596397,0.7383952033733268,0.7566230538169045,0.7560014593373907,0.8127887486952847,0.809462756848047,-0.0006215944795138206,0.0008860649207788179,-0.08215378534636092,0.15268723918731106,0.0018590693219325352,0.0018113416211125834,-4.772770081995178e-5,0.00010933081883118292,-2.567290001339918,7.613988998129413,0.0015728470942413927,0.00159419240755721,2.1345313315817172e-5,1.982927813457649e-5,1.3571130591122293,1.8862677387519349,7.529317913255741
284.0000000000008,3.7424726611350474,3.764637775123375,0.022165113988327434,0.026529595472571273,0.5922585412181747,0.7383952033733268,0.7568155042442621,0.7561969286588425,0.812797075644935,0.8094583289338528,-0.0006185755854196673,0.0008860649207788179,-0.08173400015600395,0.15268723918731106,0.0017918803518397859,0.0017425479086072544,-4.933244323253143e-5,0.00010933081883118292,-2.753110339196481,7.613988998129413,0.001558108267972917,0.001574338818813002,1.6230550840085024e-5,1.982927813457649e-5,1.0416831213661941,1.8862677387519349,7.611111549344972
285.0000000000008,3.642104615574105,3.678353939070895,0.03624932349679,0.026529595472571273,0.995285070664452,0.7383952033733268,0.7566323298389899,0.7560167400449209,0.8126321038357364,0.8092389089721858,-0.0006155897940689492,0.0008860649207788179,-0.08135917139569568,0.15268723918731106,0.0017657490378076074,0.0017125622708225982,-5.318676698500913e-5,0.00010933081883118292,-3.0121362575424073,7.613988998129413,0.0015479849515036247,0.0015602151293184626,1.223017781483795e-5,1.982927813457649e-5,0.7900708468101224,1.8862677387519349,15.214477188850758
286.0000000000008,3.7479160503628277,3.7672256458075357,0.019309595444708005,0.026529595472571273,0.5152088570083816,0.7383952033733268,0.7547205442262374,0.7540963351599614,0.8117513580162203,0.808291634675574,-0.0006242090662759159,0.0008860649207788179,-0.08270731081209326,0.15268723918731106,0.0019164420920215676,0.001865422590196477,-5.101950182509062e-5,0.00010933081883118292,-2.662198979947913,7.613988998129413,0.0015744509497727865,0.0015945558287655342,2.0104878992747684e-5,1.982927813457649e-5,1.2769454009125578,1.8862677387519349,7.1086097652070706
287.0000000000008,3.742860225925341,3.7622632883819653,0.019403062456624376,0.026529595472571273,0.5184020050288517,0.7383952033733268,0.7536639390772948,0.753033629405811,0.8112443195587414,0.8077585616509529,-0.0006303096714838086,0.0008860649207788179,-0.08363272259722179,0.15268723918731106,0.001972202641514987,0.0019241467400476654,-4.805590146732177e-5,0.00010933081883118292,-2.436661449272102,7.613988998129413,0.0015952914845489654,0.0016224704129337959,2.717892838483048e-5,1.982927813457649e-5,1.703696700450623,1.8862677387519349,7.253697377982523
288.0000000000008,3.7397358182203306,3.7615279266422914,0.021792108421960776,0.026529595472571273,0.5827178571220902,0.7383952033733268,0.7545511815925149,0.753925825662192,0.8115455395463332,0.8080769098050347,-0.0006253559303228684,0.0008860649207788179,-0.08287786774159256,0.15268723918731106,0.001825585792995889,0.0017766365613509198,-4.894923164496922e-5,0.00010933081883118292,-2.6812890324174123,7.613988998129413,0.0015773564677401132,0.001599570457445731,2.22139897056179e-5,1.982927813457649e-5,1.4083049811463353,1.8862677387519349,7.554822496098013
289.0000000000008,3.7372081943573865,3.7596417316444923,0.022433537287105842,0.026529595472571273,0.6002752889436841,0.7383952033733268,0.7546260108074072,0.7540034437496854,0.811488230916587,0.8079980561298366,-0.0006225670577217901,0.0008860649207788179,-0.08250007935131715,0.15268723918731106,0.0017686911484854114,0.0017176732424263835,-5.1017906059027925e-5,0.00010933081883118292,-2.8845005586597883,7.613988998129413,0.0015642816117787991,0.0015814288440511564,1.714723227235729e-5,1.982927813457649e-5,1.0961729744338409,1.8862677387519349,7.785426668978
290.0000000000008,3.6462312305314475,3.6814182469223176,0.035187016390870074,0.026529595472571273,0.9650242720822035,0.7383952033733268,0.7544302904702797,0.7538106335230133,0.8113161960927269,0.8077699018605484,-0.0006196569472664004,0.0008860649207788179,-0.08213574601838067,0.15268723918731106,0.001743638646507118,0.0016887096693768817,-5.492897713023641e-5,0.00010933081883118292,-3.150250038347735,7.613988998129413,0.0015547066858376847,0.0015678506297517564,1.3143943914071653e-5,1.982927813457649e-5,0.8454291754067824,1.8862677387519349,14.628632557712871
291.00000000000085,3.7378973517401604,3.7582658247367884,0.02036847299662803,0.026529595472571273,0.5449179332638865,0.7383952033733268,0.7526474267015447,0.752020690291724,0.8104738336409902,0.8068551599374129,-0.000626736409820694,0.0008860649207788179,-0.08327091644587797,0.15268723918731106,0.0018755353570848636,0.0018213245588237293,-5.421079826113434e-5,0.00010933081883118292,-2.890417291060508,7.613988998129413,0.0015788005938880362,0.0015987366022233787,1.9936008335342528e-5,1.982927813457649e-5,1.2627312412042537,1.8862677387519349,7.5841902661134455
292.00000000000085,3.7347580995060503,3.7549776375752053,0.020219538069154996,0.026529595472571273,0.5413881576916368,0.7383952033733268,0.75159082865098,0.7509587070467979,0.8099488750350534,0.8062955627555963,-0.0006321216041821343,0.0008860649207788179,-0.08410448612268467,0.15268723918731106,0.0019275384873493338,0.001875344263706376,-5.219422364295765e-5,0.00010933081883118292,-2.7078174565911186,7.613988998129413,0.0015989727355565297,0.00162532281407647,2.6350078519940404e-5,1.982927813457649e-5,1.6479379500344726,1.8862677387519349,7.615406398358957
293.00000000000085,3.7421179056333074,3.7631270622070723,0.021009156573764898,0.026529595472571273,0.561424228299652,0.7383952033733268,0.7522726871125651,0.7516440023983509,0.8101566501700935,0.8065157952409758,-0.0006286847142141783,0.0008860649207788179,-0.08357138641138862,0.15268723918731106,0.001803146153707881,0.0017509005099494023,-5.224564375847884e-5,0.00010933081883118292,-2.897471380844201,7.613988998129413,0.0015848803530648628,0.0016072320774720202,2.2351724407157405e-5,1.982927813457649e-5,1.4103098927268132,1.8862677387519349,7.2380866385952185
294.00000000000085,3.740137489386454,3.761856514183335,0.021719024796881037,0.026529595472571273,0.5807012404895282,0.7383952033733268,0.752413341260283,0.7517868480877467,0.8101394373395567,0.8064849381517666,-0.0006264931725363798,0.0008860649207788179,-0.08326449548156756,0.15268723918731106,0.0017420645672396016,0.001688693082948882,-5.33714842907197e-5,0.00010933081883118292,-3.0636915126107978,7.613988998129413,0.0015715631906691,0.001589058285018527,1.7495094349426893e-5,1.982927813457649e-5,1.1132288191337874,1.8862677387519349,7.4314065891633545
295.00000000000085,3.638583421590433,3.674722865194611,0.0361394436041782,0.026529595472571273,0.9932283918443615,0.7383952033733268,0.7523914972519335,0.75176781737203,0.8100603878340098,0.8063628472540072,-0.000623679879903527,0.0008860649207788179,-0.08289299947985614,0.15268723918731106,0.001703318334899737,0.0016469309124484345,-5.638742245130243e-5,0.00010933081883118292,-3.3104453404842604,7.613988998129413,0.0015586040645834615,0.0015715365876130985,1.2932523029636966e-5,1.982927813457649e-5,0.8297503723688284,1.8862677387519349,15.086232681835787
296.00000000000085,3.7367543455171206,3.756943094135119,0.020188748617998353,0.026529595472571273,0.5402749753196441,0.7383952033733268,0.7505334250909296,0.7499016529068221,0.8091941604934458,0.8054262225901669,-0.0006317721841074819,0.0008860649207788179,-0.08417642212682809,0.15268723918731106,0.001842640257457654,0.001787432354017723,-5.520790343993098e-5,0.00010933081883118292,-2.9961303198760554,7.613988998129413,0.001583369785655966,0.001603603661370492,2.0233875714525994e-5,1.982927813457649e-5,1.2778995720284891,1.8862677387519349,7.506413925597869
297.00000000000085,3.735119508886105,3.7548730581917202,0.019753549305615348,0.026529595472571273,0.5288599001617031,0.7383952033733268,0.7493910477232875,0.7487531544164527,0.8086334490982453,0.8048287790680877,-0.0006378933068347248,0.0008860649207788179,-0.08512155419693068,0.15268723918731106,0.0019023918344315772,0.0018493386022582668,-5.305323217331048e-5,0.00010933081883118292,-2.788764712563143,7.613988998129413,0.0016052713696159601,0.0016326430688596173,2.737169924365711e-5,1.982927813457649e-5,1.7051135254598992,1.8862677387519349,7.431693515328969
298.00000000000085,3.737131889352826,3.758513981219735,0.021382091866909203,0.026529595472571273,0.5721524554117898,0.7383952033733268,0.7501650625613693,0.7495309020104778,0.8088803506226068,0.805090333160544,-0.0006341605508914938,0.0008860649207788179,-0.08453613511754483,0.15268723918731106,0.0017702189051015628,0.0017171693401062883,-5.3049564995274415e-5,0.00010933081883118292,-2.9967799373507877,7.613988998129413,0.0015896470650352205,0.001612660202393665,2.3013137358444393e-5,1.982927813457649e-5,1.4476884752990444,1.8862677387519349,7.397656303720242
299.00000000000085,3.733541562666509,3.7558015623643994,0.022259999697890276,0.026529595472571273,0.5962167374933977,0.7383952033733268,0.7502965783698522,0.749664509561544,0.8088539228341302,0.8050486727832677,-0.0006320688083082393,0.0008860649207788179,-0.08424252842542838,0.15268723918731106,0.001710014811807173,0.001655806759925327,-5.4208051881846075e-5,0.00010933081883118292,-3.1700340551178074,7.613988998129413,0.0015761304420787473,0.0015941174785298834,1.798703645113607e-5,1.982927813457649e-5,1.1412149636176747,1.8862677387519349,7.695638781089291
300.0000000000009,3.643838122790874,3.6787226587129265,0.03488453592205243,0.026529595472571273,0.9573569062758969,0.7383952033733268,0.7501777039905682,0.7495481596152761,0.8087216222818512,0.8048664089201607,-0.0006295443752920571,0.0008860649207788179,-0.08391936629723831,0.15268723918731106,0.0016793053396491652,0.001621814880804844,-5.749045884432115e-5,0.00010933081883118292,-3.4234666851194473,7.613988998129413,0.0015650211152559272,0.0015787087837891842,1.368766853325704e-5,1.982927813457649e-5,0.8745996076237413,1.8862677387519349,14.404484883538217
301.0000000000009,3.7349859899647178,3.7552399873252584,0.020253997360540676,0.026529595472571273,0.5422777331684718,0.7383952033733268,0.7484602821282423,0.7478240269890836,0.8078973465774933,0.8039641617992617,-0.0006362551391587701,0.0008860649207788179,-0.0850085374403011,0.15268723918731106,0.0017989365760778162,0.0017412935123839685,-5.764306369384774e-5,0.00010933081883118292,-3.2042854906828175,7.613988998129413,0.0015874190202905074,0.0016072969490431243,1.9877928752616873e-5,1.982927813457649e-5,1.2522168689259559,1.8862677387519349,7.469713850916814
302.0000000000009,3.7298594898833306,3.750257823053199,0.020398333169868277,0.026529595472571273,0.5468928045465415,0.7383952033733268,0.7474511394051918,0.7468097551397648,0.807388195628702,0.8034158678439155,-0.0006413842654270363,0.0008860649207788179,-0.08580952407637486,0.15268723918731106,0.0018444248015508438,0.0017883195392588461,-5.610526229199767e-5,0.00010933081883118292,-3.0418839653870844,7.613988998129413,0.0016059233593068863,0.0016316894611962602,2.5766101889373874e-5,1.982927813457649e-5,1.6044415656606728,1.8862677387519349,7.6362079187830805
303.0000000000009,3.7359462742453227,3.7572341721665055,0.021287897921182797,0.026529595472571273,0.5698127424351959,0.7383952033733268,0.7481063665502318,0.7474677912283909,0.8075894535836782,0.8036296849613522,-0.0006385753218408619,0.0008860649207788179,-0.08535889418847561,0.15268723918731106,0.001728363137217512,0.001672916205993552,-5.5446931223959934e-5,0.00010933081883118292,-3.2080602756446095,7.613988998129413,0.0015914590590490418,0.0016132771928087473,2.1818133759705406e-5,1.982927813457649e-5,1.3709516205049335,1.8862677387519349,7.339340524923633
304.0000000000009,3.7399004420590067,3.7611030684664466,0.021202626407439862,0.026529595472571273,0.5669302361366264,0.7383952033733268,0.7481969393383789,0.7475599254980069,0.807547386610489,0.803570419904918,-0.0006370138403720693,0.0008860649207788179,-0.08513986183041226,0.15268723918731106,0.0016739218703935616,0.0016176514058968054,-5.627046449675614e-5,0.00010933081883118292,-3.3615944383070993,7.613988998129413,0.0015787660751728323,0.0015960524734179077,1.728639824507541e-5,1.982927813457649e-5,1.0949309411264754,1.8862677387519349,7.160864440883268
305.0000000000009,3.636685702102271,3.6724788505590302,0.035793148456759294,0.026529595472571273,0.9842244116962934,0.7383952033733268,0.7482148992721445,0.7475803328815115,0.807490465593977,0.8034730586762027,-0.0006345663906329735,0.0008860649207788179,-0.0848107129716707,0.15268723918731106,0.001633640214419975,0.0015748612971346206,-5.877891728535444e-5,0.00010933081883118292,-3.5980332001207462,7.613988998129413,0.00156503412968239,0.0015777991776581958,1.2765047975805922e-5,1.982927813457649e-5,0.8156402300566109,1.8862677387519349,14.849022981691077
306.0000000000009,3.729728026282268,3.7504034052300175,0.0206753789477494,0.026529595472571273,0.5543401235172174,0.7383952033733268,0.7464599696538348,0.7458176325290462,0.8066617842844123,0.8025689829687908,-0.0006423371247885612,0.0008860649207788179,-0.08605111471502487,0.15268723918731106,0.0017575660491756255,0.0016992953408465792,-5.8270708329046265e-5,0.00010933081883118292,-3.3154206839838394,7.613988998129413,0.0015875175301744136,0.001607064629257291,1.9547099082877504e-5,1.982927813457649e-5,1.2312997312684761,1.8862677387519349,7.677131946979124
307.0000000000009,3.7307245862777427,3.750565982367478,0.01984139608973523,0.026529595472571273,0.5318375996640266,0.7383952033733268,0.7452812469786323,0.7446327561944938,0.8060711042510901,0.8019310076878945,-0.0006484907841385334,0.0008860649207788179,-0.08701289436270039,0.15268723918731106,0.0018171335511051228,0.0017603933383087801,-5.6740212796342615e-5,0.00010933081883118292,-3.122511978375779,7.613988998129413,0.001609382876663245,0.0016359998002321303,2.6616923568885354e-5,1.982927813457649e-5,1.6538590011638858,1.8862677387519349,7.436479434440494
308.0000000000009,3.729371398553612,3.7511733540412884,0.021801955487676494,0.026529595472571273,0.5846013485310714,0.7383952033733268,0.7459854402905592,0.7453399966779825,0.8062897505727653,0.8021636084646092,-0.0006454436125767904,0.0008860649207788179,-0.08652228015675371,0.15268723918731106,0.0016970497891119723,0.001641057984499784,-5.599180461218832e-5,0.00010933081883118292,-3.2993613370346404,7.613988998129413,0.0015948296811107016,0.0016175084199198644,2.267873880916287e-5,1.982927813457649e-5,1.4220163493175342,1.8862677387519349,7.604941877961897
309.00000000000097,3.727930099412886,3.7503019801624586,0.022371880749572526,0.026529595472571273,0.6001153496170941,0.7383952033733268,0.7460749656164528,0.7454309370855433,0.8062428535482087,0.8021003608748746,-0.0006440285309095017,0.0008860649207788179,-0.0863222277371773,0.15268723918731106,0.0016425456279417063,0.0015859031169963293,-5.6642510945376914e-5,0.00010933081883118292,-3.4484589031694863,7.613988998129413,0.0015824269981526105,0.001600524019500959,1.8097021348348558e-5,1.982927813457649e-5,1.1436244053896802,1.8862677387519349,7.76141678175635
310.00000000000097,3.630330933489202,3.6665574885716823,0.03622655508248007,0.026529595472571273,0.9978857505329912,0.7383952033733268,0.7459159305375713,0.7452737445011229,0.8060891554800905,0.8018958527123863,-0.0006421860364483889,0.0008860649207788179,-0.08609362129932985,0.15268723918731106,0.0016157778904006025,0.001556292299299441,-5.948559110116147e-5,0.00010933081883118292,-3.681545059786225,7.613988998129413,0.0015726163420968007,0.001586827033982515,1.4210691885714263e-5,1.982927813457649e-5,0.9036337411302023,1.8862677387519349,15.148226281960076
311.00000000000097,3.724938904528579,3.7456069568890267,0.020668052360447664,0.026529595472571273,0.5548561436892445,0.7383952033733268,0.744056492221313,0.7434050769039675,0.8052119314876225,0.8009455430260698,-0.0006514153173454718,0.0008860649207788179,-0.08754917457957131,0.15268723918731106,0.0017452187355810154,0.0016871204592257348,-5.809827635528059e-5,0.00010933081883118292,-3.328996828351067,7.613988998129413,0.001598864081404623,0.001620760069429168,2.1895988024545066e-5,1.982927813457649e-5,1.3694715066279526,1.8862677387519349,7.7777354930041716
312.00000000000097,3.729326214140576,3.748824935894167,0.01949872175359113,0.026529595472571273,0.5228483815563616,0.7383952033733268,0.7429074874197664,0.7422490155087715,0.8046400127110095,0.8003373896887511,-0.0006584719109948844,0.0008860649207788179,-0.08863444266551412,0.15268723918731106,0.00180026535387023,0.001744785200554755,-5.548015331547501e-5,0.00010933081883118292,-3.0817764279139834,7.613988998129413,0.0016218701939914814,0.001651105610494511,2.9235416503029616e-5,1.982927813457649e-5,1.8025743744066347,1.8862677387519349,7.319253448361075
313.00000000000097,3.726081994138918,3.747931467359424,0.0218494732205059,0.026529595472571273,0.5863927110266187,0.7383952033733268,0.743692428587252,0.7430375175493874,0.8048947346913458,0.8006121367448154,-0.0006549110378646361,0.0008860649207788179,-0.08806208221169219,0.15268723918731106,0.0016744014949601443,0.0016196917404109822,-5.470975454916209e-5,0.00010933081883118292,-3.267421506361253,7.613988998129413,0.001606345234914602,0.0016310469102968684,2.470167538226641e-5,1.982927813457649e-5,1.5377563207064653,1.8862677387519349,7.612500114049366
314.00000000000097,3.7307822456773914,3.7525152388405947,0.021732993163203318,0.026529595472571273,0.5825318051833202,0.7383952033733268,0.7438365462314909,0.7431833940825592,0.8048735558424869,0.8005779938357862,-0.0006531521489316905,0.0008860649207788179,-0.08780855851205,0.15268723918731106,0.001616078476487157,0.001560658952213719,-5.541952427343794e-5,0.00010933081883118292,-3.4292594746947214,7.613988998129413,0.0015926856332589957,0.0016121014955310133,1.9415862272017517e-5,1.982927813457649e-5,1.2190643191957637,1.8862677387519349,7.392657096289789
315.00000000000097,3.6279652958732527,3.6643056961998846,0.03634040032663188,0.026529595472571273,1.0016744197627374,0.7383952033733268,0.7437639090795074,0.7431129582819789,0.8047637581087279,0.8004213263450953,-0.0006509507975285267,0.0008860649207788179,-0.08752115954835082,0.15268723918731106,0.0015831011552077555,0.00152484415540721,-5.825699980054554e-5,0.00010933081883118292,-3.679929081531135,7.613988998129413,0.0015806046824704252,0.0015953143817914479,1.4709699321022651e-5,1.982927813457649e-5,0.9306374632543761,1.8862677387519349,15.102134952941707
316.00000000000097,3.7275820961063464,3.747787747039085,0.020205650932738628,0.026529595472571273,0.5420578383463233,0.7383952033733268,0.7419724753176191,0.7413128411193286,0.8039162380579299,0.7994981377076781,-0.0006596341982905152,0.0008860649207788179,-0.08890278551210985,0.15268723918731106,0.0017045555448928365,0.001647087214035184,-5.7468330857652445e-5,0.00010933081883118292,-3.3714554524103475,7.613988998129413,0.001604598639559039,0.0016262085444142059,2.160990485516683e-5,1.982927813457649e-5,1.3467482972006923,1.8862677387519349,7.452004455287842
317.00000000000097,3.732062708925163,3.751113055612168,0.019050346687004893,0.026529595472571273,0.5104508732247804,0.7383952033733268,0.7408621029374327,0.7401959931706474,0.8033611975017917,0.7989025521999906,-0.0006661097667852722,0.0008860649207788179,-0.0899100877402453,0.15268723918731106,0.0017560906219418059,0.0017006535125768509,-5.5437109364955004e-5,0.00010933081883118292,-3.1568478683437844,7.613988998129413,0.001625748271327905,0.0016541426040408084,2.8394332712903397e-5,1.982927813457649e-5,1.746539314460474,1.8862677387519349,7.009284887804823
318.000000000001,3.727746312402266,3.74936788820705,0.021621575804783966,0.026529595472571273,0.5800173615046891,0.7383952033733268,0.7417342774778972,0.7410722712773692,0.803665893361024,0.7992300623816195,-0.0006620062005280314,0.0008860649207788179,-0.08925112680231477,0.15268723918731106,0.0016277785241597855,0.0015732063187885654,-5.457220537122016e-5,0.00010933081883118292,-3.35255715450533,7.613988998129413,0.001607283373635074,0.0016306375237140258,2.3354150078951823e-5,1.982927813457649e-5,1.4530200748691544,1.8862677387519349,7.381366916441636
319.000000000001,3.7284330904194904,3.7504387150448673,0.022005624625376807,0.026529595472571273,0.5902110643187358,0.7383952033733268,0.7419181686695737,0.7412581624403287,0.8036668399922973,0.7992163916964191,-0.0006600062292450026,0.0008860649207788179,-0.08895943745771077,0.15268723918731106,0.0015688786890166514,0.0015135147689719363,-5.5363920044715006e-5,0.00010933081883118292,-3.5288847016856506,7.613988998129413,0.0015914279911611174,0.001609245719334135,1.7817728173017593e-5,1.982927813457649e-5,1.1196063077926417,1.8862677387519349,7.4250764518710115
320.000000000001,3.63018063854362,3.665994511296368,0.035813872752747944,0.026529595472571273,0.9865589709914819,0.7383952033733268,0.7418106055470521,0.7411527251382103,0.8035375557087753,0.7990334297073305,-0.0006578804088418488,0.0008860649207788179,-0.08868576479257687,0.15268723918731106,0.0015398648844994667,0.001481419627916754,-5.844525658271261e-5,0.00010933081883118292,-3.795479536615984,7.613988998129413,0.0015789334089800968,0.0015922115116065575,1.3278102626460746e-5,1.982927813457649e-5,0.8409539345321512,1.8862677387519349,14.753404584532628
321.000000000001,3.7345326023194736,3.753821740521581,0.019289138202107203,0.026529595472571273,0.516507425591276,0.7383952033733268,0.740044384990804,0.7393786098830966,0.8026855965968874,0.7980916872664121,-0.0006657751077074892,0.0008860649207788179,-0.08996421312159031,0.15268723918731106,0.001655439332756532,0.0015966563567341343,-5.878297602239773e-5,0.00010933081883118292,-3.5508988375017076,7.613988998129413,0.0016018090372077528,0.0016218003837749186,1.9991346567165827e-5,1.982927813457649e-5,1.248048057090152,1.8862677387519349,6.922597371131095
322.000000000001,3.720898731364007,3.741444418088194,0.020545686724186663,0.026529595472571273,0.5521700053539222,0.7383952033733268,0.7390741923265942,0.7384029581267167,0.8021972839948586,0.7975616251034388,-0.0006712341998774685,0.0008860649207788179,-0.09082094962136798,0.15268723918731106,0.0016957606070717693,0.0016386490940347145,-5.711151303705478e-5,0.00010933081883118292,-3.3678995017860833,7.613988998129413,0.0016193990088066992,0.001645499051133948,2.6100042327248732e-5,1.982927813457649e-5,1.6117116402634641,1.8862677387519349,7.613497626050802
323.000000000001,3.716208416040596,3.7391306601006202,0.022922244060024077,0.026529595472571273,0.6168180439257063,0.7383952033733268,0.7398200643251902,0.7391522535063512,0.8024429478622093,0.7978253719728097,-0.000667810818839043,0.0008860649207788179,-0.09026665415571977,0.15268723918731106,0.0015814921927236585,0.0015255691351275117,-5.592305759614686e-5,0.00010933081883118292,-3.536094446336515,7.613988998129413,0.0016023218864336557,0.0016239652493261452,2.1643362892489505e-5,1.982927813457649e-5,1.350750000716891,1.8862677387519349,8.014387180501693
324.000000000001,3.7301930317178664,3.751483534878927,0.021290503161060403,0.026529595472571273,0.5707614319159103,0.7383952033733268,0.7397036621906725,0.7390365962732047,0.8022844223897907,0.7976333676019757,-0.0006670659174677906,0.0008860649207788179,-0.09018015613066438,0.15268723918731106,0.001545820078387185,0.0014888080944784894,-5.701198390869566e-5,0.00010933081883118292,-3.6881384001803434,7.613988998129413,0.0015929018761265434,0.001610689031917616,1.7787155791072545e-5,1.982927813457649e-5,1.1166510666887743,1.8862677387519349,7.179589131530233
325.000000000001,3.6260903601077064,3.662083934676746,0.03599357456903984,0.026529595472571273,0.9926276235424735,0.7383952033733268,0.7396124739208751,0.7389471239079123,0.8021664089388333,0.7974671914452978,-0.000665350012962862,0.0008860649207788179,-0.0899592741365855,0.15268723918731106,0.001515588334091792,0.001456247229216097,-5.9341104875695015e-5,0.00010933081883118292,-3.9153841145956596,7.613988998129413,0.00158219540955673,0.001596159447283918,1.3964037727188117e-5,1.982927813457649e-5,0.8825735204920295,1.8862677387519349,14.889594627693885
326.000000000001,3.7219623997999034,3.742515705877486,0.020553306077582434,0.026529595472571273,0.5522169186525743,0.7383952033733268,0.7379329574651985,0.7372590657455473,0.801361961671522,0.796584860538485,-0.000673891719651154,0.0008860649207788179,-0.0913215371171351,0.15268723918731106,0.0016224262363258855,0.0015639805646232025,-5.844567170268291e-5,0.00010933081883118292,-3.602362338212542,7.613988998129413,0.0016046127561263894,0.0016254150893132598,2.080233318687034e-5,1.982927813457649e-5,1.2964083145573486,1.8862677387519349,7.5502859209752975
327.0000000000011,3.721207891010545,3.7412282852667462,0.02002039425620117,0.026529595472571273,0.5380079491007517,0.7383952033733268,0.7368068877663981,0.7361266076957702,0.8007875549606768,0.7959614262124246,-0.0006802800706279255,0.0008860649207788179,-0.09232813671030798,0.15268723918731106,0.0016727248772182358,0.0016160340915393698,-5.6690785678866016e-5,0.00010933081883118292,-3.3891279104513323,7.613988998129413,0.0016258026484792102,0.0016534344140706398,2.763176559142963e-5,1.982927813457649e-5,1.6995768592994125,1.8862677387519349,7.424989951625285
328.0000000000011,3.71766436314967,3.7399792403058996,0.022314877156229596,0.026529595472571273,0.6002391549226365,0.7383952033733268,0.7375348925150333,0.7368582369510546,0.8010210938554999,0.796214035281627,-0.0006766555639787786,0.0008860649207788179,-0.09174556632450934,0.15268723918731106,0.0015610284797989286,0.0015054728882835694,-5.555559151535915e-5,0.00010933081883118292,-3.558909541644948,7.613988998129413,0.0016102674115799243,0.0016335707604788385,2.3303348898914226e-5,1.982927813457649e-5,1.4471726081849967,1.8862677387519349,7.7380456693024495
329.0000000000011,3.725496325903639,3.7471813426899043,0.021685016786265443,0.026529595472571273,0.5820705454864629,0.7383952033733268,0.7375866134664034,0.7369112481935831,0.8009515786966181,0.7961248294215202,-0.0006753652728203052,0.0008860649207788179,-0.09156419876525697,0.15268723918731106,0.0015136435808099,0.0014575646956596377,-5.607888515026232e-5,0.00010933081883118292,-3.704893665935304,7.613988998129413,0.0015981572860087026,0.0016168108714023828,1.865358539368013e-5,1.982927813457649e-5,1.1671933392905456,1.8862677387519349,7.31094389017857
330.0000000000011,3.623852266856672,3.6599301997750224,0.036077932918350264,0.026529595472571273,0.9955685348521188,0.7383952033733268,0.7375073842163996,0.7368337815246885,0.8008378385333984,0.7959635592586497,-0.0006736026917111282,0.0008860649207788179,-0.09133504370628505,0.15268723918731106,0.0014831092368731112,0.0014246661099009035,-5.844312697220774e-5,0.00010933081883118292,-3.940581416337568,7.613988998129413,0.0015865999690427394,0.0016009547471327846,1.4354778090045145e-5,1.982927813457649e-5,0.9047509372325256,1.8862677387519349,14.860788097461086
331.0000000000011,3.7210435841524805,3.7414702382201774,0.020426654067696948,0.026529595472571273,0.5489496052852443,0.7383952033733268,0.7357935814189731,0.7351116438422528,0.8000105914491578,0.7950501708387236,-0.000681937576720304,0.0008860649207788179,-0.09268055524556111,0.15268723918731106,0.0015904850094933943,0.0015323579650837102,-5.8127044409684095e-5,0.00010933081883118292,-3.6546741442221378,7.613988998129413,0.0016093306196338596,0.001630331949680795,2.1001330046935404e-5,1.982927813457649e-5,1.3049729987560565,1.8862677387519349,7.450749947991682
332.0000000000011,3.7118021275198543,3.732829200269096,0.02102707274924187,0.026529595472571273,0.5664922866804785,0.7383952033733268,0.7347036479746366,0.7340157183956127,0.7994532101866552,0.7944429718558046,-0.0006879295790238604,0.0008860649207788179,-0.09363361416814539,0.15268723918731106,0.001637504581233291,0.0015809835483336537,-5.6521032899637356e-5,0.00010933081883118292,-3.4516564745772125,7.613988998129413,0.0016297086722529186,0.001657258444086771,2.754977183385245e-5,1.982927813457649e-5,1.6904721870177868,1.8862677387519349,7.860921799232447
333.0000000000011,3.7225550225414734,3.7439514259709634,0.021396403429490007,0.026529595472571273,0.5747773585595571,0.7383952033733268,0.7353479868572251,0.7346634160252963,0.7996428857046167,0.7946486748536365,-0.0006845708319288546,0.0008860649207788179,-0.09309481281843375,0.15268723918731106,0.0015340135770092194,0.0014786586512974054,-5.5354925711813925e-5,0.00010933081883118292,-3.6085029846825956,7.613988998129413,0.0016156069328255975,0.0016391196859104255,2.351275308482806e-5,1.982927813457649e-5,1.4553510886280796,1.8862677387519349,7.2720014831183635
334.0000000000011,3.719861813619707,3.7420143494098475,0.022152535790140426,0.026529595472571273,0.5955203956510506,0.7383952033733268,0.735436442574176,0.7347532221507004,0.7995935931863435,0.7945834585456707,-0.0006832204234755723,0.0008860649207788179,-0.09289999569291983,0.15268723918731106,0.0014849988112483445,0.0014293875121798654,-5.561129906847908e-5,0.00010933081883118292,-3.744871621932827,7.613988998129413,0.0016030654462397776,0.0016218761564677226,1.8810710227944996e-5,1.982927813457649e-5,1.1734212269416848,1.8862677387519349,7.501794557375187
335.0000000000011,3.615384259219749,3.652555618197149,0.03717135897740009,0.026529595472571273,1.0281440730015845,0.7383952033733268,0.7354233783041619,0.7347421049931356,0.7995148064893157,0.7944616954553331,-0.0006812733110262981,0.0008860649207788179,-0.09263688524524058,0.15268723918731106,0.001450485101853123,0.0013927056089796162,-5.7779492873506755e-5,0.00010933081883118292,-3.983459933486276,7.613988998129413,0.0015900314642033327,0.0016042566007314664,1.4225136528133722e-5,1.982927813457649e-5,0.8946449707686173,1.8862677387519349,15.3759226926891
336.00000000000114,3.7133393179536465,3.73430597211974,0.020966654166093335,0.026529595472571273,0.5646307102806775,0.7383952033733268,0.7335335955489054,0.732842813959587,0.7986097536181243,0.7934650381275916,-0.0006907815893184566,0.0008860649207788179,-0.0941717725691272,0.15268723918731106,0.001571454165773005,0.001514320595263041,-5.7133570509963934e-5,0.00010933081883118292,-3.635713452823467,7.613988998129413,0.0016161166921425695,0.0016380952360716692,2.197854392909965e-5,1.982927813457649e-5,1.3599602080689828,1.8862677387519349,7.758295423712652
337.00000000000114,3.7133306821300605,3.733633975139217,0.020303293009156675,0.026529595472571273,0.5467677066000002,0.7383952033733268,0.7323274103372389,0.7316298534048556,0.7979991490699729,0.7928027363031361,-0.0006975569323832698,0.0008860649207788179,-0.09525205837400552,0.15268723918731106,0.0016267915632536172,0.0015716231477189238,-5.516841553469343e-5,0.00010933081883118292,-3.3912405732148896,7.613988998129413,0.0016399324919837476,0.0016695638856137555,2.9631393630007944e-5,1.982927813457649e-5,1.8068666713325663,1.8862677387519349,7.565654896500427
338.00000000000114,3.7142805456209538,3.7363967759800762,0.02211623035912247,0.026529595472571273,0.5954377997967053,0.7383952033733268,0.7330673611268881,0.7323738150274334,0.7982277596924574,0.7930540919528732,-0.0006935460994547116,0.0008860649207788179,-0.09460878170712395,0.15268723918731106,0.0015157401774239484,0.0014617782994478625,-5.396187797608587e-5,0.00010933081883118292,-3.5601007863891225,7.613988998129413,0.0016250481776653534,0.0016502922831997105,2.5244105534357082e-5,1.982927813457649e-5,1.5534373615079127,1.8862677387519349,7.594439762252795
339.00000000000114,3.711835122037113,3.7347181846973503,0.022883062660237208,0.026529595472571273,0.616489200298278,0.7383952033733268,0.7331850972655167,0.7324931848874711,0.7981878582758444,0.7930011671108942,-0.0006919123780456671,0.0008860649207788179,-0.09437076403028646,0.15268723918731106,0.0014644217542959834,0.0014101727429472685,-5.424901134871486e-5,0.00010933081883118292,-3.704466366302713,7.613988998129413,0.001612000072027023,0.001632072329891669,2.007225786464597e-5,1.982927813457649e-5,1.2451772312519778,1.8862677387519349,7.8170222934843965
340.00000000000114,3.6136867095425873,3.6506681508049823,0.036981441262395,0.026529595472571273,1.023371538123072,0.7383952033733268,0.7330551133991638,0.7323648625420911,0.7980424818569268,0.7928046069841095,-0.0006902508570727495,0.0008860649207788179,-0.09416084063203219,0.15268723918731106,0.001437708331300232,0.0013809251171691443,-5.678321413108778e-5,0.00010933081883118292,-3.9495642401775806,7.613988998129413,0.0016013234687868388,0.001616944634700445,1.5621165913606155e-5,1.982927813457649e-5,0.9755159540277478,1.8862677387519349,15.220317429960316
341.00000000000114,3.7158319239355584,3.736179299113998,0.020347375178439542,0.026529595472571273,0.5475859940642572,0.7383952033733268,0.7312072687160537,0.730508043048387,0.7971486891232489,0.7918176706053383,-0.0006992256676666697,0.0008860649207788179,-0.09562619213215134,0.15268723918731106,0.0015517010127293473,0.0014953443533431525,-5.635665938619476e-5,0.00010933081883118292,-3.6319277311720537,7.613988998129413,0.0016273443577101583,0.0016502708802359953,2.2926522525836988e-5,1.982927813457649e-5,1.4088304308313069,1.8862677387519349,7.398932217809528
342.00000000000114,3.7013574985835493,3.7230979761032237,0.02174047751967434,0.026529595472571273,0.5873649742829239,0.7383952033733268,0.7301558551560092,0.7294507605991275,0.7966146362471461,0.7912403343109996,-0.0007050945568817246,0.0008860649207788179,-0.0965676782433074,0.15268723918731106,0.0015948394546387982,0.0015405432960087027,-5.4296158630095506e-5,0.00010933081883118292,-3.404490556849974,7.613988998129413,0.0016480790856695337,0.0016776393036668116,2.956021799727787e-5,1.982927813457649e-5,1.7936164747378616,1.8862677387519349,8.136273700636329
343.00000000000114,3.7135224719351827,3.735486627889764,0.021964155954581344,0.026529595472571273,0.5914641993033485,0.7383952033733268,0.7308186030861001,0.730117304785406,0.7968055803279451,0.7914509895255889,-0.0007012983006940976,0.0008860649207788179,-0.09596065257953967,0.15268723918731106,0.0014922184405087714,0.0014389963711213605,-5.322206938741087e-5,0.00010933081883118292,-3.566640643394329,7.613988998129413,0.001633783323244145,0.001658943486510898,2.5160163266752964e-5,1.982927813457649e-5,1.539993884672132,1.8862677387519349,7.455149162884441
344.0000000000012,3.7054780017686384,3.728845680673289,0.023367678904650635,0.026529595472571273,0.6306252228051862,0.7383952033733268,0.7308605075808365,0.7301606125706167,0.7967257769702599,0.7913531170943906,-0.0006998950102198309,0.0008860649207788179,-0.09576314535539729,0.15268723918731106,0.001447228039423518,0.001393564601967477,-5.366343745604081e-5,0.00010933081883118292,-3.7080153226865935,7.613988998129413,0.0016221807289395983,0.0016424731831168728,2.0292454177274445e-5,1.982927813457649e-5,1.2509367060807952,1.8862677387519349,8.018494603109689
345.0000000000012,3.612002562842991,3.6489296312025754,0.03692706835958459,0.026529595472571273,1.0223433598706935,0.7383952033733268,0.7307666727520258,0.7300685679146629,0.796599675290522,0.7911789948683693,-0.0006981048373628784,0.0008860649207788179,-0.09553047003824836,0.15268723918731106,0.001418334095941552,0.0013622858995024055,-5.604819643914658e-5,0.00010933081883118292,-3.951692101284454,7.613988998129413,0.001611081495270669,0.0016269181080639696,1.583661279330067e-5,1.982927813457649e-5,0.9829802427617138,1.8862677387519349,15.077280311577304
346.0000000000012,3.7035960570141353,3.7252706646227356,0.021674607608600294,0.026529595472571273,0.5852314149528097,0.7383952033733268,0.7289328260886029,0.7282262786505443,0.7957035878996516,0.7901852301468186,-0.0007065474380585357,0.0008860649207788179,-0.09692901907708211,0.15268723918731106,0.0015284424951601942,0.0014724097276535323,-5.603276750666187e-5,0.00010933081883118292,-3.6660042941811266,7.613988998129413,0.0016368172358546425,0.0016597301029336882,2.291286707904565e-5,1.982927813457649e-5,1.399842729972354,1.8862677387519349,7.96885229219022
347.0000000000012,3.7112040051561186,3.7313544049504053,0.020150399794286677,0.026529595472571273,0.5429612537141841,0.7383952033733268,0.7278081896953393,0.7270959079469864,0.7951235640375293,0.7895537320909739,-0.0007122817483529165,0.0008860649207788179,-0.09786668499169784,0.15268723918731106,0.0015752096975639952,0.0015208309856725656,-5.4378711891429595e-5,0.00010933081883118292,-3.4521570033198943,7.613988998129413,0.0016589977484263308,0.0016886772010253667,2.9679452599035844e-5,1.982927813457649e-5,1.7889989680328844,1.8862677387519349,7.3134542959638855
348.0000000000012,3.7176112776606236,3.738908366693323,0.021297089032699557,0.026529595472571273,0.5728702503318515,0.7383952033733268,0.7285745307647594,0.7278664133597005,0.7953749509778639,0.7898345320517919,-0.0007081174050589389,0.0008860649207788179,-0.0971921711723374,0.15268723918731106,0.0014683986931066002,0.0014154124706748862,-5.298622243171398e-5,0.00010933081883118292,-3.608435684426708,7.613988998129413,0.0016427652646486175,0.0016677116050253413,2.494634037672385e-5,1.982927813457649e-5,1.5185578191574314,1.8862677387519349,7.018732904288123
349.0000000000012,3.711483920789649,3.734237332433143,0.022753411643494204,0.026529595472571273,0.613054296585858,0.7383952033733268,0.7288825593459629,0.7281767970774219,0.7954418646810236,0.7899012401388834,-0.0007057622685410214,0.0008860649207788179,-0.09682798133821618,0.15268723918731106,0.001407660228112829,0.0013546650899539314,-5.299513815889764e-5,0.00010933081883118292,-3.7647677401488604,7.613988998129413,0.001624871277870271,0.0016436966019526282,1.882532408235718e-5,1.982927813457649e-5,1.1585732567709395,1.8862677387519349,7.490354951689555
350.0000000000012,3.6074556700301885,3.645157825885775,0.03770215585558656,0.026529595472571273,1.0451176481198743,0.7383952033733268,0.728879696246475,0.7281760361903952,0.7953655515694439,0.7897789538263683,-0.0007036600560798023,0.0008860649207788179,-0.0965399447540456,0.15268723918731106,0.0013745193365071952,0.0013190658582503726,-5.545347825682261e-5,0.00010933081883118292,-4.034390552681201,7.613988998129413,0.0016096054397074506,0.0016231448474817501,1.3539407774299482e-5,1.982927813457649e-5,0.8411631472095609,1.8862677387519349,15.295057300860794
351.0000000000012,3.706778647316687,3.728067982025402,0.021289334708715302,0.026529595472571273,0.5743352040760922,0.7383952033733268,0.7269871595295457,0.7262753821955806,0.7944439999529169,0.7887449118220404,-0.0007117773339651023,0.0008860649207788179,-0.09790782748153543,0.15268723918731106,0.0014899289856365346,0.001433560978231135,-5.6368007405399644e-5,0.00010933081883118292,-3.7832680583308362,7.613988998129413,0.0016345023844122801,0.0016553136336103363,2.0811249198056207e-5,1.982927813457649e-5,1.2732467934293856,1.8862677387519349,7.6494140962954695
352.0000000000012,3.7073857078107313,3.727960329468045,0.020574621657313497,0.026529595472571273,0.5549630731425333,0.7383952033733268,0.7258117405311169,0.7250944981900037,0.7938403454259338,0.7880786303747388,-0.0007172423411131446,0.0008860649207788179,-0.09881933579474733,0.15268723918731106,0.0015413588350025862,0.0014860349540565079,-5.532388094607837e-5,0.00010933081883118292,-3.5892927519363487,7.613988998129413,0.00165676000760546,0.0016848647757166965,2.810476811123644e-5,1.982927813457649e-5,1.6963692980407392,1.8862677387519349,7.429286078560955
353.00000000000125,3.70974204685448,3.7319687824978445,0.022226735643364304,0.026529595472571273,0.5991450446591167,0.7383952033733268,0.7265821292534009,0.7258689792245574,0.7940888179717553,0.788355410398472,-0.0007131500288435344,0.0008860649207788179,-0.09815133074857363,0.15268723918731106,0.0014354531696120522,0.0013816419830000805,-5.3811186611971715e-5,0.00010933081883118292,-3.7487246363122257,7.613988998129413,0.0016401184787923381,0.0016636994756130587,2.3580996820720627e-5,1.982927813457649e-5,1.4377617913361922,1.8862677387519349,7.381907435596071
354.00000000000125,3.7035353135180045,3.727043976895645,0.02350866337764046,0.026529595472571273,0.6347627709079268,0.7383952033733268,0.7267480005467812,0.7260365762108458,0.794074400043093,0.7883298379203353,-0.0007114243359354067,0.0008860649207788179,-0.09789147481660142,0.15268723918731106,0.001384641194300893,0.001330667420911926,-5.397377338896693e-5,0.00010933081883118292,-3.8980331952508718,7.613988998129413,0.0016250206371461184,0.0016432625382390715,1.824190109295308e-5,1.982927813457649e-5,1.1225642724753166,1.8862677387519349,7.8490923084337165
355.00000000000125,3.6105432798206283,3.647343525497249,0.03680024567662077,0.026529595472571273,1.0192439980514234,0.7383952033733268,0.726617484807783,0.7259076162098509,0.7939263995195588,0.7881266980574226,-0.0007098685979320951,0.0008860649207788179,-0.09769495130163039,0.15268723918731106,0.0013597608374134984,0.001303269585390824,-5.649125202267431e-5,0.00010933081883118292,-4.154499119869528,7.613988998129413,0.0016133104265949926,0.0016271569756958783,1.3846549100885721e-5,1.982927813457649e-5,0.8582693617191738,1.8862677387519349,14.794105290697107
356.00000000000125,3.7081707328375613,3.729136032694997,0.02096529985743567,0.026529595472571273,0.5653811911026178,0.7383952033733268,0.7248312077936694,0.7241141515936728,0.7930378530230174,0.7871227776002594,-0.0007170561999966241,0.0008860649207788179,-0.09892733539706275,0.15268723918731106,0.001463103451062687,0.0014053998406994815,-5.77036103632056e-5,0.00010933081883118292,-3.943918683350387,7.613988998129413,0.0016373124761967913,0.0016579104979449727,2.0598021748181308e-5,1.982927813457649e-5,1.2580385264043878,1.8862677387519349,7.408898184138666
357.00000000000125,3.704010216782912,3.725065849148235,0.021055632365323262,0.026529595472571273,0.5684550293603392,0.7383952033733268,0.7238235383444149,0.7231020153245006,0.7925111195648117,0.7865391652034666,-0.0007215230199143496,0.0008860649207788179,-0.09968217137075602,0.15268723918731106,0.0015017069339929529,0.0014450223517578488,-5.6684582235104084e-5,0.00010933081883118292,-3.7746767329883077,7.613988998129413,0.0016561145117470874,0.0016828605843488306,2.6746072601743212e-5,1.982927813457649e-5,1.614989326645531,1.8862677387519349,7.508187389050909
358.00000000000125,3.708772694749381,3.7310554485900917,0.02228275384071088,0.026529595472571273,0.6008120657342315,0.7383952033733268,0.7245590690322692,0.7238412381694093,0.7927533815495328,0.7868115594590113,-0.000717830862859925,0.0008860649207788179,-0.09907140681002995,0.15268723918731106,0.001402547584159307,0.001347574758604781,-5.497282555452592e-5,0.00010933081883118292,-3.9194980744611865,7.613988998129413,0.0016391596504221758,0.0016613354965963167,2.2175846174140885e-5,1.982927813457649e-5,1.3528789687099336,1.8862677387519349,7.3149414435362266
359.00000000000125,3.7178651311423656,3.7394781057508832,0.021612974608517632,0.026529595472571273,0.5813275588584018,0.7383952033733268,0.7246862811415327,0.7239699057259351,0.7927222502777945,0.7867657005165536,-0.0007163754155975477,0.0008860649207788179,-0.09885317746999521,0.15268723918731106,0.0013563046295883422,0.001301121410677477,-5.518321891086523e-5,0.00010933081883118292,-4.068644883090469,7.613988998129413,0.0016244642869524043,0.0016415402329796709,1.7075946027266583e-5,1.982927813457649e-5,1.051173987906014,1.8862677387519349,6.841341637376784
360.00000000000125,3.6051013842570234,3.6427975142210602,0.03769612996403682,0.026529595472571273,1.045633005735999,0.7383952033733268,0.7247738670970431,0.7240594973882695,0.7926983486438225,0.7867039797644535,-0.0007143697087735879,0.0008860649207788179,-0.0985644959351077,0.15268723918731106,0.0013188851614775031,0.0012619457429603243,-5.6939418517178804e-5,0.00010933081883118292,-4.31723854208743,7.613988998129413,0.0016081181469095405,0.0016200966922243103,1.1978545314769848e-5,1.982927813457649e-5,0.7448796805004689,1.8862677387519349,15.118911428294771
361.00000000000125,3.705074414952208,3.7265201780806647,0.021445763128456807,0.026529595472571273,0.5788213872819998,0.7383952033733268,0.7230227619239455,0.7223012549393463,0.7918412278085002,0.7857311419566313,-0.0007215069845992739,0.0008860649207788179,-0.099790355517904,0.15268723918731106,0.0014222939188103844,0.0013641344037778854,-5.815951503249897e-5,0.00010933081883118292,-4.089134760636814,7.613988998129413,0.001629851161657792,0.001648597628979193,1.8746467321401018e-5,1.982927813457649e-5,1.1501950461742272,1.8862677387519349,7.516612263547075
362.0000000000013,3.703872529295556,3.7247561769008968,0.020883647605340894,0.026529595472571273,0.5638327842052594,0.7383952033733268,0.7218184407520829,0.7210920231389301,0.7912115488273854,0.7850234991281069,-0.000726417613152841,0.0008860649207788179,-0.1006371647136039,0.15268723918731106,0.0014751442479168757,0.0014171794246820733,-5.796482323480235e-5,0.00010933081883118292,-3.9294342445938666,7.613988998129413,0.0016516038671314074,0.0016775542953477102,2.5950428216302756e-5,1.982927813457649e-5,1.5712259297003723,1.8862677387519349,7.412213599612334
363.0000000000013,3.700414252768758,3.723615131666407,0.02320087889764899,0.026529595472571273,0.6269805841410706,0.7383952033733268,0.7225538965945006,0.7218311633153801,0.7914474490049819,0.7852881299764278,-0.0007227332791205354,0.0008860649207788179,-0.10002482617931759,0.15268723918731106,0.0013763012818467715,0.0013200740473253997,-5.622723452137178e-5,0.00010933081883118292,-4.085387063356071,7.613988998129413,0.0016351979930295077,0.0016568877749883074,2.168978195879966e-5,1.982927813457649e-5,1.3264315423122135,1.8862677387519349,7.7224278024382444
364.0000000000013,3.7061067122441993,3.7289454397357877,0.02283872749158844,0.026529595472571273,0.6162458144050217,0.7383952033733268,0.7226066113172546,0.7218849424936525,0.791371229414239,0.785192415687237,-0.0007216688236020286,0.0008860649207788179,-0.09987022154232486,0.15268723918731106,0.0013349739943863581,0.0012785695003378335,-5.640449404852466e-5,0.00010933081883118292,-4.225138039071082,7.613988998129413,0.0016224356721102572,0.0016395179634404904,1.7082291330233236e-5,1.982927813457649e-5,1.0528794222093731,1.8862677387519349,7.4329345736183265
365.0000000000013,3.60498889294935,3.642230820116041,0.037241927166690836,0.026529595472571273,1.033066349789003,0.7383952033733268,0.7225012811430611,0.7217809301654318,0.7912362079166101,0.7850051100526522,-0.0007203509776293471,0.0008860649207788179,-0.09970238066425126,0.15268723918731106,0.0013094332143113539,0.001250976912645427,-5.845630166592696e-5,0.00010933081883118292,-4.464244608051264,7.613988998129413,0.0016109623775923344,0.0016239157595725644,1.2953381980230008e-5,1.982927813457649e-5,0.8040772497486564,1.8862677387519349,14.900309433635153
366.0000000000013,3.7043827303742405,3.725603411842552,0.021220681468311575,0.026529595472571273,0.5728533743101574,0.7383952033733268,0.7207698345846544,0.7200425791091374,0.7903744632782218,0.7840258716079432,-0.0007272554755169969,0.0008860649207788179,-0.10089982136059841,0.15268723918731106,0.0014082203461359228,0.0013486212263864594,-5.959911974946341e-5,0.00010933081883118292,-4.2322297013390004,7.613988998129413,0.0016341233320867309,0.0016538926013170256,1.9769269230294735e-5,1.982927813457649e-5,1.209778285525727,1.8862677387519349,7.395576720977459
367.0000000000013,3.6977484882148683,3.719288287773366,0.02153979955849783,0.026529595472571273,0.5825112126243184,0.7383952033733268,0.7197031309741461,0.718971440904044,0.789812741229468,0.7833976640457151,-0.0007316900701020979,0.0008860649207788179,-0.10166553938868196,0.15268723918731106,0.0014509922810959485,0.0013920582342848826,-5.8934046811065944e-5,0.00010933081883118292,-4.061637513781431,7.613988998129413,0.0016539817240219204,0.001680232582700536,2.625085867861564e-5,1.982927813457649e-5,1.5871311210611498,1.8862677387519349,7.640193205076846
368.0000000000013,3.7023877208152616,3.725141350661658,0.022753629846396617,0.026529595472571273,0.6145663707361879,0.7383952033733268,0.7204045961081798,0.7196763043203009,0.7900353565162174,0.783651238592507,-0.0007282917878788098,0.0008860649207788179,-0.10109482807484,0.15268723918731106,0.00135667942568283,0.001299572154559569,-5.710727112326103e-5,0.00010933081883118292,-4.2093415763652775,7.613988998129413,0.0016380000622981802,0.0016598529531877107,2.185289088953049e-5,1.982927813457649e-5,1.3341202721854601,1.8862677387519349,7.447032950020064
369.0000000000013,3.6952421469814176,3.719298082558374,0.02405593557695651,0.026529595472571273,0.6509975427891082,0.7383952033733268,0.7204788363471007,0.7197516039298026,0.7899725986943573,0.7835717019830106,-0.0007272324172981071,0.0008860649207788179,-0.10093737395330689,0.15268723918731106,0.0013150712084372413,0.0012578619115276174,-5.720929690962396e-5,0.00010933081883118292,-4.350281303596355,7.613988998129413,0.0016248338076723999,0.0016418628798096834,1.7029072137283562e-5,1.982927813457649e-5,1.048050087145711,1.8862677387519349,7.960019490830497
370.0000000000013,3.60769495336855,3.6442395088862685,0.036544555517718624,0.026529595472571273,1.012961350393456,0.7383952033733268,0.7203199425389626,0.719593844628951,0.7898082098712571,0.7833509362059208,-0.0007260979100115472,0.0008860649207788179,-0.1008021390400797,0.15268723918731106,0.0012934392044876692,0.0012340539023396597,-5.938530214800943e-5,0.00010933081883118292,-4.591271235785058,7.613988998129413,0.001614371580200237,0.0016274336660544856,1.3062085854248723e-5,1.982927813457649e-5,0.8091127231457197,1.8862677387519349,14.44535969137712
371.00000000000136,3.7010258862361534,3.722517401562786,0.021491515326632626,0.026529595472571273,0.5806907594609919,0.7383952033733268,0.7186011270392058,0.7178689013253929,0.7889320096008376,0.7823464906924853,-0.0007322257138128174,0.0008860649207788179,-0.1018959873928598,0.15268723918731106,0.001388081381546884,0.0013267042311803127,-6.137715036657124e-5,0.00010933081883118292,-4.421725641055158,7.613988998129413,0.0016375069326307742,0.0016569629158793443,1.9455983248570057e-5,1.982927813457649e-5,1.1881466185497367,1.8862677387519349,7.445148627664785
372.00000000000136,3.7031516890474254,3.723981335907552,0.020829646860126783,0.026529595472571273,0.5624843001093716,0.7383952033733268,0.7176384262436597,0.716902570952121,0.7884153215014106,0.7817656486764355,-0.0007358552915387451,0.0008860649207788179,-0.1025384461908538,0.15268723918731106,0.0014229926533013224,0.0013620814315290306,-6.09112217722918e-5,0.00010933081883118292,-4.280501493172059,7.613988998129413,0.001655190894220907,0.0016803302842607604,2.5139390039853474e-5,1.982927813457649e-5,1.518821190209997,1.8862677387519349,7.169145448459992
373.00000000000136,3.696216431187989,3.7197366232448887,0.023520192056899702,0.026529595472571273,0.6363315702630583,0.7383952033733268,0.7183965729279322,0.7176640258525353,0.7886822302777877,0.7820731709647243,-0.0007325470753969388,0.0008860649207788179,-0.10196973412767464,0.15268723918731106,0.0013286646339026832,0.0012700336260822855,-5.863100782039772e-5,0.00010933081883118292,-4.412777033748616,7.613988998129413,0.0016373078809189749,0.0016577616981879025,2.0453817268927584e-5,1.982927813457649e-5,1.2492346434836332,1.8862677387519349,7.6985176207929715
374.00000000000136,3.707493561198437,3.729977568227449,0.022484007029011988,0.026529595472571273,0.6064476352521053,0.7383952033733268,0.71846900556092,0.7177374259341747,0.7886227573654867,0.781995872267099,-0.0007315796267453045,0.0008860649207788179,-0.10182479982892914,0.15268723918731106,0.001288980920013466,0.001230189519058209,-5.879140095525694e-5,0.00010933081883118292,-4.561076121642107,7.613988998129413,0.0016233464474548613,0.0016389664406340255,1.5619993179164264e-5,1.982927813457649e-5,0.9622094657399737,1.8862677387519349,7.078117732994542
375.00000000000136,3.5973567093770202,3.635486255521872,0.038129546144851645,0.026529595472571273,1.0599323121185502,0.7383952033733268,0.7184089801468885,0.7176786818019802,0.7885153231165772,0.7818399957850795,-0.0007302983449082312,0.0008860649207788179,-0.10165495770374583,0.15268723918731106,0.0012623277189160224,0.0012017395105008073,-6.058820841521508e-5,0.00010933081883118292,-4.799720984281561,7.613988998129413,0.001610296288792012,0.0016216305100197385,1.1334221227726456e-5,1.982927813457649e-5,0.7038593646780986,1.8862677387519349,15.166539403928633
376.00000000000136,3.701423104601974,3.7227869655098584,0.021363860907884558,0.026529595472571273,0.577179649668337,0.7383952033733268,0.7166467773540993,0.7159097348105506,0.787643089018146,0.7808422871783481,-0.0007370425435486716,0.0008860649207788179,-0.1028459998480527,0.15268723918731106,0.0013641713255446012,0.001302058027230541,-6.211329831406023e-5,0.00010933081883118292,-4.553188969080808,7.613988998129413,0.0016334312979135567,0.0016520189036558516,1.8587605742294896e-5,1.982927813457649e-5,1.137948425871204,1.8862677387519349,7.314162909664725
377.00000000000136,3.690667829965306,3.712785464733334,0.02211763476802764,0.026529595472571273,0.5992854352388455,0.7383952033733268,0.7155126491514802,0.7147712541305052,0.7870464395095234,0.7801696634689012,-0.000741395020974922,0.0008860649207788179,-0.10361731855532332,0.15268723918731106,0.0014122780766157059,0.0013503978786756873,-6.18801979400186e-5,0.00010933081883118292,-4.381587377487612,7.613988998129413,0.0016544414184697298,0.0016801462308275884,2.570481235785859e-5,1.982927813457649e-5,1.5536852541828996,1.8862677387519349,7.804124400403361
378.00000000000136,3.700333679030322,3.7230342200584605,0.022700541028138677,0.026529595472571273,0.6134728107570934,0.7383952033733268,0.7162015834900015,0.7154633742381161,0.7872574028307139,0.7804135243798466,-0.0007382092518853911,0.0008860649207788179,-0.10307283157461726,0.15268723918731106,0.001320170988939766,0.001260309170222519,-5.986181871724702e-5,0.00010933081883118292,-4.534398893685905,7.613988998129413,0.001638917083806219,0.0016603871929483848,2.1470109142165787e-5,1.982927813457649e-5,1.310018020698377,1.8862677387519349,7.298241222640802
379.00000000000136,3.688432118405662,3.713056601238997,0.024624482833335293,0.026529595472571273,0.6676138273077211,0.7383952033733268,0.7162787422356237,0.7155413914346664,0.7871932445451223,0.7803349531091869,-0.0007373508009572705,0.0008860649207788179,-0.10294187967325086,0.15268723918731106,0.001279334781396883,0.0012195898939135622,-5.9744887483320804e-5,0.00010933081883118292,-4.669996341230277,7.613988998129413,0.00162587095374407,0.001642545458433841,1.6674504689771037e-5,1.982927813457649e-5,1.0255736872211685,1.8862677387519349,8.104972028614556
380.0000000000014,3.5977841936625974,3.635462244125844,0.03767805046324657,0.026529595472571273,1.0472571014574878,0.7383952033733268,0.7161220968636571,0.7153857740256954,0.7870277517184431,0.7801135069354013,-0.000736322837961767,0.0008860649207788179,-0.10282085152609889,0.15268723918731106,0.0012581460695238987,0.001196346531066598,-6.179953845730063e-5,0.00010933081883118292,-4.911952590742226,7.613988998129413,0.0016154592214380435,0.0016281434487812863,1.2684227343242758e-5,1.982927813457649e-5,0.7851778104278956,1.8862677387519349,14.878333874133755
381.0000000000014,3.692015920392842,3.714199676423961,0.022183756031119106,0.026529595472571273,0.6008575398764446,0.7383952033733268,0.7142755680937101,0.7135327855019512,0.7860898002758178,0.7790363438841944,-0.0007427825917588615,0.0008860649207788179,-0.10399104000452265,0.15268723918731106,0.0013620141257817248,0.0012979415196874608,-6.407260609426406e-5,0.00010933081883118292,-4.704254154301794,7.613988998129413,0.0016414367508838675,0.0016613867616133051,1.9950010729437653e-5,1.982927813457649e-5,1.2153992969083416,1.8862677387519349,7.702379927362453
382.0000000000014,3.6929093169812,3.714507405961876,0.021598088980675723,0.026529595472571273,0.5848529472781981,0.7383952033733268,0.7132158990043765,0.7124692566180699,0.7855232707267801,0.7783996973720103,-0.0007466423863066174,0.0008860649207788179,-0.1046867277284344,0.15268723918731106,0.001403779669112568,0.0013400649354586111,-6.37147336539569e-5,0.00010933081883118292,-4.538798720046691,7.613988998129413,0.0016620954441263192,0.001688575216607998,2.647977248167871e-5,1.982927813457649e-5,1.5931559511371989,1.8862677387519349,7.477050945410296
383.0000000000014,3.6962693481886966,3.719267941429155,0.022998593240458387,0.026529595472571273,0.6222109666258092,0.7383952033733268,0.7139343514193006,0.7131907774507461,0.7857569464047025,0.7786756038793058,-0.0007435739685545117,0.0008860649207788179,-0.1041515885986278,0.15268723918731106,0.001311628416370769,0.001250351126426576,-6.1277289944193e-5,0.00010933081883118292,-4.671848305463308,7.613988998129413,0.0016461603808568834,0.0016681116650230671,2.1951284166183728e-5,1.982927813457649e-5,1.3334839315448308,1.8862677387519349,7.363438904341301
384.0000000000014,3.6896156832373483,3.7139895483590175,0.02437386512166917,0.026529595472571273,0.6606071529998218,0.7383952033733268,0.7140944174816782,0.7133519099114749,0.78574071888643,0.7786538315130607,-0.0007425075702033324,0.0008860649207788179,-0.10397890699409972,0.15268723918731106,0.0012665460740236521,0.001205606646863223,-6.093942716042908e-5,0.00010933081883118292,-4.8114654816174545,7.613988998129413,0.0016312719889228604,0.0016478560457454472,1.6584056822586827e-5,1.982927813457649e-5,1.0166334575227636,1.8862677387519349,7.852736909547636
385.0000000000014,3.596317020977354,3.6340721980326545,0.037755177055300404,0.026529595472571273,1.0498289454203862,0.7383952033733268,0.7139677866290706,0.7132263684620597,0.7855910645542764,0.7784510326730747,-0.0007414181670108988,0.0008860649207788179,-0.10384476455323462,0.15268723918731106,0.0012439689116812327,0.0011810387554984782,-6.293015618275455e-5,0.00010933081883118292,-5.058820649923156,7.613988998129413,0.0016196103660109991,0.0016318233306458318,1.2212964634832676e-5,1.982927813457649e-5,0.7540680703910569,1.8862677387519349,14.76365871113194
386.0000000000014,3.6879940537946174,3.710691075021975,0.022697021227357617,0.026529595472571273,0.6154299843299477,0.7383952033733268,0.7121846645273288,0.7114375097463685,0.7846809830593972,0.7773991432062934,-0.000747154780960213,0.0008860649207788179,-0.10491025968048522,0.15268723918731106,0.0013432640805384729,0.0012775045815946566,-6.575949894381625e-5,0.00010933081883118292,-4.895500437818252,7.613988998129413,0.0016436363654924282,0.0016625427341972559,1.8906368704827694e-5,1.982927813457649e-5,1.1502768557425662,1.8862677387519349,7.7997493610239825
387.0000000000014,3.686686387939621,3.709004251364555,0.02231786342493436,0.026529595472571273,0.6053637623732663,0.7383952033733268,0.7110913076738514,0.710340622637727,0.7840916830999686,0.7767309067581619,-0.00075068503612441,0.0008860649207788179,-0.10556802312491752,0.15268723918731106,0.0013872536996621407,0.00132124052416836,-6.601317549378071e-5,0.00010933081883118292,-4.758551050168972,7.613988998129413,0.0016641484051617738,0.0016894919445447662,2.5343539382992417e-5,1.982927813457649e-5,1.5229134195233474,1.8862677387519349,7.7085419708315746
388.0000000000014,3.691722263614866,3.7151096001644426,0.0233873365495767,0.026529595472571273,0.6335074764447814,0.7383952033733268,0.711726533856456,0.7109785412112304,0.7842824555406408,0.7769587299305458,-0.0007479926452256258,0.0008860649207788179,-0.10509551206032233,0.15268723918731106,0.0013015990251897718,0.0012380207898297535,-6.357823536001827e-5,0.00010933081883118292,-4.884625305458309,7.613988998129413,0.001649631328259237,0.0016708879175007369,2.1256589241499873e-5,1.982927813457649e-5,1.2885660497203792,1.8862677387519349,7.4803237337748385
389.0000000000015,3.683675575430584,3.7085760852316776,0.024900509801093484,0.026529595472571273,0.6759691316785645,0.7383952033733268,0.7118385640838475,0.711091390324933,0.7842397438890534,0.7769082857287257,-0.0007471737589145322,0.0008860649207788179,-0.10496393376441496,0.15268723918731106,0.0012599353311566798,0.0011967629564660408,-6.317237469063899e-5,0.00010933081883118292,-5.013937868751071,7.613988998129413,0.001636077026137071,0.0016524074961853233,1.6330470048252438e-5,1.982927813457649e-5,0.9981479959296408,1.8862677387519349,8.050506067351721
390.0000000000015,3.592206622450821,3.630307929206676,0.0381013067558551,0.026529595472571273,1.0606657901504586,0.7383952033733268,0.711685182595116,0.7109389490475234,0.7840748748269016,0.7766901748859077,-0.000746233547592623,0.0008860649207788179,-0.10485444489254764,0.15268723918731106,0.0012391012784666213,0.001174053739605446,-6.504753886117523e-5,0.00010933081883118292,-5.249574025270241,7.613988998129413,0.001625476527121177,0.0016377612155383575,1.2284688417180459e-5,1.982927813457649e-5,0.7557592012071332,1.8862677387519349,14.847756343855607
391.0000000000015,3.687066552397255,3.7096338532499273,0.022567300852672556,0.026529595472571273,0.6120665448254456,0.7383952033733268,0.7098843555388366,0.7091324567639263,0.7831552810112089,0.7756278252405655,-0.0007518987749102202,0.0008860649207788179,-0.10591848785560186,0.15268723918731106,0.001339574562512181,0.0012716120438712915,-6.796251864088954e-5,0.00010933081883118292,-5.0734405193120065,7.613988998129413,0.0016504176925189755,0.0016696362192752418,1.921852675626631e-5,1.982927813457649e-5,1.1644644166976745,1.8862677387519349,7.669769771135048
392.0000000000015,3.6833033193687728,3.705892655928008,0.022589336559235118,0.026529595472571273,0.6132901529029211,0.7383952033733268,0.7088432505108093,0.7080880806579346,0.782594779210859,0.7749939639800817,-0.0007551698528747153,0.0008860649207788179,-0.10653552140484118,0.15268723918731106,0.0013805660086149093,0.0013124724304278406,-6.809357818706873e-5,0.00010933081883118292,-4.932294273664283,7.613988998129413,0.0016702417727415852,0.0016957252075516015,2.5483434810016307e-5,1.982927813457649e-5,1.5257332935810264,1.8862677387519349,7.735921231522511
393.0000000000015,3.686909949632369,3.710787354900605,0.023877405268236007,0.026529595472571273,0.6476264838151765,0.7383952033733268,0.7095136652544701,0.7087612236954731,0.7828033268173272,0.7752442788662719,-0.0007524415589970079,0.0008860649207788179,-0.1060503265609608,0.15268723918731106,0.0012931321588294787,0.0012276435278820667,-6.548863094741199e-5,0.00010933081883118292,-5.06434168389186,7.613988998129413,0.0016547756904976127,0.0016758514056397372,2.1075715142124512e-5,1.982927813457649e-5,1.273629728980776,1.8862677387519349,7.601964539720726
394.0000000000015,3.6999114381379057,3.722604810146272,0.022693372008366186,0.026529595472571273,0.6133490595057952,0.7383952033733268,0.7095927465392091,0.7088410267846418,0.7827407011794291,0.7751709047665629,-0.0007517197545673371,0.0008860649207788179,-0.10593678673204987,0.15268723918731106,0.0012538051253883538,0.0011885875514047698,-6.521757398358398e-5,0.00010933081883118292,-5.201571812316804,7.613988998129413,0.0016415332360107848,0.0016576302411599666,1.609700514918172e-5,1.982927813457649e-5,0.9806079338545883,1.8862677387519349,6.881848123568249
395.0000000000015,3.5845149924101465,3.623872271802481,0.039357279392334465,0.026529595472571273,1.097980604786689,0.7383952033733268,0.7096823110150469,0.7089321077869197,0.7827139570179027,0.7751137068973588,-0.0007502032281271331,0.0008860649207788179,-0.10570972623710036,0.15268723918731106,0.0012187306337649766,0.0011524765841080503,-6.625404965692632e-5,0.00010933081883118292,-5.436316099830059,7.613988998129413,0.0016257199824171887,0.0016366946572115937,1.0974674794404999e-5,1.982927813457649e-5,0.6750655040905256,1.8862677387519349,15.294688456782856
396.0000000000015,3.6908198187089205,3.7130205930294853,0.022200774320564776,0.026529595472571273,0.6015133604742263,0.7383952033733268,0.7079417396786325,0.7071860606436075,0.78184518852445,0.7741078369050488,-0.0007556790350250475,0.0008860649207788179,-0.10674311072095921,0.15268723918731106,0.0013189299630419018,0.0012497443529943357,-6.91856100475661e-5,0.00010933081883118292,-5.24558634546451,7.613988998129413,0.0016477223098472621,0.0016653767300830466,1.7654420235784516e-5,1.982927813457649e-5,1.0714439035192171,1.8862677387519349,7.320289450672847
397.00000000000153,3.6889399431951486,3.7107208884887934,0.021780945293644827,0.026529595472571273,0.5904391404859636,0.7383952033733268,0.7067826311368061,0.706023639406801,0.7812271922691203,0.77340058463456,-0.000758991730005043,0.0008860649207788179,-0.10738686783859737,0.15268723918731106,0.0013692197571968565,0.0012990475727205227,-7.01721844763338e-5,0.00010933081883118292,-5.124976038908045,7.613988998129413,0.0016685743924011484,0.0016930675117408612,2.4493119339712805e-5,1.982927813457649e-5,1.4679069420732378,1.8862677387519349,7.264158675870757
398.00000000000153,3.676011006938762,3.7014323125951387,0.02542130565637679,0.026529595472571273,0.6915459613257975,0.7383952033733268,0.7076081389847481,0.7068524161235376,0.7815140151062397,0.7737376214739893,-0.000755722861210506,0.0008860649207788179,-0.10679962815221308,0.15268723918731106,0.0012716179904644549,0.0012043137870421331,-6.730420342232176e-5,0.00010933081883118292,-5.292800505106025,7.613988998129413,0.001649530710257493,0.0016690260349862807,1.9495324728787712e-5,1.982927813457649e-5,1.181870977457854,1.8862677387519349,8.176823118463435
399.00000000000153,3.681953622189822,3.7068563388173206,0.024902716627498656,0.026529595472571273,0.6763452010209705,0.7383952033733268,0.7075742037360419,0.7068189149310543,0.7813830218473565,0.773581358309167,-0.0007552888049875417,0.0008860649207788179,-0.10674340599184698,0.15268723918731106,0.0012393950827615618,0.0011718252930069172,-6.756978975464467e-5,0.00010933081883118292,-5.45183619771097,7.613988998129413,0.0016374311023787441,0.0016522865230452868,1.4855420666542649e-5,1.982927813457649e-5,0.9072394340721722,1.8862677387519349,7.860031048802345
400.00000000000153,3.5843934963347017,3.6232706775412207,0.03887718120651895,0.026529595472571273,1.0846236956481938,0.7383952033733268,0.7073069088288576,0.7065523658720262,0.7811497161615522,0.7732805236364748,-0.0007545429568314166,0.0008860649207788179,-0.10667829585897462,0.15268723918731106,0.001225540737292127,0.001155646743137929,-6.989399415419811e-5,0.00010933081883118292,-5.703114717233407,7.613988998129413,0.001629223274994074,0.0016406006401713002,1.1377365177226264e-5,1.982927813457649e-5,0.6983306310344508,1.8862677387519349,15.056538935950632
401.00000000000153,3.686991005566952,3.709312328635252,0.022321323068299925,0.026529595472571273,0.6054075812660561,0.7383952033733268,0.7055415784506739,0.7047818592929471,0.780249529800387,0.7722367832996849,-0.0007597191577267681,0.0008860649207788179,-0.10767886414221892,0.15268723918731106,0.001324585414740729,0.001251530651663382,-7.30547630773471e-5,0.00010933081883118292,-5.515292729661126,7.613988998129413,0.001654142688820053,0.0016727531972580668,1.8610508438013764e-5,1.982927813457649e-5,1.1250848287634223,1.8862677387519349,7.367625637127864
402.00000000000153,3.6803637651594188,3.7030989006857578,0.02273513552633899,0.026529595472571273,0.6177415325507694,0.7383952033733268,0.7045303622632729,0.7037677233725799,0.7797050317031713,0.7716197936929526,-0.000762638890693057,0.0008860649207788179,-0.108247838779171,0.15268723918731106,0.0013646731119431386,0.0012913479466263617,-7.332516531677693e-5,0.00010933081883118292,-5.3730937229627305,7.613988998129413,0.0016734585053394292,0.0016983770992338044,2.491859389437516e-5,1.982927813457649e-5,1.4890476109726365,1.8862677387519349,7.611074925370399
403.00000000000153,3.681247389457923,3.705731905164986,0.024484515707063004,0.026529595472571273,0.6651146504627725,0.7383952033733268,0.7052888911114431,0.7045290649526315,0.7799580966934133,0.7719238053863405,-0.0007598261588116495,0.0008860649207788179,-0.10773261402349082,0.15268723918731106,0.0012722028942325964,0.0012019573361278472,-7.02455581047493e-5,0.00010933081883118292,-5.521568801894765,7.613988998129413,0.0016558567658552122,0.0016758204344429688,1.9963668587756568e-5,1.982927813457649e-5,1.2056398234086263,1.8862677387519349,7.659586653439447
404.00000000000153,3.6862715507953547,3.710514452224413,0.02424290142905816,0.026529595472571273,0.6576537049699304,0.7383952033733268,0.7053418567747911,0.7045826019181516,0.7798761832694007,0.7718270409274646,-0.0007592548566395241,0.0008860649207788179,-0.10764352765214483,0.15268723918731106,0.0012349734327213662,0.0011648914688898973,-7.00819638314689e-5,0.00010933081883118292,-5.674775017389442,7.613988998129413,0.0016423762751439327,0.001657209931806495,1.4833656662562337e-5,1.982927813457649e-5,0.903182595064116,1.8862677387519349,7.417626958509693
405.00000000000153,3.5841613476092107,3.623112570876842,0.03895122326763145,0.026529595472571273,1.0867597602327135,0.7383952033733268,0.7052851816038145,0.7045271058000888,0.7797616483904198,0.7716659299874681,-0.0007580758037256663,0.0008860649207788179,-0.10748500372598305,0.15268723918731106,0.0012087984124571894,0.0011371651663893776,-7.163324606781173e-5,0.00010933081883118292,-5.9259877684815105,7.613988998129413,0.0016293615847088301,0.0016396131532734107,1.0251568564580583e-5,1.982927813457649e-5,0.6291770139169297,1.8862677387519349,14.871054558460667
406.0000000000016,3.678588141201924,3.7021319836882913,0.023543842486367428,0.026529595472571273,0.640023878255499,0.7383952033733268,0.7035701235890561,0.7028077034852328,0.7788799731792095,0.7706328184569556,-0.0007624201038233247,0.0008860649207788179,-0.10836447971014783,0.15268723918731106,0.0013045740194566465,0.0012287724080877235,-7.580161136892306e-5,0.00010933081883118292,-5.810449253043866,7.613988998129413,0.001651511288624125,0.0016681239121535078,1.661262352938269e-5,1.982927813457649e-5,1.0059043279820796,1.8862677387519349,7.758568667848357
407.0000000000016,3.671776230837942,3.6955818790020856,0.023805648164143545,0.026529595472571273,0.6483414747393476,0.7383952033733268,0.7024313918078651,0.7016663984524888,0.7782574240604272,0.7699144048265779,-0.0007649933553762756,0.0008860649207788179,-0.10890648742326182,0.15268723918731106,0.0013526010143847,0.0012752088999775568,-7.739211440714318e-5,0.00010933081883118292,-5.721725296971551,7.613988998129413,0.0016721063713442121,0.0016951828150551453,2.3076443710933143e-5,1.982927813457649e-5,1.3800822786400788,1.8862677387519349,8.006465294578495
408.0000000000016,3.682908424331006,3.7069095583774647,0.02400113404645854,0.026529595472571273,0.6516896778615477,0.7383952033733268,0.7030116534564637,0.7022488481952319,0.7784150674644609,0.7701089279105315,-0.000762805261231736,0.0008860649207788179,-0.10850535086883524,0.15268723918731106,0.0012720795938120002,0.0011976237090658651,-7.445588474613504e-5,0.00010933081883118292,-5.853083809246202,7.613988998129413,0.0016583023309713087,0.0016775008186951884,1.919848772387973e-5,1.982927813457649e-5,1.1577193956324419,1.8862677387519349,7.396745738993639
409.0000000000016,3.682142093724868,3.7067263408438365,0.02458424711896834,0.026529595472571273,0.6676615538782434,0.7383952033733268,0.7031033826986486,0.7023410595840797,0.7783571089918844,0.7700441162634811,-0.0007623231145689191,0.0008860649207788179,-0.10842262081615558,0.15268723918731106,0.0012328134966549788,0.0011591037986696975,-7.370969798528126e-5,0.00010933081883118292,-5.97898207517029,7.613988998129413,0.0016451628870403948,0.001659602462930704,1.443957589030917e-5,1.982927813457649e-5,0.8776988591254687,1.8862677387519349,7.50648134461242
410.0000000000016,3.578934524609101,3.618537821038676,0.03960329642957516,0.026529595472571273,1.1065666655050284,0.7383952033733268,0.7031149240702582,0.7023537490623116,0.7782804560261785,0.7699309941039771,-0.0007611750079465907,0.0008860649207788179,-0.1082575524837716,0.15268723918731106,0.0012026326835257754,0.0011279216575178067,-7.471102600796866e-5,0.00010933081883118292,-6.212289673430234,7.613988998129413,0.0016311195225390826,0.0016408884916523632,9.76896911328057e-6,1.982927813457649e-5,0.5989119116221294,1.8862677387519349,15.082785587485038
411.0000000000016,3.679157910983234,3.7024295609570586,0.02327164997382436,0.026529595472571273,0.6325265328882049,0.7383952033733268,0.7013276228173476,0.7005620837569133,0.7773632576732644,0.7688555274783155,-0.000765539060434306,0.0008860649207788179,-0.10915569778344257,0.15268723918731106,0.0013043471343154218,0.001225016332229394,-7.933080208602787e-5,0.00010933081883118292,-6.082031385583879,7.613988998129413,0.0016546585010350973,0.0016711885086954329,1.6530007660335534e-5,1.982927813457649e-5,0.9989981407036516,1.8862677387519349,7.556902552639569
412.0000000000016,3.675444449781115,3.6986162902479545,0.02317184046683929,0.026529595472571273,0.6304500253899701,0.7383952033733268,0.7002143057664251,0.6994464442899058,0.7767586557388944,0.7681576825236309,-0.0007678614765193048,0.0008860649207788179,-0.10966092383371631,0.15268723918731106,0.0013517512609729054,0.0012708158952269592,-8.09353657459462e-5,0.00010933081883118292,-5.9874451818668195,7.613988998129413,0.0016750856776615362,0.0016981427176534418,2.305703999190556e-5,1.982927813457649e-5,1.3764692934449656,1.8862677387519349,7.613066826123156
413.0000000000016,3.6841177655766875,3.707994334749504,0.023876569172816442,0.026529595472571273,0.6480946237905878,0.7383952033733268,0.7009347674978667,0.7001693536305448,0.7769907305822916,0.7684406278597626,-0.0007654138673218736,0.0008860649207788179,-0.10919901577349038,0.15268723918731106,0.001262217554940562,0.0011848508092450803,-7.736674569548165e-5,0.00010933081883118292,-6.129430334149081,7.613988998129413,0.0016582462671799777,0.0016767156393665444,1.846937218656663e-5,1.982927813457649e-5,1.1137894625251135,1.8862677387519349,7.183809785104799
414.0000000000016,3.6841992512750568,3.7086188925512436,0.024419641276186788,0.026529595472571273,0.6628208631152467,0.7383952033733268,0.7011066733113234,0.7003418601038173,0.7769763754259975,0.7684255745942646,-0.0007648132075060987,0.0008860649207788179,-0.10908656793892572,0.15268723918731106,0.00121843780007173,0.0011420485598155922,-7.638924025613774e-5,0.00010933081883118292,-6.269441103324329,7.613988998129413,0.0016423975960077556,0.001655459210033145,1.306161402538932e-5,1.982927813457649e-5,0.7952772250238755,1.8862677387519349,7.258566727935112
415.00000000000165,3.577883924376762,3.6176528465236024,0.039768922146840247,0.026529595472571273,1.1115207476656097,0.7383952033733268,0.7011459614595036,0.7003823239573725,0.7769156410487791,0.7683279904830689,-0.0007636375021310426,0.0008860649207788179,-0.10891277196283877,0.15268723918731106,0.0011871902258878155,0.0011097945540963097,-7.739567179150574e-5,0.00010933081883118292,-6.519230878406786,7.613988998129413,0.0016266242978652836,0.0016346734169333454,8.049119068061824e-6,1.982927813457649e-5,0.4948357822162847,1.8862677387519349,15.008270785518492
416.00000000000165,3.6861812577592707,3.708638812588608,0.02245755482933731,0.026529595472571273,0.609236314195484,0.7383952033733268,0.6993600201319814,0.6985926465700787,0.7759927029550899,0.7672350900388202,-0.0007673735619027067,0.0008860649207788179,-0.10972511150378456,0.15268723918731106,0.0012890162696828867,0.0012060543724804597,-8.296189720242704e-5,0.00010933081883118292,-6.436062845260801,7.613988998129413,0.0016491397258815402,0.0016638265141247664,1.4686788243226199e-5,1.982927813457649e-5,0.8905727036182723,1.8862677387519349,7.029479979373178
417.00000000000165,3.672120183684929,3.6958541210857385,0.023733937400809424,0.026529595472571273,0.646327903597989,0.7383952033733268,0.6983198166970169,0.6975507537846336,0.7754275507138559,0.7665761176887038,-0.0007690629123833226,0.0008860649207788179,-0.11013047231294587,0.15268723918731106,0.0013325640711001744,0.0012477107845917676,-8.485328650840681e-5,0.00010933081883118292,-6.3676702943334895,7.613988998129413,0.001667329808927034,0.0016882545348169053,2.0924725889871288e-5,1.982927813457649e-5,1.2549842135514173,1.8862677387519349,7.724417997562327
418.00000000000165,3.6754870383057705,3.700555571705987,0.02506853340021653,0.026529595472571273,0.6820465733915896,0.7383952033733268,0.6990494693120725,0.6982826304169891,0.7756677913489759,0.7668687241283686,-0.0007668388950833327,0.0008860649207788179,-0.1096973717522411,0.15268723918731106,0.0012435147230751326,0.001162582879109361,-8.093184396577163e-5,0.00010933081883118292,-6.5083140926254845,7.613988998129413,0.001649428578117171,0.001665784669735089,1.6356091617918036e-5,1.982927813457649e-5,0.9916216946227873,1.8862677387519349,7.621511406255076
419.00000000000165,3.6803032644353633,3.705064346910476,0.024761082475112772,0.026529595472571273,0.6728000573863482,0.7383952033733268,0.6990322936053059,0.6982655734473053,0.775542995144791,0.7667214306388944,-0.0007667201580006111,0.0008860649207788179,-0.10968308117014172,0.15268723918731106,0.0012115372950521318,0.001130862156310682,-8.067513874144986e-5,0.00010933081883118292,-6.658906751853516,7.613988998129413,0.0016370188951729651,0.0016488927346489926,1.1873839476027456e-5,1.982927813457649e-5,0.7253330741043696,1.8862677387519349,7.385276325513221
420.00000000000165,3.575426925359187,3.6152892773324696,0.039862351973282806,0.026529595472571273,1.114897683701877,0.7383952033733268,0.698972422432916,0.698206656655112,0.775424134446925,0.7665557752142584,-0.0007657657778040727,0.0008860649207788179,-0.10955593571755932,0.15268723918731106,0.0011861817679872059,0.0011043107007832067,-8.187106720399916e-5,0.00010933081883118292,-6.902067576280791,7.613988998129413,0.0016242805058614945,0.0016320050092065383,7.724503345043782e-6,1.982927813457649e-5,0.47556461566635744,1.8862677387519349,15.02591787046624
421.00000000000165,3.678609389512601,3.7018541898475004,0.023244800334899285,0.026529595472571273,0.6318909640465827,0.7383952033733268,0.6972065959531665,0.6964372714268425,0.7745091499986784,0.7654726068588006,-0.0007693245263239445,0.0008860649207788179,-0.11034383937119586,0.15268723918731106,0.0012870152472080998,0.0011996421930627426,-8.737305414535722e-5,0.00010933081883118292,-6.78881266829543,7.613988998129413,0.0016475735202730003,0.0016622903742805665,1.4716854007566175e-5,1.982927813457649e-5,0.893244145191628,1.8862677387519349,7.350154000168797
422.00000000000165,3.67332854572733,3.696685113005632,0.02335656727830182,0.026529595472571273,0.6358420431918417,0.7383952033733268,0.6961184154233961,0.6953473635245342,0.7739121308728028,0.7647775100181483,-0.0007710518988619519,0.0008860649207788179,-0.11076447365538798,0.15268723918731106,0.0013335345221761133,0.0012441144827904482,-8.942003938566508e-5,0.00010933081883118292,-6.7054911514211115,7.613988998129413,0.0016673771103399321,0.001688656961694693,2.127985135476091e-5,1.982927813457649e-5,1.2762470602959481,1.8862677387519349,7.505122690438528
423.00000000000165,3.673525917622679,3.6986755571509327,0.025149639528253775,0.026529595472571273,0.6846185406670373,0.7383952033733268,0.6968666076899516,0.69609769009728,0.7741623825848759,0.7650858248931274,-0.0007689175926716141,0.0008860649207788179,-0.11033927930920737,0.15268723918731106,0.0012431378957095491,0.0011580768173166994,-8.506107839284971e-5,0.00010933081883118292,-6.842449151169926,7.613988998129413,0.0016497744569562401,0.0016664060468815553,1.663158992531522e-5,1.982927813457649e-5,1.0081129487238973,1.8862677387519349,7.5940344031917695
424.0000000000017,3.676478308886222,3.70165971392353,0.025181405037308036,0.026529595472571273,0.6849327786442637,0.7383952033733268,0.6969254902330915,0.6961567542995373,0.7740806961506291,0.7649918458830566,-0.0007687359335541988,0.0008860649207788179,-0.11030389106546955,0.15268723918731106,0.0012066749316103449,0.00112236873795821,-8.430619365213483e-5,0.00010933081883118292,-6.986653277003577,7.613988998129413,0.0016360551690816742,0.0016477700493269186,1.1714880245244442e-5,1.982927813457649e-5,0.7160443282496434,1.8862677387519349,7.480708080658035
425.0000000000017,3.5743173986720786,3.6141792620217132,0.039861863349634596,0.026529595472571273,1.1152300958063763,0.7383952033733268,0.6968363541596474,0.6960684598035868,0.7739434656207883,0.7648052272812973,-0.0007678943560606166,0.0008860649207788179,-0.11019722944659825,0.15268723918731106,0.0011832236562801287,0.0010976464201345399,-8.557723614558885e-5,0.00010933081883118292,-7.232549458538581,7.613988998129413,0.0016236472606253373,0.0016311077762671826,7.460515641845343e-6,1.982927813457649e-5,0.45949116059678957,1.8862677387519349,14.916327873925642
426.0000000000017,3.680342656480956,3.7032915606879597,0.022948904207003906,0.026529595472571273,0.6235534663217209,0.7383952033733268,0.6950767772166258,0.6943058658194712,0.7730236878381108,0.7637110446072087,-0.0007709113971545722,0.0008860649207788179,-0.11091025084187384,0.15268723918731106,0.0012834598830852083,0.001191746016756731,-9.171386632847727e-5,0.00010933081883118292,-7.145830386845713,7.613988998129413,0.0016467970263507668,0.0016610105677518018,1.4213541401035014e-5,1.982927813457649e-5,0.8631022022508521,1.8862677387519349,7.11062212504491
427.0000000000017,3.6761191492466905,3.6991171153449804,0.022997966098289968,0.026529595472571273,0.6256044802846694,0.7383952033733268,0.6940631762138564,0.6932910412460552,0.7724656010963477,0.7630592494274323,-0.0007721349678011524,0.0008860649207788179,-0.11124851371789826,0.15268723918731106,0.0013256436719779323,0.0012318741050021556,-9.376956697577672e-5,0.00010933081883118292,-7.073512208289534,7.613988998129413,0.0016649356349446916,0.0016852430122727274,2.0307377328035794e-5,1.982927813457649e-5,1.2197094531351296,1.8862677387519349,7.211979837589729
428.0000000000017,3.6732385384406574,3.698487276014785,0.02524873757412749,0.026529595472571273,0.6873699409907079,0.7383952033733268,0.6948932674512672,0.6941232243765417,0.7727678574873472,0.7634305484868721,-0.0007700430747255016,0.0008860649207788179,-0.11081458272719626,0.15268723918731106,0.0012310909878323628,0.0011423507743233432,-8.874021350901962e-5,0.00010933081883118292,-7.208257909942831,7.613988998129413,0.0016450424237189837,0.001660267213596717,1.5224789877733196e-5,1.982927813457649e-5,0.9254952734479744,1.8862677387519349,7.499739844663737
429.0000000000017,3.6722896112388024,3.698063749691693,0.02577413845289067,0.026529595472571273,0.7018547331890874,0.7383952033733268,0.6949748848391952,0.6942049845636427,0.7726997340063176,0.7633508257688006,-0.0007699002755525708,0.0008860649207788179,-0.11078102135024807,0.15268723918731106,0.0011938643721654176,0.0011059690800589337,-8.789529210648391e-5,0.00010933081883118292,-7.362251035857652,7.613988998129413,0.0016299513146803518,0.0016400633151460655,1.0112000465713677e-5,1.982927813457649e-5,0.6203866566221171,1.8862677387519349,7.633211970123579
430.0000000000017,3.5745060685186125,3.6142238187760483,0.039717750257435736,0.026529595472571273,1.1111395391726393,0.7383952033733268,0.6948154443015208,0.6940462641403614,0.7725209749379842,0.7631124924806966,-0.0007691801611593441,0.0008860649207788179,-0.11070280136512799,0.15268723918731106,0.0011750730443435488,0.0010855251520317673,-8.954789231178147e-5,0.00010933081883118292,-7.62062347892655,7.613988998129413,0.001618356610366876,0.001624524402563618,6.167792196742081e-6,1.982927813457649e-5,0.38111453045839283,1.8862677387519349,14.745801514387447
431.0000000000017,3.6681919082478216,3.6926541177974395,0.024462209549617864,0.026529595472571273,0.6668737667354673,0.7383952033733268,0.693042962742535,0.6922713412584971,0.7715828872072383,0.761988884002189,-0.0007716214840378655,0.0008860649207788179,-0.11133818904738267,0.15268723918731106,0.0012756312692516739,0.001179139636063521,-9.649163318815293e-5,0.00010933081883118292,-7.564226082726713,7.613988998129413,0.0016417330869463672,0.0016547931696194933,1.3060082673126009e-5,1.982927813457649e-5,0.7955058454366559,1.8862677387519349,7.734404618594039
432.0000000000017,3.6768012260590672,3.69954124296232,0.02274001690325278,0.026529595472571273,0.6184728383488486,0.7383952033733268,0.6919187868251379,0.691146136122612,0.7709525045538836,0.7612480730814901,-0.0007726507025258567,0.0008860649207788179,-0.11166783114405035,0.15268723918731106,0.0013242460612440268,0.001224871190482044,-9.937487076198286e-5,0.00010933081883118292,-7.504260248176826,7.613988998129413,0.0016622337683276332,0.0016819391095458003,1.9705341218167072e-5,1.982927813457649e-5,1.1854735232573537,1.8862677387519349,7.047339113181926
433.00000000000176,3.670327051622428,3.6957124309911724,0.02538537936874441,0.026529595472571273,0.69163807507353,0.7383952033733268,0.6926848147148617,0.6919139312057009,0.7712228453313571,0.7615865190148282,-0.0007708835091607691,0.0008860649207788179,-0.11128921737343085,0.15268723918731106,0.0012340436997584844,0.0011400249098659047,-9.40187898925797e-5,0.00010933081883118292,-7.618756929838074,7.613988998129413,0.0016445135402661975,0.0016597087025319614,1.5195162265763942e-5,1.982927813457649e-5,0.9239913137659116,1.8862677387519349,7.533804250266287
434.00000000000176,3.6726365594427226,3.698254345485332,0.025617786042609225,0.026529595472571273,0.6975312048436507,0.7383952033733268,0.692846151967076,0.6920753831381208,0.7712026391195764,0.761568133726956,-0.000770768828955215,0.0008860649207788179,-0.11124675034521112,0.15268723918731106,0.0011921840546818213,0.0010997883818404351,-9.239567284138623e-5,0.00010933081883118292,-7.750118153194513,7.613988998129413,0.0016286582062888368,0.001638627033257032,9.968826968195267e-6,1.982927813457649e-5,0.6120883393275539,1.8862677387519349,7.474920666677819
435.00000000000176,3.567592000109429,3.6082374714183434,0.040645471308914605,0.026529595472571273,1.1392970751046612,0.7383952033733268,0.6927166560824859,0.6919464865455267,0.7710399951764881,0.7613520760870717,-0.0007701695369591866,0.0008860649207788179,-0.11118103342782591,0.15268723918731106,0.0011717467748006524,0.001078074644370633,-9.367213043001937e-5,0.00010933081883118292,-7.994229849359362,7.613988998129413,0.001616493381366986,0.001622321491456111,5.828110089124922e-6,1.982927813457649e-5,0.3605403001524439,1.8862677387519349,15.132315992641926
436.00000000000176,3.6719396080313897,3.695744652735648,0.02380504470425837,0.026529595472571273,0.648296193439325,0.7383952033733268,0.6908823160160585,0.6901097921847341,0.7700798626188504,0.7602027348302177,-0.0007725238313244231,0.0008860649207788179,-0.11181699305594427,0.15268723918731106,0.0012791463108410943,0.0011781297668356362,-0.00010101654400545808,0.00010933081883118292,-7.897184485411627,7.613988998129413,0.0016410853356615476,0.0016542696079528262,1.318427229127857e-5,1.982927813457649e-5,0.8033873683944521,1.8862677387519349,7.36610227416558
437.00000000000176,3.6685218552154577,3.6921694130501264,0.023647557834668653,0.026529595472571273,0.644607249676036,0.7383952033733268,0.6897714103269491,0.6889980754027671,0.7694651560411913,0.7594812931110412,-0.0007733349241819676,0.0008860649207788179,-0.11211466764263392,0.15268723918731106,0.0013285895263713166,0.0012247296440088195,-0.00010385988236249707,0.00010933081883118292,-7.817304013088398,7.613988998129413,0.0016616362058861924,0.0016816813193943477,2.004511350815535e-5,1.982927813457649e-5,1.206347901974415,1.8862677387519349,7.4026424030704625
438.00000000000176,3.6721420298269996,3.6971820119641468,0.0250399821371472,0.026529595472571273,0.6818903499309059,0.7383952033733268,0.6905495440725642,0.6897778752383803,0.7697314528638295,0.7598170828872789,-0.0007716688341838918,0.0008860649207788179,-0.11174706301779896,0.15268723918731106,0.001235863083425869,0.001137631722459459,-9.823136096641003e-5,0.00010933081883118292,-7.948401589446963,7.613988998129413,0.001643706430444544,0.001659001372363554,1.5294941919010135e-5,1.982927813457649e-5,0.9305154275556119,1.8862677387519349,7.286743971945373
439.00000000000176,3.663568275075263,3.690214667841105,0.02664639276584202,0.026529595472571273,0.7273344118390862,0.7383952033733268,0.6906903639953786,0.6899187130129132,0.7696945679748558,0.7597802349161723,-0.0007716509824654549,0.0008860649207788179,-0.11172169508804931,0.15268723918731106,0.0011946679473122254,0.0010980836591034237,-9.65842882088017e-5,0.00010933081883118292,-8.084613672451654,7.613988998129413,0.0016282278195798162,0.0016381832530477202,9.955433467904009e-6,1.982927813457649e-5,0.61142755013688,1.8862677387519349,7.887902042381147
440.00000000000176,3.571227089473283,3.6111074942953922,0.039880404822109305,0.026529595472571273,1.1167143343995867,0.7383952033733268,0.6905369463751495,0.6897659416559075,0.7695161871609408,0.7595452346230772,-0.0007710047192419633,0.0008860649207788179,-0.11165292795544324,0.15268723918731106,0.0011754864169398387,0.0010774724627896557,-9.8013954150183e-5,0.00010933081883118292,-8.338161354968626,7.613988998129413,0.0016166563639864301,0.0016224716550215519,5.815291035121727e-6,1.982927813457649e-5,0.35971101618541235,1.8862677387519349,14.61848957073592
441.0000000000018,3.6742230263622373,3.697696636629836,0.023473610267598755,0.026529595472571273,0.638872765729723,0.7383952033733268,0.6887460384784864,0.6879735588145369,0.7685534393915894,0.7583851312324789,-0.0007724796639494436,0.0008860649207788179,-0.11215740211819349,0.15268723918731106,0.001277409673433125,0.0011712230673908705,-0.00010618660604225444,0.00010933081883118292,-8.312650847309676,7.613988998129413,0.0016404317228381272,0.0016528763821075283,1.2444659269401134e-5,1.982927813457649e-5,0.7586209834975945,1.8862677387519349,7.091713003788053
442.0000000000018,3.670961176025827,3.6944480429535242,0.023486866927697303,0.026529595472571273,0.6398015615388263,0.7383952033733268,0.6878038374417711,0.6870312851203337,0.7680223263562018,0.7577589348326417,-0.0007725523214373586,0.0008860649207788179,-0.11232160674049195,0.15268723918731106,0.0013154388925351002,0.0012067187327072966,-0.00010872015982780364,0.00010933081883118292,-8.26493426982984,7.613988998129413,0.0016571511979554812,0.001675224324892052,1.8073126936570807e-5,1.982927813457649e-5,1.090614239597969,1.8862677387519349,7.144530542690199
443.0000000000018,3.666030988709521,3.6919569612888634,0.02592597257934237,0.026529595472571273,0.7071945834388206,0.7383952033733268,0.6886215944242623,0.6878504171812275,0.7683267337879776,0.7581415729973332,-0.0007711772430347708,0.0008860649207788179,-0.11198853612476833,0.15268723918731106,0.0012226149434996483,0.0011201641200875977,-0.00010245082341205059,0.00010933081883118292,-8.37964757070549,7.613988998129413,0.0016371717990775012,0.0016502259383980363,1.3054139320535117e-5,1.982927813457649e-5,0.7973591609561528,1.8862677387519349,7.5543618058696875
444.0000000000018,3.6597074227527724,3.6868368884483522,0.027129465695579835,0.026529595472571273,0.741301491122301,0.7383952033733268,0.688686628429682,0.6879153045815515,0.7682492257040169,0.7580531963208937,-0.0007713238481305007,0.0008860649207788179,-0.11199924846649703,0.15268723918731106,0.0011870292064402254,0.001085800802677727,-0.00010122840376249834,0.00010933081883118292,-8.527878102180113,7.613988998129413,0.001622310584461354,0.0016303992504793075,8.088666017953524e-6,1.982927813457649e-5,0.49858924027418305,1.8862677387519349,8.018755322369003
445.0000000000018,3.565660219601104,3.606188494167593,0.04052827456648922,0.026529595472571273,1.1366274987083087,0.7383952033733268,0.6884212243225408,0.687650460138664,0.768006117230804,0.7577392437984368,-0.000770764183876782,0.0008860649207788179,-0.11196113028549824,0.15268723918731106,0.001175124018131514,0.0010719008979448606,-0.00010322312018665332,0.00010933081883118292,-8.784019268943332,7.613988998129413,0.0016130137055833168,0.0016177498765546717,4.7361709713548885e-6,1.982927813457649e-5,0.29362248782890155,1.8862677387519349,14.905041436602929
446.0000000000018,3.6665125003738686,3.6907431346320836,0.024230634258215034,0.026529595472571273,0.6608632659985278,0.7383952033733268,0.6865612513950008,0.6857892286963531,0.7670132547298129,0.7565432409720457,-0.0007720226986477341,0.0008860649207788179,-0.1124477527793896,0.15268723918731106,0.0012837682042750632,0.0011719396779370742,-0.00011182852633798905,0.00010933081883118292,-8.710959343407168,7.613988998129413,0.0016389226407333586,0.0016512917075617295,1.2369066828370884e-5,1.982927813457649e-5,0.7547071790304986,1.8862677387519349,7.417010158970601
447.0000000000018,3.6606640976499456,3.6851626431834994,0.024498545533553795,0.026529595472571273,0.6692377361058953,0.7383952033733268,0.6855274223511947,0.6847553395486247,0.7664319298215941,0.7558601596384334,-0.0007720828025700177,0.0008860649207788179,-0.11262610034212181,0.15268723918731106,0.001328415444358046,0.001213738827781259,-0.000114676616576787,0.00010933081883118292,-8.632586820925155,7.613988998129413,0.0016584137486689644,0.0016773312724298515,1.8917523760887114e-5,1.982927813457649e-5,1.1406998872308094,1.8862677387519349,7.607079089958376
448.0000000000018,3.66910996905914,3.69427502502694,0.02516505596779961,0.026529595472571273,0.6858626800507867,0.7383952033733268,0.6862461693367199,0.6854751621799504,0.7666691810862749,0.756168365092299,-0.0007710071567694765,0.0008860649207788179,-0.11235139680483477,0.15268723918731106,0.0012397626358249282,0.0011313277991071727,-0.00010843483671775555,0.00010933081883118292,-8.746419159955073,7.613988998129413,0.001641621707112173,0.0016559966853629774,1.4374978250804304e-5,1.982927813457649e-5,0.8756571741544382,1.8862677387519349,7.193506503520085
449.0000000000018,3.6648829474896374,3.6911208990135678,0.02623795152393038,0.026529595472571273,0.7159287731659422,0.7383952033733268,0.6863878733575935,0.6856166760418443,0.7666339615219658,0.7561368433799565,-0.0007711973157492613,0.0008860649207788179,-0.11235590628616537,0.15268723918731106,0.0011986964005402025,0.00109234392872872,-0.00010635247181148256,0.00010933081883118292,-8.872344303658036,7.613988998129413,0.001626451032059471,0.0016355373934819008,9.086361422429691e-6,1.982927813457649e-5,0.5586618498390458,1.8862677387519349,7.522235492759615
450.0000000000018,3.561155291167912,3.6023652246704554,0.04120993350254354,0.026529595472571273,1.1572068649954432,0.7383952033733268,0.6863525046588562,0.6855819281410459,0.7665237525114084,0.7559866376755453,-0.0007705765178103174,0.0008860649207788179,-0.11227124729344781,0.15268723918731106,0.0011724812624843764,0.0010656638965653895,-0.00010681736591898689,0.00010933081883118292,-9.110368697291676,7.613988998129413,0.0016125807300860994,0.0016170777799271079,4.4970498410084984e-6,1.982927813457649e-5,0.2788728500289341,1.8862677387519349,15.07437307469709
451.00000000000176,3.6662768580540197,3.6905510864655278,0.02427422841150806,0.026529595472571273,0.6620947994743718,0.7383952033733268,0.6844998950466191,0.6837284849089226,0.7655376759313839,0.7547954171891058,-0.0007714101376965488,0.0008860649207788179,-0.11269689641720257,0.15268723918731106,0.0012826411968007562,0.0011665821864690542,-0.00011605901033170203,0.00010933081883118292,-9.048439315779321,7.613988998129413,0.0016370144896471954,0.0016485897013183218,1.157521167112637e-5,1.982927813457649e-5,0.7070928048792668,1.8862677387519349,7.299820944058196
452.0000000000017,3.6621892570018764,3.6864151584935403,0.024225901491663926,0.026529595472571273,0.6615141870493317,0.7383952033733268,0.6834085942319739,0.6826375486866634,0.7649257850439507,0.7540701900357765,-0.0007710455453104892,0.0008860649207788179,-0.11282350731585446,0.15268723918731106,0.001332015902056841,0.001212222192489412,-0.0001197937095674291,0.00010933081883118292,-8.993414371588871,7.613988998129413,0.0016568497430748692,0.001674977524517361,1.8127781442491822e-5,1.982927813457649e-5,1.0941113711886348,1.8862677387519349,7.379718988524163
453.00000000000165,3.6635408962595473,3.689422566791615,0.02588167053206769,0.026529595472571273,0.7064659919176204,0.7383952033733268,0.6841945757433442,0.6834245363390615,0.7651994196246222,0.7544214732931938,-0.000770039404282663,0.0008860649207788179,-0.1125468443601811,0.15268723918731106,0.0012383248809706968,0.0011253790439854118,-0.00011294583698528505,0.00010933081883118292,-9.120856628250026,7.613988998129413,0.0016384162569945682,0.001651724252989337,1.330799599476881e-5,1.982927813457649e-5,0.812247555403311,1.8862677387519349,7.402695842257507
454.00000000000165,3.665254261173408,3.691394776453328,0.02614051527992034,0.026529595472571273,0.7131978688854077,0.7383952033733268,0.6843038207654295,0.6835334670854324,0.7651416925409448,0.7543623675679636,-0.0007703536799971156,0.0008860649207788179,-0.11257480327019581,0.15268723918731106,0.0011990036621211894,0.0010880037099031956,-0.00011099995221799377,0.00010933081883118292,-9.257682501287844,7.613988998129413,0.0016233252873406575,0.0016314171322457014,8.091844905043933e-6,1.982927813457649e-5,0.49847340937441126,1.8862677387519349,7.373989308759542
455.0000000000016,3.558658053258103,3.600103797356242,0.04144574409813906,0.026529595472571273,1.1646453094922598,0.7383952033733268,0.6842412115831318,0.6834714408128518,0.7650134767551638,0.7541899755459791,-0.0007697707702799539,0.0008860649207788179,-0.1124999133710365,0.15268723918731106,0.0011743405635752633,0.0010627678969718016,-0.00011157266660346177,0.00010933081883118292,-9.500878200424275,7.613988998129413,0.0016098888585198768,0.0016135569398343004,3.6680813144235845e-6,1.982927813457649e-5,0.2278468662610659,1.8862677387519349,15.095895018623041
456.00000000000153,3.664053824179368,3.6885619177418376,0.024508093562469746,0.026529595472571273,0.6688791906041059,0.7383952033733268,0.6824134952993149,0.6816433850109332,0.7640391476166156,0.753009176983788,-0.0007701102883816979,0.0008860649207788179,-0.1128509757920186,0.15268723918731106,0.0012838248710371693,0.0011626257583979883,-0.00012119911263918097,0.00010933081883118292,-9.440470844069823,7.613988998129413,0.0016338334547095388,0.0016446097180203168,1.0776263310778014e-5,1.982927813457649e-5,0.6595692651362564,1.8862677387519349,7.30818169067622
457.0000000000015,3.6596532066313316,3.6841178345255745,0.024464627894242863,0.026529595472571273,0.6684957976322098,0.7383952033733268,0.681300064605706,0.6805306044223584,0.7634114647531821,0.7522627168980396,-0.00076946018334767,0.0008860649207788179,-0.1129399839104647,0.15268723918731106,0.001335049010348314,0.0012096889923514248,-0.00012536001799688928,0.00010933081883118292,-9.389918798874872,7.613988998129413,0.0016539521061723508,0.0016714145787134736,1.7462472541122757e-5,1.982927813457649e-5,1.0558027935606422,1.8862677387519349,7.404349574530076
458.0000000000015,3.658836935076648,3.6852245374950447,0.02638760241839666,0.026529595472571273,0.7212019252736628,0.7383952033733268,0.6820766631988212,0.6813079529455678,0.7636789955531303,0.7526085909740582,-0.000768710253253424,0.0008860649207788179,-0.1127014446804713,0.15268723918731106,0.0012414332963886657,0.0011232683890410498,-0.00011816490734761591,0.00010933081883118292,-9.518425814045594,7.613988998129413,0.0016357563040517245,0.001648475520720533,1.2719216668808557e-5,1.982927813457649e-5,0.7775740577800861,1.8862677387519349,7.556397340122323
459.0000000000014,3.658433344565989,3.685307400805471,0.026874056239481803,0.026529595472571273,0.7345782663882305,0.7383952033733268,0.6821483716983453,0.6813792075426333,0.7635972952093618,0.7525216942964994,-0.0007691641557120432,0.0008860649207788179,-0.11275613746567403,0.15268723918731106,0.0012042103547561433,0.001087940070291594,-0.00011627028446454927,0.00010933081883118292,-9.655313459590237,7.613988998129413,0.0016215372227433814,0.001629224322087989,7.687099344607555e-6,1.982927813457649e-5,0.47406246596067736,1.8862677387519349,7.650119677914287
460.00000000000136,3.55600843339313,3.5975964961564184,0.0415880627632883,0.026529595472571273,1.169515301840978,0.7383952033733268,0.6820088347306541,0.6812402120874732,0.763421476489515,0.7522929177779285,-0.000768622643180894,0.0008860649207788179,-0.1126998073983083,0.15268723918731106,0.0011840415606246088,0.0010668290683466686,-0.0001172124922779402,0.00010933081883118292,-9.899356253686564,7.613988998129413,0.001610020554395179,0.0016136616944463368,3.641140051157711e-6,1.982927813457649e-5,0.22615487989999872,1.8862677387519349,15.099005626914945
461.0000000000013,3.659274214916318,3.6841916179436,0.02491740302728207,0.026529595472571273,0.6809383928023524,0.7383952033733268,0.6801642985277233,0.6793957552632057,0.7624329393085071,0.7510941723846796,-0.0007685432645175849,0.0008860649207788179,-0.11299376726787423,0.15268723918731106,0.001295123211289373,0.0011678141002681392,-0.0001273091110212338,0.00010933081883118292,-9.829884130830296,7.613988998129413,0.0016349902854505183,0.0016459036018591645,1.0913316408646227e-5,1.982927813457649e-5,0.6674850918541748,1.8862677387519349,7.438956662087474
462.00000000000125,3.652529692245805,3.677743822597654,0.02521413035184894,0.026529595472571273,0.6903196544952851,0.7383952033733268,0.6790616415696337,0.6782939719306914,0.7618082008220509,0.750352496126559,-0.0007676696389422588,0.0008860649207788179,-0.11304859411110454,0.15268723918731106,0.0013459111777594796,0.0012144199608402784,-0.0001314912169192012,0.00010933081883118292,-9.76968013135108,7.613988998129413,0.0016553665735793018,0.001672921237324543,1.75546637452412e-5,1.982927813457649e-5,1.060469869660578,1.8862677387519349,7.674785450999274
463.00000000000125,3.6558708814130263,3.6824065526271665,0.026535671214140244,0.026529595472571273,0.7258372101993923,0.7383952033733268,0.6797797875503515,0.6790125772090353,0.7620400429013758,0.7506593036902888,-0.0007672103413162157,0.0008860649207788179,-0.11286159950135148,0.15268723918731106,0.0012552161454405391,0.001131008294149783,-0.00012420785129075608,0.00010933081883118292,-9.8953356951255,7.613988998129413,0.0016386128847878845,0.0016515704331918706,1.295754840398614e-5,1.982927813457649e-5,0.7907632439777545,1.8862677387519349,7.566043239058089
464.0000000000012,3.6517472638104915,3.6792650808770833,0.027517817066591732,0.026529595472571273,0.7535520691505275,0.7383952033733268,0.6798414644009638,0.6790737131755717,0.7619511431760154,0.7505666400141927,-0.0007677512253920771,0.0008860649207788179,-0.11293092075055676,0.15268723918731106,0.0012181948469235661,0.0010960607379693335,-0.00012213410895423266,0.00010933081883118292,-10.025827088554069,7.613988998129413,0.0016251069387603772,0.0016330327078941007,7.925769133723497e-6,1.982927813457649e-5,0.4877075437121221,1.8862677387519349,7.88253709916673
465.00000000000114,3.5539519785130587,3.595593532899227,0.041641554386168345,0.026529595472571273,1.171697159610772,0.7383952033733268,0.6796952851080864,0.6789280813360025,0.7617699526197048,0.7503339063951033,-0.0007672037720839464,0.0008860649207788179,-0.11287466441111832,0.15268723918731106,0.0011981436526884606,0.0010751520516681218,-0.00012299160102033878,0.00010933081883118292,-10.265179867569591,7.613988998129413,0.001614076085259377,0.0016179211889204464,3.845103661069462e-6,1.982927813457649e-5,0.2382231975422377,1.8862677387519349,15.009641717595452
466.0000000000011,3.6569712234745104,3.682010800466897,0.02503957699238679,0.026529595472571273,0.6847080674754815,0.7383952033733268,0.6778605246023122,0.6770938940319219,0.7607791066249382,0.7491312889612328,-0.0007666305703902809,0.0008860649207788179,-0.1130956210851854,0.15268723918731106,0.0013087198096773853,0.001175150049044276,-0.00013356976063310928,0.00010933081883118292,-10.206138827075275,7.613988998129413,0.0016390892114311586,0.0016499224061688514,1.0833194737692791e-5,1.982927813457649e-5,0.6609277068106542,1.8862677387519349,7.399362794079391
467.0000000000011,3.65221612889628,3.677369228937782,0.025153100041502174,0.026529595472571273,0.6887078736247623,0.7383952033733268,0.6768167594678492,0.6760513157680129,0.7601843644056894,0.7484256827250516,-0.0007654436998363323,0.0008860649207788179,-0.11309467283850455,0.15268723918731106,0.0013558734622651258,0.0012182478012785435,-0.00013762566098658225,0.00010933081883118292,-10.150332226184622,7.613988998129413,0.0016582747285243645,0.001675259294297585,1.6984565773220427e-5,1.982927813457649e-5,1.0242311168990885,1.8862677387519349,7.521832579728245
468.000000000001,3.6575280242030868,3.6837882471730183,0.02626022296993158,0.026529595472571273,0.7179773550922617,0.7383952033733268,0.6775800968111148,0.6768148685368119,0.760445591193361,0.7487698606164568,-0.0007652282743028094,0.0008860649207788179,-0.11293547108366848,0.15268723918731106,0.001262165328763099,0.0011324790291070126,-0.00012968629965608635,0.00010933081883118292,-10.27490588599647,7.613988998129413,0.0016401545508918718,0.0016522201904147253,1.2065639522853416e-5,1.982927813457649e-5,0.7356404014665842,1.8862677387519349,7.3054743586746085
469.00000000000097,3.6628565143442717,3.6889702065253136,0.02611369218104187,0.026529595472571273,0.7129324361676987,0.7383952033733268,0.6777194161895815,0.6769535393020852,0.7604035446831341,0.7487335524232002,-0.0007658768874962973,0.0008860649207788179,-0.11300796010867943,0.15268723918731106,0.001220369728645413,0.0010933532120960799,-0.00012701651654933302,0.00010933081883118292,-10.408035660661538,7.613988998129413,0.0016244389948569691,0.0016310527481894837,6.613753332514573e-6,1.982927813457649e-5,0.4071407638854982,1.8862677387519349,7.067286283569016
470.0000000000009,3.5518365384810906,3.5939143198465353,0.04207778136544471,0.026529595472571273,1.1846767414425798,0.7383952033733268,0.6777669368773428,0.6770014713390202,0.7603390392613127,0.7486413215049708,-0.0007654655383225739,0.0008860649207788179,-0.11293934488000883,0.15268723918731106,0.0011886441922639623,0.001062148568410414,-0.00012649562385354837,0.00010933081883118292,-10.64200916277707,7.613988998129413,0.0016084690523623089,0.0016101257870560375,1.656734693728651e-6,1.982927813457649e-5,0.10300071930482316,1.8862677387519349,15.025239746639759
471.0000000000009,3.654441538384516,3.680015068953422,0.02557353056890621,0.026529595472571273,0.6997931229790929,0.7383952033733268,0.675990823154158,0.6752264504916944,0.7593813936212567,0.747469257594509,-0.0007643726624636527,0.0008860649207788179,-0.1130744140722365,0.15268723918731106,0.0012970539623401198,0.0011593305130263832,-0.00013772344931373658,0.00010933081883118292,-10.618174209595612,7.613988998129413,0.0016303747528995682,0.0016385672346213547,8.192481721786557e-6,1.982927813457649e-5,0.5024907130840008,1.8862677387519349,7.459775561551133
472.00000000000085,3.648080749654295,3.673778459605737,0.02569770995144216,0.026529595472571273,0.7044172460787049,0.7383952033733268,0.6748167807384851,0.6740540987716986,0.7587071858363124,0.7466575213214784,-0.000762681966786416,0.0008860649207788179,-0.11302059885822278,0.15268723918731106,0.0013532766747848335,0.0012097867213293999,-0.00014348995345543365,0.00010933081883118292,-10.60314983100171,7.613988998129413,0.0016507518569399682,0.0016656023575323798,1.4850500592411553e-5,1.982927813457649e-5,0.8996204081175607,1.8862677387519349,7.6699637837652626
473.0000000000008,3.6592930317907455,3.685242903960228,0.025949872169482635,0.026529595472571273,0.7091498807020538,0.7383952033733268,0.6755015900696109,0.6747389146805728,0.758921819330467,0.7469446764697186,-0.00076267538903807,0.0008860649207788179,-0.11290504719011481,0.15268723918731106,0.0012641813913720776,0.0011285116177866758,-0.00013566977358540184,0.00010933081883118292,-10.731828083480394,7.613988998129413,0.0016342332541632448,0.0016448532921191107,1.0620037955865911e-5,1.982927813457649e-5,0.6498483572532338,1.8862677387519349,7.091200275241424
474.00000000000074,3.65500412769032,3.6820482251672644,0.027044097476944362,0.026529595472571273,0.7399197519931159,0.7383952033733268,0.6756564432022059,0.67489291399407,0.7588889975409007,0.7469207263723614,-0.0007635292081358269,0.0008860649207788179,-0.11300553940063932,0.15268723918731106,0.001221340457050406,0.0010888045889994214,-0.00013253586805098464,0.00010933081883118292,-10.851672626244193,7.613988998129413,0.0016186441011463509,0.0016241654235748745,5.521322428523635e-6,1.982927813457649e-5,0.34110787075511795,1.8862677387519349,7.422223120666739
475.0000000000007,3.5501414291550653,3.5922901406790766,0.04214871152401134,0.026529595472571273,1.187240349859604,0.7383952033733268,0.6756612032029442,0.6748979238294294,0.7587966562016883,0.7467956913844835,-0.0007632793735148358,0.0008860649207788179,-0.11296776696612758,0.15268723918731106,0.0011921266720477095,0.0010600236752775001,-0.00013210299677020938,0.00010933081883118292,-11.081288580121841,7.613988998129413,0.0016037432628551109,0.0016046862305844317,9.429677293208098e-7,1.982927813457649e-5,0.058797923031774044,1.8862677387519349,14.995252130650744
476.0000000000007,3.6467524767608293,3.6731419665241565,0.026389489763327223,0.026529595472571273,0.7236435686681777,0.7383952033733268,0.673818952564817,0.6730571148475053,0.7577925496029189,0.7455636783568739,-0.000761837717311753,0.0008860649207788179,-0.11306267275681431,0.15268723918731106,0.0013050464121993862,0.0011607603803089918,-0.00014428603189039439,0.00010933081883118292,-11.0560077052915,7.613988998129413,0.001627372070502263,0.001635249596209287,7.87752570702402e-6,1.982927813457649e-5,0.4840642069390281,1.8862677387519349,7.792781345270047
477.0000000000006,3.6486965860912024,3.6741119335911208,0.02541534749991836,0.026529595472571273,0.6965596316449395,0.7383952033733268,0.672607361072379,0.6718474417130511,0.757092157155174,0.7447193501878723,-0.000759919359327843,0.0008860649207788179,-0.112981124398677,0.15268723918731106,0.0013638665897575564,0.001213399588985045,-0.00015046700077251144,0.00010933081883118292,-11.032384098451944,7.613988998129413,0.0016491414811048502,0.0016639717227590026,1.4830241654152383e-5,1.982927813457649e-5,0.8992704279208835,1.8862677387519349,7.490894350861434
478.00000000000057,3.6474743371489695,3.6747602257663425,0.027285888617373022,0.026529595472571273,0.7480762329009532,0.7383952033733268,0.673295380479059,0.6725352019749273,0.7573095196240587,0.7450141110293168,-0.0007601785041316811,0.0008860649207788179,-0.11290416155696828,0.15268723918731106,0.0012740508615495573,0.0011319953794677875,-0.00014205548208176978,0.00010933081883118292,-11.149906677116137,7.613988998129413,0.0016331887452405664,0.001643849827561069,1.0661082320502545e-5,1.982927813457649e-5,0.6527771117435777,1.8862677387519349,7.65181912090736
479.0000000000005,3.6579160015273895,3.684366744159077,0.02645074263168734,0.026529595472571273,0.7231096236393247,0.7383952033733268,0.6733938085862277,0.6726326358032204,0.7572403811347388,0.7449488967217635,-0.0007611727830072468,0.0008860649207788179,-0.11303531058672915,0.15268723918731106,0.0012343230366133292,0.0010952616749450477,-0.00013906136166828148,0.00010933081883118292,-11.266204838064981,7.613988998129413,0.0016191611369783196,0.001624880295802014,5.71915882369438e-6,1.982927813457649e-5,0.3532173971497044,1.8862677387519349,7.0959492982612025
480.0000000000005,3.5515130225201728,3.593184302122274,0.04167127960210104,0.026529595472571273,1.1733387809044518,0.7383952033733268,0.6733939056621209,0.6726328992109553,0.75714448312576,0.744822765600889,-0.0007610064511656134,0.0008860649207788179,-0.11301059376492971,0.15268723918731106,0.0012050956136726903,0.0010667202161533814,-0.00013837539751930896,0.00010933081883118292,-11.48252436979597,7.613988998129413,0.0016049762181228717,0.001606110901487287,1.1346833644152593e-6,1.982927813457649e-5,0.07069783038544636,1.8862677387519349,14.650908804792103
481.00000000000045,3.65682724888421,3.681967290682299,0.02514004179808893,0.026529595472571273,0.687482347047151,0.7383952033733268,0.6717368746504443,0.6709775697161768,0.7562329353567162,0.7437011045002957,-0.0007593049342674574,0.0008860649207788179,-0.11303606559675339,0.15268723918731106,0.0013048880435612416,0.001155160518199758,-0.0001497275253614836,0.00010933081883118292,-11.474357980386882,7.613988998129413,0.0016250549114979888,0.0016319614453090287,6.9065338110399586e-6,1.982927813457649e-5,0.42500310372118194,1.8862677387519349,7.055500443406601
482.0000000000004,3.6460299134674288,3.6720102133168653,0.025980299849436506,0.026529595472571273,0.712564089325555,0.7383952033733268,0.6707121127166362,0.6699548273163757,0.7556341887930869,0.7429767839270006,-0.0007572854002605434,0.0008860649207788179,-0.11290766722450453,0.15268723918731106,0.0013515774119158136,0.0011965801189116835,-0.0001549972930041301,0.00010933081883118292,-11.467881279876295,7.613988998129413,0.0016418820500274424,0.0016543415185610634,1.245946853362101e-5,1.982927813457649e-5,0.7588528380228509,1.8862677387519349,7.549843473704264
483.00000000000034,3.649527080491593,3.6767218336180005,0.027194753126407623,0.026529595472571273,0.745158277404657,0.7383952033733268,0.6714323323265167,0.6706745261955399,0.7558818030738432,0.7433056719898908,-0.000757806130976757,0.0008860649207788179,-0.11286411072147132,0.15268723918731106,0.0012613131969149225,0.0011151049073724448,-0.00014620828954247777,0.00010933081883118292,-11.591751350900973,7.613988998129413,0.0016234850964484948,0.0016313985616785104,7.913465230015553e-6,1.982927813457649e-5,0.487436887922587,1.8862677387519349,7.443605873130092
484.00000000000034,3.6467893257447805,3.674706325521993,0.027916999777212403,0.026529595472571273,0.765522690881271,0.7383952033733268,0.6714618551665597,0.6707030259661283,0.755773928477743,0.7431880041032979,-0.0007588292004313546,0.0008860649207788179,-0.11301151280486707,0.15268723918731106,0.00122675449658282,0.001082887562975344,-0.00014386693360747614,0.00010933081883118292,-11.727442940557705,7.613988998129413,0.0016096489238198448,0.0016129956331910659,3.3467093712210433e-6,1.982927813457649e-5,0.20791548527731094,1.8862677387519349,7.674526250598484
485.0000000000003,3.5510772012708856,3.5926236262538755,0.04154642498298999,0.026529595472571273,1.1699668193110828,0.7383952033733268,0.6713293365572293,0.6705708006772327,0.7555980113301818,0.7429607206681315,-0.0007585358799965247,0.0008860649207788179,-0.11299012849438635,0.15268723918731106,0.0012062247993378297,0.0010619627536448766,-0.00014426204569295315,0.00010933081883118292,-11.959797690459304,7.613988998129413,0.0015979359938547296,0.0015976139738494639,-3.2202000526575583e-7,1.982927813457649e-5,-0.020152246804888675,1.8862677387519349,14.542563861331837
486.0000000000002,3.647323556692468,3.6734733571207077,0.026149800428239445,0.026529595472571273,0.7169586142215767,0.7383952033733268,0.6695800698686687,0.6688236833859986,0.7546221876634455,0.7417559153754509,-0.0007563864826700684,0.0008860649207788179,-0.11296430654192349,0.15268723918731106,0.0013118389221988811,0.0011550399803820538,-0.0001567989418168273,0.00010933081883118292,-11.952606311909369,7.613988998129413,0.0016205214916702427,0.0016268136778043543,6.292186134111569e-6,1.982927813457649e-5,0.3882815603775995,1.8862677387519349,7.498539347182672
487.00000000000017,3.6484353279780524,3.6738885407220976,0.025453212744045217,0.026529595472571273,0.6976473599204863,0.7383952033733268,0.6685227521191562,0.6677685690384818,0.7539976228623932,0.7410004774017471,-0.000754183080674431,0.0008860649207788179,-0.11281337520432017,0.15268723918731106,0.0013604404227523998,0.0011981192172431287,-0.00016232120550927105,0.00010933081883118292,-11.931518851877978,7.613988998129413,0.0016389291203146878,0.0016512775019503158,1.2348381635627964e-5,1.982927813457649e-5,0.7534420788897187,1.8862677387519349,7.274681234420747
488.00000000000017,3.648316632712687,3.675472107852178,0.027155475139490903,0.026529595472571273,0.7443289021572558,0.7383952033733268,0.6692475459211505,0.668492564101903,0.7542512622296215,0.7413423789000982,-0.0007549818192474911,0.0008860649207788179,-0.11281054728536001,0.15268723918731106,0.0012697316009281576,0.0011169139558620644,-0.00015281764506609318,0.00010933081883118292,-12.03542897998171,7.613988998129413,0.0016212411045249714,0.0016292075898210834,7.966485296111983e-6,1.982927813457649e-5,0.4913818971081532,1.8862677387519349,7.379336460617429
489.0000000000001,3.6513699407001172,3.678642990642993,0.027273049942875716,0.026529595472571273,0.7469265066482514,0.7383952033733268,0.6693793633243547,0.6686231048558371,0.7542068734964317,0.74130541826438,-0.0007562584685175677,0.0008860649207788179,-0.11297905342670608,0.15268723918731106,0.001228725100636324,0.0010794026830063437,-0.00014932241762998042,0.00010933081883118292,-12.152630197971076,7.613988998129413,0.001605729151271898,0.0016087123690725132,2.983217800615239e-6,1.982927813457649e-5,0.1857858654588311,1.8862677387519349,7.274833639884512
490.00000000000006,3.5466216502010184,3.5887827906176057,0.04216114041658736,0.026529595472571273,1.1887690476991735,0.7383952033733268,0.6693254273731799,0.668569192297324,0.7540784150225772,0.7411378596949234,-0.0007562350758558711,0.0008860649207788179,-0.11298466260631618,0.15268723918731106,0.0012034404919564043,0.0010545369582921976,-0.00014890353366420672,0.00010933081883118292,-12.373153027461942,7.613988998129413,0.0015920344849474056,0.001590834686682518,-1.1997982648874733e-6,1.982927813457649e-5,-0.07536258015963201,1.8862677387519349,14.753339573486706
491.0,3.647846065835333,3.673894629215136,0.026048563379803102,0.026529595472571273,0.7140806632101717,0.7383952033733268,0.6675647111229299,0.6668108953258127,0.7531025223677065,0.73992875227512,-0.0007538157971171966,0.0008860649207788179,-0.11292025844942899,0.15268723918731106,0.0013122773384485812,0.0011502321703500565,-0.00016204516809852467,0.00010933081883118292,-12.348393388405226,7.613988998129413,0.0016141526570870475,0.0016195767026397966,5.42404555274904e-6,1.982927813457649e-5,0.336030519104522,1.8862677387519349,7.360698234361888
491.99999999999994,3.6388038955632376,3.665392121808372,0.02658822624513446,0.026529595472571273,0.7306858794328889,0.7383952033733268,0.6664551830231701,0.6657038837719812,0.7524500157195787,0.7391354511026172,-0.0007512992511888861,0.0008860649207788179,-0.11273064871081756,0.15268723918731106,0.0013655475821618608,0.0011972359692208412,-0.00016831161294101954,0.00010933081883118292,-12.32557657746043,7.613988998129413,0.001633286513072697,0.0016450830636895052,1.1796550616808123e-5,1.982927813457649e-5,0.7222584967419652,1.8862677387519349,7.739011176242357
492.99999999999994,3.643918823145628,3.671454395072283,0.027535571926655233,0.026529595472571273,0.7556582147701368,0.7383952033733268,0.6671031566099668,0.6663509383308199,0.7526512815142049,0.7394150226378651,-0.0007522182791468435,0.0008860649207788179,-0.11275891467361782,0.15268723918731106,0.001278448924992879,0.0011194064099179066,-0.00015904251507497234,0.00010933081883118292,-12.44027132924831,7.613988998129413,0.0016173411528630083,0.001625104698283734,7.763545420725769e-6,1.982927813457649e-5,0.4800190366134432,1.8862677387519349,7.518039593028556
493.9999999999999,3.6449814253205126,3.672784877959336,0.027803452638823334,0.026529595472571273,0.7627872242552924,0.7383952033733268,0.6671298018273928,0.6663762973109353,0.752539253090785,0.7392975176663046,-0.0007535045164575038,0.0008860649207788179,-0.11294721273034342,0.15268723918731106,0.0012434900870196372,0.0010873687451478482,-0.00015612134187178908,0.00010933081883118292,-12.555093402149783,7.613988998129413,0.0016046064953564526,0.00160791151531836,3.305019961907449e-6,1.982927813457649e-5,0.20597074556732742,1.8862677387519349,7.512828012276237
494.99999999999983,3.540658467439248,3.583409280571149,0.04275081313190121,0.026529595472571273,1.2074254979701666,0.7383952033733268,0.6670573608518592,0.6663039058509393,0.7523969730579235,0.739116050780497,-0.0007534550009198338,0.0008860649207788179,-0.11295205557099935,0.15268723918731106,0.0012187545663449562,0.0010631587850478557,-0.0001555957812971005,0.00010933081883118292,-12.766785503313608,7.613988998129413,0.0015923035186732276,0.0015916364954561598,-6.670232170677935e-7,1.982927813457649e-5,-0.04189045676565386,1.8862677387519349,15.024325235855752
495.9999999999998,3.6470284551418928,3.672850642286461,0.025822187144568076,0.026529595472571273,0.7080336076940048,0.7383952033733268,0.6652379754345912,0.6644871082403452,0.7513928168839665,0.7378757951675802,-0.0007508671942459966,0.0008860649207788179,-0.11287196792327811,0.15268723918731106,0.0013337258481640533,0.0011645322382289715,-0.00016919360993508182,0.00010933081883118292,-12.685786225706435,7.613988998129413,0.0016164028064775005,0.0016227791550179984,6.37634854049789e-6,1.982927813457649e-5,0.39447769546956957,1.8862677387519349,7.243756071353858
496.9999999999998,3.639496169311193,3.6657273660727268,0.026231196761533848,0.026529595472571273,0.7207370345027273,0.7383952033733268,0.6641612957615229,0.6634130148116572,0.7507648408461018,0.7371162120495519,-0.0007482809498657872,0.0008860649207788179,-0.1126655459511252,0.15268723918731106,0.0013859908586805873,0.001210952356923843,-0.0001750385017567442,0.00010933081883118292,-12.629123825778654,7.613988998129413,0.001635658972227325,0.00164837387275416,1.2714900526835e-5,1.982927813457649e-5,0.7773564503804082,1.8862677387519349,7.52745303164718
497.9999999999997,3.641747412115897,3.6694591422585447,0.027711730142647717,0.026529595472571273,0.760945969246859,0.7383952033733268,0.664923038172254,0.6641735919672471,0.7510277135369218,0.7374745700436133,-0.0007494462050068318,0.0008860649207788179,-0.11271172180571692,0.15268723918731106,0.001289509689905888,0.0011250252019134326,-0.00016448448799245537,0.00010933081883118292,-12.755583713718345,7.613988998129413,0.001617523681873236,0.0016254711563660675,7.94747449283143e-6,1.982927813457649e-5,0.4913358970811202,1.8862677387519349,7.494916754796045
498.99999999999966,3.6411058465776485,3.6693372286380286,0.028231382060380117,0.026529595472571273,0.7753518642396893,0.7383952033733268,0.6649887903130111,0.6642379164689548,0.7509350398875259,0.7373814836997375,-0.0007508738440562546,0.0008860649207788179,-0.1129152633840365,0.15268723918731106,0.001251349292527326,0.0010901551819551907,-0.00016119411057213535,0.00010933081883118292,-12.881623982587204,7.613988998129413,0.0016033511902678868,0.001606262169056939,2.910978789052261e-6,1.982927813457649e-5,0.18155590657377418,1.8862677387519349,7.60179650753254
499.9999999999996,3.5390332164156817,3.581844897214003,0.042811680798321206,0.026529595472571273,1.2096998863910269,0.7383952033733268,0.6648810623807995,0.6641303061830192,0.7507685439300984,0.7371691303991605,-0.0007507561977803112,0.0008860649207788179,-0.11291586424375073,0.15268723918731106,0.0012285938496991765,0.0010675284954720168,-0.0001610653542271597,0.00010933081883118292,-13.109731443519504,7.613988998129413,0.0015911801909772908,0.0015899826637297302,-1.1975272475605887e-6,1.982927813457649e-5,-0.07526031648402287,1.8862677387519349,14.95023376223957
500.9999999999996,3.633055434662792,3.6605605542212363,0.027505119558444147,0.026529595472571273,0.7570795451128887,0.7383952033733268,0.6630595764648483,0.662311908615581,0.7497549325999437,0.7359126888434141,-0.000747667849267275,0.0008860649207788179,-0.11276028215345626,0.15268723918731106,0.0013438709373489576,0.0011685165394644665,-0.00017535439788449116,0.00010933081883118292,-13.048455250502794,7.613988998129413,0.00161513916417986,0.0016208428603259124,5.7036961460523936e-6,1.982927813457649e-5,0.35313961004398237,1.8862677387519349,7.938599798851325
501.99999999999955,3.634780618644479,3.6613472973808943,0.026566678736415383,0.026529595472571273,0.7309018486602064,0.7383952033733268,0.6618492294053514,0.6611046046295601,0.7490388970385292,0.7350429460341124,-0.0007446247757912916,0.0008860649207788179,-0.11250670737507863,0.15268723918731106,0.0014047946476439155,0.0012221271792424888,-0.00018266746840142666,0.00010933081883118292,-13.003143819475088,7.613988998129413,0.0016370509555497506,0.0016495681286744254,1.2517173124674836e-5,1.982927813457649e-5,0.7646171966877688,1.8862677387519349,7.644122386370141
502.9999999999995,3.644605076774025,3.6715743860356453,0.026969309261620555,0.026529595472571273,0.7399789193481586,0.7383952033733268,0.6624952855681977,0.6617495433951889,0.7492323610235327,0.7353199504108625,-0.0007457421730088232,0.0008860649207788179,-0.11256565733433524,0.15268723918731106,0.0013150919456426913,0.0011425308248837302,-0.0001725611207589611,0.00010933081883118292,-13.121601218128495,7.613988998129413,0.001622105562157809,0.0016305342737148014,8.428711556992359e-6,1.982927813457649e-5,0.5196154771690721,1.8862677387519349,7.139670441780024
503.99999999999943,3.6360391616160532,3.6647547170834414,0.028715555467388132,0.026529595472571273,0.7897482450278501,0.7383952033733268,0.6627113257040596,0.6619639284223174,0.7492323262740652,0.7353458741933212,-0.0007473972817421126,0.0008860649207788179,-0.11277870963621806,0.15268723918731106,0.001266615401005563,0.0010991416363074677,-0.00016747376469809522,0.00010933081883118292,-13.222148141033038,7.613988998129413,0.0016059434940964871,0.0016089404218641793,2.996927767692217e-6,1.982927813457649e-5,0.18661477061360154,1.8862677387519349,7.732482589762749
504.99999999999943,3.539299415227574,3.58188706482902,0.04258764960144612,0.026529595472571273,1.2032790845051398,0.7383952033733268,0.6626647013385081,0.6619171714962405,0.7491014767577351,0.7351806398515512,-0.000747529842267558,0.0008860649207788179,-0.11280664878597454,0.15268723918731106,0.001239710821007841,0.0010730919194471334,-0.0001666189015607075,0.00010933081883118292,-13.440142550764559,7.613988998129413,0.0015921922586215706,0.0015906297927209248,-1.562465900645845e-6,1.982927813457649e-5,-0.09813299192891059,1.8862677387519349,14.694855940455838
505.9999999999994,3.637468755483869,3.6643186623616133,0.026849906877744356,0.026529595472571273,0.7381481102006796,0.7383952033733268,0.6608600793785054,0.6601160698412464,0.7480814726145489,0.7339115913390969,-0.0007440095372590605,0.0008860649207788179,-0.11258200646024066,0.15268723918731106,0.001352942161240762,0.0011713780071243157,-0.00018156415411644633,0.00010933081883118292,-13.419949449275547,7.613988998129413,0.0016151966807687386,0.0016199270605077511,4.730379739012469e-6,1.982927813457649e-5,0.292867103761078,1.8862677387519349,7.511588973998346
506.9999999999993,3.6297007385487263,3.6569951246505195,0.027294386101793133,0.026529595472571273,0.7519734564317367,0.7383952033733268,0.6597881819717969,0.6590474353878006,0.747441042302361,0.7331311042281184,-0.0007407465839962546,0.0008860649207788179,-0.11227036255522357,0.15268723918731106,0.0014044266112724364,0.001216302753446374,-0.00018812385782606246,0.00010933081883118292,-13.395065026261413,7.613988998129413,0.0016337145951886849,0.0016443400127462947,1.06254175576098e-5,1.982927813457649e-5,0.6503839525521667,1.8862677387519349,7.8154342604395275
507.99999999999926,3.634862034710754,3.6630774881827395,0.02821545347198562,0.026529595472571273,0.7762455136548498,0.7383952033733268,0.6604238416563574,0.6596817627965589,0.7476349232498161,0.7334083994654117,-0.0007420788597984895,0.0008860649207788179,-0.11236403245790455,0.15268723918731106,0.0013162542116323297,0.0011384120766883426,-0.00017784213494398708,0.00010933081883118292,-13.511230077922354,7.613988998129413,0.0016178223820133477,0.0016243160058567508,6.493623843403145e-6,1.982927813457649e-5,0.40138051714440737,1.8862677387519349,7.590831001295734
508.9999999999992,3.6392545859891032,3.667328658829853,0.028074072840749587,0.026529595472571273,0.7714237126699782,0.7383952033733268,0.6604600634890206,0.6597165383787347,0.7475253492669167,0.7332971543996071,-0.0007435251102859697,0.0008860649207788179,-0.11257684626049004,0.15268723918731106,0.0012797568449554903,0.0011053836984022056,-0.00017437314655328472,0.00010933081883118292,-13.625490439111454,7.613988998129413,0.0016048027180186526,0.001606705693339049,1.9029753203965178e-6,1.982927813457649e-5,0.11858001603748528,1.8862677387519349,7.3884073164059245
509.9999999999992,3.531499569780235,3.5750203549773643,0.0435207851971291,0.026529595472571273,1.2323599178531797,0.7383952033733268,0.6604337237093753,0.6596901165099087,0.7474076304280503,0.7331490577696151,-0.0007436071994665339,0.0008860649207788179,-0.1125937656983972,0.15268723918731106,0.001251349620302742,0.0010782535149974743,-0.00017309610530526773,0.00010933081883118292,-13.832753252715271,7.613988998129413,0.0015913822487112512,0.0015890810556719783,-2.3011930392728436e-6,1.982927813457649e-5,-0.14460341260790224,1.8862677387519349,15.118571477749247
510.99999999999915,3.6339218555028894,3.6610050921738555,0.027083236670966127,0.026529595472571273,0.7452894626766305,0.7383952033733268,0.6586281643516,0.6578881946085173,0.746404818149586,0.731903320962873,-0.000739969743082658,0.0008860649207788179,-0.11235015189657678,0.15268723918731106,0.0013686917945713525,0.0011806931452868076,-0.00018799864928454495,0.00010933081883118292,-13.735645236583188,7.613988998129413,0.0016147317761611038,0.0016193064120785183,4.574635917414457e-6,1.982927813457649e-5,0.2833062422472598,1.8862677387519349,7.569466079158967
511.9999999999991,3.636528487817928,3.6626077193925104,0.026079231574582362,0.026529595472571273,0.7171463570805412,0.7383952033733268,0.6574628418636771,0.6567263678657891,0.7457158464044954,0.7310641424624543,-0.0007364739978880097,0.0008860649207788179,-0.1120175850243283,0.15268723918731106,0.0014282795743687255,0.0012328991930053794,-0.00019538038136334606,0.00010933081883118292,-13.679421373067017,7.613988998129413,0.0016353711819294939,0.0016465619959700791,1.1190814040585272e-5,1.982927813457649e-5,0.6842981070133437,1.8862677387519349,7.238563010241909
512.9999999999991,3.6318955082139808,3.6604211599280876,0.028525651714106814,0.026529595472571273,0.7854204959804743,0.7383952033733268,0.6582665673341944,0.657528445034606,0.7460028728625111,0.7314580647688772,-0.0007381222995884729,0.0008860649207788179,-0.11213121495409877,0.15268723918731106,0.0013262857121683327,0.001143065488877702,-0.00018322022329063077,0.00010933081883118292,-13.814536461460152,7.613988998129413,0.0016165494007194124,0.0016229128440054992,6.363443286086772e-6,1.982927813457649e-5,0.3936436018135203,1.8862677387519349,7.619870173808728
513.999999999999,3.6386237273566744,3.6667877449169315,0.028164017560257104,0.026529595472571273,0.7740294042637166,0.7383952033733268,0.6583923604456564,0.657652448552023,0.7459430485816493,0.7314086323416152,-0.000739911893633427,0.0008860649207788179,-0.11238160374956221,0.15268723918731106,0.001283105890669879,0.00110426019941656,-0.00017884569125331908,0.00010933081883118292,-13.938498182714131,7.613988998129413,0.0016009076310130803,0.0016019659254005328,1.058294387452528e-6,1.982927813457649e-5,0.06610589936302709,1.8862677387519349,7.2972601195619236
514.999999999999,3.5300683086058626,3.573653722694406,0.04358541408854322,0.026529595472571273,1.23469038778336,0.7383952033733268,0.6583214490784646,0.6575814367170032,0.7457946080860602,0.7312204123355126,-0.000740012361461373,0.0008860649207788179,-0.11240897019188141,0.15268723918731106,0.0012574066376841058,0.0010793098968103925,-0.00017809674087371327,0.00010933081883118292,-14.163814277434723,7.613988998129413,0.0015874443256904745,0.0015841446169129086,-3.299708777565946e-6,1.982927813457649e-5,-0.2078629608714438,1.8862677387519349,15.052336505581703
515.999999999999,3.63203014645525,3.6592963067087205,0.027266160253470506,0.026529595472571273,0.7507140401926851,0.7383952033733268,0.6565255754392514,0.6557896581623163,0.7447901261339446,0.7299657209711885,-0.0007359172769351163,0.0008860649207788179,-0.11209270506221294,0.15268723918731106,0.0013743542889765317,0.0011807177372519274,-0.00019363655172460422,0.00010933081883118292,-14.089274743618219,7.613988998129413,0.0016102308823286021,0.0016136800711517236,3.449188823121405e-6,1.982927813457649e-5,0.2142046125791248,1.8862677387519349,7.556109385957628
516.9999999999989,3.6254902681934906,3.6529116606817604,0.027421392488269802,0.026529595472571273,0.7563499129714485,0.7383952033733268,0.6553518583787216,0.6546197438663648,0.7440903190145078,0.7291091487433182,-0.000732114512356774,0.0008860649207788179,-0.11171319696383498,0.15268723918731106,0.0014346429506072785,0.001233167487709182,-0.0002014754628980966,0.00010933081883118292,-14.043596200212244,7.613988998129413,0.001630720823570744,0.0016408078600874338,1.0087036516689832e-5,1.982927813457649e-5,0.6185630532761904,1.8862677387519349,7.7701023706718955
517.9999999999989,3.630749569852019,3.65917707255601,0.02842750270399108,0.026529595472571273,0.7829651193802859,0.7383952033733268,0.656024827124347,0.6552910227327389,0.744296764605867,0.729405521730314,-0.0007338043916080839,0.0008860649207788179,-0.1118561922152672,0.15268723918731106,0.0013409005071924284,0.0011508015873448233,-0.00019009891984760508,0.00010933081883118292,-14.176959351416263,7.613988998129413,0.0016145440076573137,0.001620411697401515,5.867689744201319e-6,1.982927813457649e-5,0.3634270553402428,1.8862677387519349,7.543185162437197
518.9999999999987,3.630323620815252,3.6592612844484522,0.028937663633200383,0.026529595472571273,0.7971097526203995,0.7383952033733268,0.6560930277141391,0.6553574460209817,0.7442002022297647,0.7293127086717679,-0.000735581693157461,0.0008860649207788179,-0.1121154565108342,0.15268723918731106,0.0013010492528511741,0.0011151167731498607,-0.00018593247970131337,0.00010933081883118292,-14.290963950354154,7.613988998129413,0.0016008828544906931,0.0016019232129943094,1.0403585036162285e-6,1.982927813457649e-5,0.06498654793496489,1.8862677387519349,7.634020822965705
519.9999999999987,3.5303564808149797,3.5735653264550984,0.04320884564011873,0.026529595472571273,1.223923019528725,0.7383952033733268,0.6560199032597179,0.6552841894329119,0.7440484356800847,0.7291231134675065,-0.0007357138268060393,0.0008860649207788179,-0.11214809537794931,0.15268723918731106,0.001274985816099671,0.0010900465220349807,-0.00018493929406469042,0.00010933081883118292,-14.505204036735176,7.613988998129413,0.001588252554492923,0.0015851191356711133,-3.1334188218096973e-6,1.982927813457649e-5,-0.19728718917817797,1.8862677387519349,14.793571973052133
520.9999999999987,3.631524687460549,3.6586507840845512,0.027126096624002116,0.026529595472571273,0.7469616472019867,0.7383952033733268,0.6542501973009615,0.6535187330517018,0.7430420989229898,0.7278652125059498,-0.0007314642492596279,0.0008860649207788179,-0.11180191496727165,0.15268723918731106,0.0013888615191148918,0.0011882861387449808,-0.00020057538036991106,0.00010933081883118292,-14.441711978436542,7.613988998129413,0.001610923285813545,0.0016141501310784397,3.2268452648948065e-6,1.982927813457649e-5,0.20031029989520527,1.8862677387519349,7.422319307266563
521.9999999999986,3.6284349491547028,3.6554051548399165,0.02697020568521369,0.026529595472571273,0.7433013424009929,0.7383952033733268,0.6531863767188691,0.6524586482716478,0.7424005596572069,0.7270802392866577,-0.0007277284472213541,0.0008860649207788179,-0.11141206754447786,0.15268723918731106,0.0014412426174362138,0.0012337331403201007,-0.00020750947711611315,0.00010933081883118292,-14.39795594479755,7.613988998129413,0.0016291898570106335,0.0016382737836789579,9.08392666832433e-6,1.982927813457649e-5,0.5575732398059633,1.8862677387519349,7.444323141236792
522.9999999999986,3.6229954179588946,3.6524037138095053,0.029408295850610777,0.026529595472571273,0.8117122010377447,0.7383952033733268,0.6539335857674274,0.6532038275574206,0.7426609890106033,0.7274443950498516,-0.00072975821000687,0.0008860649207788179,-0.11159515673911415,0.15268723918731106,0.0013432254535318314,0.0011481119752539102,-0.0001951134782779212,0.00010933081883118292,-14.525743073502397,7.613988998129413,0.0016108264831994896,0.001615274842406069,4.448359206579407e-6,1.982927813457649e-5,0.2761538410855956,1.8862677387519349,7.87622896269326
523.9999999999985,3.6314874771648427,3.6601739923612744,0.028686515196431728,0.026529595472571273,0.7899384309271451,0.7383952033733268,0.6539512560132785,0.653219734479914,0.7425347758538425,0.7273125541919627,-0.000731521533364532,0.0008860649207788179,-0.11186178276101948,0.15268723918731106,0.0013071467617654289,0.0011156351173535507,-0.00019151164441187814,0.00010933081883118292,-14.651120288377031,7.613988998129413,0.0015973860577270305,0.00159713217642621,-2.538813008204875e-7,1.982927813457649e-5,-0.01589354680995169,1.8862677387519349,7.429225059017231
524.9999999999985,3.5217317264808115,3.5660060176794737,0.04427429119866222,0.026529595472571273,1.2571738745956251,0.7383952033733268,0.6538358600560878,0.6531043028706485,0.7423575410787766,0.727090220439317,-0.0007315571854393799,0.0008860649207788179,-0.11188697808294346,0.15268723918731106,0.0012840803378665283,0.001093178003930591,-0.00019090233393593723,0.00010933081883118292,-14.866852821149596,7.613988998129413,0.0015854767096338063,0.0015813606059451885,-4.116103688617777e-6,1.982927813457649e-5,-0.2596130024242654,1.8862677387519349,15.305331979455698
525.9999999999985,3.62618582984926,3.6537174499335787,0.027531620084318753,0.026529595472571273,0.7592445995924935,0.7383952033733268,0.6519996155830523,0.6512725728498858,0.7413326445349435,0.725809073159002,-0.000727042733166483,0.0008860649207788179,-0.11150968739702756,0.15268723918731106,0.001407183678961901,0.0011999911406442596,-0.00020719253831764147,0.00010933081883118292,-14.723915677482152,7.613988998129413,0.0016097334880557496,0.0016129167779831695,3.183289927419881e-6,1.982927813457649e-5,0.19775260631899302,1.8862677387519349,7.589604077912427
526.9999999999984,3.617788833809232,3.645724253346948,0.027935419537715944,0.026529595472571273,0.7721683276992776,0.7383952033733268,0.6508132038832839,0.6500902041171115,0.740626266762551,0.7249450452747529,-0.0007229997661724052,0.0008860649207788179,-0.11109174827099347,0.15268723918731106,0.0014700119300426102,0.0012548062350715044,-0.00021520569497110583,0.00010933081883118292,-14.639724384064545,7.613988998129413,0.0016310545275740232,0.0016411498757345475,1.0095348160524395e-5,1.982927813457649e-5,0.61894608609682,1.8862677387519349,7.908293559887277
527.9999999999984,3.6158430269677213,3.6457754719786295,0.029932445010908193,0.026529595472571273,0.8278137294032317,0.7383952033733268,0.6514986565922708,0.6507735653990336,0.7408326838198305,0.725246814287503,-0.0007250911932371595,0.0008860649207788179,-0.11129588463463945,0.15268723918731106,0.0013726503159509642,0.001169715279227315,-0.00020293503672364909,0.00010933081883118292,-14.784175865144276,7.613988998129413,0.001614975550355642,0.0016206725361390876,5.696985783445671e-6,1.982927813457649e-5,0.35275987814125787,1.8862677387519349,8.118423381110288
528.9999999999984,3.6220907410869994,3.6515371755749464,0.029446434487947037,0.026529595472571273,0.8129678849268719,0.7383952033733268,0.6514479904033544,0.6507211306766074,0.7406571016028555,0.7250587252511226,-0.00072685972674702,0.0008860649207788179,-0.11157601795608782,0.15268723918731106,0.0013396339444626056,0.0011400081027819068,-0.0001996258416806988,0.00010933081883118292,-14.901521606395152,7.613988998129413,0.0016039197200995452,0.0016050305977878749,1.1108776883296968e-6,1.982927813457649e-5,0.0692601801953499,1.8862677387519349,7.784241435248316
529.9999999999983,3.5201517032486014,3.564179272651674,0.04402756940307251,0.026529595472571273,1.2507293183541295,0.7383952033733268,0.6513014841487439,0.6505746811560723,0.7404558035876195,0.7248107671856425,-0.0007268029926715824,0.0008860649207788179,-0.1115924054159833,0.15268723918731106,0.0013174675967821423,0.001118377980012485,-0.00019908961676965722,0.00010933081883118292,-15.11153801853837,7.613988998129413,0.0015936194969354554,0.0015907997951019402,-2.8197018335151744e-6,1.982927813457649e-5,-0.1769369563397967,1.8862677387519349,15.114459841277565
530.9999999999983,3.6211069815196364,3.648973465431322,0.02786648391168578,0.026529595472571273,0.769557045784693,0.7383952033733268,0.6495248004444886,0.6488025042728394,0.7394512324814585,0.7235577310389127,-0.000722296171649206,0.0008860649207788179,-0.11120378639197731,0.15268723918731106,0.0014352570241720774,0.0012203607197118886,-0.00021489630446018884,0.00010933081883118292,-14.97267045839061,7.613988998129413,0.001617404587968579,0.001621105940704864,3.701352736284894e-6,1.982927813457649e-5,0.22884519827742691,1.8862677387519349,7.67480013110147
531.9999999999982,3.618496719269266,3.6461216831587406,0.027624963889474774,0.026529595472571273,0.7634375828604724,0.7383952033733268,0.6484163352839155,0.6476979385781367,0.7387830851762908,0.7227433854292444,-0.0007183967057787788,0.0008860649207788179,-0.11079250578476275,0.15268723918731106,0.0014920968494397165,0.0012699351712873069,-0.00022216167815240968,0.00010933081883118292,-14.889226408850842,7.613988998129413,0.001637156613593442,0.0016468607078295866,9.704094236144632e-6,1.982927813457649e-5,0.5927407405968839,1.8862677387519349,7.654219675225151
532.9999999999982,3.6150937264852807,3.6449541447250717,0.02986041823979102,0.026529595472571273,0.8259929202118462,0.7383952033733268,0.6491567961048575,0.6484361058068091,0.7390283073085869,0.7230946085308853,-0.0007206902980484431,0.0008860649207788179,-0.11101944897947749,0.15268723918731106,0.0013907997814761822,0.001181675944644095,-0.0002091238368320872,0.00010933081883118292,-15.03622876688441,7.613988998129413,0.0016194052770096088,0.0016242578790068513,4.852601997242488e-6,1.982927813457649e-5,0.29965333978677006,1.8862677387519349,7.961269418355171
533.9999999999982,3.6268784696303595,3.655636285641782,0.028757816011422577,0.026529595472571273,0.7929081785404706,0.7383952033733268,0.649195332768785,0.6484726708736653,0.738908201822718,0.7229747631982831,-0.0007226618951197139,0.0008860649207788179,-0.11131655738151992,0.15268723918731106,0.0013515947624732692,0.0011466576981792095,-0.00020493706429405975,0.00010933081883118292,-15.162611604017135,7.613988998129413,0.0016058020213593387,0.0016055760846242395,-2.2593673509917547e-7,1.982927813457649e-5,-0.01407002433014228,1.8862677387519349,7.319828234612321
534.9999999999981,3.5205016684250356,3.5643816072075714,0.04387993878253571,0.026529595472571273,1.2464115320861713,0.7383952033733268,0.6491523597784268,0.648429475042428,0.7387715187794318,0.7228060038961192,-0.0007228847359987967,0.0008860649207788179,-0.11135825436197086,0.15268723918731106,0.0013225572130805745,0.0011191693089178517,-0.00020338790416272274,0.00010933081883118292,-15.37838228479963,7.613988998129413,0.0015923432382171027,0.0015876844313178018,-4.658806899300897e-6,1.982927813457649e-5,-0.29257554448607564,1.8862677387519349,14.863806285204374
535.9999999999981,3.624311246374592,3.651846815328901,0.02753556895430931,0.026529595472571273,0.7597462547360746,0.7383952033733268,0.6474676174114535,0.6467494467749224,0.7378095532285641,0.7215974612856567,-0.0007181706365311236,0.0008860649207788179,-0.11091993131677187,0.15268723918731106,0.001433471319229189,0.0012142487779391979,-0.00021922254128999116,0.00010933081883118292,-15.293123646720202,7.613988998129413,0.0016128626256461226,0.0016140622382778966,1.1996126317739917e-6,1.982927813457649e-5,0.07437785541675748,1.8862677387519349,7.3513979204238495
536.9999999999981,3.617159136921038,3.6450287130844092,0.027869576163371157,0.026529595472571273,0.7704824451570582,0.7383952033733268,0.6463976911646219,0.6456836764062764,0.737157150911382,0.7207945158540441,-0.000714014758345427,0.0008860649207788179,-0.11046059849919618,0.15268723918731106,0.001487632866922719,0.0012608026243104307,-0.00022683024261228825,0.00010933081883118292,-15.247729977995428,7.613988998129413,0.0016303841350621391,0.0016372464857243186,6.862350662179472e-6,1.982927813457649e-5,0.4209039155007434,1.8862677387519349,7.615958548074845
537.999999999998,3.616917525234351,3.646552112919892,0.029634587685540836,0.026529595472571273,0.819332690855889,0.7383952033733268,0.6471330308752022,0.6464165479056782,0.7374078296506933,0.7211500116966222,-0.0007164829695240904,0.0008860649207788179,-0.1107164887805367,0.15268723918731106,0.0013877408881768705,0.0011741112336219035,-0.000213629654554967,0.00010933081883118292,-15.394059249462675,7.613988998129413,0.0016116935525132248,0.0016139724807598913,2.2789282466664697e-6,1.982927813457649e-5,0.1413996006320668,1.8862677387519349,7.738514562759823
538.999999999998,3.6177026009581965,3.647602686317856,0.02990008535965938,0.026529595472571273,0.8264937353263904,0.7383952033733268,0.6471630284952163,0.6464444618836316,0.7372839173737921,0.7210220830887717,-0.0007185666115847589,0.0008860649207788179,-0.11103332235396236,0.15268723918731106,0.0013496055588754262,0.0011400977010987432,-0.00020950785777668307,0.00010933081883118292,-15.523636250524769,7.613988998129413,0.0015976698824356227,0.0015952817339313162,-2.3881485043065944e-6,1.982927813457649e-5,-0.14947696833753288,1.8862677387519349,7.76010923603754
539.9999999999978,3.517168943709245,3.5612884423606896,0.04411949865144482,0.026529595472571273,1.2544037365721736,0.7383952033733268,0.647020011645798,0.6463013726143165,0.7370837661608713,0.7207714942159756,-0.000718639031481505,0.0008860649207788179,-0.1110690579188629,0.15268723918731106,0.0013276296268259916,0.0011185990896049572,-0.0002090305372210344,0.00010933081883118292,-15.744642406088111,7.613988998129413,0.0015859839535394386,0.001579922291610047,-6.061661929391638e-6,1.982927813457649e-5,-0.38220197095083047,1.8862677387519349,14.971529570410848
540.9999999999978,3.6196381713219803,3.6474527370564367,0.027814565734456398,0.026529595472571273,0.7684349765904319,0.7383952033733268,0.6452102640848909,0.644496771138863,0.7360454094228075,0.7194632029838028,-0.0007134929460279604,0.0008860649207788179,-0.11058301235178204,0.15268723918731106,0.0014486727318149823,0.001222227197241415,-0.0002264455345735673,0.00010933081883118292,-15.631241591043343,7.613988998129413,0.0016094976308940597,0.001610337108419432,8.394775253722005e-7,1.982927813457649e-5,0.05215773600771808,1.8862677387519349,7.487900816956154
541.9999999999978,3.618606664199883,3.6459861255411585,0.027379461341275668,0.026529595472571273,0.7566299374880965,0.7383952033733268,0.6441303750160513,0.6434211013191197,0.7353873829029707,0.7186533434617192,-0.0007092736969316338,0.0008860649207788179,-0.1101133752485992,0.15268723918731106,0.0015041320594129015,0.0012701395565677086,-0.00023399250284519293,0.00010933081883118292,-15.556646198773647,7.613988998129413,0.0016282041499669235,0.0016352447441642032,7.040594197279745e-6,1.982927813457649e-5,0.4324147065601554,1.8862677387519349,7.381629326634943
542.9999999999977,3.6245338680422603,3.652990248222018,0.028456380179757712,0.026529595472571273,0.7851045462882656,0.7383952033733268,0.6449221718811848,0.6442100184721797,0.73567081399434,0.7190543339737508,-0.0007121534090051007,0.0008860649207788179,-0.11042470550017033,0.15268723918731106,0.0013991382899149957,0.0011795432323228189,-0.00021959505759217685,0.00010933081883118292,-15.695021655473262,7.613988998129413,0.0016089964293806282,0.0016113008243667736,2.3043949861454183e-6,1.982927813457649e-5,0.14321939713890347,1.8862677387519349,7.144547073488469
543.9999999999977,3.615512013722828,3.6457021994521392,0.030190185729311203,0.026529595472571273,0.8350182661466227,0.7383952033733268,0.6451359999640636,0.6444210542983057,0.7356624943193594,0.7190723177883523,-0.0007149456657579156,0.0008860649207788179,-0.11082092237880706,0.15268723918731106,0.0013481681756672278,0.001134981196093788,-0.0002131869795734397,0.00010933081883118292,-15.813085000907279,7.613988998129413,0.0015911900388587662,0.0015879757961270182,-3.2142427317479773e-6,1.982927813457649e-5,-0.2020024417732842,1.8862677387519349,7.775016880513503
544.9999999999976,3.519202470638058,3.5629404823335094,0.04373801169545155,0.026529595472571273,1.2428387414584168,0.7383952033733268,0.6450425332351082,0.6443271209826866,0.7354918982887407,0.7188568564313835,-0.0007154122524215545,0.0008860649207788179,-0.11090931458946097,0.15268723918731106,0.0013230464019897306,0.0011108146780197058,-0.00021223172397002478,0.00010933081883118292,-16.041139876186453,7.613988998129413,0.0015773759756995398,0.0015699646941433325,-7.411281556207305e-6,1.982927813457649e-5,-0.46984876594944497,1.8862677387519349,14.670350429408854
545.9999999999976,3.6163009655664853,3.644537959345832,0.02823699377934652,0.026529595472571273,0.7808253253313848,0.7383952033733268,0.6432167637908772,0.6425068115880409,0.7344233671728572,0.717500247987253,-0.000709952202836317,0.0008860649207788179,-0.1103752642658326,0.15268723918731106,0.0014438116089086008,0.0012130112975253164,-0.00023080031138328436,0.00010933081883118292,-15.985486607754169,7.613988998129413,0.00160016505838952,0.0015993022862789627,-8.62772110557259e-7,1.982927813457649e-5,-0.053917694679922135,1.8862677387519349,7.591284181936003
546.9999999999976,3.6251920085944622,3.6516944545440384,0.02650244594957618,0.026529595472571273,0.7310632343540764,0.7383952033733268,0.6421239420318041,0.6414184780645179,0.7337458365478003,0.716658668709737,-0.0007054639672862129,0.0008860649207788179,-0.10986414321415716,0.15268723918731106,0.001499542456178149,0.0012605280473294031,-0.00023901440884874594,0.00010933081883118292,-15.939155831433856,7.613988998129413,0.0016185963424649175,0.0016238657821768068,5.269439711889316e-6,1.982927813457649e-5,0.3255561361188192,1.8862677387519349,6.9087262573856485
547.9999999999975,3.613670599522232,3.643479323698631,0.029808724176399348,0.026529595472571273,0.8248876967463608,0.7383952033733268,0.6429530478708487,0.6422444737151727,0.7340651493888312,0.7171045769148445,-0.000708574155676045,0.0008860649207788179,-0.11020620526218856,0.15268723918731106,0.0013933918744053074,0.0011695789232902068,-0.00022381295111510062,0.00010933081883118292,-16.06245559675184,7.613988998129413,0.0015984863203409433,0.001599163538374836,6.772180338927326e-7,1.982927813457649e-5,0.04236620766002476,1.8862677387519349,7.700990731135939
548.9999999999975,3.6255730877545314,3.6543495819183325,0.028776494163801125,0.026529595472571273,0.7937088418102642,0.7383952033733268,0.6430927563592342,0.6423813832171062,0.7340121230192329,0.7170651712327631,-0.0007113731421279912,0.0008860649207788179,-0.11061750192232227,0.15268723918731106,0.0013480760652493956,0.0011299631142627341,-0.0002181129509866615,0.00010933081883118292,-16.17957299362854,7.613988998129413,0.001581948672418632,0.0015776076783529556,-4.340994065676375e-6,1.982927813457649e-5,-0.27440802229312883,1.8862677387519349,7.085310264117363
549.9999999999975,3.5162736600002664,3.560236824740921,0.04396316474065465,0.026529595472571273,1.250277111271576,0.7383952033733268,0.6430126464389619,0.6423006130653134,0.7338502018690276,0.7168610611707483,-0.0007120333736485573,0.0008860649207788179,-0.11073396108021138,0.15268723918731106,0.0013222569006723387,0.0011055179988689503,-0.00021673890180338843,0.00010933081883118292,-16.39158787473005,7.613988998129413,0.001568221043859654,0.0015599054427201814,-8.315601139472677e-6,1.982927813457649e-5,-0.5302569540201165,1.8862677387519349,14.78342768701959
550.9999999999974,3.616818685818983,3.6449593818047985,0.0281406959858157,0.026529595472571273,0.7780510561989534,0.7383952033733268,0.6412869683685164,0.6405799967192074,0.7328480643542717,0.7155841739452371,-0.0007069716493089961,0.0008860649207788179,-0.1102426346051576,0.15268723918731106,0.001437986835308142,0.0012037230518143888,-0.00023426378349375313,0.00010933081883118292,-16.291093752854383,7.613988998129413,0.0015889986189271085,0.0015871561117652409,-1.8425071618675699e-6,1.982927813457649e-5,-0.11595398132640482,1.8862677387519349,7.482788998988287
551.9999999999974,3.6171981125622206,3.6445696482754633,0.02737153571324269,0.026529595472571273,0.7567054626669101,0.7383952033733268,0.6401232734466001,0.6394208237117877,0.7321249287066547,0.7146814083523467,-0.0007024497348124825,0.0008860649207788179,-0.10973663416896241,0.15268723918731106,0.0014996609925172256,0.0012562026159198428,-0.00024345837659738283,0.00010933081883118292,-16.234227456215333,7.613988998129413,0.0016083041948016538,0.0016129478608884844,4.643666086830579e-6,1.982927813457649e-5,0.2887305835450653,1.8862677387519349,7.289400454228579
552.9999999999973,3.6105512268461655,3.640532749461907,0.029981522615741607,0.026529595472571273,0.8303862964971865,0.7383952033733268,0.6408673349498468,0.6401618582606744,0.7323860918447268,0.7150555483328072,-0.000705476689172424,0.0008860649207788179,-0.11008154897263307,0.15268723918731106,0.0013983395074923886,0.0011694225155234202,-0.00022891699196896835,0.00010933081883118292,-16.370630361397723,7.613988998129413,0.0015901545993543664,0.001590597455203893,4.428558495266858e-7,1.982927813457649e-5,0.02784986124660419,1.8862677387519349,7.790058792647689
553.9999999999973,3.607848025512512,3.638550623587145,0.03070259807463316,0.026529595472571273,0.8509947718840432,0.7383952033733268,0.6409152949961613,0.6402070959255812,0.7322714118085158,0.7149401730181727,-0.0007081990705800623,0.0008860649207788179,-0.11049807612787646,0.15268723918731106,0.0013587990454249493,0.0011348406221453518,-0.00022395842327959758,0.00010933081883118292,-16.482085708969354,7.613988998129413,0.0015761983258064467,0.0015721325303504118,-4.065795456034953e-6,1.982927813457649e-5,-0.2579494844948987,1.8862677387519349,8.02618634185341
554.9999999999973,3.5081811283853823,3.5527931091170415,0.04461198073165917,0.026529595472571273,1.2716555701954746,0.7383952033733268,0.6406514930202757,0.6399430884771348,0.7319900826311937,0.7145869152965344,-0.0007084045431409169,0.0008860649207788179,-0.11057564851698504,0.15268723918731106,0.0013452077540117278,0.0011206953335696445,-0.00022451242044208334,0.00010933081883118292,-16.68979529537606,7.613988998129413,0.0015672451776574264,0.0015600721654886814,-7.1730121687450365e-6,1.982927813457649e-5,-0.4576828355258744,1.8862677387519349,15.23475116932974
555.9999999999972,3.6174743667587346,3.6448142409473885,0.027339874188653912,0.026529595472571273,0.7557724372529695,0.7383952033733268,0.6387236516949892,0.638020523268782,0.7308766815279348,0.7131745626363857,-0.0007031284262072335,0.0008860649207788179,-0.11008335519458727,0.15268723918731106,0.0014784661530059728,0.001234825678718889,-0.00024364047428708383,0.00010933081883118292,-16.479273048741856,7.613988998129413,0.0015939957802733804,0.001594659443670479,6.636633970986787e-7,1.982927813457649e-5,0.04163520413992917,1.8862677387519349,7.250887598897051
556.9999999999972,3.6154347870004924,3.64252983513679,0.027095048136297706,0.026529595472571273,0.7494271016509422,0.7383952033733268,0.6376762044215276,0.6369770606985174,0.7302382344227364,0.712386805912037,-0.0006991437230101649,0.0008860649207788179,-0.1096392994065692,0.15268723918731106,0.001533501091418098,0.001282905365582683,-0.00025059572583541493,0.00010933081883118292,-16.341411638884306,7.613988998129413,0.001613186827015243,0.0016203342261873136,7.147399172070714e-6,1.982927813457649e-5,0.4430608440619989,1.8862677387519349,7.2015914963295975
557.999999999997,3.616596330505255,3.645542367768088,0.028946037262832736,0.026529595472571273,0.8003668260866936,0.7383952033733268,0.6385724683200368,0.6378697153188508,0.7305823259214306,0.7128723956247648,-0.0007027530011859406,0.0008860649207788179,-0.11005062636582981,0.15268723918731106,0.0014182680956759646,0.0011843390469362671,-0.00023392904873969752,0.00010933081883118292,-16.493993586466736,7.613988998129413,0.0015924284595283185,0.00159426573802334,1.8372784950215076e-6,1.982927813457649e-5,0.11537588919791815,1.8862677387519349,7.25578148269801
558.999999999997,3.611362388831901,3.641519184940114,0.03015679610821298,0.026529595472571273,0.8350531700023388,0.7383952033733268,0.638764005818056,0.6380579601467038,0.7305533459905064,0.7128668902003379,-0.0007060456713522401,0.0008860649207788179,-0.11053310219758193,0.15268723918731106,0.0013675795640296087,0.0011403167514919541,-0.00022726281253765456,0.00010933081883118292,-16.6178859727926,7.613988998129413,0.0015748958767848782,0.0015709444207649774,-3.951456019900745e-6,1.982927813457649e-5,-0.25090268367249596,1.8862677387519349,7.660862348817338
559.999999999997,3.509865717171226,3.5541827778698223,0.04431706069859631,0.026529595472571273,1.262642627089267,0.7383952033733268,0.6386505016834911,0.6379437772642849,0.7303636182496015,0.712627525434699,-0.0007067244192062727,0.0008860649207788179,-0.11065902513868506,0.15268723918731106,0.0013432071329575193,0.001116910119576923,-0.0002262970133805962,0.00010933081883118292,-16.84751426850509,7.613988998129413,0.0015616060471538335,0.001553353432894252,-8.252614259581393e-6,1.982927813457649e-5,-0.5284696658688355,1.8862677387519349,14.933260673819191
560.9999999999969,3.616997480597979,3.6444719631158504,0.027474482517871213,0.026529595472571273,0.7595936316032214,0.7383952033733268,0.6367748498940108,0.6360735490195792,0.7292609619901036,0.7112182884863628,-0.000701300874431543,0.0008860649207788179,-0.11013325582005513,0.15268723918731106,0.0014712373366115355,0.0012252748029282644,-0.00024596253368327115,0.00010933081883118292,-16.718073118627967,7.613988998129413,0.0015855133662591508,0.0015841540319945688,-1.3593342645819816e-6,1.982927813457649e-5,-0.08573464554191589,1.8862677387519349,7.182195439922732
561.9999999999969,3.6098806601501487,3.6376955973918617,0.02781493724171291,0.026529595472571273,0.7705223485298259,0.7383952033733268,0.635716089105309,0.6350191437348949,0.7286039246064496,0.7103976484574612,-0.0006969453704140927,0.0008860649207788179,-0.10963154501799008,0.15268723918731106,0.0015265060598374214,0.0012726385657310132,-0.0002538674941064082,0.00010933081883118292,-16.630624717824315,7.613988998129413,0.0016035496060824894,0.0016083657163914722,4.816110308982803e-6,1.982927813457649e-5,0.30034058757612603,1.8862677387519349,7.437376635670507
562.9999999999969,3.609543280238465,3.6392171745620283,0.029673894323563488,0.026529595472571273,0.8220955400651984,0.7383952033733268,0.6365060479321546,0.635805668835118,0.7288889938770359,0.7108078288669687,-0.0007003790970365742,0.0008860649207788179,-0.11003494771368266,0.15268723918731106,0.0014198990151305978,0.0011817056355404832,-0.0002381933795901146,0.00010933081883118292,-16.775374660585022,7.613988998129413,0.0015843564699017144,0.0015845660502837098,2.0958038199543096e-7,1.982927813457649e-5,0.013228107813920958,1.8862677387519349,7.570689841924218
563.9999999999968,3.6182864786170095,3.6472506626434926,0.028964184026483153,0.026529595472571273,0.8004944936685586,0.7383952033733268,0.63656400429019,0.6358606217095727,0.728775071041386,0.7106945315708312,-0.0007033825806173066,0.0008860649207788179,-0.11049675694459409,0.15268723918731106,0.0013786950129400348,0.0011457845142862644,-0.00023291049865377042,0.00010933081883118292,-16.893547627846587,7.613988998129413,0.001569887131405131,0.0015653026961218173,-4.584435283313702e-6,1.982927813457649e-5,-0.2920232411364754,1.8862677387519349,7.128568760417143
564.9999999999968,3.504991469370244,3.5497552247856676,0.044763755415423656,0.026529595472571273,1.2771430631603375,0.7383952033733268,0.6365404893208658,0.6358361582929198,0.7286447826228492,0.7105322054903858,-0.0007043310279459813,0.0008860649207788179,-0.11064983921092626,0.15268723918731106,0.001348083120069744,0.0011175553187086303,-0.00023052780136111365,0.00010933081883118292,-17.100414501828872,7.613988998129413,0.001555728252026784,0.0015469883373140246,-8.739914712759325e-6,1.982927813457649e-5,-0.5617892907307603,1.8862677387519349,15.173458047616698
565.9999999999967,3.609357709430466,3.6376192143104773,0.028261504880011223,0.026529595472571273,0.7830064835682554,0.7383952033733268,0.634714030468776,0.6340146376567455,0.7275826630116088,0.7091732109442304,-0.0006993928120304638,0.0008860649207788179,-0.11019022401535987,0.15268723918731106,0.0014754985440832856,0.0012260548617177508,-0.00024944368236553475,0.00010933081883118292,-16.905722026348183,7.613988998129413,0.001578606916526949,0.001576899629717744,-1.7072868092049553e-6,1.982927813457649e-5,-0.10815148415548005,1.8862677387519349,7.524378783228309
566.9999999999967,3.60996856179914,3.637383813932308,0.02741525213316809,0.026529595472571273,0.7594318804678134,0.7383952033733268,0.6334918928386201,0.6327970630215741,0.7268226497959854,0.7082203319338157,-0.0006948298170459388,0.0008860649207788179,-0.10968251131557012,0.15268723918731106,0.0015434637674836872,0.0012841839523133384,-0.0002592798151703488,0.00010933081883118292,-16.798568300249336,7.613988998129413,0.0015997066678470819,0.0016049418283631417,5.235160516059781e-6,1.982927813457649e-5,0.3272575292259904,1.8862677387519349,7.302154356000718
567.9999999999967,3.6147264815432862,3.6434266878925836,0.028700206349297375,0.026529595472571273,0.7939800285260862,0.7383952033733268,0.6342815797291367,0.6335834133218019,0.7271012883338462,0.7086243464879931,-0.0006981664073347771,0.0008860649207788179,-0.11007199793393366,0.15268723918731106,0.001434879781617623,0.0011915335298575019,-0.00024334625176012118,0.00010933081883118292,-16.95934773614155,7.613988998129413,0.0015813660769924253,0.0015821105257124136,7.444487199882548e-7,1.982927813457649e-5,0.04707630515282773,1.8862677387519349,7.129888192729768
568.9999999999966,3.6089825556485002,3.6389899999153004,0.030007444266800132,0.026529595472571273,0.8314654838060882,0.7383952033733268,0.6344985322838543,0.633796821329745,0.72708812899148,0.708640808917532,-0.0007017109541093136,0.0008860649207788179,-0.1105929987865426,0.15268723918731106,0.001381902203929322,0.0011460146006525378,-0.00023588760327678416,0.00010933081883118292,-17.069775459222637,7.613988998129413,0.0015641053161808386,0.001559430885162157,-4.674431018681551e-6,1.982927813457649e-5,-0.29885653928313244,1.8862677387519349,7.561423983470577
569.9999999999966,3.5032498837542954,3.547989843123659,0.04473995936936381,0.026529595472571273,1.2770987184453355,0.7383952033733268,0.6344323211902139,0.6337295227135653,0.7269259756144024,0.7084379552095406,-0.0007027984766485584,0.0008860649207788179,-0.11077595721007524,0.15268723918731106,0.0013540019365846044,0.001119962935268499,-0.00023403900131610533,0.00010933081883118292,-17.284982760545812,7.613988998129413,0.0015501569764215072,0.0015411899284256088,-8.967047995898404e-6,1.982927813457649e-5,-0.5784606418763198,1.8862677387519349,15.154322838832703
570.9999999999966,3.612560877698467,3.6400922207917006,0.027531343093233573,0.026529595472571273,0.7621004607339259,0.7383952033733268,0.632499943476198,0.6318023502284321,0.7257876254347757,0.7069767411788356,-0.0006975932477658597,0.0008860649207788179,-0.11029143242794794,0.15268723918731106,0.0014890227987354083,0.0012344483622355818,-0.00025457443649982655,0.00010933081883118292,-17.0967453766343,7.613988998129413,0.0015750583407166394,0.0015734027264029669,-1.6556143136725598e-6,1.982927813457649e-5,-0.105114475500588,1.8862677387519349,7.2033424747011185
571.9999999999965,3.601729735685438,3.630014264676178,0.028284528990739854,0.026529595472571273,0.7853040362940248,0.7383952033733268,0.6313854059258529,0.6306921905956783,0.7250947617705086,0.7061068294988695,-0.0006932153301746347,0.0008860649207788179,-0.10979273889901137,0.15268723918731106,0.0015495834749401102,0.0012864543447559443,-0.00026312913018416593,0.00010933081883118292,-16.98063605088042,7.613988998129413,0.0015944703078341203,0.0015994321136248762,4.961805790755893e-6,1.982927813457649e-5,0.3111883467742875,1.8862677387519349,7.668467322964589
572.9999999999965,3.607836274524038,3.637160578995471,0.02932430447143286,0.026529595472571273,0.8127947678363386,0.7383952033733268,0.6321419405803952,0.6314452200412629,0.7253514804283794,0.7064860420430517,-0.0006967205391322784,0.0008860649207788179,-0.11021583831197643,0.15268723918731106,0.0014429538698655232,0.0011956807255998363,-0.00024727314426568696,0.00010933081883118292,-17.136593859977776,7.613988998129413,0.0015765316199505323,0.0015770229288736785,4.913089231462116e-7,1.982927813457649e-5,0.03116391177499045,1.8862677387519349,7.410854358187147
573.9999999999964,3.6101454528622687,3.6396039672588723,0.02945851439660352,0.026529595472571273,0.8159924518622269,0.7383952033733268,0.6322139632912596,0.63151392980539,0.7252413994180522,0.7063801514531414,-0.0007000334858695556,0.0008860649207788179,-0.11072730539281868,0.15268723918731106,0.0013996685778674691,0.0011582544970716382,-0.00024141408079583087,0.00010933081883118292,-17.247946021882456,7.613988998129413,0.001562345807877473,0.0015579469591922492,-4.398848685223736e-6,1.982927813457649e-5,-0.28155410044590556,1.8862677387519349,7.34604891932612
574.9999999999964,3.500512037536836,3.545270883530044,0.04475884599320823,0.026529595472571273,1.2786371111782595,0.7383952033733268,0.6321937563923522,0.6314925803037005,0.7251081783899306,0.7062157228092119,-0.0007011760886517227,0.0008860649207788179,-0.11091158075540351,0.15268723918731106,0.0013680405477086025,0.0011292630077853417,-0.00023877753992326074,0.00010933081883118292,-17.45398119399318,7.613988998129413,0.0015483842848468482,0.001539699704238001,-8.684580608847147e-6,1.982927813457649e-5,-0.5608801829002124,1.8862677387519349,15.174182619654987
575.9999999999964,3.6096554013780593,3.63730409030506,0.027648688927000897,0.026529595472571273,0.7659647764838008,0.7383952033733268,0.6303278090998087,0.6296313054845626,0.7240087478316889,0.7048035187748009,-0.0006965036152460913,0.0008860649207788179,-0.11049863343976372,0.15268723918731106,0.001499123656587213,0.0012407723796312637,-0.00025835127695594926,0.00010933081883118292,-17.23348676546746,7.613988998129413,0.0015721473797626498,0.0015704741167540805,-1.6732630085693461e-6,1.982927813457649e-5,-0.10643168891850088,1.8862677387519349,7.237156381422633
576.9999999999962,3.60106770539235,3.62914707215526,0.02807936676291023,0.026529595472571273,0.7797511477183092,0.7383952033733268,0.6291917751679785,0.6284994669854345,0.7232984093005964,0.7039100974921533,-0.0006923081825440658,0.0008860649207788179,-0.11003134654124123,0.15268723918731106,0.0015615515483039086,0.0012943963420744707,-0.00026715520622943786,0.00010933081883118292,-17.10831810321027,7.613988998129413,0.0015917233398949338,0.0015965673838153926,4.844043920458792e-6,1.982927813457649e-5,0.3043270020013991,1.8862677387519349,7.5671186804431665
577.9999999999962,3.602258480450531,3.6320423526343713,0.029783872183840376,0.026529595472571273,0.8268110782576418,0.7383952033733268,0.6299687491763316,0.6292729565437354,0.7235684135430909,0.7043068883811691,-0.000695792632596226,0.0008860649207788179,-0.11044875376849368,0.15268723918731106,0.0014527417501780542,0.0012017715840894373,-0.0002509701660886169,0.00010933081883118292,-17.275621496928615,7.613988998129413,0.001573349250025174,0.0015736015438091628,2.5229378398873743e-7,1.982927813457649e-5,0.016035459640299232,1.8862677387519349,7.605050179895679
578.9999999999961,3.6051193236022043,3.6349253923237237,0.029806068721519363,0.026529595472571273,0.8267706571148219,0.7383952033733268,0.6300167472110928,0.6293176219616684,0.7234407896825964,0.7041786020776912,-0.0006991252494243927,0.0008860649207788179,-0.11096931193007548,0.15268723918731106,0.0014108226189182079,0.0011654665599877092,-0.0002453560589304987,0.00010933081883118292,-17.390992718746816,7.613988998129413,0.0015595338384095663,0.0015549522748785588,-4.581563531007478e-6,1.982927813457649e-5,-0.2937777570559045,1.8862677387519349,7.50427709371619
579.9999999999961,3.4983948871842263,3.543034711570657,0.04463982438643077,0.026529595472571273,1.2760087361767296,0.7383952033733268,0.6299273953626909,0.6292272748000314,0.7232604393655372,0.7039542717769924,-0.0007001205626595564,0.0008860649207788179,-0.11114305677346364,0.15268723918731106,0.0013837565785217694,0.0011402392496857345,-0.00024351732883603496,0.00010933081883118292,-17.598277949737234,7.613988998129413,0.0015470758709298347,0.0015384874023708316,-8.58846855900314e-6,1.982927813457649e-5,-0.5551420405672307,1.8862677387519349,15.135767874545468
580.9999999999961,3.603441848081181,3.6315320626952827,0.02809021461410177,0.026529595472571273,0.7795384468063417,0.7383952033733268,0.6280708748865529,0.6273751899083706,0.7221599534644787,0.7025387258484516,-0.0006956849781822871,0.0008860649207788179,-0.11076536199962261,0.15268723918731106,0.0015142684022032152,0.001251361011421311,-0.00026290739078190417,0.00010933081883118292,-17.36200731649566,7.613988998129413,0.001571083782943323,0.0015695101857038307,-1.5735972394923924e-6,1.982927813457649e-5,-0.10015998233680196,1.8862677387519349,7.450284263159099
581.999999999996,3.6092623667042103,3.635946112775216,0.026683746071005654,0.026529595472571273,0.7393130052601816,0.7383952033733268,0.6269193265518523,0.6262276238145712,0.7214337669143956,0.7016249619334656,-0.0006917027372811413,0.0008860649207788179,-0.11033361199527969,0.15268723918731106,0.0015777197193997136,0.0013059758002040359,-0.00027174391919567776,0.00010933081883118292,-17.223839941549958,7.613988998129413,0.0015911581865912766,0.0015961169726518441,4.958786060567551e-6,1.982927813457649e-5,0.3116463279613143,1.8862677387519349,6.93417579673887
582.999999999996,3.612109888976254,3.640466130142522,0.028356241166267893,0.026529595472571273,0.7850326274072639,0.7383952033733268,0.6278162337198038,0.6271208940921784,0.7217864361331122,0.7021281305032467,-0.0006953396276253576,0.0008860649207788179,-0.11075528001330556,0.15268723918731106,0.0014600612521288938,0.0012060728432898092,-0.0002539884088390847,0.00010933081883118292,-17.39573654658309,7.613988998129413,0.0015705086981101192,0.0015704318388378654,-7.685927225372334e-8,1.982927813457649e-5,-0.00489390936492185,1.8862677387519349,6.891312386326139
583.999999999996,3.604255439575704,3.63426874891709,0.03001330934138613,0.026529595472571273,0.8327187083310422,0.7383952033733268,0.6281329440517214,0.6274335484386717,0.7218386799574147,0.7022275456315025,-0.0006993956130496581,0.0008860649207788179,-0.11134515705198689,0.15268723918731106,0.0013995091819697465,0.0011543712121081958,-0.00024513796986155075,0.00010933081883118292,-17.515995823373594,7.613988998129413,0.0015505278673522552,0.0015444723955611547,-6.055471791100581e-6,1.982927813457649e-5,-0.3905425964024208,1.8862677387519349,7.461728845410784
584.9999999999959,3.49923503453409,3.5437029153366675,0.044467880802577575,0.026529595472571273,1.2707886256202365,0.7383952033733268,0.6280750255411284,0.6273742639797499,0.7216775218158363,0.7020237220477504,-0.0007007615613784379,0.0008860649207788179,-0.11157290656075447,0.15268723918731106,0.0013708519670754752,0.0011276204124633206,-0.0002432315546121546,0.00010933081883118292,-17.74309410891796,7.613988998129413,0.0015354391307983248,0.0015249125147402105,-1.0526616058114313e-5,1.982927813457649e-5,-0.6855769041551769,1.8862677387519349,14.971170746184463
585.9999999999959,3.602530700251435,3.630671547269293,0.028140847017858128,0.026529595472571273,0.781141074409,0.7383952033733268,0.6261485864607303,0.6254526515307206,0.7205168214509744,0.7005181314416618,-0.000695934930009745,0.0008860649207788179,-0.11114533276254412,0.15268723918731106,0.001505863467550253,0.0012413406884429223,-0.0002645227791073306,0.00010933081883118292,-17.56618609903976,7.613988998129413,0.0015594130810000508,0.0015560358754033057,-3.377205596745078e-6,1.982927813457649e-5,-0.21656901804230588,1.8862677387519349,7.429948634818017
586.9999999999958,3.5936840388725715,3.622222096789212,0.028538057916640547,0.026529595472571273,0.7941170567013356,0.7383952033733268,0.6249741557528173,0.6242825017004376,0.7197678839236707,0.6995667037670253,-0.0006916540523796977,0.0008860649207788179,-0.11066922464122707,0.15268723918731106,0.0015708029823521717,0.0012966425242300734,-0.00027416045812209827,0.00010933081883118292,-17.45352289257571,7.613988998129413,0.0015794852044298665,0.001582947372769435,3.4621683395684964e-6,1.982927813457649e-5,0.21919599688926533,1.8862677387519349,7.773901978921611
587.9999999999958,3.6019906412120863,3.63119210038058,0.029201459168493482,0.026529595472571273,0.8107033603692834,0.7383952033733268,0.6256422434879194,0.6249471673420307,0.7199728489148305,0.6998840584379851,-0.0006950761458887067,0.0008860649207788179,-0.11109802017422886,0.15268723918731106,0.0014699045198816906,0.0012111928829190491,-0.0002587116369626415,0.00010933081883118292,-17.600574286516558,7.613988998129413,0.0015635773131503618,0.0015632043137551366,-3.72999395225216e-7,1.982927813457649e-5,-0.023855513385115636,1.8862677387519349,7.37092122100934
588.9999999999958,3.5965273033164813,3.6268570156875923,0.03032971237111104,0.026529595472571273,0.8433054948072539,0.7383952033733268,0.6257225767013964,0.625023858810224,0.7198670440853225,0.6997849232393872,-0.0006987178911723735,0.0008860649207788179,-0.11166576326137766,0.15268723918731106,0.0014255577884027134,0.0011733059564350032,-0.0002522518319677102,0.00010933081883118292,-17.694956600135402,7.613988998129413,0.0015499354419798216,0.0015449736324005523,-4.961809579269233e-6,1.982927813457649e-5,-0.3201300805749192,1.8862677387519349,7.7663126534215134
589.9999999999957,3.4962724486043135,3.540502115989321,0.04422966738500733,0.026529595472571273,1.2650520814721833,0.7383952033733268,0.6256282666150708,0.6249282559696896,0.7196809468340168,0.6995542948718574,-0.0007000106453811661,0.0008860649207788179,-0.11188922923328534,0.15268723918731106,0.0013987096524399807,0.0011485166656575961,-0.00025019298678238453,0.00010933081883118292,-17.887414042359335,7.613988998129413,0.0015378783999640702,0.0015290601417739741,-8.818258190096103e-6,1.982927813457649e-5,-0.5734041254693562,1.8862677387519349,14.961904624714682
590.9999999999957,3.601703008609956,3.629420198408289,0.027717189798333042,0.026529595472571273,0.7695578933652899,0.7383952033733268,0.6237524006783526,0.623056249534625,0.7185479187393808,0.6980893943110619,-0.0006961511437275636,0.0008860649207788179,-0.11160696824099993,0.15268723918731106,0.0015302607553043606,0.0012603473986877508,-0.0002699133566166098,0.00010933081883118292,-17.638389776448623,7.613988998129413,0.0015623958020436611,0.0015605263673368135,-1.8694347068476044e-6,1.982927813457649e-5,-0.1196518004210154,1.8862677387519349,7.297524501018932
591.9999999999956,3.5903705342381094,3.618950120986895,0.02857958674878569,0.026529595472571273,0.7960066092412489,0.7383952033733268,0.6226791658235464,0.62198644286162,0.717861845973266,0.6972222087885224,-0.0006927229619264619,0.0008860649207788179,-0.11124877785340329,0.15268723918731106,0.0015879539399797685,0.0013102328471308097,-0.00027772109284895886,0.00010933081883118292,-17.48924108293073,7.613988998129413,0.0015810266478013828,0.0015852735669171104,4.246919115727605e-6,1.982927813457649e-5,0.2686178073996085,1.8862677387519349,7.797838202354046
592.9999999999956,3.597577616280981,3.627013364574783,0.02943574829380191,0.026529595472571273,0.8182102357038596,0.7383952033733268,0.623388919512296,0.6226927021533151,0.71809500767711,0.6975773684762286,-0.000696217358980955,0.0008860649207788179,-0.11168266505693361,0.15268723918731106,0.0014835007811216702,0.0012217139958675509,-0.0002617867852541193,0.00010933081883118292,-17.646555268827235,7.613988998129413,0.001564019796899404,0.0015638931675488184,-1.2662935058556715e-7,1.982927813457649e-5,-0.008096403308743528,1.8862677387519349,7.467770082710625
593.9999999999956,3.5990867546523404,3.628742635187312,0.02965588053497159,0.026529595472571273,0.823983486828626,0.7383952033733268,0.6234458194660831,0.6227459810285473,0.7179725853424588,0.6974565182882451,-0.0006998384375358491,0.0008860649207788179,-0.11225328900836776,0.15268723918731106,0.001440531675177805,0.0011848409613664731,-0.0002556907138113319,0.00010933081883118292,-17.749746028998075,7.613988998129413,0.001550487724347989,0.0015455848215442673,-4.902902803721743e-6,1.982927813457649e-5,-0.31621680886145104,1.8862677387519349,7.446613740559477
594.9999999999955,3.486847291945925,3.532113596186124,0.04526630424019906,0.026529595472571273,1.298201511283766,0.7383952033733268,0.6234189019330524,0.6227176687458591,0.7178303381080219,0.6972818501426091,-0.0007012331871932842,0.0008860649207788179,-0.11248186171753068,0.15268723918731106,0.0014086514458916406,0.001155834250181798,-0.00025281719570984266,0.00010933081883118292,-17.94746290483632,7.613988998129413,0.0015369614279431242,0.0015278550387624191,-9.106389180705068e-6,1.982927813457649e-5,-0.5924930200032354,1.8862677387519349,15.522495118265962
595.9999999999955,3.5943425870412993,3.6225498957577815,0.02820730871648225,0.026529595472571273,0.7847696215207253,0.7383952033733268,0.6214716634476833,0.6207739022033608,0.7166772326017005,0.6957892524121012,-0.0006977612443225256,0.0008860649207788179,-0.11227563304360771,0.15268723918731106,0.0015507574198567083,0.001277766680268861,-0.0002729907395878472,0.00010933081883118292,-17.603703589764017,7.613988998129413,0.0015625294738096018,0.0015610171295123358,-1.5123442972659988e-6,1.982927813457649e-5,-0.09678820928598252,1.8862677387519349,7.569945384779282
596.9999999999955,3.592742794161461,3.6203793368248594,0.027636542663398433,0.026529595472571273,0.7692324290041127,0.7383952033733268,0.6202323998228172,0.6195381722002508,0.7158958511009992,0.6947990508897519,-0.0006942276225664346,0.0008860649207788179,-0.11193024143284931,0.15268723918731106,0.001622906742711791,0.0013403732334073487,-0.00028253350930444233,0.00010933081883118292,-17.4091031769542,7.613988998129413,0.001584740602579642,0.0015904201328612478,5.679530281605706e-6,1.982927813457649e-5,0.35838863927386994,1.8862677387519349,7.464490998567031
597.9999999999953,3.5947076521275125,3.6240979026369233,0.029390250509410798,0.026529595472571273,0.8175977952481421,0.7383952033733268,0.6210476072363149,0.6203499194826099,0.7161810320956594,0.6952241391306835,-0.0006976877537050452,0.0008860649207788179,-0.11234046240187316,0.15268723918731106,0.001506789778495986,0.0012415709249605433,-0.00026521885353544264,0.00010933081883118292,-17.601583002518968,7.613988998129413,0.0015665767738902757,0.001567507695985261,9.309220949853345e-7,1.982927813457649e-5,0.05942396890473349,1.8862677387519349,7.456098584506583
598.9999999999953,3.5891011674126196,3.619722190357483,0.030621022944863352,0.026529595472571273,0.8531668937863356,0.7383952033733268,0.6212079814800183,0.6205062416390082,0.7161186427652232,0.6951827386244547,-0.0007017398410100739,0.0008860649207788179,-0.11296375158255208,0.15268723918731106,0.0014548120609874482,0.0011970983836388854,-0.0002577136773485628,0.00010933081883118292,-17.714568380306154,7.613988998129413,0.0015508427451702376,0.001546292365211042,-4.550379959195484e-6,1.982927813457649e-5,-0.29341336981887123,1.8862677387519349,7.877712736034456
599.9999999999952,3.4900611310812786,3.5343511782300774,0.044290047148798806,0.026529595472571273,1.2690335637495558,0.7383952033733268,0.6210701015283676,0.6203670648843089,0.7158974029228865,0.6949056704266952,-0.0007030366440586855,0.0008860649207788179,-0.11319763136699217,0.15268723918731106,0.0014302118467206973,0.001173826792214449,-0.0002563850545062483,0.00010933081883118292,-17.92636909658581,7.613988998129413,0.0015389147106712564,0.0015301700306405942,-8.74468003066219e-6,1.982927813457649e-5,-0.5682368210547459,1.8862677387519349,15.00191615072108
600.9999999999952,3.5970943434524467,3.6246474655817402,0.027553122129293506,0.026529595472571273,0.7659827488107627,0.7383952033733268,0.6191851665319006,0.6184853986924372,0.7147496016604982,0.6934145164887376,-0.00069976783946335,0.0008860649207788179,-0.11301430933541232,0.15268723918731106,0.00156351219612444,0.0012873172015693082,-0.00027619499455513183,0.00010933081883118292,-17.66503614360994,7.613988998129413,0.0015633973693558105,0.0015614088690664959,-1.9885002893146094e-6,1.982927813457649e-5,-0.12719097065731666,1.8862677387519349,7.236958632229818
601.9999999999952,3.581685535303959,3.6106484914976322,0.02896295619367306,0.026529595472571273,0.80864039872264,0.7383952033733268,0.6181432110259707,0.6174463954042575,0.7140782805353959,0.6925627643153542,-0.0006968156217131982,0.0008860649207788179,-0.11272721422543007,0.15268723918731106,0.0016192778996179812,0.0013358130709881164,-0.0002834648286298648,0.00010933081883118292,-17.50563190523008,7.613988998129413,0.0015812560526346023,0.0015851700797072208,3.914027072618497e-6,1.982927813457649e-5,0.2475264563317977,1.8862677387519349,7.984450475832171
602.9999999999951,3.5927906344538374,3.622105537333033,0.029314902879195692,0.026529595472571273,0.8159368541566028,0.7383952033733268,0.6188391577267207,0.6181389338808565,0.7143005647627957,0.6929061879456295,-0.0007002238458642118,0.0008860649207788179,-0.11315118591338892,0.15268723918731106,0.0015143306316976334,0.0012467363696160448,-0.00026759426208158854,0.00010933081883118292,-17.67079503513729,7.613988998129413,0.0015642592725964768,0.0015638096620190132,-4.4961057746361124e-7,1.982927813457649e-5,-0.02874271454484098,1.8862677387519349,7.420973791770039
603.9999999999951,3.598251577166796,3.627283672587009,0.02903209542021301,0.026529595472571273,0.8068389549091063,0.7383952033733268,0.6188878193703211,0.6181838467078774,0.7141691194805219,0.692773614695427,-0.0007039726624437082,0.0008860649207788179,-0.11374802353679467,0.15268723918731106,0.0014711050759036923,0.0012096118859490008,-0.00026149318995469153,0.00010933081883118292,-17.77528976263355,7.613988998129413,0.0015508165302547195,0.0015456376461829735,-5.1788840717459286e-6,1.982927813457649e-5,-0.3339456325562447,1.8862677387519349,7.168432971907508
604.999999999995,3.4883061266344835,3.5325880083653036,0.04428188173082015,0.026529595472571273,1.2694379484848508,0.7383952033733268,0.6189584953676717,0.6182528779369079,0.7140893743828391,0.692679316649132,-0.0007056174307638052,0.0008860649207788179,-0.11400076677914514,0.15268723918731106,0.0014315810121982918,0.0011742380467651811,-0.00025734296543311066,0.00010933081883118292,-17.976137098796997,7.613988998129413,0.001535231372277087,0.0015255139702985948,-9.717401978492175e-6,1.982927813457649e-5,-0.6329600966972895,1.8862677387519349,14.956018251556747
605.999999999995,3.5852209683599785,3.614159832748597,0.02893886438861859,0.026529595472571273,0.8071710124426827,0.7383952033733268,0.6171820448481601,0.6164789382025414,0.7130070779526084,0.6912676715171376,-0.0007031066456186785,0.0008860649207788179,-0.11392208368467001,0.15268723918731106,0.001557710952101153,0.0012818075365318212,-0.00027590341556933185,0.00010933081883118292,-17.71210603592235,7.613988998129413,0.0015565049235422913,0.0015530492584033915,-3.4556651388997685e-6,1.982927813457649e-5,-0.22201440462105135,1.8862677387519349,7.8283917128380915
606.999999999995,3.5858346259369993,3.613849122609219,0.028014496672219558,0.026529595472571273,0.7812545639886894,0.7383952033733268,0.6159289286684387,0.6152288965204455,0.712189729945765,0.6902209386969432,-0.0007000321479931904,0.0008860649207788179,-0.11365469543808768,0.15268723918731106,0.0016292524425597869,0.0013430991120199289,-0.000286153330539858,0.00010933081883118292,-17.56347408571446,7.613988998129413,0.001577452450439582,0.001580574988847638,3.122538408056137e-6,1.982927813457649e-5,0.19794817949574278,1.8862677387519349,7.595807208559589
607.9999999999949,3.5871244587191398,3.6167549589460775,0.029630500226937695,0.026529595472571273,0.8260237571326953,0.7383952033733268,0.6166020732612653,0.6158989943247676,0.7123998498445777,0.690547865217841,-0.0007030789364976808,0.0008860649207788179,-0.11402474415615105,0.15268723918731106,0.0015256608943159044,0.0012551414453758644,-0.00027051944894003997,0.00010933081883118292,-17.731295987719406,7.613988998129413,0.0015615136301344254,0.0015607529640292081,-7.606661052172482e-7,1.982927813457649e-5,-0.048713382357845,1.8862677387519349,7.611526793683346
608.9999999999949,3.586172891182374,3.6163949646274185,0.03022207344504446,0.026529595472571273,0.842738885215323,0.7383952033733268,0.6167165608237508,0.6160095098717479,0.7123116395026805,0.6904719242375816,-0.0007070509520029633,0.0008860649207788179,-0.11464763505921625,0.15268723918731106,0.0014774544358470663,0.0012140834546911928,-0.00026337098115587353,0.00010933081883118292,-17.825996847400273,7.613988998129413,0.0015472005989186194,0.001541729403791954,-5.4711951266654246e-6,1.982927813457649e-5,-0.3536189897088582,1.8862677387519349,7.7452936384570705
609.9999999999949,3.485248806190399,3.5293535080727114,0.044104701882312636,0.026529595472571273,1.2654678140618003,0.7383952033733268,0.6166035385432016,0.6158949125363307,0.7121064431704524,0.6902160444080081,-0.0007086260068709382,0.0008860649207788179,-0.11492409020959408,0.15268723918731106,0.0014510929867809564,0.001189682535603965,-0.0002614104511769913,0.00010933081883118292,-18.014727764406967,7.613988998129413,0.0015352835623630228,0.001525964188633959,-9.319373729063793e-6,1.982927813457649e-5,-0.6070131901054117,1.8862677387519349,14.974134707051677
610.9999999999948,3.5853200648703787,3.613644875402972,0.028324810532593503,0.026529595472571273,0.7900218117240124,0.7383952033733268,0.6147631568930751,0.6140565975108553,0.7109779451971789,0.688743073032274,-0.0007065593822198624,0.0008860649207788179,-0.11493196596079572,0.15268723918731106,0.00158216645221364,0.0013019582203410462,-0.00028020823187259393,0.00010933081883118292,-17.710414190652894,7.613988998129413,0.0015589372407830537,0.0015563411065634687,-2.5961342195849908e-6,1.982927813457649e-5,-0.16653231135083751,1.8862677387519349,7.635662435442511
611.9999999999948,3.5876609760518154,3.615013492987918,0.02735251693610241,0.026529595472571273,0.762405286304493,0.7383952033733268,0.6136263941850117,0.6129221641671735,0.710235732987434,0.6877951651310321,-0.0007042300178382588,0.0008860649207788179,-0.11476527484994878,0.15268723918731106,0.0016452600864631643,0.0013569030186840099,-0.0002883570677791544,0.00010933081883118292,-17.526533959687743,7.613988998129413,0.0015785017160016342,0.0015821635652316227,3.6618492299884866e-6,1.982927813457649e-5,0.23198259418203224,1.8862677387519349,7.3153191972203855
612.9999999999947,3.582518943848368,3.6124485314261476,0.029929587577779415,0.026529595472571273,0.835434174861022,0.7383952033733268,0.6144168267114348,0.6137093716163756,0.7105243372790105,0.6882258382086963,-0.0007074550950592062,0.0008860649207788179,-0.11514253261027102,0.15268723918731106,0.0015325311319353118,0.0012612685569250229,-0.00027126257501028893,0.00010933081883118292,-17.700297850898007,7.613988998129413,0.0015600387173668663,0.0015591518912142187,-8.868261526476674e-7,1.982927813457649e-5,-0.05684641943659639,1.8862677387519349,7.731622853189059
613.9999999999947,3.5970100275023325,3.625587252053246,0.028577224550913716,0.026529595472571273,0.7944716398457464,0.7383952033733268,0.6145312231516552,0.6138196902972876,0.7104352053595541,0.6881470345954501,-0.0007115328543676469,0.0008860649207788179,-0.11578465463780895,0.15268723918731106,0.0014842806671345925,0.0012199882756294019,-0.00026429239150519064,0.00010933081883118292,-17.80609269912595,7.613988998129413,0.0015449666500176134,0.001539068274109074,-5.89837590853938e-6,1.982927813457649e-5,-0.38178014447574876,1.8862677387519349,6.962354120425878
614.9999999999947,3.4864987767322178,3.5301778540179343,0.04367907728571652,0.026529595472571273,1.2528063275747225,0.7383952033733268,0.6145419764976529,0.6138286812406777,0.7103148732199437,0.6879986354781036,-0.000713295256975166,0.0008860649207788179,-0.11606941173332369,0.15268723918731106,0.001449193622732405,0.0011882893355589805,-0.00026090428717342453,0.00010933081883118292,-18.00341121302331,7.613988998129413,0.0015300694911402006,0.001519756519820883,-1.0312971319317464e-5,1.982927813457649e-5,-0.6740197996910772,1.8862677387519349,14.702891903936278
615.9999999999945,3.5776444404409977,3.6069398555242373,0.02929541508323963,0.026529595472571273,0.8188464664651957,0.7383952033733268,0.6128659821136796,0.612154216229276,0.7092783645499104,0.686636236924669,-0.0007117658844035812,0.0008860649207788179,-0.11613728044568754,0.15268723918731106,0.0015670615506465147,0.0012889158706826062,-0.00027814567996390857,0.00010933081883118292,-17.749505745269254,7.613988998129413,0.0015492210568483576,0.0015446612394249052,-4.559817423452394e-6,1.982927813457649e-5,-0.2943296828619547,1.8862677387519349,8.00685699170016
616.9999999999945,3.5787060300946654,3.606936553296644,0.02823052320197883,0.026529595472571273,0.7888472247951606,0.7383952033733268,0.6115826492559104,0.6108731970277621,0.7084247179723254,0.6855346846547956,-0.0007094522281483329,0.0008860649207788179,-0.1160026742111629,0.15268723918731106,0.0016405149029903065,0.0013517915894253562,-0.0002887233135649503,0.00010933081883118292,-17.59955444712326,7.613988998129413,0.0015700961478547762,0.001572028897424963,1.932749570186798e-6,1.982927813457649e-5,0.1230975295893513,1.8862677387519349,7.743618766939044
617.9999999999945,3.5805754554921925,3.6102282007699213,0.029652745277728876,0.026529595472571273,0.8281558550105391,0.7383952033733268,0.6121603224909987,0.6114481104933388,0.7085799715715603,0.685790741734792,-0.0007122119976599173,0.0008860649207788179,-0.11634403137429569,0.15268723918731106,0.0015445535366264424,0.001270337580679566,-0.0002742159559468765,0.00010933081883118292,-17.7537359142506,7.613988998129413,0.001556007681423426,0.0015546002735349592,-1.4074078884668533e-6,1.982927813457649e-5,-0.0904499319167477,1.8862677387519349,7.71150657012467
618.9999999999944,3.5775054188746314,3.607983171934883,0.0304777530602518,0.026529595472571273,0.8519275162925993,0.7383952033733268,0.6122417317997257,0.6115254846715172,0.7084705262305787,0.6856870649803476,-0.0007162471282085026,0.0008860649207788179,-0.11698763592985502,0.15268723918731106,0.0014986791651331844,0.001231445105897094,-0.0002672340592360905,0.00010933081883118292,-17.83130542235449,7.613988998129413,0.0015429304749509916,0.0015372509756022162,-5.679499348775407e-6,1.982927813457649e-5,-0.3680982028017696,1.8862677387519349,7.966327085593784
619.9999999999944,3.4779032030640993,3.52206058026611,0.04415737720201074,0.026529595472571273,1.2696551520786215,0.7383952033733268,0.6120859007248793,0.6113678874787655,0.7082349063874256,0.6853916842847263,-0.0007180132461138689,0.0008860649207788179,-0.11730596069335075,0.15268723918731106,0.0014752948230030718,0.0012097429668206313,-0.0002655518561824404,0.00010933081883118292,-17.999917849768494,7.613988998129413,0.0015324047841334164,0.0015232420398672774,-9.162744266139012e-6,1.982927813457649e-5,-0.5979323714602337,1.8862677387519349,15.148945510343998
620.9999999999943,3.584611169232111,3.612058202388369,0.02744703315625774,0.026529595472571273,0.7656906665873441,0.7383952033733268,0.61019361307343,0.6094762666102097,0.7070717420504604,0.6838684534219541,-0.000717346463220303,0.0008860649207788179,-0.11756046734202352,0.15268723918731106,0.0016124370346649799,0.0013284700730841756,-0.0002839669615808042,0.00010933081883118292,-17.611041887276222,7.613988998129413,0.00155767456503171,0.001555666674795345,-2.0078902363649277e-6,1.982927813457649e-5,-0.12890306367197132,1.8862677387519349,7.358021645350168
621.9999999999943,3.5846321606697904,3.611507930809255,0.026875770139464628,0.026529595472571273,0.7497497353938507,0.7383952033733268,0.6091287564431673,0.6084127249474701,0.706377620917334,0.6829807971952965,-0.0007160314956972114,0.0008860649207788179,-0.11755010547823613,0.15268723918731106,0.001671244682917272,0.0013807766933222143,-0.0002904679895950576,0.00010933081883118292,-17.38033889137202,7.613988998129413,0.0015763917536423997,0.0015805195149515003,4.12776130910065e-6,1.982927813457649e-5,0.2618486997006343,1.8862677387519349,7.183255048516396
622.9999999999943,3.5843979473237333,3.6133904773026897,0.028992529978956405,0.026529595472571273,0.8088535482117292,0.7383952033733268,0.6100214320428639,0.6093023306964351,0.7067315318854912,0.6834995536457332,-0.0007191013464287188,0.0008860649207788179,-0.11788132492666098,0.15268723918731106,0.0015492047018530128,0.0012769316668944453,-0.00027227303495856747,0.00010933081883118292,-17.5750199204082,7.613988998129413,0.001555789045238513,0.001554801896804897,-9.871484336159125e-7,1.982927813457649e-5,-0.06345001828088949,1.8862677387519349,7.324299179280581
623.9999999999942,3.5866429498023327,3.615896968190052,0.02925401838771924,0.026529595472571273,0.8156378763414821,0.7383952033733268,0.6102248172645642,0.6095013827899287,0.7066992459350142,0.6834932253645618,-0.0007234344746355204,0.0008860649207788179,-0.11855212278622779,0.15268723918731106,0.0014938548648432684,0.0012295247007383082,-0.0002643301641049602,0.00010933081883118292,-17.694501007143895,7.613988998129413,0.0015382762030040217,0.0015316920103754625,-6.584192628559171e-6,1.982927813457649e-5,-0.42802408408198955,1.8862677387519349,7.293062654281894
624.9999999999942,3.4796524281566263,3.5234794082980043,0.04382698014137798,0.026529595472571273,1.2595217782885193,0.7383952033733268,0.6101939356437396,0.6094686701857737,0.7065456823442147,0.6832984039106739,-0.0007252654579659179,0.0008860649207788179,-0.11885818845459037,0.15268723918731106,0.0014614906180967955,0.0011997430973709144,-0.00026174752072588114,0.00010933081883118292,-17.909627163172487,7.613988998129413,0.0015233143817738569,0.0015122650906753265,-1.1049291098530435e-5,1.982927813457649e-5,-0.7253454198774021,1.8862677387519349,14.883113304232392
625.9999999999941,3.5822519781675624,3.610041088948766,0.027789110781203608,0.026529595472571273,0.7757441673720181,0.7383952033733268,0.6083748841069339,0.6076502880338034,0.7054113455282407,0.6817981911825858,-0.0007245960731304679,0.0008860649207788179,-0.11910354816736747,0.15268723918731106,0.0015919455393001319,0.0013115500017515777,-0.0002803955375485542,0.00010933081883118292,-17.613387557957836,7.613988998129413,0.001545037905652991,0.0015404579669460897,-4.5799387069012706e-6,1.982927813457649e-5,-0.2964288895530765,1.8862677387519349,7.43043030695485
626.9999999999941,3.584475048618765,3.6112263876517376,0.026751339032972776,0.026529595472571273,0.7463112079209782,0.7383952033733268,0.607214757481133,0.6064917206288719,0.7046405488026446,0.6807984727758,-0.0007230368522610497,0.0008860649207788179,-0.1190743214575966,0.15268723918731106,0.0016574051812743868,0.0013684387884731735,-0.0002889663928012133,0.00010933081883118292,-17.43486722896725,7.613988998129413,0.0015640001019835072,0.0015658039129406837,1.8038109571765024e-6,1.982927813457649e-5,0.1153331738846347,1.8862677387519349,7.124234373614471
627.9999999999941,3.5800935211197773,3.609352731058923,0.02925920993914577,0.026529595472571273,0.817275017161957,0.7383952033733268,0.6080315115081905,0.6073056691195085,0.7049535348770221,0.6812618342561387,-0.0007258423886820076,0.0008860649207788179,-0.11937578479799402,0.15268723918731106,0.0015424934523397083,0.0012707752013955916,-0.0002717182509441166,0.00010933081883118292,-17.615520541235675,7.613988998129413,0.0015446611870437775,0.0015421223468301381,-2.538840213639395e-6,1.982927813457649e-5,-0.16436227147639473,1.8862677387519349,7.49947381118649
628.999999999994,3.5846048852012613,3.6137582943634716,0.02915340916221032,0.026529595472571273,0.8132949124342186,0.7383952033733268,0.6081754623360663,0.6074452712124137,0.7048829515861024,0.6812041503378404,-0.0007301911236526903,0.0008860649207788179,-0.1200625755021337,0.15268723918731106,0.0014920290799268646,0.0012276516049452059,-0.0002643774749816587,0.00010933081883118292,-17.71932454524397,7.613988998129413,0.001528679810661564,0.0015213061290177468,-7.3736816438171e-6,1.982927813457649e-5,-0.4823561868476568,1.8862677387519349,7.323919269401999
629.999999999994,3.4784546691179665,3.521970543476937,0.04351587435897031,0.026529595472571273,1.2510116847377128,0.7383952033733268,0.608088932732015,0.6073567760708536,0.7046908844302002,0.680958872191403,-0.0007321566611614427,0.0008860649207788179,-0.12040289203620556,0.15268723918731106,0.0014638770824413625,0.0012016190328317392,-0.0002622580496096233,0.00010933081883118292,-17.91530537333406,7.613988998129413,0.0015154287254633327,0.0015042036272299125,-1.122509823342022e-5,1.982927813457649e-5,-0.7407209619830993,1.8862677387519349,14.847271306219666
630.999999999994,3.577768037819261,3.605716348721696,0.027948310902435214,0.026529595472571273,0.7811660959291931,0.7383952033733268,0.606279091522784,0.6055467660662007,0.7035556904606304,0.679453705513893,-0.0007323254565833048,0.0008860649207788179,-0.12079015536292562,0.15268723918731106,0.0015936710826753456,0.0013134453507032571,-0.00028022573197208846,0.00010933081883118292,-17.583661711528624,7.613988998129413,0.0015375841196156636,0.0015330767076533094,-4.507411962354152e-6,1.982927813457649e-5,-0.2931489669313722,1.8862677387519349,7.59197776022399
631.9999999999939,3.58027484017988,3.6071096356879178,0.02683479550803769,0.026529595472571273,0.7495177522932697,0.7383952033733268,0.605086934056959,0.6043555078548625,0.7027575466847239,0.6784161635017647,-0.0007314262020965412,0.0008860649207788179,-0.12087952340872882,0.15268723918731106,0.001661484887149097,0.0013727227258548435,-0.0002887621612942535,0.00010933081883118292,-17.37976454241084,7.613988998129413,0.0015575183032696164,0.0015596122581138796,2.093954844263222e-6,1.982927813457649e-5,0.13444174876580856,1.8862677387519349,7.258528535405301
632.9999999999939,3.5823397050963726,3.6108288669478514,0.028489161851478872,0.026529595472571273,0.7952668980819745,0.7383952033733268,0.6058454551336004,0.6051113418554057,0.703032219524073,0.678832248928346,-0.0007341132781947257,0.0008860649207788179,-0.12117170674043265,0.15268723918731106,0.0015506689573380448,0.001278525291881631,-0.0002721436654564138,0.00010933081883118292,-17.550081477325058,7.613988998129413,0.0015398728948162383,0.0015378739549482326,-1.9989398680057054e-6,1.982927813457649e-5,-0.129812004272226,1.8862677387519349,7.244554401087098
633.9999999999937,3.577064785336463,3.6067537925285356,0.02968900719207257,0.026529595472571273,0.829982373083578,0.7383952033733268,0.606044499753073,0.6053059398422932,0.7029996451028238,0.678825683500351,-0.0007385599107797569,0.0008860649207788179,-0.12186562390726688,0.15268723918731106,0.001495976479405208,0.0012320399196261045,-0.0002639365597791035,0.00010933081883118292,-17.64309555749454,7.613988998129413,0.0015234691601213558,0.0015164785434361378,-6.990616685217986e-6,1.982927813457649e-5,-0.4588617130038347,1.8862677387519349,7.651264183404946
634.9999999999937,3.4712913491547543,3.515350231783385,0.04405888262863078,0.026529595472571273,1.2692360910402678,0.7383952033733268,0.6059375237915589,0.605196798868847,0.7027919902894343,0.6785599705404234,-0.0007407249227118218,0.0008860649207788179,-0.12224443835015399,0.15268723918731106,0.0014692908400859078,0.001207290737882382,-0.0002620001022035259,0.00010933081883118292,-17.831738622164625,7.613988998129413,0.0015107344550255716,0.0014998722470560644,-1.0862207969507221e-5,1.982927813457649e-5,-0.719001802955726,1.8862677387519349,15.269275923127111
635.9999999999937,3.576040052230744,3.6035244244086364,0.027484372177892347,0.026529595472571273,0.7685700321154825,0.7383952033733268,0.6039618063415758,0.603219938648283,0.7015616592228169,0.676927399634581,-0.0007418676932927637,0.0008860649207788179,-0.12283354435714001,0.15268723918731106,0.001615026435840503,0.001333986622994082,-0.0002810398128464211,0.00010933081883118292,-17.401561151546133,7.613988998129413,0.0015364945125649141,0.0015332753370673501,-3.2191754975640155e-6,1.982927813457649e-5,-0.20951428535791863,1.8862677387519349,7.543075107461331
636.9999999999936,3.5738674463658158,3.6008498719054836,0.026982425539667787,0.026529595472571273,0.754992342178376,0.7383952033733268,0.6027562274578567,0.6020146656795126,0.700765215129447,0.6758926474205282,-0.0007415617783441686,0.0008860649207788179,-0.1230284723016017,0.15268723918731106,0.0016854661187966496,0.0013965765287249762,-0.00028888959007167345,0.00010933081883118292,-17.140041371933847,7.613988998129413,0.0015578420094694634,0.0015617067242836514,3.864714814188e-6,1.982927813457649e-5,0.24808130674972376,1.8862677387519349,7.4738121322347455
637.9999999999936,3.576813282110757,3.605422636964217,0.028609354853459834,0.026529595472571273,0.799855977848998,0.7383952033733268,0.603538813718951,0.6027946493642544,0.7010413283004403,0.6763164117867534,-0.000744164354696597,0.0008860649207788179,-0.12330016525550765,0.15268723918731106,0.0015698402584086548,0.0012978842064191273,-0.00027195605198952755,0.00010933081883118292,-17.32380415987096,7.613988998129413,0.0015404827863787778,0.0015399910466464052,-4.917397323726119e-7,1.982927813457649e-5,-0.031921144249105665,1.8862677387519349,7.406545757759138
638.9999999999935,3.57673769591424,3.6058641483699025,0.029126452455662477,0.026529595472571273,0.8143301223607773,0.7383952033733268,0.6036934473528099,0.602944677844978,0.7009705019159892,0.6762629238901844,-0.0007487695078319812,0.0008860649207788179,-0.12403141215385531,0.15268723918731106,0.0015169685520060282,0.001252804146235792,-0.0002641644057702361,0.00010933081883118292,-17.413967179537572,7.613988998129413,0.001525344996939217,0.001519704180626631,-5.640816312586002e-6,1.982927813457649e-5,-0.3698059339955852,1.8862677387519349,7.4964491115432805
639.9999999999935,3.468884114442022,3.5127402404260977,0.04385612598407551,0.026529595472571273,1.264271867759695,0.7383952033733268,0.6036385096446955,0.6028875320521424,0.7007946270825774,0.6760402484467689,-0.0007509775925530482,0.0008860649207788179,-0.12440849623644411,0.15268723918731106,0.0014855810809579876,0.0012240375552811501,-0.0002615435256768375,0.00010933081883118292,-17.60546960575045,7.613988998129413,0.0015120258410264956,0.0015020817452518517,-9.94409577464387e-6,1.982927813457649e-5,-0.6576670520321893,1.8862677387519349,15.230561028505432
640.9999999999935,3.568922909151889,3.596856229899925,0.027933320748036117,0.026529595472571273,0.782682099308055,0.7383952033733268,0.6017275412889431,0.6009744054325801,0.6995989130786239,0.6744517610794488,-0.0007531358563630519,0.0008860649207788179,-0.12516227107534109,0.15268723918731106,0.0016261793372743512,0.001346990172424884,-0.0002791891648494672,0.00010933081883118292,-17.168411776613627,7.613988998129413,0.0015364283513350824,0.0015335070974391155,-2.921253895966881e-6,1.982927813457649e-5,-0.19013277732270767,1.8862677387519349,7.808143274344056
641.9999999999934,3.5660348700392546,3.5934692026787687,0.027434332639514114,0.026529595472571273,0.7693231737583126,0.7383952033733268,0.6004644345351203,0.5997109122749922,0.698756130586183,0.6733542730669319,-0.0007535222601281477,0.0008860649207788179,-0.1254899069437018,0.15268723918731106,0.0017006906935534043,0.0014132414787433544,-0.0002874492148100499,0.00010933081883118292,-16.90191025914634,7.613988998129413,0.0015585357355106008,0.0015625756839561902,4.0399484455893794e-6,1.982927813457649e-5,0.2592143608606978,1.8862677387519349,7.772515557130151
642.9999999999934,3.568640606150145,3.597622763648252,0.028982157498107064,0.026529595472571273,0.8121343866389802,0.7383952033733268,0.6011453928079424,0.6003895420218964,0.6989634157248933,0.6736889245616623,-0.0007558507860460084,0.0008860649207788179,-0.1257351042009054,0.15268723918731106,0.0015921500282748229,0.001320242094881202,-0.0002719079333936209,0.00010933081883118292,-17.078034642768387,7.613988998129413,0.0015433819800104538,0.0015434594231177631,7.744310730932805e-8,1.982927813457649e-5,0.005017753758457352,1.8862677387519349,7.707428725494267
643.9999999999934,3.5668083284862657,3.596460567563413,0.029652239077147424,0.026529595472571273,0.8313381697673582,0.7383952033733268,0.6012311411893005,0.6004707048159796,0.6988434805481332,0.6735731494271266,-0.0007604363733209052,0.0008860649207788179,-0.12647987125495186,0.15268723918731106,0.001543712107828285,0.001278942084268684,-0.000264770023559601,0.00010933081883118292,-17.151515636687144,7.613988998129413,0.0015303610130466274,0.0015256842713082727,-4.676741738354664e-6,1.982927813457649e-5,-0.305597287077005,1.8862677387519349,7.888893238597069
644.9999999999933,3.468638330013161,3.511728411516758,0.043090081503597055,0.026529595472571273,1.242276576682861,0.7383952033733268,0.6011033910980702,0.6003406760063218,0.6986150446823262,0.673283890539592,-0.0007627150917484116,0.0008860649207788179,-0.1268858407794233,0.15268723918731106,0.0015170007589990718,0.0012542056788754472,-0.00026279508012362466,0.00010933081883118292,-17.323332145002933,7.613988998129413,0.001519329241057669,0.0015107074966756086,-8.621744382060438e-6,1.982927813457649e-5,-0.5674704434740213,1.8862677387519349,14.938868521198945
645.9999999999933,3.5654682593997045,3.593202249084371,0.02773398968466667,0.026529595472571273,0.7778498549678877,0.7383952033733268,0.5992696005130322,0.5985036956866491,0.6974491844709356,0.6717373217760911,-0.000765904826383168,0.0008860649207788179,-0.12780638726334193,0.15268723918731106,0.001649174982621481,0.001370531183612511,-0.00027864379900896996,0.00010933081883118292,-16.895951123758003,7.613988998129413,0.0015430906930735191,0.001540893444736051,-2.197248337468217e-6,1.982927813457649e-5,-0.14239268938183736,1.8862677387519349,7.797317948871377
646.9999999999932,3.566444867499273,3.593342553940315,0.02689768644104218,0.026529595472571273,0.754187641765015,0.7383952033733268,0.5981233238074029,0.5973561775869698,0.6966719234755212,0.6707283803336387,-0.000767146220433057,0.0008860649207788179,-0.12825887068735675,0.15268723918731106,0.0017135140912099471,0.00142854618660278,-0.00028496790460716707,0.00010933081883118292,-16.630613431719457,7.613988998129413,0.0015629143312252747,0.001566770240258727,3.855909033452336e-6,1.982927813457649e-5,0.24671275682969945,1.8862677387519349,7.548458483663522
647.9999999999932,3.5737643397231142,3.6016601312593703,0.027895791536256098,0.026529595472571273,0.7805716573470927,0.7383952033733268,0.5988519690466964,0.5980828222385013,0.6969218694312305,0.6711190063930966,-0.0007691468081950648,0.0008860649207788179,-0.12843688389627544,0.15268723918731106,0.0016025082048818891,0.0013331980037456974,-0.0002693102011361917,0.00010933081883118292,-16.805542730811844,7.613988998129413,0.001546123262182426,0.0015456686642341213,-4.545979483047951e-7,1.982927813457649e-5,-0.029402438953224766,1.8862677387519349,7.220628171356547
648.9999999999932,3.570789808180046,3.5996640778375046,0.02887426965745865,0.026529595472571273,0.8086241758423535,0.7383952033733268,0.599080392228812,0.5983069566139357,0.6969047048564935,0.6711361608458918,-0.0007734356148763055,0.0008860649207788179,-0.1291038105919014,0.15268723918731106,0.0015440188751722206,0.0012831083891936565,-0.0002609104859785641,0.00010933081883118292,-16.898140960191434,7.613988998129413,0.0015294818994470783,0.0015237078729918826,-5.77402645519573e-6,1.982927813457649e-5,-0.3775151871547544,1.8862677387519349,7.492267870882852
649.9999999999931,3.467665267092456,3.5106482178811778,0.04298295078872183,0.026529595472571273,1.2395357532522704,0.7383952033733268,0.5990811835452924,0.5983055161876173,0.6967660880227173,0.6709620856666881,-0.0007756673576750917,0.0008860649207788179,-0.1294761676680918,0.15268723918731106,0.0015083774095599391,0.0012505545568853515,-0.0002578228526745876,0.00010933081883118292,-17.092728321210142,7.613988998129413,0.0015144930229965662,0.0015042150757813152,-1.0277947215251056e-5,1.982927813457649e-5,-0.6786394561868087,1.8862677387519349,14.84838541440127
650.9999999999931,3.56134591522283,3.5893623121494658,0.0280163969266356,0.026529595472571273,0.7866800247311173,0.7383952033733268,0.5972514297752506,0.5964722170361155,0.695593736030239,0.6693970478208954,-0.0007792127391350601,0.0008860649207788179,-0.13046645018971031,0.15268723918731106,0.0016405037039896615,0.0013664064095531417,-0.0002740972944365197,0.00010933081883118292,-16.708117986562442,7.613988998129413,0.0015364756298050727,0.0015324746456467423,-4.0009841583304485e-6,1.982927813457649e-5,-0.26040010532663244,1.8862677387519349,7.931569900647596
651.999999999993,3.565825382192414,3.5924038808132788,0.02657849862086481,0.026529595472571273,0.7453673630121302,0.7383952033733268,0.5960128831054546,0.595232255403356,0.6947480382103584,0.6682894081147328,-0.0007806277020986352,0.0008860649207788179,-0.13097497121727752,0.15268723918731106,0.001712128611543845,0.0014302497176740356,-0.0002818788938698093,0.00010933081883118292,-16.463651852394197,7.613988998129413,0.0015570908083067038,0.001559597514029801,2.506705723097141e-6,1.982927813457649e-5,0.16098648259462264,1.8862677387519349,7.465263038963788
652.999999999993,3.5635045940547787,3.5922341138378084,0.028729519783029733,0.026529595472571273,0.8062153148605734,0.7383952033733268,0.5967023668091318,0.5959199685621398,0.6949760465924076,0.6686505924456226,-0.0007823982469919999,0.0008860649207788179,-0.13112035254290638,0.15268723918731106,0.0016045942301804272,0.001337796924511085,-0.0002667973056693423,0.00010933081883118292,-16.62708868393117,7.613988998129413,0.0015410762948249931,0.0015398164834834146,-1.2598113415785393e-6,1.982927813457649e-5,-0.08174879762988017,1.8862677387519349,7.700645488539971
653.999999999993,3.56582105602194,3.5947336026115164,0.028912546589576316,0.026529595472571273,0.8108243833702468,0.7383952033733268,0.5968321326060556,0.5960452656789341,0.6948897039469858,0.6685770948483224,-0.0007868669271214879,0.0008860649207788179,-0.1318405769618417,0.15268723918731106,0.0015534617127346227,0.001294047628110338,-0.0002594140846242847,0.00010933081883118292,-16.699097409206654,7.613988998129413,0.0015267033157365323,0.0015208218419892874,-5.881473747244891e-6,1.982927813457649e-5,-0.3852401240386036,1.8862677387519349,7.644364759607676
654.9999999999928,3.46303662606399,3.505949622924282,0.04291299686029193,0.026529595472571273,1.2391724805136086,0.7383952033733268,0.5967220590355309,0.5959327236803139,0.6946726200104889,0.6683006422799728,-0.0007893353552169691,0.0008860649207788179,-0.13227856139468935,0.15268723918731106,0.001525825070404768,0.0012684742108741718,-0.00025735085953059616,0.00010933081883118292,-16.866341006071334,7.613988998129413,0.0015147355794559627,0.001505051683532477,-9.683895923485704e-6,1.982927813457649e-5,-0.6393126334936823,1.8862677387519349,14.996876357577047
655.9999999999928,3.558136125535438,3.585868249530196,0.02773212399475833,0.026529595472571273,0.7794003100593889,0.7383952033733268,0.5948904547895387,0.5940961834488456,0.6935026342300445,0.6667409415622526,-0.0007942713406930979,0.0008860649207788179,-0.13351556312566765,0.15268723918731106,0.001659268854763753,0.0013870983871243504,-0.00027217046763940264,0.00010933081883118292,-16.403036003357897,7.613988998129413,0.001537909354337836,0.0015348844327655207,-3.0249215723153304e-6,1.982927813457649e-5,-0.1966904982912822,1.8862677387519349,7.947174751292529
656.9999999999928,3.5645175684958574,3.5906010797732857,0.02608351127742825,0.026529595472571273,0.7317543195174903,0.7383952033733268,0.5936638443364398,0.592867022526412,0.692665598786748,0.6656482146817065,-0.0007968218100278257,0.0008860649207788179,-0.13422104405203641,0.15268723918731106,0.0017304729545754463,0.0014517191514148151,-0.0002787538031606312,0.00010933081883118292,-16.108532781375974,7.613988998129413,0.0015589990101906748,0.0015625621044700365,3.5630942793617084e-6,1.982927813457649e-5,0.22855013095395876,1.8862677387519349,7.365369975351116
657.9999999999927,3.5657949680151244,3.5936918129374646,0.027896844922340236,0.026529595472571273,0.7823457369975713,0.7383952033733268,0.5944079255722915,0.5936096963215903,0.6929274177355151,0.6660569811578158,-0.0007982292507011657,0.0008860649207788179,-0.134289806101195,0.15268723918731106,0.0016175893652227873,0.001354186567744672,-0.00026340279747811527,0.00010933081883118292,-16.283662784951442,7.613988998129413,0.0015422317656571935,0.0015416632114080783,-5.685542491151892e-7,1.982927813457649e-5,-0.03686568139600667,1.8862677387519349,7.393294952598361
658.9999999999927,3.565049114252159,3.5936396838672864,0.028590569615127404,0.026529595472571273,0.8019684637956203,0.7383952033733268,0.5946364838115251,0.593833935574343,0.6929077778287918,0.666072565684721,-0.0008025482371820658,0.0008860649207788179,-0.13496451345162333,0.15268723918731106,0.0015585900300536188,0.0013034897399846082,-0.00025510029006901055,0.00010933081883118292,-16.367375971231805,7.613988998129413,0.001525745671084133,0.00151996148292656,-5.784188157572853e-6,1.982927813457649e-5,-0.3791056574627437,1.8862677387519349,7.535639860865252
659.9999999999926,3.462860236100319,3.5053815437129923,0.042521307612673365,0.026529595472571273,1.2279244530110895,0.7383952033733268,0.5945866607503941,0.5937816403436835,0.6927304393470023,0.6658473149702189,-0.0008050204067105993,0.0008860649207788179,-0.13539160224257785,0.15268723918731106,0.0015264095151270953,0.001273784326179944,-0.00025262518894715136,0.00010933081883118292,-16.550289188030693,7.613988998129413,0.0015118790705390332,0.001501797618990484,-1.0081451548549312e-5,1.982927813457649e-5,-0.6668160003666797,1.8862677387519349,14.82174463738176
660.9999999999926,3.5606683421083742,3.587707792089968,0.027039449981593577,0.026529595472571273,0.7593925461078674,0.7383952033733268,0.5927709972211266,0.591960431934153,0.6915554884923196,0.664275247680743,-0.0008105652869735414,0.0008860649207788179,-0.1367417250124282,0.15268723918731106,0.0016575860486458152,0.0013902689652847218,-0.0002673170833610934,0.00010933081883118292,-16.126890279963526,7.613988998129413,0.0015338776302698876,0.0015300457091762195,-3.831921093668065e-6,1.982927813457649e-5,-0.249819217520881,1.8862677387519349,7.661876416725524
661.9999999999926,3.5575959696538266,3.584236711632697,0.02664074197887034,0.026529595472571273,0.7488411333415872,0.7383952033733268,0.5916043757457046,0.5907910241377173,0.6907506727177716,0.663220457886836,-0.0008133516079872338,0.0008860649207788179,-0.1374823516073595,0.15268723918731106,0.0017238394104972562,0.0014504558966359372,-0.00027338351386131904,0.00010933081883118292,-15.8589896597421,7.613988998129413,0.001553108526836075,0.0015554670517728306,2.3585249367555697e-6,1.982927813457649e-5,0.15185834705062456,1.8862677387519349,7.658031868806905
662.9999999999925,3.5616311570871977,3.58960832807675,0.027977170989552214,0.026529595472571273,0.7855156740158554,0.7383952033733268,0.5922860696336762,0.5914713520520858,0.6909742930695224,0.6635786809248768,-0.0008147175815904628,0.0008860649207788179,-0.1375547431149881,0.15268723918731106,0.0016165888403646793,0.0013575921281657765,-0.00025899671219890277,0.00010933081883118292,-16.021186447165924,7.613988998129413,0.0015369572578014562,0.0015354896269445368,-1.4676308569194427e-6,1.982927813457649e-5,-0.09548937353136407,1.8862677387519349,7.518276420180729
663.9999999999925,3.5594036251095917,3.588104243449954,0.028700618340362194,0.026529595472571273,0.8063322220018956,0.7383952033733268,0.5923994045759198,0.5915802021859958,0.6908753049711027,0.6634886490341598,-0.0008192023899239453,0.0008860649207788179,-0.13828548502853186,0.15268723918731106,0.0015665215607289307,0.0013144965020355822,-0.0002520250586933485,0.00010933081883118292,-16.088195975807487,7.613988998129413,0.0015228350718777847,0.0015168260757116709,-6.008996166113846e-6,1.982927813457649e-5,-0.3945927091568914,1.8862677387519349,7.732224864033162
664.9999999999925,3.460775847526014,3.502937392850998,0.04216154532498395,0.026529595472571273,1.2182685959023825,0.7383952033733268,0.5923061466245219,0.5914843989000371,0.6906676912479429,0.6632236253761654,-0.0008217477244847338,0.0008860649207788179,-0.13873699085646343,0.15268723918731106,0.0015375407683064556,0.0012876184148860365,-0.0002499223534204191,0.00010933081883118292,-16.25468140891635,7.613988998129413,0.0015105423290673564,0.0015007350672379119,-9.807261829444542e-6,1.982927813457649e-5,-0.6492543532692507,1.8862677387519349,14.78450032798445
665.9999999999924,3.56071550598926,3.587126873591958,0.02641136760269802,0.026529595472571273,0.741743269246675,0.7383952033733268,0.590490964343531,0.5896624106523541,0.6894853309047643,0.6616434874633089,-0.0008285536911768476,0.0008860649207788179,-0.14031606598722118,0.15268723918731106,0.00166837899469316,0.0014048775186068236,-0.00026350147608633634,0.00010933081883118292,-15.793862001648987,7.613988998129413,0.0015331978176416111,0.001529815594668526,-3.3822229730852155e-6,1.982927813457649e-5,-0.22059925563211433,1.8862677387519349,7.501858733974265
666.9999999999924,3.5606733879651267,3.586406894975216,0.02573350701008925,0.026529595472571273,0.7227146162034136,0.7383952033733268,0.5893941867309679,0.588562091767221,0.6887245780240018,0.6606493913075013,-0.000832094963746921,0.0008860649207788179,-0.14117800658368815,0.15268723918731106,0.0017291939166636133,0.001461064674915855,-0.0002681292417477583,0.00010933081883118292,-15.506025042298276,7.613988998129413,0.0015514160658041474,0.0015539714174009744,2.555351596826962e-6,1.982927813457649e-5,0.16471091496029103,1.8862677387519349,7.3287309013215065
667.9999999999923,3.5607020487773804,3.588408930813688,0.02770688203630778,0.026529595472571273,0.7781297524127677,0.7383952033733268,0.5901759505263402,0.5893430603276768,0.6890213684538445,0.6611059090109707,-0.0008328901986633941,0.0008860649207788179,-0.1411257435889403,0.15268723918731106,0.0016145795032821405,0.001361405444040924,-0.0002531740592412164,0.00010933081883118292,-15.680495059336536,7.613988998129413,0.0015330789884558757,0.0015313291554380204,-1.7498330178553241e-6,1.982927813457649e-5,-0.11413847760171601,1.8862677387519349,7.443588850629291
668.9999999999923,3.562598292722302,3.590543299253529,0.027945006531227,0.026529595472571273,0.7843995936424613,0.7383952033733268,0.5903314155237156,0.5894941927542222,0.6889520916878138,0.6610541608501723,-0.0008372227694933843,0.0008860649207788179,-0.14182249961246562,0.15268723918731106,0.0015616401339761754,0.001315508744683187,-0.0002461313892929884,0.00010933081883118292,-15.761082463108842,7.613988998129413,0.0015174258473281904,0.001510814093047501,-6.611754280689457e-6,1.982927813457649e-5,-0.43572173838551065,1.8862677387519349,7.423984577680615
669.9999999999923,3.456060219997002,3.4985107317324995,0.04245051173549763,0.026529595472571273,1.228292015569522,0.7383952033733268,0.5902694406163078,0.5894297403854141,0.6887660278158567,0.6608155481513573,-0.0008397002308937473,0.0008860649207788179,-0.1422571071978596,0.15268723918731106,0.0015306750576177966,0.0012866826431592194,-0.00024399241445857722,0.00010933081883118292,-15.940183597053236,7.613988998129413,0.001503843512796418,0.001493237164813978,-1.0606347982439982e-5,1.982927813457649e-5,-0.7052826901329202,1.8862677387519349,15.029580839155882
670.9999999999922,3.560288038542472,3.586296017507877,0.026007978965405076,0.026529595472571273,0.7305021021853151,0.7383952033733268,0.5884089796470561,0.5875613492196045,0.6875612411161469,0.6592018865218819,-0.0008476304274516178,0.0008860649207788179,-0.14405463831637133,0.15268723918731106,0.0016674080886185689,0.0014100324267259053,-0.0002573756618926635,0.00010933081883118292,-15.435673105430158,7.613988998129413,0.0015267790974825455,0.0015230132287594865,-3.7658687230589585e-6,1.982927813457649e-5,-0.24665445900250876,1.8862677387519349,7.418139182328345
671.9999999999922,3.558767415753648,3.584184475212078,0.025417059458430202,0.026529595472571273,0.7142096262294674,0.7383952033733268,0.5872455367544357,0.5863936290563888,0.6867587844450245,0.658150786171036,-0.0008519076980468832,0.0008860649207788179,-0.14506839894521317,0.15268723918731106,0.001734540800080706,0.0014722300073148746,-0.00026231079276583147,0.00010933081883118292,-15.12278020520627,7.613988998129413,0.0015462178782726249,0.0015489668362705536,2.748957997928715e-6,1.982927813457649e-5,0.1777859405557867,1.8862677387519349,7.322745022114108
672.999999999992,3.555750497681662,3.5835862397191898,0.027835742037527922,0.026529595472571273,0.7828373238132637,0.7383952033733268,0.5880496400723653,0.5871974158350506,0.6870644500923263,0.6586218730209702,-0.0008522242373146804,0.0008860649207788179,-0.14492386003498037,0.15268723918731106,0.0016168614924543395,0.0013693361088964267,-0.0002475253835579128,0.00010933081883118292,-15.309003567286267,7.613988998129413,0.0015278106181263644,0.0015262767073485884,-1.5339107777760739e-6,1.982927813457649e-5,-0.10039927459446447,1.8862677387519349,7.619526550311757
673.999999999992,3.5599964973971296,3.587701847331327,0.027705349934197265,0.026529595472571273,0.7782409323844522,0.7383952033733268,0.5881554001029247,0.5872986202110636,0.6869552060812837,0.658519341522755,-0.0008567798918610592,0.0008860649207788179,-0.14567236681175186,0.15268723918731106,0.001567045777580326,0.0013260209206625428,-0.00024102485691778332,0.00010933081883118292,-15.380843391183477,7.613988998129413,0.0015133100381938568,0.0015070822176138348,-6.227820580022043e-6,1.982927813457649e-5,-0.4115363291619329,1.8862677387519349,7.451720254179256
674.999999999992,3.4506115626332536,3.4932377289832526,0.04262616634999894,0.026529595472571273,1.2353220748344613,0.7383952033733268,0.5880577691551685,0.5871983544333512,0.6867408064600281,0.6582441713755015,-0.0008594147218172754,0.0008860649207788179,-0.14614460804623855,0.15268723918731106,0.0015383534035386588,0.0012991017273416016,-0.00023925167619705712,0.00010933081883118292,-15.55245209889411,7.613988998129413,0.0015008571161359387,0.0014907715478229154,-1.0085568313023333e-5,1.982927813457649e-5,-0.6719872401304483,1.8862677387519349,15.295915394844446
675.9999999999919,3.5610148516374958,3.586257502520048,0.025242650882552287,0.026529595472571273,0.7088611515041763,0.7383952033733268,0.5861491085013225,0.5852800427395057,0.6855108284075084,0.6566010753715009,-0.0008690657618167785,0.0008860649207788179,-0.1482670107677589,0.15268723918731106,0.001680715111221455,0.0014291640702730852,-0.0002515510409483697,0.00010933081883118292,-14.966905412396494,7.613988998129413,0.00152525522463718,0.0015224429006060784,-2.812324031101687e-6,1.982927813457649e-5,-0.18438383200888026,1.8862677387519349,7.231194943452923
676.9999999999919,3.559483824422272,3.5841722292113642,0.02468840478909229,0.026529595472571273,0.6935950830763891,0.7383952033733268,0.5849993542006139,0.584125043313877,0.6847232264138203,0.6555742446408285,-0.0008743108867368399,0.0008860649207788179,-0.1494550174216111,0.15268723918731106,0.0017477647474158735,0.0014923883022403058,-0.0002553764451755677,0.00010933081883118292,-14.611602937589286,7.613988998129413,0.0015450088697030332,0.0015488583530382143,3.84948333518112e-6,1.982927813457649e-5,0.24915606704063975,1.8862677387519349,7.136156638001
677.9999999999919,3.55424364940319,3.5818033276747134,0.027559678271523502,0.026529595472571273,0.7754020542781636,0.7383952033733268,0.5859068171636859,0.585033107780528,0.6850945529030725,0.6561354470699332,-0.0008737093831578946,0.0008860649207788179,-0.14912087682943015,0.15268723918731106,0.001620637880637791,0.0013803472851431984,-0.00024029059549459265,0.00010933081883118292,-14.82691465906177,7.613988998129413,0.0015247880476180738,0.0015238066861498207,-9.81361468253058e-7,1.982927813457649e-5,-0.06436051684600216,1.8862677387519349,7.576314921172862
678.9999999999918,3.5497302759210094,3.5782624163487684,0.02853214042775898,0.026529595472571273,0.8037833359143339,0.7383952033733268,0.5860364558609148,0.5851583090178339,0.6849969386417377,0.6560497253009637,-0.0008781468430808514,0.0008860649207788179,-0.1498450880143306,0.15268723918731106,0.0015684088333304468,0.001334513530344528,-0.00023389530298591893,0.00010933081883118292,-14.912903958163293,7.613988998129413,0.0015093828839336195,0.0015033258274387506,-6.057056494868963e-6,1.982927813457649e-5,-0.4012935723163629,1.8862677387519349,7.941597618285193
679.9999999999918,3.4537107608452606,3.495235136517452,0.04152437567219147,0.026529595472571273,1.20231190587682,0.7383952033733268,0.5858092673877551,0.5849280770390428,0.6846861816547644,0.6556455676556994,-0.0008811903487122574,0.0008860649207788179,-0.15042273957898752,0.15268723918731106,0.0015491341927554047,0.0013154400588691174,-0.00023369413388628726,0.00010933081883118292,-15.085467416520034,7.613988998129413,0.0014991614615112536,0.0014895309110767778,-9.630550434475832e-6,1.982927813457649e-5,-0.6423958113736197,1.8862677387519349,14.844424962293694
680.9999999999917,3.552386647105669,3.5781537021981404,0.02576705509247157,0.026529595472571273,0.7253448921013553,0.7383952033733268,0.5839275360334211,0.5830361142829527,0.6834407683154289,0.6539829124638784,-0.000891421750468413,0.0008860649207788179,-0.15265965303225443,0.15268723918731106,0.0016852567904885214,0.0014398152550022135,-0.00024544153548630796,0.00010933081883118292,-14.564043703699273,7.613988998129413,0.0015234720669202702,0.0015206945808996111,-2.7774860206590795e-6,1.982927813457649e-5,-0.1823128944053319,1.8862677387519349,7.596711840540052
681.9999999999917,3.5542222121782063,3.579053433290802,0.024831221112595614,0.026529595472571273,0.6986400857974998,0.7383952033733268,0.5828113117328155,0.5819139849127286,0.6826541325125116,0.6529617562998127,-0.0008973268200869189,0.0008860649207788179,-0.15396523746579066,0.15268723918731106,0.0017473423784550776,0.0014988256228522408,-0.00024851675560283687,0.00010933081883118292,-14.22255641865473,7.613988998129413,0.0015426835093711568,0.0015461243636799055,3.440854308748697e-6,1.982927813457649e-5,0.22304343618421713,1.8862677387519349,7.304228213862938
682.9999999999917,3.5534975157585107,3.5804310048604937,0.02693348910198301,0.026529595472571273,0.7579430964153617,0.7383952033733268,0.5835941731132825,0.5826971898096808,0.6829508391464448,0.6534280420326368,-0.0008969833036017727,0.0008860649207788179,-0.15369983884805813,0.15268723918731106,0.0016315897254683604,0.0013968829558097993,-0.00023470676965856117,0.00010933081883118292,-14.385158596851715,7.613988998129413,0.0015250131304470754,0.0015241834868175205,-8.296436295549686e-7,1.982927813457649e-5,-0.05440239254279397,1.8862677387519349,7.460093934075236
683.9999999999916,3.551902346784562,3.579531041374697,0.027628694590134728,0.026529595472571273,0.7778562553992008,0.7383952033733268,0.5837625116707873,0.5828614162494571,0.682886049224377,0.6533897157798205,-0.0009010954213302114,0.0008860649207788179,-0.15435993290339683,0.15268723918731106,0.0015769656820584458,0.0013490845381942112,-0.00022788114386423463,0.00010933081883118292,-14.450608942026989,7.613988998129413,0.0015096185397023454,0.0015038417687979666,-5.776770904378833e-6,1.982927813457649e-5,-0.3826642792501641,1.8862677387519349,7.64808029964589
684.9999999999916,3.44554983813447,3.4877541663182727,0.04220432818380271,0.026529595472571273,1.2248938534191531,0.7383952033733268,0.5836485722783639,0.5827446606276838,0.6826565634506476,0.6530976961208191,-0.0009039116506800449,0.0008860649207788179,-0.1548725883371022,0.15268723918731106,0.0015494085496141979,0.001322978765150096,-0.00022642978446410175,0.00010933081883118292,-14.613949595184735,7.613988998129413,0.0014973393811244474,0.0014876573431964772,-9.682037927970233e-6,1.982927813457649e-5,-0.6466161279147934,1.8862677387519349,15.32287577757458
685.9999999999915,3.549466118605149,3.5749430415625914,0.025476922957442305,0.026529595472571273,0.7177677460816021,0.7383952033733268,0.5816912263767692,0.5807750195041127,0.681380913843046,0.6514015008663375,-0.0009162068726564776,0.0008860649207788179,-0.15750742509274812,0.15268723918731106,0.0016955993057323846,0.0014584487735489046,-0.00023715053218348,0.00010933081883118292,-13.986236688216087,7.613988998129413,0.001522690070256073,0.001520416110245155,-2.2739600109181017e-6,1.982927813457649e-5,-0.14933833583978692,1.8862677387519349,7.620076689130068
686.9999999999915,3.5502439800040166,3.5747893192910407,0.02454533928702407,0.026529595472571273,0.6913704924301091,0.7383952033733268,0.5804696910580492,0.5795462589098809,0.6805336276569832,0.6503052685960956,-0.0009234321481683683,0.0008860649207788179,-0.15908361149488878,0.15268723918731106,0.0017678355557997666,0.0015275932619775953,-0.00024024229382217134,0.00010933081883118292,-13.58962902595802,7.613988998129413,0.0015441832073812866,0.0015488942893840672,4.711082002780559e-6,1.982927813457649e-5,0.3050856906266892,1.8862677387519349,7.371183413129509
687.9999999999915,3.552177580401137,3.5786065459642526,0.026428965563115803,0.026529595472571273,0.7440215182071854,0.7383952033733268,0.5812859936124739,0.5803637651448768,0.6808391430792483,0.6507882603137811,-0.0009222284675971526,0.0008860649207788179,-0.15865313765188963,0.15268723918731106,0.00164662037219898,0.0014197810902732695,-0.0002268392819257106,0.00010933081883118292,-13.776052194883142,7.613988998129413,0.0015265425546732649,0.0015268608879584339,3.183332851690139e-7,1.982927813457649e-5,0.02085322051419318,1.8862677387519349,7.371010697139834
688.9999999999914,3.5484343137725167,3.5758752198296158,0.027440906057099035,0.026529595472571273,0.7733243349212584,0.7383952033733268,0.5814870509444661,0.5805609327297887,0.6807906994941958,0.6507771621802515,-0.0009261182146773628,0.0008860649207788179,-0.15926721208548636,0.15268723918731106,0.0015882781614092935,0.0013684162028207133,-0.00021986195858858027,0.00010933081883118292,-13.842786731607188,7.613988998129413,0.0015107427837492088,0.0015058249398567385,-4.917843892470342e-6,1.982927813457649e-5,-0.32552489711489696,1.8862677387519349,7.6901258696207515
689.9999999999914,3.4460128742205987,3.4875545265144132,0.04154165229381457,0.026529595472571273,1.2054990451308236,0.7383952033733268,0.5813938218662278,0.5804649923274704,0.6805716739829034,0.6505015891715639,-0.0009288295387573919,0.0008860649207788179,-0.15975910025598883,0.15268723918731106,0.001558576443557644,0.0013401609274334488,-0.00021841551612419526,0.00010933081883118292,-14.013782707098713,7.613988998129413,0.001497987720393251,0.0014888518526459014,-9.135867747349629e-6,1.982927813457649e-5,-0.609876010529064,1.8862677387519349,15.06174252779976
690.9999999999914,3.5521855277535943,3.576803283530244,0.02461775577664982,0.026529595472571273,0.6930312503192397,0.7383952033733268,0.5794890577270446,0.5785472638550108,0.6793094190215235,0.6488285726397337,-0.0009417938720338581,0.0008860649207788179,-0.16252142460254512,0.15268723918731106,0.00169822966978775,0.0014700813097637863,-0.00022814836002396383,0.00010933081883118292,-13.434482042259837,7.613988998129413,0.001522061936891046,0.0015196674843165657,-2.394452574480243e-6,1.982927813457649e-5,-0.1573163690940946,1.8862677387519349,7.30832265840501
691.9999999999912,3.545864862376801,3.5705865819449487,0.024721719568147726,0.026529595472571273,0.6971985827902281,0.7383952033733268,0.5783783697432775,0.5774293651841094,0.6785282073756119,0.647823467308922,-0.0009490045591681318,0.0008860649207788179,-0.16408022996941649,0.15268723918731106,0.0017609410321424005,0.0015307727737444423,-0.0002301682583979582,0.00010933081883118292,-13.070753318634997,7.613988998129413,0.0015408495437984717,0.0015446304443986919,3.7809006002201533e-6,1.982927813457649e-5,0.24537766295465502,1.8862677387519349,7.500107050879037
692.9999999999912,3.5538781444447602,3.5796309126322714,0.025752768187511155,0.026529595472571273,0.7246384693230565,0.7383952033733268,0.5791752654379565,0.5782278648382575,0.6788292087721408,0.6483007134495425,-0.0009474005996989998,0.0008860649207788179,-0.16357753105747727,0.15268723918731106,0.001642760510260718,0.0014251316220013144,-0.00021762888825940362,0.00010933081883118292,-13.247755037943074,7.613988998129413,0.0015227143730881516,0.0015221115296467386,-6.028434414130038e-7,1.982927813457649e-5,-0.03959005392392816,1.8862677387519349,7.147320116869888
693.9999999999911,3.551163454964086,3.5777658756844897,0.026602420720403863,0.026529595472571273,0.7491184525234112,0.7383952033733268,0.5793605110152407,0.5784094859206407,0.678772743202099,0.6482790568595144,-0.0009510250945999887,0.0008860649207788179,-0.16415083122138627,0.15268723918731106,0.0015862994210033524,0.001375092362027216,-0.0002112070589761364,0.00010933081883118292,-13.314450990755928,7.613988998129413,0.0015068178113015359,0.0015011822482546683,-5.635563046867522e-6,1.982927813457649e-5,-0.3740042760710216,1.8862677387519349,7.401768888246962
694.9999999999911,3.439966974415092,3.481986894406873,0.04201991999178123,0.026529595472571273,1.2215210292513348,0.7383952033733268,0.5793580042355478,0.5784048669940404,0.678620724262375,0.6480925725625564,-0.0009531372415074735,0.0008860649207788179,-0.16451610826799926,0.15268723918731106,0.001550265266248107,0.0013410328868119436,-0.00020923237943616343,0.00010933081883118292,-13.496553395828812,7.613988998129413,0.0014920368530964361,0.0014820541042946018,-9.9827488018343e-6,1.982927813457649e-5,-0.669068514032815,1.8862677387519349,15.418696567302538
695.9999999999911,3.550660430886942,3.5749079568103674,0.024247525923425606,0.026529595472571273,0.6829018543282288,0.7383952033733268,0.5773744993411752,0.5764065831729894,0.6773179751968558,0.6463722276866367,-0.0009679161681858117,0.0008860649207788179,-0.1676409625451543,0.15268723918731106,0.0016992060140115306,0.0014809668566765006,-0.00021823915733503005,0.00010933081883118292,-12.843596099322015,7.613988998129413,0.0015170110084423542,0.0015144582727986263,-2.552735643727858e-6,1.982927813457649e-5,-0.16827403555554757,1.8862677387519349,7.282912617678355
696.999999999991,3.5439258545670738,3.5682149848141984,0.024289130247124646,0.026529595472571273,0.6853735445910397,0.7383952033733268,0.576170918694145,0.5751946372153808,0.676479649560121,0.6452970374720269,-0.0009762814787642737,0.0008860649207788179,-0.16944303280300121,0.15268723918731106,0.0017706111539136289,0.00155031819703083,-0.00022029295688279888,0.00010933081883118292,-12.441633861612106,7.613988998129413,0.001537710605837411,0.0015421318580316106,4.421252194199664e-6,1.982927813457649e-5,0.2875217337654978,1.8862677387519349,7.484036889944914
697.999999999991,3.545583144783096,3.571797577136935,0.026214432353838912,0.026529595472571273,0.7393546077860376,0.7383952033733268,0.5770005531311592,0.576026755604094,0.6767930423216408,0.6457952321509851,-0.0009737975270651678,0.0008860649207788179,-0.168768907028034,0.15268723918731106,0.0016478812833995292,0.0014397071070899555,-0.0002081741763095737,0.00010933081883118292,-12.632838203011607,7.613988998129413,0.0015195369538731976,0.0015195578266388053,2.087276560771255e-8,1.982927813457649e-5,0.0013736267192784796,1.8862677387519349,7.505348560235267
698.9999999999909,3.5413173699066687,3.5684701681473197,0.027152798240650977,0.026529595472571273,0.7667428644320174,0.7383952033733268,0.5771102302705811,0.5761324768537506,0.6766741288539091,0.6456974622417326,-0.0009777534168304847,0.0008860649207788179,-0.16942229847009643,0.15268723918731106,0.0015960369684353292,0.001393581450854006,-0.00020245551758132333,0.00010933081883118292,-12.68488898348013,7.613988998129413,0.001505414753676751,0.0015005974653987137,-4.817288278037351e-6,1.982927813457649e-5,-0.31999741375403973,1.8862677387519349,7.845949116880777
699.9999999999909,3.442821332756959,3.483584922545016,0.040763589788057164,0.026529595472571273,1.1840169979257769,0.7383952033733268,0.5769602368313281,0.5759796516817832,0.6764104852237485,0.6453684612316127,-0.0009805851495449103,0.0008860649207788179,-0.16995714556176253,0.15268723918731106,0.0015703046611395528,0.0013686405760559423,-0.00020166408508361057,0.00010933081883118292,-12.842354103264594,7.613988998129413,0.0014942426804190512,0.0014855886499400546,-8.65403047899658e-6,1.982927813457649e-5,-0.5791582982069292,1.8862677387519349,14.94144464227588
700.9999999999909,3.5569229290833486,3.579732284919011,0.022809355835662348,0.026529595472571273,0.6412665185731344,0.7383952033733268,0.5750743323806068,0.5740785569013026,0.6751409818529268,0.643706585349113,-0.000995775479304184,0.0008860649207788179,-0.1731559597142897,0.15268723918731106,0.0017069615399713286,0.0014980671829219155,-0.0002088943570494131,0.00010933081883118292,-12.237789320837413,7.613988998129413,0.0015184977414611238,0.0015165625290875556,-1.935212373568168e-6,1.982927813457649e-5,-0.12744255857147832,1.8862677387519349,6.7593541911107105
701.9999999999908,3.5446110197428737,3.568499026065191,0.023888006322317246,0.026529595472571273,0.6739246193521704,0.7383952033733268,0.5741229063577131,0.5731194831435892,0.6744664509533757,0.6428577789753792,-0.001003423214123944,0.0008860649207788179,-0.1747749833724194,0.15268723918731106,0.0017572286880048783,0.0015486604879677375,-0.00020856820003714084,0.00010933081883118292,-11.869155190833181,7.613988998129413,0.0015342967927382105,0.0015378608931432439,3.564100405033417e-6,1.982927813457649e-5,0.23229536957270705,1.8862677387519349,7.31763743607381
702.9999999999908,3.5412544377553044,3.5677092809657966,0.026454843210492296,0.026529595472571273,0.7470472307338988,0.7383952033733268,0.5750219626192822,0.5740220083275231,0.6748501566362859,0.6434463451943254,-0.000999954291759031,0.0008860649207788179,-0.17389845201810028,0.15268723918731106,0.0016325168102974857,0.0014356184157078775,-0.0001968983945896082,0.00010933081883118292,-12.061033206373438,7.613988998129413,0.0015133691155917095,0.0015120019406757329,-1.3671749159766163e-6,1.982927813457649e-5,-0.09033981874554556,1.8862677387519349,7.658493945082828
703.9999999999908,3.5474337358677306,3.573341603562287,0.02590786769455633,0.026529595472571273,0.7303270370522948,0.7383952033733268,0.5750439113062501,0.5740399510519267,0.6746711073530881,0.6432676274881277,-0.001003960254323366,0.0008860649207788179,-0.17458845047899113,0.15268723918731106,0.0015885086359398606,0.0013959591165958731,-0.0001925495193439875,0.00010933081883118292,-12.121402111865965,7.613988998129413,0.0014997838976278247,0.0014938453203829523,-5.9385772448723815e-6,1.982927813457649e-5,-0.39596219523794723,1.8862677387519349,7.369365670280881
704.9999999999907,3.444013484408732,3.4841698704390263,0.04015638603029448,0.026529595472571273,1.165976446145899,0.7383952033733268,0.5749329412850682,0.5739266892863363,0.6744381011716144,0.642979106963254,-0.001006251998731944,0.0008860649207788179,-0.1750207592006831,0.15268723918731106,0.0015605349417465266,0.0013687632223128652,-0.00019177171943366138,0.00010933081883118292,-12.288844953323085,7.613988998129413,0.0014875775918458173,0.0014779198024611358,-9.657789384681474e-6,1.982927813457649e-5,-0.6492292864332467,1.8862677387519349,14.712048291856117
705.9999999999907,3.549004182946203,3.572521941441389,0.02351775849518578,0.026529595472571273,0.6626579536928732,0.7383952033733268,0.5731592126103017,0.5721378949867983,0.6732319085155558,0.6414073212982122,-0.0010213176235033261,0.0008860649207788179,-0.1781909111871387,0.15268723918731106,0.0016872946811279004,0.0014894816737052552,-0.0001978130074226452,0.00010933081883118292,-11.723678716892167,7.613988998129413,0.0015090604009720856,0.001505748737576837,-3.311663395248656e-6,1.982927813457649e-5,-0.21945201087480623,1.8862677387519349,7.136061297889635
706.9999999999906,3.540476859211627,3.5643911345758323,0.023914275364205206,0.026529595472571273,0.6754535141780393,0.7383952033733268,0.5720876021664856,0.5710575363478178,0.6724555383897344,0.6404300035196753,-0.0010300658186678247,0.0008860649207788179,-0.18005386146579366,0.15268723918731106,0.0017458103559558806,0.0015474971089267026,-0.00019831324702917802,0.00010933081883118292,-11.359380837249983,7.613988998129413,0.0015263058803987827,0.0015288453745484086,2.539494149625919e-6,1.982927813457649e-5,0.16638173135796458,1.8862677387519349,7.469300711053476
707.9999999999906,3.544170771074709,3.5695678734649934,0.025397102390284587,0.026529595472571273,0.7165879984553722,0.7383952033733268,0.5728473785828542,0.5718204551039221,0.6727467570554676,0.6409000093882564,-0.0010269234789320736,0.0008860649207788179,-0.17926650576154182,0.15268723918731106,0.0016329006310063419,0.0014449257382559847,-0.0001879748927503572,0.00010933081883118292,-11.51171658464667,7.613988998129413,0.0015084531560207199,0.0015069029400808357,-1.5502159398841486e-6,1.982927813457649e-5,-0.10276858341253356,1.8862677387519349,7.3676313501515605
708.9999999999906,3.548758836362853,3.57393879614019,0.02517995977733678,0.026529595472571273,0.7095427144647534,0.7383952033733268,0.5729368369778395,0.5719065491881158,0.6726221747550077,0.640799767503526,-0.001030287789723694,0.0008860649207788179,-0.1798257195606964,0.15268723918731106,0.001584421080146283,0.001401434830750651,-0.00018298624939563197,0.00010933081883118292,-11.54909207461047,7.613988998129413,0.0014945340678238538,0.0014886052465574652,-5.928821266388542e-6,1.982927813457649e-5,-0.3967003090817007,1.8862677387519349,7.179080270808965
709.9999999999905,3.439540349618897,3.4799173688416256,0.04037701922272863,0.026529595472571273,1.173907415483654,0.7383952033733268,0.5729266913227006,0.5718946609353979,0.6724645854116229,0.6406161359546595,-0.001032030387302707,0.0008860649207788179,-0.18013306116356456,0.15268723918731106,0.0015493910688204543,0.0013679938162609903,-0.00018139725255946404,0.00010933081883118292,-11.70764800506828,7.613988998129413,0.0014805488432341105,0.0014706467153272073,-9.902127906903169e-6,1.982927813457649e-5,-0.6688146731635657,1.8862677387519349,14.953014434257785
710.9999999999905,3.541864915628291,3.5657239023226315,0.02385898669434061,0.026529595472571273,0.6736277995545257,0.7383952033733268,0.5710891395832429,0.5700404059857428,0.6712215964045031,0.6390085270192508,-0.0010487335975001288,0.0008860649207788179,-0.1836374612666336,0.15268723918731106,0.0016831414961176148,0.0014966091660106894,-0.0001865323301069254,0.00010933081883118292,-11.082391500488017,7.613988998129413,0.0015028593960357923,0.0014996534059598017,-3.2059900759906414e-6,1.982927813457649e-5,-0.21332601602301104,1.8862677387519349,7.452422736860134
711.9999999999905,3.542494310904172,3.5654030827947274,0.02290877189055518,0.026529595472571273,0.6466847898679626,0.7383952033733268,0.5698770836487735,0.5688180443856578,0.6703466265570794,0.6379134746748473,-0.0010590392631157908,0.0008860649207788179,-0.18583643622499085,0.15268723918731106,0.001753119019142605,0.0015659659990575029,-0.00018715302008510222,0.00010933081883118292,-10.675431504737928,7.613988998129413,0.0015230460573150005,0.0015264443250455411,3.398267730540588e-6,1.982927813457649e-5,0.22312311004773172,1.8862677387519349,7.224502135417668
712.9999999999903,3.5438573589006257,3.568647829939306,0.024790471038680373,0.026529595472571273,0.6995335457398564,0.7383952033733268,0.5706663988192499,0.5696115072374501,0.6706540219403734,0.6384099779210848,-0.0010548915817997218,0.0008860649207788179,-0.18485258357288406,0.15268723918731106,0.0016367164841439932,0.0014594347693805809,-0.00017728171476341236,0.00010933081883118292,-10.831546971076737,7.613988998129413,0.0015055709587149162,0.0015049114447727072,-6.595139422089624e-7,1.982927813457649e-5,-0.043804905932291104,1.8862677387519349,7.257547146961731
713.9999999999903,3.5390422384604965,3.5649452214039905,0.025902982943494024,0.026529595472571273,0.7319207061728082,0.7383952033733268,0.5708544138326622,0.5697970767319026,0.6705995762123818,0.6384091565068696,-0.0010573371007596144,0.0008860649207788179,-0.1852200973030503,0.15268723918731106,0.0015804575423477882,0.0014086611136689112,-0.000171796428678877,0.00010933081883118292,-10.870043900304427,7.613988998129413,0.0014901366850745862,0.0014846827721979952,-5.453912876591041e-6,1.982927813457649e-5,-0.36600084617862116,1.8862677387519349,7.638576186816714
714.9999999999902,3.4390711768965967,3.4788687212019282,0.039797544305331556,0.026529595472571273,1.1572178142949834,0.7383952033733268,0.5707382213990395,0.5696784765233591,0.6703595093924438,0.6381234667284321,-0.0010597448756803907,0.0008860649207788179,-0.18567967519025774,0.15268723918731106,0.0015531109297737533,0.001382054742754829,-0.00017105618701892438,0.00010933081883118292,-11.013777814559756,7.613988998129413,0.0014780256708572547,0.0014687534452886362,-9.272225568618528e-6,1.982927813457649e-5,-0.6273386011787359,1.8862677387519349,14.815313647223396
715.9999999999902,3.5308193459124895,3.5554048003897796,0.024585454477290103,0.026529595472571273,0.6963101781390162,0.7383952033733268,0.5688541246421159,0.5677766126484692,0.669066594776422,0.636467978478568,-0.001077511993646696,0.0008860649207788179,-0.18941798028178009,0.15268723918731106,0.0016885876648443793,0.001513175967794495,-0.00017541169704988428,0.00010933081883118292,-10.388071682736724,7.613988998129413,0.0015017339646411967,0.0014991989172022902,-2.5350474389064428e-6,1.982927813457649e-5,-0.16880802449667784,1.8862677387519349,7.973196977978996
716.9999999999902,3.5363859850880566,3.5593339812871463,0.022947996199089715,0.026529595472571273,0.6489109586978048,0.7383952033733268,0.5675938875290111,0.5665049872628662,0.6681469397282063,0.6353341821492656,-0.0010889002661448322,0.0008860649207788179,-0.19184495993875125,0.15268723918731106,0.0017611177145957025,0.0015858906318416662,-0.00017522708275403628,0.00010933081883118292,-9.949765498455788,7.613988998129413,0.0015234903625824172,0.0015277093797634392,4.219017181021981e-6,1.982927813457649e-5,0.27693100558053196,1.8862677387519349,7.429687750000339
717.9999999999901,3.5369879185456146,3.5617676592461103,0.02477974070049571,0.026529595472571273,0.7005887854625461,0.7383952033733268,0.568269136528558,0.5671840125780789,0.668375431133261,0.6357380245618183,-0.0010851239504791055,0.0008860649207788179,-0.19095246965335996,0.15268723918731106,0.0016535824893529538,0.001487357620064256,-0.00016622486928869785,0.00010933081883118292,-10.052408655690446,7.613988998129413,0.0015090818149326953,0.0015097532181041508,6.714031714554706e-7,1.982927813457649e-5,0.044490839715367915,1.8862677387519349,7.484979022912099
718.9999999999901,3.5394295665971898,3.5644316434195344,0.025002076822344677,0.026529595472571273,0.706387183355698,0.7383952033733268,0.568447974153702,0.5673607003118608,0.668314246861269,0.6357414121802919,-0.001087273841841152,0.0008860649207788179,-0.19127059841489827,0.15268723918731106,0.001597539063259144,0.0014368471415600794,-0.00016069192169906464,0.00010933081883118292,-10.058716271465475,7.613988998129413,0.00149505168049423,0.0014910710444457833,-3.980636048446767e-6,1.982927813457649e-5,-0.2662540767240139,1.8862677387519349,7.425281132565101
719.99999999999,3.433569197018126,3.4734946680882324,0.039925471070106244,0.026529595472571273,1.1627979160804276,0.7383952033733268,0.5684023973736008,0.5673133225190085,0.6681254701709607,0.6355345802251455,-0.001089074854592309,0.0008860649207788179,-0.1916027904921871,0.15268723918731106,0.001564520481110534,0.0014051728902563438,-0.00015934759085419023,0.00010933081883118292,-10.18507541308002,7.613988998129413,0.0014823333931060537,0.0014742286929910304,-8.104700115023344e-6,1.982927813457649e-5,-0.5467528528140965,1.8862677387519349,15.01364893482233
720.99999999999,3.5397209417121522,3.5624612391585915,0.02274029744643924,0.026529595472571273,0.6424319267224446,0.7383952033733268,0.5665517783258861,0.565443722915588,0.6668638255956031,0.6339476543057195,-0.0011080554102981255,0.0008860649207788179,-0.19557884251503685,0.15268723918731106,0.001698687936381132,0.0015372695510106867,-0.00016141838537044539,0.00010933081883118292,-9.502533214801625,7.613988998129413,0.0015055414560083574,0.0015039394510910778,-1.6020049172795446e-6,1.982927813457649e-5,-0.10640722717306908,1.8862677387519349,7.259935930928221
721.99999999999,3.542283040150336,3.5639613338887863,0.021678293738450538,0.026529595472571273,0.6119864926866629,0.7383952033733268,0.5654214586513238,0.5643023829727396,0.6660444678206242,0.632960963052684,-0.0011190756785841582,0.0008860649207788179,-0.19791885530015835,0.15268723918731106,0.0017622239053775312,0.0016024910136648576,-0.00015973289171267364,0.00010933081883118292,-9.064279018417535,7.613988998129413,0.0015245766009424886,0.001529087914985512,4.5113140430233685e-6,1.982927813457649e-5,0.29590602664598736,1.8862677387519349,6.9336469374171585
722.9999999999899,3.540505977531854,3.5646323393550947,0.024126361823240572,0.026529595472571273,0.6814382457294836,0.7383952033733268,0.5663297877977024,0.565217525754063,0.6664434145968181,0.6335778816569041,-0.0011122620436393449,0.0008860649207788179,-0.19639829435153322,0.15268723918731106,0.001636984272192112,0.0014855962856705261,-0.00015138798652158578,0.00010933081883118292,-9.247980514733944,7.613988998129413,0.0015045003438887762,0.0015042620281056338,-2.3831578314231772e-7,1.982927813457649e-5,-0.015840194660662422,1.8862677387519349,7.168448871428703
723.9999999999899,3.5272808267913653,3.553641826693967,0.026360999902601545,0.026529595472571273,0.7473462192853285,0.7383952033733268,0.5665668858150078,0.5654536245972436,0.6664251085268194,0.6336307916922408,-0.0011132612177642276,0.0008860649207788179,-0.1964924611085942,0.15268723918731106,0.0015772601676980339,0.0014304292697296086,-0.00014683089796842523,0.00010933081883118292,-9.309237687953582,7.613988998129413,0.00148726091154394,0.0014817698189143172,-5.491092629622768e-6,1.982927813457649e-5,-0.36920842785563507,1.8862677387519349,8.072926056652138
724.9999999999899,3.4330209092133734,3.4725145071259482,0.039493597912574785,0.026529595472571273,1.1504036519726344,0.7383952033733268,0.5663289806424298,0.5652129897518843,0.6660922579632713,0.6332346394328985,-0.0011159908905454818,0.0008860649207788179,-0.19705699843923385,0.15268723918731106,0.0015591849010666123,0.0014118327859728506,-0.00014735211509376168,0.00010933081883118292,-9.45058632834121,7.613988998129413,0.001476769005229363,0.0014677476266369666,-9.021378592396264e-6,1.982927813457649e-5,-0.6108862361310947,1.8862677387519349,14.919859101334506
725.9999999999898,3.53567162714264,3.55825024000507,0.022578612862430347,0.026529595472571273,0.6385947351303464,0.7383952033733268,0.5643424649673092,0.5632062788535338,0.6647187067112709,0.6315192734441829,-0.001136186113775417,0.0008860649207788179,-0.20132919004087935,0.15268723918731106,0.0017023532278353589,0.0015529483513342436,-0.0001494048765011153,0.00010933081883118292,-8.776373437555748,7.613988998129413,0.001502740402390104,0.0015010612030071163,-1.6791993829876409e-6,1.982927813457649e-5,-0.1117424792942866,1.8862677387519349,7.3691468051583655
726.9999999999898,3.5362269345426847,3.5580938241345477,0.021866889591863004,0.026529595472571273,0.6183678252733771,0.7383952033733268,0.5632498900717472,0.5621027334924922,0.6639192953022012,0.6305776639856192,-0.0011471565792550154,0.0008860649207788179,-0.20366743065123186,0.15268723918731106,0.0017620259858371749,0.00161533556296449,-0.0001466904228726849,0.00010933081883118292,-8.325099859579495,7.613988998129413,0.0015218620364511738,0.001526562584823139,4.700548371965301e-6,1.982927813457649e-5,0.3088682324270666,1.8862677387519349,7.156029161057826
727.9999999999897,3.5244848981429495,3.5499933610944905,0.025508462951540967,0.026529595472571273,0.723750099340229,0.7383952033733268,0.5640936859685158,0.5629532106245879,0.6642718842849454,0.6311439717289477,-0.0011404753439279158,0.0008860649207788179,-0.2021783565915627,0.15268723918731106,0.0016418038596753266,0.0015029050415472514,-0.0001388988181280752,0.00010933081883118292,-8.460134705466157,7.613988998129413,0.0015035448554063264,0.001503868961062892,3.24105656565642e-7,1.982927813457649e-5,0.02155610159552266,1.8862677387519349,7.9817079380236295
728.9999999999897,3.540645008448163,3.56433911789304,0.023694109444877043,0.026529595472571273,0.6692031928742267,0.7383952033733268,0.5641328683343347,0.5629900739822662,0.6641050330741091,0.6310200388685269,-0.0011427943520685435,0.0008860649207788179,-0.20257538892260815,0.15268723918731106,0.0015964914302593403,0.0014613698509267712,-0.0001351215793325691,0.00010933081883118292,-8.463658292899161,7.613988998129413,0.0014910485025301822,0.0014869381293397628,-4.110373190419417e-6,1.982927813457649e-5,-0.27566998547964494,1.8862677387519349,7.089169477180277
729.9999999999897,3.4332147539863884,3.47205584488515,0.03884109089876153,0.026529595472571273,1.131332983282278,0.7383952033733268,0.5640432453473659,0.5628991065014886,0.6638839119936816,0.6307802097476922,-0.001144138845877385,0.0008860649207788179,-0.20284594405040116,0.15268723918731106,0.001566937209204054,0.0014323257258947793,-0.00013461148330927474,0.00010933081883118292,-8.59073883232707,7.613988998129413,0.0014792468038898926,0.0014712708360219149,-7.97596786797773e-6,1.982927813457649e-5,-0.5391911509968299,1.8862677387519349,14.672040828767098
730.9999999999895,3.5374778772070936,3.559575160732652,0.022097283525558176,0.026529595472571273,0.6246620980426993,0.7383952033733268,0.5623561873409516,0.5611935924909802,0.6627120014698011,0.6293498122793377,-0.0011625948499713878,0.0008860649207788179,-0.20673638454457277,0.15268723918731106,0.0016853657147587163,0.0015511839009573624,-0.00013418181380135392,0.00010933081883118292,-7.96158439834905,7.613988998129413,0.001499360684082958,0.0014971682636865694,-2.1924203963885266e-6,1.982927813457649e-5,-0.14622368184406936,1.8862677387519349,7.14402478588397
731.9999999999895,3.5279708174775686,3.550594569273328,0.02262375179575926,0.026529595472571273,0.6412681103732828,0.7383952033733268,0.5612652482479766,0.5600914760095093,0.66190127515288,0.628404646305226,-0.0011737722384673743,0.0008860649207788179,-0.20912968371574317,0.15268723918731106,0.001744304780222228,0.0016127105677650687,-0.00013159421245715936,0.00010933081883118292,-7.544221282268914,7.613988998129413,0.0015167495600184311,0.001520171056073278,3.4214960548469182e-6,1.982927813457649e-5,0.22558081736350336,1.8862677387519349,7.537028865208446
732.9999999999894,3.5326220285601675,3.556555201632176,0.023933173072008707,0.026529595472571273,0.6774903422589886,0.7383952033733268,0.5619965869467664,0.5608294273155091,0.6621813637632443,0.6288714084276936,-0.0011671596312572419,0.0008860649207788179,-0.20768091094613678,0.15268723918731106,0.0016344230457601633,0.0015088906481245106,-0.00012553239763565273,0.00010933081883118292,-7.680532770343319,7.613988998129413,0.0014996195419531193,0.00149899808723433,-6.214547187892265e-7,1.982927813457649e-5,-0.04144082558299005,1.8862677387519349,7.37309248618562
733.9999999999894,3.5355645839805727,3.5594558123579536,0.02389122837738089,0.026529595472571273,0.6757401204218016,0.7383952033733268,0.5620735049412741,0.5609049937670584,0.6620459173674604,0.6287901121212509,-0.0011685111742156806,0.0008860649207788179,-0.20789294708665687,0.15268723918731106,0.0015869427480888184,0.0014648768840540376,-0.00012206586403478077,0.00010933081883118292,-7.691888329417475,7.613988998129413,0.0014863513715519924,0.0014814681407717702,-4.883230780222203e-6,1.982927813457649e-5,-0.3285381151243745,1.8862677387519349,7.276370060452782
734.9999999999894,3.428656402530004,3.467806254308573,0.03914985177856867,0.026529595472571273,1.141842377372081,0.7383952033733268,0.5620472370482726,0.5608782906951382,0.6618727322297959,0.6286143293629817,-0.0011689463531344702,0.0008860649207788179,-0.20798009065456408,0.15268723918731106,0.001553183046124872,0.001431519002967765,-0.00012166404315710707,0.00010933081883118292,-7.833207004200431,7.613988998129413,0.0014730174846992387,0.0014642387029711295,-8.778781728109196e-6,1.982927813457649e-5,-0.5959726764480091,1.8862677387519349,14.918043051093008
735.9999999999893,3.5328499692951523,3.554911993379147,0.022062024083994825,0.026529595472571273,0.6244823379351281,0.7383952033733268,0.5602073506443775,0.5590179365621244,0.660597277781473,0.6270743279258887,-0.0011894140822531485,0.0008860649207788179,-0.2123167575157711,0.15268723918731106,0.0016849267134662214,0.0015644500405582766,-0.00012047667290794486,0.00010933081883118292,-7.150261904275999,7.613988998129413,0.0014956472809220512,0.0014935147808024984,-2.1325001195527174e-6,1.982927813457649e-5,-0.14258041630230178,1.8862677387519349,7.2964980754317255
736.9999999999893,3.5286220956242884,3.550477848850994,0.02185575322670541,0.026529595472571273,0.6193849223414405,0.7383952033733268,0.5590454952425955,0.5578440126424323,0.6597410394901333,0.6260903577011055,-0.0012014826001631729,0.0008860649207788179,-0.21491678412358808,0.15268723918731106,0.0017499741710769073,0.0016327286174305138,-0.00011724555364639347,0.00010933081883118292,-6.699844808237504,7.613988998129413,0.0015150287985954097,0.001519234084893569,4.205286298159189e-6,1.982927813457649e-5,0.2775713769967891,1.8862677387519349,7.3625426864874175
737.9999999999893,3.523752212636663,3.5482617889402817,0.02450957630361872,0.026529595472571273,0.6955533427045179,0.7383952033733268,0.5598224311048935,0.5586287081496235,0.6600493312735336,0.6265973696435805,-0.0011937229552699824,0.0008860649207788179,-0.2132324267382411,0.15268723918731106,0.0016355210699039843,0.0015237834690185542,-0.00011173760088543016,0.00010933081883118292,-6.831926713850889,7.613988998129413,0.0014978314938938375,0.0014979710890682717,1.3959517443417127e-7,1.982927813457649e-5,0.00931981835094632,1.8862677387519349,7.768864623018884
738.9999999999892,3.5350630255805746,3.5583781554226843,0.023315129842109705,0.026529595472571273,0.6595392974155132,0.7383952033733268,0.5598597005701976,0.5586646396010051,0.6598806481832007,0.6264850879531415,-0.0011950609691925296,0.0008860649207788179,-0.2134572229391402,0.15268723918731106,0.001590439863978522,0.0014818962824260766,-0.00010854358155244553,0.00010933081883118292,-6.824752322349445,7.613988998129413,0.0014856864554054913,0.0014816224676825196,-4.0639877229716685e-6,1.982927813457649e-5,-0.27354275918618887,1.8862677387519349,7.1645518938832495
739.9999999999892,3.427930038355426,3.4665607510319023,0.03863071267647644,0.026529595472571273,1.1269399388037045,0.7383952033733268,0.559794716543112,0.5585991817430466,0.6596769844890343,0.6262800042455178,-0.001195534800065401,0.0008860649207788179,-0.21356664590336988,0.15268723918731106,0.0015592246674987883,0.001450857873622063,-0.00010836679387672536,0.00010933081883118292,-6.950043578425466,7.613988998129413,0.0014736028721590022,0.0014657072918234577,-7.895580335544545e-6,1.982927813457649e-5,-0.5358010957169612,1.8862677387519349,14.770743452535582
740.9999999999891,3.524400147298005,3.547073369361027,0.022673222063021914,0.026529595472571273,0.6433214480598756,0.7383952033733268,0.5580502050029583,0.5568346487574595,0.6584587001020528,0.6248398730463447,-0.00121555624549885,0.0008860649207788179,-0.21782202292935385,0.15268723918731106,0.0016819219914201444,0.0015762323321595875,-0.00010568965926055691,0.00010933081883118292,-6.28386214103289,7.613988998129413,0.0014948614964034141,0.0014930760449321152,-1.7854514712989551e-6,1.982927813457649e-5,-0.1194392574559376,1.8862677387519349,7.659591251573181
741.9999999999891,3.5239784848957987,3.545855214360046,0.021876729464247457,0.026529595472571273,0.6207963402164283,0.7383952033733268,0.55682899148302,0.5556005028066919,0.657546842507742,0.6238101457538698,-0.0012284886763280767,0.0008860649207788179,-0.2206222547888903,0.15268723918731106,0.0017501816465119973,0.00164830596400525,-0.00010187568250674727,0.00010933081883118292,-5.820863377797336,7.613988998129413,0.0015152394306340786,0.0015197220144044202,4.482583770341626e-6,1.982927813457649e-5,0.2958333633428355,1.8862677387519349,7.490293681426001
742.9999999999891,3.5272467876146405,3.550587025366612,0.023340237751971582,0.026529595472571273,0.6617126375712374,0.7383952033733268,0.5575140677695128,0.5562931933126589,0.6577928631392083,0.6242414772378982,-0.0012208744568539265,0.0008860649207788179,-0.2189854081598995,0.15268723918731106,0.0016432722567476731,0.0015458999284730791,-9.7372328274594e-5,0.00010933081883118292,-5.9255140391228345,7.613988998129413,0.0015001556452554836,0.0015009398083281212,7.84163072637626e-7,1.982927813457649e-5,0.05227211423812489,1.8862677387519349,7.393122012911949
743.999999999989,3.5351148444110962,3.557893748390024,0.0227789039789279,0.026529595472571273,0.6443610740098196,0.7383952033733268,0.5576608832928115,0.5564402310039817,0.6577098237233214,0.6242433791300255,-0.0012206522888298377,0.0008860649207788179,-0.21888791654567397,0.15268723918731106,0.0015901935486991505,0.0014960329983028306,-9.416055039631992e-5,0.00010933081883118292,-5.921326399125909,7.613988998129413,0.0014865405874915345,0.0014828630034228764,-3.677584068658129e-6,1.982927813457649e-5,-0.2473921061828439,1.8862677387519349,7.012029001297687
744.999999999989,3.4204879508317982,3.4598820262623793,0.039394075430581044,0.026529595472571273,1.1517092297021876,0.7383952033733268,0.5577099172406481,0.5564901155602193,0.6575932881904357,0.6241516507363012,-0.0012198016804287892,0.0008860649207788179,-0.21871615381414367,0.15268723918731106,0.0015508747022675501,0.0014568752084283085,-9.399949383924163e-5,0.00010933081883118292,-6.061063069879467,7.613988998129413,0.0014719586576161716,0.0014639284000679265,-8.030257548245117e-6,1.982927813457649e-5,-0.5455491230473871,1.8862677387519349,15.209136874388872
745.999999999989,3.523895222446024,3.5460365947490393,0.022141372303015494,0.026529595472571273,0.6283209603390708,0.7383952033733268,0.5558497844321347,0.5546078592179372,0.6563118573024875,0.6226599950425477,-0.0012419252141975257,0.0008860649207788179,-0.22342820830025092,0.15268723918731106,0.0016854988651313757,0.001595716189222363,-8.978267590901263e-5,0.00010933081883118292,-5.326771661873207,7.613988998129413,0.001494772854460738,0.0014934211672317302,-1.3516872290077718e-6,1.982927813457649e-5,-0.09042760075378901,1.8862677387519349,7.544449873397443
746.9999999999889,3.515229930267217,3.5376421036508203,0.02241217338360313,0.026529595472571273,0.6375734682567243,0.7383952033733268,0.5545665950129833,0.5533107562556168,0.6553676953359094,0.6216110199807902,-0.0012558387573665675,0.0008860649207788179,-0.2264540938202681,0.15268723918731106,0.0017598853901213743,0.0016747922505947895,-8.509313952658479e-5,0.00010933081883118292,-4.835152334591298,7.613988998129413,0.0015165887897010625,0.0015220857047983742,5.496915097311745e-6,1.982927813457649e-5,0.3624525734754542,1.8862677387519349,7.8599229593710875
747.9999999999889,3.5227967929174,3.546091803814289,0.02329501089688879,0.026529595472571273,0.6612646787837301,0.7383952033733268,0.5552300516107419,0.5539825057274698,0.6555834528013897,0.6220092610747137,-0.0012475458832721387,0.0008860649207788179,-0.22468990640059275,0.15268723918731106,0.0016522387506137175,0.0015706415636103632,-8.15971870033543e-5,0.00010933081883118292,-4.938583299359451,7.613988998129413,0.0015024456343554885,0.0015043271754880275,1.8815411325389698e-6,1.982927813457649e-5,0.12523189455344944,1.8862677387519349,7.495426966624278
748.9999999999887,3.5189496689257007,3.5431391680283064,0.024189499102605705,0.026529595472571273,0.6874067940275631,0.7383952033733268,0.5553082015195814,0.5540607171233978,0.6554424304687213,0.6219514823555501,-0.0012474843961836068,0.0008860649207788179,-0.22464721262353224,0.15268723918731106,0.0016029891583615808,0.0015242535729046458,-7.873558545693502e-5,0.00010933081883118292,-4.911797752731582,7.613988998129413,0.001490715495531196,0.0014883187183552704,-2.3967771759256067e-6,1.982927813457649e-5,-0.16078032214131832,1.8862677387519349,7.796141827391297
749.9999999999887,3.4199347443009738,3.4586170743360536,0.038682330035079815,0.026529595472571273,1.1310838635017986,0.7383952033733268,0.5552181858137345,0.5539708036261534,0.6552153405136362,0.6217370874411846,-0.0012473821875811364,0.0008860649207788179,-0.22466522521285176,0.15268723918731106,0.0015728002909124906,0.0014937775698757553,-7.90227210367353e-5,0.00010933081883118292,-5.024332809023626,7.613988998129413,0.0014796499374969076,0.0014733611526673706,-6.28878482953699e-6,1.982927813457649e-5,-0.42501842295047126,1.8862677387519349,14.965999488872827
750.9999999999887,3.517631823067958,3.5398220857280456,0.022190262660087612,0.026529595472571273,0.6308295971900216,0.7383952033733268,0.5533469678460515,0.5520771636724797,0.6539027696335863,0.6202479971499231,-0.001269804173571809,0.0008860649207788179,-0.2294770274995137,0.15268723918731106,0.0017044095128393953,0.0016311125698768095,-7.329694296258587e-5,0.00010933081883118292,-4.300430290398911,7.613988998129413,0.0015040869110170873,0.0015043159271831217,2.2901616603446771e-7,1.982927813457649e-5,0.015226258825668748,1.8862677387519349,7.701521405243465
751.9999999999886,3.521441789728489,3.542427899602981,0.0209861098744919,0.026529595472571273,0.5959522016154063,0.7383952033733268,0.552176742864704,0.550893805926052,0.6530319851109373,0.6193203210871663,-0.0012829369386520018,0.0008860649207788179,-0.2323417194277505,0.15268723918731106,0.0017682315018128878,0.0017008893434301256,-6.734215838276217e-5,0.00010933081883118292,-3.8084469320741823,7.613988998129413,0.001524640108127019,0.0015310182269002272,6.3781187732083085e-6,1.982927813457649e-5,0.4183360216755456,1.8862677387519349,7.281471749249924
752.9999999999886,3.5175697126240975,3.541115258987,0.023545546362902403,0.026529595472571273,0.6693697150734644,0.7383952033733268,0.5529639410729559,0.5516912230981306,0.6533525953234112,0.6198407412171818,-0.0012727179748253103,0.0008860649207788179,-0.2301629238889906,0.15268723918731106,0.0016528653691953493,0.001587940881958615,-6.492448723673431e-5,0.00010933081883118292,-3.9279960997876646,7.613988998129413,0.0015078833477940353,0.0015099746817928102,2.09133399877489e-6,1.982927813457649e-5,0.13869335461754495,1.8862677387519349,7.6234513208938415
753.9999999999885,3.5156945858277924,3.539950114001809,0.02425552817401666,0.026529595472571273,0.6899213677943968,0.7383952033733268,0.5531220259759577,0.5518508941008997,0.6532757760749319,0.6198588724141537,-0.001271131875058007,0.0008860649207788179,-0.22981038818968647,0.15268723918731106,0.001598428558703403,0.0015354665348605687,-6.296202384283435e-5,0.00010933081883118292,-3.9389951774827674,7.613988998129413,0.0014937011068677727,0.0014909341420647761,-2.7669648029965757e-6,1.982927813457649e-5,-0.18524220075050907,1.8862677387519349,7.825961430079507
754.9999999999885,3.415093556685004,3.454040670652948,0.038947113967943814,0.026529595472571273,1.140440615212585,0.7383952033733268,0.5529536653136361,0.5516823786455683,0.6529901697892047,0.6195769769067995,-0.0012712866680677504,0.0008860649207788179,-0.22990835359535503,0.15268723918731106,0.0015744232566431125,0.001510562458706523,-6.386079793658942e-5,0.00010933081883118292,-4.056139139658636,7.613988998129413,0.001483176536057204,0.0014766119564905522,-6.564579566651751e-6,1.982927813457649e-5,-0.44260271161669484,1.8862677387519349,15.131245655738505
755.9999999999885,3.519157170849843,3.540595398899652,0.021438228049809105,0.026529595472571273,0.6091864332570283,0.7383952033733268,0.551042547732971,0.549748040751803,0.6516566142817333,0.6180908084892405,-0.0012945069811680643,0.0008860649207788179,-0.2349196058441875,0.15268723918731106,0.0017097860856363218,0.0016530329954830615,-5.675309015326039e-5,0.00010933081883118292,-3.319309393732661,7.613988998129413,0.0015082546513237073,0.0015085713128189825,3.166614952752108e-7,1.982927813457649e-5,0.02099522749671585,1.8862677387519349,7.432782854891085
756.9999999999884,3.5228450955640565,3.543170368192287,0.020325272628230362,0.026529595472571273,0.5769561839044189,0.7383952033733268,0.5499157336878286,0.5486083057653914,0.650824812450447,0.6172300800538866,-0.0013074279224372098,0.0008860649207788179,-0.23775059383541827,0.15268723918731106,0.001770759841590817,0.001720757087479437,-5.000275411138006e-5,0.00010933081883118292,-2.82380212928584,7.613988998129413,0.0015280570727967328,0.0015346090331045256,6.5519603077927435e-6,1.982927813457649e-5,0.4287771984721089,1.8862677387519349,7.033109557803679
757.9999999999884,3.5176184037612797,3.5408372014737006,0.02321879771242097,0.026529595472571273,0.660071532705021,0.7383952033733268,0.5508175275296079,0.5495223029360038,0.6512310829974326,0.6178425416410084,-0.001295224593604094,0.0008860649207788179,-0.23514585663479498,0.15268723918731106,0.0016467618448916086,0.0015977505389851245,-4.901130590648402e-5,0.00010933081883118292,-2.9762230682306092,7.613988998129413,0.0015087388776990204,0.0015105407029083497,1.8018252093293143e-6,1.982927813457649e-5,0.11942591497856013,1.8862677387519349,7.470504876903197
758.9999999999884,3.514601946719613,3.5386990267816802,0.024097080062067455,0.026529595472571273,0.685627573972031,0.7383952033733268,0.5510185892927559,0.5497259757801436,0.6511863415761241,0.6178952894123334,-0.0012926135126123395,0.0008860649207788179,-0.2345861896005063,0.15268723918731106,0.0015893508584931566,0.0015414257647264906,-4.792509376666597e-5,0.00010933081883118292,-3.015387918316736,7.613988998129413,0.0014928295022781563,0.0014894508512178488,-3.378651060307507e-6,1.982927813457649e-5,-0.2263253141200293,1.8862677387519349,7.7535163745022455
759.9999999999883,3.4190400105759533,3.4570469852469943,0.03800697467104097,0.026529595472571273,1.1116270810951556,0.7383952033733268,0.5508484690530878,0.5495561839234928,0.6508979414014219,0.617609900871988,-0.0012922851295950055,0.0008860649207788179,-0.2345990235420736,0.15268723918731106,0.001565659696329755,0.0015162266000229758,-4.943309630677916e-5,0.00010933081883118292,-3.1573333862180286,7.613988998129413,0.0014815044754100224,0.0014742241866469133,-7.280288763109044e-6,1.982927813457649e-5,-0.49141186435458767,1.8862677387519349,14.630020568362516
760.9999999999883,3.5135280633254773,3.5355483678357507,0.02202030451027337,0.026529595472571273,0.6267291484056523,0.7383952033733268,0.5490300558247779,0.5477166832761855,0.6496001649920178,0.6161781278586193,-0.0013133725485924286,0.0008860649207788179,-0.2392168761361198,0.15268723918731106,0.0016898636227382958,0.0016467671577384193,-4.309646499987656e-5,0.00010933081883118292,-2.5502924863275065,7.613988998129413,0.0015040456676690922,0.0015028889381028326,-1.1567295662596056e-6,1.982927813457649e-5,-0.07690787528095855,1.8862677387519349,7.656866160208278
761.9999999999882,3.511365606277539,3.5330267896695404,0.021661183392001515,0.026529595472571273,0.6168877246298747,0.7383952033733268,0.5478969511973035,0.5465713866350912,0.6487435792729515,0.6152962429522096,-0.0013255645622123335,0.0008860649207788179,-0.24193683854520734,0.15268723918731106,0.0017491947564285436,0.0017122754618705393,-3.691929455800435e-5,0.00010933081883118292,-2.1106451652865186,7.613988998129413,0.0015229760940234857,0.001527707655208831,4.731561185345378e-6,1.982927813457649e-5,0.31067862482629444,1.8862677387519349,7.603818818212749
762.9999999999882,3.511070011881841,3.534582816533223,0.02351280465138217,0.026529595472571273,0.6696763257870761,0.7383952033733268,0.5485652287307506,0.5472495175253305,0.6489905323070361,0.6157211797656686,-0.001315711205420178,0.0008860649207788179,-0.23984589917673427,0.15268723918731106,0.0016451462125937177,0.0016092439880399042,-3.590222455381346e-5,0.00010933081883118292,-2.1823120813809274,7.613988998129413,0.0015079433848918871,0.0015090470055892512,1.1036206973640775e-6,1.982927813457649e-5,0.07318714405469555,1.8862677387519349,7.720688359239853
763.9999999999882,3.513434197320174,3.5369790001089743,0.023544802788800112,0.026529595472571273,0.6701364382107569,0.7383952033733268,0.5486346437028334,0.5473205235836457,0.648853820676198,0.6156760320246858,-0.001314120119187745,0.0008860649207788179,-0.23952554478122506,0.15268723918731106,0.0015979926445257354,0.0015634495452141097,-3.454309931162571e-5,0.00010933081883118292,-2.161655714121117,7.613988998129413,0.0014958794690711021,0.0014928721924087575,-3.0072766623446927e-6,1.982927813457649e-5,-0.20103736460880262,1.8862677387519349,7.649419555745492
764.9999999999881,3.406741483055436,3.446132055857174,0.03939057280173808,0.026529595472571273,1.1562536516979705,0.7383952033733268,0.5485222545648072,0.5472091691309073,0.6486150179617597,0.6154630305735349,-0.001313085433899852,0.0008860649207788179,-0.23938599080936881,0.15268723918731106,0.0015701667670280322,0.00153453806531296,-3.562870171507234e-5,0.00010933081883118292,-2.2691030318078473,7.613988998129413,0.0014849507153497435,0.0014783256663287042,-6.625049021039301e-6,1.982927813457649e-5,-0.4461460540445569,1.8862677387519349,15.410215352065345
765.9999999999881,3.5210840431964123,3.5413357091544593,0.02025166595804695,0.026529595472571273,0.5751542908263743,0.7383952033733268,0.5465916797597145,0.5452539723460831,0.6472804814819745,0.6140363896949022,-0.0013377074136313727,0.0008860649207788179,-0.24473614640812652,0.15268723918731106,0.0017076664540820413,0.0016823844793339858,-2.5281974748055536e-5,0.00010933081883118292,-1.4804984127679606,7.613988998129413,0.0015106654235728344,0.0015113469766888663,6.815531160319147e-7,1.982927813457649e-5,0.045116086288649646,1.8862677387519349,7.016266742756022
766.999999999988,3.5093587009595906,3.5306883649952554,0.02132966403566483,0.026529595472571273,0.6077937837996583,0.7383952033733268,0.5455065083593303,0.5441557339644446,0.6464934094879685,0.6132609833958355,-0.0013507743948857343,0.0008860649207788179,-0.24761838294988153,0.15268723918731106,0.0017662749891056949,0.0017490317996489298,-1.7243189456765066e-5,0.00010933081883118292,-0.9762460298153055,7.613988998129413,0.0015298986939953066,0.0015369003558441867,7.001661848880141e-6,1.982927813457649e-5,0.45765526020519764,1.8862677387519349,7.529740135587767
767.999999999988,3.512670576748375,3.5356848886807133,0.023014311932338494,0.026529595472571273,0.6551799102562725,0.7383952033733268,0.5463822289590062,0.5450447489023379,0.6468753248099596,0.6138303712662467,-0.0013374800566683387,0.0008860649207788179,-0.24478835250856718,0.15268723918731106,0.0016435794756760578,0.0016249885939171,-1.859088175895792e-5,0.00010933081883118292,-1.1311215571921696,7.613988998129413,0.0015110176666826563,0.001513240551385766,2.2228847031096743e-6,1.982927813457649e-5,0.14711176130652906,1.8862677387519349,7.461885779116387
768.999999999988,3.517688264198245,3.540371047507893,0.022682783309647903,0.026529595472571273,0.6448207346996901,0.7383952033733268,0.5464813591827928,0.5451464886632892,0.6467503255368523,0.6137952791443209,-0.0013348705195036503,0.0008860649207788179,-0.24426643234452006,0.15268723918731106,0.0015929419657826121,0.0015745444132755743,-1.839755250703781e-5,0.00010933081883118292,-1.1549417933753219,7.613988998129413,0.0014973276956778562,0.0014946819835257108,-2.6457121521453186e-6,1.982927813457649e-5,-0.17669559975297036,1.8862677387519349,7.246318293300072
769.9999999999878,3.4195166575715596,3.4567305862083026,0.037213928636743,0.026529595472571273,1.0882803730270827,0.7383952033733268,0.5464763333477839,0.5451442260763789,0.6465908582592963,0.6136661275004106,-0.0013321072714049809,0.0008860649207788179,-0.24376303054961618,0.15268723918731106,0.001557224076144976,0.0015365514170926288,-2.067265905234721e-5,0.00010933081883118292,-1.3275327147216933,7.613988998129413,0.0014833363863329659,0.0014762379041809428,-7.098482152023038e-6,1.982927813457649e-5,-0.4785483736141315,1.8862677387519349,14.190644632603346
770.9999999999878,3.518785716929743,3.539612363947937,0.020826647018194144,0.026529595472571273,0.5918702840582769,0.7383952033733268,0.5448427624270538,0.543492248607508,0.6454033212036152,0.6124004743326311,-0.0013505138195457622,0.0008860649207788179,-0.24787221427513698,0.15268723918731106,0.0016634803606205798,0.0016494418857306928,-1.4038474889887034e-5,0.00010933081883118292,-0.8439218894444792,7.613988998129413,0.0015015350959870014,0.00149926417348662,-2.2709225003813855e-6,1.982927813457649e-5,-0.15124005469140528,1.8862677387519349,7.081123698111467
771.9999999999878,3.510026854515979,3.531519657311657,0.02149280279567778,0.026529595472571273,0.6123258791603052,0.7383952033733268,0.5438411827656667,0.5424806134042345,0.644632686121218,0.6116307894727632,-0.0013605693614322512,0.0008860649207788179,-0.25017769976763615,0.15268723918731106,0.0017116312072681236,0.0017029831202514422,-8.648087016681393e-6,0.00010933081883118292,-0.5052541096445835,7.613988998129413,0.0015162596796818475,0.001518698123283538,2.438443601690543e-6,1.982927813457649e-5,0.16081965605008997,1.8862677387519349,7.451895930425087
772.9999999999877,3.510122736659246,3.533345630640254,0.023222893981007964,0.026529595472571273,0.6615977765811778,0.7383952033733268,0.5445404393437389,0.5431907784261727,0.644925876664028,0.6120824789841283,-0.0013496609175661645,0.0008860649207788179,-0.24785320245319684,0.15268723918731106,0.001609431565156087,0.0015997484893801098,-9.683075775977204e-6,0.00010933081883118292,-0.6016456981218778,7.613988998129413,0.0014988142150205138,0.0014974280087334923,-1.3862062870214579e-6,1.982927813457649e-5,-0.09248686549203067,1.8862677387519349,7.561503550669624
773.9999999999877,3.5187419778736957,3.5410426976769074,0.022300719803211688,0.026529595472571273,0.6337696808530292,0.7383952033733268,0.5445620329946732,0.5432143903906742,0.6447612207109048,0.6119963875580458,-0.0013476426039989997,0.0008860649207788179,-0.24747274366301295,0.15268723918731106,0.0015676233269344521,0.0015581381965849871,-9.485130349464995e-6,0.00010933081883118292,-0.6050643790822846,7.613988998129413,0.0014863769666631267,0.0014812533682941956,-5.123598368931117e-6,1.982927813457649e-5,-0.34470383246273295,1.8862677387519349,7.11999189210435
774.9999999999876,3.4057748722698435,3.4448426598725277,0.039067787602684145,0.026529595472571273,1.1471042293716458,0.7383952033733268,0.5445261932658164,0.5431809385975839,0.6445882669669101,0.6118549861174012,-0.0013452546682325428,0.0008860649207788179,-0.24705049727072395,0.15268723918731106,0.0015357227318361908,0.0015243457141586002,-1.1377017677590643e-5,0.00010933081883118292,-0.7408249836861946,7.613988998129413,0.0014733332281956157,0.0014646837284449008,-8.649499750714882e-6,1.982927813457649e-5,-0.587070160720388,1.8862677387519349,15.235098910771239
775.9999999999876,3.5069982175296097,3.528778390464301,0.021780172934691144,0.026529595472571273,0.6210488738153245,0.7383952033733268,0.5426546057342374,0.541285924097424,0.643286764129471,0.6104944809257395,-0.0013686816368133625,0.0008860649207788179,-0.2522196664969739,0.15268723918731106,0.001666833839270971,0.0016662933731329565,-5.404661380145181e-7,0.00010933081883118292,-0.03242471596634393,7.613988998129413,0.0014968596403389326,0.0014954423768716663,-1.4172634672663179e-6,1.982927813457649e-5,-0.0946824557942793,1.8862677387519349,7.670626547216283
776.9999999999876,3.5097071783888567,3.530305731199853,0.020598552810996207,0.026529595472571273,0.5869023187413613,0.7383952033733268,0.5413524823836349,0.5399690456292268,0.6423249805677946,0.6095406475870638,-0.0013834367544081072,0.0008860649207788179,-0.25555193694073075,0.15268723918731106,0.00173977677616876,0.0017478064932609906,8.02971709223054e-6,0.00010933081883118292,0.46153720421036637,7.613988998129413,0.0015194717065691113,0.0015252844582877671,5.81275171865586e-6,1.982927813457649e-5,0.3825508361574401,1.8862677387519349,7.300292034872159
777.9999999999875,3.5061607942992388,3.529265596562175,0.023104802262936097,0.026529595472571273,0.658977257988362,0.7383952033733268,0.5421284820079064,0.5407578285416222,0.6426465890648437,0.6100288226958888,-0.0013706534662841774,0.0008860649207788179,-0.2528281600715064,0.15268723918731106,0.001626503753599373,0.0016322850699045269,5.781316305153786e-6,0.00010933081883118292,0.3554443875312317,7.613988998129413,0.0015034814264328737,0.0015054313735866664,1.949947153792684e-6,1.982927813457649e-5,0.12969546011746116,1.8862677387519349,7.6188473658672295
778.9999999999875,3.514132022869526,3.5365760271190387,0.022444004249512872,0.026529595472571273,0.6386784589608511,0.7383952033733268,0.5422713021741511,0.5409042099738562,0.6425647594113065,0.6100477429127354,-0.0013670922002948505,0.0008860649207788179,-0.2521048402918816,0.15268723918731106,0.0015735420556367218,0.0015791675468259734,5.6254911892515864e-6,0.00010933081883118292,0.35750497859908004,7.613988998129413,0.0014901837132454462,0.0014875942923885126,-2.589420856933611e-6,1.982927813457649e-5,-0.17376520988101224,1.8862677387519349,7.224344821035518
779.9999999999874,3.405381062854354,3.444069386485571,0.03868832363121699,0.026529595472571273,1.1360938149690905,0.7383952033733268,0.5422306659615836,0.54086626893156,0.6423820307695775,0.6099019578756624,-0.0013643970300236674,0.0008860649207788179,-0.2516266813504667,0.15268723918731106,0.0015407994493240316,0.0015441574633808517,3.3580140568201244e-6,0.00010933081883118292,0.21793972332306635,7.613988998129413,0.0014775661734327237,0.0014708091134417519,-6.757059990971856e-6,1.982927813457649e-5,-0.4573101436989223,1.8862677387519349,15.031147947152293
780.9999999999874,3.509067080495042,3.530224147030079,0.021157066535036684,0.026529595472571273,0.6029256793817674,0.7383952033733268,0.5404177000972874,0.5390309297670131,0.6411087075781747,0.6085930947646165,-0.001386770330274345,0.0008860649207788179,-0.25661082714809214,0.15268723918731106,0.001664326783954111,0.0016786317513705375,1.4304967416426404e-5,0.00010933081883118292,0.8595047291398287,7.613988998129413,0.0015002055477325367,0.001499729062061338,-4.7648567119869256e-7,1.982927813457649e-5,-0.031761359096349806,1.8862677387519349,7.382920993626404
781.9999999999874,3.510553846982351,3.530850395727565,0.020296548745213805,0.026529595472571273,0.5781580237733879,0.7383952033733268,0.539234388662561,0.5378343975956121,0.6402303469962906,0.6077427821217547,-0.0013999910669488802,0.0008860649207788179,-0.2596257019922664,0.15268723918731106,0.0017270926298993585,0.0017496035593741422,2.2510929474783706e-5,0.00010933081883118292,1.3034002395167112,7.613988998129413,0.0015202707369964311,0.001525982725415938,5.711988419506873e-6,1.982927813457649e-5,0.3757217895801859,1.8862677387519349,7.111297056056772
782.9999999999873,3.5086376799754784,3.531241164360796,0.022603484385317785,0.026529595472571273,0.644223953767599,0.7383952033733268,0.5400759287259292,0.5386897638473171,0.6406132828936314,0.6082832431834357,-0.001386164878612095,0.0008860649207788179,-0.25666111094455535,0.15268723918731106,0.001611159013495833,0.0016300349655524679,1.887595205663493e-5,0.00010933081883118292,1.1715759834082788,7.613988998129413,0.0015020810144713058,0.0015034143382784855,1.3333238071797007e-6,1.982927813457649e-5,0.0887651061649958,1.8862677387519349,7.345603187919767
783.9999999999873,3.507718911522912,3.5308904369282677,0.02317152540535572,0.026529595472571273,0.6605867228767075,0.7383952033733268,0.5402664417687094,0.5388847960262033,0.6405733944301453,0.6083384189694189,-0.001381645742506099,0.0008860649207788179,-0.2557341407293233,0.15268723918731106,0.0015559082374668573,0.0015735976379283876,1.7689400461530242e-5,0.00010933081883118292,1.1369179772664484,7.613988998129413,0.0014868319877868411,0.001483328452709436,-3.5035350774050966e-6,1.982927813457649e-5,-0.23563759094395934,1.8862677387519349,7.495795951794994
784.9999999999873,3.4044877677494187,3.443053041415215,0.03856527366579643,0.026529595472571273,1.132777565868316,0.7383952033733268,0.540163793777105,0.5387846490165453,0.6403442820381015,0.608137348134091,-0.0013791447605596696,0.0008860649207788179,-0.25531973383776335,0.15268723918731106,0.0015281478965511906,0.0015431493562014476,1.500145965025704e-5,0.00010933081883118292,0.9816759021893868,7.613988998129413,0.0014745217339619655,0.0014670652044005029,-7.456529561462692e-6,1.982927813457649e-5,-0.5056913974016085,1.8862677387519349,14.953998767600691
785.9999999999872,3.4983632601353074,3.5206801996181634,0.022316939482855958,0.026529595472571273,0.6379251616652525,0.7383952033733268,0.5382857560181646,0.5368840495211677,0.6390169947909056,0.6067815959820175,-0.0014017064969968906,0.0008860649207788179,-0.26040192989048544,0.15268723918731106,0.0016548920967617512,0.0016811974991387374,2.6305402376986236e-5,0.00010933081883118292,1.589553930945706,7.613988998129413,0.0014981879485596434,0.0014973775489277523,-8.103996318911243e-7,1.982927813457649e-5,-0.054091987101500975,1.8862677387519349,7.9045709173010845
786.9999999999872,3.4985189128814773,3.5200744624509617,0.021555549569484356,0.026529595472571273,0.6161335726989283,0.7383952033733268,0.5370106044265345,0.5355949016274012,0.6380683566816275,0.6058672984804515,-0.0014157027991332782,0.0008860649207788179,-0.2636266001944386,0.15268723918731106,0.0017231745560405249,0.0017583582584215797,3.518370238105484e-5,0.00010933081883118292,2.0417956067027374,7.613988998129413,0.0015203349765658182,0.0015262823474278117,5.947370861993529e-6,1.982927813457649e-5,0.39118818902842345,1.8862677387519349,7.686467182090546
787.999999999987,3.50460648203208,3.527108974388088,0.022502492356008208,0.026529595472571273,0.6420832829984542,0.7383952033733268,0.5376474923165512,0.5362435102194074,0.6383001201989444,0.6062457080663198,-0.0014039820971437633,0.0008860649207788179,-0.26113431518009195,0.15268723918731106,0.0016220075920443332,0.0016542343939581552,3.222680191382202e-5,0.00010933081883118292,1.986846551883537,7.613988998129413,0.0015071268428146665,0.001509739843315506,2.6130005008394384e-6,1.982927813457649e-5,0.17337628304459593,1.8862677387519349,7.4060294609345
788.999999999987,3.500176181580605,3.5237743711100875,0.02359818952948256,0.026529595472571273,0.6742000489479967,0.7383952033733268,0.5378127322564811,0.5364131254265215,0.6382459850875813,0.6062941886177716,-0.0013996068299595432,0.0008860649207788179,-0.2602405532660531,0.15268723918731106,0.0015680031115445471,0.0015993227732420407,3.1319661697493595e-5,0.00010933081883118292,1.9974234404830007,7.613988998129413,0.0014942444199884347,0.001492462877845699,-1.7815421427356138e-6,1.982927813457649e-5,-0.11922695637367031,1.8862677387519349,7.753054879479912
789.999999999987,3.4066287525151706,3.44434449697419,0.03771574445901926,0.026529595472571273,1.1071281081383788,0.7383952033733268,0.537739980673478,0.536343283020436,0.638043989145618,0.6061342120481577,-0.0013966976530419561,0.0008860649207788179,-0.2597347608955354,0.15268723918731106,0.0015376158430074702,0.0015663672004859683,2.8751357478498012e-5,0.00010933081883118292,1.869866105324614,7.613988998129413,0.001482696282649221,0.0014769502976084842,-5.745985040736838e-6,1.982927813457649e-5,-0.38753621412405154,1.8862677387519349,14.499124209423785
790.9999999999869,3.4968626780977248,3.5190784060782763,0.022215727980551492,0.026529595472571273,0.6353045579884404,0.7383952033733268,0.5359807100023483,0.5345634585290817,0.636782888565959,0.6048715020239107,-0.0014172514732665453,0.0008860649207788179,-0.26442210453065296,0.15268723918731106,0.001651056187874923,0.0016907777951457978,3.97216072708748e-5,0.00010933081883118292,2.40583013240758,7.613988998129413,0.0015047639490025167,0.0015046606094541897,-1.0333954832695072e-7,1.982927813457649e-5,-0.00686749229973597,1.8862677387519349,7.8059200175145005
791.9999999999869,3.4945579145810624,3.516529332930697,0.021971418349634675,0.026529595472571273,0.6287324144195411,0.7383952033733268,0.5348448452255036,0.5334155458410464,0.6359283120205568,0.6040673965218283,-0.0014292993844571278,0.0008860649207788179,-0.2672362643514869,0.15268723918731106,0.0017070526176697052,0.0017548680686329445,4.781545096323929e-5,0.00010933081883118292,2.8010531408523356,7.613988998129413,0.0015239204846070795,0.0015293832969959246,5.462812388845129e-6,1.982927813457649e-5,0.3584709598712189,1.8862677387519349,7.763502391158866
792.9999999999869,3.5000333974988793,3.522909089662209,0.02287569216332974,0.026529595472571273,0.6535849680656388,0.7383952033733268,0.5354441207219163,0.5340261014612092,0.6361513263014086,0.6044243102707079,-0.0014180192607070596,0.0008860649207788179,-0.264830484793671,0.15268723918731106,0.0016116430192213334,0.0016559675253607284,4.4324506139395035e-5,0.00010933081883118292,2.750268242455482,7.613988998129413,0.0015104570728389768,0.0015125092946965276,2.052221857550777e-6,1.982927813457649e-5,0.1358676055383373,1.8862677387519349,7.519935925573524
793.9999999999868,3.5022345350088453,3.5252217124049294,0.022987177396084135,0.026529595472571273,0.6563574531146035,0.7383952033733268,0.5355558305192576,0.5341419393448368,0.6360667836099682,0.6044334259127659,-0.0014138911744208116,0.0008860649207788179,-0.26400444059211314,0.15268723918731106,0.0015627235973625835,0.00160577204957502,4.304845221243651e-5,0.00010933081883118292,2.754706736692887,7.613988998129413,0.0014982041060413722,0.0014961192183965322,-2.0848876448400794e-6,1.982927813457649e-5,-0.13915911967087521,1.8862677387519349,7.460959576976572
794.9999999999868,3.3999771350890593,3.4384917190859676,0.038514583996908325,0.026529595472571273,1.1327895002417265,0.7383952033733268,0.5355391684965864,0.534128933386594,0.635914996357711,0.6043259319454388,-0.001410235109992497,0.0008860649207788179,-0.26332996593908065,0.15268723918731106,0.0015290687290250764,0.0015690999437899542,4.003121476487781e-5,0.00010933081883118292,2.618012781570743,7.613988998129413,0.0014855238093819704,0.0014794613091314497,-6.062500250520733e-6,1.982927813457649e-5,-0.4081052226987156,1.8862677387519349,14.832469353060285
795.9999999999867,3.497246142150953,3.519107715798204,0.021861573647250943,0.026529595472571273,0.6251082354130544,0.7383952033733268,0.5337600340147122,0.532328281942105,0.6346648558540001,0.6030927666044817,-0.0014317520726071509,0.0008860649207788179,-0.2682389053819056,0.15268723918731106,0.001645623813392646,0.0016980614993362946,5.243768594364868e-5,0.00010933081883118292,3.186492898127322,7.613988998129413,0.001507750700750263,0.0015077437370830508,-6.9636672120950566e-9,1.982927813457649e-5,-0.0004618579987149008,1.8862677387519349,7.622028431220965
796.9999999999867,3.4953368824975497,3.516878039864344,0.021541157366794295,0.026529595472571273,0.6162827244108822,0.7383952033733268,0.5325924255411454,0.5311478985694761,0.6338034807961932,0.6022894508861292,-0.001444526971669302,0.0008860649207788179,-0.27122559435605514,0.15268723918731106,0.0017047421895342028,0.001765949307786633,6.120711825243017e-5,0.00010933081883118292,3.590403207487589,7.613988998129413,0.001527501246656402,0.0015334649009029933,5.963654246591253e-6,1.982927813457649e-5,0.3904189446421267,1.8862677387519349,7.552675081015633
797.9999999999867,3.4964117806301176,3.519622313396148,0.023210532766030578,0.026529595472571273,0.6638386500873651,0.7383952033733268,0.533296176203159,0.5318645788221985,0.6341006380693641,0.602711791265838,-0.0014315973809604365,0.0008860649207788179,-0.26844321126635456,0.15268723918731106,0.0016012844103579392,0.0016573440138658738,5.605960350793461e-5,0.00010933081883118292,3.500914837196439,7.613988998129413,0.0015119793979522865,0.0015141320789342021,2.152680981915662e-6,1.982927813457649e-5,0.1423750207728422,1.8862677387519349,7.591059074609451
798.9999999999866,3.49850903165449,3.5218086356094154,0.023299603954925363,0.026529595472571273,0.6659866744407597,0.7383952033733268,0.5334089839004289,0.5319818809776554,0.6340163013715134,0.6027147331163424,-0.0014271029227734822,0.0008860649207788179,-0.2675438483128133,0.15268723918731106,0.0015521662115130157,0.001606281533400555,5.411532188753939e-5,0.00010933081883118292,3.486438596984341,7.613988998129413,0.001499122412881695,0.001496966179351453,-2.156233530242139e-6,1.982927813457649e-5,-0.14383305270563657,1.8862677387519349,7.5422301328748365
799.9999999999866,3.399367212776646,3.4376873609147585,0.038320148138112575,0.026529595472571273,1.12727298169156,0.7383952033733268,0.533336645989543,0.531912951575495,0.6338233345236517,0.6025594937006364,-0.0014236944140479935,0.0008860649207788179,-0.2669410446016694,0.15268723918731106,0.0015224856947541803,0.0015733267956421664,5.0841100887986154e-5,0.00010933081883118292,3.33934834745327,7.613988998129413,0.0014871751528468527,0.0014811490369060513,-6.026115940801352e-6,1.982927813457649e-5,-0.40520552870088955,1.8862677387519349,14.681411989471627
800.9999999999865,3.499837275292151,3.5211332776336235,0.02129600234147233,0.026529595472571273,0.6084854999349829,0.7383952033733268,0.531582602200045,0.5301381896201881,0.6325875833456647,0.601349326212853,-0.0014444125798569463,0.0008860649207788179,-0.27171931020296736,0.15268723918731106,0.0016350162531496488,0.0016981113070646068,6.309505391495799e-5,0.00010933081883118292,3.85898634300506,7.613988998129413,0.0015089708635370562,0.0015088386214428126,-1.322420942436505e-7,1.982927813457649e-5,-0.008763727480706456,1.8862677387519349,7.32081103685259
801.9999999999865,3.4942675732518347,3.5158695499287367,0.021601976676902,0.026529595472571273,0.6182118634034306,0.7383952033733268,0.530512199017064,0.5290562908220363,0.6318005512080782,0.6006261080848435,-0.001455908195027722,0.0008860649207788179,-0.2744344423606539,0.15268723918731106,0.0016863510783715029,0.0017576065420971522,7.125546372564935e-5,0.00010933081883118292,4.22542284578489,7.613988998129413,0.0015266466423209597,0.0015320243408980655,5.37769857710587e-6,1.982927813457649e-5,0.35225561882022416,1.8862677387519349,7.487840577286701
802.9999999999865,3.505246312429647,3.5271496820193198,0.02190336958967265,0.026529595472571273,0.6248739072059795,0.7383952033733268,0.5312518431837714,0.5298092217144957,0.63213414925948,0.6010736466820893,-0.0014426214692756512,0.0008860649207788179,-0.2715513344160987,0.15268723918731106,0.0015822415640162418,0.0016475242312881855,6.52826672719437e-5,0.00010933081883118292,4.1259608366143,7.613988998129413,0.0015097313002314084,0.001511097672699377,1.366372467968618e-6,1.982927813457649e-5,0.09050434787694893,1.8862677387519349,6.950258755135176
803.9999999999864,3.4925644127366895,3.5166930077606673,0.024128595023977795,0.026529595472571273,0.6908561209633126,0.7383952033733268,0.5314719262032915,0.5300349514571113,0.6321395654663156,0.6011594579679336,-0.0014369747461802085,0.0008860649207788179,-0.2703764160123401,0.15268723918731106,0.0015270713709510187,0.001589366693188194,6.229532223717528e-5,0.00010933081883118292,4.079398214268102,7.613988998129413,0.0014940220907693463,0.0014906918650953581,-3.3302256739881336e-6,1.982927813457649e-5,-0.22290337569729207,1.8862677387519349,7.805403641547842
804.9999999999864,3.3953726639909334,3.4342406085729698,0.03886794458203635,0.026529595472571273,1.1447328004446744,0.7383952033733268,0.5313979422623604,0.5299645002759806,0.6319496704369453,0.6009992092254656,-0.0014334419863797354,0.0008860649207788179,-0.2697492542551134,0.15268723918731106,0.0014985736378889424,0.001557140384620604,5.856674673166166e-5,0.00010933081883118292,3.9081660887992995,7.613988998129413,0.001480994833234158,0.0014737753810998297,-7.219452134328173e-6,1.982927813457649e-5,-0.48747314793546725,1.8862677387519349,14.898254119026824
805.9999999999864,3.5075645737071226,3.5275280127532325,0.019963439046109865,0.026529595472571273,0.569153856660453,0.7383952033733268,0.5294688098014705,0.528012804399118,0.6305967862672989,0.5996699442039161,-0.0014560054023524671,0.0008860649207788179,-0.2749936115969533,0.15268723918731106,0.0016240125806843788,0.0016960002331240132,7.198765243963436e-5,0.00010933081883118292,4.432702880250957,7.613988998129413,0.001505581089560551,0.0015051951202289286,-3.859693316224464e-7,1.982927813457649e-5,-0.025635904588513603,1.8862677387519349,6.758021268642909
806.9999999999862,3.493509855725568,3.515099236935793,0.0215893812102248,0.026529595472571273,0.6179854101410828,0.7383952033733268,0.5284912721436774,0.5270244879966285,0.6298984849384366,0.599038392994003,-0.0014667841470489273,0.0008860649207788179,-0.27754179195794976,0.15268723918731106,0.0016698474703867048,0.0017497769535012493,7.992948311454453e-5,0.00010933081883118292,4.7866337813497655,7.613988998129413,0.0015219213044748267,0.001527213602622332,5.292298147505222e-6,1.982927813457649e-5,0.3477379633194273,1.8862677387519349,7.4313666728375845
807.9999999999862,3.499268898593451,3.5219654669111256,0.022696568317674526,0.026529595472571273,0.6486088658918875,0.7383952033733268,0.5293350156929364,0.5278826618134989,0.6303092675224194,0.5995560763594981,-0.0014523538794375401,0.0008860649207788179,-0.2743732865539431,0.15268723918731106,0.0015587841544210579,0.001631650098426412,7.286594400535422e-5,0.00010933081883118292,4.674537125534041,7.613988998129413,0.0015027608379318145,0.0015036714577038625,9.106197720479357e-7,1.982927813457649e-5,0.06059645347833144,1.8862677387519349,7.218007080859317
808.9999999999861,3.4890459189080385,3.51345461845019,0.024408699542151524,0.026529595472571273,0.6995809200983711,0.7383952033733268,0.5294354297302128,0.5279877572894272,0.6302187671481324,0.5995351556952602,-0.0014476724407856967,0.0008860649207788179,-0.27343701601598414,0.15268723918731106,0.0015116691752603579,0.001581623829849259,6.99546545889012e-5,0.00010933081883118292,4.627643120185524,7.613988998129413,0.0014888063115041153,0.001485308867742576,-3.4974437615393258e-6,1.982927813457649e-5,-0.234915968216572,1.8862677387519349,7.92112837716199
809.9999999999861,3.392027665392792,3.4311188676421396,0.03909120224934748,0.026529595472571273,1.1524434970910171,0.7383952033733268,0.5292675161460197,0.5278226336406673,0.6299585163817182,0.5992985852725724,-0.0014448825053524628,0.0008860649207788179,-0.27299663426799725,0.15268723918731106,0.0014895204217349623,0.001555960643178296,6.64402214433338e-5,0.00010933081883118292,4.460510945257509,7.613988998129413,0.0014779849846488413,0.0014710543408337769,-6.930643815064455e-6,1.982927813457649e-5,-0.4689251844267638,1.8862677387519349,15.02371775431193
810.9999999999861,3.4976812396443124,3.5187074372223073,0.021026197577994843,0.026529595472571273,0.6011467637380543,0.7383952033733268,0.5273133162077855,0.5258451630089044,0.6286008443429656,0.5979767256288211,-0.0014681531988811614,0.0008860649207788179,-0.27842141545741694,0.15268723918731106,0.0016159584448184197,0.0016969887970646458,8.103035224622606e-5,0.00010933081883118292,5.0143834147499495,7.613988998129413,0.001503911236282979,0.0015042743175215124,3.630812385334477e-7,1.982927813457649e-5,0.024142464646439384,1.8862677387519349,7.212766368165528
811.999999999986,3.493173537349336,3.5144232035281298,0.021249666178793536,0.026529595472571273,0.6083197972156301,0.7383952033733268,0.526235071494346,0.5247547818186781,0.6278319437018387,0.5972802586111408,-0.001480289675667934,0.0008860649207788179,-0.2812981794361151,0.15268723918731106,0.0016676818483775837,0.0017577794838472007,9.009763546961695e-5,0.00010933081883118292,5.40256737562198,7.613988998129413,0.0015230446436430816,0.0015296932355673282,6.6485919242465375e-6,1.982927813457649e-5,0.43653296388891694,1.8862677387519349,7.307442666603884
812.999999999986,3.4928424595902317,3.516072920686718,0.023230461096486188,0.026529595472571273,0.6650875716625223,0.7383952033733268,0.5270674438505194,0.5256016611634114,0.6282330818917853,0.5977816074115483,-0.0014657826871079527,0.0008860649207788179,-0.2781015416925771,0.15268723918731106,0.001557083491875878,0.001639595014815087,8.251152293920904e-5,0.00010933081883118292,5.299107168608168,7.613988998129413,0.0015052275690950474,0.0015076056315433289,2.3780624482815007e-6,1.982927813457649e-5,0.1579869049110765,1.8862677387519349,7.447922280454425
813.9999999999859,3.496752111026576,3.519801258950078,0.02304914792350221,0.026529595472571273,0.6591587619499698,0.7383952033733268,0.5271972243732914,0.5257365122653563,0.628169292806218,0.5977875517576234,-0.0014607121079350804,0.0008860649207788179,-0.27707128194225794,0.15268723918731106,0.001507737446135428,0.0015869828536812197,7.924540754579174e-5,0.00010933081883118292,5.2559155938529205,7.613988998129413,0.001491527657001694,0.0014893416647721132,-2.1859922295808677e-6,1.982927813457649e-5,-0.146560623218694,1.8862677387519349,7.2970937547876105
814.9999999999859,3.3846117140245005,3.4247370220003357,0.040125307975835245,0.026529595472571273,1.1855217486121596,0.7383952033733268,0.527147915303339,0.525691153866884,0.6280023229198624,0.5976475282678911,-0.0014567614364550119,0.0008860649207788179,-0.2763477563250423,0.15268723918731106,0.0014774318586530243,0.0015524721061558468,7.504024750282245e-5,0.00010933081883118292,5.079100404077972,7.613988998129413,0.0014787212425411561,0.0014724799788631423,-6.241263678013814e-6,1.982927813457649e-5,-0.42207168589045985,1.8862677387519349,15.45937604600294
815.9999999999859,3.490332638645997,3.5122084820063617,0.021875843360364744,0.026529595472571273,0.6267552587437921,0.7383952033733268,0.5252120535035129,0.5237310535381686,0.6266920687468535,0.596385857659243,-0.0014809999653442318,0.0008860649207788179,-0.28198133600799513,0.15268723918731106,0.0016045942726241693,0.0016955098041309435,9.091553150677415e-5,0.00010933081883118292,5.6659513908204335,7.613988998129413,0.0015039624661909046,0.0015050114809786624,1.0490147877577523e-6,1.982927813457649e-5,0.06975006433602021,1.8862677387519349,7.522323435521134
816.9999999999858,3.483540513603379,3.505748086703441,0.02220757310006194,0.026529595472571273,0.6375000667665667,0.7383952033733268,0.5239447078343507,0.5224491255162245,0.6257994804624196,0.5955656250231197,-0.0014955823181261874,0.0008860649207788179,-0.28544659307810544,0.15268723918731106,0.0016699423729176315,0.0017714351879043974,0.00010149281498676591,0.00010933081883118292,6.077623793055999,7.613988998129413,0.0015266076379694907,0.0015347675401507794,8.159902181288647e-6,1.982927813457649e-5,0.5345120762098351,1.8862677387519349,7.729726012512684
817.9999999999858,3.4888649144644908,3.5122158719872507,0.023350957522759952,0.026529595472571273,0.669299560035964,0.7383952033733268,0.5246783560057274,0.5231969346748319,0.6261142074143812,0.5959697514492024,-0.0014814213308955715,0.0008860649207788179,-0.28234847386755935,0.15268723918731106,0.0015640742432071397,0.0016575255846366839,9.345134142954418e-5,0.00010933081883118292,5.974866080392826,7.613988998129413,0.001511662112824211,0.001515959088437587,4.296975613376098e-6,1.982927813457649e-5,0.28425503139376407,1.8862677387519349,7.5074600973417125
818.9999999999858,3.4919269839067475,3.515231765038063,0.02330478113131562,0.026529595472571273,0.6673902758769134,0.7383952033733268,0.5247924857976055,0.523316176042447,0.6260389087970601,0.5959647841806355,-0.0014763097551585558,0.0008860649207788179,-0.28131305137015966,0.15268723918731106,0.0015144768528808311,0.0016045511158060707,9.007426292523962e-5,0.00010933081883118292,5.947549660722827,7.613988998129413,0.0014995085406696526,0.0014993550122867317,-1.535283829208825e-7,1.982927813457649e-5,-0.010238580091869273,1.8862677387519349,7.396140125938206
819.9999999999857,3.3920013462120213,3.4305880745294783,0.03858672831745702,0.026529595472571273,1.1375799824062072,0.7383952033733268,0.5247877732513669,0.523315998431647,0.6259078722891512,0.5958630217715808,-0.0014717748197199398,0.0008860649207788179,-0.28045143098541236,0.15268723918731106,0.0014804127462962014,0.001565838798263297,8.542605196709555e-5,0.00010933081883118292,5.770421268043005,7.613988998129413,0.0014866923227517342,0.001482209370520729,-4.4829522310050815e-6,1.982927813457649e-5,-0.3015386682503034,1.8862677387519349,14.578113229866602
820.9999999999857,3.4958346834252136,3.516980184900142,0.02114550147492844,0.026529595472571273,0.604877043390682,0.7383952033733268,0.5230816056563132,0.5215903613157963,0.6247239625802021,0.5947252409905391,-0.0014912443405169507,0.0008860649207788179,-0.28508827769729705,0.15268723918731106,0.0015839379807388425,0.001681834595742626,9.789661500378345e-5,0.00010933081883118292,6.1805838482462985,7.613988998129413,0.0015075602584158068,0.0015084491087069816,8.888502911748135e-7,1.982927813457649e-5,0.05895951994043981,1.8862677387519349,7.041964207304274
821.9999999999856,3.4788644699578555,3.5020052610297334,0.023140791071877942,0.026529595472571273,0.6651823108290931,0.7383952033733268,0.5220715665914346,0.520569884886486,0.6240014594467856,0.5940661898113485,-0.0015016817049485764,0.0008860649207788179,-0.28763905200831785,0.15268723918731106,0.0016285639402422297,0.0017338874953414973,0.0001053235550992676,0.00010933081883118292,6.46726557654236,7.613988998129413,0.0015237592315170676,0.0015296334252901799,5.874193773112253e-6,1.982927813457649e-5,0.38550668974545643,1.8862677387519349,7.909864951318975
822.9999999999856,3.4887444667751124,3.512136192397239,0.023391725622126547,0.026529595472571273,0.6704912281451538,0.7383952033733268,0.5227293104509793,0.5212401629336461,0.6242911896205352,0.5944305774816196,-0.0014891475173332003,0.0008860649207788179,-0.2848792840884422,0.15268723918731106,0.0015339268555030435,0.001631698145964309,9.777129046126547e-5,0.00010933081883118292,6.373921292955124,7.613988998129413,0.0015079830033202862,0.0015100426509624205,2.0596476421343678e-6,1.982927813457649e-5,0.1365829480570685,1.8862677387519349,7.413541612017682
823.9999999999856,3.4844291085819243,3.508664321298578,0.02423521271665363,0.026529595472571273,0.6955289363460965,0.7383952033733268,0.522748939005048,0.5212638906557966,0.6241591624498251,0.5943555670710245,-0.00148504834925145,0.0008860649207788179,-0.2840844310612956,0.15268723918731106,0.0014932729349131047,0.0015878763690699903,9.460343415688553e-5,0.00010933081883118292,6.335307628299754,7.613988998129413,0.001496601131704987,0.0014948368477718116,-1.7642839331753844e-6,1.982927813457649e-5,-0.11788604831304936,1.8862677387519349,7.739406407416103
824.9999999999854,3.386502194752814,3.425729844882694,0.039227650129880054,0.026529595472571273,1.1583530106863946,0.7383952033733268,0.5226663130217246,0.5211849495372901,0.6239787496986711,0.5941984960976808,-0.0014813634844345058,0.0008860649207788179,-0.28342432782212484,0.15268723918731106,0.0014655731025328186,0.0015559696480566404,9.039654552382183e-5,0.00010933081883118292,6.167999765252077,7.613988998129413,0.0014851735450020743,0.0014798864597115192,-5.287085290555087e-6,1.982927813457649e-5,-0.35599107648713896,1.8862677387519349,14.869834929780366
825.9999999999854,3.486668715916936,3.5087282416701497,0.022059525753213904,0.026529595472571273,0.6326820111274213,0.7383952033733268,0.5208295904574575,0.5193266633799225,0.6227257541297684,0.5929974671192404,-0.0015029270775349657,0.0008860649207788179,-0.2885640726009649,0.15268723918731106,0.0015787249072843313,0.0016834842517267476,0.00010475934444241627,0.00010933081883118292,6.635693397820633,7.613988998129413,0.0015091331195171511,0.0015104897443904944,1.3566248733432734e-6,1.982927813457649e-5,0.08989431454379102,1.8862677387519349,7.441679462317234
826.9999999999854,3.4871133773424696,3.5086828075101413,0.021569430167671655,0.026529595472571273,0.618546856199718,0.7383952033733268,0.519725035849451,0.5182100831562916,0.6219513374352957,0.5922914215852481,-0.001514952693159377,0.0008860649207788179,-0.2914911902758932,0.15268723918731106,0.0016295922203044659,0.0017431623169986553,0.00011357009669418945,0.00010933081883118292,6.969234099127604,7.613988998129413,0.0015283747954257351,0.0015357631034893426,7.388308063607492e-6,1.982927813457649e-5,0.4834094415662913,1.8862677387519349,7.242693145782074
827.9999999999853,3.4936796013457796,3.5162175401427427,0.022537938796963086,0.026529595472571273,0.6451060591898977,0.7383952033733268,0.520525385636512,0.5190245138046278,0.6223445423960556,0.5927543637988548,-0.0015008718318841874,0.0008860649207788179,-0.2883378742515857,0.15268723918731106,0.0015249215544875974,0.0016295826335523894,0.00010466107906479207,0.00010933081883118292,6.863374627815539,7.613988998129413,0.0015109547862945435,0.001514174484819364,3.219698524820503e-6,1.982927813457649e-5,0.21309032897777652,1.8862677387519349,6.970020202279884
828.9999999999853,3.482167606702903,3.506809434612357,0.024641827909453795,0.026529595472571273,0.7076577204962847,0.7383952033733268,0.5207969813073577,0.519302598417422,0.6224058927380007,0.5928690495325093,-0.0014943828899357525,0.0008860649207788179,-0.28694154220794443,0.15268723918731106,0.0014681526018081631,0.0015678422661414854,9.968966433332232e-5,0.00010933081883118292,6.790143218800651,7.613988998129413,0.0014944190140465756,0.0014926570874452655,-1.7619266013100838e-6,1.982927813457649e-5,-0.11790044055576844,1.8862677387519349,7.76338528644182
829.9999999999852,3.3828254814549896,3.422595295866486,0.039769814411496185,0.026529595472571273,1.1756389630360347,0.7383952033733268,0.5207095919133663,0.51921890262071,0.6222225190896497,0.5927012469025499,-0.0014906892926562776,0.0008860649207788179,-0.28628035968738075,0.15268723918731106,0.001441493113686975,0.0015365556908267873,9.506257713981221e-5,0.00010933081883118292,6.594729883701363,7.613988998129413,0.0014815560118916602,0.0014757879854352233,-5.76802645643683e-6,1.982927813457649e-5,-0.38932219977779825,1.8862677387519349,15.042295638668715
830.9999999999852,3.4886607136166314,3.510307215343876,0.021646501727244694,0.026529595472571273,0.6204817121583646,0.7383952033733268,0.5187599527572843,0.5172467533556587,0.620900722211337,0.5914241235452758,-0.0015131994016255312,0.0008860649207788179,-0.29169549298912867,0.15268723918731106,0.0015623870895040725,0.0016722358386936365,0.00010984874918956397,0.00010933081883118292,7.030828014869975,7.613988998129413,0.0015067854191621122,0.0015080173703889029,1.2319512267906698e-6,1.982927813457649e-5,0.08176023016440714,1.8862677387519349,7.2100751853471134
831.9999999999852,3.4785053890496433,3.5011641285684982,0.022658739518854887,0.026529595472571273,0.6513929686636318,0.7383952033733268,0.5176601706052921,0.5161349956010873,0.6201437616630575,0.5907300795288286,-0.001525175004204793,0.0008860649207788179,-0.29462861753907565,0.15268723918731106,0.0016132529635036804,0.00173180306747029,0.00011855010396660966,0.00010933081883118292,7.348513013677735,7.613988998129413,0.001525916955232092,0.0015334162982787686,7.499343046676573e-6,1.982927813457649e-5,0.49146469085114286,1.8862677387519349,7.64675356998502
832.9999999999851,3.4881201361124456,3.5112390122188555,0.023118876106409836,0.026529595472571273,0.6627889867398925,0.7383952033733268,0.5184089414776344,0.5168973363998451,0.6204945404957736,0.5911438200735837,-0.0015116050777892465,0.0008860649207788179,-0.2915854563543367,0.15268723918731106,0.001511915856868991,0.0016216210812582605,0.00010970522438926941,0.00010933081883118292,7.256040333914923,7.613988998129413,0.0015095837267589804,0.0015131692076627216,3.585480903741268e-6,1.982927813457649e-5,0.23751454392259255,1.8862677387519349,7.178017050005687
833.9999999999851,3.4830989612118,3.507293312430061,0.02419435121826119,0.026529595472571273,0.6946214129340662,0.7383952033733268,0.5185541032458097,0.517047758030103,0.620460902406183,0.5911590999373223,-0.0015063452157066948,0.0008860649207788179,-0.2904894988349255,0.15268723918731106,0.001463010445771629,0.0015683759042732358,0.00010536545850160675,0.00010933081883118292,7.201962146349154,7.613988998129413,0.001496009167823554,0.0014951687669398034,-8.404008837506732e-7,1.982927813457649e-5,-0.05617618540221365,1.8862677387519349,7.560375631410194
834.999999999985,3.381944880250457,3.4216152242661693,0.039670344015712455,0.026529595472571273,1.1730038608072935,0.7383952033733268,0.5185240890706769,0.5170218913706395,0.6203247128335915,0.5910375943932236,-0.0015021977000374553,0.0008860649207788179,-0.28970644405928453,0.15268723918731106,0.0014323929508947904,0.001532822139725601,0.00010042918883081055,0.00010933081883118292,7.011287563798343,7.613988998129413,0.0014830090739367658,0.0014781224832645947,-4.886590672171067e-6,1.982927813457649e-5,-0.32950510944610895,1.8862677387519349,14.921668717174216
835.999999999985,3.4787263814899916,3.501665221795,0.02293884030500859,0.026529595472571273,0.6594034077260061,0.7383952033733268,0.5166687196952773,0.5151451878364641,0.6190758074331959,0.5898341659257946,-0.0015235318588131541,0.0008860649207788179,-0.29487596224360324,0.15268723918731106,0.0015446447594702239,0.0016592325409691038,0.00011458778149887991,0.00010933081883118292,7.418390590868334,7.613988998129413,0.0015067228459573817,0.0015083521123620373,1.6292664046556674e-6,1.982927813457649e-5,0.10813311877675956,1.8862677387519349,7.679530648890739
836.999999999985,3.477170951266842,3.4998005187562633,0.022629567489421465,0.026529595472571273,0.6508039957361547,0.7383952033733268,0.5154713218126129,0.5139351114335654,0.6182473808723145,0.5890641905501749,-0.001536210379047498,0.0008860649207788179,-0.298020532673969,0.15268723918731106,0.001600411262772489,0.0017240159281064103,0.00012360466533392124,0.00010933081883118292,7.723306390620708,7.613988998129413,0.0015275498590586636,0.001535552424708132,8.002565649468463e-6,1.982927813457649e-5,0.5238824514965397,1.8862677387519349,7.5861938275594545
837.9999999999849,3.48036956675977,3.504292923203031,0.023923356443261046,0.026529595472571273,0.6873797734512928,0.7383952033733268,0.5161549056663437,0.5146314474945856,0.6185568505662091,0.589429383183256,-0.0015234581717581408,0.0008860649207788179,-0.2951552247268468,0.15268723918731106,0.001504651950764997,0.0016196124475807234,0.00011496049681572647,0.00010933081883118292,7.640338136489181,7.613988998129413,0.0015129054844743941,0.001517312965455585,4.407480981190965e-6,1.982927813457649e-5,0.291325600073569,1.8862677387519349,7.488557331692918
838.9999999999849,3.4835912762083274,3.50746428650807,0.023873010299742425,0.026529595472571273,0.6852988312029163,0.7383952033733268,0.5162921223008087,0.5147737636920583,0.6185239471310564,0.5894422453950501,-0.0015183586087503809,0.0008860649207788179,-0.2940890521404732,0.15268723918731106,0.0014565478138139924,0.001567142727162776,0.00011059491334878364,0.00010933081883118292,7.592947673937952,7.613988998129413,0.0015001625347160399,0.001500302403761914,1.3986904587402066e-7,1.982927813457649e-5,0.00932359278659735,1.8862677387519349,7.370652841911758
839.9999999999849,3.37319899166888,3.4140408979557617,0.04084190628688189,0.026529595472571273,1.2107766659409407,0.7383952033733268,0.516276533733777,0.5147623017671874,0.6184038885020617,0.5893361698218583,-0.0015142319665896187,0.0008860649207788179,-0.29329862344091107,0.15268723918731106,0.0014250505525090001,0.0015306838884746236,0.00010563333596562354,0.00010933081883118292,7.412602716418819,7.613988998129413,0.0014873900543028874,0.0014834615590602006,-3.9284952426867515e-6,1.982927813457649e-5,-0.26412004244091614,1.8862677387519349,15.432179752225442
840.9999999999848,3.4777117734083305,3.5004937477995512,0.02278197439122076,0.026529595472571273,0.6550851788644144,0.7383952033733268,0.5143782421758041,0.5128408334329632,0.6171658687862392,0.5881522405388583,-0.0015374087428409178,0.0008860649207788179,-0.2988868145623202,0.15268723918731106,0.0015419246659286656,0.0016635444513972235,0.00012161978546855793,0.00010933081883118292,7.887530964121982,7.613988998129413,0.0015124613050959456,0.0015156232269358215,3.161921839875924e-6,1.982927813457649e-5,0.20905803204501433,1.8862677387519349,7.57159003435718
841.9999999999848,3.472688725992671,3.495625290659597,0.02293656466692573,0.026529595472571273,0.6604843243003098,0.7383952033733268,0.5131343845181899,0.5115829966982085,0.6163298613795604,0.5873778522192011,-0.0015513878199814313,0.0008860649207788179,-0.3023355804616591,0.15268723918731106,0.0016014160613338387,0.0017330977292260093,0.00013168166789217063,0.00010933081883118292,8.222826726396848,7.613988998129413,0.001534831487106456,0.0015448963824108127,1.0064895304356643e-5,1.982927813457649e-5,0.6557654953594616,1.8862677387519349,7.679555097320853
842.9999999999847,3.4826585470294416,3.506074099537092,0.02341555250765026,0.026529595472571273,0.6723470645040044,0.7383952033733268,0.5138777356421652,0.5123402947582735,0.6166689440172651,0.5877643145892945,-0.0015374408838917386,0.0008860649207788179,-0.2991841788923744,0.15268723918731106,0.001500189791921205,0.0016218239677037267,0.0001216341757825218,0.00010933081883118292,8.107919173796809,7.613988998129413,0.0015194674994041205,0.001525544324594141,6.076825190020523e-6,1.982927813457649e-5,0.3999312385690139,1.8862677387519349,7.181762204901382
843.9999999999847,3.4832132045076776,3.507023798958758,0.02381059445108047,0.026529595472571273,0.6835813099314973,0.7383952033733268,0.5140854020129835,0.5125539386278046,0.6166856430187533,0.5878214889348451,-0.001531463385178844,0.0008860649207788179,-0.29790057822730515,0.15268723918731106,0.001447067763841911,0.001563401876892344,0.000116334113050433,0.00010933081883118292,8.039299606921674,7.613988998129413,0.0015052556791267033,0.0015065178527847306,1.2621736580273324e-6,1.982927813457649e-5,0.08385111416816586,1.8862677387519349,7.23438621146191
844.9999999999847,3.3784973704698054,3.4183830799384674,0.03988570946866199,0.026529595472571273,1.180575418447509,0.7383952033733268,0.5141614308976603,0.5126350841881082,0.6166335644562639,0.5877775556597535,-0.0015263467095520955,0.0008860649207788179,-0.29686137812540486,0.15268723918731106,0.001409905066824352,0.0015202749384044547,0.00011036987158010271,0.00010933081883118292,7.828177526072594,7.613988998129413,0.0014901303964303734,0.001486653445834646,-3.4769505957274374e-6,1.982927813457649e-5,-0.23333196907173473,1.8862677387519349,14.79047227597617
845.9999999999845,3.478585573766924,3.5013935200882584,0.022807946321334427,0.026529595472571273,0.6556672485890851,0.7383952033733268,0.5124018403822687,0.5108559653491506,0.6154656108114478,0.586645969758433,-0.0015458750331180937,0.0008860649207788179,-0.3016919361501161,0.15268723918731106,0.0015123639080036541,0.0016354403915568008,0.0001230764835531467,0.00010933081883118292,8.138020413063792,7.613988998129413,0.001511366754560346,0.001513533498234273,2.1667436739269703e-6,1.982927813457649e-5,0.14336319542487702,1.8862677387519349,7.403382071969001
846.9999999999845,3.473519312334742,3.4965426683129457,0.023023355978203597,0.026529595472571273,0.6628250459539936,0.7383952033733268,0.5112571084509694,0.5096997653162297,0.6146849364814336,0.5859096195916864,-0.0015573431347396527,0.0008860649207788179,-0.30461055875744464,0.15268723918731106,0.0015631114158050272,0.001693923522701023,0.00013081210689599586,0.00010933081883118292,8.368700117811215,7.613988998129413,0.001530158995878377,0.0015380431830331073,7.884187154730401e-6,1.982927813457649e-5,0.5152528054906176,1.8862677387519349,7.5388559907960815
847.9999999999844,3.4756024474726948,3.5000511978712705,0.024448750398575747,0.026529595472571273,0.7034392099808137,0.7383952033733268,0.5119615490655292,0.5104169198134998,0.6150158611479913,0.5862793610458045,-0.0015446292520293614,0.0008860649207788179,-0.30170805890573915,0.15268723918731106,0.0014690992013486103,0.0015905416838629212,0.00012144248251431088,0.00010933081883118292,8.266458956810306,7.613988998129413,0.0015140044222501118,0.0015180850289724334,4.080606722321528e-6,1.982927813457649e-5,0.2695240953297174,1.8862677387519349,7.5176034083463
848.9999999999844,3.4776174387483247,3.502100841552699,0.024483402804374332,0.026529595472571273,0.704028066214968,0.7383952033733268,0.5120569928963643,0.5105170188873351,0.6149589854851747,0.586254022564899,-0.0015399740090291658,0.0008860649207788179,-0.3007426966905699,0.15268723918731106,0.0014250443219900363,0.0015418775069024337,0.00011683318491239746,0.00010933081883118292,8.1985649926483,7.613988998129413,0.0015012666713295746,0.001501266954883864,2.835542894236154e-10,1.982927813457649e-5,1.8887669648490214e-5,1.8862677387519349,7.469645513569812
849.9999999999844,3.3690780995493084,3.410206752425728,0.04112865287641965,0.026529595472571273,1.2207687581336137,0.7383952033733268,0.5119949057525571,0.5104585202339742,0.6148119158933967,0.5861107103878679,-0.0015363855185829278,0.0008860649207788179,-0.3000782822877246,0.15268723918731106,0.001397274251641813,0.0015091828592268706,0.00011190860758505754,0.00010933081883118292,8.009065325118792,7.613988998129413,0.001489132761011746,0.001485400313732789,-3.732447278956925e-6,1.982927813457649e-5,-0.25064570310178574,1.8862677387519349,15.410429417108338
850.9999999999843,3.480309288378079,3.5024619073755217,0.022152618997442808,0.026529595472571273,0.6365129407152934,0.7383952033733268,0.5100880674561884,0.5085289296948511,0.6135867556250797,0.5849294141340873,-0.0015591377613373147,0.0008860649207788179,-0.3056605046875027,0.15268723918731106,0.0015115259751893088,0.0016390694453394545,0.00012754347015014574,0.00010933081883118292,8.438060095802967,7.613988998129413,0.0015145323260044308,0.0015181510534106773,3.618727406246502e-6,1.982927813457649e-5,0.23893365259447857,1.8862677387519349,7.148745152415947
851.9999999999843,3.476449572204058,3.4987146996923393,0.022265127488281244,0.026529595472571273,0.6404559314279143,0.7383952033733268,0.5089515068552551,0.5073796455076981,0.6128459131689689,0.5842390822047284,-0.0015718613475570464,0.0008860649207788179,-0.30884304818535113,0.15268723918731106,0.001562911778059031,0.001699466910775009,0.00013655513271597797,0.00010933081883118292,8.737225903151414,7.613988998129413,0.0015348561624024786,0.0015451198902000506,1.026372779757193e-5,1.982927813457649e-5,0.6687094236574148,1.8862677387519349,7.203516981973184
852.9999999999843,3.4719646539911913,3.4968607780328793,0.02489612404168806,0.026529595472571273,0.7170615637768306,0.7383952033733268,0.5098509175180027,0.5082940987150494,0.6133022987459426,0.5847292920058101,-0.0015568188029533303,0.0008860649207788179,-0.3053478476673251,0.15268723918731106,0.0014550983209430214,0.0015802258154528617,0.00012512749450984025,0.00010933081883118292,8.59924671129766,7.613988998129413,0.0015156424563289533,0.0015212602406224913,5.617784293537962e-6,1.982927813457649e-5,0.3706536637370816,1.8862677387519349,7.601092789418073
853.9999999999842,3.4712119606784735,3.496514346758396,0.025302386079922634,0.026529595472571273,0.7289208024904679,0.7383952033733268,0.5099734800846737,0.508421802856294,0.6132584323869807,0.5847112967899152,-0.0015516772283796776,0.0008860649207788179,-0.30426625873212937,0.15268723918731106,0.0014088113540187382,0.0015286141758949503,0.00011980282187621207,0.00010933081883118292,8.503822852823104,7.613988998129413,0.0015018035385474494,0.001502738174813763,9.346362663136855e-7,1.982927813457649e-5,0.062234256500531986,1.8862677387519349,7.730607373667423
854.9999999999842,3.3686892360872727,3.409640885678075,0.04095164959080222,0.026529595472571273,1.2156553104425714,0.7383952033733268,0.5098068361594866,0.5082579988425311,0.6130330892090242,0.5844825427665562,-0.0015488373169555425,0.0008860649207788179,-0.3038086598883912,0.15268723918731106,0.0013873197021974902,0.0015023655062213772,0.000115045804023887,0.00010933081883118292,8.292667064531445,7.613988998129413,0.0014912830814466178,0.0014884869995739876,-2.7960818726302083e-6,1.982927813457649e-5,-0.18749504419495402,1.8862677387519349,15.246668119891494
855.9999999999841,3.4758478658178684,3.498477098874773,0.022629233056904674,0.026529595472571273,0.6510421034086314,0.7383952033733268,0.5079054400568208,0.5063347180813585,0.6118107366646769,0.5832950664819796,-0.0015707219754622637,0.0008860649207788179,-0.30925480445465253,0.15268723918731106,0.0014981647940212788,0.001628030636925912,0.00012986584290463309,0.00010933081883118292,8.668328305596837,7.613988998129413,0.0015168803007689436,0.0015212010047892304,4.320704020286878e-6,1.982927813457649e-5,0.2848414616563092,1.8862677387519349,7.274080339905543
856.9999999999841,3.4673060716501465,3.4907437942137154,0.023437722563568908,0.026529595472571273,0.6759634736374606,0.7383952033733268,0.5067960180487882,0.5052132326277594,0.6110900172479148,0.5826186993367128,-0.0015827854210287429,0.0008860649207788179,-0.3123121265085338,0.15268723918731106,0.0015461140214581748,0.001684421319623859,0.00013830729816568426,0.00010933081883118292,8.945478551138391,7.613988998129413,0.0015368407572073815,0.0015475367344738222,1.069597726644075e-5,1.982927813457649e-5,0.6959717339795559,1.8862677387519349,7.614223812776038
857.9999999999841,3.4633099331810535,3.4891552753971617,0.025845342216108236,0.026529595472571273,0.7462613140247966,0.7383952033733268,0.5075787866435102,0.5060095674915528,0.611465656195536,0.5830254227481602,-0.0015692191519574017,0.0008860649207788179,-0.30915774915146677,0.15268723918731106,0.00144692996213779,0.0015747101126894847,0.00012778015055169467,0.00010933081883118292,8.831122023550044,7.613988998129413,0.0015199982471064263,0.0015264592305063937,6.460983399967377e-6,1.982927813457649e-5,0.42506518755971934,1.8862677387519349,7.9732778773050725
858.999999999984,3.4711481044927854,3.496101711983703,0.024953607490917573,0.026529595472571273,0.718886280266162,0.7383952033733268,0.5075810141377182,0.5060156369307425,0.6113414261074434,0.5829243376271156,-0.0015653772069756933,0.0008860649207788179,-0.30839947976284454,0.15268723918731106,0.0014082045833835564,0.0015314711809926449,0.00012326659760908843,0.00010933081883118292,8.753458060256431,7.613988998129413,0.001509357723668485,0.001511731912202255,2.3741885337700587e-6,1.982927813457649e-5,0.15729793517732876,1.8862677387519349,7.552121070114919
859.999999999984,3.366620501232666,3.407624133842254,0.041003632609587726,0.026529595472571273,1.2179463825689445,0.7383952033733268,0.50746392877285,0.5059015977703233,0.6111601689142018,0.5827399160774586,-0.0015623310025266735,0.0008860649207788179,-0.3078703556930055,0.15268723918731106,0.0013835314264359687,0.0015019426641111559,0.00011841123767518716,0.00010933081883118292,8.558622913266174,7.613988998129413,0.0014990444042774654,0.001497705843321193,-1.338560956272352e-6,1.982927813457649e-5,-0.08929428324156509,1.8862677387519349,15.163546867964184
860.9999999999839,3.4637957521017038,3.487993954906082,0.024198202804378344,0.026529595472571273,0.6986036283951144,0.7383952033733268,0.5056763716989787,0.5040934286072859,0.6100269453564167,0.5816396020815053,-0.0015829430916928233,0.0008860649207788179,-0.31303481441587405,0.15268723918731106,0.0014849077414564875,0.001617276456463078,0.0001323687150065905,0.00010933081883118292,8.91427199892939,7.613988998129413,0.0015229725264149434,0.0015281937043753024,5.2211779603590375e-6,1.982927813457649e-5,0.3428281121163505,1.8862677387519349,7.838756691566421
861.9999999999839,3.4660149233521316,3.4893839233397803,0.023368999987648742,0.026529595472571273,0.6742325265307162,0.7383952033733268,0.504462488524979,0.5028667323720223,0.6092345160066952,0.5808863949413109,-0.0015957561529567066,0.0008860649207788179,-0.3163280103586317,0.15268723918731106,0.0015377446017998777,0.0016788945031639823,0.00014114990136410458,0.00010933081883118292,9.179021093547878,7.613988998129413,0.0015448438963828646,0.0015565334818278338,1.1689585444969253e-5,1.982927813457649e-5,0.7566839259513234,1.8862677387519349,7.513636589811252
862.9999999999839,3.4682534516899777,3.493137866703843,0.02488441501386518,0.026529595472571273,0.7174912491398152,0.7383952033733268,0.5051923272247056,0.5036094546814924,0.609575958491463,0.5812547982121209,-0.0015828725432132096,0.0008860649207788179,-0.313320780604247,0.15268723918731106,0.0014431029861212094,0.001573960671585832,0.00013085768546462263,0.00010933081883118292,9.067799507250939,7.613988998129413,0.001529422468036995,0.0015370966548421872,7.67418680519224e-6,1.982927813457649e-5,0.5017702410925097,1.8862677387519349,7.478705749559401
863.9999999999837,3.4719547135139535,3.4967785782792116,0.024823864765258108,0.026529595472571273,0.7149823892758658,0.7383952033733268,0.505390452995606,0.5038130551178002,0.6095981492539904,0.5812981740917066,-0.001577397877805864,0.0008860649207788179,-0.31211469636122674,0.15268723918731106,0.0013930789589183922,0.0015181841817484528,0.00012510522283006053,0.00010933081883118292,8.980483269031222,7.613988998129413,0.0015152888505703072,0.0015182027255992172,2.9138750289100113e-6,1.982927813457649e-5,0.19229832172349978,1.8862677387519349,7.340991912286855
864.9999999999837,3.360734453907416,3.4027003663336544,0.04196591242623837,0.026529595472571273,1.248712535959096,0.7383952033733268,0.5054013237674829,0.5038279715120363,0.6095108354887242,0.5812046474734756,-0.0015733522554466361,0.0008860649207788179,-0.3113075058288686,0.15268723918731106,0.001361302415580852,0.001480679003891856,0.0001193765883110039,0.00010933081883118292,8.769292329512783,7.613988998129413,0.0015014983206613152,0.0014999577957405573,-1.5405249207578638e-6,1.982927813457649e-5,-0.10259917707262968,1.8862677387519349,15.46780836127324
865.9999999999837,3.462583322174089,3.486845208296232,0.02426188612214286,0.026529595472571273,0.700687430877744,0.7383952033733268,0.5035248938039283,0.5019299674911705,0.6083391987342496,0.5800582121508027,-0.0015949263127578162,0.0008860649207788179,-0.3167522266295095,0.15268723918731106,0.0014692934132472107,0.0016030546333486826,0.0001337612201014718,0.00010933081883118292,9.103778652750707,7.613988998129413,0.0015259623265750754,0.0015312566415983527,5.294315023277301e-6,1.982927813457649e-5,0.34694926152993905,1.8862677387519349,7.769143604616446
866.9999999999836,3.4604072206059016,3.484401623322556,0.023994402716654317,0.026529595472571273,0.6933982386169281,0.7383952033733268,0.5022468752131953,0.5006385826037612,0.6075179958194087,0.5792686942780895,-0.001608292609434181,0.0008860649207788179,-0.32021953521393,0.15268723918731106,0.0015266088901882107,0.0016693597174996253,0.00014275082731141455,0.00010933081883118292,9.350844753289445,7.613988998129413,0.0015487938240760085,0.001561019985703984,1.222616162797549e-5,1.982927813457649e-5,0.7893989140400576,1.8862677387519349,7.7036480407603785
867.9999999999836,3.469179132839664,3.4937911340897156,0.024612001250051474,0.026529595472571273,0.7094474026166977,0.7383952033733268,0.5029667234466094,0.501371352472363,0.6078424556262348,0.5796156201377081,-0.0015953709742464461,0.0008860649207788179,-0.3171921520600948,0.15268723918731106,0.0014321428127319824,0.0015644180149467256,0.00013227520221474327,0.00010933081883118292,9.236174007144763,7.613988998129413,0.0015336625380971702,0.0015419829100041342,8.320371906964021e-6,1.982927813457649e-5,0.5425164728407063,1.8862677387519349,7.27216651460569
868.9999999999835,3.4631497285380326,3.489073874879775,0.02592414634174256,0.026529595472571273,0.7485713403643807,0.7383952033733268,0.5031855975996549,0.5015958009306696,0.6078781778678055,0.5796692599844326,-0.0015897966689852883,0.0008860649207788179,-0.3159463777518855,0.15268723918731106,0.001380798197773231,0.0015071311410167836,0.00012633294324355254,0.00010933081883118292,9.149269129065031,7.613988998129413,0.0015192280515813586,0.0015227382163117862,3.510164730427621e-6,1.982927813457649e-5,0.2310492310074122,1.8862677387519349,7.723624975639659
869.9999999999835,3.3703104298760937,3.410485114397105,0.04017468452101136,0.026529595472571273,1.1920173336225395,0.7383952033733268,0.5031632282670984,0.5015771228147877,0.6077677415516456,0.5795482231515947,-0.0015861054523106377,0.0008860649207788179,-0.31522682167637894,0.15268723918731106,0.001350998666888016,0.001471674185492999,0.00012067551860498317,0.00010933081883118292,8.932319591621473,7.613988998129413,0.0015060562885198835,0.0015051883631733653,-8.679253465182588e-7,1.982927813457649e-5,-0.057629011155435325,1.8862677387519349,14.451509255067869
870.9999999999835,3.466543152284914,3.490366142652348,0.02382299036743385,0.026529595472571273,0.6872261304963512,0.7383952033733268,0.5014531568791428,0.49984971078906004,0.6066661430549046,0.5784502444337863,-0.001603446090082783,0.0008860649207788179,-0.31975989543311134,0.15268723918731106,0.0014411565636668516,0.0015723490874348421,0.0001311925237679906,0.00010933081883118292,9.103280453734104,7.613988998129413,0.001527099217362192,0.001531534215357446,4.434997995254137e-6,1.982927813457649e-5,0.2904197674146447,1.8862677387519349,7.397531640338331
871.9999999999834,3.4678607865064452,3.491165832066576,0.02330504556013091,0.026529595472571273,0.6720294439387986,0.7383952033733268,0.5004345450613273,0.4988217294986261,0.6060021882556368,0.5778017613977166,-0.0016128155627012641,0.0008860649207788179,-0.3222830195512615,0.15268723918731106,0.0014795406290269528,0.0016163908569400834,0.00013685022791313063,0.00010933081883118292,9.249507937009659,7.613988998129413,0.001543551528414036,0.0015529801391091958,9.428610695159717e-6,1.982927813457649e-5,0.6108387392060308,1.8862677387519349,7.173047914029289
872.9999999999834,3.465704708240452,3.4910398752372536,0.025335166996801384,0.026529595472571273,0.7310249755716816,0.7383952033733268,0.5012047064534781,0.4996038892014791,0.6063910664302571,0.578210348839002,-0.0016008172519990649,0.0008860649207788179,-0.3193938986180795,0.15268723918731106,0.001388860168710831,0.0015159646796296272,0.00012710451091879627,0.00010933081883118292,9.151714030129996,7.613988998129413,0.001525167811903181,0.0015304151432993874,5.247331396206374e-6,1.982927813457649e-5,0.34404944526455034,1.8862677387519349,7.418212489081068
873.9999999999834,3.463479411585348,3.4894757383422834,0.025996326756935417,0.026529595472571273,0.7505841284916444,0.7383952033733268,0.5013717603475872,0.4997755773950743,0.6064003750456498,0.5782280439520968,-0.001596182952512959,0.0008860649207788179,-0.3183631545993674,0.15268723918731106,0.00134401237764959,0.0014656253228173992,0.00012161294516780915,0.00010933081883118292,9.048498897047805,7.613988998129413,0.0015099711895935934,0.0015107934310362755,8.222414426821856e-7,1.982927813457649e-5,0.05445411464463046,1.8862677387519349,7.642809483986643
874.9999999999833,3.368584986241033,3.4089187869333344,0.0403338006923013,0.026529595472571273,1.1973514356041035,0.7383952033733268,0.5012452808426421,0.49965154003734424,0.6062221532762144,0.5780317742281298,-0.0015937408052978386,0.0008860649207788179,-0.3179562713525413,0.15268723918731106,0.0013219922076217398,0.00143879532571883,0.00011680311809709023,0.00010933081883118292,8.835386277141428,7.613988998129413,0.0014980695559049652,0.0014953645173704897,-2.7050385344755054e-6,1.982927813457649e-5,-0.18056828695390084,1.8862677387519349,14.502803030656988
875.9999999999833,3.4683577610828733,3.491872094443528,0.02351433336065467,0.026529595472571273,0.6779673545935798,0.7383952033733268,0.49950802074795075,0.49789655807372935,0.605115635433181,0.5769186523515906,-0.0016114626742214089,0.0008860649207788179,-0.322609969667443,0.15268723918731106,0.0014137810132229638,0.0015412731294241768,0.00012749211620121303,0.00010933081883118292,9.017812165306436,7.613988998129413,0.00151965580586517,0.0015230572663034168,3.401460438246873e-6,1.982927813457649e-5,0.223830977061964,1.8862677387519349,7.213332067679409
876.9999999999832,3.467812634158006,3.49106372911529,0.023251094957283946,0.026529595472571273,0.67048302230231,0.7383952033733268,0.4984942431588537,0.4968732512948316,0.6044648110971916,0.5762773392207162,-0.0016209918640220922,0.0008860649207788179,-0.32517764974580365,0.15268723918731106,0.0014521371561663653,0.0015854069451294332,0.00013326978896306793,0.00010933081883118292,9.177493213857257,7.613988998129413,0.001536165251736375,0.0015450815313500308,8.916279613655886e-6,1.982927813457649e-5,0.5804245085987683,1.8862677387519349,7.101017462937051
877.9999999999832,3.466309871836767,3.491531230366564,0.025221358529797122,0.026529595472571273,0.7276140755538554,0.7383952033733268,0.49929115769420507,0.4976820117854778,0.6048719694484669,0.5767041783436029,-0.0016091459087272941,0.0008860649207788179,-0.3222860817641054,0.15268723918731106,0.0013612267060289123,0.0014849590857857933,0.00012373237975688098,0.00010933081883118292,9.089770220409775,7.613988998129413,0.001517395960666723,0.0015222384506591205,4.842489992397479e-6,1.982927813457649e-5,0.31913159899738724,1.8862677387519349,7.30889330346309
878.9999999999832,3.466175461250028,3.491757873568475,0.025582412318446934,0.026529595472571273,0.7380587798986088,0.7383952033733268,0.4994582401058835,0.49785339854264815,0.6048823330384429,0.5767202211202814,-0.0016048415632353707,0.0008860649207788179,-0.32131646539561537,0.15268723918731106,0.001317214874217322,0.0014356590747741946,0.00011844420055687264,0.00010933081883118292,8.992018149449702,7.613988998129413,0.0015021811792224865,0.0015027002881802941,5.191089578076603e-7,1.982927813457649e-5,0.03455701382681055,1.8862677387519349,7.405682097553745
879.9999999999831,3.3622663023208963,3.403547810244789,0.041281507923892846,0.026529595472571273,1.2277881705978244,0.7383952033733268,0.4993719117117056,0.49776956553989776,0.604734753820895,0.5765516777080522,-0.0016023461718078225,0.0008860649207788179,-0.3208723066372382,0.15268723918731106,0.0012935177684745855,0.0014071022694810028,0.00011358450100641725,0.00010933081883118292,8.78105456103357,7.613988998129413,0.0014894855031924836,0.0014864021633245999,-3.083339867883698e-6,1.982927813457649e-5,-0.20700704110748525,1.8862677387519349,14.942228328627186
880.9999999999831,3.471376347052022,3.4943212051496784,0.02294485809765634,0.026529595472571273,0.6609729341833441,0.7383952033733268,0.4975396499608922,0.4959179210392816,0.603590996260595,0.5753961867897328,-0.00162172892161061,0.0008860649207788179,-0.3259496849624109,0.15268723918731106,0.0013925660193538805,0.0015180218641426926,0.00012545584478881205,0.00010933081883118292,9.008969272926876,7.613988998129413,0.0015128358503518574,0.0015166574313383542,3.821580986496749e-6,1.982927813457649e-5,0.2526104194059071,1.8862677387519349,6.958006163801034
881.999999999983,3.4615180207298164,3.4854518190443766,0.023933798314560217,0.026529595472571273,0.6914249231472752,0.7383952033733268,0.49648015400783224,0.49484799123507306,0.6029275517891622,0.5747387870628899,-0.0016321627727591825,0.0008860649207788179,-0.3287468309827817,0.15268723918731106,0.0014347454738489268,0.0015666327105202306,0.00013188723667130389,0.00010933081883118292,9.192378653580692,7.613988998129413,0.0015307321803849445,0.0015407336952325903,1.0001514847645786e-5,1.982927813457649e-5,0.6533811058398623,1.8862677387519349,7.3891231922390475
882.999999999983,3.462867147172267,3.4884150068147592,0.025547859642492288,0.026529595472571273,0.7377660925673786,0.7383952033733268,0.4972792149114149,0.4956590807165554,0.6033219226933652,0.5751519460588741,-0.0016201341948595127,0.0008860649207788179,-0.32579970090809496,0.15268723918731106,0.0013428965492886518,0.0014650781794155806,0.00012218163012692879,0.00010933081883118292,9.098365037250996,7.613988998129413,0.0015125267628220982,0.0015184524495805887,5.925686758490511e-6,1.982927813457649e-5,0.3917740104931607,1.8862677387519349,7.425039320551117
883.999999999983,3.4637098884673527,3.4894004915467507,0.025690603079397967,0.026529595472571273,0.7417077037813271,0.7383952033733268,0.4973601457358741,0.49574352247051034,0.6032662442683555,0.5750989525165265,-0.0016166232653637702,0.0008860649207788179,-0.3250407736172506,0.15268723918731106,0.0013032406103933188,0.0014205911038890726,0.00011735049349575382,0.00010933081883118292,9.004514788741687,7.613988998129413,0.0014995285307498327,0.0015013755732198228,1.8470424699901147e-6,1.982927813457649e-5,0.12317488011158474,1.8862677387519349,7.44771251437311
884.9999999999828,3.3584137731331514,3.400089172883221,0.04167539975006962,0.026529595472571273,1.2409251082599497,0.7383952033733268,0.49727472377707843,0.4956604790263118,0.6031202956960965,0.5749301430843566,-0.001614244750766658,0.0008860649207788179,-0.32461829921810026,0.15268723918731106,0.0012792718625271723,0.001391809824189594,0.0001125379616624218,0.00010933081883118292,8.79703251192484,7.613988998129413,0.0014876616068436614,0.0014858973595095254,-1.764247334136047e-6,1.982927813457649e-5,-0.11859197858034472,1.8862677387519349,15.110876541316399
885.9999999999828,3.4611472417601714,3.4852785960751564,0.024131354314985032,0.026529595472571273,0.697206811193418,0.7383952033733268,0.4954223266932262,0.493788235270581,0.6019782377697518,0.5737731717229672,-0.0016340914226452008,0.0008860649207788179,-0.32983806635284274,0.15268723918731106,0.001378667933492733,0.0015034197712464543,0.0001247518377537212,0.00010933081883118292,9.04872266359844,7.613988998129413,0.0015120962030861695,0.0015174261575060886,5.329954419919063e-6,1.982927813457649e-5,0.3524877854359195,1.8862677387519349,7.450853604624812
886.9999999999828,3.4602420983769515,3.484026897949845,0.0237847995728937,0.026529595472571273,0.6873738569925529,0.7383952033733268,0.4942459319794722,0.4926002438650355,0.601240577815817,0.5730373162645319,-0.0016456881144367164,0.0008860649207788179,-0.33296948097188744,0.15268723918731106,0.0014266872791802903,0.0015586067536958728,0.00013191947451558252,0.00010933081883118292,9.246558544446927,7.613988998129413,0.0015329873013441076,0.0015450151189284468,1.2027817584339164e-5,1.982927813457649e-5,0.7845999489880507,1.8862677387519349,7.329359332170314
887.9999999999827,3.4623309150471715,3.4876666216836494,0.025335706636477884,0.026529595472571273,0.7317528930111726,0.7383952033733268,0.49502043449416355,0.49338658363157606,0.6016114238086362,0.5734271150389209,-0.0016338508625874937,0.0008860649207788179,-0.3300572559710679,0.15268723918731106,0.00133611447533882,0.0014584125438954496,0.00012229806855662963,0.00010933081883118292,9.153262749108121,7.613988998129413,0.0015163350769718685,0.0015243785115689403,8.043434597071767e-6,1.982927813457649e-5,0.530452320151728,1.8862677387519349,7.310036508030532
888.9999999999827,3.4621500059749835,3.487916047922164,0.02576604194718035,0.026529595472571273,0.7442208426184099,0.7383952033733268,0.49520584200843976,0.4935762689397013,0.6016301808169942,0.5734511435867653,-0.0016295730687384546,0.0008860649207788179,-0.32906983934787304,0.15268723918731106,0.0012905125974403784,0.001407479907108699,0.00011696730966832066,0.00010933081883118292,9.063631761543075,7.613988998129413,0.0015020720917277256,0.0015055671354535201,3.49504372579453e-6,1.982927813457649e-5,0.23268149012571243,1.8862677387519349,7.404361691223612
889.9999999999826,3.3607390805457564,3.401879487425844,0.041140406880087355,0.026529595472571273,1.2241476024793478,0.7383952033733268,0.49516589046533704,0.4935389393322709,0.6015164010972172,0.5733144040504173,-0.0016269511330661568,0.0008860649207788179,-0.3285668832191194,0.15268723918731106,0.0012640117122673072,0.0013759203244327505,0.00011190861216544331,0.00010933081883118292,8.853447407121605,7.613988998129413,0.001489252218219393,0.0014886795965851787,-5.72621634214272e-7,1.982927813457649e-5,-0.0384502790869716,1.8862677387519349,14.735413802622729
890.9999999999826,3.453928147256018,3.4790745122468887,0.02514636499087075,0.026529595472571273,0.7280511903772041,0.7383952033733268,0.4934028557408663,0.4917579602013833,0.6004218183640911,0.5721929583451941,-0.0016448955394829934,0.0008860649207788179,-0.3333777906520443,0.15268723918731106,0.0013548755205862997,0.0014771226460638328,0.00012224712547753312,0.00010933081883118292,9.02275697066493,7.613988998129413,0.0015115328956150245,0.0015170872918802483,5.554396265223822e-6,1.982927813457649e-5,0.3674677727052579,1.8862677387519349,7.775902458466678
891.9999999999826,3.4547471282675173,3.4792497380177947,0.024502609750277404,0.026529595472571273,0.7092446665572582,0.7383952033733268,0.4922020733863949,0.49054612185657903,0.5996586418361038,0.5714200190029611,-0.0016559515298158467,0.0008860649207788179,-0.3364373332324161,0.15268723918731106,0.0014025158386760275,0.001531156705497282,0.0001286408668212545,0.00010933081883118292,9.172150736115125,7.613988998129413,0.0015321627024441327,0.0015439735143796523,1.1810811935519588e-5,1.982927813457649e-5,0.7708588596158081,1.8862677387519349,7.548031127749654
892.9999999999825,3.4612621448317786,3.486522378108683,0.025260233276904298,0.026529595472571273,0.7297983284687608,0.7383952033733268,0.49283950500919266,0.49119365943381554,0.5999438199999133,0.5717218520583828,-0.001645845575377114,0.0008860649207788179,-0.333951633066918,0.15268723918731106,0.0013221420118040231,0.0014424404286448795,0.00012029841684085634,0.00010933081883118292,9.098751553678621,7.613988998129413,0.0015179980177693296,0.001526405814858629,8.407797089299285e-6,1.982927813457649e-5,0.553874049299115,1.8862677387519349,7.243490113897004
893.9999999999825,3.4476963572061745,3.47527866097128,0.027582303765105287,0.026529595472571273,0.8000212578887453,0.7383952033733268,0.49303503109598745,0.49139323719379446,0.599976160328327,0.5717595029099811,-0.0016417939021929895,0.0008860649207788179,-0.3329974137016957,0.15268723918731106,0.0012769636747733892,0.0013921891399919857,0.00011522546521859655,0.00010933081883118292,9.023394125838744,7.613988998129413,0.0015041446658048737,0.0015082571871760369,4.112521371163165e-6,1.982927813457649e-5,0.27341262211388023,1.8862677387519349,8.156482194686928
894.9999999999824,3.3528001857106715,3.3948925600422046,0.04209237433153312,0.026529595472571273,1.2554393939408315,0.7383952033733268,0.4928731912307135,0.4912327198091016,0.599783865558176,0.5715408971093684,-0.0016404714216118887,0.0008860649207788179,-0.3328384360925781,0.15268723918731106,0.0012575398727715668,0.0013685496809058856,0.00011100980813431882,0.00010933081883118292,8.827537840979762,7.613988998129413,0.0014941915600139423,0.0014948829498684657,6.913898545233763e-7,1.982927813457649e-5,0.04627183508632085,1.8862677387519349,15.175115335070181
895.9999999999824,3.4593874154725786,3.4832749339396103,0.023887518467031743,0.026529595472571273,0.6905129607684755,0.7383952033733268,0.4909237029547652,0.48926286512012823,0.5985950435768859,0.5703241218046761,-0.0016608378346369412,0.0008860649207788179,-0.3383087483127647,0.15268723918731106,0.0013594739008574073,0.001482701361752239,0.0001232274608948317,0.00010933081883118292,9.064349143967625,7.613988998129413,0.0015215335696869433,0.0015297052893535998,8.171719666656523e-6,1.982927813457649e-5,0.5370712700303983,1.8862677387519349,7.254707163321176
896.9999999999824,3.457262193440973,3.4811698414927075,0.023907648051734398,0.026529595472571273,0.6915196682823582,0.7383952033733268,0.48987825412199004,0.48820709406990226,0.5979614835160074,0.5696899163413569,-0.0016711600520877834,0.0008860649207788179,-0.34113783129300307,0.15268723918731106,0.0013986267156978257,0.0015281326507999853,0.00012950593510215958,0.00010933081883118292,9.259506746769409,7.613988998129413,0.001540948422471082,0.0015553944540287975,1.4446031557715415e-5,1.982927813457649e-5,0.9374766440624663,1.8862677387519349,7.221291926412892
897.9999999999823,3.4637810448866073,3.4887320466423315,0.024951001755724178,0.026529595472571273,0.7203400397538983,0.7383952033733268,0.4907464419861142,0.4890875553127455,0.5983909454668978,0.5701418590761842,-0.0016588866733687202,0.0008860649207788179,-0.33803335723739364,0.15268723918731106,0.0013048989948196324,0.0014244639779766718,0.00011956498315703946,0.00010933081883118292,9.16277686102181,7.613988998129413,0.0015221972216968394,0.0015320102555427774,9.813033845937997e-6,1.982927813457649e-5,0.6446624462367045,1.8862677387519349,6.955202134730749
898.9999999999823,3.4570780122740663,3.4834340795839034,0.026356067309837083,0.026529595472571273,0.7623798831343138,0.7383952033733268,0.4910239249703755,0.4893698595501238,0.598472851668444,0.5702275161686852,-0.0016540654202517047,0.0008860649207788179,-0.33686045345987936,0.15268723918731106,0.0012556224964355642,0.0013693115056543491,0.00011368900921878496,0.00010933081883118292,9.054394098666043,7.613988998129413,0.0015053399089678182,0.0015099072767727636,4.5673678049453804e-6,1.982927813457649e-5,0.3034110620289828,1.8862677387519349,7.453328573370005
899.9999999999823,3.3503505802828966,3.3929590461241403,0.04260846584124378,0.026529595472571273,1.2717614118354748,0.7383952033733268,0.49101214735391174,0.48936075881913593,0.5983796550806766,0.5701057634253187,-0.0016513885347758106,0.0008860649207788179,-0.3363233564943807,0.15268723918731106,0.0012285459055946576,0.0013369224302628006,0.000108376524668143,0.00010933081883118292,8.8215282941084,7.613988998129413,0.0014909095998932448,0.0014910028998159444,9.329992269957801e-8,1.982927813457649e-5,0.00625791950808142,1.8862677387519349,15.255320743039412
900.9999999999822,3.4534833159112597,3.4783334178030074,0.024850101891747745,0.026529595472571273,0.719566293465374,0.7383952033733268,0.4890881806050844,0.48741724061158176,0.5972127282292383,0.5688969451613092,-0.0016709399935026514,0.0008860649207788179,-0.3416439120314495,0.15268723918731106,0.001328946988164544,0.0014484023900353266,0.00011945540187078261,0.00010933081883118292,8.988725881065182,7.613988998129413,0.0015158087297562322,0.0015229370170075907,7.128287251358459e-6,1.982927813457649e-5,0.47026297655013555,1.8862677387519349,7.5339817101281445
901.9999999999822,3.45035232570467,3.4751270414267714,0.024774715722101437,0.026529595472571273,0.7180343739835805,0.7383952033733268,0.48786680493156653,0.48618456210308264,0.5964607289370579,0.5681274698187241,-0.001682242828483893,0.0008860649207788179,-0.3448160054094811,0.15268723918731106,0.0013779720851645378,0.0015038948052333273,0.00012592272006878942,0.00010933081883118292,9.13826349782358,7.613988998129413,0.001537354122446332,0.0015513396538514156,1.3985531405083561e-5,1.982927813457649e-5,0.90971437230278,1.8862677387519349,7.541898584285383
902.999999999982,3.4506990726634568,3.477226759227855,0.02652768656439841,0.026529595472571273,0.7687626769471598,0.7383952033733268,0.48859694121281444,0.48692567705315476,0.5967902076628165,0.5684748650722887,-0.00167126415965968,0.0008860649207788179,-0.3420537499705182,0.15268723918731106,0.001292303155856571,0.001409296451994078,0.00011699329613750701,0.00010933081883118292,9.053084456793801,7.613988998129413,0.0015215734624435297,0.0015317381190961907,1.0164656652661072e-5,1.982927813457649e-5,0.668035878881419,1.8862677387519349,7.620144194748742
903.999999999982,3.454053567092718,3.480455679403678,0.02640211231095968,0.026529595472571273,0.7643805111332531,0.7383952033733268,0.4887050458055805,0.4870370240028006,0.5967542447265304,0.5684379733310868,-0.0016680218027799176,0.0008860649207788179,-0.3413146267050207,0.15268723918731106,0.0012518307459331603,0.0013640487103134054,0.00011221796438024511,0.00010933081883118292,8.96430805400883,7.613988998129413,0.0015091777932509291,0.0015151161520321251,5.938358781195979e-6,1.982927813457649e-5,0.3934830480379733,1.8862677387519349,7.486449704289834
904.999999999982,3.3542431723043666,3.3958377934539343,0.04159462114956769,0.026529595472571273,1.2400597992718627,0.7383952033733268,0.48864322372632546,0.48697724111997,0.5966292534416364,0.5682845463602403,-0.0016659826063554761,0.0008860649207788179,-0.3409404910296154,0.15268723918731106,0.001226880423047639,0.0013343483454690208,0.00010746792242138166,0.00010933081883118292,8.759445533772995,7.613988998129413,0.0014974737036410237,0.0014994921861783775,2.0184825373537225e-6,1.982927813457649e-5,0.13479251972478015,1.8862677387519349,14.68918075429946
905.9999999999819,3.4435553220222057,3.469760490260232,0.02620516823802621,0.026529595472571273,0.7609916434459195,0.7383952033733268,0.4869397058894885,0.48525697559466374,0.5955925886852927,0.5672029137968908,-0.0016827302948247413,0.0008860649207788179,-0.34557261904754977,0.15268723918731106,0.0013101025790603223,0.0014265057633928361,0.00011640318433251383,0.00010933081883118292,8.885043522012193,7.613988998129413,0.0015193102646282619,0.0015272032206435665,7.892956015304693e-6,1.982927813457649e-5,0.5195091614309542,1.8862677387519349,7.998109070834837
906.9999999999819,3.4518037764264067,3.4763211538023215,0.02451737737591486,0.026529595472571273,0.7102772626692379,0.7383952033733268,0.4857330711604436,0.48403971955690495,0.5948369239409825,0.5664217096389119,-0.001693351603538673,0.0008860649207788179,-0.3486177293823459,0.15268723918731106,0.0013556332275940924,0.001477664300311018,0.00012203107271692567,0.00010933081883118292,9.001776456416614,7.613988998129413,0.0015402304170589127,0.0015542365389679747,1.4006121909062056e-5,1.982927813457649e-5,0.909352377016869,1.8862677387519349,7.318918281868049
907.9999999999818,3.448991910714331,3.475605775768186,0.02661386505385499,0.026529595472571273,0.7716418519619813,0.7383952033733268,0.4864015351327249,0.48471796708244397,0.5951399213730981,0.5667426299872453,-0.0016835680502809147,0.0008860649207788179,-0.34612720739491865,0.15268723918731106,0.0012768518567993065,0.00139086732262895,0.0001140154658296436,0.00010933081883118292,8.929420059383158,7.613988998129413,0.0015253514706786231,0.0015357193797451152,1.0367909066492063e-5,1.982927813457649e-5,0.6797062359588127,1.8862677387519349,7.578862926371145
908.9999999999818,3.4536214586197516,3.480038185372191,0.026416726752439335,0.026529595472571273,0.7648993113158629,0.7383952033733268,0.4865897092163754,0.48490975720948526,0.5951658729151896,0.566769589577158,-0.0016799520068901397,0.0008860649207788179,-0.3452502128735121,0.15268723918731106,0.0012336532559313097,0.0013427580883955234,0.00010910483246421372,0.00010933081883118292,8.844043651621403,7.613988998129413,0.001511410565299055,0.0015173805562466525,5.9699909475973995e-6,1.982927813457649e-5,0.39499465497094416,1.8862677387519349,7.379468546116493
909.9999999999818,3.34710160219081,3.3897477294697405,0.04264612727893047,0.026529595472571273,1.2741210858677519,0.7383952033733268,0.48654586959875895,0.48486783950596146,0.5950563192802545,0.5666313226816113,-0.001678030092797489,0.0008860649207788179,-0.3448863093178274,0.15268723918731106,0.0012085153551896148,0.0013129824905983212,0.0001044671354087064,0.00010933081883118292,8.644253873987031,7.613988998129413,0.0014989436674096301,0.0015009433647306652,1.9996973210350405e-6,1.982927813457649e-5,0.13340710291606742,1.8862677387519349,15.101138243478307
910.9999999999817,3.4566111785760167,3.48082078186184,0.024209603285823444,0.026529595472571273,0.700385494205247,0.7383952033733268,0.4847592379591478,0.483063277430484,0.5939912050176561,0.5655164216314076,-0.0016959605286638313,0.0008860649207788179,-0.34985625767626016,0.15268723918731106,0.0012977669513543717,0.0014119119475219215,0.00011414499616754976,0.00010933081883118292,8.795492599686416,7.613988998129413,0.001522249736778243,0.0015308190053231023,8.569268544859248e-6,1.982927813457649e-5,0.562934473747759,1.8862677387519349,7.069739704915285
911.9999999999817,3.4444765814427694,3.469994436813404,0.025517855370634557,0.026529595472571273,0.7408340503202385,0.7383952033733268,0.48368797395392,0.48198227311283304,0.5933457076288887,0.5648487644579898,-0.0017057008410869545,0.0008860649207788179,-0.35264487292161895,0.15268723918731106,0.0013372853594012244,0.0014566181984016872,0.00011933283900046284,0.00010933081883118292,8.923513456686214,7.613988998129413,0.0015406885543085465,0.001555265147507604,1.4576593199057452e-5,1.982927813457649e-5,0.9461090080986131,1.8862677387519349,7.641222713098202
912.9999999999817,3.449194696421126,3.4758481867292166,0.02665349030809061,0.026529595472571273,0.7727453117026473,0.7383952033733268,0.4844497349880148,0.48275470931369535,0.5936964716414702,0.5652191245815813,-0.0016950256743194503,0.0008860649207788179,-0.3498867997856135,0.15268723918731106,0.0012533318195645038,0.0013640225920967801,0.00011069077253227631,0.00010933081883118292,8.831721241286136,7.613988998129413,0.0015231593606543472,0.0015334985104847672,1.033914983042004e-5,1.982927813457649e-5,0.6787963293596776,1.8862677387519349,7.465920770734686
913.9999999999816,3.4569160954064584,3.482798618096409,0.025882522689950616,0.026529595472571273,0.7487171217242804,0.7383952033733268,0.4845249115614025,0.4828325826902682,0.5936382096898557,0.5651536770914309,-0.0016923288711342965,0.0008860649207788179,-0.3492759259128067,0.15268723918731106,0.0012162462351762288,0.0013223696129857632,0.00010612337780953438,0.00010933081883118292,8.725484588583953,7.613988998129413,0.001510499916629585,0.001516608222714556,6.108306084971066e-6,1.982927813457649e-5,0.4043897002391551,1.8862677387519349,7.07350410480494
914.9999999999816,3.347717993749913,3.3902226940840023,0.042504700334089485,0.026529595472571273,1.269661913382324,0.7383952033733268,0.4845675453889513,0.48287780355783994,0.5935877610588408,0.5650739331246756,-0.0016897418311113688,0.0008860649207788179,-0.34871130912307624,0.15268723918731106,0.0011870632071087006,0.0012881476519067893,0.00010108444479808875,0.00010933081883118292,8.515506520019061,7.613988998129413,0.001496206240319147,0.001498056634400768,1.8503940816209236e-6,1.982927813457649e-5,0.12367239433690817,1.8862677387519349,14.911483729410545
915.9999999999815,3.4576086629431995,3.48176577681101,0.024157113867810498,0.026529595472571273,0.6986653558198626,0.7383952033733268,0.48284793572392243,0.48114145477368947,0.5925607389564881,0.5639866405484435,-0.001706480950232958,0.0008860649207788179,-0.3534199535666383,0.15268723918731106,0.0012708671529242876,0.0013803734467977154,0.00010950629387342786,0.00010933081883118292,8.61665939051552,7.613988998129413,0.0015175049666429062,0.001525452776685231,7.947810042324786e-6,1.982927813457649e-5,0.5237419459593133,1.8862677387519349,6.928124641586679
916.9999999999815,3.4525813990734786,3.477037144102779,0.02445574502930059,0.026529595472571273,0.7083321782323058,0.7383952033733268,0.48178742861942175,0.4800717696902041,0.591917103396172,0.5633106280844683,-0.001715658929217656,0.0008860649207788179,-0.35610288423961894,0.15268723918731106,0.0013091761914904036,0.0014231525022927773,0.00011397631080237365,0.00010933081883118292,8.705956581185589,7.613988998129413,0.001534867825935764,0.0015485365365557988,1.3668710620034705e-5,1.982927813457649e-5,0.8905464294100564,1.8862677387519349,7.079321068418714
917.9999999999815,3.4437714504887276,3.4713032189040782,0.027531768415350655,0.026529595472571273,0.7994656094684636,0.7383952033733268,0.48264588923010093,0.4809412806393224,0.5923373484420128,0.5637545019691477,-0.0017046085907785336,0.0008860649207788179,-0.3531799666827501,0.15268723918731106,0.0012226645744520194,0.0013280528247648215,0.00010538825031280205,0.00010933081883118292,8.61955539687044,7.613988998129413,0.0015147253277604396,0.001523848420560154,9.123092799714298e-6,1.982927813457649e-5,0.6022935401234114,1.8862677387519349,7.733699197316944
918.9999999999814,3.4437396476851903,3.4714711439700765,0.027731496284886248,0.026529595472571273,0.8052727302868781,0.7383952033733268,0.482696431785232,0.4809940831245034,0.5922623597482561,0.5636670753054592,-0.0017023486607286031,0.0008860649207788179,-0.35267479695935183,0.15268723918731106,0.001188132338473371,0.001289150693027184,0.00010101835455381299,0.00010933081883118292,8.502281377477805,7.613988998129413,0.0015015787648775638,0.0015065860616491147,5.007296771550925e-6,1.982927813457649e-5,0.33346880554475683,1.8862677387519349,7.808348806309683
919.9999999999814,3.3441970559275713,3.386952583957986,0.0427555280304146,0.026529595472571273,1.2784990631646738,0.7383952033733268,0.48245684305881253,0.48075473236039185,0.5920191243054069,0.5633778485929668,-0.001702110698420689,0.0008860649207788179,-0.35280061271992325,0.15268723918731106,0.0011739710667914606,0.0012711495705107058,9.71785037192452e-5,0.00010933081883118292,8.27775968830649,7.613988998129413,0.001492624748489788,0.001494591775898389,1.9670274086008507e-6,1.982927813457649e-5,0.13178311632518858,1.8862677387519349,15.066383870985385
920.9999999999814,3.4539341576625233,3.4782371351192687,0.024302977456745367,0.026529595472571273,0.7036317528760477,0.7383952033733268,0.48060607761118723,0.4788860285407795,0.5909171107093474,0.562206295981348,-0.0017200490704077365,0.0008860649207788179,-0.357891660246391,0.15268723918731106,0.001263905755835972,0.0013702872681189088,0.00010638151228293678,0.00010933081883118292,8.416886448355001,7.613988998129413,0.0015180697548431133,0.0015273838498295828,9.314094986469495e-6,1.982927813457649e-5,0.6135485511620691,1.8862677387519349,7.019878168657743
921.9999999999812,3.440691205391215,3.4665362913570568,0.025845085965841896,0.026529595472571273,0.7511597066701383,0.7383952033733268,0.47958759368657006,0.47785842247015153,0.5903107231378789,0.5615720728513803,-0.0017291712164185236,0.0008860649207788179,-0.3605537839555973,0.15268723918731106,0.0012993514473918029,0.0014104965765436702,0.00011114512915186736,0.00010933081883118292,8.553892742026783,7.613988998129413,0.0015363602950468206,0.001551864042614852,1.5503747568031395e-5,1.982927813457649e-5,1.0091218588514042,1.8862677387519349,7.659703642931562
922.9999999999812,3.448177112539083,3.4747740902298645,0.026596977690781287,0.026529595472571273,0.7713344420175814,0.7383952033733268,0.4803528944700637,0.4786338435593366,0.5906600399847852,0.5619466952866414,-0.0017190509107271046,0.0008860649207788179,-0.3578724996803862,0.15268723918731106,0.0012173308904196948,0.0013205828447749146,0.0001032519543552198,0.00010933081883118292,8.481831453371072,7.613988998129413,0.00151911209830465,0.0015304068008188025,1.1294702514152554e-5,1.982927813457649e-5,0.7435068502684955,1.8862677387519349,7.316518606929017
923.9999999999811,3.4573448202105608,3.483024179202139,0.025679358991578027,0.026529595472571273,0.7427479851435268,0.7383952033733268,0.48045103798585576,0.4787344637378228,0.5906164031082854,0.5618958294345323,-0.0017165742480329538,0.0008860649207788179,-0.3572839087265098,0.15268723918731106,0.0011800732246683332,0.0012789782622681862,9.890503759985296e-5,0.00010933081883118292,8.3812627498307,7.613988998129413,0.0015062218077621413,0.0015131802763774127,6.958468615271421e-6,1.982927813457649e-5,0.46198166693721676,1.8862677387519349,6.844944748392945
924.9999999999811,3.3445737562082622,3.387381287185554,0.04280753097729173,0.026529595472571273,1.2799099107272358,0.7383952033733268,0.48056016706020876,0.4788463094831671,0.5906118646296215,0.561863613240266,-0.0017138575770416775,0.0008860649207788179,-0.35663746072132324,0.15268723918731106,0.0011484766054726061,0.001242406274664407,9.39296691918009e-5,0.00010933081883118292,8.178631479667642,7.613988998129413,0.001490622130507936,0.0014930266980667645,2.4045675588283983e-6,1.982927813457649e-5,0.1613130188808502,1.8862677387519349,14.893249228890392
925.9999999999811,3.4506428539374014,3.475653330557685,0.02501047662028366,0.026529595472571273,0.724806294912414,0.7383952033733268,0.4788549767176154,0.47712493003052453,0.589599340375004,0.560775021759503,-0.0017300466870908693,0.0008860649207788179,-0.36128823364220597,0.15268723918731106,0.0012297477673267026,0.0013311214314541031,0.00010137366412740051,0.00010933081883118292,8.243451772860096,7.613988998129413,0.0015112647904097856,0.0015195991855673342,8.334395157548642e-6,1.982927813457649e-5,0.551484770269063,1.8862677387519349,7.148100351730642
926.999999999981,3.44672062957258,3.4717773087554353,0.02505667918285548,0.026529595472571273,0.7269715731490167,0.7383952033733268,0.47771182326791795,0.47597232735583467,0.5888998742750813,0.5600273198534432,-0.0017394959120832776,0.0008860649207788179,-0.36413080592893465,0.15268723918731106,0.001271350207061594,0.001376928290071492,0.00010557808300989784,0.00010933081883118292,8.304406010513421,7.613988998129413,0.0015299867261596095,0.0015442866591215297,1.4299932961920128e-5,1.982927813457649e-5,0.9346442500069342,1.8862677387519349,7.2261286566891405
927.999999999981,3.442603617617732,3.47001820199888,0.027414584381147744,0.026529595472571273,0.7963328755263008,0.7383952033733268,0.4784893213573537,0.4767598192384345,0.5892605261016162,0.5604124962907253,-0.0017295021189192017,0.0008860649207788179,-0.361450515554462,0.15268723918731106,0.00119096479851127,0.0012889882317524168,9.802343324114677e-5,0.00010933081883118292,8.23059030490893,7.613988998129413,0.001511812014755984,0.0015219732052943777,1.0161190538393724e-5,1.982927813457649e-5,0.672119975183145,1.8862677387519349,7.583959466144049
928.9999999999809,3.445995271771254,3.4732086501866144,0.027213378415360534,0.026529595472571273,0.7897102656607174,0.7383952033733268,0.47857018945070456,0.47684282074878714,0.5892063550547915,0.5603476839597323,-0.00172736870191742,0.0008860649207788179,-0.3609436483914861,0.15268723918731106,0.0011556487669472548,0.0012495929167938846,9.394414984662978e-5,0.00010933081883118292,8.12912647281157,7.613988998129413,0.001498764949556633,0.0015048683939800813,6.103444423448271e-6,1.982927813457649e-5,0.40723159593862945,1.8862677387519349,7.449457184621991
929.9999999999809,3.3413346260926007,3.3843656229729953,0.04303099688039458,0.026529595472571273,1.287838594325872,0.7383952033733268,0.47844922491994163,0.4767226446590387,0.5890443246554284,0.5601439142367285,-0.0017265802609029435,0.0008860649207788179,-0.3608701134779454,0.15268723918731106,0.0011358920161659528,0.001225844801741031,8.995278557507821e-5,0.00010933081883118292,7.919131774400656,7.613988998129413,0.001487710887452436,0.0014903429395291936,2.6320520767576447e-6,1.982927813457649e-5,0.1769195949936741,1.8862677387519349,15.01887072876413
930.9999999999809,3.451496931775651,3.4760798029305713,0.024582871154920305,0.026529595472571273,0.7122379547436957,0.7383952033733268,0.4766451726955317,0.4749015498491941,0.5879757137279726,0.558991175667394,-0.0017436228463376113,0.0008860649207788179,-0.3658114979906429,0.15268723918731106,0.0012214015710387222,0.0013193108845705331,9.790931353181095e-5,0.00010933081883118292,8.01614439127874,7.613988998129413,0.0015117011304073137,0.0015212868337599803,9.58570335266658e-6,1.982927813457649e-5,0.634100428970626,1.8862677387519349,6.976719798711603
931.9999999999808,3.442440942752351,3.467916679829635,0.025475737077284233,0.026529595472571273,0.7400486312167639,0.7383952033733268,0.47559383452841936,0.47384127304084717,0.5873472461496524,0.558321286231266,-0.0017525614875721907,0.0008860649207788179,-0.3684996230680668,0.15268723918731106,0.0012579968101679943,0.001360123728766777,0.00010212691859878267,0.00010933081883118292,8.118217611787468,7.613988998129413,0.0015300257738439678,0.00154574696805282,1.5721194208852133e-5,1.982927813457649e-5,1.0275117241557907,1.8862677387519349,7.363151188624059
932.9999999999808,3.438241070358953,3.4661244219651373,0.02788335160618427,0.026529595472571273,0.810977212929204,0.7383952033733268,0.47640149126876763,0.47465896441758987,0.5877225286409532,0.5587271746658017,-0.0017425268511777614,0.0008860649207788179,-0.36576855511871054,0.15268723918731106,0.0011764580741300634,0.0012711870464589944,9.4728972328931e-5,0.00010933081883118292,8.052048297511895,7.613988998129413,0.001511658786198759,0.0015230341715759452,1.137538537718621e-5,1.982927813457649e-5,0.7525101220620649,1.8862677387519349,7.73157407793801
933.9999999999808,3.443053390334948,3.4704874938937396,0.027434103558791723,0.026529595472571273,0.7967957637776529,0.7383952033733268,0.47642807232538403,0.47468714684697805,0.5876290760669872,0.5586205066015872,-0.0017409254784059858,0.0008860649207788179,-0.36541202744598,0.15268723918731106,0.0011439403572605271,0.001234834424649743,9.089406738921595e-5,0.00010933081883118292,7.9456998620877615,7.613988998129413,0.001499857940562265,0.0015071924522097242,7.334511647459109e-6,1.982927813457649e-5,0.48901375584340706,1.8862677387519349,7.501744015178061
934.9999999999807,3.3377237663591806,3.381142070194215,0.04341830383503442,0.026529595472571273,1.3008357453857093,0.7383952033733268,0.4762943824138834,0.4745540785145278,0.5874587945772155,0.5584073673811082,-0.0017403038993555886,0.0008860649207788179,-0.3653840909346112,0.15268723918731106,0.0011248486756982798,0.0012118582946455774,8.700961894729758e-5,0.00010933081883118292,7.73522882029301,7.613988998129413,0.0014894875115027933,0.001493324011977451,3.83650047465771e-6,1.982927813457649e-5,0.2575718456871745,1.8862677387519349,15.132722991805668
935.9999999999807,3.4408759135928086,3.466735757013809,0.025859843421000228,0.026529595472571273,0.7515482705680757,0.7383952033733268,0.47448536808801467,0.4727280460119157,0.5863953061014239,0.5572567378213533,-0.001757322076098966,0.0008860649207788179,-0.3703638076723562,0.15268723918731106,0.0012099232622893405,0.001304765094650914,9.484183236157357e-5,0.00010933081883118292,7.838665088736276,7.613988998129413,0.0015140509091446,0.0015249037199309191,1.0852810786319157e-5,1.982927813457649e-5,0.7168061998952676,1.8862677387519349,7.477356426399316
936.9999999999806,3.440227549876341,3.4657271366051083,0.025499586728767287,0.026529595472571273,0.7412180258158757,0.7383952033733268,0.4733282106324097,0.4715611897889101,0.5856984620294459,0.5565115533926935,-0.0017670208434996115,0.0008860649207788179,-0.3733183029886831,0.15268723918731106,0.0012511482436405677,0.001350505143763066,9.935690012249834e-5,0.00010933081883118292,7.941257211327052,7.613988998129413,0.0015349143160881087,0.0015523259090821173,1.741159299400866e-5,1.982927813457649e-5,1.1343690531458424,1.8862677387519349,7.347842607641723
937.9999999999806,3.4344064280278634,3.4625559796496916,0.028149551621828195,0.026529595472571273,0.8196336750392262,0.7383952033733268,0.4740977939980139,0.47234048301611276,0.5860426428076395,0.5568875815209907,-0.0017573109819011279,0.0008860649207788179,-0.37066423935068754,0.15268723918731106,0.0011716218096246098,0.0012639155240306095,9.229371440599965e-5,0.00010933081883118292,7.877432260805281,7.613988998129413,0.0015181111440468239,0.0015313364568313671,1.322531278454323e-5,1.982927813457649e-5,0.8711689415103401,1.8862677387519349,7.803583822296483
938.9999999999806,3.4423093024710667,3.4696792372030516,0.027369934731984902,0.026529595472571273,0.7951038772819559,0.7383952033733268,0.4741831883284708,0.4724278623222337,0.5859884945513758,0.5568260543327682,-0.001755326006237068,0.0008860649207788179,-0.3701788780038187,0.15268723918731106,0.0011361445587624057,0.0012245470367017418,8.840247793933612e-5,0.00010933081883118292,7.780918128555078,7.613988998129413,0.0015058636997560897,0.0015147942035276152,8.930503771525456e-6,1.982927813457649e-5,0.5930486121002826,1.8862677387519349,7.390911973688363
939.9999999999804,3.3372685351688514,3.3806082597438816,0.043339724575030214,0.026529595472571273,1.2986585921482465,0.7383952033733268,0.4740930675872284,0.4723385797930429,0.5858469774816594,0.5566452922899808,-0.001754487794185522,0.0008860649207788179,-0.37007244234017694,0.15268723918731106,0.0011148477702709754,0.0011993044407048376,8.445667043386219e-5,0.00010933081883118292,7.57562356816968,7.613988998129413,0.0014947630605578886,0.001499840689600243,5.077629042354263e-6,1.982927813457649e-5,0.3396945761062054,1.8862677387519349,14.951096582465507
940.9999999999804,3.436532097808448,3.4629733218361576,0.02644122402770943,0.026529595472571273,0.7694158900646259,0.7383952033733268,0.472364551175415,0.47059426546647376,0.5848297491483815,0.5555369395280878,-0.0017702857089412216,0.0008860649207788179,-0.37477107554665273,0.15268723918731106,0.001193897547525733,0.0012850479524681628,9.115040494242976e-5,0.00010933081883118292,7.634692367978511,7.613988998129413,0.0015175562928618936,0.0015289139811989717,1.1357688337078125e-5,1.982927813457649e-5,0.7484195736593833,1.8862677387519349,7.602184279297067
941.9999999999803,3.4396797138971946,3.4652084225026134,0.02552870860541878,0.026529595472571273,0.7421827242308696,0.7383952033733268,0.47120463435970517,0.46942505500941484,0.5841255874616772,0.5547774544639361,-0.0017795793502903279,0.0008860649207788179,-0.3776659269721537,0.15268723918731106,0.0012342856416601654,0.0013293728288737356,9.508718721357016e-5,0.00010933081883118292,7.703823491430553,7.613988998129413,0.0015379103545956599,0.0015554271723055566,1.751681770989673e-5,1.982927813457649e-5,1.1390012205556785,1.8862677387519349,7.2488191916615285
942.9999999999803,3.438304808703151,3.4658412389638884,0.027536430260737266,0.026529595472571273,0.8008722842441467,0.7383952033733268,0.47196068014757947,0.47019043668898775,0.5844639003247232,0.5551487048433394,-0.0017702434585917248,0.0008860649207788179,-0.37508282639947454,0.15268723918731106,0.0011571939878689962,0.0012456470735595297,8.84530856905335e-5,0.00010933081883118292,7.643756070096962,7.613988998129413,0.001520947225681078,0.001534279077577727,1.3331851896649033e-5,1.982927813457649e-5,0.8765492761051621,1.8862677387519349,7.432465756271432
943.9999999999803,3.4397068864410847,3.467474356259731,0.02776746981864653,0.026529595472571273,0.8072626748547265,0.7383952033733268,0.47215034225546615,0.4703827323461484,0.5844806573689646,0.5551640171662354,-0.0017676099093177355,0.0008860649207788179,-0.3743743784816184,0.15268723918731106,0.0011175380547119868,0.0012019356066527086,8.43975519407218e-5,0.00010933081883118292,7.552096466412755,7.613988998129413,0.0015063096321653792,0.001514994029970773,8.684397805393783e-6,1.982927813457649e-5,0.5765347057437069,1.8862677387519349,7.42976201055883
944.9999999999802,3.3329460666999107,3.376966628051086,0.04402056135117549,0.026529595472571273,1.3207702876141074,0.7383952033733268,0.47209199442746347,0.4703253025860632,0.5843596948609073,0.5550038409153957,-0.0017666918414002697,0.0008860649207788179,-0.3742261809677267,0.15268723918731106,0.0010952835155382259,0.0011757003409807799,8.041682544255397e-5,0.00010933081883118292,7.342101319130771,7.613988998129413,0.0014937676824525524,0.0014984068719877434,4.639189535191003e-6,1.982927813457649e-5,0.3105696815969481,1.8862677387519349,15.154342109301624
945.9999999999802,3.4325820314456337,3.4594593451160813,0.026877313670447656,0.026529595472571273,0.7830057205982711,0.7383952033733268,0.47026777210958226,0.46848464190828776,0.5832907555974973,0.553831471801718,-0.0017831302012945027,0.0008860649207788179,-0.379173378880617,0.15268723918731106,0.0011795606775997724,0.001266657779165762,8.709710156598973e-5,0.00010933081883118292,7.383859365608828,7.613988998129413,0.0015178542214898628,0.0015292802311389383,1.142600964907552e-5,1.982927813457649e-5,0.7527738492475399,1.8862677387519349,7.722453954333341
946.9999999999802,3.429272672697407,3.4560837332318877,0.026811060534480458,0.026529595472571273,0.7818293583925287,0.7383952033733268,0.4690432026743808,0.4672504395076308,0.5825513096487488,0.5530292342039589,-0.0017927631667500332,0.0008860649207788179,-0.38221706583276194,0.15268723918731106,0.0012233415639218927,0.001314452563961464,9.111100003957127e-5,0.00010933081883118292,7.447715562567812,7.613988998129413,0.0015396423176094218,0.0015577861248188985,1.8143807209476757e-5,1.982927813457649e-5,1.1784430060124846,1.8862677387519349,7.744612747837931
947.9999999999801,3.43738526682181,3.4647968256907173,0.02741155886890745,0.026529595472571273,0.7974537836502699,0.7383952033733268,0.4696943879366036,0.46791009489737706,0.5828117535716114,0.5533193868496564,-0.0017842930392265588,0.0008860649207788179,-0.37988383192421527,0.15268723918731106,0.0011510665738010306,0.0012361869034515764,8.512032965054574e-5,0.00010933081883118292,7.394909346508341,7.613988998129413,0.0015252947750077257,0.0015397901021695507,1.4495327161824978e-5,1.982927813457649e-5,0.950329562477624,1.8862677387519349,7.341476020675859
948.9999999999801,3.4329648371048336,3.4614291099357564,0.028464272830922788,0.026529595472571273,0.8291454815752768,0.7383952033733268,0.469861969155157,0.4680800414556378,0.5828113303670603,0.5533191909093422,-0.0017819276995191813,0.0008860649207788179,-0.3792449307449176,0.15268723918731106,0.001112213157515277,0.0011936077141356492,8.139455662037223e-5,0.00010933081883118292,7.318251548310263,7.613988998129413,0.0015120533593258997,0.0015221343149547295,1.0080955628829743e-5,1.982927813457649e-5,0.6667063411918221,1.8862677387519349,7.680417064213847
949.99999999998,3.3324429070413792,3.3763436161493874,0.04390070910800814,0.026529595472571273,1.3173731803550752,0.7383952033733268,0.4698300374748324,0.46804911028683005,0.5827073366869834,0.5531794258733833,-0.0017809271880023236,0.0008860649207788179,-0.37905775407084813,0.15268723918731106,0.0010884880544882556,0.0011659851273107885,7.749707282253288e-5,0.00010933081883118292,7.1196989717050725,7.613988998129413,0.0014997011607270807,0.0015056684430810627,5.9672823539819436e-6,1.982927813457649e-5,0.39789809531713,1.8862677387519349,14.965513759499293
950.99999999998,3.4355233925451567,3.461876705262807,0.02635331271765029,0.026529595472571273,0.7670829072168486,0.7383952033733268,0.4680338667726439,0.4662372288730812,0.581648169631867,0.552011686461207,-0.001796637899562692,0.0008860649207788179,-0.3838692084296203,0.15268723918731106,0.0011690441881901114,0.0012524109800450217,8.336679185491028e-5,0.00010933081883118292,7.131192532933843,7.613988998129413,0.0015236098910724253,0.001535947868947085,1.2337977874659787e-5,1.982927813457649e-5,0.8097858872506688,1.8862677387519349,7.390413722111768
951.99999999998,3.425642272909756,3.453004601182896,0.02736232827313989,0.026529595472571273,0.7987503099644496,0.7383952033733268,0.4669478998415573,0.4651430422996071,0.5809955692751084,0.5513002937207779,-0.0018048575419502,0.0008860649207788179,-0.38652225281720215,0.15268723918731106,0.0012051401193322313,0.0012916513709199308,8.651125158769951e-5,0.00010933081883118292,7.178522248154466,7.613988998129413,0.0015426206137437364,0.0015608084533442186,1.818783960048226e-5,1.982927813457649e-5,1.179022206655386,1.8862677387519349,7.829828796094833
952.9999999999799,3.4370714694925613,3.4645367451106726,0.027465275618111296,0.026529595472571273,0.7990894533876592,0.7383952033733268,0.4676176812962081,0.4658210995131322,0.5812706451714214,0.5516082140918351,-0.0017965817830759012,0.0008860649207788179,-0.3841988562314163,0.15268723918731106,0.0011337172304164097,0.0012145365773268432,8.081934691043353e-5,0.00010933081883118292,7.128704119699135,7.613988998129413,0.00152704341066824,0.0015412833159041436,1.423990523590369e-5,1.982927813457649e-5,0.932514762607322,1.8862677387519349,7.236083122439543
953.9999999999799,3.430358902513213,3.459149746225616,0.028790843712402925,0.026529595472571273,0.8392953778483542,0.7383952033733268,0.4677592051444604,0.4659646469854484,0.5812535658522981,0.5515880779770175,-0.001794558159011972,0.0008860649207788179,-0.3836499932604746,0.15268723918731106,0.001097077649099359,0.0011743402937045308,7.726264460517179e-5,0.00010933081883118292,7.042586700093673,7.613988998129413,0.0015136456570961508,0.001523474753043773,9.829095947622287e-6,1.982927813457649e-5,0.6493657152545786,1.8862677387519349,7.711266812403747
954.9999999999798,3.3332220468265157,3.3769067555257504,0.04368470869923469,0.026529595472571273,1.3105850161055395,0.7383952033733268,0.46773230692388484,0.4659387026095365,0.581153594158625,0.5514509478374207,-0.0017936043143483293,0.0008860649207788179,-0.3834681264897545,0.15268723918731106,0.0010736660607786979,0.001147104321293469,7.34382605147711e-5,0.00010933081883118292,6.83995361290535,7.613988998129413,0.0015008624508092295,0.001506615120344166,5.7526695349365345e-6,1.982927813457649e-5,0.3832909226181807,1.8862677387519349,14.72226346649278
955.9999999999798,3.431167468921011,3.4581392008106406,0.026971731889629424,0.026529595472571273,0.7860803103880891,0.7383952033733268,0.4659732694163403,0.46416481741691523,0.5801081604660062,0.5502879479779711,-0.001808451999425087,0.0008860649207788179,-0.38810209042468946,0.15268723918731106,0.0011505347513518524,0.001228870718423269,7.833596707141656e-5,0.00010933081883118292,6.808657190004349,7.613988998129413,0.0015237057123252688,0.0015355324096419636,1.1826697316694775e-5,1.982927813457649e-5,0.7761798896616661,1.8862677387519349,7.534649014475552
956.9999999999798,3.432662560238116,3.4590378070172405,0.026375246779124506,0.026529595472571273,0.7683611865797526,0.7383952033733268,0.4648863751001973,0.46307007114420584,0.5794476518109253,0.5495609564971848,-0.0018163039559914718,0.0008860649207788179,-0.39069847026598753,0.15268723918731106,0.0011857982826243992,0.0012667903163386385,8.09920337142393e-5,0.00010933081883118292,6.830169591322766,7.613988998129413,0.0015422935046397464,0.0015598097057137703,1.751620107402394e-5,1.982927813457649e-5,1.1357242328602963,1.8862677387519349,7.293344708299808
957.9999999999797,3.4320701061763166,3.4602745546900677,0.028204448513751146,0.026529595472571273,0.8217911534789082,0.7383952033733268,0.46562268425842046,0.4638148106743049,0.5797724396945741,0.5499257026207328,-0.001807873584115549,0.0008860649207788179,-0.3882700833175429,0.15268723918731106,0.001113228821288285,0.0011888729480443632,7.564412675607822e-5,0.00010933081883118292,6.795020512363218,7.613988998129413,0.0015250331922362602,0.0015384572912840262,1.3424099047766027e-5,1.982927813457649e-5,0.8802496310313978,1.8862677387519349,7.430721145072891
958.9999999999797,3.4268584862344107,3.4561841665819264,0.029325680347515704,0.026529595472571273,0.8557598881108192,0.7383952033733268,0.4657953540409831,0.46398950733698835,0.5797768289896305,0.5499282156506705,-0.0018058467039947512,0.0008860649207788179,-0.38769100814944224,0.15268723918731106,0.0010762036730981475,0.0011484057288758337,7.220205577768623e-5,0.00010933081883118292,6.708958311750861,7.613988998129413,0.001510382141365004,0.0015193167470746712,8.934605709667257e-6,1.982927813457649e-5,0.5915460375870594,1.8862677387519349,7.827277821612858
959.9999999999797,3.3308917145185903,3.3748059913850645,0.0439142768664742,0.026529595472571273,1.3183940106807428,0.7383952033733268,0.46565352975356117,0.4638476209320801,0.5796007181882317,0.549704827259957,-0.0018059088214810726,0.0008860649207788179,-0.38782242721038057,0.15268723918731106,0.001058758308041021,0.001127550098699752,6.87917906587311e-5,0.00010933081883118292,6.49740267786081,7.613988998129413,0.0014994182186267308,0.001504765536016566,5.347317389835064e-6,1.982927813457649e-5,0.3566261449545745,1.8862677387519349,14.756862119886561
960.9999999999795,3.432837092668554,3.4594771504813653,0.026640057812811424,0.026529595472571273,0.7760361792205666,0.7383952033733268,0.46387130663257153,0.4620505687650924,0.5785442483791506,0.5485227681503698,-0.0018207378674791608,0.0008860649207788179,-0.39250926742950104,0.15268723918731106,0.0011362708756552282,0.0012097367849431009,7.346590928787263e-5,0.00010933081883118292,6.46552779463864,7.613988998129413,0.001523057110662241,0.001534872127619955,1.1815016957713968e-5,1.982927813457649e-5,0.77574352760657,1.8862677387519349,7.320826000776939
961.9999999999795,3.421106775954105,3.449054344053619,0.027947568099514264,0.026529595472571273,0.8169159844980293,0.7383952033733268,0.46283656504340004,0.4610084489683101,0.577920108726833,0.5478338168091695,-0.001828116075089925,0.0008860649207788179,-0.394980909712374,0.15268723918731106,0.0011689438975026043,0.0012448971691371466,7.595327163454225e-5,0.00010933081883118292,6.497597685980737,7.613988998129413,0.0015409049672494202,0.0015584473250738976,1.7542357824477462e-5,1.982927813457649e-5,1.1384451473208828,1.8862677387519349,7.878655677770116
962.9999999999794,3.4323947786244737,3.460397726515801,0.028002947891327068,0.026529595472571273,0.8158428647461466,0.7383952033733268,0.4634782562499491,0.46165764064443043,0.5781790864162145,0.5481296223316274,-0.0018206156055186606,0.0008860649207788179,-0.3928157536988793,0.15268723918731106,0.0011013848106292746,0.001172612091506248,7.122728087697347e-5,0.00010933081883118292,6.467065841981048,7.613988998129413,0.001525546722564527,0.0015393588735458914,1.3812150981364546e-5,1.982927813457649e-5,0.9053902300773569,1.8862677387519349,7.290661405594154
963.9999999999794,3.431007319320548,3.459565902882436,0.028558583561888007,0.026529595472571273,0.8323673167664225,0.7383952033733268,0.4635826486442493,0.4617634316410014,0.5781376160173174,0.5480832198219843,-0.001819217003247886,0.0008860649207788179,-0.392425602763218,0.15268723918731106,0.0010677523302965576,0.0011359538467825268,6.820151648596917e-5,0.00010933081883118292,6.387391022319462,7.613988998129413,0.0015128476497268404,0.001522545127437413,9.697477710572623e-6,1.982927813457649e-5,0.6410082146952206,1.8862677387519349,7.439689807201042
964.9999999999794,3.3286615798038706,3.3729079539394142,0.044246374135543665,0.026529595472571273,1.3292542084783134,0.7383952033733268,0.46360489893121626,0.4617866919305752,0.5780704917974112,0.5479829657643088,-0.0018182070006410589,0.0008860649207788179,-0.39218891017603785,0.15268723918731106,0.0010428368449396997,0.0011074957155714122,6.465887063171255e-5,0.00010933081883118292,6.200286357877136,7.613988998129413,0.001499234576570804,0.0015048473007905389,5.612724219734855e-6,1.982927813457649e-5,0.3743726503808915,1.8862677387519349,14.773066684530775
965.9999999999793,3.423474095157618,3.451438511135307,0.02796441597768906,0.026529595472571273,0.8168432183332053,0.7383952033733268,0.4618742413735051,0.46004171520759646,0.5770473012725612,0.5468324831550878,-0.0018325261659086212,0.0008860649207788179,-0.3967586848877133,0.15268723918731106,0.0011173809384991387,0.0011861686650071754,6.878772650803673e-5,0.00010933081883118292,6.1561571473048495,7.613988998129413,0.001521352075528772,0.0015330313084840918,1.1679232955319864e-5,1.982927813457649e-5,0.767687713000986,1.8862677387519349,7.778681341786357
966.9999999999793,3.429976525423968,3.4565320552844474,0.0265555298604796,0.026529595472571273,0.7742189972334332,0.7383952033733268,0.46069477466825004,0.45885399871793586,0.5763261981258878,0.5460297559571249,-0.0018407759503141774,0.0008860649207788179,-0.3995651896941385,0.15268723918731106,0.0011566063929743747,0.001227841055272035,7.123466229766017e-5,0.00010933081883118292,6.158937278089073,7.613988998129413,0.001541570093710508,0.0015593407006818365,1.777060697132852e-5,1.982927813457649e-5,1.152760230873139,1.8862677387519349,7.225746634495774
967.9999999999793,3.4277544783007343,3.456365927507359,0.028611449206624506,0.026529595472571273,0.8346994916861219,0.7383952033733268,0.4614063081805415,0.4595734890824677,0.5766309335261416,0.5463780553471725,-0.0018328190980738124,0.0008860649207788179,-0.3972245427898782,0.15268723918731106,0.0010866922603708317,0.0011533378494977707,6.664558912693901e-5,0.00010933081883118292,6.132885229549379,7.613988998129413,0.0015251351540354668,0.0015390402171868635,1.3905063151396693e-5,1.982927813457649e-5,0.9117266174479204,1.8862677387519349,7.453207243991568
968.9999999999792,3.430400268967571,3.459100519470409,0.028700250502838198,0.026529595472571273,0.8366443637049957,0.7383952033733268,0.4616076692405165,0.459776813250782,0.5766517706857591,0.5464020511807284,-0.0018308559897344812,0.0008860649207788179,-0.3966259903668391,0.15268723918731106,0.001049103125409165,0.0011126836525323046,6.358052712313956e-5,0.00010933081883118292,6.060464942218359,7.613988998129413,0.001510259804571427,0.0015196681055423056,9.408300970878674e-6,1.982927813457649e-5,0.6229591056055755,1.8862677387519349,7.376815323730653
969.9999999999792,3.326344561045327,3.370866508327214,0.044521947281887186,0.026529595472571273,1.3384646859282627,0.7383952033733268,0.4615609108768192,0.4597303884752182,0.5765367088542598,0.5462474840258718,-0.0018305224016010313,0.0008860649207788179,-0.39659389659397715,0.15268723918731106,0.0010277177796311637,0.0010879963763351368,6.0278596703973106e-5,0.00010933081883118292,5.865286939533771,7.613988998129413,0.0014974304782955385,0.0015028765390265833,5.446060731044856e-6,1.982927813457649e-5,0.36369372802160904,1.8862677387519349,14.811578235918992
970.9999999999791,3.4211863073474924,3.4494235700992317,0.028237262751739323,0.026529595472571273,0.8253646605300541,0.7383952033733268,0.4598280885794253,0.45798345930714784,0.5755142652761533,0.5450907890986565,-0.0018446292722774649,0.0008860649207788179,-0.40115628385734103,0.15268723918731106,0.001101991961279162,0.001166015737172614,6.402377589345199e-5,0.00010933081883118292,5.809822407337251,7.613988998129413,0.0015195672378748046,0.0015311801401188877,1.1612902244083085e-5,1.982927813457649e-5,0.7642243103585429,1.8862677387519349,7.810429247358476
971.9999999999791,3.422022902199974,3.449604500426822,0.027581598226848136,0.026529595472571273,0.8060027362504292,0.7383952033733268,0.45862598600403276,0.45677310150248757,0.5747783582736852,0.5442679090945819,-0.0018528845015451934,0.0008860649207788179,-0.40400774445626386,0.15268723918731106,0.0011420389356400472,0.0012083783343372738,6.63393986972266e-5,0.00010933081883118292,5.8088561280134625,7.613988998129413,0.00154023770657536,0.0015581315657878195,1.789385921245959e-5,1.982927813457649e-5,1.161759586593012,1.8862677387519349,7.590339614600129
972.9999999999791,3.4144885840517,3.4447833786409374,0.03029479458923756,0.026529595472571273,0.8872425209074549,0.7383952033733268,0.45925297495302275,0.4574072949947782,0.5750236298715954,0.5445532652117974,-0.0018456799582445282,0.0008860649207788179,-0.40188742564668717,0.15268723918731106,0.0010764284163215538,0.001138700570047159,6.227215372560531e-5,0.00010933081883118292,5.785071518123431,7.613988998129413,0.0015256934439091565,0.0015400910460105339,1.4397602101377414e-5,1.982927813457649e-5,0.9436759500314588,1.8862677387519349,8.136137452150221
973.999999999979,3.4306521944547734,3.458970779493722,0.028318585038948463,0.026529595472571273,0.82545776819702,0.7383952033733268,0.45926208185624207,0.457416917137339,0.574916602737703,0.5444365978220871,-0.0018451647189030584,0.0008860649207788179,-0.4017672679279956,0.15268723918731106,0.0010476112049076516,0.0011074202602595323,5.980905535188071e-5,0.00010933081883118292,5.709088932201042,7.613988998129413,0.001515435443133019,0.001526196529753712,1.0761086620693014e-5,1.982927813457649e-5,0.7100986498273716,1.8862677387519349,7.210663611728124
974.999999999979,3.326270241490138,3.3705175905396643,0.0442473490495261,0.026529595472571273,1.3302391518767187,0.7383952033733268,0.45920951097068896,0.4573646339160541,0.5747997724494275,0.5442840872798267,-0.0018448770546348747,0.0008860649207788179,-0.4017506193926876,0.15268723918731106,0.0010263051963128658,0.0010831159193840753,5.681072307120948e-5,0.00010933081883118292,5.5354609209141055,7.613988998129413,0.0015042920903591695,0.0015113867394472103,7.0946490880407186e-6,1.982927813457649e-5,0.4716270951306257,1.8862677387519349,14.577619439837045
975.9999999999789,3.423798723513292,3.4516346311529884,0.027835907639696345,0.026529595472571273,0.8130123844176461,0.7383952033733268,0.45765049802753,0.4557931036941943,0.5738796948180034,0.5432422523704464,-0.0018573943333357046,0.0008860649207788179,-0.4058543236249189,0.15268723918731106,0.0010902834438618239,0.0011501485156812281,5.986507181940425e-5,0.00010933081883118292,5.490780599892444,7.613988998129413,0.0015239813903852005,0.0015364276569331738,1.2446266547973305e-5,1.982927813457649e-5,0.8166941293703983,1.8862677387519349,7.506758957446252
976.9999999999789,3.4190253778861326,3.4470883438119486,0.02806296592581603,0.026529595472571273,0.8207884652545752,0.7383952033733268,0.45656509760478,0.45470042620407725,0.5732110957088281,0.5424930459437552,-0.0018646714007027332,0.0008860649207788179,-0.4084130413133032,0.15268723918731106,0.0011239603365128666,0.0011855647072731806,6.160437076031399e-5,0.00010933081883118292,5.4810093167027665,7.613988998129413,0.001541967823809974,0.0015597502389451637,1.778241513518972e-5,1.982927813457649e-5,1.1532286770583842,1.8862677387519349,7.644878848688159
977.9999999999789,3.420826951817559,3.450261530639622,0.029434578822062907,0.026529595472571273,0.8604521431995759,0.7383952033733268,0.45720300512504103,0.4553453333551033,0.5734674709963795,0.5427912520784492,-0.0018576717699377299,0.0008860649207788179,-0.40631223966466995,0.15268723918731106,0.0010596296291706378,0.0011173777709203138,5.774814174967606e-5,0.00010933081883118292,5.449842110858583,7.613988998129413,0.0015262286918199558,0.0015401788396747964,1.3950147854840554e-5,1.982927813457649e-5,0.9140273623218065,1.8862677387519349,7.628779152219764
978.9999999999787,3.421279994980468,3.4509706427670848,0.029690647786616786,0.026529595472571273,0.8678227981976754,0.7383952033733268,0.45727677128021466,0.4554199824470428,0.5734033025060788,0.5427207955825131,-0.001856788833171863,0.0008860649207788179,-0.40605360905901805,0.15268723918731106,0.0010288244446001178,0.0010840463690227529,5.522192442263506e-5,0.00010933081883118292,5.367477873652064,7.613988998129413,0.0015138852800669902,0.001523853201672005,9.967921605014791e-6,1.982927813457649e-5,0.6584330884420586,1.8862677387519349,7.665639725492458
979.9999999999787,3.3180826672279715,3.3636253917775822,0.045542724549610725,0.026529595472571273,1.372561479538378,0.7383952033733268,0.4571835620487698,0.4553266949007126,0.5732580005174396,0.5425334687496044,-0.0018568671480572174,0.0008860649207788179,-0.40615352392287835,0.15268723918731106,0.0010099137268961731,0.00106219695563794,5.228322874176682e-5,0.00010933081883118292,5.176999514844889,7.613988998129413,0.0015026875109414863,0.0015090894215653932,6.401910623906855e-6,1.982927813457649e-5,0.42603073342213604,1.8862677387519349,15.0955370401634
980.9999999999787,3.4237084178478376,3.4512546745666817,0.02754625671884403,0.026529595472571273,0.804573677339023,0.7383952033733268,0.4553882786968571,0.45351712404624284,0.5722078852354303,0.5413422921188329,-0.0018711546506142707,0.0008860649207788179,-0.41089214153003284,0.15268723918731106,0.001086713878842374,0.0011425891800213907,5.587530117901656e-5,0.00010933081883118292,5.141675492222288,7.613988998129413,0.001527048631822494,0.001540266169992265,1.3217538169770946e-5,1.982927813457649e-5,0.8655610498793445,1.8862677387519349,7.374658018849758
981.9999999999786,3.4223062706642273,3.449667422720045,0.027361152055817684,0.026529595472571273,0.7994945481751762,0.7383952033733268,0.45429480546416934,0.4524164040061772,0.5715508909448899,0.5406080917715056,-0.0018784014579921182,0.0008860649207788179,-0.41347632317144545,0.15268723918731106,0.0011217922965145787,0.0011796941543587396,5.79018578441609e-5,0.00010933081883118292,5.161548891364527,7.613988998129413,0.0015464496397172883,0.001565812660071411,1.9363020354122573e-5,1.982927813457649e-5,1.2520951123673443,1.8862677387519349,7.303415570406659
982.9999999999786,3.4222798352466532,3.451504207959629,0.029224372712975732,0.026529595472571273,0.8539445667764761,0.7383952033733268,0.4550955779530584,0.4532253774637637,0.5718993217574234,0.5410155168335826,-0.0018702004892947044,0.0008860649207788179,-0.4109467505060243,0.15268723918731106,0.001049015114414809,0.0011029558504344079,5.3940736019598935e-5,0.00010933081883118292,5.142036113530135,7.613988998129413,0.0015280761549959364,0.00154300599866988,1.4929843673943538e-5,1.982927813457649e-5,0.9770353149698381,1.8862677387519349,7.413911561471217
983.9999999999785,3.4135113446280783,3.4443584773420595,0.030847132713981207,0.026529595472571273,0.90367746287195,0.7383952033733268,0.4552713550570888,0.45340260058303467,0.5718944296234637,0.5410134399737976,-0.0018687544740541573,0.0008860649207788179,-0.4104704706975963,0.15268723918731106,0.0010134195997964785,0.001064702890740176,5.128329094369736e-5,0.00010933081883118292,5.060420279417962,7.613988998129413,0.0015131403950306088,0.0015233532648909374,1.0212869860328627e-5,1.982927813457649e-5,0.6749452921797144,1.8862677387519349,8.026686887080466
984.9999999999785,3.3200653091434362,3.3651876161544663,0.04512230701103004,0.026529595472571273,1.3590788978386517,0.7383952033733268,0.45509360632677875,0.45322409076631887,0.5716890842934714,0.5407552339172388,-0.001869515560459889,0.0008860649207788179,-0.4107980280253571,0.15268723918731106,0.0009983584705563736,0.0010467018202924316,4.834334973605799e-5,0.00010933081883118292,4.8422837249146395,7.613988998129413,0.0015027769809390927,0.0015093740716460534,6.597090706960719e-6,1.982927813457649e-5,0.43899332972469174,1.8862677387519349,14.762379950495006
985.9999999999785,3.4147115409468918,3.443497925594576,0.028786384647684127,0.026529595472571273,0.8430107287979507,0.7383952033733268,0.4532899361618637,0.45140677024965453,0.5706145522966485,0.5395252540770789,-0.0018831659122091615,0.0008860649207788179,-0.41544401540313675,0.15268723918731106,0.001073100454585558,0.0011240262632974023,5.0925808711844295e-5,0.00010933081883118292,4.7456702207355175,7.613988998129413,0.0015271073891566483,0.001540158735154097,1.3051345997448609e-5,1.982927813457649e-5,0.8546449378819567,1.8862677387519349,7.795822704187358
986.9999999999784,3.4134473016253497,3.44201104680855,0.02856374518320015,0.026529595472571273,0.8368005321072106,0.7383952033733268,0.452178077581921,0.45028796108884284,0.5699324066387135,0.5387574510274443,-0.0018901164930781866,0.0008860649207788179,-0.41800268230291515,0.15268723918731106,0.0011075766706124205,0.0011600802459261854,5.250357531376491e-5,0.00010933081883118292,4.740400976912391,7.613988998129413,0.0015467953494136448,0.0015658105065659079,1.901515715226304e-5,1.982927813457649e-5,1.2293259841692215,1.8862677387519349,7.710500795099145
987.9999999999784,3.4209057412971813,3.450070213845445,0.02916447254826382,0.026529595472571273,0.8525365722940054,0.7383952033733268,0.45280527132432286,0.45092183442918016,0.5701726701757045,0.5390476577195917,-0.0018834368951426983,0.0008860649207788179,-0.41594853558886297,0.15268723918731106,0.0010439328552127138,0.0010933516114052851,4.941875619257131e-5,0.00010933081883118292,4.733901797017553,7.613988998129413,0.001532172985992616,0.0015475510805666411,1.537809457402518e-5,1.982927813457649e-5,1.0036787434979155,1.8862677387519349,7.350676455656783
988.9999999999783,3.423222505614532,3.45254171115746,0.029319205542928106,0.026529595472571273,0.8564796911343268,0.7383952033733268,0.4529830964611101,0.4511010353282604,0.5701721774081359,0.5390547405029789,-0.0018820611328497217,0.0008860649207788179,-0.4154815372920438,0.15268723918731106,0.0010086902158359839,0.0010558350432091777,4.714482737319388e-5,0.00010933081883118292,4.673865834429762,7.613988998129413,0.001518322908204922,0.001529289651326723,1.0966743121801131e-5,1.982927813457649e-5,0.7222932001182052,1.8862677387519349,7.2875372174993815
989.9999999999783,3.311972120039093,3.358466358279953,0.04649423824086041,0.026529595472571273,1.403823358280915,0.7383952033733268,0.4530378980343275,0.4511565059630268,0.5701210217069916,0.5389763553893828,-0.0018813920713006693,0.0008860649207788179,-0.4152835953600758,0.15268723918731106,0.0009835729202055464,0.0010278344486884948,4.426152848294846e-5,0.00010933081883118292,4.500075955090215,7.613988998129413,0.0015038594425076676,0.0015104743256276571,6.6148831199895185e-6,1.982927813457649e-5,0.439860463884795,1.8862677387519349,15.24566269337977
990.9999999999783,3.413934091614783,3.4428203032128644,0.028886211598081246,0.026529595472571273,0.8461268092149411,0.7383952033733268,0.4512403982434514,0.4493451535736042,0.5690721517967845,0.5377753741430126,-0.0018952446698471959,0.0008860649207788179,-0.4200077557826906,0.15268723918731106,0.0010601262265174962,0.0011070380873551664,4.69118608376702e-5,0.00010933081883118292,4.425120298341754,7.613988998129413,0.0015273232051031067,0.001540482910350346,1.3159705247239297e-5,1.982927813457649e-5,0.8616188900469767,1.8862677387519349,7.724720727622648
991.9999999999782,3.4182545226215693,3.445982241039544,0.027727718417974945,0.026529595472571273,0.8111659981571432,0.7383952033733268,0.45000221904822363,0.44809919974218776,0.5683194008570966,0.5369241661245067,-0.001903019306035869,0.0008860649207788179,-0.42289109375079226,0.15268723918731106,0.0011015086995853705,0.0011500253516187374,4.8516652033366936e-5,0.00010933081883118292,4.4045636726818005,7.613988998129413,0.0015490776588389609,0.001568830948191975,1.9753289353014163e-5,1.982927813457649e-5,1.2751645626223365,1.8862677387519349,7.295205515928184
992.9999999999782,3.418378966529534,3.447946123994359,0.0295671574648253,0.026529595472571273,0.8649467409648552,0.7383952033733268,0.45076043014515726,0.44886513849345033,0.5686326099462502,0.5372974251224826,-0.0018952916517069318,0.0008860649207788179,-0.42046540134336896,0.15268723918731106,0.0010313541620642305,0.0010766258942923337,4.527173222810318e-5,0.00010933081883118292,4.389542786882529,7.613988998129413,0.001531915155818059,0.001547512924456904,1.559776863884507e-5,1.982927813457649e-5,1.0181875007637544,1.8862677387519349,7.387669847131532
993.9999999999782,3.4181272538741205,3.4482119618788487,0.030084708004728178,0.026529595472571273,0.8801517840106753,0.7383952033733268,0.4509851456277106,0.4490914446658369,0.5686554204648462,0.5373313728934749,-0.00189370096187369,0.0008860649207788179,-0.41990317868184174,0.15268723918731106,0.000993940023024715,0.0010369252819849727,4.298525896025769e-5,0.00010933081883118292,4.324733682566361,7.613988998129413,0.0015164328527013109,0.0015272311037221012,1.0798251020790323e-5,1.982927813457649e-5,0.7120823715705423,1.8862677387519349,7.487116916429191
994.9999999999781,3.3156512647000147,3.3614355634488295,0.045784298748814845,0.026529595472571273,1.3808538683261433,0.7383952033733268,0.450943158762622,0.44904938538190703,0.568535214330922,0.5371721203855346,-0.001893773380714947,0.0008860649207788179,-0.419958334862296,0.15268723918731106,0.0009730638260958139,0.001013228724517685,4.0164898421871055e-5,0.00010933081883118292,4.127673575434729,7.613988998129413,0.001503278506172444,0.001509881243386847,6.602737214402889e-6,1.982927813457649e-5,0.43922248520763957,1.8862677387519349,14.777970351886836
995.9999999999781,3.415274253914469,3.4440446619928005,0.02877040807833131,0.026529595472571273,0.8424040337421121,0.7383952033733268,0.4492102403747814,0.44730374933142775,0.5675021449790529,0.5359780011482576,-0.0019064910433536641,0.0008860649207788179,-0.42440952409345256,0.15268723918731106,0.0010436799880636457,0.001085378820828586,4.169883276494029e-5,0.00010933081883118292,3.995365748298454,7.613988998129413,0.0015253609482569377,0.0015378700231777345,1.2509074920796738e-5,1.982927813457649e-5,0.8200731069646907,1.8862677387519349,7.539249396169937
996.999999999978,3.4178945725060137,3.4458512130134533,0.027956640507439623,0.026529595472571273,0.8179491764411475,0.7383952033733268,0.44808988468582706,0.4461767885565949,0.5668104521641837,0.5351896245733828,-0.001913096129232128,0.0008860649207788179,-0.4269447257381123,0.15268723918731106,0.0010784234249474267,0.0011210406402257635,4.2617215278336826e-5,0.00010933081883118292,3.9518072672071662,7.613988998129413,0.0015442307205836782,0.0015624887353761548,1.825801479247665e-5,1.982927813457649e-5,1.1823372342686984,1.8862677387519349,7.232761048721103
997.999999999978,3.410741214484521,3.4414454866243576,0.030704272139836508,0.026529595472571273,0.9002228609266378,0.7383952033733268,0.4488316997669786,0.4469257641886196,0.5671242789985774,0.5355654857576232,-0.001905935578358997,0.0008860649207788179,-0.424643709289809,0.15268723918731106,0.0010114701500994435,0.001051441136417343,3.99709863178996e-5,0.00010933081883118292,3.9517712227068507,7.613988998129413,0.0015265236551656586,0.0015406827993957976,1.4159144230139033e-5,1.982927813457649e-5,0.9275417503178148,1.8862677387519349,7.761014384613332
998.999999999978,3.418021593939622,3.448053554930404,0.030031960990782203,0.026529595472571273,0.8786357887273402,0.7383952033733268,0.44893985407739934,0.44703452686722145,0.5670735212521392,0.5355139319510062,-0.0019053272101778873,0.0008860649207788179,-0.4244058959954578,0.15268723918731106,0.000980260213037133,0.0010182651151290892,3.800490209195616e-5,0.00010933081883118292,3.877021793448685,7.613988998129413,0.0015129756765518687,0.0015229176656278124,9.941989075943616e-6,1.982927813457649e-5,0.6571149311931969,1.8862677387519349,7.3971949771925445
999.9999999999778,3.312373463126077,3.3585498275755823,0.046176364449505236,0.026529595472571273,1.3940567077821577,0.7383952033733268,0.44884276869337564,0.4469369404108927,0.5669187387171669,0.5353154442444438,-0.0019058282824829242,0.0008860649207788179,-0.4246093321344963,0.15268723918731106,0.0009622318293337187,0.0009976986670687806,3.546683773506193e-5,0.00010933081883118292,3.6858932176064423,7.613988998129413,0.001501347404711949,0.0015076338147835843,6.286410071635381e-6,1.982927813457649e-5,0.4187178831432091,1.8862677387519349,14.88924117658098
