Time (s),Voltage (P2D) (V),Voltage (sP2D) (V),Voltage Error (V),average Voltage Error (V),Voltage Error Percentage (%),average Voltage Error Percentage (%),Average Concentration (P2D) (c/c_max),Average Concentration (sP2D) (c/c_max),First Position Concentration (P2D) (c/c_max),First Position Concentration (sP2D) (c/c_max),Concentration Error (c/c_max),average Concentration Error (c/c_max),Concentration Error Percentage (%),average Concentration Error Percentage (%),Negative Stress (P2D) (σ/E),Negative Stress (sP2D) (σ/E),Negative Stress Error (σ/E),average Negative Stress Error (σ/E),Negative Stress Error Percentage (%),average Negative Stress Error Percentage (%),Positive Stress (P2D) (σ/E),Positive Stress (sP2D) (σ/E),Positive Stress Error (σ/E),average Positive Stress Error (σ/E),Positive Stress Error Percentage (%),average Positive Stress Error Percentage (%),Current (A)
0.0,4.174576656927865,4.174841662464803,0.00026500553693775686,0.00827824680432259,0.006348081703038566,0.21228580352729162,0.9013973983641687,0.9013973983641687,0.9013973983641687,0.9013973983641687,0.0,0.0004782413234142644,0.0,0.05983579227568604,-3.961960626703949e-10,-3.961960626703949e-10,0.0,0.00012526121357467443,-0.0,70.97571353421924,4.644398249759261e-11,4.644398249759261e-11,0.0,5.011435910590469e-5,0.0,28.811528674190974,0.136764
1.0,4.174576649808142,4.174841655598763,0.00026500579062105345,0.00827824680432259,0.006348087790728021,0.21228580352729162,0.9013973954850744,0.9013973954846183,0.9013973955767178,0.9013973955783035,-4.560796185160143e-13,0.0004782413234142644,-5.059695321957098e-11,0.05983579227568604,-2.591555147107162e-10,-2.590346445668913e-10,-1.2087014382493694e-13,0.00012526121357467443,0.04664000453930487,70.97571353421924,8.456674154262577e-11,9.5928726975553e-11,1.1361985432927219e-11,5.011435910590469e-5,13.435524682241923,28.811528674190974,0.136764
2.0,4.17439021718239,4.174616534999022,0.0002263178166321822,0.00827824680432259,0.005421577879821238,0.21228580352729162,0.9013391782996262,0.9013391690826147,0.9013410314878028,0.9013410635561245,-9.217011487372417e-9,0.0004782413234142644,-1.0225907970360596e-6,0.05983579227568604,2.6787428648306225e-6,2.6811057840358653e-6,2.362919205242889e-9,0.00012526121357467443,0.08821000463559973,70.97571353421924,9.945997816128647e-7,1.2910118710816393e-6,2.9641208946877466e-7,5.011435910590469e-5,29.802147049349475,28.811528674190974,0.136764
3.0,4.174223780735508,4.174436784772732,0.00021300403722435135,0.00827824680432259,0.005102841831513392,0.21228580352729162,0.9013079691442113,0.90130795270214,0.9013108225306954,0.9013109748853558,-1.644207126005881e-8,0.0004782413234142644,-1.8242456322305124e-6,0.05983579227568604,3.960704345707483e-6,3.970388839575972e-6,9.684493868489626e-9,0.00012526121357467443,0.24451443539292325,70.97571353421924,1.8552231892508179e-6,2.380222949706816e-6,5.249997604559983e-7,5.011435910590469e-5,28.298469073578442,28.811528674190974,0.136764
4.0,4.174073917270464,4.174280760273492,0.00020684300302775682,0.00827824680432259,0.00495542261894147,0.21228580352729162,0.9012842884848734,0.901284264257459,0.9012879197185426,0.9012883063096989,-2.4227414407995695e-8,0.0004782413234142644,-2.6880990512686956e-6,0.05983579227568604,4.85691532251576e-6,4.879444235115096e-6,2.2528912599336004e-8,0.00012526121357467443,0.46385228284495994,70.97571353421924,2.595302854330866e-6,3.252733394970175e-6,6.574305406393092e-7,5.011435910590469e-5,25.331553870186426,28.811528674190974,0.136764
5.0,4.173937641812424,4.174141824285349,0.00020418247292486313,0.00827824680432259,0.00489184291781135,0.21228580352729162,0.9012642099210316,0.9012641794242007,0.901268525112048,0.9012691577901583,-3.049683094946687e-8,0.0004782413234142644,-3.383783646766467e-6,0.05983579227568604,5.569009532310003e-6,5.60313525495572e-6,3.4125722645717086e-8,0.00012526121357467443,0.61277903095206,70.97571353421924,3.2477129536456806e-6,3.963291359528296e-6,7.15578405882615e-7,5.011435910590469e-5,22.03330208352777,28.811528674190974,0.136764
6.0,4.173812476794799,4.1740165508997,0.00020407410490097533,0.00827824680432259,0.004889393235454847,0.21228580352729162,0.9012463427921132,0.9012463071724975,0.901251292511458,0.901252163827227,-3.5619615701421026e-8,0.0004782413234142644,-3.952261885587174e-6,0.05983579227568604,6.168125493071472e-6,6.212185995358286e-6,4.4060502286814045e-8,0.00012526121357467443,0.71432564620007,70.97571353421924,3.836038990929218e-6,4.5711896694308036e-6,7.351506785015852e-7,5.011435910590469e-5,19.16431715735785,28.811528674190974,0.136764
7.000000000000001,4.173696668394801,4.173900474684447,0.00020380628964566938,0.00827824680432259,0.004883112162629993,0.21228580352729162,0.9012300092715809,0.9012299694278741,0.9012355659851924,0.9012366617699226,-3.9843706778341925e-8,0.0004782413234142644,-4.421036402299298e-6,0.05983579227568604,6.6890186661896265e-6,6.741374634359536e-6,5.235596816990979e-8,0.00012526121357467443,0.7827152349648647,70.97571353421924,4.373788247070554e-6,5.112798081375006e-6,7.390098343044515e-7,5.011435910590469e-5,16.89633316837916,28.811528674190974,0.136764
8.0,4.173588798307205,4.173794339630843,0.0002055413236377035,0.00827824680432259,0.00492481012315038,0.21228580352729162,0.9012148182518833,0.9012147747846431,0.9012209667361711,0.9012222715725887,-4.3467240251615635e-8,0.0004782413234142644,-4.82318303819399e-6,0.05983579227568604,7.151697295147206e-6,7.211001025261169e-6,5.930373011396255e-8,0.00012526121357467443,0.8292259538753572,70.97571353421924,4.86852580201357e-6,5.607050023996603e-6,7.385242219830329e-7,5.011435910590469e-5,15.169360336502422,28.811528674190974,0.136764
9.0,4.173487791233505,4.173693931299861,0.00020614006635621962,0.00827824680432259,0.0049392756530693815,0.21228580352729162,0.9012005197966663,0.9012004731216221,0.9012072522225008,0.9012087503443413,-4.667504416300261e-8,0.0004782413234142644,-5.179207416961287e-6,0.05983579227568604,7.568930323934081e-6,7.634038879695555e-6,6.510855576147355e-8,0.00012526121357467443,0.8602081532656024,70.97571353421924,5.325520808766636e-6,6.062734769077572e-6,7.372139603109358e-7,5.011435910590469e-5,13.843039709794521,28.811528674190974,0.136764
10.0,4.173392709442947,4.173601441347805,0.00020873190485826143,0.00827824680432259,0.0050014920567137905,0.21228580352729162,0.9011869427642047,0.9011868931435292,0.9011942557713959,0.9011959322434957,-4.96206755684625e-8,0.0004782413234142644,-5.506146750890701e-6,0.05983579227568604,7.949432683022288e-6,8.019416770976658e-6,6.998408795437039e-8,0.00012526121357467443,0.8803658165926277,70.97571353421924,5.749263140044036e-6,6.485062053836127e-6,7.357989137920906e-7,5.011435910590469e-5,12.798142924911499,28.811528674190974,0.136764
11.0,4.173302821974434,4.17351263525832,0.000209813283886362,0.00827824680432259,0.005027511609787691,0.21228580352729162,0.9011739639174784,0.9011739115335835,0.9011818568777029,0.9011836973791905,-5.238389488848583e-8,0.0004782413234142644,-5.81285045794806e-6,0.05983579227568604,8.299466197897003e-6,8.373522444747712e-6,7.405624685070966e-8,0.00012526121357467443,0.8923013249873194,70.97571353421924,6.1438346891268825e-6,6.877843838814705e-6,7.340091496878222e-7,5.011435910590469e-5,11.947084953096846,28.811528674190974,0.136764
12.0,4.173217473470043,4.173430262686129,0.0002127892160856959,0.00827824680432259,0.005098924689126278,0.21228580352729162,0.9011614910518674,0.9011614360241014,0.9011699649810468,0.9011719561664004,-5.5027766010518064e-8,0.0004782413234142644,-6.1063157443942394e-6,0.05983579227568604,8.623702224030528e-6,8.70114768346871e-6,7.744545943818215e-8,0.00012526121357467443,0.898053497514967,70.97571353421924,6.512867529037054e-6,7.244587766871837e-6,7.317202378347837e-7,5.011435910590469e-5,11.234993412233132,28.811528674190974,0.136764
13.000000000000002,4.17313615575467,4.173350268193985,0.0002141124393153504,0.00827824680432259,0.005130732171776703,0.21228580352729162,0.9011494530575019,0.9011493954717963,0.9011585099442797,0.9011606393885626,-5.758570564839971e-8,0.0004782413234142644,-6.39025030232418e-6,0.05983579227568604,8.925739935360218e-6,9.005977333366867e-6,8.023739800664923e-8,0.00012526121357467443,0.8989439372839074,70.97571353421924,6.85950965179143e-6,7.588432228323136e-6,7.289225765317059e-7,5.011435910590469e-5,10.626453107203377,28.811528674190974,0.136764
14.000000000000002,4.173058402757067,4.173275586305832,0.00021718354876476553,0.00827824680432259,0.0052044215010572615,0.21228580352729162,0.9011377937414106,0.9011377336580323,0.9011474361016547,0.9011496923343858,-6.008337827267951e-8,0.0004782413234142644,-6.667501761658547e-6,0.05983579227568604,9.208414954295094e-6,9.290924067014696e-6,8.250911271960158e-8,0.00012526121357467443,0.896018621327623,70.97571353421924,7.18642285972889e-6,7.912144566226704e-6,7.257217064978142e-7,5.011435910590469e-5,10.098511048724905,28.811528674190974,0.136764
15.0,4.172983856247772,4.173202455962088,0.0002185997143167029,0.00827824680432259,0.005238450994470453,0.21228580352729162,0.9011264677846301,0.9011264052470489,0.9011366983894898,0.9011390709450444,-6.253758122465314e-8,0.0004782413234142644,-6.939933900554308e-6,0.05983579227568604,9.474014626975339e-6,9.558343201385514e-6,8.432857441017558e-8,0.00012526121357467443,0.8901039076936512,70.97571353421924,7.495863027903714e-6,8.218110982117248e-6,7.222479542135333e-7,5.011435910590469e-5,9.635287511590464,28.811528674190974,0.136764
16.0,4.172912178059392,4.1731337909015975,0.00022161284220523214,0.00827824680432259,0.005310747812293833,0.21228580352729162,0.9011154380195419,0.9011153730610076,0.9011262597037067,0.9011287389532913,-6.495853421828457e-8,0.0004782413234142644,-7.208680650400295e-6,0.05983579227568604,9.724407883371305e-6,9.810156541596112e-6,8.574865822480677e-8,0.00012526121357467443,0.8817879633724188,70.97571353421924,7.78972634500791e-6,8.508310405338166e-6,7.185840603302552e-7,5.011435910590469e-5,9.22476642315893,28.811528674190974,0.136764
17.0,4.1728431109956565,4.17306615379118,0.00022304279552365358,0.00827824680432259,0.005345103795920923,0.21228580352729162,0.9011046735112522,0.9011046061551093,0.9011160890644636,0.9011186663131495,-6.735614288544411e-8,0.0004782413234142644,-7.474841143924333e-6,0.05983579227568604,9.961152344798414e-6,1.0047976486986369e-5,8.682414218795436e-8,0.00012526121357467443,0.8716274903002844,70.97571353421924,8.069636819892402e-6,8.78445920213159e-6,7.148223822391881e-7,5.011435910590469e-5,8.858172904102508,28.811528674190974,0.136764
18.0,4.172776404124799,4.17300232938297,0.00022592525817088926,0.00827824680432259,0.0054142670560435886,0.21228580352729162,0.9010941481968312,0.9010940784633252,0.9011061602812416,0.9011088275130855,-6.97335059696158e-8,0.0004782413234142644,-7.738759163974009e-6,0.05983579227568604,1.01855543988222e-5,1.0273145859561132e-5,8.759146073893096e-8,0.00012526121357467443,0.8599577137309239,70.97571353421924,8.336971823564089e-6,9.04795803860841e-6,7.109862150443203e-7,5.011435910590469e-5,8.528111046684224,28.811528674190974,0.136764
19.0,4.17271186912428,4.172939197057146,0.00022732793286639463,0.00827824680432259,0.005447966214693457,0.21228580352729162,0.9010838398695555,0.9010837677723734,0.9010964509820804,0.901099200987362,-7.209718211331761e-8,0.0004782413234142644,-8.001162480480695e-6,0.05983579227568604,1.0398730072159351e-5,1.0486824503530416e-5,8.809443137106467e-8,0.00012526121357467443,0.8471652861431703,70.97571353421924,8.592928088053934e-6,9.300062422635075e-6,7.071343345811415e-7,5.011435910590469e-5,8.229259308758957,28.811528674190974,0.136764
20.0,4.172649315538082,4.1728793640377155,0.00023004849963381702,0.00827824680432259,0.005513247872932049,0.21228580352729162,0.9010737294341238,0.9010736549871593,0.9010869418726847,0.9010897679746431,-7.444696448200006e-8,0.0004782413234142644,-8.262028072747489e-6,0.05983579227568604,1.0601634056655298e-5,1.0689992276404253e-5,8.835821974895503e-8,0.00012526121357467443,0.8334396308792337,70.97571353421924,8.838528521969102e-6,9.541791017536726e-6,7.032624955676236e-7,5.011435910590469e-5,7.956782555145801,28.811528674190974,0.136764
21.0,4.109676177323208,4.112949690411375,0.003273513088166702,0.00827824680432259,0.07965379623410787,0.21228580352729162,0.9010638003229746,0.9010637235352779,0.9010776161800825,0.9010805123788203,-7.678769675667496e-8,0.0004782413234142644,-8.521893425210448e-6,0.05983579227568604,1.0795097954136614e-5,1.0883515950125869e-5,8.841799598925489e-8,0.00012526121357467443,0.8190569123587588,70.97571353421924,9.07467306554274e-6,9.774087499826175e-6,6.994144342834351e-7,5.011435910590469e-5,7.707323770584836,28.811528674190974,1.72035
22.0,4.032120845601527,4.041133053666825,0.009012208065297678,0.00827824680432259,0.22351036614214376,0.21228580352729162,0.9007166227526151,0.9007164491370839,0.9007485339387833,0.9007521590558617,-1.7361553117378747e-7,0.0004782413234142644,-1.9275266691894013e-5,0.05983579227568604,2.7099059871953155e-5,2.72289808809032e-5,1.299210089500459e-7,0.00012526121357467443,0.4794299490976471,70.97571353421924,1.5071410418929546e-5,1.7496181243475607e-5,2.424770824546061e-6,5.011435910590469e-5,16.088546175483167,28.811528674190974,4.95765
23.0,3.986449342406659,3.9991253082772698,0.012675965870610817,0.00827824680432259,0.3179763439050303,0.21228580352729162,0.8994948402774685,0.8994937236286703,0.899655595657115,0.8996711341715425,-1.1166487982050555e-6,0.0004782413234142644,-0.0001241417680462293,0.05983579227568604,9.052351972924875e-5,9.145701282365623e-5,9.334930944074815e-7,0.00012526121357467443,1.0312160830682588,70.97571353421924,3.792977418654606e-5,4.720533655339762e-5,9.275562366851561e-6,5.011435910590469e-5,24.454567858043468,28.811528674190974,7.4925
24.0,3.9314129358994885,3.9489054805606902,0.01749254466120176,0.00827824680432259,0.444942949174062,0.21228580352729162,0.8975528719785109,0.8975483982808573,0.898026478027779,0.8980927230663223,-4.473697653550879e-6,0.0004782413234142644,-0.0004984327712850311,0.05983579227568604,0.0001999447853568455,0.0002045902966165937,4.6455112597481945e-6,0.00012526121357467443,2.3233970575712974,70.97571353421924,7.905574572227239e-5,0.00010051526300401667,2.145951728174428e-5,5.011435910590469e-5,27.144791419883457,28.811528674190974,11.0367
25.0,3.890243675575771,3.910634902936082,0.020391227360310626,0.00827824680432259,0.5241632417098563,0.21228580352729162,0.8950167697655479,0.8950017164056832,0.8960903314608595,0.8963111989768096,-1.5053359864736215e-5,0.0004782413234142644,-0.0016819081354955486,0.05983579227568604,0.0003620275754558173,0.000379464964226624,1.74373887708067e-5,0.00012526121357467443,4.816591318728096,70.97571353421924,0.0001377559278762892,0.00017645361673498022,3.8697688858691035e-5,5.011435910590469e-5,28.091487208770605,28.811528674190974,13.6944
26.000000000000004,3.858813478998507,3.8804543250871957,0.021640846088688548,0.00827824680432259,0.560816069666707,0.21228580352729162,0.8919645157967082,0.8919255093993229,0.8939472141435421,0.8944814120793922,-3.900639738529943e-5,0.0004782413234142644,-0.004373088468710964,0.05983579227568604,0.0005776827122603048,0.0006237893453683093,4.610663310800447e-5,0.00012526121357467443,7.981307407937238,70.97571353421924,0.00021314239226115234,0.0002735887210105237,6.0446328749371364e-5,5.011435910590469e-5,28.359599471563406,28.811528674190974,15.47234999999996
27.000000000000004,4.008029771343048,4.007572575632759,-0.0004571957102887936,0.00827824680432259,-0.011406993869099736,0.21228580352729162,0.8888483031452689,0.8887691696035297,0.8918917347502441,0.8928924561214312,-7.913354173916254e-5,0.0004782413234142644,-0.00890292994419199,0.05983579227568604,0.0008105271225549125,0.00090298734651528,9.246022396036744e-5,0.00012526121357467443,11.407418874388542,70.97571353421924,0.00029753388052204053,0.0003810821714582219,8.354829093618136e-5,5.011435910590469e-5,28.08026124271663,28.811528674190974,3.944115000000009
28.000000000000004,3.9551846507334045,3.960808148298657,0.005623497565252489,0.00827824680432259,0.14218040526147702,0.21228580352729162,0.8886630812756284,0.8885755366288342,0.8917288600330016,0.8928582069808134,-8.754464679427976e-5,0.0004782413234142644,-0.009851275318944733,0.05983579227568604,0.0007871475189911803,0.0008869854646325337,9.983794564135339e-5,0.00012526121357467443,12.683511442595558,70.97571353421924,0.0003353284232254011,0.00042217660691261133,8.684818368721024e-5,5.011435910590469e-5,25.899439973459277,28.811528674190974,6.534000000000045
29.0,3.8008076745815895,3.830524774166712,0.029717099585122586,0.00827824680432259,0.7818627546944737,0.21228580352729162,0.8897861770478838,0.889715424810443,0.892295589104143,0.8933251082076419,-7.07522374407965e-5,0.0004782413234142644,-0.007951599976023113,0.05983579227568604,0.0006420588310065076,0.000721327806222844,7.926897521633646e-5,0.00012526121357467443,12.346061044292846,70.97571353421924,0.0003360050619358351,0.0004100194009859136,7.40143390500785e-5,5.011435910590469e-5,22.027745243972717,28.811528674190974,19.25145
30.0,3.9050975524776055,3.9158326070133915,0.010735054535786048,0.00827824680432259,0.2748984984760534,0.21228580352729162,0.8865130296193061,0.8863901593339013,0.8902830774216773,0.8918550722288084,-0.00012287028540480804,0.0004782413234142644,-0.013859952566920764,0.05983579227568604,0.0009238522176640618,0.0010610462825192378,0.000137194064855176,0.00012526121357467443,14.850217624856487,70.97571353421924,0.00040202798171765937,0.0004919811398964326,8.995315817877323e-5,5.011435910590469e-5,22.374850077462153,28.811528674190974,9.31725
31.0,3.92452499507375,3.9306679060324234,0.006142910958673475,0.00827824680432259,0.15652622843234146,0.21228580352729162,0.8839505498921391,0.8837901919260446,0.8886318119053638,0.8906238465138608,-0.00016035796609448205,0.0004782413234142644,-0.018141056206599924,0.05983579227568604,0.0011113787286948032,0.0012872496677861975,0.00017587093909139434,0.00012526121357467443,15.824573077616499,70.97571353421924,0.00047323967727470455,0.0005824258204631431,0.00010918614318843853,5.011435910590469e-5,23.072060190984057,28.811528674190974,7.4115
32.0,4.006810827895863,4.006250913112742,-0.000559914783120341,0.00827824680432259,-0.013974075821652273,0.21228580352729162,0.8846555378962069,0.8845158357350532,0.8887863114387696,0.8906904716344342,-0.0001397021611536653,0.0004782413234142644,-0.015791701421537473,0.05983579227568604,0.0009640056049254862,0.001113677773389155,0.0001496721684636688,0.00012526121357467443,15.52606828206542,70.97571353421924,0.0004892325413081178,0.00059435816603733,0.00010512562472921212,5.011435910590469e-5,21.487864328919237,28.811528674190974,2.891295
33.0,4.127771636438192,4.121807447537219,-0.005964188900972722,0.00827824680432259,-0.14448931351539482,0.21228580352729162,0.8857731743416294,0.8856490310476596,0.8894529775210206,0.891235410338663,-0.00012414329396981394,0.0004782413234142644,-0.014015246517494303,0.05983579227568604,0.0008318285551171895,0.0009602156134090344,0.00012838705829184497,0.00012526121357467443,15.434317264301848,70.97571353421924,0.00048095105800274125,0.0005752035923028591,9.42525343001179e-5,5.011435910590469e-5,19.597115492691294,28.811528674190974,-0.640035
34.0,4.167769895744639,4.162250949716103,-0.005518946028535865,0.00827824680432259,-0.13241964327663094,0.21228580352729162,0.8877767819900171,0.887670219590822,0.8909876686908154,0.8925600412542709,-0.00010656239919504262,0.0004782413234142644,-0.012003287465591874,0.05983579227568604,0.0006715319101518321,0.0007748360904957325,0.00010330418034390043,0.00012526121357467443,15.383361353676186,70.97571353421924,0.0004441228182989032,0.0005189538138530269,7.483099555412369e-5,5.011435910590469e-5,16.849167048147702,28.811528674190974,-1.671615
35.0,4.172087825324446,4.168625857716419,-0.0034619676080271944,0.00827824680432259,-0.08297926009642358,0.21228580352729162,0.8897032848394016,0.8896083993604537,0.8926057232200114,0.8940344880475971,-9.488547894798138e-5,0.0004782413234142644,-0.010664845298970538,0.05983579227568604,0.0005430253783658955,0.0006297613231503945,8.673594478449901e-5,0.00012526121357467443,15.972723972037919,70.97571353421924,0.0003950601962135696,0.000447135864683182,5.2075668469612406e-5,5.011435910590469e-5,13.18170470442947,28.811528674190974,-1.62882
36.0,4.1596187286505435,4.15843196999114,-0.0011867586594034307,0.00827824680432259,-0.028530467257234342,0.21228580352729162,0.8910506148903682,0.8909636639987811,0.8937549082224823,0.895090122111472,-8.695089158705649e-5,0.0004782413234142644,-0.00975824382296786,0.05983579227568604,0.00045682278076792103,0.0005324547973714826,7.563201660356153e-5,0.00012526121357467443,16.556095665024365,70.97571353421924,0.00034872282217978447,0.0003798167204199109,3.1093898240126426e-5,5.011435910590469e-5,8.916507972081027,28.811528674190974,-1.09512
37.0,4.179992370137226,4.178486030615331,-0.0015063395218950504,0.00827824680432259,-0.03603689644643055,0.21228580352729162,0.8918806811382359,0.8917995716488141,0.8944480512333928,0.8957003512940446,-8.110948942186003e-5,0.0004782413234142644,-0.009094208579374818,0.05983579227568604,0.0004009735467926924,0.0004678416867764818,6.686813998378941e-5,0.00012526121357467443,16.676446742847343,70.97571353421924,0.00031071759700733995,0.0003258328281762144,1.5115231168874468e-5,5.011435910590469e-5,4.864620257898496,28.811528674190974,-1.548855
38.0,4.359064038701659,4.339793831219045,-0.019270207482613877,0.00827824680432259,-0.4420721354750613,0.21228580352729162,0.892556928267631,0.8924804416663272,0.8950205039129069,0.8962010595406642,-7.648660130377127e-5,0.0004782413234142644,-0.008569380717510598,0.05983579227568604,0.0003562476664138209,0.0004159632564362705,5.971559002244958e-5,0.00012526121357467443,16.76238068408379,70.97571353421924,0.0002780843353717658,0.00028201724739392915,3.9329120221633595e-6,5.011435910590469e-5,1.4142875099043324,28.811528674190974,-11.10555
39.0,4.3111173036575945,4.301375247192809,-0.009742056464785875,0.00827824680432259,-0.2259752119600322,0.21228580352729162,0.895282865816948,0.8952174905612708,0.8972719141207176,0.8983409658554667,-6.53752556772913e-5,0.0004782413234142644,-0.007302189975191383,0.05983579227568604,0.0001925234304088265,0.00023942623718148958,4.6902806772663086e-5,0.00012526121357467443,24.36212915646903,70.97571353421924,0.0002104264797758379,0.00019121908136338702,-1.920739841245088e-5,5.011435910590469e-5,-9.127842861274894,28.811528674190974,-6.95565
40.0,4.091297937222989,4.099486619734716,0.008188682511726775,0.00827824680432259,0.20014877032604786,0.21228580352729162,0.8980930756706811,0.8980384525075944,0.8996829089090775,0.9006271375995616,-5.462316308668669e-5,0.0004782413234142644,-0.006082127183298347,0.05983579227568604,3.97617148389969e-5,7.389758223192111e-5,3.413586739292421e-5,0.00012526121357467443,85.85109452936607,70.97571353421924,0.00013096065152549965,8.797158302961664e-5,-4.2989068495883015e-5,5.011435910590469e-5,-32.825942750836504,28.811528674190974,1.372995
41.0,4.049494305002434,4.059095162138177,0.009600857135742658,0.00827824680432259,0.23708780436812807,0.21228580352729162,0.8973568255918173,0.897302583910135,0.8990656940738936,0.8999570828413554,-5.424168168233212e-5,0.0004782413234142644,-0.006044605683648654,0.05983579227568604,9.109665118094646e-5,0.00012281606455150695,3.171941337056049e-5,0.00012526121357467443,34.819516370097745,70.97571353421924,0.0001107729991267928,7.139454437467525e-5,-3.9378454752117556e-5,5.011435910590469e-5,-35.548784507535316,28.811528674190974,2.94903
42.0,4.0457161635485965,4.053395777489145,0.007679613940548613,0.00827824680432259,0.1898208779385214,0.21228580352729162,0.8954155423574757,0.8953598474053875,0.8972753212188425,0.8981390579113595,-5.569495208812558e-5,0.0004782413234142644,-0.006220011765876916,0.05983579227568604,0.00019153168652587504,0.00022306293467798293,3.153124815210789e-5,0.00012526121357467443,16.462679739338153,70.97571353421924,0.00013042893740152994,0.0001102544701250011,-2.0174467276528845e-5,5.011435910590469e-5,-15.467784740453,28.811528674190974,3.00762
43.0,4.017076848002251,4.025842279943173,0.008765431940921609,0.00827824680432259,0.21820423837001726,0.21228580352729162,0.8942606257676341,0.8942047365962223,0.8962094913109585,0.8970438464106298,-5.5889171411749317e-5,0.0004782413234142644,-0.006249763189984352,0.05983579227568604,0.0002460407278206395,0.0002762788412720984,3.0238113451458925e-5,0.00012526121357467443,12.289881321397376,70.97571353421924,0.00015197076420437667,0.00014871858235393674,-3.2521818504399277e-6,5.011435910590469e-5,-2.140004932834487,28.811528674190974,4.175955
44.0,3.9518977937594104,3.9664728140594945,0.014575020300084063,0.00827824680432259,0.3688106590990289,0.21228580352729162,0.8933126009751859,0.8932561725594823,0.8953515406583447,0.8961741823278657,-5.642841570363544e-5,0.0004782413234142644,-0.006316760296679491,0.05983579227568604,0.0002893041444267271,0.00031920924339246855,2.9905098965741464e-5,0.00012526121357467443,10.336906519261985,70.97571353421924,0.00017369385811987823,0.00018205945888491866,8.365600765040422e-6,5.011435910590469e-5,4.816290486947867,28.811528674190974,7.8246
45.0,3.8659935182029823,3.8901430975505704,0.0241495793475881,0.00827824680432259,0.6246668348997511,0.21228580352729162,0.8916244239390859,0.8915646796128723,0.8939728878861293,0.8948202959049268,-5.974432621358439e-5,0.0004782413234142644,-0.006700615708757884,0.05983579227568604,0.0003853903604438575,0.00041782341737091577,3.243305692705829e-5,0.00012526121357467443,8.41563781971735,70.97571353421924,0.0002101001645074744,0.00023095474349155157,2.0854578984077154e-5,5.011435910590469e-5,9.926017446471462,28.811528674190974,14.19795
46.0,3.8390784450955615,3.8636880501805857,0.02460960508502419,0.00827824680432259,0.6410289718477377,0.21228580352729162,0.8883473280980776,0.8882671978521047,0.8916787330178245,0.8927321051305132,-8.013024597286478e-5,0.0004782413234142644,-0.009020148250394471,0.05983579227568604,0.0006243733582573514,0.0006782148309842322,5.3841472726880754e-5,0.00012526121357467443,8.623281569404922,70.97571353421924,0.000280962487770439,0.000326401151779194,4.543866400875501e-5,5.011435910590469e-5,16.17250201951542,28.811528674190974,15.77835
47.0,3.8447503415951783,3.8645180264606958,0.0197676848655175,0.00827824680432259,0.514147424649579,0.21228580352729162,0.8845293692750614,0.8844072798100094,0.8892206937773658,0.8906897072018772,-0.0001220894650519888,0.0004782413234142644,-0.013802759896152497,0.05983579227568604,0.0009252117293978085,0.0010243226710008584,9.911094160304989e-5,0.00012526121357467443,10.71224439270329,70.97571353421924,0.0003753521329984548,0.0004543160502928102,7.896391729435536e-5,5.011435910590469e-5,21.037290147670596,28.811528674190974,14.17725
48.0,3.9879856875174857,3.987579856513672,-0.0004058310038135282,0.00827824680432259,-0.010176340529099475,0.21228580352729162,0.8819255217702088,0.8817628728837306,0.8875129846936743,0.8894020457424693,-0.00016264888647821163,0.0004782413234142644,-0.018442474161734352,0.05983579227568604,0.0011071396089031593,0.0012498270409277731,0.00014268743202461385,0.00012526121357467443,12.887934897928002,70.97571353421924,0.0004598656709176222,0.0005650948152008723,0.00010522914428325015,5.011435910590469e-5,22.882583097206297,28.811528674190974,3.72942
49.0,4.075344893471392,4.070228180861889,-0.005116712609503082,0.00827824680432259,-0.12555287327214776,0.21228580352729162,0.8824172542647502,0.8822562601333811,0.8877136931541579,0.8896455048795248,-0.00016099413136905216,0.0004782413234142644,-0.01824467173448417,0.05983579227568604,0.0010085122938205393,0.0011465539593421374,0.0001380416655215981,0.00012526121357467443,13.687653226184871,70.97571353421924,0.000488731812344856,0.0005966661384676585,0.00010793432612280244,5.011435910590469e-5,22.08457141452508,28.811528674190974,0.57492
50.0,4.049326229486259,4.049337527001867,1.1297515608355013e-5,0.00827824680432259,0.0002789974175478654,0.21228580352729162,0.8849046664090384,0.8847707303831542,0.8893598672210868,0.8910607679327297,-0.00013393602588418485,0.0004782413234142644,-0.015135644659633227,0.05983579227568604,0.0007711183190434391,0.0008753864412745057,0.00010426812223106655,0.00012526121357467443,13.521676201443327,70.97571353421924,0.00046299843733658383,0.0005538079473692834,9.080951003269958e-5,5.011435910590469e-5,19.613351300942774,28.811528674190974,1.352655
51.00000000000001,4.250492367463314,4.238793373572945,-0.011698993890369103,0.00827824680432259,-0.275238557770921,0.21228580352729162,0.8863498282398126,0.8862301544299992,0.8903894752604901,0.8919567118536962,-0.00011967380981336984,0.0004782413234142644,-0.013501870931822492,0.05983579227568604,0.000644550975424634,0.0007306682804388934,8.611730501425943e-5,0.00012526121357467443,13.36082145520373,70.97571353421924,0.000432906405730444,0.0005046488753351838,7.174246960473977e-5,5.011435910590469e-5,16.572281826989492,28.811528674190974,-5.357250000000031
52.00000000000001,4.324158560316252,4.306146127322864,-0.018012432993387506,0.00827824680432259,-0.41655348068619735,0.21228580352729162,0.8883911219860361,0.8882809781083253,0.8921155139391663,0.8936290365504478,-0.00011014387771079992,0.0004782413234142644,-0.012398129043046784,0.05983579227568604,0.0005149921343238659,0.0005906422054602946,7.565007113642869e-5,0.00012526121357467443,14.689558557190358,70.97571353421924,0.0003837273123949037,0.0004300344826046379,4.6307170209734154e-5,5.011435910590469e-5,12.067728492069975,28.811528674190974,-9.74654999999998
53.00000000000001,4.295886618440005,4.285758368509754,-0.01012824993025152,0.00827824680432259,-0.23576623011362113,0.21228580352729162,0.8919620645119657,0.8918629261312161,0.895180315696326,0.8966398796973872,-9.913838074959713e-5,0.0004782413234142644,-0.011114640935300358,0.05983579227568604,0.0003126304400267622,0.00037753182816256084,6.490138813579864e-5,0.00012526121357467443,20.759778903885003,70.97571353421924,0.0002967553416573136,0.00030424604066176274,7.4906990044491285e-6,5.011435910590469e-5,2.5242002258881726,28.811528674190974,-7.008749999999979
54.00000000000001,4.254388143130823,4.251743786856749,-0.002644356274074333,0.00827824680432259,-0.062155971319728706,0.21228580352729162,0.8944874566116746,0.8943984509965951,0.8973461702376395,0.8986968631504659,-8.900561507951821e-5,0.0004782413234142644,-0.009950459832793202,0.05983579227568604,0.00017406553605403343,0.00022661793033715448,5.255239428312105e-5,0.00012526121357467443,30.191154133353393,70.97571353421924,0.00021436484031688192,0.00018803375244670078,-2.6331087870181145e-5,5.011435910590469e-5,-12.283305336480353,28.811528674190974,-4.025879999999961
55.00000000000001,4.080396195065472,4.088192285572119,0.007796090506647424,0.00827824680432259,0.19106209627573512,0.21228580352729162,0.8951477007683197,0.8950637334120424,0.8980097803065131,0.8992446550660916,-8.396735627735907e-5,0.0004782413234142644,-0.009380279500834168,0.05983579227568604,0.00014854052940130153,0.00019201601196476806,4.347548256346652e-5,0.00012526121357467443,29.26843114044104,70.97571353421924,0.00016565540226758818,0.00012661462017722928,-3.90407820903589e-5,5.011435910590469e-5,-23.567466895703856,28.811528674190974,1.4556600000000788
56.00000000000001,3.889290535370011,3.9148314127238435,0.02554087735383259,0.00827824680432259,0.6566975935985904,0.21228580352729162,0.8942683772909267,0.8941856919036653,0.8971827112023681,0.8983535281399444,-8.268538726141639e-5,0.0004782413234142644,-0.00924614907125547,0.05983579227568604,0.0001930357278266705,0.00023279478507762778,3.975905725095728e-5,0.00012526121357467443,20.596734966419014,70.97571353421924,0.0001555906879910546,0.00012295231854303696,-3.263836944801765e-5,5.011435910590469e-5,-20.97707123057013,28.811528674190974,12.55635000000002
57.00000000000001,3.850683262466533,3.8775579195875984,0.026874657121065404,0.00827824680432259,0.6979191818506256,0.21228580352729162,0.8906090337007075,0.8905190612026316,0.8942614693626603,0.8954661467409857,-8.997249807596308e-5,0.0004782413234142644,-0.010102356328242532,0.05983579227568604,0.0004308496133396631,0.0004752734507402391,4.4423837400576e-5,0.00012526121357467443,10.31075252829673,70.97571353421924,0.0002094580444292182,0.00020963268835479088,1.746439255726688e-7,5.011435910590469e-5,0.0833789535506171,28.811528674190974,15.359399999999997
58.0,3.843622244284307,3.8661512965799556,0.02252905229564872,0.00827824680432259,0.5861411674664635,0.21228580352729162,0.8857376239768175,0.8856205550487838,0.8908110767883837,0.8922399411126729,-0.0001170689280337589,0.0004782413234142644,-0.013217111350440156,0.05983579227568604,0.0007885913916914388,0.0008589562300330275,7.03648383415887e-5,0.00012526121357467443,8.922851439027776,70.97571353421924,0.00030929259654834693,0.00035878349340929513,4.949089686094821e-5,5.011435910590469e-5,16.001319596155305,28.811528674190974,14.82165
58.99999999999999,3.83582709514952,3.856223378020923,0.02039628287140305,0.00827824680432259,0.5317310286794354,0.21228580352729162,0.8822851521595352,0.8821277693815915,0.8884672847090215,0.890273444807955,-0.00015738277794363764,0.0004782413234142644,-0.017838085290046865,0.05983579227568604,0.0010370769642737217,0.0011503972650937632,0.00011332030082004149,0.00012526121357467443,10.926894022701696,70.97571353421924,0.00040531181415201674,0.0004934394114699317,8.812759731791498e-5,5.011435910590469e-5,21.743160263485866,28.811528674190974,14.506650000000002
59.999999999999986,3.8756633211562512,3.8884295231009594,0.012766201944708122,0.00827824680432259,0.32939398721815444,0.21228580352729162,0.8798917352390144,0.87969412063472,0.8868055707362491,0.8890192913588131,-0.00019761460429446043,0.0004782413234142644,-0.02245896811847883,0.05983579227568604,0.0011872791157502085,0.0013437901177466786,0.00015651100199647007,0.00012526121357467443,13.182325867626766,70.97571353421924,0.0004882898086992841,0.0006016150727600105,0.00011332526406072636,5.011435910590469e-5,23.20860727415229,28.811528674190974,10.447200000000057
60.99999999999998,3.940384167757867,3.944787114238282,0.004402946480415171,0.00827824680432259,0.11173901561279767,0.21228580352729162,0.8787849391364868,0.8785694092589513,0.8858930799954907,0.8883551386641443,-0.0002155298775354808,0.0004782413234142644,-0.02452589569266687,0.05983579227568604,0.00121237202192954,0.0013869198037281382,0.00017454778179859824,0.00012526121357467443,14.397212954551547,70.97571353421924,0.0005475331936720875,0.0006738757129171059,0.0001263425192450184,5.011435910590469e-5,23.074860246862723,28.811528674190974,5.702850000000101
61.99999999999997,3.952216122332043,3.957129785564809,0.004913663232765764,0.00827824680432259,0.12432678478793335,0.21228580352729162,0.8793957319964948,0.8791929862227355,0.8860478023106558,0.8884855418610142,-0.00020274577375933855,0.0004782413234142644,-0.02305512369261154,0.05983579227568604,0.0010884932405050834,0.001246546846930154,0.00015805360642507055,0.00012526121357467443,14.520403117223807,70.97571353421924,0.0005678952270643025,0.0006922358894166265,0.00012434066235232405,5.011435910590469e-5,21.8950004202527,28.811528674190974,4.934250000000021
62.99999999999997,3.9867497893201493,3.9902184365287843,0.003468647208634934,0.00827824680432259,0.08700438682976476,0.21228580352729162,0.8803466163463028,0.8801613758598666,0.8865051486043901,0.8888406650497804,-0.00018524048643620006,0.0004782413234142644,-0.021041767298998947,0.05983579227568604,0.0009582442206524395,0.0010945843362187488,0.00013634011556630933,0.00012526121357467443,14.228117699836423,70.97571353421924,0.0005665102227531188,0.0006815187661118917,0.0001150085433587729,5.011435910590469e-5,20.3012300113237,28.811528674190974,3.251790000000048
63.999999999999964,4.116357003905828,4.1129750660958715,-0.003381937809956881,0.00827824680432259,-0.08215851556966294,0.21228580352729162,0.8810748509016716,0.8809024306205248,0.8869021384383922,0.8891453651523845,-0.0001724202811468345,0.0004782413234142644,-0.019569311389422087,0.05983579227568604,0.0008658610925312821,0.0009857406025101387,0.0001198795099788566,0.00012526121357467443,13.845120310048525,70.97571353421924,0.0005569977286936521,0.000660286772199451,0.0001032890435057989,5.011435910590469e-5,18.543889532197305,28.811528674190974,-0.6900299999998599
64.99999999999996,4.036937614078569,4.039889303608597,0.002951689530028112,0.00827824680432259,0.073117045944289,0.21228580352729162,0.8825418859053983,0.8823814036575343,0.8880357916493121,0.8901517157851875,-0.00016048224786402443,0.0004782413234142644,-0.018184094197340666,0.05983579227568604,0.0007477303602722279,0.0008513909547883528,0.00010366059451612491,0.00012526121357467443,13.863365729644167,70.97571353421924,0.0005267542604866762,0.0006131083745394034,8.635411405272719e-5,5.011435910590469e-5,16.39362422487923,28.811528674190974,1.494809999999907
65.99999999999996,3.9747517879169254,3.9838955636184896,0.009143775701564216,0.00827824680432259,0.23004645797910955,0.21228580352729162,0.8836584059474389,0.883507008478537,0.8888979569720691,0.8909069891189118,-0.00015139746890191486,0.0004782413234142644,-0.0171330310313282,0.05983579227568604,0.0006592075210255527,0.0007503569029527094,9.114938192715679e-5,0.00012526121357467443,13.827114985786636,70.97571353421924,0.000493166470386414,0.0005622920384345213,6.912556804810732e-5,5.011435910590469e-5,14.016680410966483,28.811528674190974,4.0511249999998915
66.99999999999994,3.9935904059906915,4.000960022779436,0.007369616788744704,0.00827824680432259,0.18453612012112494,0.21228580352729162,0.8833389640831648,0.8831929478281874,0.888512374857441,0.8904755516997616,-0.00014601625497745463,0.0004782413234142644,-0.016530036703295187,0.05983579227568604,0.0006551848277423342,0.0007390384032458233,8.38535755034891e-5,0.00012526121357467443,12.79846112927181,70.97571353421924,0.00048194579218692793,0.0005407783226708534,5.883253048392543e-5,5.011435910590469e-5,12.207292072612722,28.811528674190974,3.2223150000000476
67.99999999999994,4.039877071499162,4.043646507530331,0.0037694360311695263,0.00827824680432259,0.09330571115053068,0.21228580352729162,0.8829396810480504,0.8827976737113937,0.8880903618183046,0.8900200253851354,-0.00014200733665670207,0.0004782413234142644,-0.016083469766376247,0.05983579227568604,0.0006578219109242882,0.000735980043838424,7.81581329141358e-5,0.00012526121357467443,11.881351413837503,70.97571353421924,0.0004786122513345291,0.0005310431001610659,5.2430848826536794e-5,5.011435910590469e-5,10.954765299121002,28.811528674190974,1.5103350000000972
68.99999999999993,4.040959713481818,4.045096504813123,0.0041367913313052895,0.00827824680432259,0.1023715063900229,0.21228580352729162,0.8832853020822198,0.8831473754999669,0.8883126819933045,0.8901887607826295,-0.00013792658225286747,0.0004782413234142644,-0.015615179141747872,0.05983579227568604,0.0006172633404822069,0.0006894557878848082,7.21924474026013e-5,0.00012526121357467443,11.695566975709989,70.97571353421924,0.0004659511132668179,0.0005112780078492819,4.532689458246398e-5,5.011435910590469e-5,9.727821930647135,28.811528674190974,1.5025950000000003
69.99999999999993,4.017470418893578,4.023702642601502,0.006232223707923978,0.00827824680432259,0.1551280546737753,0.21228580352729162,0.8837877563591517,0.8836535665095796,0.8886846262848426,0.8905071410175128,-0.00013418984957214164,0.0004782413234142644,-0.015183492711524945,0.05983579227568604,0.0005712071257053844,0.0006379477644509747,6.67406387455903e-5,0.00012526121357467443,11.684139735331945,70.97571353421924,0.0004483943268802928,0.0004863053534785663,3.791102659827351e-5,5.011435910590469e-5,8.454840823263707,28.811528674190974,2.3494949999999397
70.99999999999991,3.9314471948819576,3.9458884712862683,0.014441276404310699,0.00827824680432259,0.36732723825238356,0.21228580352729162,0.8838782997601092,0.8837470804845221,0.8887078448223974,0.8904887848059369,-0.00013121927558712443,0.0004782413234142644,-0.01484585328350501,0.05983579227568604,0.0005512012093233516,0.0006134545538060799,6.225334448272833e-5,0.00012526121357467443,11.294123349103286,70.97571353421924,0.0004362590335906133,0.000468831050278831,3.257201668821773e-5,5.011435910590469e-5,7.46621025131216,28.811528674190974,6.674849999999632
71.99999999999991,3.9280894663745434,3.94198881311633,0.013899346741786722,0.00827824680432259,0.3538449635826451,0.21228580352729162,0.8828537221251955,0.8827228729932292,0.8878664973970308,0.8896387393849501,-0.0001308491319663707,0.0004782413234142644,-0.014821156516324378,0.05983579227568604,0.0006052537803259967,0.0006655087837003751,6.025500337437841e-5,0.00012526121357467443,9.95532871218489,70.97571353421924,0.00044577659078218825,0.00048004405017831165,3.42674593961234e-5,5.011435910590469e-5,7.687137482027828,28.811528674190974,6.817949999999987
72.99999999999991,3.989993926983667,3.9963402675817328,0.006346340598065936,0.00827824680432259,0.15905639743325642,0.21228580352729162,0.8813563929305387,0.8812236729900077,0.8866814417644211,0.8884712464321756,-0.0001327199405309898,0.0004782413234142644,-0.015058600765314886,0.05983579227568604,0.0006892460520231821,0.0007498445293523453,6.059847732916321e-5,0.00012526121357467443,8.791994840055324,70.97571353421924,0.0004719307350314423,0.0005137177551244205,4.178702009297817e-5,5.011435910590469e-5,8.8544815989139,28.811528674190974,3.355695000000295
73.9999999999999,4.097030759614765,4.096645497498778,-0.00038526211598721716,0.00827824680432259,-0.009403446998368217,0.21228580352729162,0.8811509856010865,0.8810188450437374,0.8864737213985255,0.8882548565262905,-0.00013214055734911412,0.0004782413234142644,-0.014996358116648196,0.05983579227568604,0.0006803898371367577,0.0007394319315031067,5.904209436634897e-5,0.00012526121357467443,8.677686106366926,70.97571353421924,0.0004827396667065889,0.0005279532494052498,4.5213582698660864e-5,5.011435910590469e-5,9.36603842959975,28.811528674190974,-0.09176399999965705
74.9999999999999,4.14368239293954,4.142038206915717,-0.001644186023822769,0.00827824680432259,-0.039679344793035136,0.21228580352729162,0.8822815534460473,0.8821528927992056,0.8873802054538932,0.8891188339284614,-0.00012866064684169398,0.0004782413234142644,-0.014582719806298404,0.05983579227568604,0.0005925363549481796,0.0006472596636398451,5.472330869166545e-5,0.00012526121357467443,9.23543479394632,70.97571353421924,0.00046613700687691943,0.000506487464285262,4.035045740834252e-5,5.011435910590469e-5,8.656351418800096,28.811528674190974,-1.29757499999988
75.99999999999989,3.9951811419523984,4.003760025528978,0.008578883576579432,0.00827824680432259,0.21473077869973706,0.21228580352729162,0.8837148032633231,0.8835895735193777,0.8886539819884782,0.8903463296099055,-0.00012522974394535424,0.0004782413234142644,-0.014170832431788422,0.05983579227568604,0.0005035102613144409,0.0005537792716532436,5.026901033880276e-5,0.00012526121357467443,9.983711197379131,70.97571353421924,0.0004336886805583882,0.0004638660154975318,3.0177334939143633e-5,5.011435910590469e-5,6.958294346140033,28.811528674190974,3.2517899999994833
76.99999999999989,3.9448010228245125,3.9582863320834423,0.013485309258929767,0.00827824680432259,0.3418501764956998,0.21228580352729162,0.8837889668708001,0.8836658002005624,0.8887003826458466,0.8903594272215465,-0.00012316667023770655,0.0004782413234142644,-0.013936208173518885,0.05983579227568604,0.000491004775528397,0.0005379501656066326,4.6945390078235614e-5,0.00012526121357467443,9.56108624966328,70.97571353421924,0.00041772780237222265,0.00044184284585125727,2.4115043479034618e-5,5.011435910590469e-5,5.772908420767872,28.811528674190974,5.903549999999698
77.99999999999987,3.9133371958105614,3.9292228379543466,0.015885642143785184,0.00827824680432259,0.4059359403220254,0.21228580352729162,0.8824364720485495,0.8823133919174495,0.8875111002915992,0.8891524202531161,-0.00012308013109996185,0.0004782413234142644,-0.013947761113526403,0.05983579227568604,0.0005591105749868154,0.0006041703100175802,4.505973503076484e-5,0.00012526121357467443,8.059181322375707,70.97571353421924,0.0004311258859743059,0.00045817210553022005,2.7046219555914165e-5,5.011435910590469e-5,6.273392629809766,28.811528674190974,7.807049999999757
78.99999999999987,4.010555201538726,4.015385041858043,0.004829840319316325,0.00827824680432259,0.12042822194451443,0.21228580352729162,0.8807926629807369,0.8806665997671853,0.8862193519403531,0.8878748098718668,-0.0001260632135515749,0.0004782413234142644,-0.014312473167630364,0.05983579227568604,0.0006549342871725846,0.0007012384811309799,4.630419395839529e-5,0.00012526121357467443,7.070051891510373,70.97571353421924,0.00046079242289366704,0.0004970490971219116,3.625667422824455e-5,5.011435910590469e-5,7.868331254355539,28.811528674190974,2.508975000000677
79.99999999999987,4.096714573206728,4.096412935877016,-0.0003016373297120012,0.00827824680432259,-0.007362908113852139,0.21228580352729162,0.8805153702892486,0.8803887102714001,0.8859818111530631,0.887639525548084,-0.00012666001784855663,0.0004782413234142644,-0.014384759440025322,0.05983579227568604,0.0006546052454463308,0.0007008522168676129,4.624697142128207e-5,0.00012526121357467443,7.064864167067498,70.97571353421924,0.00047442698823177957,0.0005156373328025913,4.121034457081168e-5,5.011435910590469e-5,8.68634070005278,28.811528674190974,-0.08939699999966767
80.99999999999986,3.937659103420417,3.950646146705442,0.012987043285024757,0.00827824680432259,0.3298163437699232,0.21228580352729162,0.8818071222383047,0.8816839011730498,0.8870039848327442,0.8886286746029004,-0.00012322106525486376,0.0004782413234142644,-0.0139736981191635,0.05983579227568604,0.0005553486927439292,0.000598057959902792,4.270926715886278e-5,0.00012526121357467443,7.690531681607108,70.97571353421924,0.00045646987244826677,0.0004926611312132819,3.6191258765015145e-5,5.011435910590469e-5,7.928509842479653,28.811528674190974,6.080399999999123
81.99999999999986,3.9072716853195004,3.9236111976360815,0.01633951231658104,0.00827824680432259,0.4181821391630448,0.21228580352729162,0.8815456463112439,0.8814228402453576,0.886808546806596,0.8884249752320645,-0.00012280606588632725,0.0004782413234142644,-0.01393076653491504,0.05983579227568604,0.0005637760750235836,0.0006051890448463573,4.141296982277374e-5,0.00012526121357467443,7.3456415866958125,70.97571353421924,0.0004550473417737818,0.0004901333151510289,3.50859733772471e-5,5.011435910590469e-5,7.710400689405505,28.811528674190974,8.033399999999721
82.99999999999984,3.8755426694512725,3.8943698062750203,0.018827136823747814,0.00827824680432259,0.48579356310927924,0.21228580352729162,0.8796820607232463,0.8795556138889591,0.8853326143078791,0.8869764351417194,-0.00012644683428719716,0.0004782413234142644,-0.01437415174560189,0.05983579227568604,0.0006738191999221223,0.0007173179350703233,4.349873514820099e-5,0.00012526121357467443,6.4555499684824085,70.97571353421924,0.0004855730167505709,0.0005289631043289823,4.3390087578411404e-5,5.011435910590469e-5,8.93585229854319,28.811528674190974,10.135349999999672
83.99999999999984,3.8315563005152047,3.855026148952807,0.02346984843760236,0.00827824680432259,0.6125408736509109,0.21228580352729162,0.8777489544810412,0.8776134984735888,0.883946088276417,0.8856739782772003,-0.0001354560074523503,0.0004782413234142644,-0.015432203793673226,0.05983579227568604,0.0007994236254264045,0.0008510373589567515,5.161373353034697e-5,0.00012526121357467443,6.456368299450335,70.97571353421924,0.0005294538277666733,0.0005871606379360014,5.770681016932814e-5,5.011435910590469e-5,10.899309277401077,28.811528674190974,13.422149999999487
84.99999999999983,3.870720450856134,3.8865138835468747,0.015793432690740516,0.00827824680432259,0.4080230771314754,0.21228580352729162,0.8752527065737288,0.8750943136864379,0.882335568882306,0.8842804597012635,-0.0001583928872909146,0.0004782413234142644,-0.018096817764889944,0.05983579227568604,0.0009864291939980225,0.0010613813300541814,7.495213605615884e-5,0.00012526121357467443,7.598329055162685,70.97571353421924,0.0005927208503984982,0.0006746319124840106,8.191106208551245e-5,5.011435910590469e-5,13.819500702639697,28.811528674190974,9.870750000000605
85.99999999999983,3.8923941544862513,3.9043142404834112,0.01192008599715999,0.00827824680432259,0.3062404659975474,0.21228580352729162,0.8735852884852121,0.8734084956019247,0.8812280491685095,0.8833675023870837,-0.00017679288328742437,0.0004782413234142644,-0.0202376213997355,0.05983579227568604,0.0010912685586341125,0.0011848126070494584,9.354404841534583e-5,0.00012526121357467443,8.572046511853172,70.97571353421924,0.0006506002445919584,0.0007549984813641999,0.00010439823677224147,5.011435910590469e-5,16.046449050709725,28.811528674190974,8.047800000000311
86.99999999999983,3.921076667769249,3.9301247917076143,0.009048123938365293,0.00827824680432259,0.23075610871727453,0.21228580352729162,0.8733578722985524,0.8731791014250782,0.8809417232965369,0.8831511330562175,-0.00017877087347428766,0.0004782413234142644,-0.020469372194904297,0.05983579227568604,0.0010573357476704394,0.0011524029041436955,9.506715647325612e-5,0.00012526121357467443,8.991198555682198,70.97571353421924,0.0006827410847743475,0.0007978818117614757,0.00011514072698712817,5.011435910590469e-5,16.864479017720647,28.811528674190974,6.096600000000332
87.99999999999982,3.9190240375154377,3.9293086883588586,0.010284650843420895,0.00827824680432259,0.2624288788476302,0.21228580352729162,0.8735534465439152,0.8733776785779889,0.8809627687511673,0.8831917728276385,-0.00017576796592633226,0.0004782413234142644,-0.020121031703524514,0.05983579227568604,0.000998419347893834,0.0010895904893549523,9.117114146111834e-5,0.00012526121357467443,9.131547946606194,70.97571353421924,0.0006983680252120363,0.0008167819192315092,0.00011841389401947287,5.011435910590469e-5,16.955801202885887,28.811528674190974,6.166349999999987
88.99999999999982,3.9174653127474315,3.9288027233016045,0.011337410554173033,0.00827824680432259,0.28940678854975693,0.21228580352729162,0.8737212687108039,0.8735499496304087,0.880988438044207,0.8832123569045832,-0.00017131908039524912,0.0004782413234142644,-0.019607978714771865,0.05983579227568604,0.00094954815043334,0.0010349137949969037,8.536564456356377e-5,0.00012526121357467443,8.990133309680601,70.97571353421924,0.0007061284629289107,0.0008236601735154206,0.00011753171058650992,5.011435910590469e-5,16.64452245686383,28.811528674190974,6.236099999999988
89.9999999999998,3.9785408550254724,3.9840121556661168,0.005471300640644383,0.00827824680432259,0.13752028293823698,0.21228580352729162,0.8735580495854006,0.8733892341161099,0.8808063260938258,0.8830354061014463,-0.00016881546929070623,0.0004782413234142644,-0.019325043066208105,0.05983579227568604,0.0009318238609451377,0.0010133470584398204,8.152319749468273e-5,0.00012526121357467443,8.748777629711558,70.97571353421924,0.0007146980127166546,0.0008309766162229387,0.00011627860350628405,5.011435910590469e-5,16.269613380383536,28.811528674190974,3.0868200000006265
90.9999999999998,4.039634678425698,4.041557300502879,0.0019226220771804137,0.00827824680432259,0.04759395911339404,0.21228580352729162,0.8739818944258868,0.8738177858036551,0.8810738650859473,0.8832658875217834,-0.00016410862223170675,0.0004782413234142644,-0.018777119214753148,0.05983579227568604,0.0008755067528464766,0.0009504569950269714,7.49502421804948e-5,0.00012526121357467443,8.560784018719911,70.97571353421924,0.0007102763343928635,0.0008215102434668364,0.00011123390907397297,5.011435910590469e-5,15.660652578134188,28.811528674190974,0.9578250000004237
91.99999999999979,4.008190519131127,4.013779078828426,0.005588559697298656,0.00827824680432259,0.1394284944945709,0.21228580352729162,0.8751982857703552,0.8750408903654725,0.8819934513897856,0.8841073385353336,-0.00015739540488268755,0.0004782413234142644,-0.01798397088314074,0.05983579227568604,0.0007736989458108037,0.000839809300520102,6.611035470929837e-5,0.00012526121357467443,8.54471303951662,70.97571353421924,0.0006851958683865083,0.0007857237893750558,0.00010052792098854747,5.011435910590469e-5,14.671413770382111,28.811528674190974,2.0015099999997776
92.99999999999979,4.0100274651440015,4.016452883774011,0.006425418630009894,0.00827824680432259,0.16023378108656305,0.21228580352729162,0.876012611770698,0.8758602298194171,0.882614550417444,0.8846661585537738,-0.00015238195128086662,0.0004782413234142644,-0.0173949494828453,0.05983579227568604,0.0007054322015879265,0.0007647895824989547,5.9357380911028205e-5,0.00012526121357467443,8.414328234154162,70.97571353421924,0.0006585596600794261,0.0007479621683574666,8.940250827804046e-5,5.011435910590469e-5,13.575460766494263,28.811528674190974,1.992015000000002
93.99999999999979,3.960930357578526,3.9718109639703765,0.01088060639185029,0.00827824680432259,0.27469825040049517,0.21228580352729162,0.8762937825166992,0.876144954426482,0.882790701867538,0.8847958395816365,-0.00014882809021721233,0.0004782413234142644,-0.01698381218565546,0.05983579227568604,0.0006717973092881664,0.0007260774536657501,5.4280144377583757e-5,0.00012526121357467443,8.079839503242246,70.97571353421924,0.0006385136751322674,0.0007187911939512051,8.02775188189377e-5,5.011435910590469e-5,12.572560611534012,28.811528674190974,4.090769999999552
94.99999999999977,3.905036505090487,3.9218056160260018,0.016769110935514586,0.00827824680432259,0.42942264210987224,0.21228580352729162,0.8760914774478388,0.8759450436016842,0.8825892331673924,0.884556437946909,-0.0001464338461545367,0.0004782413234142644,-0.0167144470553596,0.05983579227568604,0.0006701862623717005,0.0007203411521568658,5.0154889785165315e-5,0.00012526121357467443,7.483723943799416,70.97571353421924,0.0006284562499439725,0.000703057600458688,7.460135051471544e-5,5.011435910590469e-5,11.870571821247099,28.811528674190974,7.305749999999269
95.99999999999977,4.107772618054516,4.107691627943534,-8.09901109821709e-5,0.00827824680432259,-0.001971630820708101,0.21228580352729162,0.8748923570451224,0.8747453386202477,0.8816638615315644,0.8836197538275363,-0.00014701842487463423,0.0004782413234142644,-0.016804172958051318,0.05983579227568604,0.0007389573186397803,0.0007874276286970062,4.847031005722588e-5,0.00012526121357467443,6.559284120285398,70.97571353421924,0.0006406992551815099,0.0007170908651619855,7.639160998047562e-5,5.011435910590469e-5,11.923161976961232,28.811528674190974,-0.7586549999981663
96.99999999999976,4.132827696890419,4.131638076190614,-0.00118962069980455,0.00827824680432259,-0.02878466723158172,0.21228580352729162,0.8752822283921151,0.8751361251718071,0.8820910406148456,0.884022934049225,-0.0001461032203080581,0.0004782413234142644,-0.01669212690133653,0.05983579227568604,0.0007098278305152411,0.000756017945972247,4.6190115457005925e-5,0.00012526121357467443,6.50722801661327,70.97571353421924,0.0006324582888925854,0.000706026917551249,7.356862865866352e-5,5.011435910590469e-5,11.632170840464417,28.811528674190974,-1.4767649999998265
97.99999999999976,4.111272296127654,4.113402688554265,0.0021303924266105057,0.00827824680432259,0.0518183246732913,0.21228580352729162,0.8772308353030175,0.8770884160007288,0.8837874019143441,0.885673586081353,-0.0001424193022886433,0.0004782413234142644,-0.016235099879890576,0.05983579227568604,0.00058464370518427,0.0006268291682477374,4.2185463063467484e-5,0.00012526121357467443,7.215584926236626,70.97571353421924,0.0005905157285999111,0.0006518241764501862,6.130844785027514e-5,5.011435910590469e-5,10.3821871088235,28.811528674190974,-0.7527600000001748
98.99999999999974,3.9302998793898394,3.9460394122280484,0.015739532838209058,0.00827824680432259,0.40046646111524054,0.21228580352729162,0.8782327169946313,0.8780927379832179,0.8846756197798732,0.8865219835726768,-0.00013997901141349356,0.0004782413234142644,-0.015938715183887786,0.05983579227568604,0.0005218485156009068,0.0005607725099163749,3.892399431546813e-5,0.00012526121357467443,7.458868455464951,70.97571353421924,0.0005529673102645792,0.0006024631753399518,4.949586507537254e-5,5.011435910590469e-5,8.950956802797288,28.811528674190974,6.027299999998266
99.99999999999974,3.896761410999817,3.915461349087893,0.018699938088075907,0.00827824680432259,0.47988409131976967,0.21228580352729162,0.8773458756520448,0.8772067579223405,0.8839197458094397,0.8857192967817756,-0.0001391177297043189,0.0004782413234142644,-0.015856657398762648,0.05983579227568604,0.0005684654156513425,0.0006039218667814728,3.545645113013022e-5,0.00012526121357467443,6.237222204538958,70.97571353421924,0.0005478407942706485,0.0005943926260479723,4.655183177732381e-5,5.011435910590469e-5,8.497328469176745,28.811528674190974,8.197649999999445
100.99999999999974,3.9081975978728187,3.9235498430377995,0.015352245164980793,0.00827824680432259,0.3928216212337068,0.21228580352729162,0.8751342220422336,0.8749927452868943,0.8821444199479704,0.8839138243720136,-0.00014147675533926485,0.0004782413234142644,-0.01616629218419906,0.05983579227568604,0.0007004298716521499,0.0007344953383815928,3.406546672944286e-5,0.00012526121357467443,4.86350855498073,70.97571353421924,0.0005777410270736582,0.0006327438107049218,5.500278363126357e-5,5.011435910590469e-5,9.52031811032369,28.811528674190974,7.279200000000236
101.99999999999973,3.93996329874041,3.950608790916227,0.010645492175817228,0.00827824680432259,0.27019267360232896,0.21228580352729162,0.873667040114107,0.8735215825206584,0.8810147409101345,0.882788352338068,-0.00014545759344863907,0.0004782413234142644,-0.016649087898479183,0.05983579227568604,0.0007821638662975787,0.0008181294826077892,3.596561631021055e-5,0.00012526121357467443,4.598220124953615,70.97571353421924,0.0006099897088577697,0.0006758398930944124,6.585018423664265e-5,5.011435910590469e-5,10.795294294382405,28.811528674190974,5.229900000000553
102.99999999999973,3.9585727564141964,3.9672860252540856,0.00871326883988921,0.00827824680432259,0.22011137286212143,0.21228580352729162,0.8732670573626075,0.8731199350230601,0.8806387786853794,0.8824241949068926,-0.00014712233954738974,0.0004782413234142644,-0.01684734793405816,0.05983579227568604,0.0007811731774909435,0.0008185797774397657,3.7406599948822204e-5,0.00012526121357467443,4.788515661657606,70.97571353421924,0.000628655083937656,0.0007015107707916999,7.285568685404394e-5,5.011435910590469e-5,11.589135078285484,28.811528674190974,4.189635000000281
103.99999999999972,4.008745763527792,4.013750629820212,0.005004866292419585,0.00827824680432259,0.12484868304582088,0.21228580352729162,0.873413647752738,0.8732672955309876,0.8806684444653075,0.8824544502422171,-0.00014635222175041207,0.0004782413234142644,-0.01675634702147958,0.05983579227568604,0.0007435745472589165,0.0007804114122400166,3.6836864981100144e-5,0.00012526121357467443,4.95402446424425,70.97571353421924,0.0006344935783688705,0.0007097387344822547,7.52451561133842e-5,5.011435910590469e-5,11.859088677748527,28.811528674190974,2.049480000000608
104.99999999999972,4.132635526925643,4.131064276431127,-0.0015712504945160077,0.00827824680432259,-0.03802054365256098,0.21228580352729162,0.8739513216396828,0.8738070756397175,0.8810403712923837,0.8828134676315079,-0.00014424599996532006,0.0004782413234142644,-0.016505038254841217,0.05983579227568604,0.0006874573780483176,0.0007223134801125504,3.485610206423282e-5,0.00012526121357467443,5.070292817743673,70.97571353421924,0.0006278041059201572,0.0007009825002461398,7.317839432598259e-5,5.011435910590469e-5,11.656246532304339,28.811528674190974,-1.4917049999989938
105.9999999999997,4.155912407139489,4.154171054930249,-0.001741352209240432,0.00827824680432259,-0.04190059940264726,0.21228580352729162,0.8753262723441586,0.875184903094782,0.8822482655577004,0.8839969720012478,-0.00014136924937657724,0.0004782413234142644,-0.016150463414971512,0.05983579227568604,0.0005972507218714044,0.0006292751493993583,3.2024427527953974e-5,0.00012526121357467443,5.3619738503805845,70.97571353421924,0.0005994362121959231,0.0006638601966991056,6.442398450318251e-5,5.011435910590469e-5,10.747429533357222,28.811528674190974,-2.19491999999979
106.9999999999997,3.9667970888937294,3.978684678806295,0.011887589912565666,0.00827824680432259,0.29967728739764976,0.21228580352729162,0.8769347112829716,0.8767958156798757,0.8837690679526478,0.8854868561024755,-0.00013889560309587878,0.0004782413234142644,-0.015838762146006508,0.05983579227568604,0.0005083968714924216,0.0005375388588256736,2.9141987333252046e-5,0.00012526121357467443,5.732133490063472,70.97571353421924,0.0005570089680952262,0.0006081272659814304,5.1118297886204264e-5,5.011435910590469e-5,9.177284534755477,28.811528674190974,4.009274999998149
107.9999999999997,3.929057120649396,3.944419943449969,0.015362822800573106,0.00827824680432259,0.39100533102033225,0.21228580352729162,0.8767372330732633,0.8765997241204176,0.8835936376630952,0.8852721826670857,-0.00013750895284569964,0.0004782413234142644,-0.015684169402009288,0.05983579227568604,0.0005142777086575618,0.0005404221346146473,2.614442595708544e-5,0.00012526121357467443,5.083717516228966,70.97571353421924,0.0005397760407602975,0.0005841466866150889,4.437064585479137e-5,5.011435910590469e-5,8.220195507806057,28.811528674190974,6.11999999999937
108.99999999999969,3.8939168450769786,3.9118698491445874,0.017953004067608802,0.00827824680432259,0.4610525797515814,0.21228580352729162,0.8750740437119731,0.8749362530436718,0.8821280153466422,0.8837653050225619,-0.00013779066830121867,0.0004782413234142644,-0.015746172485784745,0.05983579227568604,0.0006005275318577348,0.0006241567133258515,2.362918146811663e-5,0.00012526121357467443,3.9347374124579506,70.97571353421924,0.0005557979922530818,0.0006035000547678373,4.770206251475547e-5,5.011435910590469e-5,8.582625914386968,28.811528674190974,8.318249999999313
109.99999999999969,3.889541992090519,3.906535921352986,0.016993929262467233,0.00827824680432259,0.436913376871231,0.21228580352729162,0.873326590112857,0.8731850386869201,0.8807820082410253,0.8824095520351312,-0.00014155142593685888,0.0004782413234142644,-0.016208303690669338,0.05983579227568604,0.0007058437018844945,0.0007305071482374603,2.4663446352965837e-5,0.00012526121357467443,3.4941795594574576,70.97571353421924,0.0005870142315626977,0.0006445305518682217,5.7516320305524044e-5,5.011435910590469e-5,9.798113437967109,28.811528674190974,8.469899999999953
110.99999999999967,3.8696672691606775,3.887950230475419,0.01828296131474172,0.00827824680432259,0.47246856236058904,0.21228580352729162,0.8717226450844427,0.871574544243214,0.8796035066625393,0.8812653394190154,-0.00014810084122873768,0.0004782413234142644,-0.016989445216762874,0.05983579227568604,0.0008026481837513831,0.0008322908166988795,2.964263294749636e-5,0.00012526121357467443,3.6931040956143293,70.97571353421924,0.0006255911091206232,0.0006967316256375823,7.114051651695911e-5,5.011435910590469e-5,11.371727551716559,28.811528674190974,9.726749999999587
111.99999999999967,3.896124422562089,3.9099854588122542,0.013861036250165437,0.00827824680432259,0.3557647227562211,0.21228580352729162,0.8702645270903797,0.8701071547583266,0.8785686500296217,0.880308171004628,-0.0001573723320531517,0.0004782413234142644,-0.01808327550466826,0.05983579227568604,0.0008899266484856283,0.0009282915901803132,3.836494169468484e-5,0.00012526121357467443,4.3110229095813395,70.97571353421924,0.0006679662850332975,0.0007548249964488481,8.685871141555059e-5,5.011435910590469e-5,13.003457414204783,28.811528674190974,7.6846500000006674
112.99999999999967,3.9290715271297865,3.9386349167205243,0.00956338959073788,0.00827824680432259,0.2434007506532721,0.21228580352729162,0.8693020962836691,0.8691377532239081,0.8778591489161178,0.8796738502390176,-0.00016434305976098518,0.0004782413234142644,-0.018905172374892913,0.05983579227568604,0.0009339093818956677,0.0009791545918406877,4.524520994501999e-5,0.00012526121357467443,4.844710934714069,70.97571353421924,0.0007047851959876483,0.0008049866990608387,0.00010020150307319038,5.011435910590469e-5,14.217310982642498,28.811528674190974,5.533200000000703
113.99999999999969,4.034276197990778,4.035504297090019,0.0012280990992410423,0.00827824680432259,0.03044162171773668,0.21228580352729162,0.8693242825161299,0.869160068361747,0.8777830988574831,0.8796248774845173,-0.00016421415438294673,0.0004782413234142644,-0.018889861664470396,0.05983579227568604,0.0008960882083920555,0.0009414500843649313,4.536187597287578e-5,0.00012526121357467443,5.062211013162791,70.97571353421924,0.0007222388076452599,0.0008276609994929228,0.00010542219184766295,5.011435910590469e-5,14.596583668963255,28.811528674190974,1.0665450000013965
114.99999999999969,4.127952474332088,4.125166181200628,-0.0027862931314599493,0.00827824680432259,-0.06749818823703337,0.21228580352729162,0.8704236413849082,0.8702642435646806,0.8785712693198664,0.8803942454372545,-0.00015939782022766913,0.0004782413234142644,-0.01831267128430191,0.05983579227568604,0.0007939951640939103,0.0008347956111708873,4.080044707697702e-5,0.00012526121357467443,5.138626646868509,70.97571353421924,0.000712085767796144,0.0008130414642176099,0.00010095569642146586,5.011435910590469e-5,14.17746302301712,28.811528674190974,-1.5277499999991888
115.9999999999997,4.4095190277452,4.3730853048414655,-0.03643372290373481,0.00827824680432259,-0.8262516314021924,0.21228580352729162,0.8723104668338681,0.8721569299648152,0.8801573293809928,0.881942552037259,-0.0001535368690529504,0.0004782413234142644,-0.01760117239108992,0.05983579227568604,0.000665018685110611,0.0007000873510971996,3.506866598658855e-5,0.00012526121357467443,5.273335437297623,70.97571353421924,0.000675032287623123,0.0007629484341087935,8.791614648567044e-5,5.011435910590469e-5,13.02399131088006,28.811528674190974,-20.218049999994424
116.9999999999997,4.410702295792565,4.380258462845564,-0.030443832947001148,0.00827824680432259,-0.6902264289304216,0.21228580352729162,0.8778971094583202,0.8777709294449407,0.8845171066429814,0.8860961129995949,-0.00012618001337949547,0.0004782413234142644,-0.014372984262056746,0.05983579227568604,0.0002919967494256972,0.00030050620221468675,8.50945278898954e-6,0.00012526121357467443,2.9142286021080834,70.97571353421924,0.0005523548339020645,0.0005799542615242277,2.759942762216316e-5,5.011435910590469e-5,4.9966843645033965,28.811528674190974,-19.412100000000237
117.99999999999972,4.40386354151281,4.382981072887476,-0.020882468625334383,0.00827824680432259,-0.47418518826677497,0.21228580352729162,0.8849470720611253,0.884872589016311,0.8899596244241568,0.891057222965965,-7.448304481427748e-5,0.0004782413234142644,-0.008416666619484873,0.05983579227568604,-0.00016995010632271076,-0.0002166153964446748,4.666529012196404e-5,0.00012526121357467443,-27.458229436675595,70.97571353421924,0.00036612730480850575,0.00029406853445915876,-7.205877034934698e-5,5.011435910590469e-5,-19.68134291077679,28.811528674190974,-17.071200000000665
118.99999999999972,4.395049506238033,4.380980761382247,-0.014068744855785908,0.00827824680432259,-0.32010435458844533,0.21228580352729162,0.8887737925024614,0.8887509229394016,0.8932515030185048,0.8937046996643179,-2.286956305974641e-5,0.0004782413234142644,-0.0025731590256902266,0.05983579227568604,-0.00038005064310257976,-0.0004899262435937066,0.00010987560049112688,0.00012526121357467443,-28.9107787304731,70.97571353421924,0.00021089374319413213,6.279581919164109e-5,-0.00014809792400249103,5.011435910590469e-5,-70.22395342765753,28.811528674190974,-14.71005000000067
119.99999999999973,4.381965446125758,4.3728198825304965,-0.009145563595261308,0.00827824680432259,-0.20870916732917663,0.21228580352729162,0.8910048808283675,0.8910194742852444,0.895497456754016,0.8953286190199485,1.4593456876932365e-5,0.0004782413234142644,0.0016378649759319864,0.05983579227568604,-0.00046871139185290615,-0.0006283157622584335,0.00015960437040552736,0.00012526121357467443,-34.05173699204976,70.97571353421924,9.166815361345883e-5,-8.603376601160494e-5,-5.634387601853886e-6,5.011435910590469e-5,-6.1465049526498134,28.811528674190974,-12.331350000000644
120.99999999999973,4.36337120973874,4.357614770968429,-0.0057564387703106235,0.00827824680432259,-0.13192640491972477,0.21228580352729162,0.892285752689541,0.892314229549902,0.8969900613858578,0.8964002370936285,2.8476860361004164e-5,0.0004782413234142644,0.003191450751641925,0.05983579227568604,-0.000494941957455465,-0.0006751800071016866,0.0001802380496462216,0.00012526121357467443,-36.415997256090265,70.97571353421924,8.310096279023777e-6,-0.00015525193304538146,0.0001469418367663577,5.011435910590469e-5,1768.2326634080778,28.811528674190974,-9.937800000000644
121.99999999999973,4.337989743397916,4.335008625815953,-0.0029811175819629554,0.00827824680432259,-0.06872117635824256,0.21228580352729162,0.8928647645909029,0.8928894164293749,0.8978397055716156,0.8970429906773688,2.4651838472000698e-5,0.0004782413234142644,0.0027609823401750877,0.05983579227568604,-0.000480413375393151,-0.0006579375704017667,0.00017752419500861568,0.00012526121357467443,-36.95238394712408,70.97571353421924,-4.3387127226287736e-5,-0.0001751498513503763,0.00013176272412408858,5.011435910590469e-5,-303.6908238632014,28.811528674190974,-7.531650000000649
122.99999999999974,4.303614360781098,4.303329010902179,-0.00028534987891859487,0.00827824680432259,-0.006630470460341256,0.21228580352729162,0.8928758516032614,0.8928873595273392,0.8981090460237682,0.8972846040932027,1.1507924077780451e-5,0.0004782413234142644,0.0012888604901920742,0.05983579227568604,-0.0004375552346079711,-0.0005984209690926963,0.0001608657344847252,0.00012526121357467443,-36.76466918030437,70.97571353421924,-7.018477149610355e-5,-0.00017154492076255267,0.00010136014926644911,5.011435910590469e-5,-144.41900586949455,28.811528674190974,-5.1165000000006176
123.99999999999974,4.254400875576233,4.256956853137218,0.0025559775609851343,0.00827824680432259,0.060078437263835466,0.21228580352729162,0.8924045970789892,0.8924004498459709,0.8978416531285834,0.8971196020335059,-4.147233018336749e-6,0.0004782413234142644,-0.00046472564483771543,0.05983579227568604,-0.0003750278817978959,-0.0005133842408595491,0.0001383563590616532,0.00012526121357467443,-36.892286087735215,70.97571353421924,-7.785875691396483e-5,-0.0001554256673838956,7.756691046993077e-5,5.011435910590469e-5,-99.62515912711456,28.811528674190974,-2.6941050000006195
124.99999999999976,4.175745979278284,4.181100969820685,0.005354990542400628,0.00827824680432259,0.12824033284050862,0.21228580352729162,0.8915114521668713,0.8914932622523722,0.8970723927855808,0.8965318166609635,-1.8189914499089355e-5,0.0004782413234142644,-0.0020403455788344264,0.05983579227568604,-0.00029965077677337635,-0.0004151314340324109,0.00011548065725903452,0.00012526121357467443,-38.538414117435,70.97571353421924,-7.004748791758738e-5,-0.00012907209455460515,5.902460663701777e-5,5.011435910590469e-5,-84.26370222792528,28.811528674190974,-0.38264850000055844
125.99999999999976,4.149978713895724,4.154566380209657,0.004587666313932814,0.00827824680432259,0.11054674325368331,0.21228580352729162,0.8902665283137389,0.8902376384263656,0.8958667190083318,0.8955275052448041,-2.888988737326237e-5,0.0004782413234142644,-0.003245082955997789,0.05983579227568604,-0.00021775115002777687,-0.0003135441433897022,9.579299336192533e-5,0.00012526121357467443,-43.99195749354515,70.97571353421924,-4.9230123481821544e-5,-9.268799855876149e-5,4.345787507693995e-5,5.011435910590469e-5,-88.27496663295385,28.811528674190974,0.1367639999998745
126.99999999999977,4.14633339013231,4.14954199150612,0.0032086013738101826,0.00827824680432259,0.07738406615942178,0.21228580352729162,0.8891008137170243,0.8890644171415907,0.8947026486539121,0.8945201386497934,-3.639657543363928e-5,0.0004782413234142644,-0.004093638749634895,0.05983579227568604,-0.00014884942519328355,-0.00023027641645863257,8.142699126534902e-5,0.00012526121357467443,-54.70426987515381,70.97571353421924,-2.3412888969252745e-5,-5.459313071417415e-5,3.11802417449214e-5,5.011435910590469e-5,-133.17554183881032,28.811528674190974,0.136764
127.99999999999977,4.143151700689149,4.1455131903239275,0.0023614896347785574,0.00827824680432259,0.056997421416786646,0.21228580352729162,0.8883417379650849,0.8882999319951923,0.8939462462884216,0.8938685982721223,-4.1805969892561023e-5,0.0004782413234142644,-0.004706068408800145,0.05983579227568604,-0.00010458398483628095,-0.00017598416543479527,7.140018059851432e-5,0.00012526121357467443,-68.27066372569988,70.97571353421924,-8.304624775529247e-7,-2.4116771199565997e-5,2.3286308722013072e-5,5.011435910590469e-5,-2804.016960601216,28.811528674190974,0.136764
128.99999999999977,4.14059975980296,4.142424869474417,0.0018251096714569925,0.00827824680432259,0.04407838905791379,0.21228580352729162,0.887836790720493,0.8877908353159406,0.8934407549305934,0.8934449448027155,-4.595540455243352e-5,0.0004782413234142644,-0.005176109509399809,0.05983579227568604,-7.5136509233661e-5,-0.00013875124291050115,6.361473367684015e-5,0.00012526121357467443,-84.66554319020837,70.97571353421924,1.7690112959643302e-5,-1.1184913719831877e-6,-1.6571621587660115e-5,5.011435910590469e-5,-93.67730791468196,28.811528674190974,0.136764
129.9999999999998,4.138534129399989,4.139974854061856,0.0014407246618670655,0.00827824680432259,0.03481243882060105,0.21228580352729162,0.8874610065992439,0.887411754168875,0.8930608137137959,0.8931321746077094,-4.925243036890681e-5,0.0004782413234142644,-0.005549813456891185,0.05983579227568604,-5.34610098875782e-5,-0.00011077601933893732,5.7315009451359125e-5,0.00012526121357467443,-107.20899132262073,70.97571353421924,3.310147789481395e-5,1.674856597454568e-5,-1.6352911920268274e-5,5.011435910590469e-5,-49.40236194961647,28.811528674190974,0.136764
130.9999999999998,4.136849630088705,4.138011865064478,0.0011622349757729467,0.00827824680432259,0.028094687496485703,0.21228580352729162,0.8871673821511181,0.8871154427344689,0.8927603128772269,0.8928882961293665,-5.1939416649271486e-5,0.0004782413234142644,-0.005854522798542681,0.05983579227568604,-3.679676271108562e-5,-8.8880202507489e-5,5.208343979640338e-5,0.00012526121357467443,-141.54353796105113,70.97571353421924,4.603749668048912e-5,3.1079794978646916e-5,-1.4957701701842207e-5,5.011435910590469e-5,-32.490258550876725,28.811528674190974,0.136764
131.9999999999998,4.135468362126196,4.136410066015542,0.0009417038893460017,0.00827824680432259,0.022771396293836888,0.21228580352729162,0.8869311390834086,0.886876964251591,0.892515295579469,0.8926918990187442,-5.417483181757721e-5,0.0004782413234142644,-0.006108121524920606,0.05983579227568604,-2.3652565789252926e-5,-7.130518175315666e-5,4.765261596390373e-5,0.00012526121357467443,-201.46911920040304,70.97571353421924,5.693278648392691e-5,4.28427896958418e-5,-1.408999678808511e-5,5.011435910590469e-5,-24.748475629351034,28.811528674190974,0.136764
132.9999999999998,4.134330650516382,4.135109106309427,0.0007784557930445857,0.00827824680432259,0.01882906469871624,0.21228580352729162,0.8867371186710171,0.8866810521987093,0.8923112285970145,0.8925301457571426,-5.6066472307825244e-5,0.0004782413234142644,-0.006322783960127209,0.05983579227568604,-1.3103114537059295e-5,-5.694520112148626e-5,4.3842086584426963e-5,0.00012526121357467443,-334.5928669128947,70.97571353421924,6.611650783136438e-5,5.262690001206758e-5,-1.3489607819296799e-5,5.011435910590469e-5,-20.402783301415674,28.811528674190974,0.136764
133.9999999999998,4.133390260121337,4.134033027306391,0.0006427671850541827,0.00827824680432259,0.015550604820830878,0.21228580352729162,0.8865752697409588,0.8865175798289608,0.8921385152704735,0.8923946372239353,-5.768991199794904e-5,0.0004782413234142644,-0.006507051794350747,0.05983579227568604,-4.529343358324739e-6,-4.505415941520191e-5,4.052481605687717e-5,0.00012526121357467443,-894.7172437787101,70.97571353421924,7.385790514243577e-5,6.081907182726155e-5,-1.3038833315174222e-5,5.011435910590469e-5,-17.653944137771973,28.811528674190974,0.136764
134.99999999999983,4.132610556104161,4.133154561817804,0.0005440057136434362,0.00827824680432259,0.013163730437650383,0.21228580352729162,0.8864385692774186,0.8863794696085917,0.8919904578094322,0.8922795612864068,-5.909966882688966e-5,0.0004782413234142644,-0.006667091310688887,0.05983579227568604,2.503806729305074e-6,-3.510426134027799e-5,3.2600454610972917e-5,0.00012526121357467443,1302.0355856308886,70.97571353421924,8.038388477353842e-5,6.770002079768402e-5,-1.2683863975854401e-5,5.011435910590469e-5,-15.77911295477698,28.811528674190974,0.136764
135.99999999999983,4.131962621348049,4.132420715107464,0.000458093759414524,0.00827824680432259,0.011086590112111695,0.21228580352729162,0.8863219208429445,0.8862615848488037,0.8918621921058784,0.8921807324347271,-6.033599414079216e-5,0.0004782413234142644,-0.006807458184426835,0.05983579227568604,8.313309262182395e-6,-2.670885915061496e-5,1.8395549888432564e-5,0.00012526121357467443,221.2783057658485,70.97571353421924,8.58860437977324e-5,7.348832691643125e-5,-1.2397716881301158e-5,5.011435910590469e-5,-14.435077380556313,28.811528674190974,0.136764
136.99999999999983,4.131423165303646,4.131820646111015,0.0003974808073685665,0.00827824680432259,0.00962091733199044,0.21228580352729162,0.8862215172393471,0.8861600879188261,0.8917500771138712,0.8920950428883274,-6.142932052100036e-5,0.0004782413234142644,-0.006931598852661325,0.05983579227568604,1.3136505796807536e-5,-1.9576945590855176e-5,6.44043979404764e-6,0.00012526121357467443,49.027038800628475,70.97571353421924,9.052516751711337e-5,7.836116568033609e-5,-1.2164001836777286e-5,5.011435910590469e-5,-13.437149215413202,28.811528674190974,0.136764
137.99999999999983,4.130973621689195,4.131315274924467,0.00034165323527179936,0.00827824680432259,0.008270525705562217,0.21228580352729162,0.8861344476726802,0.8860720445281525,0.8916513211352795,0.892020130522546,-6.24031445277673e-5,0.0004782413234142644,-0.007042175675673285,0.05983579227568604,1.7155129209701665e-5,-1.3484499340081323e-5,-3.6706298696203422e-6,0.00012526121357467443,-21.396690311982653,70.97571353421924,9.443551499923901e-5,8.246454626507887e-5,-1.1970968734160146e-5,5.011435910590469e-5,-12.676341876524539,28.811528674190974,0.136764
138.99999999999986,4.130598828415422,4.1309027979275585,0.000303969512136959,0.00827824680432259,0.007358969601353605,0.21228580352729162,0.8860584440288581,0.8859951681156911,0.891563741287012,0.8919541620810101,-6.327591316701575e-5,0.0004782413234142644,-0.007141279855006372,0.05983579227568604,2.0510802931082013e-5,-8.256094785737771e-6,-1.2254708145344242e-5,0.00012526121357467443,-59.74757880771938,70.97571353421924,9.772890087329024e-5,8.591928452533999e-5,-1.1809616347950252e-5,5.011435910590469e-5,-12.08405726701248,28.811528674190974,0.136764
139.99999999999986,4.130286603255657,4.13055330231308,0.00026669905742338074,0.00827824680432259,0.006457156198631782,0.21228580352729162,0.8859917104908095,0.8859276481009467,0.8914856026053848,0.8918956930654671,-6.406238986278456e-5,0.0004782413234142644,-0.007230585693323944,0.05983579227568604,2.33156302546423e-5,-3.752073790823322e-6,-1.956355646381898e-5,0.00012526121357467443,-83.90747430009421,70.97571353421924,0.00010049853305854583,8.88258742126248e-5,-1.1672658845921036e-5,5.011435910590469e-5,-11.614755450331877,28.811528674190974,0.136764
140.99999999999986,4.1300268605980515,4.130269904786233,0.00024304418818132945,0.00827824680432259,0.005884808897977367,0.21228580352729162,0.885932805758317,0.8858680312600181,0.8914155067882018,0.8918435664159277,-6.477449829889181e-5,0.0004782413234142644,-0.007311445955932051,0.05983579227568604,2.565943495630532e-5,1.3996846757400553e-7,-2.5519466488731314e-5,0.00012526121357467443,-99.4545146149463,70.97571353421924,0.00010282219267457082,9.126763843322208e-5,-1.1554554241348744e-5,5.011435910590469e-5,-11.23741280048225,28.811528674190974,0.136764
141.99999999999986,4.129811445753809,4.1300289688523435,0.0002175230985344001,0.00827824680432259,0.0052671435825006755,0.21228580352729162,0.8858805593048807,0.8858151372497047,0.8913523133039938,0.891796846204721,-6.542205517601207e-5,0.0004782413234142644,-0.007384974699901582,0.05983579227568604,2.7615046990910863e-5,3.5117321855603194e-6,-2.4103314805350542e-5,0.00012526121357467443,-87.28326558084018,70.97571353421924,0.00010476503261942129,9.331425882703444e-5,-1.1450773792386849e-5,5.011435910590469e-5,-10.929957740751096,28.811528674190974,0.136764
142.99999999999986,4.1296335139575815,4.129836156473777,0.0002026425161956169,0.00827824680432259,0.0049070338932187,0.21228580352729162,0.8858340107229247,0.8857679975634927,0.8912950820518056,0.8917547644889317,-6.601315943199904e-5,0.0004782413234142644,-0.007452091321050773,0.05983579227568604,2.9242036740007662e-5,6.438525912509349e-6,-2.2803510827498314e-5,0.00012526121357467443,-77.98195122400472,70.97571353421924,0.00010638172290626333,9.502367018976869e-5,-1.1358052716494644e-5,5.011435910590469e-5,-10.676695588491853,28.811528674190974,0.136764
143.9999999999999,4.1294875047581066,4.129672287040581,0.00018478228247431616,0.00827824680432259,0.0044747025450835014,0.21228580352729162,0.8857923647612148,0.8857258101283714,0.8912430309799807,0.8917166875622722,-6.655463284344076e-5,0.0004782413234142644,-0.0075135703908874914,0.05983579227568604,3.058959720321181e-5,8.98295300219799e-6,-2.160664420101382e-5,0.00012526121357467443,-70.6339611387403,70.97571353421924,0.00010771835783822513,9.644469497938939e-5,-1.1273662858835744e-5,5.011435910590469e-5,-10.465869592782774,28.811528674190974,0.136764
144.9999999999999,4.129368684650477,4.129544202870499,0.00017551822002204176,0.00827824680432259,0.004250485568761903,0.21228580352729162,0.8857549576293676,0.8856879054334317,0.8911955041189614,0.8916820854800889,-6.705219593594602e-5,0.0004782413234142644,-0.007570061602071565,0.05983579227568604,3.169861065174389e-5,1.1197228982152968e-5,-2.0501381669590923e-5,0.00012526121357467443,-64.67596291468075,70.97571353421924,0.0001088138504364598,9.761809125827501e-5,-1.1195759178184785e-5,5.011435910590469e-5,-10.288910036064186,28.811528674190974,0.136764
145.9999999999999,4.129273196207296,4.129436000473153,0.00016280426585701946,0.00827824680432259,0.003942685749311861,0.21228580352729162,0.8857212311978762,0.885653720439217,0.8911519472120711,0.8916505140485994,-6.751075865918388e-5,0.0004782413234142644,-0.00762212265905383,0.05983579227568604,3.2603328990885796e-5,1.3125419476918304e-5,-1.9477909513967493e-5,0.00012526121357467443,-59.74208805307123,70.97571353421924,0.00010970122954626851,9.857851423083427e-5,-1.1122715315434238e-5,5.011435910590469e-5,-10.139098131751595,28.811528674190974,0.136764
146.9999999999999,4.129197707138936,4.129354923659124,0.0001572165201872977,0.00827824680432259,0.003807435035515188,0.21228580352729162,0.8856907131573183,0.8856227786666202,0.8911118887951048,0.8916215960339816,-6.793449069808499e-5,0.0004782413234142644,-0.0076702272801203375,0.05983579227568604,3.333257943613572e-5,1.4804731915108615e-5,-1.8527847521027107e-5,0.00012526121357467443,-55.58479971982347,70.97571353421924,0.0001104085429084276,9.935501704308881e-5,-1.1053525865338786e-5,5.011435910590469e-5,-10.011476987343757,28.811528674190974,0.136764
147.99999999999991,4.129139497704519,4.129287557259819,0.00014805955530050596,0.00827824680432259,0.0035857242261448322,0.21228580352729162,0.8856630014211142,0.885594674393464,0.8910749254260113,0.8915950112806783,-6.832702765025012e-5,0.0004782413234142644,-0.007714788530243914,0.05983579227568604,3.3910797627095116e-5,1.626695895503017e-5,-1.7643838672064945e-5,0.00012526121357467443,-52.030149411665015,70.97571353421924,0.0001109597527232024,9.997253428694338e-5,-1.0987218436259025e-5,5.011435910590469e-5,-9.90198532946219,28.811528674190974,0.136764
148.99999999999991,4.129096181891977,4.129241108672053,0.00014492678007638204,0.00827824680432259,0.0035098911164131745,0.21228580352729162,0.8856377518886214,0.8855690604010006,0.8910407099447526,0.8915704844032256,-6.86914876207867e-5,0.0004782413234142644,-0.007756160741149774,0.05983579227568604,3.435876014978108e-5,1.753921230132845e-5,-1.6819547848452628e-5,0.00012526121357467443,-48.95272057295058,70.97571353421924,0.00011137532150833338,0.00010045204965398372,-1.0923271854349664e-5,5.011435910590469e-5,-9.807623184757636,28.811528674190974,0.136764
149.99999999999991,4.129065812536374,4.129204105148644,0.00013829261227016332,0.00827824680432259,0.00334924698585063,0.21228580352729162,0.8856146686089202,0.8855456379831543,0.8910089421350653,0.8915477793177696,-6.903062576590902e-5,0.0004782413234142644,-0.007794657000695224,0.05983579227568604,3.469424802251077e-5,1.864490143734532e-5,-1.604934658516545e-5,0.00012526121357467443,-46.25938736228583,70.97571353421924,0.00011167284179481819,0.00010081174365512616,-1.0861098139692028e-5,5.011435910590469e-5,-9.72581870858775,28.811528674190974,0.136764
150.99999999999991,4.129046653319796,4.1291834795358735,0.000136826216077246,0.00827824680432259,0.0033137483677312366,0.21228580352729162,0.8855934959422602,0.8855241491187344,0.8909793611541705,0.8915266907619699,-6.934682352577326e-5,0.0004782413234142644,-0.007830547970769491,0.05983579227568604,3.493250610688646e-5,1.960415118293111e-5,-1.5328354923955348e-5,0.00012526121357467443,-43.879917681982676,70.97571353421924,0.00011186741608208712,0.00010106696585730556,-1.080045022478156e-5,5.011435910590469e-5,-9.654688204165103,28.811528674190974,0.136764
151.99999999999994,4.1290372899594985,4.129169311366328,0.00013202140682988528,0.00827824680432259,0.003197389550123929,0.21228580352729162,0.8855740121357694,0.8855043699264554,0.8909517394202071,0.8915070413125905,-6.964220931393594e-5,0.0004782413234142644,-0.007864075544174724,0.05983579227568604,3.50866851591475e-5,2.043449374455218e-5,-1.465219141459532e-5,0.00012526121357467443,-41.75997632188781,70.97571353421924,0.00011197210791208154,0.00010123114278409201,-1.0740965127989526e-5,5.011435910590469e-5,-9.592536327371041,28.811528674190974,0.136764
152.99999999999994,4.129036439348845,4.12916813837263,0.00013169902378518117,0.00827824680432259,0.0031895825023513314,0.21228580352729162,0.8855560241411183,0.8854861055068555,0.8909258775716703,0.89148867529032,-6.99186342628666e-5,0.0004782413234142644,-0.007895450130405829,0.05983579227568604,3.516813724241116e-5,2.1151101552799283e-5,-1.4017035689611878e-5,0.00012526121357467443,-39.85720253817702,70.97571353421924,0.00011199818720327409,0.00010131564004749817,-1.0682547155775918e-5,5.011435910590469e-5,-9.538142913319968,28.811528674190974,0.136764
153.99999999999994,4.129043060303286,4.1291713050568895,0.00012824475360329046,0.00827824680432259,0.003105919500724961,0.21228580352729162,0.8855393632925914,0.8854691855232557,0.8909016003476381,0.8914714572149847,-7.017776933571085e-5,0.0004782413234142644,-0.007924861643053059,0.05983579227568604,3.518671970099857e-5,2.1767294226665076e-5,-1.3419425474333494e-5,0.00012526121357467443,-38.137756484167696,70.97571353421924,0.00011195545940993615,0.00010133049479813429,-1.0624964611801864e-5,5.011435910590469e-5,-9.49034970496391,28.811528674190974,0.136764
154.99999999999994,4.12905619076428,4.129184902544699,0.0001287117804187332,0.00827824680432259,0.003117220363981264,0.21228580352729162,0.8855238817878022,0.8854534607127383,0.8908787531387143,0.8914552672670671,-7.042107506383122e-5,0.0004782413234142644,-0.007952476100549279,0.05983579227568604,3.515098885988205e-5,2.2294661299622152e-5,-1.2856327560259895e-5,0.00012526121357467443,-36.57458289867023,70.97571353421924,0.00011185242233103469,0.00010128422011051131,-1.0568202220523378e-5,5.011435910590469e-5,-9.448344524221461,28.811528674190974,0.136764
155.99999999999994,4.129075054569596,4.129201322842874,0.0001262682732781073,0.00827824680432259,0.003058028047670574,0.21228580352729162,0.8855094497053325,0.8854387998239298,0.8908571991399711,0.8914400005878478,-7.064988140270678e-5,0.0004782413234142644,-0.007978444659875359,0.05983579227568604,3.5068414905600264e-5,2.274344489280414e-5,-1.2324970012796123e-5,0.00012526121357467443,-35.14550071901847,70.97571353421924,0.00011169651073986278,0.00010118440592717612,-1.0512104812686657e-5,5.011435910590469e-5,-9.411309935338068,28.811528674190974,0.136764
156.99999999999997,4.1290989204977215,4.129226199107072,0.00012727860935068946,0.00827824680432259,0.0030824790541793875,0.21228580352729162,0.8854959525590836,0.8854250872035488,0.890836816934459,0.8914255637992416,-7.086535553479933e-5,0.0004782413234142644,-0.008002899994065296,0.05983579227568604,3.494551079694101e-5,2.312259604630305e-5,-1.1822914750637962e-5,0.00012526121357467443,-33.83242791710142,70.97571353421924,0.0001114941947694939,0.00010103749764980727,-1.0456697119686626e-5,5.011435910590469e-5,-9.378691994955506,28.811528674190974,0.136764
157.99999999999997,4.1291272032744475,4.129252802167341,0.00012559889289320836,0.00827824680432259,0.0030417782429566936,0.21228580352729162,0.8854832891943104,0.8854122206257071,0.8908174984823637,0.8914118748033845,-7.106856860328303e-5,0.0004782413234142644,-0.008025963840373249,0.05983579227568604,3.478798792843476e-5,2.3440071003777693e-5,-1.134791692465707e-5,0.00012526121357467443,-32.620216345946204,70.97571353421924,0.00011125116499547767,0.00010084929624557242,-1.040186874990525e-5,5.011435910590469e-5,-9.349896471041973,28.811528674190974,0.136764
158.99999999999997,4.129159340056498,4.129286318585182,0.00012697852868370774,0.00827824680432259,0.0030751665950960933,0.21228580352729162,0.8854713700535924,0.8854001095898123,0.8907991473924496,0.8913988600480109,-7.126046378014284e-5,0.0004782413234142644,-0.00804774340426499,0.05983579227568604,3.46008428480717e-5,2.370284742785227e-5,-1.0897995420219428e-5,0.00012526121357467443,-31.496329346863796,70.97571353421924,0.00011097239221351055,0.00010062473029712172,-1.0347661916388834e-5,5.011435910590469e-5,-9.324537130352173,28.811528674190974,0.136764
159.99999999999997,4.129194884907458,4.129320764348892,0.0001258794414340514,0.00827824680432259,0.0030485226525430167,0.21228580352729162,0.8854601156633594,0.8853886737506494,0.8907816774742949,0.8913864546192112,-7.144191270991307e-5,0.0004782413234142644,-0.00806833774284582,0.05983579227568604,3.4388472521229816e-5,2.3917158795480625e-5,-1.0471313725749191e-5,0.00012526121357467443,-30.450069334381446,70.97571353421924,0.00011066226990157413,0.00010036827715092368,-1.0293992750650449e-5,5.011435910590469e-5,-9.302170251709269,28.811528674190974,0.136764
161.0,4.129233399511484,4.129360903055421,0.00012750354393720187,0.00827824680432259,0.003087826034544,0.21228580352729162,0.8854494553824555,0.8853778416974386,0.8907650114788052,0.891374600048516,-7.161368501684695e-5,0.0004782413234142644,-0.008087834328828468,0.05983579227568604,3.415473306080943e-5,2.40884866053543e-5,-1.0066246455455126e-5,0.00012526121357467443,-29.472478785101558,70.97571353421924,0.00011032464852192989,0.00010008373973388284,-1.024090878804705e-5,5.011435910590469e-5,-9.282521109515617,28.811528674190974,0.136764
162.0,4.1292745409433165,4.129401387990391,0.00012684704707410788,0.00827824680432259,0.0030718966689274717,0.21228580352729162,0.8854393262943652,0.8853675497978788,0.8907490800378657,0.8913632445734676,-7.177649648637541e-5,0.0004782413234142644,-0.008106314498901446,0.05983579227568604,3.390302678178893e-5,2.4221749236120307e-5,-9.681277545668622e-6,0.00012526121357467443,-28.555791221770612,70.97571353421924,0.00010996294697944204,9.977460469925388e-5,-1.0188342280188152e-5,5.011435910590469e-5,-9.26525030480758,28.811528674190974,0.136764
163.0,4.129317964205501,4.1294465893593175,0.00012862515381684148,0.00827824680432259,0.003114924908467046,0.21228580352729162,0.8854296722896953,0.8853577413091162,0.8907338207313142,0.8913523413490277,-7.193098057911573e-5,0.0004782413234142644,-0.00812385024245961,0.05983579227568604,3.3636342081698594e-5,2.432128015740769e-5,-9.315061924290905e-6,0.00012526121357467443,-27.693445088843937,70.97571353421924,0.00010958017018856154,9.944383034238752e-5,-1.0136339846174029e-5,5.011435910590469e-5,-9.250158882516596,28.811528674190974,0.136764
164.0,4.056034234213732,4.060036575319765,0.004002341106033036,0.00827824680432259,0.0986762160997612,0.21228580352729162,0.8854204432425826,0.8853483655127166,0.8907191772983114,0.891341848798896,-7.20777298660602e-5,0.0004782413234142644,-0.008140508886614078,0.05983579227568604,3.3357320380595764e-5,2.439098248390493e-5,-8.966337896690834e-6,0.00012526121357467443,-26.879670772076246,70.97571353421924,0.00010917899760940482,9.909415363640924e-5,-1.0084843972995582e-5,5.011435910590469e-5,-9.236981648315536,28.811528674190974,2.15262
165.0,3.9711897712386537,3.982151497242112,0.010961726003458239,0.00827824680432259,0.27603128117544395,0.21228580352729162,0.8849806084683294,0.8849081687586497,0.8903086089735089,0.8909373478811752,-7.24397096796281e-5,0.0004782413234142644,-0.008185457284199971,0.05983579227568604,5.4918339830273654e-5,4.6463762505762577e-5,-8.454577324511077e-6,0.00012526121357467443,-15.394815922404312,70.97571353421924,0.00011613283032747203,0.0001083471386096752,-7.785691717796832e-6,5.011435910590469e-5,-6.704126383420342,28.811528674190974,6.18525
166.00000000000003,3.9096821573791694,3.9264545778232485,0.016772420444079117,0.00827824680432259,0.4289970327235604,0.21228580352729162,0.8834399053963342,0.8833652633584829,0.8889870759880059,0.889645441275121,-7.464203785134682e-5,0.0004782413234142644,-0.008449022666443899,0.05983579227568604,0.00014150558811108841,0.0001354450832848054,-6.0605048262830235e-6,0.00012526121357467443,-4.282873141041786,70.97571353421924,0.00014436356595329072,0.00014567055236395208,1.3069864106613675e-6,5.011435910590469e-5,0.9053436731288883,28.811528674190974,10.222650000000113
167.00000000000003,3.855098501170739,3.876793252175248,0.021694751004508905,0.00827824680432259,0.5627547778071174,0.21228580352729162,0.880803751042861,0.8807200445274936,0.8869382204007309,0.8877161914976034,-8.370651536737661e-5,0.0004782413234142644,-0.009503424033817875,0.05983579227568604,0.00031073027582386207,0.0003150950419282343,4.364766104372243e-6,0.00012526121357467443,1.4046800212176354,70.97571353421924,0.00019913363064555983,0.00021891957204846072,1.9785941402900893e-5,5.011435910590469e-5,9.936011982887065,28.811528674190974,14.268600000000115
168.00000000000003,3.8041013859486994,3.830299545350766,0.0261981594020666,0.00827824680432259,0.6886819446725413,0.21228580352729162,0.877388271893077,0.8772773855252026,0.8845681634660109,0.885663112737451,-0.00011088636787437434,0.0004782413234142644,-0.012638232288553718,0.05983579227568604,0.0005626115993058176,0.0005983562497524385,3.5744650446620924e-5,0.00012526121357467443,6.353344028229194,70.97571353421924,0.0002785988526917717,0.0003273766924932811,4.877783980150938e-5,5.011435910590469e-5,17.508270163436322,28.811528674190974,18.326700000000113
169.00000000000003,3.755911255810139,3.786588721047452,0.030677465237312962,0.00827824680432259,0.8167782236562967,0.21228580352729162,0.8732952342867666,0.8731185685044955,0.8820357140768756,0.8837591392018065,-0.000176665782271046,0.0004782413234142644,-0.020229788888671954,0.05983579227568604,0.0009068828756342886,0.0010150793233444564,0.00010819644771016773,0.00012526121357467443,11.930586696158905,70.97571353421924,0.0003824847935433326,0.00047382558672887716,9.134079318554456e-5,5.011435910590469e-5,23.880895326416777,28.811528674190974,22.401449999999915
170.00000000000006,3.773821642689311,3.7972017089972008,0.023380066307889802,0.00827824680432259,0.6195328905694821,0.21228580352729162,0.8685675837641272,0.868253905483809,0.8794312928379246,0.8821860554941311,-0.0003136782803182525,0.0004782413234142644,-0.03611443555823937,0.05983579227568604,0.0013572503109337052,0.001606731580385782,0.00024948126945207694,0.00012526121357467443,18.381375008155207,70.97571353421924,0.0005124006819100402,0.0006672939467656728,0.00015489326485563257,5.011435910590469e-5,30.228934176716503,28.811528674190974,19.398149999999983
171.00000000000006,3.7688484368215383,3.7907626035038224,0.021914166682284186,0.00827824680432259,0.5814552389048979,0.21228580352729162,0.8648985967639675,0.8644486338389022,0.8773891464672073,0.8811394369589758,-0.0004499629250652726,0.0004782413234142644,-0.05202493410774585,0.05983579227568604,0.0016794922229692263,0.0020621493231580104,0.00038265710018878414,0.00012526121357467443,22.78409479695433,70.97571353421924,0.0006385302940476438,0.0008594457697979681,0.00022091547575032436,5.011435910590469e-5,34.5974933076301,28.811528674190974,19.08899999999979
172.00000000000006,3.8008331108085383,3.8162234462742926,0.015390335465754301,0.00827824680432259,0.404920053500596,0.21228580352729162,0.8626077440085705,0.8620601638558637,0.8759723098893959,0.8804904848591288,-0.0005475801527068391,0.0004782413234142644,-0.06347962402496106,0.05983579227568604,0.0018254178906350908,0.0022969966187609842,0.0004715787281258934,0.00012526121357467443,25.83401480533446,70.97571353421924,0.0007454145690405551,0.0010203122601881666,0.00027489769114761144,5.011435910590469e-5,36.878497223557126,28.811528674190974,15.395849999999575
173.00000000000006,3.889703645422797,3.89108736591702,0.001383720494223084,0.00827824680432259,0.0355739310847338,0.21228580352729162,0.8612072906020919,0.8606027824315635,0.8749950504011759,0.8800531187980819,-0.0006045081705283728,0.0004782413234142644,-0.0701931088049366,0.05983579227568604,0.0018697856417790478,0.002386632255936011,0.0005168466141569634,0.00012526121357467443,27.642024979141382,70.97571353421924,0.000832014713965295,0.001140015664482611,0.0003080009505173159,5.011435910590469e-5,37.01869033654653,28.811528674190974,7.936199999999403
174.00000000000009,4.154324665301601,4.1354352815506354,-0.018889383750965827,0.00827824680432259,-0.45469204438297,0.21228580352729162,0.8620290959490287,0.8614605444266211,0.8751828861264515,0.8801794580642093,-0.0005685515224075344,0.0004782413234142644,-0.06595502693347054,0.05983579227568604,0.00167810576205905,0.002143227753590692,0.00046512199153164215,0.00012526121357467443,27.71708446796187,70.97571353421924,0.0008653456099994994,0.0011652499526422803,0.00029990434264278094,5.011435910590469e-5,34.65717502662947,28.811528674190974,-2.5795349999999435
175.00000000000009,4.1387358900252424,4.1272938993416775,-0.011441990683564995,0.00827824680432259,-0.2764610013202657,0.21228580352729162,0.86563375666046,0.8651452900977248,0.8775413018893484,0.8820294620837801,-0.000488466562735268,0.0004782413234142644,-0.05642877937428522,0.05983579227568604,0.001317412445335764,0.0016839312292390703,0.00036651878390330634,0.00012526121357467443,27.821111391572824,70.97571353421924,0.0008212540503481645,0.0010790151620706243,0.00025776111172245975,5.011435910590469e-5,31.38628194444628,28.811528674190974,-1.9151549999998958
176.00000000000009,4.102989446222515,4.0992771941233705,-0.0037122520991443864,0.00827824680432259,-0.09047676451037749,0.21228580352729162,0.8692667304159772,0.8688397351302132,0.8802193382634748,0.8842320784073564,-0.00042699528576406465,0.0004782413234142644,-0.0491213192479748,0.05983579227568604,0.0010208531624197666,0.001311693207778043,0.0002908400453582765,0.00012526121357467443,28.489900023318476,70.97571353421924,0.0007432882637290191,0.0009517542706428752,0.00020846600691385602,5.011435910590469e-5,28.046454799110958,28.811528674190974,-0.6917849999995185
177.00000000000009,3.944269347877605,3.954423411768369,0.010154063890763787,0.00827824680432259,0.25743839974386246,0.21228580352729162,0.8708940532428299,0.8705030630659182,0.8813462859668052,0.8850572524983703,-0.00039099017691168747,0.0004782413234142644,-0.044895263144329726,0.05983579227568604,0.0008728671261650728,0.0011189085312092578,0.00024604140504418505,0.00012526121357467443,28.187727280458354,70.97571353421924,0.0006829672445852493,0.0008531635722816685,0.00017019632769641922,5.011435910590469e-5,24.920130364345017,28.811528674190974,4.955849999999931
178.00000000000009,3.961226557034243,3.9699721498620772,0.008745592827834159,0.00827824680432259,0.22077992010590664,0.21228580352729162,0.8706567968368317,0.8702878094723014,0.8809470164936934,0.8845174330412571,-0.00036898736453028214,0.0004782413234142644,-0.04238034617898164,0.05983579227568604,0.0008461126695689141,0.0010656803911329653,0.00021956772156405118,0.00012526121357467443,25.9501753680061,70.97571353421924,0.0006568522714781172,0.0008041825407839852,0.00014733026930586796,5.011435910590469e-5,22.429741922689875,28.811528674190974,4.142025000000003
179.0000000000001,3.960522135025836,3.9689542807002005,0.008432145674364566,0.00827824680432259,0.21290489957858952,0.21228580352729162,0.8698061693767728,0.8694521049198174,0.8800590828277113,0.8835696689976479,-0.0003540644569554052,0.0004782413234142644,-0.04070613309274375,0.05983579227568604,0.00085913318237474,0.0010612764693777327,0.00020214328700299277,0.00012526121357467443,23.528748644563603,70.97571353421924,0.0006525291491960671,0.0007874691084003415,0.00013493995920427443,5.011435910590469e-5,20.679529699251596,28.811528674190974,4.178565000000208
180.0000000000001,3.927145450874669,3.9392641198372305,0.012118668962561419,0.00827824680432259,0.3085872197542951,0.21228580352729162,0.8696246267137001,0.8692833952378388,0.8797676040517846,0.883190184908326,-0.0003412314758612922,0.0004782413234142644,-0.03923893889146188,0.05983579227568604,0.0008345422692490826,0.0010202709035021268,0.0001857286342530442,0.00012526121357467443,22.25515005011813,70.97571353421924,0.0006456318890460019,0.0007707393287960432,0.00012510743975004135,5.011435910590469e-5,19.377518656165282,28.811528674190974,6.004350000001067
181.0000000000001,3.8038938038124828,3.832648254486983,0.02875445067450011,0.00827824680432259,0.7559214888091969,0.21228580352729162,0.8690660900777076,0.8687333594235518,0.8792350013622072,0.88261991350515,-0.0003327306541558439,0.0004782413234142644,-0.03828600125522016,0.05983579227568604,0.0008423429641375094,0.0010171446111694707,0.00017480164703196136,0.00012526121357467443,20.751837965542222,70.97571353421924,0.0006477672812695474,0.0007677801199947218,0.00012001283872517434,5.011435910590469e-5,18.52715353112052,28.811528674190974,15.39764999999795
182.0000000000001,4.1631051002753425,4.154825923668762,-0.00827917660658084,0.00827824680432259,-0.19887022804284393,0.21228580352729162,0.8662119831790351,0.8658562311688213,0.8774034577938322,0.8810521175501528,-0.00035575201021387226,0.0004782413234142644,-0.04106985554601163,0.05983579227568604,0.0010715475763530629,0.0012699579095795817,0.00019841033322651885,0.00012526121357467443,18.516241145520997,70.97571353421924,0.0006979166587267363,0.000834369209954998,0.00013645255122826173,5.011435910590469e-5,19.551410547672372,28.811528674190974,-2.6484300000012198
183.00000000000014,4.3334687369797,4.305416845136198,-0.028051891843502652,0.00827824680432259,-0.647331123082106,0.21228580352729162,0.8664146558373848,0.866051845960743,0.8779110096978239,0.8816289927279943,-0.00036280987664172315,0.0004782413234142644,-0.041874854516521245,0.05983579227568604,0.0010740636051773979,0.001275347759158498,0.00020128415398110015,0.00012526121357467443,18.740431480112857,70.97571353421924,0.0007089015812421293,0.0008509299335052538,0.00014202835226312458,5.011435910590469e-5,20.03498878000302,28.811528674190974,-13.378499999998908
184.00000000000014,4.233285648209265,4.225288456028281,-0.007997192180984491,0.00827824680432259,-0.18891217946436964,0.21228580352729162,0.8723702253481546,0.8720402662184503,0.8823852608378393,0.8858666350405062,-0.00032995912970423813,0.0004782413234142644,-0.037823291088660733,0.05983579227568604,0.000639601406882619,0.0008047467061945645,0.00016514529931194546,0.00012526121357467443,25.820033779608814,70.97571353421924,0.0006018357830079328,0.0007008678147080643,9.903203170013154e-5,5.011435910590469e-5,16.454992291281922,28.811528674190974,-5.688450000001353
185.00000000000014,4.3696962248410145,4.346548319816583,-0.023147905024431203,0.00827824680432259,-0.5297371678342104,0.21228580352729162,0.8760113887005422,0.8757015924865243,0.8852718205707476,0.8886127354287546,-0.0003097962140178323,0.0004782413234142644,-0.03536440484836366,0.05983579227568604,0.00040791926786431604,0.000551459016193102,0.00014353974832878596,0.00012526121357467443,35.18827367000737,70.97571353421924,0.000495012259833033,0.0005494321521737387,5.441989234070566e-5,5.011435910590469e-5,10.99364536124043,28.811528674190974,-15.212249999998734
186.00000000000014,4.2616257918324525,4.257285537310935,-0.00434025452151765,0.00827824680432259,-0.10184504068461132,0.21228580352729162,0.8789307675722167,0.8786551629174147,0.8875822245626073,0.8905344353160924,-0.00027560465480191976,0.0004782413234142644,-0.03135681045313673,0.05983579227568604,0.00021624007484934707,0.0003163783953435677,0.00010013832049422062,0.00012526121357467443,46.308863222502254,70.97571353421924,0.00038918193106530564,0.0003931433974848195,3.961466419513877e-6,5.011435910590469e-5,1.0178957714378403,28.811528674190974,-6.314399999999235
187.00000000000014,4.144722528341204,4.15270830430883,0.007985775967625841,0.00827824680432259,0.19267335540605895,0.21228580352729162,0.8813174852867779,0.8810675521493014,0.8895152088791003,0.892137825862853,-0.0002499331374764546,0.0004782413234142644,-0.028359035381571623,0.05983579227568604,7.096870292448121e-5,0.00013891470539358305,6.794600246910184e-5,0.00012526121357467443,95.74079794216351,70.97571353421924,0.0002892162568044838,0.0002465132026286479,-4.2703054175835856e-5,5.011435910590469e-5,-14.765094689924021,28.811528674190974,-0.9313649999988549
188.00000000000017,3.935740042548173,3.9552362801904137,0.019496237642240732,0.00827824680432259,0.4953639577683591,0.21228580352729162,0.8802191117296864,0.8799639990664254,0.8887508274145678,0.8913388439588975,-0.00025511266326094795,0.0004782413234142644,-0.028982858911076746,0.05983579227568604,0.00016094549431890193,0.000233196777185796,7.225128286689406e-5,0.00012526121357467443,44.89177107607209,70.97571353421924,0.00025603831692716847,0.00020528391852417047,-5.0754398402998006e-5,5.011435910590469e-5,-19.82296986330971,28.811528674190974,7.126199999999615
189.00000000000017,3.9709694584435207,3.9837143985759536,0.01274494013243288,0.00827824680432259,0.3209528621614845,0.21228580352729162,0.8774254219750922,0.8771667139672946,0.8863746268852112,0.8889273446478756,-0.0002587080077975923,0.0004782413234142644,-0.029484899949130526,0.05983579227568604,0.000327036442231995,0.00040043665393784674,7.340021170585174e-5,0.00012526121357467443,22.44404666492264,70.97571353421924,0.0002757074556030469,0.000239651149126741,-3.605630647630592e-5,5.011435910590469e-5,-13.077740824034304,28.811528674190974,4.871700000001069
190.00000000000017,3.8742957556787414,3.8955835736813365,0.02128781800259505,0.00827824680432259,0.5494629048748401,0.21228580352729162,0.8749595840647646,0.8746996392350496,0.8842452864033672,0.8867511516074166,-0.00025994482971503086,0.0004782413234142644,-0.02970935280317927,0.05983579227568604,0.0004609951290691501,0.0005328122025003586,7.181707343120855e-5,0.00012526121357467443,15.578705479214698,70.97571353421924,0.0003144022860851926,0.0003001539167864961,-1.4248369298696512e-5,5.011435910590469e-5,-4.531891124619773,28.811528674190974,11.138850000001176
191.00000000000017,3.7937072189435206,3.824509770716625,0.030802551773104536,0.00827824680432259,0.811938033048383,0.21228580352729162,0.8726296956303933,0.8723598781384372,0.8824617282221224,0.8850361070672456,-0.0002698174919560925,0.0004782413234142644,-0.03092004470019492,0.05983579227568604,0.0006087410846246573,0.0006899874769469408,8.124639232228348e-5,0.00012526121357467443,13.346625416679252,70.97571353421924,0.0003651788553020826,0.00037656449215060236,1.1385636848519761e-5,5.011435910590469e-5,3.1178247818048925,28.811528674190974,18.03150000000047
192.0000000000002,3.759626091291213,3.7920264446576475,0.03240035336643432,0.00827824680432259,0.8617972260987976,0.21228580352729162,0.8681338518934896,0.8678132368176122,0.8796150079000764,0.8825803104026181,-0.0003206150758773285,0.0004782413234142644,-0.03693152561417043,0.05983579227568604,0.0009850728766830738,0.001117817996330363,0.00013274511964728912,0.00012526121357467443,13.475664876112209,70.97571353421924,0.0004644165996949447,0.0005245302691836984,6.01136694887537e-5,5.011435910590469e-5,12.943910602730346,28.811528674190974,20.78775000000135
193.0000000000002,3.692311825256475,3.7336783584276634,0.041366533171188546,0.00827824680432259,1.12034235267535,0.21228580352729162,0.8630898724938889,0.8626588802458046,0.8767799109694104,0.880521769969062,-0.00043099224808429426,0.0004782413234142644,-0.04993596400789025,0.05983579227568604,0.0014560237975986573,0.0016993860990085815,0.00024336230140992415,0.00012526121357467443,16.714170593316446,70.97571353421924,0.0005974321612625352,0.0007299946283247772,0.000132562467062242,5.011435910590469e-5,22.188706209270983,28.811528674190974,27.578250000001447
194.0000000000002,3.627401102042847,3.6789938318795077,0.051592729836660745,0.00827824680432259,1.4223056228219486,0.21228580352729162,0.8573376793203712,0.8566455899209333,0.8740269429558261,0.8791413725492895,-0.0006920893994378785,0.0004782413234142644,-0.08072541498310347,0.05983579227568604,0.0020897522483660324,0.0025804878119509538,0.0004907355635849213,0.00012526121357467443,23.482954209936853,70.97571353421924,0.0007706574362456312,0.0010195637751149677,0.0002489063388693365,5.011435910590469e-5,32.29792215876351,28.811528674190974,34.83630000000033
195.0000000000002,3.603634704966106,3.652419361699157,0.04878465673305099,0.00827824680432259,1.3537625405211495,0.21228580352729162,0.8497456412745709,0.8484476675815698,0.8710664926396686,0.8784186396048309,-0.0012979736930011088,0.0004782413234142644,-0.15274849672123306,0.05983579227568604,0.0031008672577105736,0.004127732265172544,0.0010268650074619703,0.00012526121357467443,33.11541327377307,70.97571353421924,0.0010140484908052814,0.0014486611552378566,0.00043461266443257517,5.011435910590469e-5,42.859159929071865,28.811528674190974,36.449999999999946
196.0000000000002,3.5890635528654715,3.6313786946409756,0.042315141775504106,0.00827824680432259,1.179002298293663,0.21228580352729162,0.8420635052962044,0.839874601542446,0.8684030747377505,0.8783134487428427,-0.0021889037537584644,0.0004782413234142644,-0.2599452107817563,0.05983579227568604,0.004197110451558524,0.005962239154903407,0.0017651287033448836,0.00012526121357467443,42.055807768638395,70.97571353421924,0.0012941984334940682,0.0018665675581654457,0.0005723691246713775,5.011435910590469e-5,44.225762437843414,28.811528674190974,36.18539999999637
197.00000000000023,3.7294086557044586,3.7337041116669685,0.004295455962509909,0.00827824680432259,0.1151779372834251,0.21228580352729162,0.8357858158811642,0.8326465708617466,0.8662997658684898,0.8785226738906414,-0.003139245019417536,0.0004782413234142644,-0.37560400760185764,0.05983579227568604,0.005071991692823528,0.007572213364055721,0.0025002216712321926,0.00012526121357467443,49.29467204707395,70.97571353421924,0.001540832621646693,0.002095940369196759,0.0005551077475500659,5.011435910590469e-5,36.02647943401019,28.811528674190974,17.9140500000029
198.00000000000023,3.6017452805090313,3.640939693494321,0.039194412985289695,0.00827824680432259,1.08820613154938,0.21228580352729162,0.8350175652894429,0.8316880162485661,0.8656563149982909,0.8786556469706851,-0.003329549040876789,0.0004782413234142644,-0.39874000012474764,0.05983579227568604,0.004925019730475146,0.007486588747470011,0.0025615690169948652,0.00012526121357467443,52.01134527734644,70.97571353421924,0.0016349849310233215,0.0020867024835457327,0.0004517175525224112,5.011435910590469e-5,27.6282394994115,28.811528674190974,30.657149999997802
199.00000000000023,3.6791618388803333,3.7048336446734953,0.025671805793161973,0.00827824680432259,0.6977623414623855,0.21228580352729162,0.8340834326958728,0.8307348808608906,0.8649688313184108,0.8786773597884794,-0.003348551834982172,0.0004782413234142644,-0.4014648539606152,0.05983579227568604,0.004818016696053763,0.00734442507207645,0.002526408376022687,0.00012526121357467443,52.43668786145891,70.97571353421924,0.0016722704283168447,0.002033555158102705,0.0003612847297858601,5.011435910590469e-5,21.604444093979254,28.811528674190974,20.989350000001487
200.00000000000023,3.6081889308572372,3.6527695788710886,0.04458064801385131,0.00827824680432259,1.2355408452311778,0.21228580352729162,0.8315404178807119,0.8280199302389709,0.8638683295020984,0.8785817582428093,-0.0035204876417409547,0.0004782413234142644,-0.42336939564686127,0.05983579227568604,0.005011619579359112,0.007641799989423632,0.00263018041006452,0.00012526121357467443,52.48164527286144,70.97571353421924,0.001727435123573036,0.0020225566637262975,0.0002951215401532615,5.011435910590469e-5,17.084377649033243,28.811528674190974,27.514349999999574
201.00000000000026,3.615106995696711,3.660234007369288,0.045127011672577044,0.00827824680432259,1.2482897940861657,0.21228580352729162,0.8299212773092461,0.8264519946707041,0.8630577314847877,0.8784042160476508,-0.0034692826385420705,0.0004782413234142644,-0.41802550836991526,0.05983579227568604,0.005039925616197287,0.007595067587316082,0.0025551419711187942,0.00012526121357467443,50.698009567980364,70.97571353421924,0.0017773012521177,0.0020253509038160745,0.0002480496516983745,5.011435910590469e-5,13.956533896705297,28.811528674190974,25.64730000000104
202.00000000000026,3.5665882449001827,3.6244045172125117,0.057816272312329,0.00827824680432259,1.621052623470055,0.21228580352729162,0.8268292586161284,0.823304855032309,0.8619473178743681,0.8782694787706387,-0.0035244035838194465,0.0004782413234142644,-0.42625530568648146,0.05983579227568604,0.005357150184140169,0.007961320198011707,0.002604170013871538,0.00012526121357467443,48.61110710655784,70.97571353421924,0.0018582615181825203,0.0020823669961539506,0.00022410547797143028,5.011435910590469e-5,12.059953659838875,28.811528674190974,29.706299999997416
203.00000000000026,3.646595276509273,3.683137147261872,0.03654187075259907,0.00827824680432259,1.0020818868492316,0.21228580352729162,0.8236264954111374,0.8201973007653282,0.8609150469379202,0.8781816051412394,-0.0034291946458092637,0.0004782413234142644,-0.4163531242517253,0.05983579227568604,0.005712832978321038,0.008284690195111985,0.0025718572167909466,0.00012526121357467443,45.01894640628541,70.97571353421924,0.0019539991010375127,0.0021685365734402124,0.00021453747240269974,5.011435910590469e-5,10.979404867115191,28.811528674190974,19.6163999999997
204.00000000000026,3.6487095089616393,3.6868730341369647,0.0381635251753254,0.00827824680432259,1.0459458359617697,0.21228580352729162,0.8223091209143742,0.8192104663691626,0.8603592748967491,0.8781086540094978,-0.003098654545211632,0.0004782413234142644,-0.3768235650561743,0.05983579227568604,0.005718313368409456,0.00806080407502648,0.0023424907066170236,0.00012526121357467443,40.964713818553555,70.97571353421924,0.0020140299386642224,0.002209997028929778,0.00019596709026555546,5.011435910590469e-5,9.730098172995778,28.811528674190974,18.442349999999674
205.00000000000028,3.660054904906083,3.7002710331603237,0.04021612825424059,0.00827824680432259,1.0987848351764695,0.21228580352729162,0.8232925267203406,0.8206041755925059,0.8603204891680626,0.8779759393891536,-0.0026883511278347205,0.0004782413234142644,-0.32653656392874203,0.05983579227568604,0.005296560321314266,0.007291151115746666,0.0019945907944324,0.00012526121357467443,37.65822861312134,70.97571353421924,0.002012538916462298,0.0021677430346894707,0.00015520411822717278,5.011435910590469e-5,7.711856747594988,28.811528674190974,17.168849999996777
206.00000000000028,3.8196883571139417,3.8290001213777076,0.009311764263765898,0.00827824680432259,0.24378335071297877,0.21228580352729162,0.8235090176043864,0.8209880092644787,0.8601391854051056,0.8778264816137297,-0.00252100833990776,0.0004782413234142644,-0.30613002238171627,0.05983579227568604,0.0050566194652275345,0.006892507104317429,0.0018358876390898943,0.00012526121357467443,36.30662049447464,70.97571353421924,0.0020059028126698107,0.0021223433156155234,0.00011644050294571263,5.011435910590469e-5,5.8048925506382325,28.811528674190974,5.837849999999064
207.00000000000028,3.8980380904777485,3.89878490941524,0.0007468189374915113,0.00827824680432259,0.019158841451956676,0.21228580352729162,0.8259992046223915,0.8235494498081317,0.8609561618725345,0.8780006902151922,-0.002449754814259797,0.0004782413234142644,-0.29658077157346796,0.05983579227568604,0.004555211151235975,0.006244861162067495,0.0016896500108315197,0.00012526121357467443,37.092682528516015,70.97571353421924,0.001938018608256565,0.002018107231053085,8.008862279651995e-5,5.011435910590469e-5,4.132500196608917,28.811528674190974,2.5429050000004585
208.00000000000028,3.8706500315223966,3.8821467880125256,0.011496756490128934,0.00827824680432259,0.2970239209564253,0.21228580352729162,0.8302614786239217,0.827922822985579,0.8627240564855237,0.87861881810441,-0.0023386556383427903,0.0004782413234142644,-0.28167700158977466,0.05983579227568604,0.003896681062249244,0.005393677220373372,0.001496996158124128,0.00012526121357467443,38.417210292803155,70.97571353421924,0.0018046366514638248,0.0018498037520951558,4.5167100631330996e-5,5.011435910590469e-5,2.5028362687133643,28.811528674190974,4.1552549999995305
209.00000000000028,3.9196035014321384,3.9277550731991253,0.008151571766986887,0.00827824680432259,0.20796929495568822,0.21228580352729162,0.8328599901778767,0.8306194525255303,0.8638119597293148,0.8789450107073649,-0.0022405376523464415,0.0004782413234142644,-0.2690173232919884,0.05983579227568604,0.0034896573297246635,0.00484709015618333,0.0013574328264586667,0.00012526121357467443,38.89874271883793,70.97571353421924,0.0016828398492477162,0.0017017965501828819,1.895670093516569e-5,5.011435910590469e-5,1.1264708845372273,28.811528674190974,2.5033050000009194
210.0000000000003,3.8571665302611753,3.8765719580148015,0.019405427753626192,0.00827824680432259,0.503100594734037,0.21228580352729162,0.8345877738970563,0.8324293009086575,0.8645008287147623,0.8790827474105333,-0.002158472988398774,0.0004782413234142644,-0.25862743930694276,0.05983579227568604,0.003204324319435689,0.004452110220081523,0.001247785900645834,0.00012526121357467443,38.940686904800586,70.97571353421924,0.0015808051994115671,0.001583382559520744,2.577360109176771e-6,5.011435910590469e-5,0.16304096862384798,28.811528674190974,5.7375
211.0000000000003,3.863250453891329,3.8827688043353312,0.019518350444002408,0.00827824680432259,0.5052312987976795,0.21228580352729162,0.835534754312758,0.8334449346536392,0.8647801887449895,0.8789593372849689,-0.002089819659118808,0.0004782413234142644,-0.2501176220775785,0.05983579227568604,0.0030119708789358166,0.0041702507890644565,0.00115827991012864,0.00012526121357467443,38.45588010923535,70.97571353421924,0.0015032129017453057,0.001498855686178476,-4.3572155668297665e-6,5.011435910590469e-5,-0.2898601762778127,28.811528674190974,5.7375
212.0000000000003,3.8670133003101252,3.8860848248600126,0.019071524549887364,0.00827824680432259,0.4931848708241545,0.21228580352729162,0.8356618643714759,0.8336269201332664,0.8645704234125567,0.8785088228729049,-0.0020349442382094907,0.0004782413234142644,-0.24351287583764847,0.05983579227568604,0.0029023666942348215,0.0039908074336887905,0.001088440739453969,0.00012526121357467443,37.5018339900336,70.97571353421924,0.0014542725139980008,0.0014509797204865546,-3.2927935114462296e-6,5.011435910590469e-5,-0.22642204124410456,28.811528674190974,5.7375
213.0000000000003,3.8702065540036825,3.889133324178987,0.01892677017530442,0.00827824680432259,0.48903772734622913,0.21228580352729162,0.8359740486395004,0.8339884662699163,0.8645292150127142,0.8782056979104074,-0.001985582369584127,0.0004782413234142644,-0.23751722590139585,0.05983579227568604,0.0027857599576056025,0.00380965409875143,0.0010238941411458277,0.00012526121357467443,36.754571704946116,70.97571353421924,0.001413208899285908,0.001412915809853102,-2.930894328059472e-7,5.011435910590469e-5,-0.020739285816417145,28.811528674190974,5.737500000001023
214.00000000000034,3.8198882538171928,3.846875323831562,0.026987070014369063,0.00827824680432259,0.7064884682791711,0.21228580352729162,0.8362636781504381,0.8343226625551262,0.8645061062995265,0.8779385093889909,-0.0019410155953119013,0.0004782413234142644,-0.23210569178429935,0.05983579227568604,0.0026787743963799164,0.003644804340348323,0.0009660299439684067,0.00012526121357467443,36.06238529358408,70.97571353421924,0.001378134811266428,0.0013810044291761435,2.869617909715544e-6,5.011435910590469e-5,0.2082247604701696,28.811528674190974,9.011700000000019
215.00000000000034,3.820330138398603,3.8467235520333456,0.02639341363474257,0.00827824680432259,0.6908673512129007,0.21228580352729162,0.8357723078936858,0.8338643217318471,0.8640829401699387,0.8773738216845464,-0.0019079861618387373,0.0004782413234142644,-0.22829018667144477,0.05983579227568604,0.002655148390668582,0.003576870032710426,0.0009217216420418441,0.00012526121357467443,34.71450579866646,70.97571353421924,0.0013628733389041644,0.0013718804796822098,9.007140778045366e-6,5.011435910590469e-5,0.6608934609644409,28.811528674190974,9.065250000001717
216.00000000000034,3.7544222967152168,3.7912855543018225,0.03686325758660569,0.00827824680432259,0.9818623125815585,0.21228580352729162,0.8348216084448697,0.8329365097068137,0.8634304775128634,0.8766450899201954,-0.0018850987380560902,0.0004782413234142644,-0.225808570236665,0.05983579227568604,0.002678140651025119,0.003565785660705237,0.0008876450096801181,0.00012526121357467443,33.144077378473455,70.97571353421924,0.0013645451944360176,0.0013820025578417064,1.7457363405688807e-5,5.011435910590469e-5,1.279353991122598,28.811528674190974,14.098500000000637
217.00000000000034,3.730537589579234,3.770249918254272,0.039712328675038044,0.00827824680432259,1.0645202660862931,0.21228580352729162,0.8331013107136445,0.8312138817621919,0.8625163425811236,0.8757749026398151,-0.0018874289514525522,0.0004782413234142644,-0.22655455311140468,0.05983579227568604,0.0028000181214897224,0.0036770477862644872,0.0008770296647747648,0.00012526121357467443,31.322285311073262,70.97571353421924,0.0013891319132183265,0.0014199343797460294,3.0802466527702884e-5,5.011435910590469e-5,2.2173895966683284,28.811528674190974,15.970500000000085
218.00000000000034,3.7222572993715417,3.7612551226089463,0.03899782323740464,0.00827824680432259,1.0476928406853805,0.21228580352729162,0.8304300124891819,0.8285052268494087,0.8612660221789645,0.8747355762235384,-0.0019247856397731633,0.0004782413234142644,-0.23178180109407323,0.05983579227568604,0.0030400012223742333,0.003937684589707911,0.000897683367333678,0.00012526121357467443,29.529046262441618,70.97571353421924,0.0014422967739686082,0.0014924765412762501,5.0179767307641926e-5,5.011435910590469e-5,3.479156870715853,28.811528674190974,16.21889999999891
219.00000000000037,3.753479915914851,3.785276812996067,0.031796897081215914,0.00827824680432259,0.8471311367991141,0.21228580352729162,0.8281787659269485,0.8262070742403588,0.8602406928900395,0.8739333004735099,-0.001971691686589727,0.0004782413234142644,-0.23807561455441192,0.05983579227568604,0.003226375519016033,0.004150947394575134,0.0009245718755591012,0.00012526121357467443,28.656672793037853,70.97571353421924,0.0014978690473883974,0.0015636486713051204,6.577962391672294e-5,5.011435910590469e-5,4.391547046880547,28.811528674190974,13.022100000000693
220.00000000000037,3.72652469046517,3.7638319392642043,0.037307248799034465,0.00827824680432259,1.0011271062953166,0.21228580352729162,0.8271351059267255,0.8251475516174898,0.8596718624636095,0.873454766403275,-0.001987554309235695,0.0004782413234142644,-0.24029379178735635,0.05983579227568604,0.003248992225526138,0.004171628918952516,0.0009226366934263776,0.00012526121357467443,28.397626998844753,70.97571353421924,0.0015314377334038696,0.0016001518026916937,6.871406928782406e-5,5.011435910590469e-5,4.48689932271003,28.811528674190974,14.89815000000072
221.00000000000037,3.700825024981187,3.7438086810326876,0.042983656051500674,0.00827824680432259,1.161461451469708,0.21228580352729162,0.826306447845926,0.8243162717389201,0.859192193552705,0.8730321138296532,-0.0019901761070059143,0.0004782413234142644,-0.240852060660309,0.05983579227568604,0.0032464213998642734,0.004157458433440648,0.0009110370335763747,0.00012526121357467443,28.062808901347907,70.97571353421924,0.0015548238835979226,0.0016183551857470093,6.35313021490867e-5,5.011435910590469e-5,4.086077067588698,28.811528674190974,16.848899999998782
222.00000000000037,3.733497035285332,3.7695425507219458,0.03604551543661394,0.00827824680432259,0.965462543453156,0.21228580352729162,0.8244824383423646,0.8224603681928073,0.8583918527949986,0.8724222028146388,-0.0020220701495572424,0.0004782413234142644,-0.24525327108514855,0.05983579227568604,0.0033850508787034235,0.004312196590377454,0.0009271457116740308,0.00012526121357467443,27.38941732034337,70.97571353421924,0.0015954846015619412,0.001656554239029211,6.106963746726991e-5,5.011435910590469e-5,3.8276544573030784,28.811528674190974,13.552200000000713
223.0000000000004,3.7059336055794887,3.7476781487853077,0.041744543205818996,0.00827824680432259,1.1264244762229487,0.21228580352729162,0.8233747175769562,0.8213418143670745,0.8578523057545674,0.8719677638004348,-0.002032903209881698,0.0004782413234142644,-0.2468989108463479,0.05983579227568604,0.0034233180267971455,0.004344572496607055,0.0009212544698099091,0.00012526121357467443,26.911156445252455,70.97571353421924,0.0016257324015458863,0.0016820168970402467,5.6284495494360364e-5,5.011435910590469e-5,3.462100862407627,28.811528674190974,15.48405000000152
224.0000000000004,3.660454796873767,3.7122120942968317,0.051757297423064674,0.00827824680432259,1.413958108901339,0.21228580352729162,0.8225779527563167,0.8205500898921847,0.85742152838206,0.8715805799753428,-0.002027862864132035,0.0004782413234142644,-0.24652531195821828,0.05983579227568604,0.003418958660208123,0.004322609122947074,0.0009036504627389511,0.00012526121357467443,26.43057587259458,70.97571353421924,0.0016472308472948347,0.0016962817790178743,4.905093172303957e-5,5.011435910590469e-5,2.9777812747735677,28.811528674190974,19.30320000000233
225.0000000000004,3.595906541603653,3.661312799474709,0.06540625787105592,0.00827824680432259,1.8189087261952848,0.21228580352729162,0.820315092507936,0.8182430703349903,0.8565531990395973,0.8709760989841094,-0.0020720221729456645,0.0004782413234142644,-0.25258857137577523,0.05983579227568604,0.0036305533033351525,0.004564276986771137,0.0009337236834359845,0.00012526121357467443,25.718495375849002,70.97571353421924,0.0016980298649446471,0.0017474993350817493,4.946947013710211e-5,5.011435910590469e-5,2.913345115912595,28.811528674190974,25.16219999999948
226.0000000000004,3.593996643668344,3.6572218553548823,0.06322521168653816,0.00827824680432259,1.7591895028039046,0.21228580352729162,0.8163218278514826,0.8141126525758504,0.8553075215494759,0.8703367305850953,-0.002209175275632136,0.0004782413234142644,-0.27062553030666503,0.05983579227568604,0.00412766484667783,0.005177262224928766,0.001049597378250936,0.00012526121357467443,25.428357612312187,70.97571353421924,0.0017989370230664448,0.0018661712982205778,6.723427515413299e-5,5.011435910590469e-5,3.737444629358192,28.811528674190974,23.858549999997166
227.00000000000043,3.6514183456849016,3.6996099119095485,0.04819156622464682,0.00827824680432259,1.3198040230475827,0.21228580352729162,0.8124562299117742,0.8101601295695159,0.8541538620310832,0.8698638946750984,-0.002296100342258356,0.0004782413234142644,-0.2826121897677728,0.05983579227568604,0.004596584890132261,0.005734402551945999,0.0011378176618137377,0.00012526121357467443,24.75354396818283,70.97571353421924,0.0019183688641365385,0.002004865452831774,8.64965886952355e-5,5.011435910590469e-5,4.508861163891323,28.811528674190974,16.73459999999846
228.00000000000043,3.686255512137748,3.7293830791888873,0.043127567051139515,0.00827824680432259,1.1699559867495133,0.21228580352729162,0.8115280003169902,0.8093627700193756,0.8537195508127641,0.8696494000944257,-0.0021652302976146176,0.0004782413234142644,-0.26680906842017266,0.05983579227568604,0.004564724833106868,0.005610465294553272,0.0010457404614464035,0.00012526121357467443,22.90916757702229,70.97571353421924,0.001981588090464384,0.0020590073591289474,7.741926866456326e-5,5.011435910590469e-5,3.9069304583083206,28.811528674190974,13.119299999998411
229.00000000000043,3.7379606948499373,3.774287101160553,0.03632640631061568,0.00827824680432259,0.9718241917488654,0.21228580352729162,0.8126002175418262,0.8106172823553199,0.8538368072608383,0.8696308643700795,-0.001982935186506274,0.0004782413234142644,-0.2440234624234774,0.05983579227568604,0.004236355224524449,0.005132981862434926,0.0008966266379104772,0.00012526121357467443,21.16504850017925,70.97571353421924,0.001982456197917877,0.002029174757546191,4.671855962831402e-5,5.011435910590469e-5,2.3565998420233107,28.811528674190974,9.393299999998383
230.00000000000043,3.8068778277163977,3.833513653344014,0.02663582562761624,0.00827824680432259,0.6996763971171112,0.21228580352729162,0.8141508700199334,0.8122532072250651,0.8542213703484128,0.8697557205871936,-0.001897662794868249,0.0004782413234142644,-0.233084906587619,0.05983579227568604,0.003896562428554982,0.004706222247656545,0.000809659819101563,0.00012526121357467443,20.778823230655146,70.97571353421924,0.0019459155470066315,0.001960768614847238,1.4853067840606615e-5,5.011435910590469e-5,0.7632945768615105,28.811528674190974,5.59844999999837
231.00000000000043,3.903620157614916,3.918836083266098,0.015215925651181905,0.00827824680432259,0.38979011883366044,0.21228580352729162,0.8163093713850909,0.8144479007005889,0.8549929104185773,0.8701414833561956,-0.0018614706845019313,0.0004782413234142644,-0.22803495215832692,0.05983579227568604,0.0035335258490822932,0.004285299891409326,0.0007517740423270327,0.00012526121357467443,21.27546463321555,70.97571353421924,0.0018736991314125579,0.0018623156319921461,-1.138349942041172e-5,5.011435910590469e-5,-0.6075414792891453,28.811528674190974,1.7757000000024026
232.00000000000045,3.792151488498007,3.826444535984615,0.034293047486607886,0.00827824680432259,0.9043163911205102,0.21228580352729162,0.8190246590781249,0.8171918174535105,0.8562850863618195,0.8709767582532633,-0.0018328416246143897,0.0004782413234142644,-0.22378344831245905,0.05983579227568604,0.0031692728651238605,0.003869684375474859,0.0007004115103509986,0.00012526121357467443,22.10006964242965,70.97571353421924,0.0017700162647339656,0.0017369178727860912,-3.30983919478744e-5,5.011435910590469e-5,-1.8699484636006496,28.811528674190974,7.41105000000173
233.00000000000045,3.7428654214333923,3.78594401423653,0.04307859280313764,0.00827824680432259,1.150952223834967,0.21228580352729162,0.8201593919000215,0.8183566373496616,0.8567563957038833,0.8711252736936177,-0.0018027545503599418,0.0004782413234142644,-0.21980539004541447,0.05983579227568604,0.0029817228864856223,0.003638137518926423,0.0006564146324408008,0.00012526121357467443,22.014608916742002,70.97571353421924,0.001687971883326933,0.0016424165983128037,-4.555528501412934e-5,5.011435910590469e-5,-2.698817762553099,28.811528674190974,11.213100000000898
234.00000000000045,3.7183903691677127,3.7640432563894106,0.04565288722169791,0.00827824680432259,1.2277593982666322,0.21228580352729162,0.8189292643160203,0.8171509945254692,0.8559622066761706,0.8701945515709552,-0.001778269790551068,0.0004782413234142644,-0.2171457130716046,0.05983579227568604,0.0030341410959363077,0.0036577497419023833,0.0006236086459660757,0.00012526121357467443,20.553053607206618,70.97571353421924,0.001663331550246145,0.0016193034413109245,-4.402810893522043e-5,5.011435910590469e-5,-2.6469833346637963,28.811528674190974,13.188600000000923
235.00000000000045,3.6913890624007646,3.740231298857939,0.04884223645717434,0.00827824680432259,1.3231397620658514,0.21228580352729162,0.8171485885556226,0.8153797476259583,0.8550676332409032,0.8692310494458277,-0.0017688409296642282,0.0004782413234142644,-0.21646502905803217,0.05983579227568604,0.003163435061437104,0.0037678858117829914,0.0006044507503458873,0.00012526121357467443,19.107417683841874,70.97571353421924,0.001670404199762982,0.0016369209271719783,-3.3483272591003756e-5,5.011435910590469e-5,-2.0045012216656772,28.811528674190974,15.219899999998308
236.00000000000048,3.7336166955974215,3.7728561875849187,0.03923949198749721,0.00827824680432259,1.0509780512222195,0.21228580352729162,0.8151812774392566,0.8134089220230852,0.854193787758956,0.8683811912259447,-0.0017723554161713784,0.0004782413234142644,-0.21741856262191273,0.05983579227568604,0.0033236922337887337,0.0039242511825339525,0.0006005589487452188,0.00012526121357467443,18.069030057594453,70.97571353421924,0.0016985136174341167,0.0016797704292250092,-1.8743188209107472e-5,5.011435910590469e-5,-1.103505324698081,28.811528674190974,11.49570000000191
237.00000000000048,3.6807064923562294,3.729757214030162,0.04905072167393243,0.00827824680432259,1.3326442022963987,0.21228580352729162,0.8142294656574719,0.8124642674882019,0.8537089592258706,0.8678821051485536,-0.0017651981692700103,0.0004782413234142644,-0.21679369805717516,0.05983579227568604,0.003349312923368532,0.003937459147108374,0.0005881462237398421,0.00012526121357467443,17.560205247956375,70.97571353421924,0.0017169409346120053,0.0017067228518494785,-1.0218082762526856e-5,5.011435910590469e-5,-0.5951330390311849,28.811528674190974,15.451199999998181
238.00000000000048,3.7247750766406273,3.7652401183334234,0.04046504169279608,0.00827824680432259,1.0863754417432228,0.21228580352729162,0.8132569201185921,0.8115052108877404,0.8532315175341205,0.8674181519477995,-0.0017517092308516613,0.0004782413234142644,-0.21539432220216717,0.05983579227568604,0.0033798198082068387,0.003954522906686544,0.000574703098479705,0.00012526121357467443,17.003956751901914,70.97571353421924,0.001736717825295291,0.0017300285277487685,-6.689297546522404e-6,5.011435910590469e-5,-0.38516893470503966,28.811528674190974,11.686500000000981
239.00000000000048,3.6953351214434838,3.741190666437589,0.04585554499410538,0.00827824680432259,1.2409035577859346,0.21228580352729162,0.8123162029270093,0.8105793790410318,0.8527716743241701,0.8669647261064874,-0.001736823885977512,0.0004782413234142644,-0.21381130644929094,0.05983579227568604,0.0034066054853787806,0.003966200364194228,0.0005595948788154476,0.00012526121357467443,16.426759165898137,70.97571353421924,0.0017562330364644311,0.0017500450821708031,-6.187954293628006e-6,5.011435910590469e-5,-0.35234243777154517,28.811528674190974,13.715999999998143
240.00000000000048,3.745432220035552,3.782512314692414,0.037080094656861906,0.00827824680432259,0.99000842835997,0.21228580352729162,0.8118435240174058,0.8101310329165746,0.8524702421265221,0.8666194987598521,-0.0017124911008311594,0.0004782413234142644,-0.21093856761422464,0.05983579227568604,0.003370114149142613,0.0039056572311907773,0.0005355430820481641,0.00012526121357467443,15.890947853633119,70.97571353421924,0.001765404771041058,0.0017557641816349353,-9.640589406122646e-6,5.011435910590469e-5,-0.5460837970001404,28.811528674190974,9.875249999999062
241.0000000000005,3.774887363145026,3.807404535059927,0.03251717191490089,0.00827824680432259,0.8614077398009934,0.21228580352729162,0.811636276877416,0.8099481143304118,0.8522901622173108,0.8663715727639403,-0.0016881625470042128,0.0004782413234142644,-0.20799495970030196,0.05983579227568604,0.003308107990594439,0.003819329727269733,0.0005112217366752938,0.00012526121357467443,15.453598798128459,70.97571353421924,0.0017651613653638337,0.001750362294998706,-1.4799070365127806e-5,5.011435910590469e-5,-0.8383975910370909,28.811528674190974,7.932149999997987
242.0000000000005,3.8514103483273168,3.873943075686526,0.022532727359209304,0.00827824680432259,0.5850513272104427,0.21228580352729162,0.8125315414090313,0.8108691905910087,0.8525533880026761,0.866463520164812,-0.0016623508180225732,0.0004782413234142644,-0.2045890815684335,0.05983579227568604,0.003118683196406203,0.003599439155100017,0.0004807559586938138,0.00012526121357467443,15.415350916303721,70.97571353421924,0.001735863443051561,0.0017123203138042363,-2.354312924732465e-5,5.011435910590469e-5,-1.35627772688945,28.811528674190974,3.9982500000019865
243.0000000000005,3.784458094176821,3.818518551234261,0.0340604570574401,0.00827824680432259,0.9000088311150604,0.21228580352729162,0.814079656951686,0.812438181433512,0.8532322543741103,0.8669340262440608,-0.0016414755181740626,0.0004782413234142644,-0.2016357372594904,0.05983579227568604,0.0028872390293967235,0.0033414762895944885,0.00045423726019776494,0.00012526121357467443,15.732582428157183,70.97571353421924,0.0016809197304120144,0.0016469762174171451,-3.394351299486928e-5,5.011435910590469e-5,-2.0193416961409154,28.811528674190974,7.8813
244.0000000000005,3.789393069663638,3.8231224484764486,0.03372937881281057,0.00827824680432259,0.8900997651268869,0.21228580352729162,0.8148381192855304,0.8132156814491872,0.8535263389201065,0.8670280063244217,-0.0016224378363431935,0.0004782413234142644,-0.1991116760425722,0.05983579227568604,0.0027486297359037818,0.003177988322572961,0.0004293585866691793,0.00012526121357467443,15.620823025404734,70.97571353421924,0.0016317505020297808,0.001590506104599292,-4.124439743048887e-5,5.011435910590469e-5,-2.5276166533537934,28.811528674190974,7.8813
245.00000000000054,3.7914278937440504,3.8240821998663526,0.032654306122302135,0.00827824680432259,0.8612667057754823,0.21228580352729162,0.8144516082404101,0.8128475204145973,0.8532129923314156,0.8665475884005215,-0.0016040878258127833,0.0004782413234142644,-0.19695311662265,0.05983579227568604,0.0027258409591942264,0.0031316479135870923,0.00040580695439286583,0.00012526121357467443,14.88740394130788,70.97571353421924,0.0016069048507057978,0.001564305479697271,-4.259937100852679e-5,5.011435910590469e-5,-2.6510201266625057,28.811528674190974,7.8813
246.00000000000054,3.7932006206197326,3.825315294444211,0.03211467382447841,0.00827824680432259,0.8466378933374614,0.21228580352729162,0.8143094515557253,0.8127196530647096,0.8530513906198365,0.8662205522077611,-0.0015897984910157037,0.0004782413234142644,-0.1952327199418377,0.05983579227568604,0.0026808413876666277,0.003066586610450753,0.0003857452227841252,0.00012526121357467443,14.388961038827933,70.97571353421924,0.001584670239889423,0.0015432267713967746,-4.144346849264849e-5,5.011435910590469e-5,-2.6152739825252462,28.811528674190974,7.8813
247.00000000000054,3.7947347132690052,3.8263462851844667,0.03161157191546149,0.00827824680432259,0.8330377300137918,0.21228580352729162,0.814187578937075,0.8126106569790749,0.8529092939122649,0.8659281882944408,-0.001576921958000188,0.0004782413234142644,-0.19368042436349442,0.05983579227568604,0.0026354033683050407,0.003003536363977424,0.00036813299567238326,0.00012526121357467443,13.968753326332278,70.97571353421924,0.0015652039608484607,0.0015259288330184673,-3.927512782999341e-5,5.011435910590469e-5,-2.5092658089558677,28.811528674190974,7.881299999998941
248.00000000000054,3.829412968438581,3.855906049521705,0.026493081083124093,0.00827824680432259,0.6918313929961563,0.21228580352729162,0.8140528067640036,0.8124877179203256,0.852766469111453,0.865641238598828,-0.0015650888436780086,0.0004782413234142644,-0.19225888427306076,0.05983579227568604,0.002592774799623807,0.0029446127702234203,0.0003518379705996135,0.00012526121357467443,13.569939458323288,70.97571353421924,0.0015480733494262215,0.001511065970904924,-3.7007378521297565e-5,5.011435910590469e-5,-2.3905442552198184,28.811528674190974,5.919749999997879
249.00000000000057,3.91793224516775,3.9345679211374467,0.016635675969696617,0.00827824680432259,0.42460346245687425,0.21228580352729162,0.8143378637221454,0.8127838199820343,0.8528451158114634,0.865579444865071,-0.001554043740111144,0.0004782413234142644,-0.19083525516153432,0.05983579227568604,0.0025102913812519363,0.002847268973532607,0.0003369775922806707,0.00012526121357467443,13.423843733734717,70.97571353421924,0.0015237161233862206,0.0014872903683443702,-3.642575504185031e-5,5.011435910590469e-5,-2.39058670330926,28.811528674190974,1.9916549999999746
250.00000000000057,3.923655001391562,3.9412503803406254,0.017595378949063267,0.00827824680432259,0.44844357984641603,0.21228580352729162,0.8157084060544315,0.8141639980592036,0.853610696343621,0.8662095386732994,-0.0015444079952279255,0.0004782413234142644,-0.18933334311193412,0.05983579227568604,0.0023396790508560306,0.002664413730934681,0.0003247346800786502,0.00012526121357467443,13.87945410546108,70.97571353421924,0.001474519825407649,0.001434056397888673,-4.046342751897608e-5,5.011435910590469e-5,-2.744176566618185,28.811528674190974,1.9473749999966437
251.00000000000057,4.102113708160572,4.104076813570878,0.0019631054103061985,0.00827824680432259,0.04785594817620192,0.21228580352729162,0.8172867801760965,0.8157519054267337,0.8545540004329603,0.8670171636578662,-0.001534874749362758,0.0004782413234142644,-0.1878012451188855,0.05983579227568604,0.0021644480936563147,0.0024774693643652584,0.0003130212707089437,0.00012526121357467443,14.461943976682273,70.97571353421924,0.0014126961156425784,0.0013659369696613815,-4.6759145981196916e-5,5.011435910590469e-5,-3.309922457026653,28.811528674190974,-3.9572549999985123
252.00000000000057,4.04026872555785,4.052658290800675,0.012389565242824752,0.00827824680432259,0.30665200966586925,0.21228580352729162,0.8195256911736124,0.8180019080228454,0.8564807942028513,0.8687831810407489,-0.0015237831507669553,0.0004782413234142644,-0.1859347628974025,0.05983579227568604,0.0019952213338659754,0.0022932174903786593,0.0002979961565126839,0.00012526121357467443,14.935493694590834,70.97571353421924,0.0013294992976680723,0.0012713957816088326,-5.8103516059239716e-5,5.011435910590469e-5,-4.37033070729354,28.811528674190974,-1.339649999999274
253.00000000000057,4.0069198119409695,4.023406856215036,0.016487044274066776,0.00827824680432259,0.41146429296972575,0.21228580352729162,0.8216621352280752,0.8201475481632942,0.8583580268898154,0.8704897416180984,-0.0015145870647810256,0.0004782413234142644,-0.18433209951443238,0.05983579227568604,0.0018404906803108833,0.0021246816134474844,0.0002841909331366011,0.00012526121357467443,15.441041683981659,70.97571353421924,0.0012419097648989803,0.0011726041298517355,-6.93056350472448e-5,5.011435910590469e-5,-5.5805692978734465,28.811528674190974,-0.06239249999794403
254.0000000000006,3.910969155698863,3.933520649514905,0.022551493816042267,0.00827824680432259,0.5766216228829468,0.21228580352729162,0.822348192785851,0.8208409601783677,0.8586916966323137,0.870676233775033,-0.001507232607483311,0.0004782413234142644,-0.18328399341126925,0.05983579227568604,0.0017514063544153942,0.0020249626085359334,0.00027355625412053917,0.00012526121357467443,15.619233847752604,70.97571353421924,0.0011859699097671295,0.0011145118602014453,-7.145804956568418e-5,5.011435910590469e-5,-6.025283523400294,28.811528674190974,3.5545049999988647
255.0000000000006,3.96113016272792,3.978608389220376,0.017478226492456006,0.00827824680432259,0.44124342736617467,0.21228580352729162,0.8220916637155725,0.8205940338656551,0.8582514802552871,0.8700730957325802,-0.0014976298499174145,0.0004782413234142644,-0.18217309772351187,0.05983579227568604,0.001726361921817359,0.0019860785652745395,0.00025971664345718045,0.00012526121357467443,15.044159638540572,70.97571353421924,0.0011591129961556808,0.0010930629512836078,-6.605004487207308e-5,5.011435910590469e-5,-5.69832665936237,28.811528674190974,1.6526250000021956
256.0000000000006,3.880318499073163,3.9039420727378946,0.023623573664731445,0.00827824680432259,0.6088050161442694,0.21228580352729162,0.8218976619822125,0.8204087415298925,0.8578962375731656,0.8695723900611327,-0.001488920452319964,0.0004782413234142644,-0.1811564287370107,0.05983579227568604,0.0016990030553007164,0.0019464567454512605,0.00024745369015054404,0.00012526121357467443,14.564640680222071,70.97571353421924,0.0011420924438842333,0.0010836889894296163,-5.840345445461701e-5,5.011435910590469e-5,-5.113723916777528,28.811528674190974,5.331150000004655
257.0000000000006,3.772977674093819,3.809515925944326,0.03653825185050685,0.00827824680432259,0.9684195085856819,0.21228580352729162,0.8215619292379392,0.8200800689974065,0.8575479437147212,0.8690606976173254,-0.0014818602405327619,0.0004782413234142644,-0.18037109410696514,0.05983579227568604,0.001690969293977921,0.00192645719178691,0.00023548789780898898,0.00012526121357467443,13.926207805643557,70.97571353421924,0.0011329294578215064,0.0010830223910017769,-4.990706681972951e-5,5.011435910590469e-5,-4.405134536416335,28.811528674190974,12.775949999997714
258.0000000000006,3.8175643287917955,3.8445844400693003,0.02702011127750481,0.00827824680432259,0.7077840463282066,0.21228580352729162,0.8189858529620899,0.8175019202006613,0.8560305345157382,0.8672828174911663,-0.0014839327614286635,0.0004782413234142644,-0.18119150117936816,0.05983579227568604,0.00190232111725326,0.002125827960721824,0.00022350684346856393,0.00012526121357467443,11.749164819832465,70.97571353421924,0.0011705189686684215,0.0011413489906835115,-2.9169977984909966e-5,5.011435910590469e-5,-2.4920551281705103,28.811528674190974,9.117900000000017
259.0000000000006,3.81253893870577,3.8380236317288934,0.025484693023123395,0.00827824680432259,0.668444137432852,0.21228580352729162,0.8167614748090611,0.81527077579315,0.8547525668376521,0.8658043406911607,-0.0014906990159111455,0.0004782413234142644,-0.18251338510544152,0.05983579227568604,0.002071598793787139,0.0022894689934758413,0.00021787019968870242,0.00012526121357467443,10.517007460233588,70.97571353421924,0.0012172882455450888,0.0012092695092806533,-8.018736264435531e-6,5.011435910590469e-5,-0.6587376731667056,28.811528674190974,9.14534999999884
260.0000000000006,3.8379354981708547,3.8600420331454073,0.022106534974552616,0.00827824680432259,0.5760006906079715,0.21228580352729162,0.8161012242367918,0.8146088376776106,0.8542289968677267,0.865197034131081,-0.001492386559181158,0.0004782413234142644,-0.1828678250760891,0.05983579227568604,0.0020686493680344537,0.002284512420239976,0.0002158630522055222,0.00012526121357467443,10.434975377708716,70.97571353421924,0.0012409345776413607,0.0012424392228268712,1.5046451855105312e-6,5.011435910590469e-5,0.12125096782865091,28.811528674190974,7.2908999999964825
261.0000000000006,3.9523785145456602,3.963010757281658,0.010632242735997721,0.00827824680432259,0.2690087170767837,0.21228580352729162,0.815756526702652,0.8142657090361355,0.8539071838957352,0.8648152297793023,-0.0014908176665164863,0.0004782413234142644,-0.18275277214666993,0.05983579227568604,0.002042507329263399,0.0022552108967157708,0.00021270356745237183,0.00012526121357467443,10.413845982578692,70.97571353421924,0.001253004142078173,0.0012572008525237397,4.196710445566673e-6,5.011435910590469e-5,0.33493188925985584,28.811528674190974,1.6660349999988844
262.0000000000006,4.009959040444815,4.018915442600897,0.008956402156082177,0.00827824680432259,0.22335395613139894,0.21228580352729162,0.8169217723237002,0.8154390583647934,0.8545502789251825,0.8654386288313872,-0.0014827139589068672,0.0004782413234142644,-0.1815001153279767,0.05983579227568604,0.0018938250988991374,0.0021007124357920338,0.0002068873368928964,0.00012526121357467443,10.924310645854153,70.97571353421924,0.0012305878055884534,0.0012278944350172705,-2.693370571182907e-6,5.011435910590469e-5,-0.21886862188553602,28.811528674190974,-0.11800800000001678
263.0000000000006,4.01557838833888,4.0267478385708095,0.011169450231929723,0.00827824680432259,0.2781529620830084,0.21228580352729162,0.8189509090696078,0.817478415479541,0.8559219849292509,0.8667978997267424,-0.0014724935900667369,0.0004782413234142644,-0.17980242451157477,0.05983579227568604,0.0016989194511133393,0.0018993131272451338,0.00020039367613179453,0.00012526121357467443,11.795360633517507,70.97571353421924,0.001178533482349299,0.0011624137202606282,-1.61197620886708e-5,5.011435910590469e-5,-1.3677814275193545,28.811528674190974,-0.1448415000000164
264.0000000000006,4.021257400590219,4.033517672895945,0.012260272305725906,0.00827824680432259,0.3048865338470103,0.21228580352729162,0.8204241046986276,0.8189602393675032,0.8570141602947188,0.8678310701870015,-0.0014638653311244143,0.0004782413234142644,-0.17842787928106363,0.05983579227568604,0.0015656966209821389,0.0017584450715880946,0.00019274845060595572,0.00012526121357467443,12.310715117022314,70.97571353421924,0.0011255771105422691,0.0010967664636116498,-2.8810646930619308e-5,5.011435910590469e-5,-2.5596333348267186,28.811528674190974,-0.17102700000079962
265.0000000000007,4.066575739121899,4.0766450751335155,0.010069336011616414,0.00827824680432259,0.24761215965427213,0.21228580352729162,0.8214222164663281,0.81996573050658,0.8577394143265221,0.8684792753407503,-0.0014564859597481217,0.0004782413234142644,-0.17731270600566063,0.05983579227568604,0.0014708766374609008,0.001655841729507207,0.00018496509204630617,0.00012526121357467443,12.575160100822727,70.97571353421924,0.0010797731458597,0.0010419536886899488,-3.781945716975119e-5,5.011435910590469e-5,-3.5025372982062706,28.811528674190974,-1.4498549999906396
266.0000000000007,3.788898720320483,3.8238825621378543,0.03498384181737135,0.00827824680432259,0.9233248075422892,0.21228580352729162,0.8224880453368806,0.8210377510852616,0.8586413624089919,0.869278700951538,-0.001450294251619022,0.0004782413234142644,-0.1763301314640993,0.05983579227568604,0.0013833544980035317,0.0015601816552874858,0.00017682715728395415,0.00012526121357467443,12.782490499662416,70.97571353421924,0.0010344316482128137,0.0009897235766092014,-4.470807160361222e-5,5.011435910590469e-5,-4.321993790585807,28.811528674190974,12.272399999991485
267.0000000000007,4.030079020825123,4.039793264238239,0.009714243413116108,0.00827824680432259,0.2410434972346325,0.21228580352729162,0.8205463240542032,0.8190950973661121,0.8575758345932619,0.8679537266019635,-0.0014512266880911673,0.0004782413234142644,-0.17686103094348918,0.05983579227568604,0.0015524742729567816,0.0017172258400597006,0.00016475156710291897,0.00012526121357467443,10.612193063215122,70.97571353421924,0.0010468724562370248,0.0010132316231862247,-3.3640833050800146e-5,5.011435910590469e-5,-3.2134605175994277,28.811528674190974,-0.20911049999644896
268.0000000000007,3.894399682422438,3.9121446521842196,0.017744969761781526,0.00827824680432259,0.45565353350541565,0.21228580352729162,0.8194702154860786,0.8180187781445272,0.8568805178559437,0.8671113726466368,-0.0014514373415513981,0.0004782413234142644,-0.1771189866480334,0.05983579227568604,0.0016204557646275397,0.0017783446780422515,0.00015788891341471183,0.00012526121357467443,9.743488027333006,70.97571353421924,0.00106186168775646,0.0010403457410164373,-2.1515946740022695e-5,5.011435910590469e-5,-2.0262475789556333,28.811528674190974,4.99679999999876
269.0000000000007,3.9334312627632633,3.9487505115016948,0.01531924873843149,0.00827824680432259,0.38946272897799694,0.21228580352729162,0.820434404521688,0.8189892382343452,0.8573009387712557,0.8675253443836161,-0.001445166287342814,0.0004782413234142644,-0.17614647549859194,0.05983579227568604,0.0014868900290844925,0.0016418415704078124,0.0001549515413233199,0.00012526121357467443,10.421183698348333,70.97571353421924,0.0010427342446029527,0.0010212778936697475,-2.145635093320523e-5,5.011435910590469e-5,-2.0577008038491416,28.811528674190974,3.1789349999999787
270.0000000000007,3.934555324689388,3.9492762372331938,0.01472091254380592,0.00827824680432259,0.3741442508491873,0.21228580352729162,0.8200747490167051,0.8186354495844782,0.8567940500608824,0.8669386747769906,-0.0014392994322268704,0.0004782413234142644,-0.17550832213193185,0.05983579227568604,0.0014659947912567053,0.001614480645608711,0.00014848585435200566,0.00012526121357467443,10.128675438520354,70.97571353421924,0.001039283112663869,0.0010198964417825807,-1.9386670881288166e-5,5.011435910590469e-5,-1.8653888093684745,28.811528674190974,3.147705000003638
271.0000000000007,3.841130960304463,3.8659790792578383,0.02484811895337513,0.00827824680432259,0.6468959067046641,0.21228580352729162,0.8203149563486137,0.8188812585346161,0.8568057452552401,0.8668988440940021,-0.001433697813997603,0.0004782413234142644,-0.174774067314252,0.05983579227568604,0.0014096841505163806,0.001553040994113775,0.00014335684359739428,0.00012526121357467443,10.169430048914242,70.97571353421924,0.0010276788971131704,0.0010078435896346502,-1.983530747852024e-5,5.011435910590469e-5,-1.9301075009167896,28.811528674190974,8.481150000001243
272.0000000000007,3.8149798629828795,3.841877532755698,0.02689766977281849,0.00827824680432259,0.7050540432417269,0.21228580352729162,0.8192385711356556,0.8178057744988795,0.8560542146685305,0.8660006193441595,-0.0014327966367760903,0.0004782413234142644,-0.17489369852177497,0.05983579227568604,0.001471935163102142,0.0016085313630047067,0.00013659619990256467,0.00012526121357467443,9.280041901756366,70.97571353421924,0.0010385538552174264,0.0010242304131050707,-1.4323442112355736e-5,5.011435910590469e-5,-1.379171820546278,28.811528674190974,10.305450000001276
273.0000000000007,3.7875358298195314,3.8159575542111934,0.028421724391662018,0.00827824680432259,0.7504014659847127,0.21228580352729162,0.8170652010782594,0.815625280649849,0.8547131587850506,0.8644710329060246,-0.0014399204284104572,0.0004782413234142644,-0.17623078629590785,0.05983579227568604,0.001634261592164535,0.0017672725786969739,0.00013301098653243889,0.00012526121357467443,8.138904271516868,70.97571353421924,0.0010767051858325597,0.001075547506048587,-1.1576797839727131e-6,5.011435910590469e-5,-0.10752059144932416,28.811528674190974,12.173400000001312
274.00000000000074,3.7597607986693653,3.790294631061995,0.030533832392629634,0.00827824680432259,0.81212167549159,0.21228580352729162,0.8149151353339836,0.8134585435528202,0.8534971019059435,0.8631695928281431,-0.0014565917811634188,0.0004782413234142644,-0.17874153000808501,0.05983579227568604,0.0018026104508574224,0.0019435187645306226,0.00014090831367320018,0.00012526121357467443,7.8169031809494,70.97571353421924,0.0011244914527386374,0.0011395201769072137,1.502872416857628e-5,5.011435910590469e-5,1.3364907427241572,28.811528674190974,14.095350000001467
275.00000000000074,3.7312086278510104,3.7642491712666044,0.03304054341559404,0.00827824680432259,0.8855185198964267,0.21228580352729162,0.8125502580861778,0.8110652043704952,0.8522624200560981,0.8619610784141549,-0.0014850537156825272,0.0004782413234142644,-0.18276453682758229,0.05983579227568604,0.002000689747567226,0.0021626202586029234,0.0001619305110356975,0.00012526121357467443,8.093734235035681,70.97571353421924,0.001181940256921263,0.001214856169599674,3.291591267841104e-5,5.011435910590469e-5,2.784904946393056,28.811528674190974,16.08210000000015
276.00000000000074,3.721099557280369,3.7537237851454788,0.032624227865109656,0.00827824680432259,0.8767362270993266,0.21228580352729162,0.8099215446798288,0.808395367978208,0.8509921809265928,0.8608381082057214,-0.0015261767016208072,0.0004782413234142644,-0.18843512827209977,0.05983579227568604,0.002236122629047367,0.002433114634260526,0.00019699200521315933,0.00012526121357467443,8.809534980515888,70.97571353421924,0.0012494981138241258,0.0013011541641295436,5.1656050305417785e-5,5.011435910590469e-5,4.134143920179513,28.811528674190974,16.284600000000154
277.00000000000074,3.7103436683917908,3.74319163778795,0.03284796939615919,0.00827824680432259,0.8853080019511184,0.21228580352729162,0.8074435425199037,0.8058781271784465,0.8498262274749185,0.8599016859010542,-0.0015654153414571548,0.0004782413234142644,-0.19387303991208363,0.05983579227568604,0.002452692495063722,0.0026865186381652387,0.00023382614310151666,0.00012526121357467443,9.533447163560622,70.97571353421924,0.0013192272933367165,0.001386382745439409,6.715545210269247e-5,5.011435910590469e-5,5.090514154906274,28.811528674190974,16.48845000000577
278.00000000000074,3.6250987035272018,3.6732889227666936,0.04819021923949185,0.00827824680432259,1.3293491620684155,0.21228580352729162,0.8053646042203235,0.8037785631980341,0.8488359284092967,0.8591719921749398,-0.0015860410222894306,0.0004782413234142644,-0.19693453300258743,0.05983579227568604,0.002616004190301414,0.002874906462729391,0.00025890227242797697,0.00012526121357467443,9.896860004576157,70.97571353421924,0.0013837990889252437,0.0014598530620035506,7.605397307830692e-5,5.011435910590469e-5,5.496027110219867,28.811528674190974,24.297299999994657
279.00000000000074,3.6834707317412545,3.716922173684719,0.03345144194346439,0.00827824680432259,0.9081500676849733,0.21228580352729162,0.8016388012387881,0.799997776995038,0.847448986974206,0.8583742590923854,-0.001641024243750011,0.0004782413234142644,-0.20470868441174556,0.05983579227568604,0.0030418258852929385,0.00337468466402934,0.00033285877873640143,0.00012526121357467443,10.942729508146911,70.97571353421924,0.001483262397161359,0.0015817754568008032,9.851305963944415e-5,5.011435910590469e-5,6.641647481118423,28.811528674190974,17.06669999999586
280.00000000000074,3.738242916267687,3.7604711331126466,0.02222821684495946,0.00827824680432259,0.5946167047686782,0.21228580352729162,0.7987942876778501,0.7971609768213028,0.8463317766386542,0.8577618958783572,-0.0016333108565472765,0.0004782413234142644,-0.20447202511868523,0.05983579227568604,0.0033176969037130325,0.0036710177301881894,0.0003533208264751568,0.00012526121357467443,10.649581222435794,70.97571353421924,0.0015759960347471924,0.0016904887884820698,0.00011449275373487736,5.011435910590469e-5,7.264786916373383,28.811528674190974,11.463750000002918
281.00000000000074,3.6862860188706197,3.7211455771200974,0.03485955824947773,0.00827824680432259,0.9456552766395966,0.21228580352729162,0.79940300289921,0.7978757397339546,0.8462743773069484,0.8577374104438817,-0.0015272631652553104,0.0004782413234142644,-0.19105046637507694,0.05983579227568604,0.0030831092561371012,0.003352987809458982,0.0002698785533218808,0.00012526121357467443,8.753454091342123,70.97571353421924,0.001597119219076053,0.0016953262272831281,9.82070082070751e-5,5.011435910590469e-5,6.149009230750394,28.811528674190974,15.41249999999434
282.00000000000074,3.7856574414697617,3.805212238977199,0.01955479750743727,0.00827824680432259,0.5165495771811097,0.21228580352729162,0.79925616368058,0.7978123052845801,0.846001230006904,0.8575547589105692,-0.0014438583959998086,0.0004782413234142644,-0.18065026728737768,0.05983579227568604,0.0029808050307727095,0.0031945775355141405,0.00021377250474143104,0.00012526121357467443,7.171636606035086,70.97571353421924,0.0016119978954586556,0.0016893150286516113,7.731713319295572e-5,5.011435910590469e-5,4.796354474827461,28.811528674190974,7.7552999999971295
283.0000000000008,3.8563467634358317,3.867784576094179,0.011437812658347202,0.00827824680432259,0.29659709979391546,0.21228580352729162,0.7995097267535191,0.7981016415251859,0.8459804973491754,0.8575483582801264,-0.0014080852283331335,0.0004782413234142644,-0.17611858633049907,0.05983579227568604,0.002861175909294115,0.003048583018565477,0.00018740710927136204,0.00012526121357467443,6.550003048138257,70.97571353421924,0.0016097313927965749,0.0016667099386217686,5.69785458251937e-5,5.011435910590469e-5,3.5396306539195512,28.811528674190974,3.870179999994826
284.0000000000008,4.045859344977953,4.04222882255508,-0.003630522422873206,0.00827824680432259,-0.08973427183966994,0.21228580352729162,0.8018544701491944,0.8004479623667813,0.8469617625509891,0.8583531855815483,-0.0014065077824131356,0.0004782413234142644,-0.17540686430936006,0.05983579227568604,0.002528132220701139,0.002700413541206664,0.00017228132050552515,0.00012526121357467443,6.814569233951915,70.97571353421924,0.001553708603887159,0.001586495757079121,3.278715319196199e-5,5.011435910590469e-5,2.110251118513032,28.811528674190974,-2.631915000001056
285.0000000000008,4.086692893589184,4.082885001513338,-0.0038078920758461976,0.00827824680432259,-0.09317783780179953,0.21228580352729162,0.8051179798449558,0.8037120417621944,0.849123555469397,0.860370377706842,-0.0014059380827614598,0.0004782413234142644,-0.17462510066316067,0.05983579227568604,0.0022083566090570985,0.0023711268864400085,0.00016277027738291006,0.00012526121357467443,7.370651855562768,70.97571353421924,0.0014557329740793584,0.0014594710180193691,3.738043940010793e-6,5.011435910590469e-5,0.2567808799120474,28.811528674190974,-3.9589650000020544
286.0000000000008,4.148876741963414,4.141048487743328,-0.007828254220085817,0.00827824680432259,-0.188683701805544,0.21228580352729162,0.8086107481402063,0.8072091459916069,0.8518839266370094,0.8630134839967646,-0.0014016021485994123,0.0004782413234142644,-0.17333459292039813,0.05983579227568604,0.0019348821681493327,0.0020872385708602358,0.000152356402710903,0.00012526121357467443,7.874195401605679,70.97571353421924,0.0013335635787551834,0.001305404795269064,-2.815878348611943e-5,5.011435910590469e-5,-2.111544131431985,28.811528674190974,-6.5403000000019755
287.0000000000008,4.20045693983719,4.188667187274876,-0.011789752562314071,0.00827824680432259,-0.28067785793730915,0.21228580352729162,0.8116551880153213,0.8102668656256647,0.8544486195492951,0.8654724239610201,-0.0013883223896565822,0.0004782413234142644,-0.17104829860711435,0.05983579227568604,0.0017230649936629133,0.0018594978939496716,0.00013643290028675825,0.00012526121357467443,7.918035639313145,70.97571353421924,0.0012109670270349546,0.0011535066821742731,-5.7460344860681524e-5,5.011435910590469e-5,-4.7449966496092655,28.811528674190974,-9.022499999998926
288.0000000000008,4.190319697006095,4.185008305518699,-0.005311391487396122,0.00827824680432259,-0.12675384866675,0.21228580352729162,0.8149036408763025,0.8135372433670468,0.8572822069324758,0.8681684993378956,-0.0013663975092557124,0.0004782413234142644,-0.1676759607781803,0.05983579227568604,0.00152050013519152,0.001633773549762639,0.00011327341457111908,0.00012526121357467443,7.4497470897528935,70.97571353421924,0.0010835641440768975,0.0009979193263132775,-8.564481776362001e-5,5.011435910590469e-5,-7.903991492500147,28.811528674190974,-7.67249999998857
289.0000000000008,3.864177378518427,3.8914561482600365,0.027278769741609477,0.00827824680432259,0.7059398953385647,0.21228580352729162,0.8175118237478319,0.8161638846858915,0.8595844823510268,0.870246687935974,-0.0013479390619404175,0.0004782413234142644,-0.16488312740981223,0.05983579227568604,0.0013570578959390782,0.0014476004806593928,9.054258472031458e-5,0.00012526121357467443,6.671976559825364,70.97571353421924,0.0009724132517541251,0.0008679861610978702,-0.00010442709065625489,5.011435910590469e-5,-10.738962109769695,28.811528674190974,6.68925
290.0000000000008,3.867372942976719,3.891548678107159,0.024175735130440135,0.00827824680432259,0.625120346211867,0.21228580352729162,0.8162335730120255,0.8148921941066938,0.8583841490422778,0.8687872803342344,-0.0013413789053317027,0.0004782413234142644,-0.16433762953192568,0.05983579227568604,0.0014087810191220184,0.0014850073995571458,7.62263804351274e-5,0.00012526121357467443,5.410804049775831,70.97571353421924,0.0009476085222868607,0.0008539951060351347,-9.3613416251726e-5,5.011435910590469e-5,-9.878912446440333,28.811528674190974,6.689249999994467
291.00000000000085,4.029732740813394,4.037561057195155,0.007828316381760736,0.00827824680432259,0.19426390992323242,0.21228580352729162,0.8131247005373623,0.811784146736701,0.8555158212707372,0.8657231627932745,-0.0013405538006613371,0.0004782413234142644,-0.16486447893852169,0.05983579227568604,0.0015578246224744075,0.001626797062374018,6.897243989961049e-5,0.00012526121357467443,4.427484256222404,70.97571353421924,0.000986817562246192,0.0009235555566749041,-6.326200557128781e-5,5.011435910590469e-5,-6.4107093338804155,28.811528674190974,-0.26356950000621676
292.00000000000085,4.19794646864155,4.187560329636026,-0.010386139005523987,0.00827824680432259,-0.24740999160203503,0.21228580352729162,0.8132136569390418,0.8118692505687022,0.8553361209325989,0.8654923701972852,-0.0013444063703396125,0.0004782413234142644,-0.16532019093235528,0.05983579227568604,0.0014986451995266273,0.0015707753750183065,7.213017549167924e-5,0.00012526121357467443,4.813025492255458,70.97571353421924,0.0009887620839508203,0.000943158553086173,-4.5603530864647235e-5,5.011435910590469e-5,-4.612184427868443,28.811528674190974,-7.5545999999896
293.00000000000085,3.907050697493383,3.925601057401532,0.018550359908148906,0.00827824680432259,0.47479189149119877,0.21228580352729162,0.8161817034579054,0.8148401750733617,0.857935656922087,0.8680020156877983,-0.001341528384543711,0.0004782413234142644,-0.1643663878839818,0.05983579227568604,0.001292895167080227,0.0013612846717163687,6.838950463614176e-5,0.00012526121357467443,5.289640365087547,70.97571353421924,0.0009271334080971659,0.0008755042283790339,-5.1629179718131954e-5,5.011435910590469e-5,-5.568689388951572,28.811528674190974,4.642200000002948
294.00000000000085,3.853387935950126,3.877662023402412,0.024274087452285986,0.00827824680432259,0.6299414399941736,0.21228580352729162,0.8166937934220764,0.8153586947766502,0.8583977259812166,0.8683149679100814,-0.001335098645426136,0.0004782413234142644,-0.16347603669569485,0.05983579227568604,0.0012461691544998783,0.0013051693406704577,5.900018617057941e-5,0.00012526121357467443,4.734524679697902,70.97571353421924,0.0008922700394499109,0.0008380036803493616,-5.426635910054929e-5,5.011435910590469e-5,-6.081831362846699,28.811528674190974,8.099549999997052
295.00000000000085,3.9080543191915385,3.923172448490948,0.015118129299409588,0.00827824680432259,0.3868454239535003,0.21228580352729162,0.8139092486309089,0.8125742641291169,0.8558967136304698,0.8656846427395042,-0.0013349845017919248,0.0004782413234142644,-0.1640212964820741,0.05983579227568604,0.0013935842368742923,0.0014482174058699391,5.46331689956468e-5,0.00012526121357467443,3.9203348854020486,70.97571353421924,0.0009266095783150301,0.0008897198948014734,-3.6889683513556645e-5,5.011435910590469e-5,-3.9811463616248997,28.811528674190974,4.6421999999957455
296.00000000000085,4.037814711137586,4.042974637496707,0.005159926359120881,0.00827824680432259,0.12779007280567262,0.21228580352729162,0.8126328746840505,0.8112969565803559,0.8547548175390548,0.8644493734682194,-0.0013359181036946,0.0004782413234142644,-0.16439380503945294,0.05983579227568604,0.0014439367845997756,0.0014965743819028614,5.263759730308581e-5,0.00012526121357467443,3.6454225603564545,70.97571353421924,0.0009542955072942478,0.0009329598811127222,-2.1335626181525616e-5,5.011435910590469e-5,-2.2357462671095845,28.811528674190974,-0.34736399999582235
297.00000000000085,3.90895459662054,3.9238776035783984,0.014923006957858309,0.00827824680432259,0.3817646531571355,0.21228580352729162,0.8136174591309007,0.8122798732042981,0.8553241511047053,0.8650419839001672,-0.0013375859266026024,0.0004782413234142644,-0.16439985543469046,0.05983579227568604,0.0013297720657817608,0.0013867947672228736,5.7022701441112765e-5,0.00012526121357467443,4.288156061361511,70.97571353421924,0.0009418290283180474,0.0009227339743374027,-1.909505398064472e-5,5.011435910590469e-5,-2.0274437723315204,28.811528674190974,4.55220000000145
298.00000000000085,3.8800464430031796,3.8982765610255496,0.018230118022370068,0.00827824680432259,0.4698427786926139,0.21228580352729162,0.8139598209967378,0.8126229008442044,0.8554486083069757,0.8651451294295123,-0.001336920152533394,0.0004782413234142644,-0.16424891229843053,0.05983579227568604,0.0012714358137587225,0.0013285905207060119,5.715470694728935e-5,0.00012526121357467443,4.495288423433971,70.97571353421924,0.0009293058083565782,0.0009098491384106002,-1.9456669945978086e-5,5.011435910590469e-5,-2.093677858356018,28.811528674190974,6.25275
299.00000000000085,3.8788084362314024,3.8958577252227915,0.017049288991389133,0.00827824680432259,0.43954965221107933,0.21228580352729162,0.8127063059055829,0.8113711115460737,0.8543594248672696,0.8639582425507264,-0.0013351943595092397,0.0004782413234142644,-0.16428989781511028,0.05983579227568604,0.001328078595163142,0.0013806857018401327,5.260710667699068e-5,0.00012526121357467443,3.961144082028398,70.97571353421924,0.0009443106074939955,0.000930758115662011,-1.3552491831984544e-5,5.011435910590469e-5,-1.4351731013538065,28.811528674190974,6.25274999999435
300.0000000000009,4.038253487320802,4.042512705454527,0.00425921813372554,0.00827824680432259,0.10547178742242201,0.21228580352729162,0.8116762656890069,0.8103413370153079,0.8535266048111548,0.8630421666776645,-0.0013349286736989985,0.0004782413234142644,-0.16446565338039285,0.05983579227568604,0.0013733253577559795,0.001423106074860388,4.978071710440854e-5,0.00012526121357467443,3.6248305489494843,70.97571353421924,0.000963103186192689,0.0009565947217788689,-6.508464413820022e-6,5.011435910590469e-5,-0.6757805920619047,28.811528674190974,-0.37339650000108177
301.0000000000009,4.07684576337134,4.079611165713163,0.0027654023418230977,0.00827824680432259,0.06783190982276095,0.21228580352729162,0.8124255490784353,0.8110906122415926,0.8540692767007018,0.8635811925773089,-0.001334936836842715,0.0004782413234142644,-0.16431497487455726,0.05983579227568604,0.0012926272687129928,0.0013435353150374261,5.090804632443334e-5,0.00012526121357467443,3.9383391915536525,70.97571353421924,0.0009514585931820665,0.0009435161214848946,-7.942471697171922e-6,5.011435910590469e-5,-0.8347679819264703,28.811528674190974,-1.5628050000000113
302.0000000000009,4.081336121812652,4.086039731744553,0.004703609931901553,0.00827824680432259,0.11524681603073972,0.21228580352729162,0.8143427273240478,0.8130088816281191,0.8556142823409626,0.8651293849434238,-0.0013338456959286482,0.0004782413234142644,-0.1637941435679915,0.05983579227568604,0.0011427260794236132,0.0011943158785987333,5.1589799175120066e-5,0.00012526121357467443,4.514625167314092,70.97571353421924,0.0009089828764641637,0.0008905155412386586,-1.8467335225505108e-5,5.011435910590469e-5,-2.0316483075391765,28.811528674190974,-1.5751800000041551
303.0000000000009,4.186399803472998,4.18110964708446,-0.005290156388538136,0.00827824680432259,-0.12636529325625975,0.21228580352729162,0.8156182918011989,0.8142864431024979,0.8567087649284844,0.8661747365094964,-0.0013318486987010658,0.0004782413234142644,-0.16329313749938487,0.05983579227568604,0.0010475063701103863,0.0010967302819406702,4.922391183028395e-5,0.00012526121357467443,4.69915155027618,70.97571353421924,0.0008672835017767645,0.0008382911354038377,-2.8992366372926825e-5,5.011435910590469e-5,-3.3428937958039646,28.811528674190974,-6.143850000001958
304.0000000000009,4.226261694135321,4.217492218127397,-0.008769476007923771,0.00827824680432259,-0.20749959757799563,0.21228580352729162,0.8174848620781301,0.8161579313883132,0.858549229836621,0.8678459082126121,-0.0013269306898169297,0.0004782413234142644,-0.162318686421145,0.05983579227568604,0.0009370089833111328,0.0009766306882853432,3.96217049742104e-5,0.00012526121357467443,4.2285298945798955,70.97571353421924,0.0008122829245233415,0.0007690515210287248,-4.3231403494616645e-5,5.011435910590469e-5,-5.322210056303401,28.811528674190974,-8.296649999999872
305.0000000000009,4.23092549063294,4.224565922618875,-0.006359568014064898,0.00827824680432259,-0.150311510522808,0.21228580352729162,0.820182335937967,0.8188663969784622,0.8612878226185672,0.8702748903802162,-0.00131593895950477,0.0004782413234142644,-0.16044468429082318,0.05983579227568604,0.0007918850482435527,0.000812207786411381,2.032273816782832e-5,0.00012526121357467443,2.566374780393359,70.97571353421924,0.0007368177301113485,0.0006730984442961475,-6.371928581520099e-5,5.011435910590469e-5,-8.647903438150394,28.811528674190974,-8.156700000000829
306.0000000000009,4.250694815730701,4.243731047564435,-0.006963768166265538,0.00827824680432259,-0.16382658525600258,0.21228580352729162,0.8224275354553751,0.8211247056348079,0.8635107034748122,0.8721731968851737,-0.0013028298205671751,0.0004782413234142644,-0.15841271898147272,0.05983579227568604,0.0006681987575538258,0.0006681102568236702,-8.8500730155666e-8,0.00012526121357467443,-0.013244671462672834,70.97571353421924,0.0006639017356145826,0.0005814141451601136,-8.248759045446908e-5,5.011435910590469e-5,-12.424668596190552,28.811528674190974,-9.066599999999825
307.0000000000009,4.253651710275616,4.247954815808825,-0.005696894466790781,0.00827824680432259,-0.1339294999877094,0.21228580352729162,0.8243227272022153,0.8230339822497406,0.8653636580060408,0.8736779951329099,-0.001288744952474774,0.0004782413234142644,-0.15633985451897298,0.05983579227568604,0.000561409896309447,0.0005398963054451857,-2.1513590864261295e-5,0.00012526121357467443,-3.8320647722253693,70.97571353421924,0.0005984556553668622,0.0005010241708739539,-9.74314844929084e-5,5.011435910590469e-5,-16.28048521543028,28.811528674190974,-8.875799999998916
308.0000000000009,4.241207602933733,4.238622754209076,-0.0025848487246573626,0.00827824680432259,-0.060946055148759226,0.21228580352729162,0.8260628940880774,0.82478898610339,0.8670475453447437,0.8750024782220652,-0.0012739079846874057,0.0004782413234142644,-0.15421440592531657,0.05983579227568604,0.00046209789172675214,0.0004188839897011059,-4.321390202564624e-5,0.00012526121357467443,-9.351676949696948,70.97571353421924,0.0005387372863345542,0.0004290266055879998,-0.0001097106807465544,5.011435910590469e-5,-20.364412029655657,28.811528674190974,-7.68375000000074
309.00000000000097,4.257524911179614,4.25308168669885,-0.004443224480763952,0.00827824680432259,-0.10436167899092544,0.21228580352729162,0.8272607074906682,0.825996763846599,0.868210992943119,0.8758900798547277,-0.001263943644069121,0.0004782413234142644,-0.15278661643474453,0.05983579227568604,0.0003956515261277576,0.0003384823248109181,-5.716920131683948e-5,0.00012526121357467443,-14.449382231974331,70.97571353421924,0.0004916306843417928,0.0003744756054456048,-0.000117155078896188,5.011435910590469e-5,-23.82989561626693,28.811528674190974,-8.496900000005212
310.00000000000097,4.330287491900281,4.315032292715796,-0.015255199184484702,0.00827824680432259,-0.3522906784600158,0.21228580352729162,0.8283764295636528,0.8271217010675783,0.8692734541059965,0.8766923285162348,-0.001254728496074442,0.0004782413234142644,-0.15146839664853454,0.05983579227568604,0.00033226543650908776,0.00026231930170922185,-6.994613479986591e-5,0.00012526121357467443,-21.05128223228624,70.97571353421924,0.00045068366012660497,0.00032795029298851586,-0.00012273336713808911,5.011435910590469e-5,-27.23270843757929,28.811528674190974,-13.890149999996877
311.00000000000097,4.2957203273605105,4.288219612677944,-0.007500714682566745,0.00827824680432259,-0.17460900875675794,0.21228580352729162,0.8308443196732529,0.829625021447713,0.8713853558783743,0.8782454090454637,-0.0012192982255398999,0.0004782413234142644,-0.14675411466006227,0.05983579227568604,0.00016032525861143517,4.5979017965531855e-5,-0.00011434624064590332,0.00012526121357467443,-71.32141350417731,70.97571353421924,0.0003880332971806617,0.0002480425593533471,-0.0001399907378273146,5.011435910590469e-5,-36.07699103258587,28.811528674190974,-10.6582500000021
312.00000000000097,4.327350290177649,4.316597235453056,-0.010753054724593092,0.00827824680432259,-0.2484905081292056,0.21228580352729162,0.8331186539551229,0.8319363595408656,0.8733188723940392,0.8796462978910704,-0.0011822944142572123,0.0004782413234142644,-0.14191188837801466,0.05983579227568604,7.53233954452006e-6,-0.000148525508157111,0.00014099316861259094,0.00012526121357467443,1871.8376645031426,70.97571353421924,0.0003230459401774878,0.0001630621679559131,-0.00015998377222157468,5.011435910590469e-5,-49.52353591989934,28.811528674190974,-12.831299999996306
313.00000000000097,4.282652454666354,4.279350856830907,-0.0033015978354473674,0.00827824680432259,-0.07709235970922565,0.21228580352729162,0.8347174205022927,0.8335656401155329,0.8746754431430792,0.8805834862465187,-0.001151780386759782,0.0004782413234142644,-0.13798446737420386,0.05983579227568604,-9.334220863183307e-5,-0.00028081422603269603,0.00018747201740086297,0.00012526121357467443,-200.84377705299792,70.97571353421924,0.0002690617842678355,9.23988870477008e-5,-0.00017666289722013468,5.011435910590469e-5,-65.658858875431,28.811528674190974,-9.008099999998928
314.00000000000097,4.27036076036479,4.268720196687842,-0.0016405636769478704,0.00827824680432259,-0.03841744922758534,0.21228580352729162,0.8358678123910216,0.834737966936978,0.8756185924655181,0.881234270844838,-0.0011298454540435987,0.0004782413234142644,-0.13517035077731326,0.05983579227568604,-0.00016089279669542796,-0.00036769098425787225,0.0002067981875624443,0.00012526121357467443,-128.5316632005072,70.97571353421924,0.00022576651676261067,3.634888045186249e-5,-0.00018941763631074817,5.011435910590469e-5,-83.89979126529083,28.811528674190974,-7.8970499999975425
315.00000000000097,4.231951304581298,4.233662410093955,0.00171110551265663,0.00827824680432259,0.04043301516263367,0.21228580352729162,0.8360011033403797,0.8348692647967197,0.8757181371391152,0.8813352020343046,-0.0011318385436599465,0.0004782413234142644,-0.13538720692323247,0.05983579227568604,-0.00014607401056944638,-0.0003420721034706545,0.0001959980929012081,0.00012526121357467443,-134.17725174871327,70.97571353421924,0.00020407749199694383,1.2374186149383385e-5,-0.00019170330584756043,5.011435910590469e-5,-93.93652576366985,28.811528674190974,-5.354099999999148
316.00000000000097,4.217264533901119,4.218949212847852,0.0016846789467326317,0.00827824680432259,0.03994719641583034,0.21228580352729162,0.8358047730480833,0.834665377195995,0.8754539712759148,0.8811809058947775,-0.0011393958520883318,0.0004782413234142644,-0.13632320475188087,0.05983579227568604,-0.0001166620249688571,-0.0002953123870677671,0.00017865036209891,0.00012526121357467443,-153.13497442428303,70.97571353421924,0.0001954594026758165,7.3431844752721525e-6,-0.00018811621820054436,5.011435910590469e-5,-96.24311525833762,28.811528674190974,-4.472504999993735
317.00000000000097,4.023538059781794,4.035330254852414,0.011792195070619904,0.00827824680432259,0.29308024170298075,0.21228580352729162,0.8353312721999481,0.8341804141340551,0.8748982312228225,0.880823968818475,-0.0011508580658929901,0.0004782413234142644,-0.13777265429822388,0.05983579227568604,-7.396827921611612e-5,-0.00023004751467771406,0.00015607923546159794,0.00012526121357467443,-211.00833643239815,70.97571353421924,0.00019743472766045188,1.7735637450414955e-5,-0.00017969909021003694,5.011435910590469e-5,-91.01696157480629,28.811528674190974,2.0110499999966267
318.000000000001,4.14499417063821,4.148318842428316,0.003324671790106315,0.00827824680432259,0.08020932366219495,0.21228580352729162,0.8337412213929954,0.8325772297366184,0.8732483376982622,0.8794229725785974,-0.0011639916563770392,0.0004782413234142644,-0.13961066413776074,0.05983579227568604,2.448061516977228e-5,-0.0001069662464820308,8.248563131225851e-5,0.00012526121357467443,336.9426411069465,70.97571353421924,0.00022283899793751924,5.9416889433178206e-5,-0.00016342210850434102,5.011435910590469e-5,-73.33640431741763,28.811528674190974,-1.4798250000035846
319.000000000001,4.225614776315397,4.220300211081406,-0.005314565233991431,0.00827824680432259,-0.12577022552504336,0.21228580352729162,0.8323883968380882,0.8312122266853268,0.8718111337575073,0.8782427576491549,-0.001176170152761391,0.0004782413234142644,-0.1413006424920377,0.05983579227568604,0.000103208788919174,-5.4360765155339645e-6,-9.777271240364004e-5,0.00012526121357467443,-94.73293256081988,70.97571353421924,0.00025351840465135094,0.00010846247714726394,-0.000145055927504087,5.011435910590469e-5,-57.21711908986408,28.811528674190974,-4.98330000000326
320.000000000001,4.277079331245928,4.26609527815263,-0.010984053093298307,0.00827824680432259,-0.25681200283228356,0.21228580352729162,0.8331361664783944,0.8319571996445183,0.8723471041831103,0.8788664290603783,-0.0011789668338760828,0.0004782413234142644,-0.14150950124509531,0.05983579227568604,5.585406566663288e-5,-4.529647865872069e-5,-1.0557587007912189e-5,0.00012526121357467443,-18.902092232507385,70.97571353421924,0.0002533457026405788,0.00011704315033869748,-0.0001363025523018813,5.011435910590469e-5,-53.801012166862584,28.811528674190974,-8.169750000007086
321.000000000001,4.363497720592473,4.3415821798854966,-0.021915540706976877,0.00827824680432259,-0.5022470987793067,0.21228580352729162,0.8348839949068169,0.8337142503039393,0.8736890712329511,0.8801212837509451,-0.0011697446028775538,0.0004782413234142644,-0.14010863904608822,0.05983579227568604,-6.255442951012642e-5,-0.0001718060086591001,0.00010925157914897367,0.00012526121357467443,-174.65042844214224,70.97571353421924,0.0002270859486324197,8.945552684138899e-5,-0.00013763042179103073,5.011435910590469e-5,-60.60719415705057,28.811528674190974,-15.094800000001657
322.000000000001,4.3848552774255545,4.362629057660428,-0.022226219765126842,0.00827824680432259,-0.5068860511669235,0.21228580352729162,0.8381539915549916,0.8370337573310225,0.8758624735519055,0.8818854573353598,-0.0011202342239691188,0.0004782413234142644,-0.13365494112732146,0.05983579227568604,-0.000338822281788725,-0.0004981937527460083,0.00015937147095728327,0.00012526121357467443,-47.03689205914163,70.97571353421924,0.0001634723020148196,4.326428651652093e-6,-0.0001591458733631675,5.011435910590469e-5,-97.35341791953239,28.811528674190974,-16.714799999988607
323.000000000001,4.250789670851239,4.251483066403026,0.000693395551786935,0.00827824680432259,0.016312158574716767,0.21228580352729162,0.8421299634982907,0.8411045072563308,0.8782900187464259,0.8836388424503014,-0.0010254562419599322,0.0004782413234142644,-0.12176935703606676,0.05983579227568604,-0.0007046438338110655,-0.0009557466172488382,0.0002511027834377728,0.00012526121357467443,-35.63541911375051,70.97571353421924,7.225238605580074e-5,-0.00012709191668782354,5.48395306320228e-5,5.011435910590469e-5,75.89995794695287,28.811528674190974,-5.5804499999977555
324.000000000001,4.212196717747722,4.21585382483854,0.0036571070908175685,0.00827824680432259,0.08682184940244286,0.21228580352729162,0.8427041996435545,0.8417077459817347,0.8785807232392041,0.8838097590589145,-0.000996453661819774,0.0004782413234142644,-0.1182447722749278,0.05983579227568604,-0.0007258914413894268,-0.000991547713690292,0.0002656562723008651,0.00012526121357467443,-36.597245421763496,70.97571353421924,2.687529436114568e-5,-0.00019070617228317786,0.00016383087792203217,5.011435910590469e-5,609.5965897917263,28.811528674190974,-3.3873749999980194
325.000000000001,4.160654374996925,4.164273762526104,0.003619387529179008,0.00827824680432259,0.08699082411000993,0.21228580352729162,0.8408070269722601,0.8397699440887337,0.8772951166709428,0.8828875890360985,-0.0010370828835263302,0.0004782413234142644,-0.12334374597948569,0.05983579227568604,-0.0005092219777847019,-0.0007196698750377244,0.00021044789725302253,0.00012526121357467443,-41.32733983096062,70.97571353421924,3.525894075803749e-5,-0.00017081565690687695,0.00013555671614883945,5.011435910590469e-5,384.4605459905612,28.811528674190974,-1.4520150000038285
326.000000000001,4.24648745279087,4.240715527223374,-0.005771925567495728,0.00827824680432259,-0.13592235068779757,0.21228580352729162,0.8394086693000695,0.8383432829079002,0.8761618461093617,0.8820296978857523,-0.001065386392169354,0.0004782413234142644,-0.12692106135354944,0.05983579227568604,-0.00037743579634476126,-0.000551088715739301,0.00017365291939453972,0.00012526121357467443,-46.00859830367544,70.97571353421924,5.441104698402788e-5,-0.00013433542147675952,7.992437449273164e-5,5.011435910590469e-5,146.88997716988075,28.811528674190974,-5.193899999999551
327.0000000000011,4.238609494675463,4.232748357272149,-0.005861137403313954,0.00827824680432259,-0.1382797214670686,0.21228580352729162,0.8391909698038597,0.838111987654947,0.8759115190528632,0.8819211068886651,-0.001078982148912666,0.0004782413234142644,-0.12857408953826704,0.05983579227568604,-0.0003471258373187445,-0.0005017842036236296,0.0001546583663048851,0.00012526121357467443,-44.55397716847903,70.97571353421924,6.267360649873654e-5,-0.00011241505478943751,4.974144829070097e-5,5.011435910590469e-5,79.36586239329266,28.811528674190974,-4.754250000004709
328.0000000000011,4.3064905609865445,4.292972651879031,-0.013517909107513049,0.00827824680432259,-0.3138961740674598,0.21228580352729162,0.8397877555519393,0.8387051444154032,0.8763082220283893,0.8823646400981531,-0.0010826111365360713,0.0004782413234142644,-0.128914851327469,0.05983579227568604,-0.00037788914640177364,-0.00052511216529972,0.00014722301889794634,0.00012526121357467443,-38.959313941612415,70.97571353421924,5.662305638474954e-5,-0.00011070431635704659,5.4081259972297046e-5,5.011435910590469e-5,95.51102223239033,28.811528674190974,-9.11429999999442
329.0000000000011,4.226248621998262,4.222362230076949,-0.003886391921312793,0.00827824680432259,-0.09195843096129121,0.21228580352729162,0.8410144265002043,0.8399406172789662,0.8770507506295072,0.883062025671358,-0.00107380922123812,0.0004782413234142644,-0.12768023798434322,0.05983579227568604,-0.0004719803521126704,-0.0006243863137284688,0.00015240596161579837,0.00012526121357467443,-32.290742810288904,70.97571353421924,3.528886329496509e-5,-0.00013152000263351882,9.623113933855374e-5,5.011435910590469e-5,272.69549187288135,28.811528674190974,-3.9471750000018275
330.0000000000011,4.258979869753519,4.251980784954089,-0.006999084799430122,0.00827824680432259,-0.16433711859349975,0.21228580352729162,0.8416299384534806,0.8405613202807037,0.8773683118665921,0.883381572161624,-0.001068618172776814,0.0004782413234142644,-0.12697007603370564,0.05983579227568604,-0.0005108973069144227,-0.0006630969843458397,0.00015219967743141706,0.00012526121357467443,-29.790659565350015,70.97571353421924,1.788332322987987e-5,-0.00014794743328728444,0.00013006411005740456,5.011435910590469e-5,727.2927318122306,28.811528674190974,-5.639399999998801
331.0000000000011,4.240004484375313,4.234115282851465,-0.005889201523848087,0.00827824680432259,-0.1388961154534192,0.21228580352729162,0.8414333852874194,0.8403596522197276,0.8771646688956104,0.8832671548010534,-0.0010737330676917622,0.0004782413234142644,-0.12760761415771413,0.05983579227568604,-0.00047507237031817835,-0.0006162473525970432,0.0001411749822788649,0.00012526121357467443,-29.716521334278685,70.97571353421924,1.3767570984458213e-5,-0.00014614936613865424,0.00013238179515419603,5.011435910590469e-5,961.5479397465084,28.811528674190974,-4.529699999997383
332.0000000000011,4.186238256383536,4.1844773363265135,-0.0017609200570225525,0.00827824680432259,-0.04206449679105938,0.21228580352729162,0.8416887847179847,0.8406134723527096,0.877267033349232,0.8834114813195321,-0.0010753123652751384,0.0004782413234142644,-0.12775652768563756,0.05983579227568604,-0.0004818630673686136,-0.0006174785683668015,0.00013561550099818793,0.00012526121357467443,-28.14399155734535,70.97571353421924,6.325915880102327e-6,-0.00014879915728903298,0.00014247324140893066,5.011435910590469e-5,2252.2152382245404,28.811528674190974,-2.10617999999779
333.0000000000011,4.1129727807105,4.11432739383841,0.001354613127910298,0.00827824680432259,0.03293513475856978,0.21228580352729162,0.8411912017660209,0.8401090715650282,0.8768141068811207,0.8830639696496132,-0.0010821302009926814,0.0004782413234142644,-0.12864259620414792,0.05983579227568604,-0.0004307222313181917,-0.0005542445051850018,0.00012352227386681008,0.00012526121357467443,-28.677942508047433,70.97571353421924,1.1005338194228871e-5,-0.00013554110367744335,0.00012453576548321447,5.011435910590469e-5,1131.594170804494,28.811528674190974,-0.059692499999787825
334.0000000000011,4.103789774090049,4.104265393986335,0.0004756198962860836,0.00827824680432259,0.011589772441292874,0.21228580352729162,0.8400891692136272,0.8389975762798184,0.8758801603439242,0.8822577039782726,-0.0010915929338087826,0.0004782413234142644,-0.12993774635025682,0.05983579227568604,-0.0003419262343388721,-0.0004512810609303212,0.00010935482659144913,0.00012526121357467443,-31.98199366096931,70.97571353421924,2.9631195438832413e-5,-0.00010430529759445395,7.467410215562154e-5,5.011435910590469e-5,252.01177694558785,28.811528674190974,0.136764
335.0000000000011,4.10266333828362,4.102143463085422,-0.000519875198198072,0.00827824680432259,-0.01267165144521865,0.21228580352729162,0.8390597755232763,0.837959943965277,0.8749857334393742,0.8814722910571866,-0.001099831557999309,0.0004782413234142644,-0.1310790470575715,0.05983579227568604,-0.00026625066754054795,-0.0003637681843288225,9.751751678827454e-5,0.00012526121357467443,-36.62620555624461,70.97571353421924,5.2846195564598155e-5,-6.766904971272097e-5,1.482285414812281e-5,5.011435910590469e-5,28.04904684198817,28.811528674190974,0.136764
336.00000000000114,4.1016867985954315,4.100622843487552,-0.0010639551078792664,0.00827824680432259,-0.025939452720856303,0.21228580352729162,0.8383956155994561,0.837289713575748,0.8743861501185046,0.8809604807321584,-0.001105902023708083,0.0004782413234142644,-0.1319069426332053,0.05983579227568604,-0.00021911697495713504,-0.0003076136804126471,8.849670545551207e-5,0.00012526121357467443,-40.387882076605116,70.97571353421924,7.329646481350359e-5,-3.552655470756543e-5,-3.776991010593816e-5,5.011435910590469e-5,-51.53032987612755,28.811528674190974,0.136764
337.00000000000114,4.100847701304741,4.099469613468852,-0.001378087835889552,0.00827824680432259,-0.03360495039723359,0.21228580352729162,0.8379109183130812,0.8368003352197143,0.8739329322255569,0.8805833752896464,-0.0011105830933668681,0.0004782413234142644,-0.13254190500378518,0.05983579227568604,-0.00018579787935165846,-0.0002669131041332457,8.111522478158726e-5,0.00012526121357467443,-43.6577775078159,70.97571353421924,9.091287936306495e-5,-8.038768344286593e-6,-8.287411101877835e-5,5.011435910590469e-5,-91.15772330542585,28.811528674190974,0.136764
338.00000000000114,4.100112048109482,4.098547192084571,-0.0015648560249106325,0.00827824680432259,-0.0381661770836768,0.21228580352729162,0.8375233583209734,0.8364089804379251,0.8735600279617007,0.8802777320272065,-0.0011143778830482454,0.0004782413234142644,-0.13305633472507522,0.05983579227568604,-0.00015998460695551954,-0.00023484300258154223,7.485839562602269e-5,0.00012526121357467443,-46.79099886580684,70.97571353421924,0.00010617685325681863,1.5527248674275913e-5,-9.064960458254271e-5,5.011435910590469e-5,-85.37605118441503,28.811528674190974,0.136764
339.00000000000114,4.099456954369641,4.097798256591245,-0.00165869777839589,0.00827824680432259,-0.04046140249449069,0.21228580352729162,0.837200126510296,0.8360825705386827,0.8732413347334513,0.8800192527800349,-0.0011175559716132266,0.0004782413234142644,-0.13348731518609996,0.05983579227568604,-0.00013910162282844546,-0.0002085327944724709,6.943117164402544e-5,0.00012526121357467443,-49.91399110393929,70.97571353421924,0.00011945771137822242,3.582760065412268e-5,-8.363011072409974e-5,5.011435910590469e-5,-70.0081307093799,28.811528674190974,0.136764
340.00000000000114,4.098867162971354,4.097160507254485,-0.001706655716868788,0.00827824680432259,-0.041637253636480326,0.21228580352729162,0.8369236195903601,0.8358033489204915,0.8729627658909813,0.8797950633775756,-0.0011202706698686393,0.0004782413234142644,-0.1338557836875205,0.05983579227568604,-0.00012176236937470667,-0.00018641642096984613,6.465405159513945e-5,0.00012526121357467443,-53.0985491881943,70.97571353421924,0.00013105709891893968,5.340461544614922e-5,-7.765248347279046e-5,5.011435910590469e-5,-59.25087928340258,28.811528674190974,0.136764
341.00000000000114,4.098331086962812,4.096625741441411,-0.0017053455214011137,0.00827824680432259,-0.04161073093450119,0.21228580352729162,0.8366829041799133,0.8355602829582451,0.8727154894648005,0.8795972340823883,-0.0011226212216681741,0.0004782413234142644,-0.1341752312685924,0.05983579227568604,-0.00010710653737580426,-0.00016751054627048547,6.0404008894681215e-5,0.00012526121357467443,-56.396192403029445,70.97571353421924,0.00014122398278584294,6.870283277612609e-5,-7.252115000971685e-5,5.011435910590469e-5,-51.351865723607645,28.811528674190974,0.136764
342.00000000000114,4.0978404489798645,4.096149928037626,-0.0016905209422386491,0.00827824680432259,-0.04125394737268249,0.21228580352729162,0.8364705931114677,0.8353459170228754,0.8724934731417215,0.8794204295029799,-0.0011246760885922358,0.0004782413234142644,-0.1344549465162563,0.05983579227568604,-9.455405187126584e-5,-0.0001511464305344167,5.6592378663150846e-5,0.00012526121357467443,-59.85188105973571,70.97571353421924,0.00015016512273500086,8.208201210043315e-5,-6.80831106345677e-5,5.011435910590469e-5,-45.33883061162958,28.811528674190974,0.136764
343.00000000000114,4.097388469705107,4.095742277917603,-0.0016461917875041365,0.00827824680432259,-0.040176610045046926,0.21228580352729162,0.836281408859997,0.8351549230739358,0.8722923581514823,0.8792608520109638,-0.0011264857860612265,0.0004782413234142644,-0.1347017611687471,0.05983579227568604,-8.369213193950668e-5,-0.00013684353853548418,5.31514065959775e-5,0.00012526121357467443,-63.50824786539761,70.97571353421924,0.00015805315353244328,9.383771883101884e-5,-6.421543470142444e-5,5.011435910590469e-5,-40.629011991363434,28.811528674190974,0.136764
344.0000000000012,4.096970159231166,4.095367019958268,-0.001603139272897458,0.00827824680432259,-0.03912987428735146,0.21228580352729162,0.8361114254957636,0.8349833366769236,0.8721088657205475,0.879115682071154,-0.0011280888188399674,0.0004782413234142644,-0.13492087112325715,0.05983579227568604,-7.421503081359615e-5,-0.00012424302813121652,5.0027997317620375e-5,0.00012526121357467443,-67.4095217224585,70.97571353421924,0.0001650325413698556,0.00010421159794400174,-6.0820943425853854e-5,5.011435910590469e-5,-36.85390949021842,28.811528674190974,0.136764
345.0000000000012,4.096581192880799,4.095040234691962,-0.0015409581888370383,0.00827824680432259,-0.03761571213369276,0.21228580352729162,0.8359576315148226,0.8348281160443906,0.8719404528784351,0.8789827566519421,-0.001129515470432052,0.0004782413234142644,-0.13511635373018593,0.05983579227568604,-6.588960717736095e-5,-0.0001130691393591896,4.717953218182865e-5,0.00012526121357467443,-71.60390568854248,70.97571353421924,0.00017122470318484633,0.00011340405316925044,-5.7820650015595886e-5,5.011435910590469e-5,-33.76887151217623,28.811528674190974,0.136764
346.0000000000012,4.096218347053152,4.094731578161978,-0.0014867688911737176,0.00827824680432259,-0.03629613378015626,0.21228580352729162,0.8358176598557826,0.8346868696574611,0.8717850996830411,0.8788603771898696,-0.0011307901983215185,0.0004782413234142644,-0.1352914939027051,0.05983579227568604,-5.8533628017267723e-5,-0.00010310459417235983,4.45709661550921e-5,0.00012526121357467443,-76.14591417764748,70.97571353421924,0.0001767318933489085,0.0001215808692785569,-5.51510240703516e-5,5.011435910590469e-5,-31.206039286565602,28.811528674190974,0.1367640000002538
347.0000000000012,4.087306407303703,4.086286758784129,-0.0010196485195734795,0.00827824680432259,-0.02494671106016045,0.21228580352729162,0.8356896131909256,0.8345576802878001,0.8716411701239534,0.8787471771429807,-0.001131932903125521,0.0004782413234142644,-0.13544896158317027,0.05983579227568604,-5.200208748214971e-5,-9.41755394731823e-5,4.2173451991032585e-5,0.00012526121357467443,-81.09953663977257,70.97571353421924,0.00018164055170269604,0.0001288805642831046,-5.2759987419591446e-5,5.011435910590469e-5,-29.04637038646935,28.811528674190974,0.349380000003611
348.0000000000012,3.9961058643496346,4.000659676388887,0.004553812039252314,0.00827824680432259,0.11395624124671297,0.21228580352729162,0.8355260421987015,0.8343929999486344,0.8714681848052585,0.8786037774057446,-0.0011330422500671622,0.0004782413234142644,-0.13560825071179608,0.05983579227568604,-4.350429146563648e-5,-8.336090243568429e-5,3.985661097004781e-5,0.00012526121357467443,-91.61535477834427,70.97571353421924,0.00018678787098877375,0.000136422887704743,-5.036498328403076e-5,5.011435910590469e-5,-26.963733253888723,28.811528674190974,3.3744150000048148
349.0000000000012,3.9245654068578437,3.9356254828111203,0.011060075953276627,0.00827824680432259,0.2818165785681667,0.21228580352729162,0.8346920830330583,0.8335562005838167,0.8707420978312903,0.8779263301403147,-0.0011358824492415653,0.0004782413234142644,-0.13608400898137887,0.05983579227568604,5.742329101405293e-6,-2.9634516865564432e-5,2.3892187764159138e-5,0.00012526121357467443,416.07137700122615,70.97571353421924,0.00020301542616104078,0.0001585755210628573,-4.443990509818348e-5,5.011435910590469e-5,-21.88991543082632,28.811528674190974,7.4079000000048225
350.0000000000012,3.8698429468473554,3.886228857109006,0.016385910261650594,0.00827824680432259,0.42342571744415886,0.21228580352729162,0.8326545795623014,0.8315089225052352,0.8691270687810688,0.8764303852535895,-0.0011456570570661517,0.0004782413234142644,-0.13759091527105816,0.05983579227568604,0.0001390868882012828,0.00011597841294527549,-2.3108475256007315e-5,0.00012526121357467443,-16.61441675405474,70.97571353421924,0.00024291319443941998,0.0002129226353093941,-2.999055913002589e-5,5.011435910590469e-5,-12.34620424766808,28.811528674190974,11.447550000004833
351.0000000000012,3.822010888632863,3.8429518986128133,0.020941009979950298,0.00827824680432259,0.5479055552204593,0.21228580352729162,0.8296386049910397,0.8284662301653295,0.8669751470263715,0.8745490138394449,-0.0011723748257101985,0.0004782413234142644,-0.14131150824675767,0.05983579227568604,0.00036231937600254713,0.00036925579729152927,6.936421288982137e-6,0.00012526121357467443,1.9144494466487967,70.97571353421924,0.000308199226099629,0.0003044435009711574,-3.755725128471571e-6,5.011435910590469e-5,-1.2186030367439953,28.811528674190974,15.496650000003402
352.0000000000012,3.7892244110320976,3.812294248835981,0.023069837803883164,0.00827824680432259,0.6088274354170402,0.21228580352729162,0.8258704477063508,0.8246371826513057,0.8645676707582649,0.8726662239130614,-0.001233265055045063,0.0004782413234142644,-0.14932911795913623,0.05983579227568604,0.0006775941933929477,0.0007487483140574345,7.115412066448679e-5,0.00012526121357467443,10.500993272712916,70.97571353421924,0.00039779467648920003,0.0004356539547915625,3.785927830236244e-5,5.011435910590469e-5,9.51729134147684,28.811528674190974,18.34605000000096
353.00000000000125,3.775632596150715,3.7973577942023695,0.021725198051654626,0.00827824680432259,0.5754055114844497,0.21228580352729162,0.8217150471022809,0.8203752783821909,0.8621352524595275,0.8710369319151555,-0.0013397687200900066,0.0004782413234142644,-0.16304541639034173,0.05983579227568604,0.0010551825746411365,0.0012331647688233903,0.00017798219418225375,0.00012526121357467443,16.867431140320413,70.97571353421924,0.0005062682831598334,0.0006001729229615563,9.39046398017229e-5,5.011435910590469e-5,18.548394779073366,28.811528674190974,19.148850000001524
354.00000000000125,3.7568747992404488,3.7785503896434216,0.021675590402972844,0.00827824680432259,0.5769580185997983,0.21228580352729162,0.8178621036696536,0.8163916223057583,0.8599608063946178,0.8698011846531573,-0.0014704813638952707,0.0004782413234142644,-0.17979575741404194,0.05983579227568604,0.001407014500073752,0.0017112144569268438,0.0003041999568530918,0.00012526121357467443,21.620243205535296,70.97571353421924,0.0006192216329378841,0.0007697865956469366,0.0001505649627090525,5.011435910590469e-5,24.31519745114527,28.811528674190974,20.366099999989252
355.00000000000125,3.838782295587945,3.8437999537387193,0.005017658150774373,0.00827824680432259,0.13070963040913663,0.21228580352729162,0.8143667326253209,0.8127615375428007,0.8580295935397603,0.8688733789769656,-0.0016051950825202166,0.0004782413234142644,-0.19710960900201027,0.05983579227568604,0.0017215611720202899,0.0021549254964096354,0.00043336432438934556,0.00012526121357467443,25.172752001648774,70.97571353421924,0.0007291386828707863,0.000923239348602811,0.00019410066573202463,5.011435910590469e-5,26.620541509031693,28.811528674190974,11.772450000004056
356.00000000000125,3.796000995248731,3.8082569745147197,0.01225597926598887,0.00827824680432259,0.32286554406411067,0.21228580352729162,0.813159866874851,0.8115237802628238,0.8571481887393296,0.8684587633419943,-0.0016360866120271877,0.0004782413234142644,-0.2012011018589766,0.05983579227568604,0.0017481238046159198,0.00220433077545339,0.0004562069708374701,0.00012526121357467443,26.096948604718722,70.97571353421924,0.0007958992902929724,0.0009960786509410574,0.00020017936064808505,5.011435910590469e-5,25.151343026628226,28.811528674190974,15.017400000000027
357.00000000000125,3.791616856956371,3.806204476053567,0.014587619097195859,0.00827824680432259,0.3847334698502664,0.21228580352729162,0.8127298101415998,0.8111296143113057,0.8565852556046494,0.8681238626331115,-0.0016001958302941377,0.0004782413234142644,-0.19689148968404882,0.05983579227568604,0.0016753560072717629,0.002098983434072125,0.0004236274268003622,0.00012526121357467443,25.285815370681675,70.97571353421924,0.0008332600994769107,0.001013451417395765,0.00018019131791885423,5.011435910590469e-5,21.624858556406522,28.811528674190974,15.037650000002271
358.00000000000125,3.767127396789608,3.7855832135499163,0.018455816760308164,0.00827824680432259,0.489917510515743,0.21228580352729162,0.8109649258201513,0.8093579740386315,0.8554432111570707,0.8674783641006958,-0.0016069517815198164,0.0004782413234142644,-0.1981530557433987,0.05983579227568604,0.0017783242137844797,0.002218681029436536,0.00044035681565205613,0.00012526121357467443,24.76245963692559,70.97571353421924,0.0008823336068050329,0.0010473734975466249,0.000165039890741592,5.011435910590469e-5,18.704930818537942,28.811528674190974,16.855200000006388
359.00000000000125,3.711711578282528,3.7396115233431075,0.02789994506057969,0.00827824680432259,0.7516733041388273,0.21228580352729162,0.8089859535643896,0.8073636666949022,0.8542629692763308,0.8668201656064398,-0.0016222868694873993,0.0004782413234142644,-0.20053337914454614,0.05983579227568604,0.0019158802550026956,0.002379282898055489,0.0004634026430527932,0.00012526121357467443,24.187453356897883,70.97571353421924,0.0009361503900761574,0.0010929287446703666,0.00015677835459420913,5.011435910590469e-5,16.74713339396835,28.811528674190974,21.961799999986862
360.00000000000125,3.813215349759576,3.820487180308769,0.007271830549193226,0.00827824680432259,0.19070075729270616,0.21228580352729162,0.80564212974707,0.8039719439260188,0.8526165619374461,0.8660877935575025,-0.0016701858210511622,0.0004782413234142644,-0.20731113224869638,0.05983579227568604,0.0022503366589585877,0.002786764580028689,0.0005364279210701012,0.00012526121357467443,23.83767419575121,70.97571353421924,0.001016425053698437,0.0011833886458934807,0.00016696359219504366,5.011435910590469e-5,16.42655221725576,28.811528674190974,11.456550000000409
361.00000000000125,3.8030785995158767,3.811989358761857,0.008910759245980504,0.00827824680432259,0.23430384129096948,0.21228580352729162,0.8043806985471023,0.802729489622005,0.8518819022797663,0.8657543641807108,-0.0016512089250972917,0.0004782413234142644,-0.20527704457351564,0.05983579227568604,0.002307685330688675,0.002834459904146945,0.0005267745734582698,0.00012526121357467443,22.82696719751935,70.97571353421924,0.0010655336757101732,0.0012318147079696331,0.00016628103225945997,5.011435910590469e-5,15.605422526757257,28.811528674190974,11.7823499999962
362.0000000000013,3.841112439462186,3.8473030708432208,0.006190631381034706,0.00827824680432259,0.1611676689657512,0.21228580352729162,0.8052228363518238,0.803671320652558,0.8519736997183108,0.8656924825704496,-0.0015515156992658152,0.0004782413234142644,-0.19268153226939974,0.05983579227568604,0.0020787868849184974,0.0025084401302748974,0.0004296532453564,0.00012526121357467443,20.66846045996896,70.97571353421924,0.001066427862429607,0.0012091262145162958,0.00014269835208668893,5.011435910590469e-5,13.380966225093186,28.811528674190974,8.744850000003176
363.0000000000013,3.807880492724224,3.8211498702150313,0.013269377490807255,0.00827824680432259,0.3484714795057581,0.21228580352729162,0.8055975106658423,0.8041047292167511,0.8519528128516815,0.8655997087757583,-0.0014927814490911517,0.0004782413234142644,-0.18530114968420625,0.05983579227568604,0.0019452248629692934,0.002320710664018604,0.0003754858010493107,0.00012526121357467443,19.302950943992634,70.97571353421924,0.0010598893201266832,0.001178747525934356,0.00011885820580767267,5.011435910590469e-5,11.214209215115607,28.811528674190974,11.173500000001873
364.0000000000013,3.7894121423961513,3.806861713434973,0.01744957103882161,0.00827824680432259,0.4604822696268598,0.21228580352729162,0.8055449526469083,0.8040803860941552,0.8517445351042587,0.865357172965569,-0.001464566552753066,0.0004782413234142644,-0.18181065475498354,0.05983579227568604,0.0018730727644774888,0.0022185833120758006,0.0003455105475983118,0.00012526121357467443,18.446189285908236,70.97571353421924,0.00105596411419996,0.001156182887808803,0.00010021877360884301,5.011435910590469e-5,9.490736688980448,28.811528674190974,12.605400000002001
365.0000000000013,3.7688739865257825,3.7893233681426346,0.020449381616852058,0.00827824680432259,0.5425859736876657,0.21228580352729162,0.8043592145996029,0.8029163527983463,0.8509718472645886,0.8647802121757099,-0.001442861801256634,0.0004782413234142644,-0.1793802787445989,0.05983579227568604,0.00192973524709944,0.0022635238708675347,0.0003337886237680947,0.00012526121357467443,17.297120124110705,70.97571353421924,0.001072431926308195,0.001165271385026484,9.283945871828899e-5,5.011435910590469e-5,8.656909258369918,28.811528674190974,14.136749999987805
366.0000000000013,3.8961728514370697,3.8971915204245597,0.0010186689874900345,0.00827824680432259,0.02614537461073646,0.21228580352729162,0.8027758813989647,0.8013531840231506,0.8500492955084229,0.8641414211153496,-0.0014226973758141304,0.0004782413234142644,-0.17722223708749868,0.05983579227568604,0.002035369096698099,0.002362940754426692,0.00032757165772859297,0.00012526121357467443,16.093968325450152,70.97571353421924,0.0011021221919616314,0.0011962537556826777,9.413156372104631e-5,5.011435910590469e-5,8.540937149038312,28.811528674190974,4.8091500000031875
367.0000000000013,3.854297417050953,3.8622932963131715,0.007995879262218342,0.00827824680432259,0.20745361338348006,0.21228580352729162,0.8032980185372148,0.8018924430166187,0.8502955532457641,0.8642660205837841,-0.0014055755205961695,0.0004782413234142644,-0.17497559911272864,0.05983579227568604,0.0019253997005342226,0.002226849056033886,0.0003014493554996632,0.00012526121357467443,15.656455925282572,70.97571353421924,0.0010963737578064312,0.0011828754148601548,8.650165705372361e-5,5.011435910590469e-5,7.889796379912606,28.811528674190974,7.247249999993733
368.0000000000013,3.948206139620814,3.948203203564352,-2.936056461955161e-6,0.00827824680432259,-7.436431528970623e-5,0.21228580352729162,0.8046965195961218,0.8033118002984297,0.8509401352324532,0.8645938492071631,-0.0013847192976920164,0.0004782413234142644,-0.17207969265071618,0.05983579227568604,0.0017196682216053158,0.001984631143347852,0.0002649629217425361,0.00012526121357467443,15.407793108788878,70.97571353421924,0.0010636597666899312,0.0011337156615905011,7.005589490056995e-5,5.011435910590469e-5,6.586306739661804,28.811528674190974,2.4536699999968796
369.0000000000013,4.0217384974550034,4.018336469163557,-0.003402028291446868,0.00827824680432259,-0.08459098704701228,0.21228580352729162,0.8057240686097261,0.8043552221317787,0.8514928468765691,0.8649133120680476,-0.0013688464779474385,0.0004782413234142644,-0.16989023057352354,0.05983579227568604,0.0015802311043853475,0.0018203377926008083,0.00024010668821546088,0.00012526121357467443,15.194403372337975,70.97571353421924,0.0010276817261992163,0.0010816470331292515,5.396530693003521e-5,5.011435910590469e-5,5.251169263232965,28.811528674190974,0.06712200000777527
370.0000000000013,3.8834028063669765,3.8949771099711565,0.011574303604179992,0.00827824680432259,0.29804540454066497,0.21228580352729162,0.8078006747078206,0.8064356639924491,0.8528818131056213,0.8659270391851936,-0.0013650107153714286,0.0004782413234142644,-0.16897865502094925,0.05983579227568604,0.00138091689916924,0.0015982205163945333,0.0002173036172252933,0.00012526121357467443,15.736183499240482,70.97571353421924,0.0009682718396277329,0.001002279471446956,3.4007631819222986e-5,5.011435910590469e-5,3.5121987883379675,28.811528674190974,6.014250000009657
371.00000000000136,3.7853794995165404,3.811352672978325,0.025973173461784516,0.00827824680432259,0.6861445058573848,0.21228580352729162,0.8081714311205733,0.8068180402548333,0.8530645291651234,0.8659576122660417,-0.001353390865740045,0.0004782413234142644,-0.16746333928972168,0.05983579227568604,0.0013203249889531797,0.0015209347504030102,0.00020060976144983052,0.00012526121357467443,15.193968388713456,70.97571353421924,0.000933579797732903,0.0009569793778918096,2.3399580158906604e-5,5.011435910590469e-5,2.5064360021210765,28.811528674190974,13.400999999995317
372.00000000000136,3.824838096133078,3.8421361182818656,0.017298022148787506,0.00827824680432259,0.4522550161345615,0.21228580352729162,0.805604838154924,0.8042626738402637,0.8514153350349984,0.8645302930544547,-0.0013421643146602769,0.0004782413234142644,-0.16660330860651662,0.05983579227568604,0.001521922228607547,0.0017227687011821247,0.00020084647257457774,0.00012526121357467443,13.196894611253448,70.97571353421924,0.0009611228117042995,0.0009966146736654828,3.549186196118333e-5,5.011435910590469e-5,3.692749930495127,28.811528674190974,9.969299999991623
373.00000000000136,3.91996223764057,3.9232461181299034,0.0032838804893335904,0.00827824680432259,0.08377326847184534,0.21228580352729162,0.8034207815914379,0.8020870946876165,0.8500721948102153,0.8633989289446875,-0.0013336869038214072,0.0004782413234142644,-0.16600104632339777,0.05983579227568604,0.0016851830437977684,0.0018860358082688781,0.00020085276447110974,0.00012526121357467443,11.918750619426078,70.97571353421924,0.0010014918592987948,0.001054160176399425,5.2668317100630115e-5,5.011435910590469e-5,5.258986042832779,28.811528674190974,3.827925
374.00000000000136,3.9199128153606124,3.9247593428509937,0.0048465274903812805,0.00827824680432259,0.12363865521165741,0.21228580352729162,0.8041086653512561,0.8027832053124858,0.8503694809137005,0.8635595912365354,-0.0013254600387703208,0.0004782413234142644,-0.16483593522665552,0.05983579227568604,0.001563819357885308,0.0017489040355976356,0.00018508467771232774,0.00012526121357467443,11.83542566979159,70.97571353421924,0.0009953763174095462,0.0010473323844236808,5.1956067014134613e-5,5.011435910590469e-5,5.219741127591783,28.811528674190974,3.827925
375.00000000000136,3.922067223043747,3.928844479181937,0.006777256138189802,0.00827824680432259,0.1727980616540852,0.21228580352729162,0.805442618361163,0.8041245729176051,0.8510956313760635,0.8640698841169823,-0.001318045443557958,0.0004782413234142644,-0.1636423766897001,0.05983579227568604,0.0013987498153879778,0.0015675016439951719,0.00016875182860719411,0.00012526121357467443,12.064475487375606,70.97571353421924,0.0009646315624203904,0.0010058337035350668,4.1202141114676425e-5,5.011435910590469e-5,4.271282707285122,28.811528674190974,3.827925
376.00000000000136,3.923868177223871,3.931538486058045,0.0076703088341743,0.00827824680432259,0.19547824972043348,0.21228580352729162,0.8059989633119767,0.8046893973556623,0.85135970666463,0.864197134689705,-0.0013095659563144846,0.0004782413234142644,-0.162477374776423,0.05983579227568604,0.0013138266433868194,0.0014700635959527468,0.00015623695256592731,0.00012526121357467443,11.891747922174519,70.97571353421924,0.0009390127423115218,0.0009703706068649326,3.135786455341072e-5,5.011435910590469e-5,3.3394503759574756,28.811528674190974,3.827925
377.00000000000136,3.925386300700515,3.933599671593382,0.008213370892866667,0.00827824680432259,0.2092372638942804,0.21228580352729162,0.8063134869024208,0.805010494872271,0.8514872519043539,0.8642071783178179,-0.0013029920301497189,0.0004782413234142644,-0.16159868975469657,0.05983579227568604,0.0012552931860895587,0.001400975645395025,0.00014568245930546633,0.00012526121357467443,11.605452887009667,70.97571353421924,0.0009177038887432666,0.0009417049119059627,2.4001023162696102e-5,5.011435910590469e-5,2.615334146133333,28.811528674190974,3.82792500000171
378.00000000000136,3.9024486163477,3.91349240007957,0.011043783731869983,0.00827824680432259,0.28299626254159,0.21228580352729162,0.8065107844600785,0.8052136741463447,0.8515494554145614,0.86416564619098,-0.001297110313733807,0.0004782413234142644,-0.1608298783756701,0.05983579227568604,0.001209635013910451,0.001345939984641556,0.00013630497073110494,0.00012526121357467443,11.26827259161957,70.97571353421924,0.0008997430706532554,0.0009188707571363915,1.9127686483136038e-5,5.011435910590469e-5,2.1259053953311855,28.811528674190974,5.08140000000347
379.00000000000136,3.8614376943507644,3.8773711575974077,0.015933463246643242,0.00827824680432259,0.4126303337731877,0.21228580352729162,0.8063611467871578,0.8050707356183175,0.8513824977407148,0.8639250803167806,-0.001290411168840211,0.0004782413234142644,-0.1600289366596702,0.05983579227568604,0.0011931603713154237,0.0013209052808807677,0.000127744909565344,0.00012526121357467443,10.706432482710522,70.97571353421924,0.0008895472420351183,0.0009070280238843901,1.7480781849271796e-5,5.011435910590469e-5,1.965132487992321,28.811528674190974,7.624349999996632
380.0000000000014,3.9009414764976764,3.911351352003333,0.01040987550565653,0.00827824680432259,0.26685546472239496,0.21228580352729162,0.805448345112981,0.8041668287624076,0.8507376051263803,0.8632716287739737,-0.0012815163505733862,0.0004782413234142644,-0.1591059635728256,0.05983579227568604,0.0012417138305472722,0.0013621314027750335,0.00012041757222776132,0.00012526121357467443,9.697691147942562,70.97571353421924,0.000896293626137457,0.0009176656549040886,2.1372028766631517e-5,5.011435910590469e-5,2.384489651983073,28.811528674190974,5.1556499999964185
381.0000000000014,3.9523210159122706,3.9574425384185363,0.005121522506265741,0.00827824680432259,0.12958265499300786,0.21228580352729162,0.8048992925240471,0.8036240709907227,0.8503340723706712,0.8628428712204421,-0.0012752215333243777,0.0004782413234142644,-0.15843243312159816,0.05983579227568604,0.0012574758820725245,0.0013715917257882254,0.00011411584371570096,0.00012526121357467443,9.074992637442836,70.97571353421924,0.000902190014475115,0.0009272070062272635,2.5016991752148496e-5,5.011435910590469e-5,2.7729182711807256,28.811528674190974,2.635874999995187
382.0000000000014,4.055966216382233,4.055545540734914,-0.0004206756473186246,0.00827824680432259,-0.010371773946723138,0.21228580352729162,0.8055579966501955,0.8042842211200842,0.850733719419733,0.8631394188929188,-0.0012737755301112097,0.0004782413234142644,-0.1581233797452243,0.05983579227568604,0.001174932956031688,0.00128321544401262,0.00010828248798093205,0.00012526121357467443,9.216056748178547,70.97571353421924,0.0008865767453609247,0.0009084249097031707,2.184816434224596e-5,5.011435910590469e-5,2.4643286051171565,28.811528674190974,-0.7509150000060446
383.0000000000014,4.163814821239189,4.1557110942514655,-0.008103726987723547,0.00827824680432259,-0.19462265580081212,0.21228580352729162,0.807045988062028,0.8057723390074928,0.8518672016609676,0.8641317518574807,-0.0012736490545351975,0.0004782413234142644,-0.15781616826986905,0.05983579227568604,0.001051197076090324,0.0011534137491603837,0.00010221667307005978,0.00012526121357467443,9.723835367791379,70.97571353421924,0.0008489270098162885,0.0008608800647838565,1.1953054967568026e-5,5.011435910590469e-5,1.408019161759822,28.811528674190974,-5.004450000001023
384.0000000000014,4.18269626630272,4.175302607204871,-0.007393659097849614,0.00827824680432259,-0.17676777435205002,0.21228580352729162,0.8094691573379861,0.8082022369225901,0.8539702820169602,0.8660706571650106,-0.001266920415396,0.0004782413234142644,-0.15651250006391654,0.05983579227568604,0.0008984477152023671,0.000988999840681005,9.055212547863793e-5,0.00012526121357467443,10.07873067585707,70.97571353421924,0.0007852720369708157,0.0007792472400842437,-6.024796886572011e-6,5.011435910590469e-5,-0.767224172378867,28.811528674190974,-5.723549999995249
385.0000000000014,4.119411698276424,4.121487731028842,0.0020760327524182998,0.00827824680432259,0.05039634065434438,0.21228580352729162,0.8119832620735502,0.8107291845301957,0.8562272509392009,0.8681460136449636,-0.0012540775433544926,0.0004782413234142644,-0.15444623084372114,0.05983579227568604,0.0007550243238824779,0.000829250218460747,7.422589457826913e-5,0.00012526121357467443,9.830927591390108,70.97571353421924,0.000710596438083086,0.0006836312706089948,-2.6965167474091232e-5,5.011435910590469e-5,-3.7947231408635833,28.811528674190974,-2.379915000016445
386.0000000000014,4.308482660922382,4.287070801301078,-0.02141185962130443,0.00827824680432259,-0.49696984545182005,0.21228580352729162,0.8131152862220159,0.811866167717076,0.8572039929736246,0.8689705331577289,-0.0012491185049399167,0.0004782413234142644,-0.1536213285011165,0.05983579227568604,0.0006835740778687421,0.0007490223608394282,6.544828297068612e-5,0.00012526121357467443,9.574424351306854,70.97571353421924,0.0006578816146838809,0.0006190838515110085,-3.8797763172872366e-5,5.011435910590469e-5,-5.897377629486591,28.811528674190974,-13.952250000001767
387.0000000000014,4.329171449545004,4.30793848914918,-0.021232960395824563,0.00827824680432259,-0.49046245091670243,0.21228580352729162,0.8159835282907187,0.814771354527191,0.8594641424098299,0.8708562183391249,-0.0012121737635277796,0.0004782413234142644,-0.14855370500762194,0.05983579227568604,0.00048823409045141783,0.0005133427097039853,2.5108619252567496e-5,0.00012526121357467443,5.142741923111563,70.97571353421924,0.0005782970280878177,0.0005150645263410022,-6.323250174681552e-5,5.011435910590469e-5,-10.934260194263578,28.811528674190974,-15.196500000006392
388.0000000000014,4.385053114192485,4.359701442314326,-0.02535167187815901,0.00827824680432259,-0.5781383079741228,0.21228580352729162,0.8207249578936896,0.8195859424828291,0.8632075959943629,0.8739498071241256,-0.0011390154108604778,0.0004782413234142644,-0.13878162226035498,0.05983579227568604,0.00017112446764280272,0.00012113127581588584,-4.999319182691688e-5,0.00012526121357467443,-29.21452000147071,70.97571353421924,0.0004566896996900292,0.00034997457048251016,-0.00010671512920751904,5.011435910590469e-5,-23.36709789600033,28.811528674190974,-19.694249999992014
389.0000000000015,4.334969768370685,4.323551798040487,-0.011417970330198202,0.00827824680432259,-0.2633921558924663,0.21228580352729162,0.825174550847649,0.8241472958736417,0.8664597645968201,0.8762439206066736,-0.0010272549740073522,0.0004782413234142644,-0.12448941535486266,0.05983579227568604,-0.00017080601862572953,-0.00033517476884291814,0.0001643687502171886,0.00012526121357467443,-96.23124029215488,70.97571353421924,0.0003285001456311682,0.00016897129631542252,-0.0001595288493157457,5.011435910590469e-5,-48.56279409229264,28.811528674190974,-14.075549999997724
390.0000000000015,4.32413218833134,4.317092998445677,-0.007039189885663433,0.00827824680432259,-0.1627884990347582,0.21228580352729162,0.8282360488035662,0.8272947144333657,0.8688557588043027,0.877774334759566,-0.0009413343702004973,0.0004782413234142644,-0.11365532465778422,0.05983579227568604,-0.0003853381665202711,-0.0006368194031201998,0.00025148123659992874,0.00012526121357467443,-65.2624781165297,70.97571353421924,0.00022321602306693152,2.135958231055582e-5,-0.0002018564407563757,5.011435910590469e-5,-90.43098160379323,28.811528674190974,-12.53564999999833
391.0000000000015,4.314873088988537,4.308686284642991,-0.006186804345546193,0.00827824680432259,-0.14338322861302188,0.21228580352729162,0.829323509278385,0.8283986510319118,0.8700920930947755,0.878542257540631,-0.0009248582464732591,0.0004782413234142644,-0.11151959833840973,0.05983579227568604,-0.0004052959506785915,-0.0006742998689016618,0.00026900391822307036,0.00012526121357467443,-66.37221955281667,70.97571353421924,0.00016065029297512363,-5.869512736972704e-5,-0.00010195516560539659,5.011435910590469e-5,-63.46403963370558,28.811528674190974,-11.406149999998547
392.0000000000015,4.30620245231372,4.300817783764758,-0.005384668548961358,0.00827824680432259,-0.125044481967358,0.21228580352729162,0.8302968532887005,0.8293810706136596,0.8711260009102749,0.8791944346595176,-0.0009157826750408882,0.0004782413234142644,-0.1102958142516847,0.05983579227568604,-0.0004342025368674355,-0.0007139284423272742,0.00027972590545983865,0.00012526121357467443,-64.4229090594283,70.97571353421924,0.00011316251204051735,-0.0001162524015119689,3.089889471451541e-6,5.011435910590469e-5,2.7304885829551213,28.811528674190974,-10.422899999994996
393.0000000000015,4.2621767350906135,4.262184869810427,8.13471981331304e-6,0.00827824680432259,0.00019085834114619598,0.21228580352729162,0.8311009633107493,0.8301866876328617,0.8719369538939123,0.8797490505757559,-0.0009142756778875993,0.0004782413234142644,-0.11000777501755234,0.05983579227568604,-0.0004586637504180942,-0.0007382816111080285,0.00027961786068993427,0.00012526121357467443,-60.96358398392048,70.97571353421924,7.570895539774163e-5,-0.00015773193021173694,8.202297481399531e-5,5.011435910590469e-5,108.33985805653055,28.811528674190974,-7.037550000000623
394.0000000000015,4.270760469590222,4.26812503647037,-0.0026354331198517045,0.00827824680432259,-0.06170875511790464,0.21228580352729162,0.8311871735893185,0.830258854183448,0.8721197689649494,0.8798917140616617,-0.0009283194058704591,0.0004782413234142644,-0.11168596380785019,0.05983579227568604,-0.00043062833844460346,-0.0006904134569604036,0.00025978511851580015,0.00012526121357467443,-60.32699089291803,70.97571353421924,5.5423429789046774e-5,-0.00017349959623857276,0.00011807616644952598,5.011435910590469e-5,213.04377390383218,28.811528674190974,-7.458749999996431
395.0000000000015,4.233043025037079,4.233361773430268,0.0003187483931883506,0.00827824680432259,0.007530005986309541,0.21228580352729162,0.8311029741403747,0.8301557391469618,0.8721143905479862,0.8799312323509577,-0.000947234993412871,0.0004782413234142644,-0.11397324072779476,0.05983579227568604,-0.00039494170690636255,-0.0006299973834045026,0.00023505567649814002,0.00012526121357467443,-59.51654950280291,70.97571353421924,4.500948287053439e-5,-0.00017437686926456177,0.00012936738639402737,5.011435910590469e-5,287.4225121984642,28.811528674190974,-5.0431499999964196
396.0000000000015,4.18352950880244,4.187097321402996,0.003567812600556053,0.00827824680432259,0.08528235770894227,0.21228580352729162,0.8310066678656663,0.8300436283488813,0.8720308423417981,0.8799155026717836,-0.0009630395167850025,0.0004782413234142644,-0.11588830198660688,0.05983579227568604,-0.00036667147505668344,-0.0005802174234702175,0.00021354594841353406,0.00012526121357467443,-58.23904037818109,70.97571353421924,3.97622405582546e-5,-0.00016823196905965115,0.00012846972850139656,5.011435910590469e-5,323.09479218903414,28.811528674190974,-2.6206199999966207
397.00000000000153,4.111040604085587,4.1169190557855995,0.005878451700012555,0.00827824680432259,0.14299181803678854,0.21228580352729162,0.8301812448247727,0.8291961155886124,0.8712833257760544,0.8793785031521671,-0.0009851292361603425,0.0004782413234142644,-0.11866435700655642,0.05983579227568604,-0.00029225692356720526,-0.00047477633162309156,0.0001825194080558863,0.00012526121357467443,-62.451696893304046,70.97571353421924,4.9768489024777414e-5,-0.00014211543390129305,9.234694487651564e-5,5.011435910590469e-5,185.5530410628709,28.811528674190974,-0.3338999999992776
398.00000000000153,4.09207417903672,4.096735052456861,0.004660873420140987,0.00827824680432259,0.1139000227321921,0.21228580352729162,0.8289298966571755,0.8279231566648894,0.8701078953547915,0.8784447482629789,-0.0010067399922861764,0.0004782413234142644,-0.12145055888876193,0.05983579227568604,-0.00020101206868346032,-0.00035355847024849804,0.00015254640156503772,0.00012526121357467443,-75.88917549286907,70.97571353421924,7.282188977555345e-5,-9.970654948508095e-5,2.6884659709527507e-5,5.011435910590469e-5,36.91837686771042,28.811528674190974,0.136764
399.00000000000153,4.091251545764625,4.09430437347476,0.003052827710134487,0.00827824680432259,0.07461843096142198,0.21228580352729162,0.8277454059068181,0.8267212089141681,0.8689783215819011,0.8775093230436535,-0.001024196992649995,0.0004782413234142644,-0.1237333345907198,0.05983579227568604,-0.0001223942043671662,-0.0002514627164216554,0.00012906851205448917,0.00012526121357467443,-105.45312396271717,70.97571353421924,0.0001008217577740327,-5.184873969244195e-5,-4.897301808159074e-5,5.011435910590469e-5,-48.57385862221504,28.811528674190974,0.136764
400.00000000000153,4.09051547418051,4.092541530084672,0.0020260559041620496,0.00827824680432259,0.0495305766950545,0.21228580352729162,0.8269656812949253,0.8259286465930207,0.8682257898583657,0.8768890564846699,-0.0010370347019046378,0.0004782413234142644,-0.12540238674484902,0.05983579227568604,-7.225093168376022e-5,-0.00018465182214346537,0.00011240089045970515,0.00012526121357467443,-155.57016060592807,70.97571353421924,0.00012558788449137478,-9.340330455757365e-6,-0.00011624755403561742,5.011435910590469e-5,-92.56271375731403,28.811528674190974,0.136764
401.00000000000153,4.089909235870681,4.091273848872428,0.0013646130017468394,0.00827824680432259,0.033365361504320366,0.21228580352729162,0.8264347952755767,0.8253879231506186,0.8677012685052847,0.8764663047947677,-0.0010468721249581314,0.0004782413234142644,-0.12667328758937954,0.05983579227568604,-3.9124260433143726e-5,-0.00013867950234565333,9.955524191250961e-5,0.00012526121357467443,-254.45910238388146,70.97571353421924,0.0001462515941080174,2.6631539588103707e-5,-0.0001196200545199137,5.011435910590469e-5,-81.7905987619975,28.811528674190974,0.136764
402.00000000000153,4.089401627825039,4.090304919708347,0.0009032918833087322,0.00827824680432259,0.022088607711274154,0.21228580352729162,0.8260328288996429,0.8249780458469138,0.8672946418246565,0.8761422284074092,-0.0010547830527291024,0.0004782413234142644,-0.12769263107062917,0.05983579227568604,-1.496254282437886e-5,-0.00010412529372448914,8.916275090011029e-5,0.00012526121357467443,-595.9064040561013,70.97571353421924,0.0001635529560344193,5.70439947387323e-5,-0.00010650896129568699,5.011435910590469e-5,-65.12200322033462,28.811528674190974,0.13676400000195396
403.00000000000153,4.043375311094094,4.046188482794055,0.0028131716999615364,0.00827824680432259,0.06957483497123898,0.21228580352729162,0.8257138717189898,0.8246525226477537,0.866964458680978,0.875880847476854,-0.0010613490712361173,0.0004782413234142644,-0.12853714919752732,0.05983579227568604,3.4406921210544583e-6,-7.70709079922559e-5,7.363021587120145e-5,0.00012526121357467443,2139.9826918729427,70.97571353421924,0.0001780648748042846,8.275057241856594e-5,-9.531430238571865e-5,5.011435910590469e-5,-53.527851852017925,28.811528674190974,1.4098950000060162
404.00000000000153,3.953673690119596,3.9628823641072866,0.009208673987690652,0.00827824680432259,0.23291436545973768,0.21228580352729162,0.8251785968258327,0.8241112724500762,0.8664516879857477,0.8754300317703866,-0.0010673243757565176,0.0004782413234142644,-0.12934465094733832,0.05983579227568604,3.3645189980895104e-5,-3.902961563200559e-5,5.384425651110483e-6,0.00012526121357467443,16.003552526135074,70.97571353421924,0.00019483530305041265,0.00011051268017760388,-8.432262287280876e-5,5.011435910590469e-5,-43.27892407208703,28.811528674190974,5.329800000006194
405.00000000000153,3.8924134057033286,3.9072678910144543,0.014854485311125654,0.00827824680432259,0.38162660958263667,0.21228580352729162,0.8236840238417736,0.822608905893825,0.8651997185147573,0.8742544334248779,-0.0010751179479486783,0.0004782413234142644,-0.1305255312509502,0.05983579227568604,0.0001267443577885692,6.363901578500632e-5,-6.310534200356288e-5,0.00012526121357467443,-49.78946842654183,70.97571353421924,0.00022787476184724207,0.0001593780022255114,-6.849675962173067e-5,5.011435910590469e-5,-30.0589495152816,28.811528674190974,9.365850000006207
406.0000000000016,3.841282982481928,3.860814556439506,0.019531573957578097,0.00827824680432259,0.508464855274952,0.21228580352729162,0.821027616179392,0.8199366239661683,0.8632006198444914,0.8724141296007356,-0.0010909922132237293,0.0004782413234142644,-0.1328813052964775,0.05983579227568604,0.0003125383443868457,0.0002676397405545885,-4.489860383225723e-5,0.00012526121357467443,-14.365790514550044,70.97571353421924,0.0002857412033277994,0.00024275660508427699,-4.2984598243522436e-5,5.011435910590469e-5,-15.0431921413206,28.811528674190974,13.409550000006453
407.0000000000016,3.7947413578087548,3.81844611483428,0.023704757025525325,0.00827824680432259,0.6246738523231913,0.21228580352729162,0.8175553066860375,0.8164280907325145,0.8608686919009048,0.8704357866845752,-0.001127215953522942,0.0004782413234142644,-0.13787641573658357,0.05983579227568604,0.0005880038345209427,0.0005832239542522597,-4.779880268683035e-6,0.00012526121357467443,-0.812899506442384,70.97571353421924,0.00036727342689181264,0.00036283902441719055,-4.4344024746220895e-6,5.011435910590469e-5,-1.20738451244618,28.811528674190974,17.46450000000648
408.0000000000016,3.750104697918801,3.777660414319029,0.027555716400228025,0.00827824680432259,0.7347985888372836,0.21228580352729162,0.8133924291513379,0.8121910535293058,0.8583676179788364,0.8685924123065087,-0.0012013756220321525,0.0004782413234142644,-0.14769938580392508,0.05983579227568604,0.000959268617742677,0.0010340537095928067,7.478509185012967e-5,0.00012526121357467443,7.7960532083403065,70.97571353421924,0.0004717745091970512,0.0005222742464009881,5.049973720393691e-5,5.011435910590469e-5,10.704210638655793,28.811528674190974,21.53520000000651
409.0000000000016,3.705443946226147,3.7366318530652496,0.031187906839102553,0.00827824680432259,0.8416780092130727,0.21228580352729162,0.8085915306885029,0.807263614677775,0.8557824331603571,0.8670480306269948,-0.001327916010727903,0.0004782413234142644,-0.16422581245653212,0.05983579227568604,0.0014359303537567977,0.0016449630445542814,0.00020903269079748372,0.00012526121357467443,14.55730009819734,70.97571353421924,0.000598747732770589,0.0007203819764060022,0.0001216342436354133,5.011435910590469e-5,20.314773147043823,28.811528674190974,25.625699999996716
410.0000000000016,3.710365170295196,3.7343488752941383,0.0239837049989422,0.00827824680432259,0.6463974271576634,0.21228580352729162,0.8031785947460299,0.8016960817782627,0.8531687301684033,0.8658922380700201,-0.0014825129677672466,0.0004782413234142644,-0.1845807367707585,0.05983579227568604,0.0020281324887331934,0.002416697778694589,0.0003885652899613956,0.00012526121357467443,19.158772522011134,70.97571353421924,0.0007470887280457345,0.0009477303747741104,0.00020064164672837592,5.011435910590469e-5,26.856468207360408,28.811528674190974,23.56334999997472
411.0000000000016,3.871607972284091,3.8644249825827703,-0.007182989701320697,0.00827824680432259,-0.18552988197002357,0.21228580352729162,0.7986854182617804,0.7972030690416769,0.8509827397285404,0.8651057680349555,-0.001482349220103485,0.0004782413234142644,-0.18559863323028944,0.05983579227568604,0.0024824049724821665,0.002939872373135559,0.00045746740065339244,0.00012526121357467443,18.42839527492442,70.97571353421924,0.0008856408270099255,0.001135246548058309,0.0002496057210483834,5.011435910590469e-5,28.183628558666936,28.811528674190974,7.678350000019641
412.0000000000016,3.7231200582017228,3.7433156876961737,0.020195629494450973,0.00827824680432259,0.5424383092337215,0.21228580352729162,0.7991446587186444,0.7977830793175168,0.85088689882888,0.8651394628123337,-0.0013615794011275772,0.0004782413234142644,-0.1703795910130646,0.05983579227568604,0.002276369697486481,0.0026289298694645437,0.00035256017197806246,0.00012526121357467443,15.487825741458073,70.97571353421924,0.0009302174801657515,0.0011607479134942025,0.0002305304333284511,5.011435910590469e-5,24.78242327669158,28.811528674190974,20.01869999999588
413.0000000000016,3.7442507119378825,3.7629609493123666,0.018710237374484073,0.00827824680432259,0.4997057839858262,0.21228580352729162,0.7989773200600149,0.7977383806859166,0.8504590769448743,0.8649186563971955,-0.0012389393740982468,0.0004782413234142644,-0.1550656499242287,0.05983579227568604,0.002151248599023571,0.002407440146925007,0.00025619154790143626,0.00012526121357467443,11.9089698892875,70.97571353421924,0.000957011443338024,0.0011496127660666215,0.00019260132272859757,5.011435910590469e-5,20.125289417314654,28.811528674190974,17.430299999993156
414.0000000000016,3.7824484014368895,3.7926031809196807,0.010154779482791199,0.00827824680432259,0.2684710643754867,0.21228580352729162,0.7959209761310103,0.7947826749960959,0.8487092235869999,0.8640111423126843,-0.0011383011349144212,0.0004782413234142644,-0.14301685331221303,0.05983579227568604,0.002384090120206846,0.0026075597973513865,0.00022346967714454054,0.00012526121357467443,9.37337373493046,70.97571353421924,0.0010260780751149335,0.0011994294775191045,0.00017335140240417094,5.011435910590469e-5,16.89456256871617,28.811528674190974,13.13279999998553
415.00000000000165,3.911452452381892,3.9049931091123797,-0.006459343269512363,0.00827824680432259,-0.16513925065301316,0.21228580352729162,0.7952747222821411,0.7941756320250404,0.8480597853937616,0.8635546707888259,-0.0010990902571007544,0.0004782413234142644,-0.13820258915645856,0.05983579227568604,0.002319197014016547,0.002506369306087935,0.00018717229207138811,0.00012526121357467443,8.070564550582535,70.97571353421924,0.0010610989310678523,0.0012130874777601258,0.00015198854669227352,5.011435910590469e-5,14.32369237610273,28.811528674190974,4.041764999996574
416.00000000000165,3.960269567966049,3.953352972151176,-0.006916595814872917,0.00827824680432259,-0.17464962160202657,0.21228580352729162,0.7971584991355176,0.7960629809017726,0.8488510898407701,0.8639509508698856,-0.0010955182337449854,0.0004782413234142644,-0.13742790611064493,0.05983579227568604,0.00201910124784613,0.002171468186610583,0.00015236693876445303,0.00012526121357467443,7.54627530080475,70.97571353421924,0.0010389358949623314,0.001160297015574649,0.00012136112061231761,5.011435910590469e-5,11.681290559001987,28.811528674190974,1.9637549999966966
417.00000000000165,4.026884357765055,4.020467743485087,-0.00641661427996798,0.00827824680432259,-0.15934438910804083,0.21228580352729162,0.8000603704827838,0.7989477551342641,0.8504197094757215,0.86488232526785,-0.0011126153485196966,0.0004782413234142644,-0.13906642418100357,0.05983579227568604,0.0016775601836648347,0.001810278844972852,0.00013271866130801723,0.00012526121357467443,7.911409831990476,70.97571353421924,0.0009771349544545993,0.0010625179781320558,8.538302367745655e-5,5.011435910590469e-5,8.738099408705956,28.811528674190974,-0.040175550001172074
418.00000000000165,4.055926565798202,4.051381983747609,-0.004544582050593604,0.00827824680432259,-0.11204793718199962,0.21228580352729162,0.8023070997840204,0.8011894674399244,0.8517973268859262,0.8658158652907074,-0.001117632344096009,0.0004782413234142644,-0.1393023125928804,0.05983579227568604,0.0014443083218483232,0.0015620053499219087,0.0001176970280735855,0.00012526121357467443,8.149023743279772,70.97571353421924,0.0009106131105133998,0.0009639854679319478,5.337235741854809e-5,5.011435910590469e-5,5.86114528797603,28.811528674190974,-0.7511850000011386
419.00000000000165,4.08302650191647,4.07954345479957,-0.003483047116900728,0.00827824680432259,-0.08530552312765723,0.21228580352729162,0.804218361680664,0.8030991354396083,0.8530646402442602,0.866750018516139,-0.0011192262410556486,0.0004782413234142644,-0.1391694463076767,0.05983579227568604,0.001264783134332462,0.001369477958777909,0.00010469482444544704,0.00012526121357467443,8.277689795468673,70.97571353421924,0.0008452317541351778,0.0008727424703596265,2.7510716224448685e-5,5.011435910590469e-5,3.2548133798637315,28.811528674190974,-1.4419350000033222
420.00000000000165,4.139594039209468,4.13362742462272,-0.00596661458674852,0.00827824680432259,-0.14413525892234483,0.21228580352729162,0.8057844071181879,0.8046671139885528,0.8541389419564914,0.8675768300767399,-0.0011172931296350441,0.0004782413234142644,-0.13865906559683103,0.05983579227568604,0.0011248630254149664,0.0012174449362237932,9.25819108088268e-5,0.00012526121357467443,8.230505289714984,70.97571353421924,0.0007855231137197612,0.000794031122962647,8.508009242885707e-6,5.011435910590469e-5,1.0831010691202876,28.811528674190974,-3.4572600000226434
421.00000000000165,4.336671314021264,4.306176758630217,-0.03049455539104695,0.00827824680432259,-0.7031788480822235,0.21228580352729162,0.8074987958074324,0.8063886865775703,0.8554076821078642,0.8686430868180335,-0.0011101092298620996,0.0004782413234142644,-0.13747503223854118,0.05983579227568604,0.000991340579484064,0.0010699764762830337,7.863589679896958e-5,0.00012526121357467443,7.932278616083188,70.97571353421924,0.0007245782334714458,0.0007172147197297226,-7.36351374172313e-6,5.011435910590469e-5,-1.0162482671394395,28.811528674190974,-17.193149999999445
422.00000000000165,4.343246354990642,4.3178109868888095,-0.025435368101832445,0.00827824680432259,-0.5856303332323236,0.21228580352729162,0.8121815035552775,0.8111625684816148,0.8585572314784844,0.8713903764187522,-0.0010189350736626857,0.0004782413234142644,-0.12545657210886438,0.05983579227568604,0.0006290132459847214,0.0006301468355509664,1.1335895662449493e-6,0.00012526121357467443,0.18021712157592368,70.97571353421924,0.0006056301558011995,0.0005522684772837756,-5.336167851742392e-5,5.011435910590469e-5,-8.810934859548194,28.811528674190974,-16.857449999996103
423.00000000000165,4.330053295732576,4.3141367055365185,-0.01591659019605718,0.00827824680432259,-0.36758416372711983,0.21228580352729162,0.8180275119710353,0.8171379288795958,0.8624193639748208,0.8746140031923345,-0.0008895830914394942,0.0004782413234142644,-0.10874733165099129,0.05983579227568604,0.0001777943033204237,6.957420763473117e-5,-0.00010822009568569254,0.00012526121357467443,-60.86814575304844,70.97571353421924,0.0004485048436752115,0.0003300770002844331,-0.00011842784339077844,5.011435910590469e-5,-26.4050310851356,28.811528674190974,-14.494499999996076
424.0000000000017,4.3112402872342095,4.301556607750692,-0.009683679483517338,0.00827824680432259,-0.2246147010685343,0.21228580352729162,0.8213382929234507,0.8205099629803685,0.8648367175595989,0.8763876795106871,-0.00082832994308224,0.0004782413234142644,-0.10085125096674884,0.05983579227568604,-5.044838482299045e-5,-0.00022052836258121082,0.00017007997775822037,0.00012526121357467443,-337.1366166726336,70.97571353421924,0.0003295139988999586,0.00017066889350130407,-0.00015884510539865453,5.011435910590469e-5,-48.20587469088995,28.811528674190974,-12.114449999995916
425.0000000000017,4.287106595960197,4.281899708899184,-0.005206887061013354,0.00827824680432259,-0.12145457418576622,0.21228580352729162,0.8231518180673933,0.8223453605623726,0.8664071760469843,0.8774168437503952,-0.0008064575050207301,0.0004782413234142644,-0.09797190352007502,0.05983579227568604,-0.00014681974669848206,-0.0003472366849471958,0.00020041693824871375,0.00012526121357467443,-136.50543796421482,70.97571353421924,0.00024824152600045387,6.958210671427346e-5,-0.0001786594192861804,5.011435910590469e-5,-71.9699971896941,28.811528674190974,-9.719549999995895
426.0000000000017,4.257469788477697,4.255908291269168,-0.0015614972085291612,0.00827824680432259,-0.036676648011811044,0.21228580352729162,0.8240685382852189,0.8232608685541475,0.8673584958731476,0.8780134995764025,-0.000807669731071381,0.0004782413234142644,-0.09801001901517054,0.05983579227568604,-0.00017453155449562654,-0.0003801268229183883,0.0002055952684227618,0.00012526121357467443,-117.79833682047085,70.97571353421924,0.00019474425043263928,8.245545115123301e-6,-0.00018649870531751598,5.011435910590469e-5,-95.76596223159082,28.811528674190974,-7.31249999999588
427.0000000000017,4.220498163901693,4.222129921267591,0.0016317573658977125,0.00827824680432259,0.03866267209530577,0.21228580352729162,0.8243169865662329,0.8234920652879082,0.8677658108211549,0.8782474131362964,-0.0008249212783246751,0.0004782413234142644,-0.10007330817735051,0.05983579227568604,-0.00015783691309065206,-0.0003498985508682782,0.00019206163777762614,0.00012526121357467443,-121.68359987331824,70.97571353421924,0.00016328376201417747,-2.2386628662256135e-5,-0.00014089713335192132,5.011435910590469e-5,-86.28973978422154,28.811528674190974,-4.896449999995868
428.0000000000017,4.170464571228323,4.175016642418193,0.004552071189869444,0.00827824680432259,0.1091502184498531,0.21228580352729162,0.8240207193345171,0.8231702850199768,0.8676679037872188,0.878122210690049,-0.0008504343145403492,0.0004782413234142644,-0.10320545279822137,0.05983579227568604,-0.00011104123957863487,-0.0002789522927121453,0.00016791105313351042,0.00012526121357467443,-151.21503845839425,70.97571353421924,0.0001503752965061524,-2.753731744890596e-5,-0.00012283797905724645,5.011435910590469e-5,-81.6876055517674,28.811528674190974,-2.473649999996197
429.0000000000017,4.099969052431388,4.106511099983279,0.006542047551890917,0.00827824680432259,0.15956333982597534,0.21228580352729162,0.8232595223914949,0.822381468747234,0.8670902957469677,0.8776220348985442,-0.0008780536442609677,0.0004782413234142644,-0.10665575318343123,0.05983579227568604,-4.4251031426255804e-5,-0.00018394027369898075,0.00013968924227272494,0.00012526121357467443,-315.6745453617654,70.97571353421924,0.00015359888212842398,-1.1082537236388178e-5,-0.0001425163448920358,5.011435910590469e-5,-92.78475397553866,28.811528674190974,-0.24358499999935138
430.0000000000017,4.0853135139854775,4.09049042803739,0.005176914051912895,0.00827824680432259,0.12672011668603847,0.21228580352729162,0.8221326134178669,0.8212294850232401,0.8661060290235881,0.8767607068220209,-0.0009031283946268065,0.0004782413234142644,-0.10985191195277053,0.05983579227568604,3.3192053286707075e-5,-7.996567682653548e-5,4.67736235398284e-5,0.00012526121357467443,140.91813825377457,70.97571353421924,0.00017044468034563588,2.3157343145618706e-5,-0.00014728733720001716,5.011435910590469e-5,-86.4135723692525,28.811528674190974,0.136764
431.0000000000017,4.084772801214195,4.088425001335409,0.0036522001212144772,0.00827824680432259,0.0894101165217528,0.21228580352729162,0.8211037252663834,0.8201811799865578,0.86516986950737,0.8759201094568903,-0.000922545279825604,0.0004782413234142644,-0.112354292330888,0.05983579227568604,9.631838119688234e-5,3.06995298103177e-6,-9.324842821585057e-5,0.00012526121357467443,-96.81270288922677,70.97571353421924,0.00019223300019282388,6.351377381880088e-5,-0.000128719226374023,5.011435910590469e-5,-66.96000491326053,28.811528674190974,0.136764
432.0000000000017,4.084287831017694,4.086996642753622,0.0027088117359275188,0.00827824680432259,0.06632274335211473,0.21228580352729162,0.8204770003688905,0.8195404927503432,0.8645894088617422,0.8753908416822381,-0.0009365076185472443,0.0004782413234142644,-0.11414184896422275,0.05983579227568604,0.0001319618213389598,5.2094839544684836e-5,-7.986698179427497e-5,0.00012526121357467443,-60.522794383935505,70.97571353421924,0.0002107890768215118,9.900564046537596e-5,-0.00011178343635613583,5.011435910590469e-5,-53.03094355823277,28.811528674190974,0.136764
433.00000000000176,4.083904175930459,4.0859910749282555,0.0020868989977964603,0.00827824680432259,0.051100586788890325,0.21228580352729162,0.8200767617261787,0.8191296797749209,0.8642059648280623,0.8750394019504922,-0.000947081951257811,0.0004782413234142644,-0.11548698798199077,0.05983579227568604,0.0001524060119479692,8.242254614629334e-5,-6.998346580167586e-5,0.00012526121357467443,-45.919097880185944,70.97571353421924,0.00022556398327778991,0.00012853266944507204,-9.703131383271787e-5,5.011435910590469e-5,-43.01720178137678,28.811528674190974,0.136764
434.00000000000176,4.083600036639292,4.085276354310265,0.001676317670972871,0.00827824680432259,0.041049996472045325,0.21228580352729162,0.8197913141765354,0.818835808620058,0.8639211248298639,0.8747761872985091,-0.0009555055564773873,0.0004782413234142644,-0.11655473044834272,0.05983579227568604,0.0001651202729954598,0.00010287068116063112,-6.224959183482868e-5,0.00012526121357467443,-37.69954512886514,70.97571353421924,0.0002373185702766174,0.00015283852957543095,-8.448004070118646e-5,5.011435910590469e-5,-35.597737085099126,28.811528674190974,0.136764
435.00000000000176,4.083360744171913,4.084741685386727,0.0013809412148138023,0.00827824680432259,0.03381874150562837,0.21228580352729162,0.8195772934868804,0.8186148499277935,0.8636978690432542,0.8745679817812437,-0.0009624435590868119,0.0004782413234142644,-0.1174317012849525,0.05983579227568604,0.00017311335653067377,0.00011712862173080996,-5.59847347998638e-5,0.00012526121357467443,-32.33992796502905,70.97571353421924,0.00024664312576672603,0.00017267962096000064,-7.396350480672539e-5,5.011435910590469e-5,-29.98806659492296,28.811528674190974,0.136764
436.00000000000176,4.08317469508907,4.084359455811584,0.0011847607225137224,0.00827824680432259,0.029015675570743072,0.21228580352729162,0.8194119841511163,0.8184436976399938,0.8635170358278477,0.8743976850259475,-0.0009682865111224626,0.0004782413234142644,-0.11816845858381915,0.05983579227568604,0.00017796741726193853,0.00012717736753194004,-5.079004972999849e-5,0.00012526121357467443,-28.538959834003748,70.97571353421924,0.00025400944705663745,0.00018877318563300765,-6.52362614236298e-5,5.011435910590469e-5,-25.682612272717485,28.811528674190974,0.136764
437.00000000000176,4.083032808432605,4.084067992004161,0.0010351835715560753,0.00827824680432259,0.025353300356003302,0.21228580352729162,0.8192816682023553,0.8183083805064566,0.8633671147349012,0.8742550320847264,-0.0009732876958986614,0.0004782413234142644,-0.11879768993662727,0.05983579227568604,0.00018063509677459106,0.00013422672515371056,-4.6408371620880505e-5,0.00012526121357467443,-25.691779974958063,70.97571353421924,0.0002597948532017507,0.00020175772583670283,-5.8037127365047884e-5,5.011435910590469e-5,-22.33959859088416,28.811528674190974,0.136764
438.00000000000176,4.082927324731957,4.083865786466532,0.0009384617345755686,0.00827824680432259,0.02298502177324889,0.21228580352729162,0.8191773815616405,0.8181997593568167,0.8632405877699192,0.8741333198538315,-0.0009776222048238914,0.0004782413234142644,-0.11934194312838561,0.05983579227568604,0.00018173489073184271,0.0001390717153318746,-4.266317539996812e-5,0.00012526121357467443,-23.475500619701794,70.97571353421924,0.0002643011982648631,0.00021218484749824611,-5.2116350766617006e-5,5.011435910590469e-5,-19.71854501937969,28.811528674190974,0.136764
439.00000000000176,4.082852082254534,4.0837108505961766,0.0008587683416427794,0.00827824680432259,0.021033540386517533,0.21228580352729162,0.8190929563968139,0.8181115394087851,0.8631322652234531,0.8740279344411125,-0.0009814169880287826,0.0004782413234142644,-0.11981753479434513,0.05983579227568604,0.00018168853372719422,0.0001422615901058361,-3.942694362135812e-5,0.00012526121357467443,-21.7002927001204,70.97571353421924,0.00026776972254103243,0.00022052031803190895,-4.7249404509123484e-5,5.011435910590469e-5,-17.64553664273342,28.811528674190974,0.136764
440.00000000000176,4.082801713602036,4.083611430831313,0.0008097172292771404,0.00827824680432259,0.019832391726973448,0.21228580352729162,0.8190239876883446,0.8180392208857824,0.8630384182858077,0.873935563859675,-0.0009847668025622092,0.0004782413234142644,-0.12023662522286625,0.05983579227568604,0.0001807935610619848,0.00014418843943200175,-3.660512162998304e-5,0.00012526121357467443,-20.246916657299003,70.97571353421924,0.000270393356913084,0.00022715156150282805,-4.324179541025596e-5,5.011435910590469e-5,-15.992181133412874,28.811528674190974,0.136764
441.0000000000018,4.0827719979094335,4.083536157980636,0.0007641600712027241,0.00827824680432259,0.018716697175203738,0.21228580352729162,0.8189672377112026,0.817979493103269,0.8629562845961022,0.8738537647210478,-0.000987744607933605,0.0004782413234142644,-0.12060856191196251,0.05983579227568604,0.00017926562139665363,0.00014514054011729828,-3.4125081279355346e-5,0.00012526121357467443,-19.036043282302405,70.97571353421924,0.000272326569917882,0.00023239704436755376,-3.992952555032826e-5,5.011435910590469e-5,-14.662368626891126,28.811528674190974,0.136764
442.0000000000018,4.082759211863629,4.083497085926161,0.0007378740625316738,0.00827824680432259,0.018072926279550577,0.21228580352729162,0.818920271693747,0.8179298642838823,0.8628837670957146,0.8737806815063605,-0.0009904074098647797,0.0004782413234142644,-0.12094063904613708,0.05983579227568604,0.0001772640858016722,0.00014533353197337774,-3.193055382829445e-5,0.00012526121357467443,-18.012985362426548,70.97571353421924,0.00027369330165433105,0.00023651619813815124,-3.717710351617981e-5,5.011435910590469e-5,-13.58349045864985,28.811528674190974,0.136764
443.0000000000018,4.082760473047002,4.083469469355039,0.0007089963080373352,0.00827824680432259,0.017365611152500567,0.21228580352729162,0.8188812236887423,0.8178884228156207,0.862819241639369,0.873714883123516,-0.000992800873121591,0.0004782413234142644,-0.12123869059415089,0.05983579227568604,0.00017490883879538586,0.0001449322523691639,-2.9976586426221953e-5,0.00012526121357467443,-17.13840571618542,70.97571353421924,0.0002745933315519503,0.00023971932857778323,-3.487400297416706e-5,5.011435910590469e-5,-12.700236665277231,28.811528674190974,0.136764
444.0000000000018,4.082773197782598,4.083466510922639,0.000693313140041063,0.00827824680432259,0.016981426752228353,0.21228580352729162,0.8188486410213186,0.8178536792354283,0.862761428907799,0.8736552392275609,-0.0009949617858903137,0.0004782413234142644,-0.12150741126581537,0.05983579227568604,0.00017229112374512426,0.00014406374780795837,-2.822737593716589e-5,0.00012526121357467443,-16.383534638106802,70.97571353421924,0.0002751072475162484,0.00024217595137865982,-3.2931296137588586e-5,5.011435910590469e-5,-11.970348449523707,28.811528674190974,0.136764
445.0000000000018,4.082795423719781,4.083467974373413,0.0006725506536318093,0.00827824680432259,0.016472798262790675,0.21228580352729162,0.8188213772366328,0.8178244567698124,0.8627093066382866,0.8736008499350811,-0.000996920466820428,0.0004782413234142644,-0.12175066437381567,0.05983579227568604,0.00016948128205413582,0.0001428277723787608,-2.665350967537503e-5,0.00012526121357467443,-15.726521154625999,70.97571353421924,0.00027530047355314735,0.00024402279716112912,-3.1277676392018234e-5,5.011435910590469e-5,-11.361286810856143,28.811528674190974,0.136764
446.0000000000018,4.082825352891798,4.083486937640375,0.0006615847485766935,0.00827824680432259,0.016204091318971162,0.21228580352729162,0.8187985170551019,0.8177998151736497,0.8626620476263884,0.8735509830127993,-0.0009987018814521242,0.0004782413234142644,-0.12197162801956023,0.05983579227568604,0.00016653389624251804,0.0001413027793761321,-2.5231116866385943e-5,0.00012526121357467443,-15.150739540521327,70.97571353421924,0.00027522631032505395,0.00024536968655251184,-2.9856623772542116e-5,5.011435910590469e-5,-10.848026751977374,28.811528674190974,0.136764
447.0000000000018,4.082861651034789,4.0835064386500655,0.0006447876152764209,0.00827824680432259,0.015792541368944046,0.21228580352729162,0.8187793221418885,0.8177789950834972,0.862618975169896,0.8735050414171271,-0.0010003270583913704,0.0004782413234142644,-0.1221729752254321,0.05983579227568604,0.00016349174442876354,0.00013955158815256478,-2.394015627619876e-5,0.00012526121357467443,-14.643036784423044,70.97571353421924,0.00027492846603218183,0.0002463053344572402,-2.8623131574941616e-5,5.011435910590469e-5,-10.411119658882876,28.811528674190974,0.13676400000348035
448.0000000000018,4.019455549679556,4.023303086095838,0.0038475364162824377,0.00827824680432259,0.09572282536099139,0.21228580352729162,0.8187631916383868,0.8177613780351624,0.8625795302038959,0.8734625277708686,-0.0010018136032244884,0.0004782413234142644,-0.12235694196508864,0.05983579227568604,0.00016038843259460003,0.00013762429514063668,-2.2764137453963346e-5,0.00012526121357467443,-14.19312919623218,70.97571353421924,0.000274442892787568,0.00024690108611172533,-2.7541806675842673e-5,5.011435910590469e-5,-10.03553285570465,28.811528674190974,2.050110000007522
449.0000000000018,3.9348950642995355,3.9456498012032255,0.010754736903689999,0.00827824680432259,0.273316993921018,0.21228580352729162,0.8183358041051949,0.8173323390408211,0.8621928409028795,0.8730843950883673,-0.0010034650643737653,0.0004782413234142644,-0.12262265189178652,0.05983579227568604,0.0001815806279919102,0.00016064363424406222,-2.093699374784797e-5,0.00012526121357467443,-11.530411574951025,70.97571353421924,0.0002808349516513705,0.0002564543525667749,-2.4380599084595578e-5,5.011435910590469e-5,-8.681468934415877,28.811528674190974,6.185250000007344
450.0000000000018,3.8766299707386738,3.8929975896170075,0.016367618878333712,0.00827824680432259,0.42221256611744495,0.21228580352729162,0.8167816694875166,0.8157747458605294,0.8609529414505148,0.8719048782646602,-0.0010069236269871773,0.0004782413234142644,-0.12327941047195193,0.05983579227568604,0.00027949059428114916,0.0002637140630355268,-1.577653124562237e-5,0.00012526121357467443,-5.644744964029886,70.97571353421924,0.00030854119117470184,0.0002945263040981772,-1.4014887076524668e-5,5.011435910590469e-5,-4.542306660308826,28.811528674190974,10.22265000000736
451.00000000000176,3.8265178426525854,3.847521826596724,0.021003983944138493,0.00827824680432259,0.5489059455052298,0.21228580352729162,0.8140828657753216,0.8130647778546612,0.859015108156719,0.870149606151046,-0.0010180879206603821,0.0004782413234142644,-0.12505949498037508,0.05983579227568604,0.0004743898637163878,0.0004738978123107207,-4.920514056670983e-7,0.00012526121357467443,-0.10372300154399365,70.97571353421924,0.00036323228837108597,0.00037060393965655754,7.3716512854715656e-6,5.011435910590469e-5,2.0294592527910202,28.811528674190974,14.268600000007151
452.0000000000017,3.7800548816380015,3.805167843919339,0.025112962281337303,0.00827824680432259,0.6643544357867939,0.21228580352729162,0.8105911792525338,0.8095436398893097,0.8567796283701673,0.8683159217411889,-0.0010475393632241037,0.0004782413234142644,-0.12923152756116413,0.05983579227568604,0.0007611735232249589,0.0007979759029669349,3.680237974197599e-5,0.00012526121357467443,4.834952690688813,70.97571353421924,0.0004424787435646592,0.00048442319832895606,4.194445476429689e-5,5.011435910590469e-5,9.47942819272799,28.811528674190974,18.326700000006948
453.00000000000165,3.734832644753,3.7636928153846396,0.028860170631639814,0.00827824680432259,0.772729955442179,0.21228580352729162,0.8064068664904496,0.8053025490126301,0.8543841072194439,0.866639066217051,-0.001104317477819472,0.0004782413234142644,-0.13694296560563213,0.05983579227568604,0.0011466601879584811,0.0012547794850355089,0.00010811929707702774,0.00012526121357467443,9.429061740560106,70.97571353421924,0.0005451135820658579,0.0006361717114494491,9.105812938359117e-5,5.011435910590469e-5,16.704432320049946,28.811528674190974,22.40145000000675
454.00000000000165,3.6891255050399088,3.7214191743098226,0.03229366926991384,0.00827824680432259,0.8753746443647893,0.21228580352729162,0.8015799585157442,0.8004032084705539,0.851907223650708,0.8652627904682754,-0.0011767500451902446,0.0004782413234142644,-0.1468038257055714,0.05983579227568604,0.0016388463872590742,0.0018507563256382397,0.00021190993837916553,0.00012526121357467443,12.930433262484051,70.97571353421924,0.0006701371188848497,0.0008223172577539785,0.00015218013886912878,5.011435910590469e-5,22.708806090664865,28.811528674190974,26.496000000006788
455.0000000000016,3.6415701325304277,3.6769613117103845,0.03539117917995682,0.00827824680432259,0.9718659229930706,0.21228580352729162,0.796146082487166,0.7949511159687008,0.8494022305419853,0.8642571395654766,-0.0011949665184651792,0.0004782413234142644,-0.15009387658256074,0.05983579227568604,0.002241676531457762,0.0025474491584910994,0.0003057726270333373,0.00012526121357467443,13.640354562417325,70.97571353421924,0.0008161665098584237,0.0010336094863274239,0.00021744297646900015,5.011435910590469e-5,26.641987124259593,28.811528674190974,30.615299999976354
456.00000000000153,3.757634430561019,3.7628527952877917,0.005218364726772506,0.00827824680432259,0.13887366701591028,0.21228580352729162,0.7901635019801481,0.7890663934262423,0.8469086245254032,0.8636252350773234,-0.0010971085539057679,0.0004782413234142644,-0.13884576434578616,0.05983579227568604,0.002939596140901836,0.003264811731515633,0.00032521559061379724,0.00012526121357467443,11.063274512056772,70.97571353421924,0.0009815254862041468,0.0012595012677675457,0.0002779757815633988,5.011435910590469e-5,28.320791000385988,28.811528674190974,15.758549999999742
457.0000000000015,3.7474703072512403,3.7543973065715703,0.0069269993203300295,0.00827824680432259,0.18484467527138235,0.21228580352729162,0.7882249831337627,0.7871759636522414,0.8457814909744805,0.8633203554646767,-0.0010490194815212517,0.0004782413234142644,-0.13308630200360344,0.05983579227568604,0.0029872060301344623,0.0032500346529183,0.00026282862278383763,0.00012526121357467443,8.798476574178816,70.97571353421924,0.0010776171365812996,0.0013586705694187996,0.0002810534328375001,5.011435910590469e-5,26.081009970677684,28.811528674190974,15.590700000018606
458.0000000000015,3.6253400723532128,3.6609374951127593,0.03559742275954658,0.00827824680432259,0.9819057536425887,0.21228580352729162,0.7893383208000032,0.7882463605332308,0.8456204105463028,0.863094476642533,-0.0010919602667723849,0.0004782413234142644,-0.1383386867199949,0.05983579227568604,0.002563913928229647,0.002764694200454313,0.00020078027222466622,0.00012526121357467443,7.831006728190079,70.97571353421924,0.0010964954838510452,0.0013276155934329001,0.0002311201095818549,5.011435910590469e-5,21.07807218413055,28.811528674190974,28.178999999987937
459.0000000000014,3.6864471321137793,3.706380469752017,0.01993333763823779,0.00827824680432259,0.5407194766091268,0.21228580352729162,0.7859300357206802,0.7848329685150159,0.8440492428791092,0.8626120393927024,-0.0010970672056642705,0.0004782413234142644,-0.13958840555804494,0.05983579227568604,0.0028618342334443235,0.0030548302227316657,0.0001929959892873422,0.00012526121357467443,6.743786451078418,70.97571353421924,0.001178625272488288,0.0013920063148799933,0.00021338104239170528,5.011435910590469e-5,18.104231036996165,28.811528674190974,20.017349999986255
460.00000000000136,3.782521623575242,3.7823470356130575,-0.0001745879621846136,0.00827824680432259,-0.004615650075771223,0.21228580352729162,0.7824201030277049,0.7812880418647848,0.8424347269510064,0.8620530926402301,-0.0011320611629200839,0.0004782413234142644,-0.14468712633269323,0.05983579227568604,0.0031526043254680902,0.00335100143440693,0.00019839710893883962,0.00012526121357467443,6.293117957623247,70.97571353421924,0.0012769978983589439,0.0014879265404553143,0.00021092864209637041,5.011435910590469e-5,16.517540269050755,28.811528674190974,10.344600000010104
461.0000000000013,3.6931847050072752,3.713285837047081,0.02010113203980568,0.00827824680432259,0.5442763805599071,0.21228580352729162,0.783737227752018,0.782556991233163,0.8425902320778665,0.8619607641081035,-0.0011802365188550157,0.0004782413234142644,-0.15059084563843814,0.05983579227568604,0.0027854706195716986,0.0029755703104762496,0.00019009969090455102,0.00012526121357467443,6.824688423164242,70.97571353421924,0.001285537835810986,0.0014666895126390833,0.0001811516768280973,5.011435910590469e-5,14.091508766353591,28.811528674190974,17.75159999998633
462.00000000000125,3.821541626192157,3.8225496118134465,0.0010079856212894533,0.00827824680432259,0.02637641349713167,0.21228580352729162,0.7839876070861487,0.782804855483397,0.8423759367648331,0.8617274419955412,-0.0011827516027517193,0.0004782413234142644,-0.15086355856410272,0.05983579227568604,0.002595223271838505,0.0027684371656875113,0.00017321389384900628,0.00012526121357467443,6.674334949466537,70.97571353421924,0.0012891991386107542,0.001442608701209741,0.0001534095625989869,5.011435910590469e-5,11.89960169879586,28.811528674190974,7.297200000003182
463.00000000000125,3.7833151293181224,3.792233195264497,0.008918065946374565,0.00827824680432259,0.2357209389528673,0.21228580352729162,0.7842465471370369,0.78308520533889,0.8423234807270871,0.8616041503721421,-0.0011613417981468643,0.0004782413234142644,-0.1480837629934678,0.05983579227568604,0.0024653419955421594,0.002610937543754224,0.00014559554821206482,0.00012526121357467443,5.9056937526449165,70.97571353421924,0.0012840623545204838,0.0014130669590014743,0.0001290046044809905,5.011435910590469e-5,10.046599686287475,28.811528674190974,9.8410500000002
464.0000000000012,3.7836178326593193,3.7961808398281307,0.012563007168811424,0.00827824680432259,0.3320368949625524,0.21228580352729162,0.7857299502714954,0.7846093162908887,0.8428166155514695,0.8616722022567488,-0.001120633980606689,0.0004782413234142644,-0.14262329954706107,0.05983579227568604,0.0022208770096503673,0.0023331185907894477,0.00011224158113908034,0.00012526121357467443,5.053930526155095,70.97571353421924,0.0012475745738385786,0.0013494865865648277,0.0001019120127262491,5.011435910590469e-5,8.168811297001898,28.811528674190974,10.001249999991153
465.00000000000114,3.9135623102918453,3.910249935543069,-0.0033123747487762145,0.00827824680432259,-0.08463835467919767,0.21228580352729162,0.7856358254491022,0.7845638305934689,0.8425375770331738,0.8613145803894104,-0.0010719948556332515,0.0004782413234142644,-0.13644933452728616,0.05983579227568604,0.0021459025828667756,0.0022228394876898775,7.693690482310197e-5,0.00012526121357467443,3.58529345355089,70.97571353421924,0.001231293459990616,0.0013162863568460842,8.499289685546824e-5,5.011435910590469e-5,6.902732745459071,28.811528674190974,2.5893900000028327
466.0000000000011,3.864218104306209,3.869272864232844,0.005054759926634844,0.00827824680432259,0.13080938472396056,0.21228580352729162,0.7870440675966514,0.785993967356788,0.8432803838287276,0.8616757066787026,-0.0010501002398634052,0.0004782413234142644,-0.13342330920173665,0.05983579227568604,0.001970590416146972,0.0020307742738418988,6.018385769492691e-5,0.00012526121357467443,3.054102831404324,70.97571353421924,0.0011876604579758813,0.0012540667314059142,6.640627343003293e-5,5.011435910590469e-5,5.591351718757104,28.811528674190974,5.08140000000002
467.0000000000011,3.8686910171889157,3.876012020887439,0.007321003698523398,0.00827824680432259,0.18923722949172136,0.21228580352729162,0.7887256078862731,0.7876877419804038,0.8441700427602775,0.8621335519123113,-0.0010378659058692952,0.0004782413234142644,-0.13158770242679196,0.05983579227568604,0.0017785223155688222,0.0018310318011820368,5.2509485613214633e-5,0.00012526121357467443,2.9524220839714683,70.97571353421924,0.0011301841632980882,0.0011782446969843938,4.8060533686305595e-5,5.011435910590469e-5,4.25245152489626,28.811528674190974,5.099849999995947
468.000000000001,3.957436082666259,3.957143414966866,-0.0002926676993930677,0.00827824680432259,-0.007395386641238877,0.21228580352729162,0.7890979930613913,0.788087996260277,0.8442209840055113,0.8619861467429808,-0.0010099968011142435,0.0004782413234142644,-0.12799383726675712,0.05983579227568604,0.0016959683109665272,0.0017307373509777323,3.47690400112051e-5,0.00012526121357467443,2.050099626648704,70.97571353421924,0.001093294426278247,0.0011306845959232223,3.739016964497536e-5,5.011435910590469e-5,3.419954291019082,28.811528674190974,1.3473449999987268
469.00000000000097,4.000197258694776,3.9988839881841924,-0.0013132705105833864,0.00827824680432259,-0.03283014375675797,0.21228580352729162,0.7902277194286804,0.7892273494025517,0.8448921953044334,0.8623656955180649,-0.0010003700261287385,0.0004782413234142644,-0.12659262659780993,0.05983579227568604,0.0015731689682782575,0.001601240733751933,2.8071765473675504e-5,0.00012526121357467443,1.7844087977655971,70.97571353421924,0.0010465001138499897,0.0010731119894169575,2.661187556696784e-5,5.011435910590469e-5,2.542940532425256,28.811528674190974,0.10307250000717025
470.0000000000009,3.840974537624182,3.856744591146192,0.015770053522009775,0.00827824680432259,0.4105742791974943,0.21228580352729162,0.7919794498971745,0.7909771595581788,0.8460872368337345,0.8632202806780543,-0.0010022903389956817,0.0004782413234142644,-0.12655509421687805,0.05983579227568604,0.001420229336946459,0.0014489309989772407,2.8701662030781658e-5,0.00012526121357467443,2.0209174169357182,70.97571353421924,0.000985458451815373,0.0009990986953947343,1.3640243579361418e-5,5.011435910590469e-5,1.3841520719857745,28.811528674190974,7.5230999999966395
471.0000000000009,3.907911249389955,3.9156361243594455,0.007724874969490703,0.00827824680432259,0.1976727329899469,0.21228580352729162,0.7917114725487336,0.7907406829146414,0.8458499095784875,0.8628691920571321,-0.0009707896340922506,0.0004782413234142644,-0.12261911918075606,0.05983579227568604,0.0014155545665570097,0.0014228850703423429,7.330503785333165e-6,0.00012526121357467443,0.5178538474262298,70.97571353421924,0.0009596185709572684,0.0009709397240854633,1.132115312819492e-5,5.011435910590469e-5,1.1797555269174806,28.811528674190974,3.8279249999958322
472.00000000000085,4.035835062515403,4.033879138352179,-0.0019559241632238766,0.00827824680432259,-0.04846392711610998,0.21228580352729162,0.7909913989430045,0.7900494516116661,0.8452177094053216,0.8621718768869683,-0.0009419473313384552,0.0004782413234142644,-0.11908439618903213,0.05983579227568604,0.001431283598181247,0.001419397750437988,-1.1885847743258945e-5,0.00012526121357467443,-0.8304327499010306,70.97571353421924,0.0009534305454578037,0.0009686624655710702,1.5231920113266493e-5,5.011435910590469e-5,1.5975909504716637,28.811528674190974,-0.7541549999971979
473.0000000000008,3.940944706391528,3.946952005736898,0.006007299345370143,0.00827824680432259,0.152432977190148,0.21228580352729162,0.7924675265878249,0.7915182476397776,0.8462508335718899,0.8629626996919636,-0.0009492789480473052,0.0004782413234142644,-0.11978774097339642,0.05983579227568604,0.0012998327375327479,0.0012925652760912422,-7.267461441505703e-6,0.00012526121357467443,-0.5591074321839511,70.97571353421924,0.0009130101649942044,0.0009226073958110492,9.597230816844773e-6,5.011435910590469e-5,1.0511636326530598,28.811528674190974,2.532149999999991
474.00000000000074,3.944836651475129,3.9516927091251617,0.006856057650032721,0.00827824680432259,0.17379826481456392,0.21228580352729162,0.7935044931606731,0.7925539632921581,0.8469554341939595,0.8634661845345296,-0.0009505298685149599,0.0004782413234142644,-0.11978884514299674,0.05983579227568604,0.0012035934402684172,0.0011972952921277512,-6.298148140666034e-6,0.00012526121357467443,-0.5232787027537691,70.97571353421924,0.0008724775327131694,0.0008755649907732939,3.087458060124478e-6,5.011435910590469e-5,0.3538725003637993,28.811528674190974,2.5208099999990856
475.0000000000007,3.9800594192291596,3.984527463869189,0.004468044640029589,0.00827824680432259,0.11226075214964856,0.21228580352729162,0.7934952127371053,0.7925519658669343,0.8468035331623736,0.8631859888693357,-0.0009432468701709995,0.0004782413234142644,-0.11887240843172027,0.05983579227568604,0.0011723246798610047,0.0011615227423836356,-1.0801937477369124e-5,0.00012526121357467443,-0.9214117610020667,70.97571353421924,0.0008511558739210291,0.0008528117409946749,1.6558670736457762e-6,5.011435910590469e-5,0.19454334092974945,28.811528674190974,1.2837150000016544
476.0000000000007,3.922058111320086,3.9314799507722364,0.009421839452150582,0.00827824680432259,0.24022692129310091,0.21228580352729162,0.7939298730725265,0.792988571970824,0.847052379245074,0.863289461482315,-0.0009413011017025408,0.0004782413234142644,-0.11856224757731867,0.05983579227568604,0.001118588250761841,0.0011063437599775072,-1.224449078433376e-5,0.00012526121357467443,-1.0946378862816017,70.97571353421924,0.0008272335012343133,0.0008270941861774336,-1.3931505687969376e-7,5.011435910590469e-5,-0.016841080139020248,28.811528674190974,3.709395
477.0000000000006,3.923544973380188,3.932888642137151,0.00934366875696302,0.00827824680432259,0.23814353653026488,0.21228580352729162,0.7939906969536349,0.7930570264220085,0.8470295210016578,0.8631476204796711,-0.0009336705316264071,0.0004782413234142644,-0.11759212484588202,0.05983579227568604,0.0010917839679305593,0.0010740407864000896,-1.774318153046966e-5,0.00012526121357467443,-1.6251549804400665,70.97571353421924,0.0008107705668204401,0.0008108448226555616,7.42558351215063e-8,5.011435910590469e-5,0.009158674248956994,28.811528674190974,3.709395
478.00000000000057,3.923962255359099,3.9328749678283996,0.008912712469300477,0.00827824680432259,0.2271355300915053,0.21228580352729162,0.7935887705544504,0.7926685677265665,0.8466532604055577,0.8626818982267941,-0.0009202028278839647,0.0004782413234142644,-0.11595461806258343,0.05983579227568604,0.0010950393783108346,0.0010678380887828192,-2.7201289528015413e-5,0.00012526121357467443,-2.484046698847951,70.97571353421924,0.0008057558327389607,0.0008089045638476963,3.148731108735636e-6,5.011435910590469e-5,0.3907798095649312,28.811528674190974,3.709395
479.0000000000005,3.924359662383141,3.933157703943806,0.008798041560664771,0.00827824680432259,0.22419050029991375,0.21228580352729162,0.7934217033104958,0.7925103812388126,0.8464682145279461,0.8624038279688442,-0.0009113220716832071,0.0004782413234142644,-0.114859735734576,0.05983579227568604,0.0010827610526391088,0.0010495591631757614,-3.320188946334744e-5,0.00012526121357467443,-3.066409655428735,70.97571353421924,0.0008006425470347176,0.0008064003508153196,5.757803780601979e-6,5.011435910590469e-5,0.7191478646652921,28.811528674190974,3.709395
480.0000000000005,3.9247332749703725,3.9334858521952216,0.008752577224849123,0.00827824680432259,0.2230107528750523,0.21228580352729162,0.7933117079902812,0.7924078786286938,0.8463316523809448,0.8621790014947951,-0.0009038293615873938,0.0004782413234142644,-0.11393117641955519,0.05983579227568604,0.001066931654140628,0.0010289220523429171,-3.800960179771093e-5,0.00012526121357467443,-3.5625151480135044,70.97571353421924,0.0007954808769185672,0.0008031076441524768,7.626767233909594e-6,5.011435910590469e-5,0.9587618577901201,28.811528674190974,3.7093949999987514
481.00000000000045,3.9856574331329435,3.989910987924352,0.0042535547914086536,0.00827824680432259,0.10672153497309296,0.21228580352729162,0.7932201348446741,0.792323101320855,0.8462137596237425,0.8619764918316641,-0.0008970335238190907,0.0004782413234142644,-0.11308758873030184,0.05983579227568604,0.0010504758584062893,0.0010082441635325724,-4.223169487371694e-5,0.00012526121357467443,-4.020244209875322,70.97571353421924,0.0007903996674019069,0.0007991747898626973,8.77512246079046e-6,5.011435910590469e-5,1.1102133291167537,28.811528674190974,1.268190000001651
482.0000000000004,3.9031317515345583,3.914612662245442,0.011480910710883752,0.00827824680432259,0.29414612269672696,0.21228580352729162,0.7936635096252127,0.7927655373593319,0.8465187242855403,0.8621833617325724,-0.000897972265880842,0.0004782413234142644,-0.11314269271430742,0.05983579227568604,0.0010008182645753702,0.0009600188550573952,-4.079940951797498e-5,0.00012526121357467443,-4.0766052101662495,70.97571353421924,0.0007756581885936852,0.0007823686160744449,6.710427480759716e-6,5.011435910590469e-5,0.865126879267029,28.811528674190974,4.899150000000007
483.00000000000034,3.9034831368183394,3.914919108187715,0.011435971369375686,0.00827824680432259,0.2929683815336511,0.21228580352729162,0.793608333264868,0.7927171324129355,0.8464580513259496,0.8620395508277191,-0.0008912008519325054,0.0004782413234142644,-0.11229731525954954,0.05983579227568604,0.0009872545861636147,0.0009420486472323368,-4.520593893127798e-5,0.00012526121357467443,-4.5789545639837765,70.97571353421924,0.0007672506366326761,0.000773365696855721,6.115060223044872e-6,5.011435910590469e-5,0.7970094687549251,28.811528674190974,4.917150000000846
484.00000000000034,3.8617357185795718,3.8770352862698787,0.015299567690306937,0.00827824680432259,0.3961837061168557,0.21228580352729162,0.7928048535845299,0.7919306444564386,0.8458301762297598,0.8613534663987225,-0.00087420912809133,0.0004782413234142644,-0.1102678829649875,0.05983579227568604,0.0010229258702882814,0.0009658590658530938,-5.7066804435187556e-5,0.00012526121357467443,-5.578782010773172,70.97571353421924,0.0007742202078143114,0.000784015563205478,9.795355391166633e-6,5.011435910590469e-5,1.2651898377620165,28.811528674190974,7.397099999997508
485.0000000000003,4.02257364207697,4.023736512733894,0.0011628706569242198,0.00827824680432259,0.028908623194870746,0.21228580352729162,0.7918097156358322,0.7909563743897272,0.8451310032041498,0.8606172836493234,-0.0008533412461050327,0.0004782413234142644,-0.10777099968011757,0.05983579227568604,0.001076964274790555,0.0010057351862244742,-7.122908856608081e-5,0.00012526121357467443,-6.6138766376380715,70.97571353421924,0.0007897761858829035,0.000805911227941378,1.6135042058474454e-5,5.011435910590469e-5,2.042989184389857,28.811528674190974,0.08762400000033553
486.0000000000002,3.9855638188672318,3.9893213847652955,0.0037575658980637527,0.00827824680432259,0.09427940609747204,0.21228580352729162,0.7922083081142751,0.791356372130303,0.8454912234196272,0.8609087247707323,-0.0008519359839721519,0.0004782413234142644,-0.1075393902394244,0.05983579227568604,0.001035616244953291,0.0009649066098261255,-7.070963512716545e-5,0.00012526121357467443,-6.827783502986151,70.97571353421924,0.0007833283734932188,0.0007990928360943992,1.5764462601180378e-5,5.011435910590469e-5,2.0124973299357767,28.811528674190974,1.2681900000005482
487.00000000000017,3.928299164516558,3.9379332403752465,0.009634075858688362,0.00827824680432259,0.24524801842259877,0.21228580352729162,0.7935872922676582,0.7927196013343888,0.8464857611729444,0.8618037109628472,-0.0008676909332694382,0.0004782413234142644,-0.10933780590034785,0.05983579227568604,0.0009200885173931963,0.000862649759584579,-5.743875780861733e-5,0.00012526121357467443,-6.2427425973485,70.97571353421924,0.000752883613396733,0.0007604365041226809,7.552890725947832e-6,5.011435910590469e-5,1.0031949947578187,28.811528674190974,3.680145
488.00000000000017,3.9293046682918336,3.9387774670851545,0.009472798793320969,0.00827824680432259,0.24108079146326492,0.21228580352729162,0.7935026632673906,0.7926385373708239,0.846339444315041,0.8615915310655116,-0.0008641258965667031,0.0004782413234142644,-0.10890018856502745,0.05983579227568604,0.000904292961621442,0.0008454093813597962,-5.888358026164583e-5,0.00012526121357467443,-6.511560164757299,70.97571353421924,0.0007410023820375277,0.0007453144367234896,4.312054685961836e-6,5.011435910590469e-5,0.5819218386457837,28.811528674190974,3.680144999999586
489.0000000000001,3.9897215111740127,3.994407953222663,0.004686442048650097,0.00827824680432259,0.11746288645773342,0.21228580352729162,0.7930358053063556,0.7921806474075208,0.8459270897957715,0.8611193035265157,-0.0008551578988348352,0.0004782413234142644,-0.10783345381290586,0.05983579227568604,0.0009159801068495474,0.0008512072315821293,-6.477287526741806e-5,0.00012526121357467443,-7.071428165639977,70.97571353421924,0.000740249029081227,0.0007451887749159716,4.939745834744579e-6,5.011435910590469e-5,0.6673086543423948,28.811528674190974,1.2527999999999984
490.00000000000006,3.991111727639273,3.9960745943793343,0.004962866740061411,0.00827824680432259,0.12434797817591861,0.21228580352729162,0.7933342052262936,0.7924779473065761,0.8461272350501143,0.8612546148446724,-0.0008562579197175513,0.0004782413234142644,-0.10793155193318672,0.05983579227568604,0.0008790390684852449,0.0008162887475987553,-6.275032088648956e-5,0.00012526121357467443,-7.138513308017192,70.97571353421924,0.0007294815848983357,0.000732950353277554,3.468768379218286e-6,5.011435910590469e-5,0.47551143867486534,28.811528674190974,1.2375900000000672
491.0,3.9605764595175668,3.9681505299559268,0.007574070438360003,0.00827824680432259,0.19123656659017238,0.21228580352729162,0.7939813183219973,0.7931197498141767,0.846603059416782,0.8616635757983219,-0.0008615685078205981,0.0004782413234142644,-0.10851244077649583,0.05983579227568604,0.00082156595594073,0.0007640098417979668,-5.755611414276322e-5,0.00012526121357467443,-7.005659585402231,70.97571353421924,0.0007100336624622075,0.0007096538834133397,-3.797790488677382e-7,5.011435910590469e-5,-0.053487470939161626,28.811528674190974,2.420595
491.99999999999994,4.1738696254919585,4.16575778024911,-0.008111845242848581,0.00827824680432259,-0.19434831393164248,0.21228580352729162,0.7940854833177902,0.7932252333984269,0.8466442366508383,0.8616441898237126,-0.0008602499193632873,0.0004782413234142644,-0.10833215534542374,0.05983579227568604,0.0007999669962866774,0.0007422611158984486,-5.770588038822881e-5,0.00012526121357467443,-7.213532640232727,70.97571353421924,0.0006975463898150064,0.0006952816749596257,-2.2647148553807048e-6,5.011435910590469e-5,-0.32466870855446917,28.811528674190974,-5.639849999999542
492.99999999999994,4.235688873649412,4.2210836872393545,-0.014605186410057591,0.00827824680432259,-0.3448125404327434,0.21228580352729162,0.7956911710138151,0.7948492036723314,0.8481544881231081,0.8629930540131029,-0.0008419673414837847,0.0004782413234142644,-0.10581584566421763,0.05983579227568604,0.000705628963075244,0.0006320385054430106,-7.359045763223344e-5,0.00012526121357467443,-10.429058539705405,70.97571353421924,0.0006587809153182594,0.0006465391602633397,-1.2241755054919704e-5,5.011435910590469e-5,-1.8582437302400705,28.811528674190974,-9.376649999999787
493.9999999999999,4.276528820002663,4.259937055350138,-0.01659176465252532,0.00827824680432259,-0.3879727075594685,0.21228580352729162,0.799162736457194,0.7983705489332972,0.8513200923446095,0.8658406752592881,-0.0007921875238968701,0.0004782413234142644,-0.09912718495969342,0.05983579227568604,0.0005080552989111922,0.0003924151827236392,-0.00011564011618755304,0.00012526121357467443,-22.761324689532834,70.97571353421924,0.0005773796211506439,0.0005403754264637816,-3.700419468686232e-5,5.011435910590469e-5,-6.408988701942351,28.811528674190974,-11.895749999999714
494.99999999999983,4.29339020282599,4.278436045777626,-0.014954157048364003,0.00827824680432259,-0.34830649770712424,0.21228580352729162,0.8026334683578746,0.801914827917514,0.8542931767003575,0.8683652811094718,-0.0007186404403606295,0.0004782413234142644,-0.08953531950653786,0.05983579227568604,0.00029523065077603273,0.00011881523637344512,-0.00017641541440258763,0.00012526121357467443,-59.75511483610133,70.97571353421924,0.0004819411145667065,0.0004133136559719452,-6.862745859476127e-5,5.011435910590469e-5,-14.239801610713664,28.811528674190974,-12.554999999999888
495.9999999999998,4.32042624203895,4.3047030398887545,-0.015723202150195625,0.00827824680432259,-0.36392710508987497,0.21228580352729162,0.8057376162875071,0.805087476683985,0.8568819438250684,0.8704065621749946,-0.0006501396035221152,0.0004782413234142644,-0.08068874908902471,0.05983579227568604,9.84376182031023e-5,-0.00013668208446689873,3.8244466263796434e-5,0.00012526121357467443,38.851474631261596,70.97571353421924,0.0003878511641349639,0.00028888739070252864,-9.896377343243527e-5,5.011435910590469e-5,-25.51591501682279,28.811528674190974,-14.153399999999635
496.9999999999998,4.344037677555466,4.327421547038541,-0.01661613051692523,0.00827824680432259,-0.3825042909451853,0.21228580352729162,0.8086167497588224,0.8080303203352667,0.8592313475154058,0.8721121804648639,-0.0005864294235556899,0.0004782413234142644,-0.07252254219697997,0.05983579227568604,-9.240393689649718e-5,-0.00038593427062210724,0.00029353033372561004,0.00012526121357467443,-317.6599867756686,70.97571353421924,0.00029820808805418287,0.0001716452378450864,-0.00012656285020909647,5.011435910590469e-5,-42.441119231514826,28.811528674190974,-15.598349999999671
497.9999999999997,4.313362298418197,4.304831613757671,-0.008530684660525978,0.00827824680432259,-0.19777343219358973,0.21228580352729162,0.8116276884360913,0.8111163516920317,0.8615863718570966,0.8736939018141663,-0.0005113367440596761,0.0004782413234142644,-0.0630013923064848,0.05983579227568604,-0.00030847363976403556,-0.0006731076055580009,0.00036463396579396537,0.00012526121357467443,-118.20587524849424,70.97571353421924,0.00020783435240942654,5.1716995971317034e-5,-0.0001561173564381095,5.011435910590469e-5,-75.11624263661845,28.811528674190974,-12.249000000000953
498.99999999999966,4.329435641893496,4.31954907665851,-0.009886565234985767,0.00827824680432259,-0.22835690498131156,0.21228580352729162,0.8136325454356143,0.8131603430994573,0.863252914828503,0.8747710422536066,-0.00047220233615696827,0.0004782413234142644,-0.05803631366591337,0.05983579227568604,-0.0004330180785756192,-0.0008336369061464012,0.000400618827570782,0.00012526121357467443,-92.51780639011376,70.97571353421924,0.00013572771317813638,-4.23148715991317e-5,-9.341284157900468e-5,5.011435910590469e-5,-68.82370548482211,28.811528674190974,-13.126049999999701
499.9999999999996,4.3050954769719105,4.299242889399693,-0.005852587572217516,0.00827824680432259,-0.13594559292640984,0.21228580352729162,0.815006716639193,0.8145473731057992,0.8644817224019702,0.8755560245248145,-0.00045934353339383005,0.0004782413234142644,-0.05636070525749831,0.05983579227568604,-0.0005019256401417964,-0.0009149735164654133,0.0004130478763236169,0.00012526121357467443,-82.29264323036554,70.97571353421924,8.065842817725927e-5,-0.00011214465706142068,3.148622888416141e-5,5.011435910590469e-5,39.03650194492458,28.811528674190974,-10.73700000000095
500.9999999999996,4.2627679299647605,4.262785693837799,1.7763873038312283e-5,0.00827824680432259,0.0004167215605016324,0.21228580352729162,0.8161783413731155,0.8157278707913826,0.8654943461675028,0.8762191297207695,-0.0004504705817328647,0.0004782413234142644,-0.05519266548717841,0.05983579227568604,-0.0005602905842555487,-0.0009798816382085313,0.00041959105395298257,0.00012526121357467443,-74.88811444341655,70.97571353421924,3.514127037423389e-5,-0.0001689825730526787,0.0001338413026784448,5.011435910590469e-5,380.8664321269935,28.811528674190974,-7.356150000001345
501.99999999999955,4.241693886951679,4.2426027400341555,0.0009088530824765684,0.00827824680432259,0.021426654225859793,0.21228580352729162,0.8161857821966251,0.8157116932797038,0.8656082441449384,0.8763196371626577,-0.0004740889169212448,0.0004782413234142644,-0.05808590730964648,0.05983579227568604,-0.0005197007022729826,-0.0009086698100561704,0.00038896910778318783,0.00012526121357467443,-74.84483012664363,70.97571353421924,1.3814360508780318e-5,-0.00019053800922188893,0.00017672364871310862,5.011435910590469e-5,1279.2749154098317,28.811528674190974,-5.869800000000676
502.9999999999995,4.205709180689029,4.208339982870802,0.0026308021817733618,0.00827824680432259,0.06255311693573527,0.21228580352729162,0.8156900705914543,0.8151816279483274,0.865263850733873,0.8761185658263559,-0.0005084426431268829,0.0004782413234142644,-0.06233282241111661,0.05983579227568604,-0.0004475402396899417,-0.00079516467524744,0.0003476244355574983,0.00012526121357467443,-77.67445354150377,70.97571353421924,9.70149607000151e-6,-0.00018727776880952672,0.0001775762727395252,5.011435910590469e-5,1830.4009140262174,28.811528674190974,-3.8452500000010357
503.99999999999943,4.148337189574018,4.153423050559615,0.005085860985596824,0.00827824680432259,0.12259999014494474,0.21228580352729162,0.8150532980500631,0.8145133487837821,0.8647193007435091,0.8757671062075989,-0.0005399492662809813,0.0004782413234142644,-0.06624711139415768,0.05983579227568604,-0.0003776236166575678,-0.0006867183612912655,0.0003090947446336977,0.00012526121357467443,-81.85259898985274,70.97571353421924,1.552638567408569e-5,-0.00016989050882383622,0.00015436412314975053,5.011435910590469e-5,994.2051317673497,28.811528674190974,-1.5223050000013205
504.99999999999943,4.092471367524741,4.098170349735991,0.00569898221124987,0.00827824680432259,0.13925527387860012,0.21228580352729162,0.8140069942122798,0.8134366393726138,0.8637572297615355,0.8750610263851651,-0.000570354839666054,0.0004782413234142644,-0.07006756007274732,0.05983579227568604,-0.0002904859362324434,-0.0005611864575692646,0.00027070052133682117,0.00012526121357467443,-93.1888561793263,70.97571353421924,3.3382173671283694e-5,-0.00013622646834498693,0.00010284429467370324,5.011435910590469e-5,308.0814799132534,28.811528674190974,0.044324099999109474
505.9999999999994,4.088154114688587,4.092047814743512,0.0038937000549248424,0.00827824680432259,0.09524347531163078,0.21228580352729162,0.8127336470605055,0.8121368605967217,0.8625588075251224,0.8741059698417731,-0.000596786463783805,0.0004782413234142644,-0.07342952588984863,0.05983579227568604,-0.0001993060919248266,-0.0004368813177022923,0.0002375752257774657,0.00012526121357467443,-119.20118621716456,70.97571353421924,6.048886439041256e-5,-9.041411216237275e-5,2.992524777196019e-5,5.011435910590469e-5,49.47232531729149,28.811528674190974,0.1367639999999422
506.9999999999993,4.087206352824008,4.089683482857221,0.0024771300332124824,0.00827824680432259,0.06060692363870833,0.21228580352729162,0.8117050958353444,0.8110879886691521,0.8615815869946077,0.873306207168483,-0.0006171071661923433,0.0004782413234142644,-0.07602603080337497,0.05983579227568604,-0.00012991787792830634,-0.00034269095039975536,0.000212773072471449,0.00012526121357467443,-163.77505225944756,70.97571353421924,8.82477826530765e-5,-4.386135443618078e-5,-4.438642821689572e-5,5.011435910590469e-5,-50.29749970193536,28.811528674190974,0.136764
507.99999999999926,4.086386649842732,4.087977278211294,0.0015906283685627187,0.00827824680432259,0.03892505787781818,0.21228580352729162,0.8110474173974115,0.8104149151111436,0.8609457802755179,0.8727990572086788,-0.0006325022862678775,0.0004782413234142644,-0.07798585787962047,0.05983579227568604,-8.613793443773489e-5,-0.00028016697526999393,0.00019402904083225904,0.00012526121357467443,-225.2538815781723,70.97571353421924,0.0001114977971785234,-3.605375281761969e-6,-0.00010789242189676143,5.011435910590469e-5,-96.7664156844379,28.811528674190974,0.136764
508.9999999999992,4.085684964154392,4.086677785721611,0.0009928215672188045,0.00827824680432259,0.024300002959828967,0.21228580352729162,0.8105714379537424,0.8099266695521379,0.8604746472456367,0.8724302621370551,-0.0006447684016045452,0.0004782413234142644,-0.07954491996809548,0.05983579227568604,-5.523620731510697e-5,-0.0002340919984821184,0.00017885579116701144,0.00012526121357467443,-323.80172329119137,70.97571353421924,0.00013080910481586442,3.068214604588548e-5,-0.00010012695876997893,5.011435910590469e-5,-76.5443345177878,28.811528674190974,0.136764
509.9999999999992,4.085082406829132,4.085668726654836,0.000586319825703896,0.00827824680432259,0.014352704971721766,0.21228580352729162,0.8102016495579564,0.8095467208351521,0.8601001452369528,0.8721401650832324,-0.00065492872280426,0.0004782413234142644,-0.08083527392984044,0.05983579227568604,-3.192678486265922e-5,-0.000198057350982556,0.0001661305661198968,0.00012526121357467443,-520.3485626083165,70.97571353421924,0.0001468921409281739,5.9672393560131134e-5,-8.721974736804276e-5,5.011435910590469e-5,-59.37672826941147,28.811528674190974,0.136764
510.99999999999915,4.074827176190171,4.075562542273359,0.0007353660831883602,0.00827824680432259,0.018046558820585444,0.21228580352729162,0.8099037931838379,0.8092402398126862,0.8597916599046309,0.8719028203527424,-0.0006635533711516484,0.0004782413234142644,-0.08192990040744633,0.05983579227568604,-1.3752447335557048e-5,-0.0001689680948728316,0.00015521564753727456,0.00012526121357467443,-1128.640188542758,70.97571353421924,0.00016031366976650122,8.405921892420643e-5,-7.625445084229479e-5,5.011435910590469e-5,-47.565782102898844,28.811528674190974,0.3961799999997788
511.9999999999991,4.0168027426849,4.020378090868345,0.0035753481834452927,0.00827824680432259,0.08900980238465653,0.21228580352729162,0.8096021617072007,0.8089311313397608,0.859482903263348,0.8716562142502235,-0.0006710303674398732,0.0004782413234142644,-0.08288396439368166,0.05983579227568604,3.884981944297456e-6,-0.00014174375267169754,0.0001378587707274001,0.00012526121357467443,3548.5047988383867,70.97571353421924,0.00017247005411070594,0.00010572767041003848,-6.674238370066746e-5,5.011435910590469e-5,-38.69795486805294,28.811528674190974,2.194064999998365
512.9999999999991,3.982667771460923,3.98820569431388,0.005537922852957067,0.00827824680432259,0.13905058545532772,0.21228580352729162,0.8089204791124501,0.8082433703547196,0.8588600802656186,0.8710952119687847,-0.0006771087577305268,0.0004782413234142644,-0.08370523125752144,0.05983579227568604,4.3413277998750565e-5,-9.377043627034321e-5,5.035715827159264e-5,0.00012526121357467443,115.99483059777684,70.97571353421924,0.0001901084383140631,0.00013370290013424354,-5.640553817981957e-5,5.011435910590469e-5,-29.670191749530044,28.811528674190974,3.6096749999987123
513.999999999999,4.002049857694577,4.005169703510165,0.003119845815588107,0.00827824680432259,0.07795619561284843,0.21228580352729162,0.8077826368100628,0.8071010443238431,0.8578812209561554,0.8701862126377564,-0.0006815924862196843,0.0004782413234142644,-0.08437820462585034,0.05983579227568604,0.00011045865202324107,-1.9288078970718032e-5,-9.117057305252303e-5,0.00012526121357467443,-82.53819088190599,70.97571353421924,0.0002168297072463485,0.00017307965541873009,-4.37500518276184e-5,5.011435910590469e-5,-20.177148409794373,28.811528674190974,2.69145000000094
514.999999999999,3.937364267170585,3.945672140520428,0.008307873349842954,0.00827824680432259,0.211000882471386,0.21228580352729162,0.8069410292860891,0.8062549940499449,0.8571517749051129,0.8695232656593644,-0.000686035236144189,0.0004782413234142644,-0.08501677461500912,0.05983579227568604,0.00015685812152748958,3.4185200174623377e-5,-0.0001226729213528662,0.00012526121357467443,-78.20629251343395,70.97571353421924,0.00024182275332364824,0.00020976139313345994,-3.206136019018831e-5,5.011435910590469e-5,-13.258206578798791,28.811528674190974,5.929199999996688
515.999999999999,3.9642013207436673,3.969004809666452,0.004803488922784815,0.00827824680432259,0.12117166950248888,0.21228580352729162,0.8057845927736641,0.8050958355323791,0.8562185550536976,0.8686850212963165,-0.0006887572412850318,0.0004782413234142644,-0.0854765960359453,0.05983579227568604,0.0002268838086946881,0.00011115519824913879,-0.00011572861044554932,0.00012526121357467443,-51.00787540166978,70.97571353421924,0.00027224040777515515,0.0002533643677074272,-1.887604006772797e-5,5.011435910590469e-5,-6.933592342881663,28.811528674190974,4.3104150000016555
516.9999999999989,3.966687557910056,3.970466723177675,0.0037791652676193443,0.00827824680432259,0.09527257220153956,0.21228580352729162,0.8045996072303276,0.8039087275744409,0.855263360207002,0.8678279983925151,-0.0006908796558867669,0.0004782413234142644,-0.08586626810134562,0.05983579227568604,0.0002957241204188766,0.00018635817814964694,-0.00010936594226922968,0.00012526121357467443,-36.982422033860125,70.97571353421924,0.00030491869998260893,0.00029922077672402483,-5.6979232585840965e-6,5.011435910590469e-5,-1.8686696679833275,28.811528674190974,4.079160000000263
517.9999999999989,3.923358173448519,3.9314357922309853,0.008077618782466267,0.00827824680432259,0.2058853264311138,0.21228580352729162,0.8041085670365853,0.8034147597714879,0.8548150940086233,0.8674464960573948,-0.0006938072650973792,0.0004782413234142644,-0.08628278487994426,0.05983579227568604,0.00031250004603547595,0.00020874214863302496,-0.00010375789740245099,0.00012526121357467443,-33.202522277603784,70.97571353421924,0.0003270074041493329,0.0003297982046707378,2.79080052140488e-6,5.011435910590469e-5,0.85343649287232,28.811528674190974,6.473249999997278
518.9999999999987,3.864158504894658,3.8788229449194533,0.0146644400247955,0.00827824680432259,0.37949892599437435,0.21228580352729162,0.8030833490058811,0.8023895696730243,0.8540033184968768,0.866742284500124,-0.0006937793328567476,0.0004782413234142644,-0.08638945555471442,0.05983579227568604,0.0003708052034001631,0.00027238241181890856,-9.842279158125457e-5,0.00012526121357467443,-26.54299095016725,70.97571353421924,0.0003548866647589571,0.00036715089119419424,1.2264226435237155e-5,5.011435910590469e-5,3.455814955337122,28.811528674190974,10.610099999994825
519.9999999999987,3.8464870718422848,3.861624235777616,0.015137163935331266,0.00827824680432259,0.393532167211504,0.21228580352729162,0.8008511310981667,0.8001596801347323,0.8524500062972964,0.8654280366146162,-0.0006914509634344812,0.0004782413234142644,-0.08633951262406653,0.05983579227568604,0.0005324727487458933,0.0004429054983267566,-8.956725041913669e-5,0.00012526121357467443,-16.82100175644481,70.97571353421924,0.00040450062653637234,0.00043411879100693085,2.961816447055851e-5,5.011435910590469e-5,7.322155400393496,28.811528674190974,11.76344999999856
520.9999999999987,3.8449074517541137,3.857845731415845,0.012938279661731222,0.00827824680432259,0.33650431965088146,0.21228580352729162,0.7981874386575225,0.7974988657535231,0.8506988296367833,0.864022463283915,-0.0006885729039993738,0.0004782413234142644,-0.08626706844165448,0.05983579227568604,0.0007343574277907782,0.0006568898765029454,-7.746755128783278e-5,0.00012526121357467443,-10.54902535961053,70.97571353421924,0.0004687101782092667,0.0005213342129918013,5.262403478253463e-5,5.011435910590469e-5,11.227414557880454,28.811528674190974,11.465100000000373
521.9999999999986,3.8584921098876883,3.867923316976257,0.009431207088568705,0.00827824680432259,0.24442727417792295,0.21228580352729162,0.7961172900342138,0.7954353907248835,0.8493257475230067,0.8629871418637949,-0.0006818993093303805,0.0004782413234142644,-0.08565312145162371,0.05983579227568604,0.0008766312585749339,0.0008072323548343404,-6.939890374059357e-5,0.00012526121357467443,-7.9165445062282584,70.97571353421924,0.0005288586493257387,0.0006007430032269428,7.188435390120416e-5,5.011435910590469e-5,13.592356670889691,28.811528674190974,9.950850000002067
522.9999999999986,3.8631584822532288,3.8714017027359584,0.00824322048272963,0.00827824680432259,0.213380334267873,0.21228580352729162,0.7948344290148119,0.7941633983266229,0.8484009075633068,0.8623155511238438,-0.0006710306881890782,0.0004782413234142644,-0.08442395846148901,0.05983579227568604,0.000938600105973265,0.0008700309685946042,-6.856913737866084e-5,0.00012526121357467443,-7.305468744600159,70.97571353421924,0.0005752565585251154,0.0006569373893274805,8.168083080236515e-5,5.011435910590469e-5,14.199026432968346,28.811528674190974,9.255600000000948
523.9999999999985,3.872541716034479,3.879679828669224,0.007138112634744953,0.00827824680432259,0.18432629415428098,0.21228580352729162,0.7940530448099388,0.7933935410140385,0.8477686019279801,0.8618566445207421,-0.0006595037959002958,0.0004782413234142644,-0.08305538278719804,0.05983579227568604,0.0009536953984490521,0.0008822761321037673,-7.141926634528489e-5,0.00012526121357467443,-7.488687316876072,70.97571353421924,0.0006084440252942909,0.0006913821868781475,8.29381615838566e-5,5.011435910590469e-5,13.63119007434435,28.811528674190974,8.314650000001391
524.9999999999985,3.854200219370669,3.8640646477817304,0.00986442841106161,0.00827824680432259,0.2559396982410094,0.21228580352729162,0.7934812477838863,0.7928316587883506,0.8472763103176667,0.8614893775681569,-0.0006495889955356882,0.0004782413234142644,-0.08186570222672876,0.05983579227568604,0.0009543020436437336,0.0008798507294839865,-7.445131415974705e-5,0.00012526121357467443,-7.8016509191865175,70.97571353421924,0.0006326515224258671,0.0007121270623044394,7.947553987857226e-5,5.011435910590469e-5,12.562293310198278,28.811528674190974,9.45179999999832
525.9999999999985,3.8454459147080007,3.856481136004091,0.01103522129609047,0.00827824680432259,0.2869685737584588,0.21228580352729162,0.7926997133237094,0.7920616870838012,0.8466753659512599,0.8610292018726139,-0.0006380262399081627,0.0004782413234142644,-0.08048775963762916,0.05983579227568604,0.000977880637161438,0.0009002339041806797,-7.764673298075824e-5,0.00012526121357467443,-7.940307848425018,70.97571353421924,0.0006564082140025098,0.0007323970581618756,7.598884415936581e-5,5.011435910590469e-5,11.57646149733819,28.811528674190974,9.902699999999333
526.9999999999984,3.8583485317321595,3.8671440355624385,0.008795503830278939,0.00827824680432259,0.2279603244222808,0.21228580352729162,0.7915598750126608,0.7909363282612575,0.8458782887216337,0.8604195028297048,-0.0006235467514033033,0.0004782413234142644,-0.07877442643152292,0.05983579227568604,0.0010356829213181479,0.0009544042201362147,-8.127870118193321e-5,0.00012526121357467443,-7.847836389779135,70.97571353421924,0.000685231672089092,0.0007605238279585393,7.529215586944736e-5,5.011435910590469e-5,10.987839432450823,28.811528674190974,8.691750000001928
527.9999999999984,3.863108433589655,3.8711921992251725,0.008083765635517715,0.00827824680432259,0.20925546808962248,0.21228580352729162,0.7907587046384424,0.7901459113709702,0.8452865361642521,0.8599623518059728,-0.0006127932674722114,0.0004782413234142644,-0.07749434358138341,0.05983579227568604,0.0010615172196009404,0.000976738044435492,-8.477917516544844e-5,0.00012526121357467443,-7.986603853427808,70.97571353421924,0.0007089041098330727,0.0007827043886485963,7.380027881552368e-5,5.011435910590469e-5,10.41047410952401,28.811528674190974,8.146350000000869
528.9999999999984,3.897559393467853,3.9018291967804744,0.004269803312621168,0.00827824680432259,0.10955069266621517,0.21228580352729162,0.790334596753003,0.7897293132369514,0.8449182988170102,0.8596693020342063,-0.0006052835160516024,0.0004782413234142644,-0.0765857294541247,0.05983579227568604,0.0010533308824907774,0.0009653847563419101,-8.794612614886727e-5,0.00012526121357467443,-8.349335200436157,70.97571353421924,0.0007240471496169108,0.0007940669073562373,7.001975773932652e-5,5.011435910590469e-5,9.670607470297146,28.811528674190974,5.778000000003769
529.9999999999983,3.9448281555351405,3.9452101281116065,0.00038197257646599425,0.00827824680432259,0.00968286985910993,0.21228580352729162,0.7903919786469492,0.7897887600703118,0.8448649902516581,0.8596158245048567,-0.0006032185766373654,0.0004782413234142644,-0.07631891427719181,0.05983579227568604,0.0010090624504796742,0.000920084645448425,-8.89778050312492e-5,0.00012526121357467443,-8.817869001958417,70.97571353421924,0.0007272140134074307,0.0007903218388717411,6.310782546431048e-5,5.011435910590469e-5,8.67802659200869,28.811528674190974,3.2517900000043083
530.9999999999983,3.965685729818942,3.9659787006741403,0.0002929708551984156,0.00827824680432259,0.007387646807095617,0.21228580352729162,0.7911967929281815,0.7905870773771142,0.8453380266455786,0.85998574951888,-0.0006097155510672581,0.0004782413234142644,-0.07706243965053625,0.05983579227568604,0.0009145811199845427,0.0008283834846234077,-8.6197635361135e-5,0.00012526121357467443,-9.42482120805116,70.97571353421924,0.0007121041817414386,0.0007638092226051105,5.170504086367191e-5,5.011435910590469e-5,7.260881509953798,28.811528674190974,2.394540000001462
531.9999999999982,3.9673961572024536,3.969150255570129,0.0017540983676753719,0.00827824680432259,0.04421283628283409,0.21228580352729162,0.7921605762121303,0.7915433206287853,0.8459646560919142,0.8604897091250368,-0.0006172555833450222,0.0004782413234142644,-0.0779205128203362,0.05983579227568604,0.000819699847303972,0.0007372251720526576,-8.247467525131441e-5,0.00012526121357467443,-10.061570161636258,70.97571353421924,0.0006872002268711316,0.0007261050980912711,3.890487122013952e-5,5.011435910590469e-5,5.661358902233777,28.811528674190974,2.39454
532.9999999999982,3.969080253705608,3.971753156063938,0.002672902358329843,0.00827824680432259,0.06734311698117897,0.21228580352729162,0.792793780015424,0.792172648076807,0.8463734388366053,0.8608083490772696,-0.0006211319386170144,0.0004782413234142644,-0.07834722651392777,0.05983579227568604,0.0007552741489240107,0.0006748967480286433,-8.037740089536743e-5,0.00012526121357467443,-10.642149080552514,70.97571353421924,0.0006637361450094651,0.0006920604941702487,2.8324349160783547e-5,5.011435910590469e-5,4.267410984583283,28.811528674190974,2.39454
533.9999999999982,3.9704689269910465,3.9736678469915527,0.0031989200005062557,0.00827824680432259,0.08056781350837831,0.21228580352729162,0.7931555418769205,0.7925327258877893,0.8465906432508776,0.8609596334605151,-0.0006228159891311646,0.0004782413234142644,-0.07852381484435386,0.05983579227568604,0.0007128895762368205,0.0006334833062203822,-7.940627001643832e-5,0.00012526121357467443,-11.13864933130397,70.97571353421924,0.0006445681627016983,0.0006654670737098158,2.0898911008117456e-5,5.011435910590469e-5,3.2423120187196286,28.811528674190974,2.39454
534.9999999999981,3.9716234618353425,3.9751550011784196,0.003531539343077039,0.00827824680432259,0.08891928897622801,0.21228580352729162,0.793392955538434,0.7927691804050163,0.8467232459421967,0.8610382389416984,-0.0006237751334177144,0.0004782413234142644,-0.07862120895620897,0.05983579227568604,0.0006809755855881618,0.0006021943442537898,-7.878124133437207e-5,0.00012526121357467443,-11.568878973293637,70.97571353421924,0.0006287035234349743,0.000644723958104635,1.602043466966067e-5,5.011435910590469e-5,2.548170015356632,28.811528674190974,2.39454
535.9999999999981,3.874621735630145,3.8880151007995516,0.01339336516940648,0.00827824680432259,0.3456689732121235,0.21228580352729162,0.7935554900087828,0.7929311656304115,0.8468055792095753,0.8610745739451818,-0.0006243243783712327,0.0004782413234142644,-0.07867431909069432,0.05983579227568604,0.0006554104623418118,0.0005771190425729182,-7.829141976889355e-5,0.00012526121357467443,-11.945402807449046,70.97571353421924,0.000615381904192225,0.0006283151099208713,1.293320572864627e-5,5.011435910590469e-5,2.101655190141302,28.811528674190974,7.678349999989789
536.9999999999981,3.930812334701029,3.9370374309231364,0.006225096222107318,0.00827824680432259,0.15836666042671274,0.21228580352729162,0.792511020590268,0.7919002600938263,0.846055032217981,0.8603659970586812,-0.000610760496441709,0.0004782413234142644,-0.07706649883389761,0.05983579227568604,0.0007202778128460205,0.0006346395120652785,-8.563830078074197e-5,0.00012526121357467443,-11.889620817606602,70.97571353421924,0.0006249087424029118,0.0006426430821005965,1.773433969768474e-5,5.011435910590469e-5,2.8379087207985436,28.811528674190974,4.251960000006623
537.999999999998,3.928512290437607,3.9341330881532475,0.005620797715640613,0.00827824680432259,0.143077004730829,0.21228580352729162,0.7915482917651173,0.7909485326951098,0.8453419145910966,0.8596934933104434,-0.0005997590700075328,0.0004782413234142644,-0.07577037007686503,0.05983579227568604,0.0007723649285268893,0.000681002773453699,-9.136215507319029e-5,0.00012526121357467443,-11.82888446882782,70.97571353421924,0.000640395913454674,0.0006647785497975021,2.4382636342828133e-5,5.011435910590469e-5,3.807431595135232,28.811528674190974,4.288859999999924
538.999999999998,4.065619195568131,4.062605149431257,-0.003014046136874171,0.00827824680432259,-0.0741349839197861,0.21228580352729162,0.791640405882502,0.79103889417248,0.8453435384820381,0.8596700913513419,-0.0006015117100219847,0.0004782413234142644,-0.07598294699869869,0.05983579227568604,0.0007410253786468585,0.0006516334612005916,-8.939191744626693e-5,0.00012526121357467443,-12.063273407653066,70.97571353421924,0.0006402203741003887,0.0006654448709150416,2.522449681465291e-5,5.011435910590469e-5,3.939970959233737,28.811528674190974,-0.7067699999897772
539.9999999999978,4.067015265708767,4.065156969151912,-0.001858296556854988,0.00827824680432259,-0.0456919002129966,0.21228580352729162,0.7925748659967906,0.7919686413891922,0.8460809433811235,0.8603487295234077,-0.0006062246075984046,0.0004782413234142644,-0.07648799294637983,0.05983579227568604,0.000667035353241895,0.000581262902252733,-8.577245098916205e-5,0.00012526121357467443,-12.858756372101517,70.97571353421924,0.000620665640609555,0.0006401003653582867,1.9434724748731654e-5,5.011435910590469e-5,3.1312712476954307,28.811528674190974,-0.7003350000000139
540.9999999999978,4.024040841195089,4.026026510350084,0.0019856691549948735,0.00827824680432259,0.04934515412137703,0.21228580352729162,0.7940555041933105,0.7934416729567259,0.8472768791695541,0.8614532748119668,-0.0006138312365846499,0.0004782413234142644,-0.0773033161212386,0.05983579227568604,0.0005658707547810882,0.0004849998970547483,-8.087085772633991e-5,0.00012526121357467443,-14.291400826611984,70.97571353421924,0.0005845387049704744,0.0005929297525749009,8.39104760442654e-6,5.011435910590469e-5,1.4354990581590965,28.811528674190974,0.6696899999970407
541.9999999999978,3.9761627883027084,3.981574410015306,0.005411621712597459,0.00827824680432259,0.1361016135586214,0.21228580352729162,0.794592013000375,0.7939748502940528,0.8476737405618137,0.8617938448073745,-0.0006171627063221719,0.0004782413234142644,-0.07767038885676297,0.05983579227568604,0.0005230090706397532,0.0004448302552755859,-7.817881536416733e-5,0.00012526121357467443,-14.94788900478107,70.97571353421924,0.0005592166792043196,0.0005602758991690032,1.0592199646835979e-6,5.011435910590469e-5,0.18941136845036652,28.811528674190974,2.394539999996274
542.9999999999977,3.9769673676034722,3.982097623997134,0.005130256393661714,0.00827824680432259,0.12899920767399245,0.21228580352729162,0.7943744347089045,0.7937572834461003,0.8474394199613123,0.8615289636676197,-0.0006171512628041498,0.0004782413234142644,-0.0776902221218011,0.05983579227568604,0.0005249560286500802,0.0004473657629064676,-7.759026574361255e-5,0.00012526121357467443,-14.780336163227851,70.97571353421924,0.000549637985439676,0.000549145665591003,-4.923198486729867e-7,5.011435910590469e-5,-0.08957165656575966,28.811528674190974,2.39454
543.9999999999977,4.109081829855839,4.106340394729387,-0.0027414351264516412,0.00827824680432259,-0.06671648898624685,0.21228580352729162,0.7940116580249723,0.7933963470192231,0.8471035433273945,0.8611725550963646,-0.0006153110057491862,0.0004782413234142644,-0.07749395106864214,0.05983579227568604,0.0005361057122561309,0.00045784515872156976,-7.82605535345611e-5,0.00012526121357467443,-14.597970464670443,70.97571353421924,0.0005478092937222609,0.0005490070408108827,1.1977470886217426e-6,5.011435910590469e-5,0.21864307567388586,28.811528674190974,-1.8696599999903045
544.9999999999976,4.194054601440979,4.184227002381599,-0.009827599059380354,0.00827824680432259,-0.23432215345989582,0.21228580352729162,0.7947729203546915,0.7941581089608746,0.8477629853832568,0.8617807277409186,-0.0006148113938169164,0.0004782413234142644,-0.07735686232773736,0.05983579227568604,0.0004855220454139615,0.0004067273427219042,-7.87947026920573e-5,0.00012526121357467443,-16.228861992224484,70.97571353421924,0.0005292101347440945,0.0005273171989153738,-1.8929358287206972e-6,5.011435910590469e-5,-0.35769077431520613,28.811528674190974,-5.782499999990659
545.9999999999976,4.32606566338456,4.300268090272358,-0.025797573112201988,0.00827824680432259,-0.596328745782811,0.21228580352729162,0.7969380380852586,0.7963378406574284,0.8496451528584746,0.863549968108296,-0.0006001974278302402,0.0004782413234142644,-0.07531293515268617,0.05983579227568604,0.00035809390961050923,0.00026704841095886187,-9.104549865164736e-5,0.00012526121357467443,-25.425034106465404,70.97571353421924,0.00048088027094772155,0.00046603405051489884,-1.4846220432822711e-5,5.011435910590469e-5,-3.087300796009721,28.811528674190974,-15.499349999976802
546.9999999999976,4.308382647453033,4.290671834108201,-0.017710813344832488,0.00827824680432259,-0.41107800290910806,0.21228580352729162,0.8012084937944652,0.8007047095083386,0.8528438272960395,0.8663421072534376,-0.0005037842861266295,0.0004782413234142644,-0.06287805109762924,0.05983579227568604,4.911160721776221e-5,-0.00012045154431280658,7.133993709504437e-5,0.00012526121357467443,145.2608479676121,70.97571353421924,0.0003837887925398308,0.00033139661053935775,-5.2392182000473024e-5,5.011435910590469e-5,-13.65130587940126,28.811528674190974,-13.126050000005666
547.9999999999975,4.28908967903646,4.279239502899837,-0.009850176136622757,0.00827824680432259,-0.22965656756413613,0.21228580352729162,0.8054559194688348,0.8050534690932069,0.8559425046567847,0.8689035429370673,-0.0004024503756279163,0.0004782413234142644,-0.04996553702073676,0.05983579227568604,-0.0002591061677242203,-0.0005105271383706098,0.00025142097064638947,0.00012526121357467443,-97.03395826300415,70.97571353421924,0.0002712184737034263,0.0001740314162652716,-9.71870574381547e-5,5.011435910590469e-5,-35.83349471409068,28.811528674190974,-10.737000000005974
548.9999999999975,4.263411916309863,4.258434386763712,-0.00497752954615116,0.00827824680432259,-0.11674990931815456,0.21228580352729162,0.8073485712756371,0.8069647522725834,0.8575540229708686,0.8701549582991047,-0.0003838190030537314,0.0004782413234142644,-0.047540680284760384,0.05983579227568604,-0.0003550296573201664,-0.0006224503918596045,0.00026742073453943816,0.00012526121357467443,-75.32349172122194,70.97571353421924,0.00019506680315142637,7.422645262336124e-5,-0.00012084035052806513,5.011435910590469e-5,-61.948188300527605,28.811528674190974,-8.334900000006007
549.9999999999975,4.230853235155291,4.229677081892572,-0.0011761532627190263,0.00827824680432259,-0.027799434235771976,0.21228580352729162,0.8081560703766258,0.8077634935364846,0.8583988617155665,0.8707754120313062,-0.0003925768401412677,0.0004782413234142644,-0.0485768596600796,0.05983579227568604,-0.000367656828746283,-0.0006288171786944102,0.00026116034994812725,0.00012526121357467443,-71.03372752212687,70.97571353421924,0.00014740275190606222,1.7039513482854964e-5,-0.00013036323842320724,5.011435910590469e-5,-88.44016596534505,28.811528674190974,-5.922450000006034
550.9999999999974,4.18815336380165,4.190215306744144,0.002061942942494177,0.00827824680432259,0.049232746830992845,0.21228580352729162,0.8082398377569278,0.8078273757805906,0.8586413301013249,0.8709526897138145,-0.00041246197633715287,0.0004782413234142644,-0.05103212648882049,0.05983579227568604,-0.0003344646348413716,-0.0005762910457182171,0.0002418264108768455,0.00012526121357467443,-72.30253536118634,70.97571353421924,0.00012200688867188593,-8.551912030880444e-6,-0.00011345497664100548,5.011435910590469e-5,-92.99063182089728,28.811528674190974,-3.5020800000063286
551.9999999999974,4.124916367200615,4.129825709622258,0.004909342421643537,0.00827824680432259,0.1190167747564607,0.21228580352729162,0.8077610430372459,0.8073234388549275,0.8583543457706112,0.870720195922035,-0.00043760418231841847,0.0004782413234142644,-0.054174955092287175,0.05983579227568604,-0.0002724796150829641,-0.00048810635290735767,0.00021562673782439355,0.00012526121357467443,-79.13499795525618,70.97571353421924,0.00011509036004617983,-8.931395197705293e-6,-0.00010615896484847454,5.011435910590469e-5,-92.23966699372426,28.811528674190974,-1.0768500000063415
552.9999999999973,4.081438539401814,4.086492815417466,0.00505427601565156,0.00827824680432259,0.1238356517403868,0.21228580352729162,0.8068138591267079,0.8063506750161041,0.857582884559595,0.8700743132837623,-0.00046318411060375375,0.0004782413234142644,-0.057409042415942434,0.05983579227568604,-0.00019259030466812685,-0.0003806054571075068,0.00018801515243937995,0.00012526121357467443,-97.62441196786575,70.97571353421924,0.00012410868608249393,1.1947646018465948e-5,-0.00011216104006402798,5.011435910590469e-5,-90.37323946002904,28.811528674190974,0.13676399999668867
553.9999999999973,4.080867010702536,4.084230958432336,0.0033639477297997544,0.00827824680432259,0.08243218220484569,0.21228580352729162,0.8057230973158589,0.8052386205340144,0.856630788177284,0.8692458172853967,-0.0004844767818444895,0.0004782413234142644,-0.060129439438741245,0.05983579227568604,-0.00011471294672698715,-0.0002797777505516034,0.00016506480382461622,0.00012526121357467443,-143.89378752292427,70.97571353421924,0.0001428380925570489,4.564725659287756e-5,-9.719083596417132e-5,5.011435910590469e-5,-68.0426588064061,28.811528674190974,0.136764
554.9999999999973,4.080163366432761,4.082371827834636,0.002208461401874473,0.00827824680432259,0.0541267886487914,0.21228580352729162,0.8049365770682502,0.8044368258730537,0.8559360063217607,0.8686327147012821,-0.0004997511951965183,0.0004782413234142644,-0.062085785319474264,0.05983579227568604,-6.112003187048661e-5,-0.00021010109230150444,0.00014898106043101784,0.00012526121357467443,-243.7516078962603,70.97571353421924,0.00016166484752771717,7.93061010801515e-5,-8.235874644756568e-5,5.011435910590469e-5,-50.944127747651144,28.811528674190974,0.136764
555.9999999999972,4.079596741621432,4.081101680153554,0.0015049385321219688,0.00827824680432259,0.036889394404306546,0.21228580352729162,0.8044732928208302,0.8039623862838982,0.8555246999242859,0.8682774795599952,-0.0005109065369320875,0.0004782413234142644,-0.06350820362732353,0.05983579227568604,-2.9505945239170877e-5,-0.00016666029031082432,0.00013715434507165344,0.00012526121357467443,-464.8363031921207,70.97571353421924,0.0001766175825586369,0.00010724131918730523,-6.937626337133166e-5,5.011435910590469e-5,-39.28049652038397,28.811528674190974,0.136764
556.9999999999972,4.0791383164340544,4.080175327210582,0.0010370107765274028,0.00827824680432259,0.025422299909505106,0.21228580352729162,0.8041511787841279,0.8036315866014019,0.8552336570946598,0.8680297907157528,-0.0005195921827260142,0.0004782413234142644,-0.06461374383752501,0.05983579227568604,-7.936952760799993e-6,-0.00013567404476853202,0.00012773709200773203,0.00012526121357467443,-1609.397156029652,70.97571353421924,0.00018852116088072897,0.00013008567477686025,-5.843548610386871e-5,5.011435910590469e-5,-30.996778202972603,28.811528674190974,0.136764
557.999999999997,4.078769319341966,4.07948924974819,0.0007199304062242007,0.00827824680432259,0.017650677198394447,0.21228580352729162,0.8039111377562783,0.8033844715554654,0.855012192366301,0.8678433959946544,-0.0005266662008128753,0.0004782413234142644,-0.06551298720438237,0.05983579227568604,7.742552369502695e-6,-0.00011217796837382384,0.00010443541600432115,0.00012526121357467443,1348.849978925348,70.97571353421924,0.00019799990416317586,0.00014851117654955128,-4.948872761362458e-5,5.011435910590469e-5,-24.994318973427323,28.811528674190974,0.136764
558.999999999997,4.0784746692044,4.078976536207341,0.0005018670029404149,0.00827824680432259,0.012305262227810171,0.21228580352729162,0.8037252247672014,0.8031926347529535,0.8548366793061897,0.8676970557813003,-0.0005325900142478801,0.0004782413234142644,-0.0662651858913778,0.05983579227568604,1.9527999504018462e-5,-9.37302363539231e-5,7.420223684990464e-5,0.00012526121357467443,379.9786907749324,70.97571353421924,0.0002055401200258754,0.00016323847900164711,-4.230164102422829e-5,5.011435910590469e-5,-20.58072215726202,28.811528674190974,0.136764
559.999999999997,4.078242022736397,4.078591204621765,0.00034918188536803285,0.00827824680432259,0.00856206873994547,0.21228580352729162,0.803577485012421,0.8030398396179309,0.8546937339289497,0.8675787980250858,-0.0005376453944900828,0.0004782413234142644,-0.06690647815770652,0.05983579227568604,2.856725239379606e-5,-7.890749039594672e-5,5.034023800215066e-5,0.00012526121357467443,176.2165899198728,70.97571353421924,0.0002115252510624396,0.00017493185709789236,-3.659339396454723e-5,5.011435910590469e-5,-17.299775691435215,28.811528674190974,0.136764
560.9999999999969,4.078060942975541,4.078304186147722,0.00024324317218127334,0.00827824680432259,0.005964677222400505,0.21228580352729162,0.8034578466662344,0.8029158260437672,0.8545749410165182,0.8674811445285647,-0.0005420206224672208,0.0004782413234142644,-0.06746099060656538,0.05983579227568604,3.558885372544765e-5,-6.679511271296595e-5,3.1206258987518306e-5,0.00012526121357467443,87.6854849786983,70.97571353421924,0.00021625771704931955,0.00018417037464625303,-3.208734240306652e-5,5.011435910590469e-5,-14.837547922393309,28.811528674190974,0.136764
561.9999999999969,4.077922753616049,4.078089584069394,0.00016683045334531243,0.00827824680432259,0.004091064579322341,0.21228580352729162,0.8033595381676141,0.8028136895592279,0.8544746472545158,0.8673991111149683,-0.0005458486083861347,0.0004782413234142644,-0.06794574315146154,0.05983579227568604,4.1084643659788305e-5,-5.676869748137834e-5,1.5684053821590035e-5,0.00012526121357467443,38.174978348274784,70.97571353421924,0.00021997644920390377,0.00019143826094126097,-2.8538188262642797e-5,5.011435910590469e-5,-12.973292534688458,28.811528674190974,0.136764
562.9999999999969,4.077820139956122,4.077934129670664,0.0001139897145421287,0.00827824680432259,0.0027953590553249667,0.21228580352729162,0.8032778004391283,0.8027285733840623,0.8543888730110217,0.8673292215365845,-0.0005492270550659928,0.0004782413234142644,-0.06837323958980898,0.05983579227568604,4.540118736508706e-5,-4.838332654224975e-5,2.982139177162687e-6,0.00012526121357467443,6.568416709418297,70.97571353421924,0.00022287073084644495,0.00019713207396978335,-2.5738656876661602e-5,5.011435910590469e-5,-11.548693172453946,28.811528674190974,0.136764
563.9999999999968,4.077747058421448,4.077821313423514,7.425500206625912e-5,0.00827824680432259,0.001820981071224272,0.21228580352729162,0.8032091749174614,0.8026569449558412,0.8543147170639098,0.8672689659114161,-0.0005522299616201876,0.0004782413234142644,-0.06875294491960146,0.05983579227568604,4.879073924815616e-5,-4.131163825564272e-5,-7.479100992513439e-6,0.00012526121357467443,-15.32893558852171,70.97571353421924,0.00022509092961855173,0.00020157015101886547,-2.3520778599686262e-5,5.011435910590469e-5,-10.449456421698347,28.811528674190974,0.136764
564.9999999999968,4.077698437306973,4.077745593500855,4.715619388218073e-5,0.00827824680432259,0.0011564414241805486,0.21228580352729162,0.8031510809319882,0.802596166196521,0.8542500053905979,0.8672164808878479,-0.0005549147354672046,0.0004782413234142644,-0.06909219804862535,0.05983579227568604,5.144160129502155e-5,-3.530666867914356e-5,-1.613493261587799e-5,0.00012526121357467443,-31.365533361496478,70.97571353421924,0.00022675707501032058,0.0002050060658175221,-2.175100919279849e-5,5.011435910590469e-5,-9.592207516263171,28.811528674190974,0.136764
565.9999999999967,4.077670108956403,4.077695550127994,2.544117159075654e-5,0.00827824680432259,0.0006239144146280066,0.21228580352729162,0.8031015510072465,0.8025442241682145,0.8541930722524462,0.8671703523364396,-0.0005573268390319797,0.0004782413234142644,-0.0693968077054493,0.05983579227568604,5.349729286553719e-5,-3.0178158932158e-5,-2.3319133933379186e-5,0.00012526121357467443,-43.58937188091121,70.97571353421924,0.00022796539288250748,0.0002076398313324304,-2.0325561550077074e-5,5.011435910590469e-5,-8.916073309668013,28.811528674190974,0.136764
566.9999999999967,4.077658578711912,4.077669589623124,1.1010911212139263e-5,0.00827824680432259,0.00027003023915792116,0.21228580352729162,0.8030590581050067,0.80249955528635,0.8541426175248688,0.8671294851377164,-0.0005595028186566875,0.0004782413234142644,-0.06967144109885974,0.05983579227568604,5.5069059345455956e-5,-2.577715499851525e-5,-2.9291904346940705e-5,0.00012526121357467443,-53.191219706856565,70.97571353421924,0.00022879350254037363,0.00020962914535044023,-1.91643571899334e-5,5.011435910590469e-5,-8.37626810951574,28.811528674190974,0.136764
567.9999999999967,4.077660983493159,4.077659311793259,-1.6716998993970833e-6,0.00827824680432259,-4.09965395888554e-5,0.21228580352729162,0.8030223988873996,0.8024609263496191,0.8540976104692788,0.8670930186197773,-0.0005614725377804941,0.0004782413234142644,-0.06991990990019996,0.05983579227568604,5.6244410856328484e-5,-2.1985209396462033e-5,-3.425920145986645e-5,0.00012526121357467443,-60.911299342042426,70.97571353421924,0.0002293043436211454,0.00021109791954159658,-1.8206424079548816e-5,5.011435910590469e-5,-7.939851374830173,28.811528674190974,0.136764
568.9999999999966,4.015307293460771,4.018557294828274,0.003250001367502975,0.00827824680432259,0.08094028999463741,0.21228580352729162,0.8029906126805681,0.8024273520592703,0.8540572228391254,0.867060265210804,-0.0005632606212978564,0.0004782413234142644,-0.07014535567452804,0.05983579227568604,5.70930160366947e-5,-1.870712131489503e-5,-3.838589472179967e-5,0.00012526121357467443,-67.23395852327782,70.97571353421924,0.00022954928974466726,0.00021214391145181247,-1.740537829285479e-5,5.011435910590469e-5,-7.582414353019858,28.811528674190974,2.050109999993474
569.9999999999966,3.9310187115415443,3.9411180090949656,0.010099297553421316,0.00827824680432259,0.2569129860351361,0.21228580352729162,0.8025490444244068,0.8019850378394959,0.8536718958263281,0.8666930829324488,-0.0005640065849108478,0.0004782413234142644,-0.07027689944050171,0.05983579227568604,8.17331390623173e-5,7.988276856674929e-6,-7.374486220564236e-5,0.00012526121357467443,-90.22639170803866,70.97571353421924,0.0002365973476744922,0.0002220880480793709,-1.4509299595121314e-5,5.011435910590469e-5,-6.132486157487714,28.811528674190974,6.1852499999858965
570.9999999999966,3.8724144396030895,3.8880250652435415,0.015610625640452014,0.00827824680432259,0.4031238361473535,0.21228580352729162,0.8009823900908443,0.8004221549300424,0.8524369262215293,0.8655255079517892,-0.0005602351608018363,0.0004782413234142644,-0.0699435053420209,0.05983579227568604,0.00018144809273863154,0.00010821121962137952,-7.323687311725202e-5,0.00012526121357467443,-40.362437549975624,70.97571353421924,0.0002648562572154156,0.0002604327171250644,-4.423540090351167e-6,5.011435910590469e-5,-1.6701663524427774,28.811528674190974,10.222649999986231
571.9999999999965,3.831554816388271,3.8501833675579884,0.01862855116971751,0.00827824680432259,0.4861877765663104,0.21228580352729162,0.7982734084546408,0.797721036114164,0.850505685620802,0.8637800508751912,-0.0005523723404767811,0.0004782413234142644,-0.06919588384462236,0.05983579227568604,0.0003753762739228687,0.00030403494715375734,-7.134132676911133e-5,0.00012526121357467443,-19.005283957762966,70.97571353421924,0.0003199245233606871,0.00033632046033911305,1.639593697842594e-5,5.011435910590469e-5,5.1249390969447335,28.811528674190974,13.352849999988969
572.9999999999965,3.8800795469088607,3.8887652068933645,0.008685659984503769,0.00827824680432259,0.2238526267180106,0.21228580352729162,0.7949851600523793,0.794440475085502,0.8483746331639063,0.8620119810424334,-0.0005446849668773179,0.0004782413234142644,-0.06851511125584157,0.05983579227568604,0.000633384948755301,0.0005708884401995568,-6.249650855574417e-5,0.00012526121357467443,-9.867065625503011,70.97571353421924,0.0003956160662358891,0.000442871248202333,4.7255181966443874e-5,5.011435910590469e-5,11.944707507977597,28.811528674190974,8.91495000001564
573.9999999999964,3.8762013627510656,3.883853438999698,0.007652076248632511,0.00827824680432259,0.19741173206754112,0.21228580352729162,0.7930562138637014,0.792517949974848,0.8470644662073216,0.8609826686577856,-0.0005382638888533631,0.0004782413234142644,-0.06787209777110098,0.05983579227568604,0.0007578743351188287,0.0007000557931415944,-5.781854197723431e-5,0.00012526121357467443,-7.629040765467909,70.97571353421924,0.0004569739534615517,0.0005266284552798018,6.965450181825014e-5,5.011435910590469e-5,15.242554042877336,28.811528674190974,8.821800000000339
574.9999999999964,3.895406799096859,3.9008868123201514,0.005480013223292612,0.00827824680432259,0.14067884320998622,0.21228580352729162,0.7924081849923804,0.7918792835443853,0.8464683935380601,0.8605246935153159,-0.0005289014479951115,0.0004782413234142644,-0.06674608592037666,0.05983579227568604,0.0007545140463598719,0.0006931980948885483,-6.131595147132354e-5,0.00012526121357467443,-8.126548706036731,70.97571353421924,0.0004936264015499587,0.0005698260336284386,7.619963207847994e-5,5.011435910590469e-5,15.43670108390018,28.811528674190974,7.23015000000579
575.9999999999964,4.006104601410891,4.001708867819342,-0.004395733591548989,0.00827824680432259,-0.10972588159582444,0.21228580352729162,0.7918516118471802,0.7913316029687402,0.8459712230766839,0.8601429257212652,-0.0005200088784400592,0.0004782413234142644,-0.06566999052095329,0.05983579227568604,0.0007539940606339464,0.0006900548242703721,-6.393923636357438e-5,0.00012526121357467443,-8.480071621494641,70.97571353421924,0.0005204048065910774,0.0005962525228757615,7.584771628468411e-5,5.011435910590469e-5,14.574753215967808,28.811528674190974,1.5679800000205988
576.9999999999962,4.005813418514487,4.0033205476490945,-0.0024928708653924048,0.00827824680432259,-0.06223132744701972,0.21228580352729162,0.7926993716969157,0.7921748495652066,0.8465008034008374,0.860607103141788,-0.0005245221317091708,0.0004782413234142644,-0.06616911157458556,0.05983579227568604,0.0006591764988702766,0.0005962747995325562,-6.290169933772041e-5,0.00012526121357467443,-9.542466918272101,70.97571353421924,0.0005173067157675562,0.0005821126803769448,6.48059646093886e-5,5.011435910590469e-5,12.527570710778896,28.811528674190974,1.56798
577.9999999999962,3.9378674923425545,3.942944095800674,0.005076603458119333,0.00827824680432259,0.12891757957806163,0.21228580352729162,0.7940431022145114,0.7935104453178593,0.8474192135452278,0.8613948370240951,-0.0005326568966520506,0.0004782413234142644,-0.06708160994869432,0.05983579227568604,0.0005402673813439224,0.00047994972291547013,-6.031765842845222e-5,0.00012526121357467443,-11.164408681940271,70.97571353421924,0.0004944828677512498,0.0005428094835137814,4.832661576253158e-5,5.011435910590469e-5,9.773162815995141,28.811528674190974,4.576049999988715
578.9999999999961,3.9741423662895534,3.9764280602266067,0.002285693937053246,0.00827824680432259,0.057514143339240195,0.21228580352729162,0.7939732869558125,0.7934444234041025,0.8472890086997796,0.861252543251273,-0.0005288635517100015,0.0004782413234142644,-0.06660974120901812,0.05983579227568604,0.0005246227240097205,0.0004627113370273695,-6.191138698235105e-5,0.00012526121357467443,-11.801125675448997,70.97571353421924,0.00048790597682572747,0.0005264866010030311,3.8580624177303674e-5,5.011435910590469e-5,7.907389130238935,28.811528674190974,2.8430550000066988
579.9999999999961,4.005157568270964,4.0053666654248055,0.00020909715384132,0.00827824680432259,0.005220697320320103,0.21228580352729162,0.7936735168191972,0.7931483261474631,0.846997803338392,0.860965602959918,-0.000525190671734066,0.0004782413234142644,-0.06617213005151928,0.05983579227568604,0.0005262500680945501,0.00046282419649541296,-6.342587159913714e-5,0.00012526121357467443,-12.05242059707279,70.97571353421924,0.0004883095510923537,0.000521659237653279,3.33496865609252e-5,5.011435910590469e-5,6.8296199585532555,28.811528674190974,1.6347600000046705
580.9999999999961,4.0447916138056375,4.043598446785926,-0.0011931670197116162,0.00827824680432259,-0.029498850216142458,0.21228580352729162,0.7941039072767878,0.7935756785186652,0.8472857955738766,0.8612075193139812,-0.0005282287581226397,0.0004782413234142644,-0.0665188463728996,0.05983579227568604,0.0004819950605536702,0.00042018672834395076,-6.180833220971943e-5,0.00012526121357467443,-12.82343684989632,70.97571353421924,0.0004780743370470629,0.0005049206183737844,2.6846281326721542e-5,5.011435910590469e-5,5.615503541257586,28.811528674190974,0.4072995000047446
581.999999999996,4.091721797536864,4.0891146468143145,-0.002607150722549356,0.00827824680432259,-0.06371769273558163,0.21228580352729162,0.7947789451977517,0.7942473101645803,0.8477966513160866,0.8616648609004356,-0.0005316350331714403,0.0004782413234142644,-0.06689093066489857,0.05983579227568604,0.0004278409367237678,0.0003678860943263405,-5.995484239742729e-5,0.00012526121357467443,-14.013348712382957,70.97571353421924,0.000460476169122768,0.00047973173891548284,1.9255569792714833e-5,5.011435910590469e-5,4.181664781783981,28.811528674190974,-0.920654999994716
582.999999999996,4.028807903049336,4.0302693658240285,0.0014614627746922793,0.00827824680432259,0.036275315424846216,0.21228580352729162,0.7956769127456911,0.7951436077689781,0.8485238946106265,0.8623358828435272,-0.0005333049767130005,0.0004782413234142644,-0.06702531745865194,0.05983579227568604,0.00036635098302229246,0.0003069032283778161,-5.944775464447637e-5,0.00012526121357467443,-16.226994712570207,70.97571353421924,0.00043602333413015357,0.00044646491497533274,1.0441580845179169e-5,5.011435910590469e-5,2.394729829312837,28.811528674190974,0.9768149999924499
583.999999999996,4.066854038590056,4.066885202113154,3.116352309806558e-5,0.00827824680432259,0.0007662808353178495,0.21228580352729162,0.796085852178095,0.7955521067822959,0.8488375182248157,0.8626117697126419,-0.0005337453957990901,0.0004782413234142644,-0.0670462104481269,0.05983579227568604,0.0003352013320236953,0.00027599499566492323,-5.920633635877207e-5,0.00012526121357467443,-17.662917984641776,70.97571353421924,0.000417468933592025,0.00042179693335657383,4.327999764548805e-6,5.011435910590469e-5,1.036723793387313,28.811528674190974,-0.09214649999574658
584.9999999999959,3.9571621041478258,3.9641545530867006,0.006992448938874851,0.00827824680432259,0.17670362635752254,0.21228580352729162,0.7962356480326174,0.7957006806774742,0.8489329185460175,0.8626783762174274,-0.0005349673551431344,0.0004782413234142644,-0.06718706408899941,0.05983579227568604,0.0003196022752851167,0.0002613698461181494,-5.8232429166967285e-5,0.00012526121357467443,-18.2202799135326,70.97571353421924,0.0004048051626662392,0.00040574177546859585,9.366128023566484e-7,5.011435910590469e-5,0.2313737295709549,28.811528674190974,3.8742299999837666
585.9999999999959,3.9964264906879663,3.9998883638951632,0.0034618732071969305,0.00827824680432259,0.08662421829260232,0.21228580352729162,0.7957791878358595,0.7952478216596472,0.8485550384745364,0.8622988654608671,-0.0005313661762123001,0.0004782413234142644,-0.06677306774726832,0.05983579227568604,0.0003427706176725163,0.00028272250703549975,-6.0048110637016575e-5,0.00012526121357467443,-17.518453315735087,70.97571353421924,0.000404793116094047,0.00040700462565781737,2.2115095637703663e-6,5.011435910590469e-5,0.5463308232881505,28.811528674190974,2.162655000007005
586.9999999999958,4.030196994631106,4.031025878019243,0.000828883388137136,0.00827824680432259,0.020566820660164922,0.21228580352729162,0.7951018110870741,0.7945736867764975,0.8479797057486691,0.8617328183510575,-0.0005281243105765832,0.0004782413234142644,-0.06642222457706698,0.05983579227568604,0.00037571266461326226,0.000314437246228089,-6.127541838517325e-5,0.00012526121357467443,-16.30911708772095,70.97571353421924,0.0004131249319875439,0.000419525279621764,6.400347634220123e-6,5.011435910590469e-5,1.549252329901285,28.811528674190974,0.982800000004963
587.9999999999958,4.081308142708207,4.079997986298106,-0.0013101564101010155,0.00827824680432259,-0.03210138426920256,0.21228580352729162,0.7953363895283052,0.7948057049489257,0.8481445742472798,0.8618777258316342,-0.0005306845793795478,0.0004782413234142644,-0.06672454402523743,0.05983579227568604,0.00035142491897752854,0.00029230567879577873,-5.9119240181749815e-5,0.00012526121357467443,-16.822722860335958,70.97571353421924,0.0004090673761006862,0.00041573134501253256,6.6639689118463854e-6,5.011435910590469e-5,1.6290638904937125,28.811528674190974,-0.4944149999937862
588.9999999999958,4.032409783156794,4.0340609956437525,0.001651212486958542,0.00827824680432259,0.04094852893809521,0.21228580352729162,0.7959490192158651,0.7954164304981644,0.8486470393061875,0.8623497235140299,-0.0005325887177007882,0.0004782413234142644,-0.06691241585113979,0.05983579227568604,0.00030855401888054546,0.0002508823710663958,-5.767164781414968e-5,0.00012526121357467443,-18.690940414059835,70.97571353421924,0.00039530617647432945,0.0003988110833647935,3.5049068904640236e-6,5.011435910590469e-5,0.886630945593542,28.811528674190974,0.952919999993912
589.9999999999957,4.015675418429553,4.01855629995924,0.0028808815296867962,0.00827824680432259,0.07174089610094654,0.21228580352729162,0.7962646763959403,0.795731431060936,0.8488979216084782,0.8625773426994625,-0.0005332453350043176,0.0004782413234142644,-0.06696835246012632,0.05983579227568604,0.000284740710677296,0.00022785915766493172,-5.688155301236428e-5,0.00012526121357467443,-19.976614119232714,70.97571353421924,0.00038324997705628397,0.0003837759388571065,5.259618008225512e-7,5.011435910590469e-5,0.13723726870446978,28.811528674190974,1.5208649999975463
590.9999999999957,3.99970479903673,4.003375125857324,0.003670326820593761,0.00827824680432259,0.09176494278972051,0.21228580352729162,0.7960488405253568,0.7955157426442542,0.8486909695875712,0.8623627224503261,-0.0005330978811026732,0.0004782413234142644,-0.06696798663142983,0.05983579227568604,0.0002914112275811599,0.0002351528998358761,-5.625832774528382e-5,0.00012526121357467443,-19.30547707864671,70.97571353421924,0.0003803793151516263,0.0003808194437344335,4.401285828072054e-7,5.011435910590469e-5,0.1157078119854551,28.811528674190974,2.098214999997506
591.9999999999956,3.9585839851361704,3.9651437408891637,0.006559755752993279,0.00827824680432259,0.16570965217926611,0.21228580352729162,0.7957358303253299,0.7952039117680887,0.8484140200994869,0.8620832935264027,-0.0005319185572412177,0.0004782413234142644,-0.06684612367194114,0.05983579227568604,0.0003039917254402785,0.00024763565270811933,-5.635607273215919e-5,0.00012526121357467443,-18.53868642330226,70.97571353421924,0.0003820166970227291,0.0003840137887601771,1.997091737448043e-6,5.011435910590469e-5,0.5227760338782315,28.811528674190974,3.8742299999921257
592.9999999999956,3.9330943997189247,3.94141096759808,0.008316567879155468,0.00827824680432259,0.21145101118726783,0.21228580352729162,0.7950537711672623,0.7945263106093687,0.8478577706742549,0.8615419307829701,-0.0005274605578935443,0.0004782413234142644,-0.06634275278251311,0.05983579227568604,0.0003400743462629022,0.00028174245845489034,-5.833188780801185e-5,0.00012526121357467443,-17.152686890094632,70.97571353421924,0.0003920633064676392,0.0003983590931666362,6.295786698996982e-6,5.011435910590469e-5,1.605808703630018,28.811528674190974,5.188049999994174
593.9999999999956,3.897650607778018,3.908799542200277,0.011148934422258616,0.00827824680432259,0.28604242771299676,0.21228580352729162,0.7939710807689381,0.7934517641960543,0.847016756853741,0.8607414158659565,-0.0005193165728837323,0.0004782413234142644,-0.06540749222009311,0.05983579227568604,0.00040285667896104894,0.00034064977320616825,-6.220690575488069e-5,0.00012526121357467443,-15.44144828759195,70.97571353421924,0.0004122386654768695,0.0004259635869058348,1.3724921428965307e-5,5.011435910590469e-5,3.329362958491191,28.811528674190974,7.289099999990685
594.9999999999955,3.9101545912201945,3.918550473940119,0.008395882719924419,0.00827824680432259,0.2147199688415495,0.21228580352729162,0.792530719834327,0.7920233229335067,0.845965086785595,0.8597736096922547,-0.000507396900820245,0.0004782413234142644,-0.06402236381781046,0.05983579227568604,0.0004935214854507582,0.00042611856551629846,-6.740291993445971e-5,0.00012526121357467443,-13.657545197428883,70.97571353421924,0.00044261625411044645,0.0004669552321544633,2.4338978044016865e-5,5.011435910590469e-5,5.498889346694335,28.811528674190974,6.3117000000044445
595.9999999999955,3.872914061859704,3.884685372494047,0.011771310634342669,0.00827824680432259,0.3039393708800834,0.21228580352729162,0.7913149801219015,0.7908176971617975,0.8450800286323992,0.8589789238160196,-0.0004972829601039841,0.0004782413234142644,-0.0628426066226344,0.05983579227568604,0.0005644134419494706,0.0004932821407955932,-7.113130115387733e-5,0.00012526121357467443,-12.602694384490828,70.97571353421924,0.0004732264402841033,0.0005073908747420625,3.416443445795913e-5,5.011435910590469e-5,7.2194686411537745,28.811528674190974,8.646299999989383
596.9999999999955,3.884390945345061,3.8937682264173885,0.009377281072327381,0.00827824680432259,0.24140930210860564,0.21228580352729162,0.7900809203233714,0.7895950138015652,0.8442081834986186,0.8582282697103754,-0.0004859065218062453,0.0004782413234142644,-0.0615008550779038,0.05983579227568604,0.0006369537629474999,0.0005621960478567958,-7.475771509070405e-5,0.00012526121357467443,-11.736756957799127,70.97571353421924,0.0005052924909548424,0.0005485610922377916,4.3268601282949164e-5,5.011435910590469e-5,8.563080207502242,28.811528674190974,7.623000000004653
597.9999999999953,3.9706694707524215,3.9705086788797415,-0.0001607918726800328,0.00827824680432259,-0.004049490239981209,0.21228580352729162,0.7888186635731844,0.7883448362010709,0.8433238938456413,0.8574789378919132,-0.0004738273721135444,0.0004782413234142644,-0.060067971765171604,0.05983579227568604,0.0007095458305126887,0.0006308308388874763,-7.871499162521241e-5,0.00012526121357467443,-11.093714914558259,70.97571353421924,0.0005386380524368652,0.0005899995575982649,5.1361505161399675e-5,5.011435910590469e-5,9.535439415955459,28.811528674190974,2.696220000022964
598.9999999999953,3.9693448527627,3.9702559126175245,0.0009110598548245363,0.00827824680432259,0.02295239866071174,0.21228580352729162,0.7891042263084883,0.7886270427332374,0.8434877386397011,0.8576448501973858,-0.0004771835752509501,0.0004782413234142644,-0.060471552342744955,0.05983579227568604,0.0006626226120623576,0.0005872265821323583,-7.539602992999927e-5,0.00012526121357467443,-11.37842695940234,70.97571353421924,0.0005450392937963348,0.0005941972418822027,4.915794808586793e-5,5.011435910590469e-5,9.019156718678124,28.811528674190974,2.709989999999936
599.9999999999952,3.923670881301273,3.930161870432058,0.006490989130785163,0.00827824680432259,0.16543153916702735,0.21228580352729162,0.7899849200575406,0.789499988325699,0.8440670976191386,0.8581664576868608,-0.0004849317318416091,0.0004782413234142644,-0.06138493527272493,0.05983579227568604,0.0005767213942440828,0.0005068956886067102,-6.982570563737257e-5,0.00012526121357467443,-12.10735483966121,70.97571353421924,0.0005323882487241484,0.0005724354127790595,4.004716405491102e-5,5.011435910590469e-5,7.52217280356634,28.811528674190974,4.965299999989232
600.9999999999952,3.921684863021692,3.9285385023421315,0.006853639320439697,0.00827824680432259,0.17476262269474935,0.21228580352729162,0.7897818241254339,0.7893010288597186,0.8438707307717646,0.8579793624946344,-0.0004807952657152059,0.0004782413234142644,-0.060876972732009295,0.05983579227568604,0.0005725733008149729,0.0005015696450515893,-7.100365576338363e-5,0.00012526121357467443,-12.400797533227708,70.97571353421924,0.0005313254485913366,0.0005660647096644686,3.4739261073131965e-5,5.011435910590469e-5,6.538226460869429,28.811528674190974,5.0624999999995355
601.9999999999952,3.918876839871989,3.925649648209712,0.006772808337723202,0.00827824680432259,0.1728252408652995,0.21228580352729162,0.7891124882259285,0.7886397054035745,0.8433457358745423,0.857490607691488,-0.0004727828223539676,0.0004782413234142644,-0.05991323536355017,0.05983579227568604,0.0006020201370895607,0.0005272612699508441,-7.475886713871659e-5,0.00012526121357467443,-12.418001082178908,70.97571353421924,0.000540409751614735,0.0005741421720274749,3.3732420412739854e-5,5.011435910590469e-5,6.242008089592751,28.811528674190974,5.159699999999535
602.9999999999951,3.963329094076164,3.965840531262086,0.0025114371859218387,0.00827824680432259,0.06336685968560087,0.21228580352729162,0.7886182146031268,0.788151081323517,0.8429589756255171,0.8571326822625261,-0.00046713327960978823,0.0004782413234142644,-0.0592344015088307,0.05983579227568604,0.0006188993644827653,0.0005418242851232735,-7.707507935949176e-5,0.00012526121357467443,-12.453572225575957,70.97571353421924,0.0005495719731548802,0.0005834544398634374,3.388246670855716e-5,5.011435910590469e-5,6.165246476098666,28.811528674190974,2.8912950000110893
603.9999999999951,3.9819991664589502,3.98350784366171,0.0015086772027599338,0.00827824680432259,0.037887431405505455,0.21228580352729162,0.7886703995821882,0.7882031067983979,0.8429751646391783,0.857144608069462,-0.00046729278379031847,0.0004782413234142644,-0.059250706510333706,0.05983579227568604,0.0005981746824187301,0.0005223987343481711,-7.577594807055895e-5,0.00012526121357467443,-12.667862799568438,70.97571353421924,0.0005495037189876729,0.0005812017104858234,3.169799149815053e-5,5.011435910590469e-5,5.768476245537769,28.811528674190974,2.12008500000377
604.999999999995,3.982695348623989,3.9850117517751666,0.0023164031511777594,0.00827824680432259,0.058161695746526805,0.21228580352729162,0.7891982023623197,0.7887263151626724,0.8433492828510702,0.8574820171935489,-0.00047188719964730286,0.0004782413234142644,-0.059793243095941584,0.05983579227568604,0.0005476736075450173,0.00047585875172056374,-7.181485582445353e-5,0.00012526121357467443,-13.112710715852879,70.97571353421924,0.0005381250816014826,0.0005643789215785305,2.625383997704794e-5,5.011435910590469e-5,4.878761625255493,28.811528674190974,2.120085
605.999999999995,3.9469542661206107,3.9526619803137595,0.00570771419314875,0.00827824680432259,0.14461059866190842,0.21228580352729162,0.7895472088574259,0.7890731459105971,0.8435975618598043,0.8577007069316103,-0.0004740629468288349,0.0004782413234142644,-0.06004238144478575,0.05983579227568604,0.0005126998820509239,0.00044322606107231584,-6.947382097860803e-5,0.00012526121357467443,-13.550582594381707,70.97571353421924,0.0005258555996449768,0.0005467268519770817,2.087125233210497e-5,5.011435910590469e-5,3.969008287863792,28.811528674190974,3.6941849999921264
606.999999999995,3.844267658631862,3.861377066677217,0.017109408045355323,0.00827824680432259,0.4450628719084664,0.21228580352729162,0.7893716780664707,0.7889004509760388,0.8434437613032231,0.8575399734831671,-0.0004712270904319027,0.0004782413234142644,-0.05969647803758954,0.05983579227568604,0.0005129520995871944,0.000442396548011415,-7.055555157577939e-5,0.00012526121357467443,-13.754803154633732,70.97571353421924,0.0005218445999696634,0.0005404486493031908,1.8604049333527362e-5,5.011435910590469e-5,3.5650554465081905,28.811528674190974,10.219949999967358
607.9999999999949,3.7950058371863458,3.8170105046868645,0.02200466750051877,0.00827824680432259,0.5798322438637734,0.21228580352729162,0.7875000616652048,0.7870507266347997,0.8421829753589402,0.8563973638175604,-0.000449335030405118,0.0004782413234142644,-0.057058412091419854,0.05983579227568604,0.0006462013678361499,0.0005632968509008243,-8.290451693532556e-5,0.00012526121357467443,-12.82951740150862,70.97571353421924,0.0005504812832361779,0.0005788219933355173,2.8340710099339426e-5,5.011435910590469e-5,5.148351263230898,28.811528674190974,14.142149999979935
608.9999999999949,3.832486166691538,3.845317454965441,0.012831288273902786,0.00827824680432259,0.33480325083546547,0.21228580352729162,0.7841228146450985,0.7837093312484918,0.8401187877208068,0.8546555674989426,-0.0004134833966066287,0.0004782413234142644,-0.05273196862583004,0.05983579227568604,0.0009157841074104915,0.000815294082969172,-0.00010049002444131947,0.00012526121357467443,-10.973112945306418,70.97571353421924,0.0006171016327327612,0.0006709050532503595,5.3803420517598336e-5,5.011435910590469e-5,8.718729243890717,28.811528674190974,10.409850000019095
609.9999999999949,3.872700195900489,3.8783601802399605,0.005659984339471347,0.00827824680432259,0.14615085220030244,0.21228580352729162,0.7819889171941437,0.7815921687340853,0.8387970228230828,0.8536040107581138,-0.0003967484600583271,0.0004782413234142644,-0.050735816241731554,0.05983579227568604,0.0010596731380518884,0.0009519356799568773,-0.00010773745809501115,0.00012526121357467443,-10.167046254760837,70.97571353421924,0.0006754508517790137,0.0007494918820576875,7.404103027867383e-5,5.011435910590469e-5,10.961719876977478,28.811528674190974,7.07715000001705
610.9999999999948,3.8676769051959092,3.8747663068265497,0.007089401630640424,0.00827824680432259,0.18329870370289694,0.21228580352729162,0.7818701988093301,0.7814682550342205,0.8385712679898738,0.8534369367303061,-0.00040194377510960333,0.0004782413234142644,-0.0514079927488863,0.05983579227568604,0.001006661490453701,0.0009019487928856221,-0.00010471269756807879,0.00012526121357467443,-10.401977085751529,70.97571353421924,0.0006976129205005689,0.0007728445740019413,7.523165350137241e-5,5.011435910590469e-5,10.784154262422533,28.811528674190974,7.222049999999243
611.9999999999948,4.13444070627758,4.121220023251526,-0.013220683026053948,0.00827824680432259,-0.31976956413911456,0.21228580352729162,0.7819609240117497,0.7815560176242807,0.8384998124380969,0.85338758293864,-0.0004049063874689285,0.0004782413234142644,-0.05178089787295361,0.05983579227568604,0.0009486544682066311,0.0008469117394755003,-0.00010174272873113082,0.00012526121357467443,-10.724951195714997,70.97571353421924,0.000705217879780702,0.000773665689617949,6.844780983724698e-5,5.011435910590469e-5,9.705909591874194,28.811528674190974,-3.892544999941875
612.9999999999947,4.3234748525326285,4.287700553477443,-0.03577429905518592,0.00827824680432259,-0.8274432088862471,0.21228580352729162,0.7840267934852757,0.783621692498142,0.8401195728817428,0.8549296198638684,-0.0004051009871337552,0.0004782413234142644,-0.051669278460872284,0.05983579227568604,0.0007933486818421919,0.0006924351544912641,-0.00010091352735092779,0.00012526121357467443,-12.71994643220456,70.97571353421924,0.0006693387572149713,0.0007177272046583853,4.838844744341404e-5,5.011435910590469e-5,7.2292911357399765,28.811528674190974,-17.640449999926542
613.9999999999947,4.311709657486333,4.286828738134676,-0.024880919351657482,0.00827824680432259,-0.577054610076939,0.21228580352729162,0.7904024082052925,0.7901070545293946,0.8446241024141556,0.8590616975746652,-0.0002953536758979469,0.0004782413234142644,-0.0373675070864959,0.05983579227568604,0.0003027549232838144,0.00011531562567261971,-0.00018743929761119466,0.00012526121357467443,-61.911230238023805,70.97571353421924,0.0005356793536263021,0.0005169988870791122,-1.8680466547189964e-5,5.011435910590469e-5,-3.4872478135906904,28.811528674190974,-15.28425000001259
614.9999999999947,4.299573156949379,4.284800655954434,-0.014772500994945759,0.00827824680432259,-0.3435806405821712,0.21228580352729162,0.7964721641005491,0.7963185428201978,0.848807739026196,0.8627458288941245,-0.00015362128035134592,0.0004782413234142644,-0.019287714910266755,0.05983579227568604,-0.00015837742074798974,-0.00045302210755273525,0.0002946446868047455,0.00012526121357467443,-186.03957900891965,70.97571353421924,0.0003761238742964484,0.0002805883561646186,-9.553551813182981e-5,5.011435910590469e-5,-25.400014373065794,28.811528674190974,-12.909600000012688
615.9999999999945,4.280257362744594,4.271332533621808,-0.008924829122785916,0.00827824680432259,-0.20851150681890587,0.21228580352729162,0.7994018137430312,0.7992775752052028,0.8511666614723804,0.8646428919518615,-0.00012423853782839167,0.0004782413234142644,-0.015541438071884127,0.05983579227568604,-0.00031656729401389084,-0.0006322201515380321,0.00031565285752414125,0.00012526121357467443,-99.71113993547625,70.97571353421924,0.0002658172260842108,0.0001346152974947182,-0.00013120192858949263,5.011435910590469e-5,-49.357948136862994,28.811528674190974,-10.519200000013043
616.9999999999945,4.254566498675298,4.24990257699654,-0.004663921678758065,0.00827824680432259,-0.10962154852228126,0.21228580352729162,0.8009652661724811,0.8008334583646629,0.852650235583479,0.8657427396124158,-0.00013180780781818502,0.0004782413234142644,-0.01645612030694491,0.05983579227568604,-0.0003680463091949079,-0.0006800954851734505,0.00031204917597854256,0.00012526121357467443,-84.78530233359555,70.97571353421924,0.000192609695128527,5.003186487206342e-5,-0.00014257783025646358,5.011435910590469e-5,-74.0242230077372,28.811528674190974,-8.115750000013115
617.9999999999945,4.221682683368234,4.22057993979788,-0.0011027435703541144,0.00827824680432259,-0.026120948755776682,0.21228580352729162,0.8016596578989583,0.8015089235799575,0.8534699872254198,0.8663434988093992,-0.00015073431900081147,0.0004782413234142644,-0.01880278214271949,0.05983579227568604,-0.0003640704531152448,-0.000660012020751483,0.0002959415676362382,0.00012526121357467443,-81.28689518854179,70.97571353421924,0.00014641868829219946,3.7357374928432007e-6,-0.00014268295079935625,5.011435910590469e-5,-97.4485924328266,28.811528674190974,-5.702400000013169
618.9999999999944,4.178044423283856,4.180109660945207,0.002065237661351027,0.00827824680432259,0.04943072528960315,0.21228580352729162,0.801697207247402,0.8015196409619276,0.8537167131240218,0.8665191350370017,-0.00017756628547438424,0.0004782413234142644,-0.022148796811211503,0.05983579227568604,-0.0003236822995339278,-0.0005939689763532433,0.0002702866768193155,0.00012526121357467443,-83.50369396426774,70.97571353421924,0.00012168164875460906,-1.456001600362755e-5,-0.00010712163275098151,5.011435910590469e-5,-88.03433701577286,28.811528674190974,-3.2817600000134846
619.9999999999944,4.11281340266041,4.117706072085396,0.004892669424986451,0.00827824680432259,0.11896161935821316,0.21228580352729162,0.8011986785745945,0.8009910776265792,0.8534384115201866,0.8662820482185699,-0.00020760094801530737,0.0004782413234142644,-0.02591129436017648,0.05983579227568604,-0.0002591200477357811,-0.0004991059067691899,0.00023998585903340882,0.00012526121357467443,-92.61570501025727,70.97571353421924,0.00011504134263055286,-9.878044074246964e-6,-0.0001051632985563059,5.011435910590469e-5,-91.4134833196709,28.811528674190974,-0.8588250000134974
620.9999999999943,4.0773263336059244,4.082020241882933,0.004693908277008774,0.00827824680432259,0.11512221227721928,0.21228580352729162,0.8002438225458155,0.8000072721320713,0.8526721264376713,0.8656240655333038,-0.0002365504137441521,0.0004782413234142644,-0.029559792538180963,0.05983579227568604,-0.00017908671015666195,-0.00038889038277741423,0.00020980367262075228,0.00012526121357467443,-117.15200554927814,70.97571353421924,0.00012415993794320863,1.46063269796994e-5,-0.00010955361096350924,5.011435910590469e-5,-88.23587767385933,28.811528674190974,0.13676399999434075
621.9999999999943,4.076746975471897,4.079827645086322,0.003080669614424991,0.00827824680432259,0.0755668584035288,0.21228580352729162,0.7991976535791836,0.7989375437049678,0.8517682931634823,0.8648247350356191,-0.0002601098742157637,0.0004782413234142644,-0.032546376112450925,0.05983579227568604,-0.00010429868294405046,-0.00028962962923424453,0.0001853309462901941,0.00012526121357467443,-177.69250872478634,70.97571353421924,0.00014209604092084023,4.983622087192156e-5,-9.225982004891868e-5,5.011435910590469e-5,-64.9277907048201,28.811528674190974,0.136764
622.9999999999943,4.076076993054018,4.078090161876332,0.002013168822314171,0.00827824680432259,0.049389862501242776,0.21228580352729162,0.7984829969582892,0.7982058597187683,0.8511476722080036,0.8642695461173939,-0.00027713723952083047,0.0004782413234142644,-0.034707970060295155,0.05983579227568604,-5.4757925613747613e-5,-0.0002228356740613428,0.00016807774844759517,0.00012526121357467443,-306.9468877129949,70.97571353421924,0.0001593481809186305,8.323763628594466e-5,-7.611054463268584e-5,5.011435910590469e-5,-47.76367335598949,28.811528674190974,0.136764
623.9999999999942,4.075551482565527,4.076922548540219,0.001371065974692165,0.00827824680432259,0.03364123801545233,0.21228580352729162,0.798064503679413,0.7977746069218249,0.8507853885519479,0.8639514251933181,-0.00028989675758805955,0.0004782413234142644,-0.03632497827575511,0.05983579227568604,-2.533584407525138e-5,-0.00018041794484987086,0.0001550821007746195,0.00012526121357467443,-612.1055225711117,70.97571353421924,0.00017283178045009498,0.00011037810179749388,-6.245367865260111e-5,5.011435910590469e-5,-36.13552929325666,28.811528674190974,0.136764
624.9999999999942,4.075140419259915,4.076086943963118,0.0009465247032034441,0.00827824680432259,0.0232267997129616,0.21228580352729162,0.7977779194587231,0.7974779044575029,0.8505344495458501,0.8637341151670561,-0.00030001500122023295,0.0004782413234142644,-0.037606330521630295,0.05983579227568604,-5.324439713223292e-6,-0.00014993328335072314,0.00014460884363749985,0.00012526121357467443,-2715.944802198859,70.97571353421924,0.0001833766356078043,0.00013204469500524248,-5.133194060256182e-5,5.011435910590469e-5,-27.99262863146192,28.811528674190974,0.136764
625.9999999999941,4.074823030457605,4.07549023186347,0.000667201405865292,0.00827824680432259,0.01637375171579819,0.21228580352729162,0.7975681932299732,0.7972598461251712,0.8503478110294123,0.8635743569666151,-0.000308347104801987,0.0004782413234142644,-0.038660907922274335,0.05983579227568604,9.13007302038587e-6,-0.00012672830616669445,0.00011759823314630858,0.00012526121357467443,1288.0316825914986,70.97571353421924,0.00019161155487684118,0.00014908207756948437,-4.2529477307356805e-5,5.011435910590469e-5,-22.19567464743592,28.811528674190974,0.136764
626.9999999999941,4.0745828197498755,4.075054097488001,0.0004712777381259414,0.00827824680432259,0.011566281972270023,0.21228580352729162,0.7974089200045644,0.7970935473014797,0.8502032941148842,0.8634519816774584,-0.000315372703084682,0.0004782413234142644,-0.03954968337736638,0.05983579227568604,1.9909477245494522e-5,-0.00010846506874650316,8.855559150100864e-5,0.00012526121357467443,444.7911434794131,70.97571353421924,0.00019802180787713468,0.0001623405371412472,-3.5681270735887484e-5,5.011435910590469e-5,-18.018859194552153,28.811528674190974,0.136764
627.9999999999941,4.074406078078286,4.074745805935866,0.00033972785757985235,0.00827824680432259,0.008338095198897964,0.21228580352729162,0.7972849596029257,0.7969635639753723,0.8500883158105313,0.8633555790097915,-0.00032139562755340023,0.0004782413234142644,-0.040311261824563446,0.05983579227568604,2.8104145550823703e-5,-9.376265872832388e-5,6.565851317750018e-5,0.00012526121357467443,233.62572279154668,70.97571353421924,0.00020298526395018892,0.00017257769266055615,-3.040757128963277e-5,5.011435910590469e-5,-14.980186589847508,28.811528674190974,0.136764
628.999999999994,4.074281514865375,4.07452303115224,0.00024151628686475135,0.00827824680432259,0.005927825212459126,0.21228580352729162,0.7971867586274395,0.7968601342624358,0.8499949877071551,0.8632780299563101,-0.000326624365003636,0.0004782413234142644,-0.04097212622623126,0.05983579227568604,3.440789697857222e-5,-8.172670259289765e-5,4.731880561432543e-5,0.00012526121357467443,137.52309722327283,70.97571353421924,0.0002067961992555299,0.00018043024451479736,-2.6365954740732554e-5,5.011435910590469e-5,-12.749728880729178,28.811528674190974,0.136764
629.999999999994,4.074199656328765,4.074374758339715,0.0001751020109503898,0.00827824680432259,0.004297825971252795,0.21228580352729162,0.7971079134014806,0.7967767043828102,0.8499180372487852,0.8632146037786885,-0.000331209018670342,0.0004782413234142644,-0.04155133992547901,0.05983579227568604,3.928887059289186e-5,-7.174404079570882e-5,3.245517020281696e-5,0.00012526121357467443,82.60652371282148,70.97571353421924,0.00020968451989517698,0.00018641517572228755,-2.326934417288943e-5,5.011435910590469e-5,-11.097311420281272,28.811528674190974,0.136764
630.999999999994,4.074152756496598,4.074274016331568,0.00012125983497046633,0.00827824680432259,0.0029763202859074632,0.21228580352729162,0.7970439438153165,0.7967086821255077,0.8498537762748207,0.8631620190753834,-0.0003352616898087968,0.0004782413234142644,-0.04206313747319313,0.05983579227568604,4.3076317457068864e-5,-6.337646377393936e-5,2.0300146316870497e-5,0.00012526121357467443,47.12600221015231,70.97571353421924,0.00021183029087683085,0.00019094201318718126,-2.088827768964959e-5,5.011435910590469e-5,-9.86085493400711,28.811528674190974,0.136764
631.9999999999939,4.074134337272148,4.074219224828911,8.48875567633911e-5,0.00827824680432259,0.00208357284605956,0.21228580352729162,0.7969916122252554,0.7966527441017028,0.8497995348146131,0.8631179171320867,-0.00033886812355254925,0.0004782413234142644,-0.042518405257290746,0.05983579227568604,4.600908439814771e-5,-5.630150528076035e-5,1.0292420882612639e-5,0.00012526121357467443,22.370410142365284,70.97571353421924,0.00021337522086311946,0.00019433087896267092,-1.9044341900448534e-5,5.011435910590469e-5,-8.92528280622871,28.811528674190974,0.136764
632.9999999999939,4.074139146746275,4.074191345619632,5.219887335705664e-5,0.00827824680432259,0.00128122460909918,0.21228580352729162,0.7969485178842325,0.7966064223342948,0.8497533271229795,0.8630805607470379,-0.0003420955499376932,0.0004782413234142644,-0.04292567741337931,0.05983579227568604,4.8264847803886716e-5,-5.027556617296038e-5,2.0107183690736615e-6,0.00012526121357467443,4.166009964941277,70.97571353421924,0.00021443132775983444,0.0001968293049956776,-1.760202276415685e-5,5.011435910590469e-5,-8.208699236275455,28.811528674190974,0.136764
633.9999999999937,4.074162792624954,4.074193087875487,3.0295250532219598e-5,0.00827824680432259,0.0007435945020915716,0.21228580352729162,0.796912842918811,0.7965678455222949,0.849713643535449,0.8630486373784383,-0.0003449973965161668,0.0004782413234142644,-0.04329173504753203,0.05983579227568604,4.9978405718081616e-5,-4.51113970019431e-5,-4.8670087161385145e-6,0.00012526121357467443,-9.73822323103373,70.97571353421924,0.00021508771430282756,0.00019862811283920018,-1.6459601463627384e-5,5.011435910590469e-5,-7.652506567833756,28.811528674190974,0.136764
634.9999999999937,4.074201737256761,4.074210013736676,8.276479914748336e-6,0.00827824680432259,0.00020314359593595014,0.21228580352729162,0.7968831864111919,0.7965355694251801,0.8496793152347026,0.8630211409771336,-0.0003476169860118228,0.0004782413234142644,-0.043622075598976476,0.05983579227568604,5.1253825645201966e-5,-4.066220662207527e-5,-1.0591619023126697e-5,0.00012526121357467443,-20.665031126546186,70.97571353421924,0.0002154156552234031,0.00019987401748657887,-1.5541637736824225e-5,5.011435910590469e-5,-7.214720638899859,28.811528674190974,0.136764
635.9999999999937,4.074253009847791,4.074246718502605,-6.291345186149044e-6,0.00827824680432259,-0.00015441714520287198,0.21228580352729162,0.7968584526363893,0.7965084629424647,0.8496494231755113,0.8629972839720196,-0.00034998969392463497,0.0004782413234142644,-0.043921187353500674,0.05983579227568604,5.217254457073414e-5,-3.681170487715066e-5,-1.5360839693583487e-5,0.00012526121357467443,-29.442381658724102,70.97571353421924,0.00021547255214696105,0.00020068015161490236,-1.4792400532058681e-5,5.011435910590469e-5,-6.865097379999316,28.811528674190974,0.136764
636.9999999999936,4.074314231118034,4.074291696680026,-2.2534438008037228e-5,0.00827824680432259,-0.0005530854207544405,0.21228580352729162,0.7968377734683231,0.7964856285280549,0.8496232350804189,0.8629764451487949,-0.0003521449402681398,0.0004782413234142644,-0.044192802097645374,0.05983579227568604,5.2799132845202124e-5,-3.346622438014407e-5,-1.9332908465058054e-5,0.00012526121357467443,-36.61595829942658,70.97571353421924,0.00021530491286360704,0.00020113401807438672,-1.417089478922032e-5,5.011435910590469e-5,-6.5817795798265895,28.811528674190974,0.136764
637.9999999999936,4.074383387788769,4.074350251420832,-3.3136367937558475e-5,0.00827824680432259,-0.0008132854663817509,0.21228580352729162,0.7968204534489425,0.7964663461997661,0.8496001606880038,0.8629581249670036,-0.00035410724917639413,0.0004782413234142644,-0.04444003007750153,0.05983579227568604,5.318528318227632e-5,-3.054988349242699e-5,-2.263539968984933e-5,0.00012526121357467443,-42.55951709850525,70.97571353421924,0.00021495066447703,0.00020130370296642474,-1.3646961510605264e-5,5.011435910590469e-5,-6.348880820539916,28.811528674190974,0.136764
638.9999999999935,4.074458877199386,4.074412901484006,-4.597571537967582e-5,0.00827824680432259,-0.00112838825388459,0.21228580352729162,0.7968059299202443,0.7964500324888462,0.8495797193906407,0.8629419208725274,-0.00035589743139818886,0.0004782413234142644,-0.0446655098856772,0.05983579227568604,5.337281535239462e-5,-2.8000263369835604e-5,-2.5372551982559016e-5,0.00012526121357467443,-47.53834290928154,70.97571353421924,0.0002144409202681547,0.0002012425734026943,-1.319834686546039e-5,5.011435910590469e-5,-6.154770670148255,28.811528674190974,0.136764
639.9999999999935,4.074539328752605,4.074485068316414,-5.426043619127796e-5,0.00827824680432259,-0.0013316949920787599,0.21228580352729162,0.7967937437604724,0.7964362106378312,0.8495615163197795,0.8629275022603433,-0.00035753312264119597,0.0004782413234142644,-0.04487147714712423,0.05983579227568604,5.339579617688764e-5,-2.576591258106639e-5,-2.7629883595821252e-5,0.00012526121357467443,-51.74542861818182,70.97571353421924,0.00021380134987223463,0.00020099273475607674,-1.2808615116157883e-5,5.011435910590469e-5,-5.990895344586071,28.811528674190974,0.136764
640.9999999999935,4.074623659838007,4.074558760160899,-6.489967710798794e-5,0.00827824680432259,-0.001592777211492659,0.21228580352729162,0.7967835174014511,0.7964244878618993,0.8495452244710847,0.8629145983149675,-0.00035902953955180283,0.0004782413234142644,-0.045059860264517686,0.05983579227568604,5.328222161318393e-5,-2.3803782005420765e-5,-2.9478439607763164e-5,0.00012526121357467443,-55.32509477883547,70.97571353421924,0.0002130532515682451,0.0002005877683038911,-1.2465483264353987e-5,5.011435910590469e-5,-5.850876798451982,28.811528674190974,0.136764
641.9999999999934,4.074710932072996,4.074639223494367,-7.170857862881519e-5,0.00827824680432259,-0.0017598445588957075,0.21228580352729162,0.7967749382456226,0.7964145384922426,0.8495305710788534,0.8629029828118099,-0.00036039975337998076,0.0004782413234142644,-0.04523231543571467,0.05983579227568604,5.30552097590995e-5,-2.2077889975935787e-5,-3.097731978316371e-5,0.00012526121357467443,-58.38695186357413,70.97571353421924,0.00021221437880429773,0.000200054585478386,-1.2159793325911721e-5,5.011435910590469e-5,-5.729957316947584,28.811528674190974,0.136764
642.9999999999934,4.0748004121799415,4.0747196170027555,-8.079517718595497e-5,0.00827824680432259,-0.0019828008494465394,0.21228580352729162,0.7967677458557194,0.796406090653581,0.8495173271689883,0.8628924680747599,-0.0003616552021383779,0.0004782413234142644,-0.04539029146441719,0.05983579227568604,5.2733997276627854e-5,-2.0557701522969947e-5,-3.2176295753657904e-5,0.00012526121357467443,-61.01622751044269,70.97571353421924,0.00021129960996342726,0.00019941505727882663,-1.1884552684600624e-5,5.011435910590469e-5,-5.624502897406038,28.811528674190974,0.136764
643.9999999999934,4.074891454063903,4.074804873087556,-8.658097634661743e-5,0.00827824680432259,-0.0021247431329801418,0.21228580352729162,0.7967617220852922,0.7963989162614621,0.8495052993909715,0.8628828951205937,-0.0003628058238300813,0.0004782413234142644,-0.045535046899660606,0.05983579227568604,5.233464105491361e-5,-1.9217402838509813e-5,-3.31172382164038e-5,0.00012526121357467443,-63.27976565589625,70.97571353421924,0.00021032145676789545,0.00019868697517978613,-1.163448158810932e-5,5.011435910590469e-5,-5.531761602882387,28.811528674190974,0.136764
644.9999999999933,4.074983560468445,4.074889071167171,-9.448930127398114e-5,0.00827824680432259,-0.0023187652139415997,0.21228580352729162,0.7967566832721161,0.7963928228521522,0.8494943236283609,0.8628741307486009,-0.00036386041996394614,0.0004782413234142644,-0.04566769599843783,0.05983579227568604,5.1870636475748594e-5,-1.8034822616296242e-5,-3.3835813859452355e-5,0.00012526121357467443,-65.23115226332692,70.97571353421924,0.00020929049580841383,0.00019788506681891143,-1.1405428989502399e-5,5.011435910590469e-5,-5.4495685269640814,28.811528674190974,0.136764
645.9999999999933,4.049912482618532,4.050997449745769,0.0010849671272374906,0.00827824680432259,0.026789890692551183,0.21228580352729162,0.7967524741246488,0.7963876474123451,0.8494842598952487,0.8628660607917243,-0.0003648267123036453,0.0004782413234142644,-0.04578921611815034,0.05983579227568604,5.135334464274387e-5,-1.6991040029471444e-5,-3.4362304613272425e-5,0.00012526121357467443,-66.91346951659118,70.97571353421924,0.0002082156869802393,0.00019702146790516277,-1.1194219075076536e-5,5.011435910590469e-5,-5.376261144117793,28.811528674190974,0.8461799999952416
646.9999999999932,3.984815361226508,3.989883133470362,0.0050677722438541295,0.00827824680432259,0.12717709064176796,0.21228580352729162,0.7965956631240246,0.796230070003138,0.8493427729864974,0.8627305163990624,-0.00036559312088668694,0.0004782413234142644,-0.045894440280145804,0.05983579227568604,5.937301372750943e-5,-7.442824784167641e-6,-5.1930188943341786e-5,0.00012526121357467443,-87.46429679597156,70.97571353421924,0.00020971744484801633,0.0001995392621961742,-1.017818265184212e-5,5.011435910590469e-5,-4.853283740519688,28.811528674190974,3.2072399999838948
647.9999999999932,3.9062832742457263,3.9183916306343214,0.012108356388595087,0.00827824680432259,0.30997128314850947,0.21228580352729162,0.7958442755965857,0.7954803138704358,0.8487147471353386,0.8621265865628156,-0.0003639617261498307,0.0004782413234142644,-0.04573278181551227,0.05983579227568604,0.00010256060877528749,3.6021960802484326e-5,-6.653864797280316e-5,0.00012526121357467443,-64.87739178556436,70.97571353421924,0.00022216447437890195,0.0002165148659379751,-5.649608440926859e-6,5.011435910590469e-5,-2.542984631868478,28.811528674190974,7.652699999969677
648.9999999999932,3.894123061284637,3.9058470690899356,0.011724007805298697,0.00827824680432259,0.30106926824831903,0.21228580352729162,0.7939306287955331,0.7935750778447903,0.8472639822955735,0.8607685652847831,-0.0003555509507428001,0.0004782413234142644,-0.04478362943147868,0.05983579227568604,0.0002278929572955194,0.00015871403584720423,-6.917892144831517e-5,0.00012526121357467443,-30.35588386288201,70.97571353421924,0.0002581269317085263,0.00026537048714205853,7.2435554335322145e-6,5.011435910590469e-5,2.8061990221584265,28.811528674190974,8.33714999999533
649.9999999999931,3.867024672995988,3.88003570899539,0.013011035999401788,0.00827824680432259,0.3364611581162075,0.21228580352729162,0.7916644283854493,0.791319413528334,0.8456242284756337,0.8592833762024443,-0.0003450148571152445,0.0004782413234142644,-0.04358094727318758,0.05983579227568604,0.00037969893246819444,0.0003080934553087658,-7.160547715942864e-5,0.00012526121357467443,-18.858487879848514,70.97571353421924,0.00030858666108172145,0.00033414577302664806,2.5559111944926612e-5,5.011435910590469e-5,8.282636668523375,28.811528674190974,10.094399999987813
650.9999999999931,3.8893236773280435,3.8976439444766946,0.008320267148651084,0.00827824680432259,0.21392580918765516,0.21228580352729162,0.789615843810605,0.7892804683471802,0.8441981026424056,0.8580693154299068,-0.00033537546342476965,0.0004782413234142644,-0.04247324392660133,0.05983579227568604,0.0005161491089966939,0.0004445866785887646,-7.156243040792924e-5,0.00012526121357467443,-13.86468157370928,70.97571353421924,0.00036216010439159594,0.0004068252360163266,4.466513162473064e-5,5.011435910590469e-5,12.332979553273818,28.811528674190974,8.103150000013809
651.999999999993,3.887560641446446,3.8950163995195095,0.007455758073063645,0.00827824680432259,0.19178499734706592,0.21228580352729162,0.7881410928684957,0.7878131552387443,0.843145054620827,0.8572063886672694,-0.00032793762975136254,0.0004782413234142644,-0.04160900030701485,0.05983579227568604,0.000600391008124782,0.0005291788562585058,-7.121215186627625e-5,0.00012526121357467443,-11.860962423253998,70.97571353421924,0.00040850107868589235,0.00046727418664580927,5.8773107959916914e-5,5.011435910590469e-5,14.38750373658356,28.811528674190974,7.940700000001145
652.999999999993,3.8091212625472926,3.827032448642827,0.017911186095534326,0.00827824680432259,0.4702183223108127,0.21228580352729162,0.7873449818580601,0.7870222001256578,0.842510213579717,0.8566980231153286,-0.0003227817324022997,0.0004782413234142644,-0.04099622653853272,0.05983579227568604,0.0006242764338333598,0.0005527561393995279,-7.152029443383185e-5,0.00012526121357467443,-11.456510378689549,70.97571353421924,0.0004414490773410429,0.0005060949711351958,6.46458937941529e-5,5.011435910590469e-5,14.644020593163567,28.811528674190974,13.99589999995732
653.999999999993,3.79083340292231,3.809428747139228,0.018595344216917997,0.00827824680432259,0.49053446143486706,0.21228580352729162,0.7851488558006525,0.7848397546962841,0.8411278360398964,0.8556596931338475,-0.00030910110436843663,0.0004782413234142644,-0.03936847160698362,0.05983579227568604,0.0007843337959598152,0.000713523894874458,-7.080990108535717e-5,0.00012526121357467443,-9.028031362425835,70.97571353421924,0.0004948252709008614,0.0005725304089927646,7.770513809190322e-5,5.011435910590469e-5,15.703550861587159,28.811528674190974,15.194699999991549
654.9999999999928,3.8222456259499555,3.8328084168330814,0.010562790883125839,0.00827824680432259,0.27635039494618124,0.21228580352729162,0.7819567263991714,0.7816623345204408,0.8392431265307623,0.8543137080402421,-0.00029439187873059325,0.0004782413234142644,-0.037648103634358,0.05983579227568604,0.0010361537753619313,0.000968449311097703,-6.770446426422833e-5,0.00012526121357467443,-6.534210063615217,70.97571353421924,0.0005715755153247258,0.0006714554077767958,9.987989245207002e-5,5.011435910590469e-5,17.474487582856984,28.811528674190974,11.722950000024866
655.9999999999928,3.824768755472576,3.833822472016389,0.009053716543812929,0.00827824680432259,0.23671278246191071,0.21228580352729162,0.7802291612582581,0.7799373075546837,0.8381271525872392,0.8535463594551337,-0.0002918537035744295,0.0004782413234142644,-0.03740615168801991,0.05983579227568604,0.001127251232289061,0.0010608309852206176,-6.642024706844337e-5,0.00012526121357467443,-5.892231045386982,70.97571353421924,0.0006301702863728949,0.0007413106877525207,0.00011114040137962585,5.011435910590469e-5,17.63656646195152,28.811528674190974,10.991250000005241
656.9999999999928,3.822739726253904,3.832445351325907,0.0097056250720029,0.00827824680432259,0.2538918620419375,0.21228580352729162,0.7795581235806702,0.7792646999534446,0.8375452681322078,0.853142478847158,-0.00029342362722561965,0.0004782413234142644,-0.03763973696763813,0.05983579227568604,0.0011074211123792736,0.0010398834178565214,-6.753769452275214e-5,0.00012526121357467443,-6.098646103797738,70.97571353421924,0.0006655264422299802,0.0007742061810054352,0.00010867973877545496,5.011435910590469e-5,16.329890426487285,28.811528674190974,10.802700000001352
657.9999999999927,3.801856549478217,3.814713891596412,0.012857342118195003,0.00827824680432259,0.3381858823673818,0.21228580352729162,0.7787810373178466,0.7784898353055513,0.8369370490638807,0.8527101937443057,-0.00029120201229537734,0.0004782413234142644,-0.03739202655707808,0.05983579227568604,0.0011090659005353557,0.0010400652521313964,-6.900064840395926e-5,0.00012526121357467443,-6.221510225014767,70.97571353421924,0.0006949158920517114,0.0007975835374666909,0.00010266764541497946,5.011435910590469e-5,14.774111023976921,28.811528674190974,12.191399999989896
658.9999999999927,3.8345463753430993,3.8423025298671223,0.007756154524023007,0.00827824680432259,0.2022704582189078,0.21228580352729162,0.7776092651634741,0.7773231261886991,0.8361417164184259,0.8521388694704047,-0.0002861389747749188,0.0004782413234142644,-0.036797269219106435,0.05983579227568604,0.0011541219420315948,0.001082877055610536,-7.124488642105877e-5,0.00012526121357467443,-6.173081355306942,70.97571353421924,0.0007280400790258174,0.0008270296016657085,9.898952263989117e-5,5.011435910590469e-5,13.596713352971996,28.811528674190974,9.272700000021237
659.9999999999926,3.89568994803988,3.8960644780820575,0.0003745300421775788,0.00827824680432259,0.00961395920037281,0.21228580352729162,0.7768780803522451,0.7765934833392039,0.8356024989025099,0.851738956435391,-0.0002845970130412878,0.0004782413234142644,-0.036633420383317856,0.05983579227568604,0.0011613270255217678,0.0010888716069573472,-7.245541856442067e-5,0.00012526121357467443,-6.239019412457699,70.97571353421924,0.0007529046691779796,0.0008471112210290947,9.420655185111504e-5,5.011435910590469e-5,12.512414347751308,28.811528674190974,5.0863500000309365
660.9999999999926,3.878664441440745,3.8829256918178707,0.004261250377125769,0.00827824680432259,0.10986385755873514,0.21228580352729162,0.777592479714972,0.7773028218362567,0.835940364083171,0.8519757693810326,-0.00028965787871537696,0.0004782413234142644,-0.03725060186044387,0.05983579227568604,0.001055365844989813,0.0009846656604194802,-7.07001845703329e-5,0.00012526121357467443,-6.699116226469822,70.97571353421924,0.0007476394071980392,0.0008289569161006668,8.131750890262763e-5,5.011435910590469e-5,10.876568051353098,28.811528674190974,6.054749999992843
661.9999999999926,3.9287907101159845,3.9295231480235384,0.0007324379075539511,0.00827824680432259,0.018642833421185938,0.21228580352729162,0.7782942329741707,0.7780041377622586,0.8362905570340274,0.8522096400605658,-0.0002900952119120337,0.0004782413234142644,-0.037273205893286004,0.05983579227568604,0.0009622145973011492,0.0008916229238919328,-7.059167340921636e-5,0.00012526121357467443,-7.336375233468104,70.97571353421924,0.0007322784346054826,0.0007992737632394403,6.699532863395764e-5,5.011435910590469e-5,9.14888729039953,28.811528674190974,3.415680000019502
662.9999999999925,3.9295355018320075,3.9315088689128097,0.001973367080802202,0.00827824680432259,0.05021883833043852,0.21228580352729162,0.7788359465945894,0.7785471449939514,0.8365911931754921,0.8524129638783795,-0.0002888016006380445,0.0004782413234142644,-0.037081185312620855,0.05983579227568604,0.000894136596704396,0.0008228784929008506,-7.125810380354534e-5,0.00012526121357467443,-7.969487443662198,70.97571353421924,0.0007143869766396562,0.0007686292610499115,5.424228441025525e-5,5.011435910590469e-5,7.59284340056154,28.811528674190974,3.4307549999998868
663.9999999999925,3.9518750112100247,3.9533335380628416,0.0014585268528168882,0.00827824680432259,0.036907211100542923,0.21228580352729162,0.7795982652607257,0.7793083130102331,0.837070925926594,0.8527642587715168,-0.0002899522504926644,0.0004782413234142644,-0.03719252125268569,0.05983579227568604,0.0008181666831044341,0.0007476918403708478,-7.047484273358631e-5,0.00012526121357467443,-8.613751230516757,70.97571353421924,0.0006900142963168622,0.0007322605321826337,4.224623586577148e-5,5.011435910590469e-5,6.122516024852265,28.811528674190974,2.5322400000067415
664.9999999999925,3.914183711218281,3.9199708427723627,0.005787131554081615,0.00827824680432259,0.14785027942084975,0.21228580352729162,0.7801543597202113,0.7798644870468473,0.8374258505228181,0.8530188217534327,-0.000289872673364,0.0004782413234142644,-0.037155810225550465,0.05983579227568604,0.0007614966423712906,0.0006911807700100463,-7.031587236124427e-5,0.00012526121357467443,-9.233904451933178,70.97571353421924,0.0006667501750362163,0.0006995276500553451,3.277747501912874e-5,5.011435910590469e-5,4.916005461468135,28.811528674190974,4.362929999986264
665.9999999999924,3.9332461572041533,3.9376340824734717,0.004387925269318416,0.00827824680432259,0.11155989465041413,0.21228580352729162,0.7802676344192647,0.7799811502191228,0.8374633127018433,0.8529923693278232,-0.0002864842001418788,0.0004782413234142644,-0.03671614552551605,0.05983579227568604,0.000736127969895215,0.0006633635610740516,-7.276440882116335e-5,0.00012526121357467443,-9.884749907209896,70.97571353421924,0.0006513862352200949,0.0006787798973465845,2.739366212648961e-5,5.011435910590469e-5,4.205440742424293,28.811528674190974,3.476115000006755
666.9999999999924,3.9544212054252856,3.9571380369776525,0.002716831552366905,0.00827824680432259,0.06870364615280578,0.21228580352729162,0.7801555109037808,0.7798732564428742,0.837335683144081,0.8528224550095045,-0.00028225446090657247,0.0004782413234142644,-0.036179256181833715,0.05983579227568604,0.0007254974027584147,0.000649673453337767,-7.582394942064771e-5,0.00012526121357467443,-10.451305426092135,70.97571353421924,0.000642536272854346,0.0006677264487209992,2.5190175866653185e-5,5.011435910590469e-5,3.9204286093842744,28.811528674190974,2.5672950000069226
667.9999999999923,4.073788170888728,4.069844967146067,-0.00394320374266055,0.00827824680432259,-0.09679452090412229,0.21228580352729162,0.7804801698626593,0.7801972319267307,0.8375468527663272,0.8529651311784655,-0.0002829379359285955,0.0004782413234142644,-0.03625177766891681,0.05983579227568604,0.0006884943452585597,0.0006134143594398958,-7.507998581866393e-5,0.00012526121357467443,-10.90495315404052,70.97571353421924,0.0006280728664985074,0.0006501323135530317,2.2059447054524313e-5,5.011435910590469e-5,3.5122432811825246,28.811528674190974,-1.3414499999697826
668.9999999999923,4.076198683710286,4.073516488680914,-0.0026821950293722807,0.00827824680432259,-0.06580138107818781,0.21228580352729162,0.7816590640918445,0.781374494137135,0.8385108006819216,0.8538308741411702,-0.0002845699547094904,0.0004782413234142644,-0.03640589200358248,0.05983579227568604,0.0006089698445052271,0.0005351361829601216,-7.383366154510552e-5,0.00012526121357467443,-12.124354302813389,70.97571353421924,0.0005966787778322837,0.0006108367617109016,1.4157983878617894e-5,5.011435910590469e-5,2.3727982969418533,28.811528674190974,-1.321785000000152
669.9999999999923,4.2350662243319315,4.2174827811832305,-0.017583443148700972,0.00827824680432259,-0.41518697034010854,0.21228580352729162,0.7831389948366142,0.7828541251877108,0.839757134750874,0.8549691170140687,-0.0002848696489033964,0.0004782413234142644,-0.03637536258334685,0.05983579227568604,0.00051869755609001,0.00044500021236993905,-7.369734372007097e-5,0.00012526121357467443,-14.208153259022144,70.97571353421924,0.000554468719998464,0.000557739794317185,3.2710743187209937e-6,5.011435910590469e-5,0.589947494013739,28.811528674190974,-9.492299999936836
670.9999999999922,4.253111213100197,4.23635621201643,-0.016755001083766707,0.00827824680432259,-0.39394693071177833,0.21228580352729162,0.7858481824789324,0.7856031879795897,0.8419467549568027,0.8569750606136528,-0.0002449944993426767,0.0004782413234142644,-0.031175805302475802,0.05983579227568604,0.0003443801210138212,0.0002370547047299185,-0.00010732541628390269,0.00012526121357467443,-31.164811710951035,70.97571353421924,0.0004855583521869098,0.0004674761952326513,-1.8082156954258503e-5,5.011435910590469e-5,-3.723992569135747,28.811528674190974,-10.33109999999342
671.9999999999922,4.289524853571312,4.271851492672527,-0.017673360898785795,0.00827824680432259,-0.41201208763417135,0.21228580352729162,0.7895199931144025,0.7893439438792146,0.84487761220072,0.859616105052121,-0.00017604923518788063,0.0004782413234142644,-0.022298261820251443,0.05983579227568604,0.00010845064770435511,-5.534428442698696e-5,-5.310636327736815e-5,0.00012526121357467443,-48.96823062056782,70.97571353421924,0.00039047909793099616,0.00034149718995776465,-4.898190797323151e-5,5.011435910590469e-5,-12.544053761844992,28.811528674190974,-12.51359999998288
672.999999999992,4.233827734030083,4.227650666638332,-0.0061770673917509455,0.00827824680432259,-0.14589793869272846,0.21228580352729162,0.7926169726515956,0.792506103188126,0.8472715477735574,0.8616129186196287,-0.00011086946346960946,0.0004782413234142644,-0.013987773072624256,0.05983579227568604,-9.610555068923665e-5,-0.0003131229150135211,0.00021701736432428446,0.00012526121357467443,-225.81147786772874,70.97571353421924,0.0002973673059074293,0.00021895213714100687,-7.841516876642244e-5,5.011435910590469e-5,-26.369801658973618,28.811528674190974,-7.610850000039017
673.999999999992,4.215242999331278,4.212733597496207,-0.002509401835070868,0.00827824680432259,-0.059531605543712875,0.21228580352729162,0.7943473080164436,0.7942615917643397,0.8487136830266581,0.8627486912600819,-8.571625210385125e-5,0.0004782413234142644,-0.01079077769117043,0.05983579227568604,-0.00018911701547782387,-0.00042456926091585464,0.00023545224543803077,0.00012526121357467443,-124.50082550379516,70.97571353421924,0.00022837573082380735,0.0001329376076782952,-9.543812314551214e-5,5.011435910590469e-5,-41.78995850445378,28.811528674190974,-5.997150000012843
674.999999999992,4.252441257602198,4.244524206413029,-0.0079170511891693,0.00827824680432259,-0.1861766150212136,0.21228580352729162,0.794559713232007,0.7944539931306881,0.8490962150593688,0.8630181692346246,-0.00010572010131892906,0.0004782413234142644,-0.013305494798986791,0.05983579227568604,-0.0001612280805031248,-0.0003763070030435595,0.00021507892254043467,0.00012526121357467443,-133.4004113112704,70.97571353421924,0.00019369356072903077,9.745875026724208e-5,-9.623481046178869e-5,5.011435910590469e-5,-49.684052531006536,28.811528674190974,-8.179199999982634
675.9999999999919,4.228323392702911,4.22364712550081,-0.004676267202100348,0.00827824680432259,-0.11059388716980548,0.21228580352729162,0.7954243859090722,0.7953169028956668,0.8499018714165794,0.8636406809111625,-0.00010748301340535171,0.0004782413234142644,-0.013512662587344723,0.05983579227568604,-0.00019593030520099154,-0.0004099836641352226,0.00021405335893423107,0.00012526121357467443,-109.24974506350526,70.97571353421924,0.00015937536651934833,6.238100893422449e-5,-9.699435758512384e-5,5.011435910590469e-5,-60.85906479992228,28.811528674190974,-6.340950000014838
676.9999999999919,4.199770733422106,4.198525564051035,-0.0012451693710708867,0.00827824680432259,-0.029648508218835152,0.21228580352729162,0.7963924114887313,0.7962895753488126,0.8507485337536522,0.8643139950163838,-0.00010283613991868279,0.0004782413234142644,-0.012912747338519548,0.05983579227568604,-0.00024235806121929523,-0.00045941709128080756,0.00021705903006151233,0.00012526121357467443,-89.56129990869529,70.97571353421924,0.00012580815534245053,2.749636710194404e-5,-9.831178824050649e-5,5.011435910590469e-5,-78.14420931051825,28.811528674190974,-4.495455000014896
677.9999999999919,4.150178835427452,4.152476968671515,0.0022981332440625835,0.00827824680432259,0.05537431843767487,0.21228580352729162,0.7964982206436712,0.7963845639029776,0.8508969542746763,0.8644212200005297,-0.00011365674069352405,0.0004782413234142644,-0.014269553622062715,0.05983579227568604,-0.00022713123852193491,-0.00043085048296708823,0.00020371924444515332,0.00012526121357467443,-89.69230554584388,70.97571353421924,0.0001082051793516503,1.3087201408081519e-5,-9.511797794356878e-5,5.011435910590469e-5,-87.90519872847295,28.811528674190974,-2.1685950000187817
678.9999999999918,4.106177058848378,4.109811585487837,0.003634526639459068,0.00827824680432259,0.08851363658629982,0.21228580352729162,0.7960195281161081,0.7958878074148161,0.8505146856288369,0.8640834181176863,-0.00013172070129197078,0.0004782413234142644,-0.01654742084075579,0.05983579227568604,-0.00017887184405415913,-0.0003623165393888987,0.00018344469533473955,0.00012526121357467443,-102.55649585587983,70.97571353421924,0.0001060322009400717,1.839803559177588e-5,-8.763416534829583e-5,5.011435910590469e-5,-82.64863368989742,28.811528674190974,-0.7005150000120168
679.9999999999918,4.091439283682333,4.09432013864649,0.002880854964156576,0.00827824680432259,0.07041177356941687,0.21228580352729162,0.7952021604463618,0.7950515991127725,0.8497944860816883,0.8634489955958591,-0.00015056133358937185,0.0004782413234142644,-0.018933717874314998,0.05983579227568604,-0.00011720060528699673,-0.00027973368620758565,0.00016253308092058894,0.00012526121357467443,-138.67938695588103,70.97571353421924,0.00011583747859668658,3.910590767160416e-5,-7.673157092508243e-5,5.011435910590469e-5,-66.24071229333308,28.811528674190974,-0.28754550000338036
680.9999999999917,4.075570747143825,4.078033472370297,0.0024627252264721733,0.00827824680432259,0.06042651150634694,0.21228580352729162,0.7944940253307989,0.7943288640065156,0.8491517739768676,0.862873416448683,-0.00016516132428334718,0.0004782413234142644,-0.02078823993856718,0.05983579227568604,-6.828813297423547e-5,-0.00021492825757021402,0.00014664012459597855,0.00012526121357467443,-214.73734631360415,70.97571353421924,0.0001292922588323611,6.421943594148426e-5,-6.507282289087683e-5,5.011435910590469e-5,-50.330022445697644,28.811528674190974,0.1367639999964786
681.9999999999917,4.075027135227198,4.076691931461763,0.00166479623456528,0.00827824680432259,0.04085362328446094,0.21228580352729162,0.7939616294598072,0.7937858818699697,0.8486632375079695,0.8624298344436352,-0.00017574758983751604,0.0004782413234142644,-0.022135526871379232,0.05983579227568604,-3.320366876182634e-5,-0.0001682868340476623,0.00013508316528583597,0.00012526121357467443,-406.8320469487958,70.97571353421924,0.00014247439217217496,8.83416617738782e-5,-5.4132730398296765e-5,5.011435910590469e-5,-37.994708784494684,28.811528674190974,0.136764
682.9999999999917,4.074496707044243,4.075602053437788,0.0011053463935457586,0.00827824680432259,0.027128415434347197,0.21228580352729162,0.7935581241499648,0.7933742856801486,0.8482883668603782,0.8620882543765661,-0.0001838384698162887,0.0004782413234142644,-0.023166352182861318,0.05983579227568604,-7.6266893307917024e-6,-0.0001336740598840847,0.000126047370553293,0.00012526121357467443,-1652.7141081306954,70.97571353421924,0.00015424686239940837,0.00010967167451918308,-4.457518788022529e-5,5.011435910590469e-5,-28.89860265993732,28.811528674190974,0.136764
683.9999999999916,4.074080290275821,4.074827264890496,0.000746974614675544,0.00827824680432259,0.018334803475975995,0.21228580352729162,0.7932955918981243,0.7931053674483071,0.8480387137471426,0.8618632338042689,-0.0001902244498172001,0.0004782413234142644,-0.02397901258496201,0.05983579227568604,8.708326124825169e-6,-0.00011004312158501672,0.00010133479546019155,0.00012526121357467443,1163.654116849304,70.97571353421924,0.00016350986244490634,0.00012663784076824656,-3.6872021676659784e-5,5.011435910590469e-5,-22.55033496165015,28.811528674190974,0.136764
684.9999999999916,4.073755754170118,4.074263643023611,0.000507888853493732,0.00827824680432259,0.012467336878845263,0.21228580352729162,0.7931042403582004,0.7929087969789251,0.8478516655499717,0.8616956314297218,-0.0001954433792752397,0.0004782413234142644,-0.024642836254029986,0.05983579227568604,2.0242819841609752e-5,-9.237535570270925e-5,7.21325358610995e-5,0.00012526121357467443,356.3364018723756,70.97571353421924,0.00017079470034869298,0.00013997140244647138,-3.082329790222161e-5,5.011435910590469e-5,-18.046987312424232,28.811528674190974,0.136764
685.9999999999915,4.073506691433446,4.073844451952921,0.0003377605194749833,0.00827824680432259,0.008291640226964428,0.21228580352729162,0.7929579766486001,0.7927581572986429,0.8477045017601152,0.8615641701313064,-0.00019981934995727535,0.0004782413234142644,-0.0251992357529213,0.05983579227568604,2.8736225767643693e-5,-7.860361313576818e-5,4.986738736812449e-5,0.00012526121357467443,173.53492337979185,70.97571353421924,0.00017651229681832486,0.0001503476505516783,-2.616464626664655e-5,5.011435910590469e-5,-14.823129457986994,28.811528674190974,0.136764
686.9999999999915,4.073319558951582,4.073540272580555,0.0002207136289733569,0.00827824680432259,0.00541851985288789,0.21228580352729162,0.79284310510213,0.7926395535577404,0.8475853424459397,0.8614578776427309,-0.00020355154438955747,0.0004782413234142644,-0.025673622319429393,0.05983579227568604,3.5117307047519994e-5,-6.760432309401525e-5,3.248701604649525e-5,0.00012526121357467443,92.50998660727177,70.97571353421924,0.00018097997475098994,0.00015836837842088237,-2.2611596330107572e-5,5.011435910590469e-5,-12.493976950333224,28.811528674190974,0.136764
687.9999999999915,4.073183354452423,4.073314834903112,0.0001314804506886702,0.00827824680432259,0.0032279531572019233,0.21228580352729162,0.7927512197318697,0.7925444457603278,0.8474868996283934,0.8613700687519397,-0.00020677397154189592,0.0004782413234142644,-0.02608308462922739,0.05983579227568604,3.9957813914164694e-5,-5.867258296446721e-5,1.8714769050302516e-5,0.00012526121357467443,46.83631864972547,70.97571353421924,0.00018444535558480055,0.00016453252622835123,-1.9912829356449316e-5,5.011435910590469e-5,-10.796058970047744,28.811528674190974,0.136764
688.9999999999914,4.073088868466443,4.07315788603873,6.901757228661154e-5,0.00827824680432259,0.001694477447348143,0.21228580352729162,0.7926767245696719,0.7924671421473268,0.8474043135910048,0.8612963149871323,-0.00020958242234503377,0.0004782413234142644,-0.02643983554062494,0.05983579227568604,4.3639094232691454e-5,-5.1330595948794604e-5,7.69150171610315e-6,0.00012526121357467443,17.625255178511924,70.97571353421924,0.00018710231757898462,0.00016924111774727226,-1.786119983171236e-5,5.011435910590469e-5,-9.546220518712877,28.811528674190974,0.136764
689.9999999999914,4.0730286179911115,4.073046073375384,1.7455384272224705e-5,0.00827824680432259,0.00042856031492442603,0.21228580352729162,0.7926156997239321,0.7924036515331108,0.8473341681815528,0.8612335269384009,-0.00021204819082132342,0.0004782413234142644,-0.026752963749668318,0.05983579227568604,4.64286211743317e-5,-4.5238244190882524e-5,-1.1903769834491779e-6,0.00012526121357467443,-2.563886140360515,70.97571353421924,0.0001891035816390412,0.00017280961297866878,-1.6293968660372415e-5,5.011435910590469e-5,-8.616425198901922,28.811528674190974,0.136764
690.9999999999914,4.072996341896346,4.07297734015418,-1.90017421655142e-5,0.00827824680432259,-0.00046652981172743167,0.21228580352729162,0.7925652988056884,0.7923510730087715,0.8472739702264261,0.8611794648440432,-0.00021422579691687815,0.0004782413234142644,-0.02702941918346585,0.05983579227568604,4.852060190666166e-5,-4.01452812230636e-5,-8.375320683598064e-6,0.00012526121357467443,-17.261370128321037,70.97571353421924,0.00019057007616617727,0.0001754835063007752,-1.5086569865402084e-5,5.011435910590469e-5,-7.916547114273377,28.811528674190974,0.136764
691.9999999999912,4.072986984767512,4.072935077659894,-5.190710761837636e-5,0.00827824680432259,-0.001274423606372983,0.21228580352729162,0.7925233976283867,0.7923072396630115,0.8472218478498986,0.8611324598221671,-0.0002161579653752188,0.0004782413234142644,-0.027274647792363983,0.05983579227568604,5.0059875920811025e-5,-3.586255440423125e-5,-1.4197321516579771e-5,0.00012526121357467443,-28.360680595849463,70.97571353421924,0.00019159817133731024,0.00017745261927970681,-1.4145552057603429e-5,5.011435910590469e-5,-7.382926443854237,28.811528674190974,0.136764
692.9999999999912,4.072996305964295,4.072921026438408,-7.527952588670672e-5,0.00827824680432259,-0.0018482591250198557,0.21228580352729162,0.792488376274451,0.7922704975722289,0.8471763637426681,0.8610912372682833,-0.00021787870222211847,0.0004782413234142644,-0.027492983966071916,0.05983579227568604,5.1156688256373954e-5,-3.224436513095769e-5,-1.8912323125416267e-5,0.00012526121357467443,-36.96940472502118,70.97571353421924,0.0001922651069321067,0.00017886340890780342,-1.3401698024303278e-5,5.011435910590469e-5,-6.9704265314432385,28.811528674190974,0.136764
693.9999999999911,4.060421409575499,4.060902242043676,0.0004808324681775389,0.00827824680432259,0.01184193510170187,0.21228580352729162,0.7924589772270612,0.7922395616373776,0.8471363938958664,0.8610548072163849,-0.00021941558968352481,0.0004782413234142644,-0.027687942971041168,0.05983579227568604,5.189643808920856e-5,-2.9176367396850437e-5,-2.272007069235812e-5,0.00012526121357467443,-43.77963407296458,70.97571353421924,0.00019263321984055618,0.0001798291180979714,-1.2804101742584784e-5,5.011435910590469e-5,-6.646881442973764,28.811528674190974,0.4878899999968863
694.9999999999911,4.016411029973977,4.019159182808262,0.0027481528342852,0.00827824680432259,0.06842309748121088,0.21228580352729162,0.7923583363975886,0.7921375391622746,0.8470351532568355,0.8609585795629207,-0.00022079723531398532,0.0004782413234142644,-0.027865831047834647,0.05983579227568604,5.654399096068066e-5,-2.23082884475731e-5,-3.4235702513107555e-5,0.00012526121357467443,-60.54702176384092,70.97571353421924,0.0001940446212314553,0.00018213370524479736,-1.1910915986657929e-5,5.011435910590469e-5,-6.13823558265532,28.811528674190974,1.8685799999877564
695.9999999999911,4.014824398241084,4.017290140863226,0.002465742622142386,0.00827824680432259,0.061415951921151055,0.21228580352729162,0.7919217480193752,0.7917006127455717,0.8466504515330842,0.8605872713178486,-0.00022113527380351883,0.0004782413234142644,-0.027923879392955948,0.05983579227568604,8.000152251554233e-5,2.7313214595421007e-6,-7.727020105600023e-5,0.00012526121357467443,-96.585913150576,70.97571353421924,0.00020145047975982566,0.00019231355433877952,-9.136925421046138e-6,5.011435910590469e-5,-4.535568955675564,28.811528674190974,1.9079999999996504
696.999999999991,3.954990981539854,3.9616509874175874,0.006660005877733521,0.00827824680432259,0.16839497002191608,0.21228580352729162,0.7913611511536496,0.791140227617431,0.8461647405154992,0.8601197073761185,-0.00022092353621860905,0.0004782413234142644,-0.02791690442430056,0.05983579227568604,0.00010957222457789458,3.3509734073270324e-5,-7.606249050462425e-5,0.00012526121357467443,-69.41767477811098,70.97571353421924,0.00021293773986496298,0.00020788005350314275,-5.057686361820233e-6,5.011435910590469e-5,-2.3751949114457704,28.811528674190974,4.5323999999764295
697.999999999991,3.8963583448422607,3.9084115335140277,0.012053188671766968,0.00827824680432259,0.3093449730495701,0.21228580352729162,0.7904196359131072,0.7902019909845771,0.845400623869906,0.8593934341267079,-0.00021764492853004747,0.0004782413234142644,-0.027535364588788344,0.05983579227568604,0.00016339026735423396,8.662662867231174e-5,-7.676363868192222e-5,0.00012526121357467443,-46.9817694315273,70.97571353421924,0.00023265668751914112,0.00023435947055244446,1.7027830333033367e-6,5.011435910590469e-5,0.7318865627549371,28.811528674190974,8.102249999967938
698.9999999999909,3.888909045796754,3.8999802069668363,0.011071161170082444,0.00827824680432259,0.28468552593299856,0.21228580352729162,0.7884590768686336,0.7882514646733867,0.8439384533204691,0.8580408795101716,-0.0002076121952468979,0.0004782413234142644,-0.026331385018919438,0.05983579227568604,0.00028993436576775836,0.00020909280891026976,-8.08415568574886e-5,0.00012526121357467443,-27.882709468888507,70.97571353421924,0.000272893558134559,0.0002885814731892349,1.5687915054675926e-5,5.011435910590469e-5,5.748730443442895,28.811528674190974,8.41589999999715
699.9999999999909,3.8562883295794874,3.8695699812485302,0.013281651669042827,0.00827824680432259,0.34441542057855246,0.21228580352729162,0.7863754309963698,0.7861781040495596,0.8424418660990035,0.8567038993104911,-0.00019732694681018348,0.0004782413234142644,-0.02509322380026067,0.05983579227568604,0.0004249119726542865,0.00034085529751237334,-8.405667514191318e-5,0.00012526121357467443,-19.782138549036063,70.97571353421924,0.0003226439544139681,0.000355524342926042,3.288038851207391e-5,5.011435910590469e-5,10.19092038212709,28.811528674190974,10.591649999980211
700.9999999999909,3.9061218317253847,3.9114174716120136,0.0052956398866288446,0.00827824680432259,0.13557282938841905,0.21228580352729162,0.784373112192127,0.784184610817575,0.8410573485959408,0.8555408532079654,-0.00018850137455206362,0.0004782413234142644,-0.024032105591336415,0.05983579227568604,0.0005541147532290076,0.000469354141736942,-8.476061149206556e-5,0.00012526121357467443,-15.296580897393147,70.97571353421924,0.00037598701275518785,0.00042654696438682087,5.055995163163302e-5,5.011435910590469e-5,13.447260122400436,28.811528674190974,6.644700000035897
701.9999999999908,3.8415518475254133,3.8542937939626722,0.0127419464372589,0.00827824680432259,0.3316874779515678,0.21228580352729162,0.7832507774315614,0.7830654630652052,0.8402333911165127,0.8548713751388677,-0.0001853143663561596,0.0004782413234142644,-0.023659646654146087,0.05983579227568604,0.0006072811922456158,0.0005237497172523159,-8.353147499329987e-5,0.00012526121357467443,-13.754991272562817,70.97571353421924,0.00041631054603593443,0.000477225667569384,6.091512153344957e-5,5.011435910590469e-5,14.632135100462143,28.811528674190974,11.082149999959137
702.9999999999908,3.960594506285567,3.959217104378665,-0.0013774019069021648,0.00827824680432259,-0.03477765534230257,0.21228580352729162,0.7820591359042831,0.7818785378822221,0.8393777015302977,0.8542000744777224,-0.00018059802206105147,0.0004782413234142644,-0.023092629926537295,0.05983579227568604,0.0006652859962850389,0.0005823468753113545,-8.293912097368438e-5,0.00012526121357467443,-12.466686723727381,70.97571353421924,0.0004544997630237432,0.0005222363161355923,6.773655311184917e-5,5.011435910590469e-5,14.90353980851484,28.811528674190974,3.2434650000721836
703.9999999999908,4.0379160001910535,4.031889140841831,-0.006026859349222313,0.00827824680432259,-0.14925667965696052,0.21228580352729162,0.7817271376713615,0.7815456876222201,0.839133160150481,0.8540392908063401,-0.00018145004914138507,0.0004782413234142644,-0.023211430228953722,0.05983579227568604,0.000664172524198,0.0005838823663695528,-8.029015782844715e-5,0.00012526121357467443,-12.088750272438464,70.97571353421924,0.00047582558633595524,0.0005433452684508679,6.751968211491261e-5,5.011435910590469e-5,14.190006601965397,28.811528674190974,0.3815280000263545
704.9999999999907,4.003168876349888,4.00185513719557,-0.0013137391543178722,0.00827824680432259,-0.032817480223710845,0.21228580352729162,0.7834695235303012,0.7832770857240099,0.8403232997378314,0.8550788704539211,-0.00019243780629130125,0.0004782413234142644,-0.024562258072806657,0.05983579227568604,0.0005164602877940037,0.0004421191695573972,-7.434111823660655e-5,0.00012526121357467443,-14.39435325301495,70.97571353421924,0.000454287587643377,0.0005063318694870631,5.2044281843686144e-5,5.011435910590469e-5,11.45624121355958,28.811528674190974,1.5208649999893786
705.9999999999907,3.8296975090303174,3.8477742847000234,0.018076775669706002,0.00827824680432259,0.47201575652075606,0.21228580352729162,0.784492094710705,0.7842960147331519,0.841044052238533,0.8557147229839677,-0.00019607997755310969,0.0004782413234142644,-0.0249945128670057,0.05983579227568604,0.0004331250732863092,0.0003620143642752577,-7.111070901105146e-5,0.00012526121357467443,-16.418054136534614,70.97571353421924,0.000430613036392102,0.0004673295181924937,3.671648180039169e-5,5.011435910590469e-5,8.52656066988155,28.811528674190974,11.806649999904112
706.9999999999906,3.8736768001545134,3.8840455731754875,0.010368773020974054,0.00827824680432259,0.26767264167626126,0.21228580352729162,0.782538132008637,0.782358773303805,0.8397177759381215,0.8545607493738678,-0.0001793587048319889,0.0004782413234142644,-0.022920123313557493,0.05983579227568604,0.0005709523504561627,0.0004918026737574942,-7.914967669866849e-5,0.00012526121357467443,-13.862746450808341,70.97571353421924,0.000456165435555585,0.000496707123152783,4.054168759719799e-5,5.011435910590469e-5,8.887496604783392,28.811528674190974,8.20125000003402
707.9999999999906,3.8725522607240905,3.8806691259324935,0.008116865208402935,0.00827824680432259,0.20959988818550485,0.21228580352729162,0.7800708933401003,0.7799082603139402,0.8379946213914018,0.8530559606087479,-0.00016263302616004172,0.0004782413234142644,-0.02084849307268486,0.05983579227568604,0.000729946337394717,0.0006415990820253703,-8.834725536934667e-5,0.00012526121357467443,-12.103253464449274,70.97571353421924,0.0005048675887284536,0.0005586144545534716,5.374686582501804e-5,5.011435910590469e-5,10.64573504517957,28.811528674190974,7.9438500000024295
708.9999999999906,3.8165600532624113,3.8319186289393987,0.015358575676987396,0.00827824680432259,0.40241933737840235,0.21228580352729162,0.7793532193704046,0.7791909375791253,0.837381395157453,0.8525192127201604,-0.0001622817912793062,0.0004782413234142644,-0.020822624099815033,0.05983579227568604,0.000738665954604549,0.0006504600735382602,-8.820588106628877e-5,0.00012526121357467443,-11.94124089738379,70.97571353421924,0.0005320436319701403,0.0005906651208234969,5.862148885335658e-5,5.011435910590469e-5,11.018173196864156,28.811528674190974,12.015899999961578
709.9999999999905,3.8413428146585007,3.8517670825084047,0.010424267849904023,0.00827824680432259,0.27137041271414747,0.21228580352729162,0.7777066343400294,0.7775506463373053,0.8362759212679622,0.8516397425030847,-0.00015598800272409452,0.0004782413234142644,-0.02005743500651344,0.05983579227568604,0.0008326641311354919,0.0007432073607400635,-8.945677039542835e-5,0.00012526121357467443,-10.743439887753716,70.97571353421924,0.0005717786838849875,0.0006391228455673355,6.734416168234806e-5,5.011435910590469e-5,11.77801194419732,28.811528674190974,9.677250000022333
710.9999999999905,3.969239099094339,3.964966214848198,-0.004272884246141029,0.00827824680432259,-0.107649958580625,0.21228580352729162,0.7760897917918584,0.7759379712149506,0.8351989081441062,0.85078781528019,-0.00015182057690787953,0.0004782413234142644,-0.019562243765293166,0.05983579227568604,0.0009212702763515185,0.0008309358130922933,-9.033446325922511e-5,0.00012526121357467443,-9.805424703049601,70.97571353421924,0.0006142585851126594,0.000690016822125486,7.575823701282656e-5,5.011435910590469e-5,12.333280942085972,28.811528674190974,2.120085000072169
711.9999999999905,4.054441129182571,4.0470267067588575,-0.007414422423713596,0.00827824680432259,-0.1828716261372487,0.21228580352729162,0.7769472265378138,0.7767857282523594,0.8357234840656987,0.8512443965224371,-0.00016149828545442002,0.0004782413234142644,-0.020786261915636036,0.05983579227568604,0.0008223376482178303,0.0007384788409187001,-8.385880729913024e-5,0.00012526121357467443,-10.197612559861389,70.97571353421924,0.0006127811799308483,0.0006808894734943139,6.810829356346563e-5,5.011435910590469e-5,11.114619018023951,28.811528674190974,-0.6400349999736418
712.9999999999903,3.8810197029793176,3.8902467041075095,0.009227001128191858,0.00827824680432259,0.2377468251735137,0.21228580352729162,0.7792008354448976,0.7790291376363899,0.837328065232065,0.8526510359469083,-0.0001716978085076759,0.0004782413234142644,-0.022035116069869482,0.05983579227568604,0.0006486007883825261,0.0005722322455797723,-7.636854280275375e-5,0.00012526121357467443,-11.774352447705287,70.97571353421924,0.0005721810090010899,0.0006200657827159155,4.78847737148256e-5,5.011435910590469e-5,8.36881563028849,28.811528674190974,6.758549999928504
713.9999999999903,3.8790840584220025,3.8889325458370583,0.009848487415055729,0.00827824680432259,0.25388692966509363,0.21228580352729162,0.7792380617025055,0.7790726904505584,0.8373257842875623,0.8526278542074656,-0.00016537125194715507,0.0004782413234142644,-0.02122217330937947,0.05983579227568604,0.0006294617768249333,0.0005496965907274884,-7.976518609744483e-5,0.00012526121357467443,-12.671966596572112,70.97571353421924,0.0005572868792919491,0.0005938870624871452,3.660018319519612e-5,5.011435910590469e-5,6.56756592613446,28.811528674190974,6.947099999998178
714.9999999999902,3.9314753905615625,3.934546765320445,0.003071374758882417,0.00827824680432259,0.07812270086329369,0.21228580352729162,0.7777094701474639,0.7775561391051322,0.836126221256935,0.8515080550534109,-0.000153331042331728,0.0004782413234142644,-0.01971572267245948,0.05983579227568604,0.0007069606123796162,0.0006191346545770566,-8.782595780255952e-5,0.00012526121357467443,-12.423034079216803,70.97571353421924,0.0005758027335642074,0.0006139014602178473,3.80987266536399e-5,5.011435910590469e-5,6.616628305636819,28.811528674190974,3.8357550000304195
715.9999999999902,4.141306932548922,4.130032565588391,-0.011274366960530635,0.00827824680432259,-0.27224176194038835,0.21228580352729162,0.7775069552458026,0.7773539036469657,0.8359170897722731,0.8512888343480822,-0.00015305159883693964,0.0004782413234142644,-0.019684917003546753,0.05983579227568604,0.000696263887072131,0.0006087668391083401,-8.7497047963791e-5,0.00012526121357467443,-12.566650315834424,70.97571353421924,0.0005808169951132501,0.0006184480301640866,3.7631035050836466e-5,5.011435910590469e-5,6.478983116446001,28.811528674190974,-3.9557699999238216
716.9999999999902,4.13062018629215,4.122961275209991,-0.007658911082159214,0.00827824680432259,-0.18541794541110385,0.21228580352729162,0.779555739854458,0.7794031160744264,0.837535200633348,0.8528032740968015,-0.00015262378003166877,0.0004782413234142644,-0.019578302387993886,0.05983579227568604,0.0005547776665424743,0.00046694296856912977,-8.783469797334455e-5,0.00012526121357467443,-15.832414185083248,70.97571353421924,0.0005424648825052078,0.0005666058826178826,2.4141000112674828e-5,5.011435910590469e-5,4.450242014042829,28.811528674190974,-3.2714550000066906
717.9999999999901,4.1548239360172445,4.147819921910573,-0.007004014106671619,0.00827824680432259,-0.16857547310140816,0.21228580352729162,0.7820602275908072,0.7819136390925254,0.8395956494371445,0.8547409203732557,-0.00014658849828175224,0.0004782413234142644,-0.018743888655906805,0.05983579227568604,0.00040118525623050353,0.0003089128568706695,-9.227239935983401e-5,0.00012526121357467443,-22.99994776149458,70.97571353421924,0.0004821628192256473,0.0004863485697360352,4.185750510387915e-6,5.011435910590469e-5,0.8681197187933785,28.811528674190974,-4.135589999991453
718.9999999999901,4.2553078580278365,4.237911518210518,-0.017396339817318918,0.00827824680432259,-0.40881507044196375,0.21228580352729162,0.7835894233619939,0.7834506756004307,0.8408582358213468,0.8558920018451677,-0.00013874776156319601,0.0004782413234142644,-0.017706691467056578,0.05983579227568604,0.00031062336323711226,0.00021286197093661532,-9.776139230049694e-5,0.00012526121357467443,-31.472646256125763,70.97571353421924,0.0004305962205355409,0.0004189661093721478,-1.1630111163393102e-5,5.011435910590469e-5,-2.7009320121129967,28.811528674190974,-10.23524999993967
719.99999999999,4.269062139420506,4.252984049397246,-0.016078090023260216,0.00827824680432259,-0.376618786472916,0.21228580352729162,0.7862843887227204,0.7861888477669328,0.8429424214809009,0.8577500881208823,-9.55409557876763e-5,0.0004782413234142644,-0.012150941460618058,0.05983579227568604,0.00012851166331223737,-5.989593918158798e-6,-0.00012252206939407858,0.00012526121357467443,-95.33926045015367,70.97571353421924,0.00035909460908595275,0.00032477749643738696,-3.4317112648565786e-5,5.011435910590469e-5,-9.556565813092352,28.811528674190974,-10.74914999999486
720.99999999999,4.251761851349053,4.241859398167566,-0.009902453181486415,0.00827824680432259,-0.2329023479606328,0.21228580352729162,0.7895559874071821,0.789524556690269,0.8454061412979621,0.8598817895696442,-3.143071691313892e-5,0.0004782413234142644,-0.003980809140128752,0.05983579227568604,-9.82789098711937e-5,-0.0002860367398949248,0.00018775783002373113,0.00012526121357467443,-191.04590218777383,70.97571353421924,0.0002714788252839631,0.00020897909331687935,-6.249973196708375e-5,5.011435910590469e-5,-23.021954622689226,28.811528674190974,-8.786700000019632
721.99999999999,4.229670042521724,4.224368867500601,-0.00530117502112315,0.00827824680432259,-0.1253330630481662,0.21228580352729162,0.7915062995455378,0.7915052882827682,0.8469583986748161,0.8611565966343774,-1.0112627695235687e-6,0.0004782413234142644,-0.00012776433619090705,0.05983579227568604,-0.0002129698696781179,-0.0004235157234556354,0.0002105458537775175,0.00012526121357467443,-98.86180336013538,70.97571353421924,0.00020201119389267122,0.00012073717129629442,-8.12740225963768e-5,5.011435910590469e-5,-40.232435158795106,28.811528674190974,-6.814350000019732
722.9999999999899,4.195448598176621,4.194107619052755,-0.001340979123866326,0.00827824680432259,-0.03196271131647584,0.21228580352729162,0.7923406392190036,0.7923391028017772,0.8477403803337399,0.8617650326212907,-1.536417226333242e-6,0.0004782413234142644,-0.00019390867390667505,0.05983579227568604,-0.00023691516523152752,-0.00044424176226114397,0.00020732659702961645,0.00012526121357467443,-87.51090156132666,70.97571353421924,0.00015686086533546324,6.82985643255563e-5,-8.856230100990694e-5,5.011435910590469e-5,-56.45914347119485,28.811528674190974,-4.5364500000230485
723.9999999999899,4.1341751824071595,4.137169620525609,0.0029944381184492386,0.00827824680432259,0.07243133119254276,0.21228580352729162,0.7924564041801976,0.7924414249614566,0.8479438393030024,0.8619001799123144,-1.4979218740940325e-5,0.0004782413234142644,-0.001890226220890529,0.05983579227568604,-0.0002147098477359678,-0.00040728994827210675,0.00019258010053613896,0.00012526121357467443,-89.69318481048799,70.97571353421924,0.00013225293180332595,4.4579333136075286e-5,-8.767359866725067e-5,5.011435910590469e-5,-66.29236680940318,28.811528674190974,-1.7466300000282278
724.9999999999899,4.112451465594163,4.1152609007255725,0.002809435131409188,0.00827824680432259,0.06831533830644937,0.21228580352729162,0.7918741422287476,0.791838633333064,0.8475122430944942,0.8615026211482666,-3.550889568360027e-5,0.0004782413234142644,-0.0044841590083570205,0.05983579227568604,-0.00015556821795925928,-0.00032603867398946625,0.00017047045603020696,0.00012526121357467443,-109.57923042793377,70.97571353421924,0.00012758759454464536,4.748679042133651e-5,-8.010080412330886e-5,5.011435910590469e-5,-62.78102852333346,28.811528674190974,-1.0046250000075077
725.9999999999898,4.087281985968669,4.089914739898107,0.0026327539294372926,0.00827824680432259,0.0644133176638005,0.21228580352729162,0.7911059460715187,0.791051045383583,0.8468706287910532,0.8609244587455399,-5.4900687935788284e-5,0.0004782413234142644,-0.006939739008209283,0.05983579227568604,-9.427149455248301e-5,-0.00024418378891145377,0.00014991229435897078,0.00012526121357467443,-159.02187089599107,70.97571353421924,0.00013434495027462039,6.517837937097018e-5,-6.916657090365021e-5,5.011435910590469e-5,-51.484310174862394,28.811528674190974,-0.2733570000074822
726.9999999999898,4.087647775930817,4.089224244202945,0.0015764682721277623,0.00827824680432259,0.03856663681764454,0.21228580352729162,0.7905300180969854,0.7904614672802707,0.8463694940355686,0.8604647449019831,-6.855081671475194e-5,0.0004782413234142644,-0.008671500783711143,0.05983579227568604,-5.178674621873751e-5,-0.00018743888556680755,0.00013565213934807002,0.00012526121357467443,-261.94373899279327,70.97571353421924,0.0001436459854239346,8.563306285010645e-5,-5.801292257382814e-5,5.011435910590469e-5,-40.38603821931936,28.811528674190974,-0.29030849999982655
727.9999999999897,4.070556131983268,4.072187275939241,0.00163114395597308,0.00827824680432259,0.040071771597910616,0.21228580352729162,0.7901125095850067,0.7900340718555021,0.8459973970886836,0.8601210917717855,-7.843772950455463e-5,0.0004782413234142644,-0.00992741268528361,0.05983579227568604,-2.2354701872769214e-5,-0.00014747062510832952,0.0001251159232355603,0.00012526121357467443,-559.68504499703,70.97571353421924,0.00015274210336981386,0.00010485552704208249,-4.788657632773137e-5,5.011435910590469e-5,-31.351261552153737,28.811528674190974,0.17622899999517344
728.9999999999897,4.011497702553231,4.0156926897373175,0.004194987184086507,0.00827824680432259,0.10457408915918084,0.21228580352729162,0.7897903526587052,0.7897045094782859,0.8457054516417363,0.8598490414858116,-8.5843180419376e-5,0.0004782413234142644,-0.010869109774562125,0.05983579227568604,-6.772566634695462e-7,-0.00011769765298588663,0.00011702039632241708,0.00012526121357467443,-17278.589142693472,70.97571353421924,0.00016101799731912014,0.0001217871009463709,-3.923089637274925e-5,5.011435910590469e-5,-24.364292828085475,28.811528674190974,2.0125799999810017
729.9999999999897,3.9280607878370146,3.938463596975233,0.010402809138218228,0.00827824680432259,0.2648332014216748,0.21228580352729162,0.7891007086007669,0.7890098407855158,0.845098087744537,0.8592637340864425,-9.086781525102783e-5,0.0004782413234142644,-0.011515363534795781,0.05983579227568604,3.999051103814783e-5,-7.103414496252794e-5,3.104363392438011e-5,0.00012526121357467443,77.62749992058593,70.97571353421924,0.00017563561527199546,0.00014587864938218003,-2.9756965889815427e-5,5.011435910590469e-5,-16.94244407305019,28.811528674190974,6.063299999958094
730.9999999999895,3.877215898413069,3.8917206194446243,0.014504721031555423,0.00827824680432259,0.37410145350668134,0.21228580352729162,0.7874228252926081,0.7873336286346171,0.8437529458108739,0.8579613800483283,-8.919665799100862e-5,0.0004782413234142644,-0.011327669852326538,0.05983579227568604,0.00014304780109965099,3.246677944072947e-5,-0.00011058102165892151,0.00012526121357467443,-77.3035452546997,70.97571353421924,0.00020921978646652018,0.00019447442962694674,-1.4745356839573442e-5,5.011435910590469e-5,-7.0477831416451755,28.811528674190974,9.420299999964888
731.9999999999895,3.8394036387521298,3.8561922668163247,0.0167886280641949,0.00827824680432259,0.43727176519662525,0.21228580352729162,0.784811038330371,0.7847299022447517,0.8418395059071724,0.8561671090112357,-8.113608561932661e-5,0.0004782413234142644,-0.010338295673304722,0.05983579227568604,0.0003164426144163154,0.00020251602068637739,-0.00011392659372993802,0.00012526121357467443,-36.00229189740385,70.97571353421924,0.00026547492341754287,0.0002738374699855044,8.362546567961557e-6,5.011435910590469e-5,3.1500325756978635,28.811528674190974,12.124799999971714
732.9999999999894,3.884699531238304,3.8924970341148346,0.007797502876530693,0.00827824680432259,0.20072344884921192,0.21228580352729162,0.7818259321291751,0.7817522407868849,0.8398236564118358,0.8544049814532628,-7.369134229018304e-5,0.0004782413234142644,-0.00942554336737037,0.05983579227568604,0.0005268292325947806,0.0004129581858645141,-0.0001138710467302665,0.00012526121357467443,-21.614413112465286,70.97571353421924,0.00033739494008611174,0.00037517909186533013,3.778415177921839e-5,5.011435910590469e-5,11.198790287007538,28.811528674190974,8.10315000004252
733.9999999999894,3.8319935413492527,3.8452087775259733,0.013215236176720602,0.00827824680432259,0.3448658259498916,0.21228580352729162,0.7800757823248538,0.7800018685663361,0.8385778205855481,0.8533672953684197,-7.391375851761861e-5,0.0004782413234142644,-0.009475202306285424,0.05983579227568604,0.0006251591319371648,0.0005154797089058335,-0.00010967942303133132,0.00012526121357467443,-17.54424072659236,70.97571353421924,0.0003951185058864269,0.0004532923802172794,5.8173874330852524e-5,5.011435910590469e-5,14.723145958537831,28.811528674190974,11.763449999961301
734.9999999999894,3.808739713904373,3.8242415010054382,0.0155017871010652,0.00827824680432259,0.4070056833884871,0.21228580352729162,0.7786445365286219,0.7785693710095203,0.837527967085166,0.852540559224669,-7.51655191015832e-5,0.0004782413234142644,-0.00965338040342369,0.05983579227568604,0.0006906127729729187,0.0005858326185447942,-0.00010478015442812454,0.00012526121357467443,-15.172055677028917,70.97571353421924,0.0004448116054611949,0.0005150974252279256,7.028581976673074e-5,5.011435910590469e-5,15.801255835907465,28.811528674190974,13.332149999983415
735.9999999999893,3.815564339221069,3.827731409239102,0.012167070018032966,0.00827824680432259,0.3188799594588102,0.21228580352729162,0.7761894821037248,0.7761148735066827,0.8359394061141119,0.8513287114793617,-7.460859704211398e-5,0.0004782413234142644,-0.009612162849707848,0.05983579227568604,0.0008487076785615926,0.0007496445879844767,-9.906309057711594e-5,0.00012526121357467443,-11.672227444084179,70.97571353421924,0.0005099109547496971,0.0005957349369129464,8.582398216324934e-5,5.011435910590469e-5,16.831170494342143,28.811528674190974,12.14820000001265
736.9999999999893,3.772169597241026,3.7893379138186343,0.017168316577608422,0.00827824680432259,0.4551310892852053,0.21228580352729162,0.7742800957861756,0.7742001993490754,0.8346755649828568,0.8503926303038939,-7.989643710026861e-5,0.0004782413234142644,-0.010318802915777487,0.05983579227568604,0.0009521563151190966,0.0008604104335441298,-9.174588157496685e-5,0.00012526121357467443,-9.635590303624797,70.97571353421924,0.0005694223609242638,0.0006659087233727668,9.648636244850308e-5,5.011435910590469e-5,16.94460370187961,28.811528674190974,15.424199999964992
737.9999999999893,3.7755363290294186,3.790374980675974,0.014838651646555512,0.00827824680432259,0.393021026773436,0.21228580352729162,0.7721948960555302,0.772102907433303,0.8333591182360623,0.8494841145457926,-9.198862222714599e-5,0.0004782413234142644,-0.011912617228763824,0.05983579227568604,0.0010684455743503489,0.0009897329290983218,-7.871264525202704e-5,0.00012526121357467443,-7.36702431472815,70.97571353421924,0.0006315700213506141,0.0007379676022064177,0.0001063975808558036,5.011435910590469e-5,16.846521725061,28.811528674190974,14.440950000010508
738.9999999999892,3.774965054709355,3.78799486374938,0.013029809040024709,0.00827824680432259,0.3451636995624562,0.21228580352729162,0.7699686314556491,0.7698602491226791,0.8319897829800696,0.8485658603239888,-0.00010838233296994737,0.0004782413234142644,-0.014076201099913288,0.05983579227568604,0.0011929361909771119,0.0011303172490527377,-6.261894192437418e-5,0.00012526121357467443,-5.24914428768266,70.97571353421924,0.0006970503543169441,0.000813209534960963,0.00011615918064401885,5.011435910590469e-5,16.664388723802592,28.811528674190974,13.78530000000708
739.9999999999892,3.801038016151175,3.809535293145095,0.00849727699392,0.00827824680432259,0.22355148666795246,0.21228580352729162,0.7685048386241607,0.7683806534406935,0.8310021715343829,0.8479026207767792,-0.00012418518346724028,0.0004782413234142644,-0.016159323562564238,0.05983579227568604,0.0012379321299256954,0.0011897308616733511,-4.820126825234427e-5,0.00012526121357467443,-3.8936923185956456,70.97571353421924,0.0007493424731048812,0.0008679401583873863,0.00011859768528250513,5.011435910590469e-5,15.8269001877204,28.811528674190974,11.040750000029641
740.9999999999891,3.7906410777182806,3.8010594752856983,0.010418397567417692,0.00827824680432259,0.2748452663761268,0.21228580352729162,0.7677996312651367,0.7676669599614032,0.8304156637786518,0.8474960541371706,-0.00013267130373351144,0.0004782413234142644,-0.01727941748485906,0.05983579227568604,0.0012185681773166283,0.0011794251016565747,-3.914307566005369e-5,0.00012526121357467443,-3.212218765325832,70.97571353421924,0.0007832126943261652,0.000896353333283446,0.00011314063895728082,5.011435910590469e-5,14.445710568394329,28.811528674190974,11.50064999999498
741.9999999999891,3.8316577365930615,3.8370297526500248,0.005372016056963247,0.00827824680432259,0.14020083280558882,0.21228580352729162,0.7673198518946498,0.7671863284337573,0.8299610104766557,0.8471529786213836,-0.0001335234608924596,0.0004782413234142644,-0.017401278041062836,0.05983579227568604,0.0011880979024160797,0.0011522332193145243,-3.586468310155539e-5,0.00012526121357467443,-3.018663952576809,70.97571353421924,0.0008060968874215274,0.0009101526664594353,0.00010405577903790789,5.011435910590469e-5,12.908594569909887,28.811528674190974,8.163450000036422
742.9999999999891,3.8409037100383956,3.846075619448521,0.005171909410125242,0.00827824680432259,0.13465345138979132,0.21228580352729162,0.767194494598587,0.7670632774512047,0.8297452986428643,0.8469697057084151,-0.00013121714738228984,0.0004782413234142644,-0.01710350482258681,0.05983579227568604,0.0011423511893627022,0.0011060962891143607,-3.625490024834147e-5,0.00012526121357467443,-3.1737088021563187,70.97571353421924,0.0008169392958199002,0.0009100113247621763,9.307202894227613e-5,5.011435910590469e-5,11.392771705132237,28.811528674190974,7.397100000008363
743.999999999989,3.8696337030368286,3.87291806557783,0.0032843625410015065,0.00827824680432259,0.08487528259907365,0.21228580352729162,0.7676115634677348,0.7674853736703043,0.8298618156615166,0.8470095570103343,-0.0001261897974305093,0.0004782413234142644,-0.016439277811350145,0.05983579227568604,0.0010640067007343507,0.001023806725114058,-4.0199975620292764e-5,0.00012526121357467443,-3.7781694036839943,70.97571353421924,0.0008119382807940631,0.0008915307822689384,7.959250147487526e-5,5.011435910590469e-5,9.802777299406923,28.811528674190974,5.594850000019874
744.999999999989,3.852719647983579,3.8593917200861956,0.006672072102616777,0.00827824680432259,0.17317824062565207,0.21228580352729162,0.7680803161720318,0.7679591982612917,0.8300565168057622,0.847113421145749,-0.00012111791074009837,0.0004782413234142644,-0.01576891220747946,0.05983579227568604,0.000994045506465517,0.0009499322898611673,-4.411321660434961e-5,0.00012526121357467443,-4.437746191439565,70.97571353421924,0.0007993756066843304,0.0008659584613824486,6.65828546981182e-5,5.011435910590469e-5,8.329357831457001,28.811528674190974,6.645599999988413
745.999999999989,3.8679348473078696,3.873765880349056,0.005831033041186373,0.00827824680432259,0.15075313497704967,0.21228580352729162,0.7683001568125772,0.7681847246171096,0.8301090094006893,0.8470922682636233,-0.00011543219546761296,0.0004782413234142644,-0.015024361825787319,0.05983579227568604,0.0009476090021066293,0.0008986539181362076,-4.89550839704217e-5,0.00012526121357467443,-5.166169154323109,70.97571353421924,0.0007874244088457292,0.0008437519937419265,5.6327584896197344e-5,5.011435910590469e-5,7.153395838816694,28.811528674190974,5.752800000009845
746.9999999999889,3.9259624749224296,3.926498086820537,0.0005356118981074687,0.00827824680432259,0.013642817564578262,0.21228580352729162,0.7682627063026901,0.7681526592540592,0.830005617952027,0.8469426608257056,-0.00011004704863093462,0.0004782413234142644,-0.014324142995374926,0.05983579227568604,0.0009216725777400971,0.0008681484885081625,-5.3524089231934556e-5,0.00012526121357467443,-5.807278042618281,70.97571353421924,0.0007793519803845699,0.0008288386842568325,4.948670387226262e-5,5.011435910590469e-5,6.349724529838687,28.811528674190974,2.8201500000326734
747.9999999999889,4.009792321662238,4.005891452910181,-0.00390086875205764,0.00827824680432259,-0.09728356082143814,0.21228580352729162,0.7689599767269288,0.7688506212452992,0.8304452279215341,0.8472659937752414,-0.00010935548162960274,0.0004782413234142644,-0.01422121891116796,0.05983579227568604,0.0008550540152111446,0.0008004255724413511,-5.462844276979352e-5,0.00012526121357467443,-6.388887929647781,70.97571353421924,0.0007579229836369271,0.0007987141112342903,4.0791127597363214e-5,5.011435910590469e-5,5.381962082957978,28.811528674190974,-0.06127649996789713
748.9999999999887,3.9568371623606082,3.958256339054489,0.0014191766938806971,0.00827824680432259,0.035866441696934294,0.21228580352729162,0.7704794751054644,0.7703679966164647,0.8315730371367397,0.8482264264270646,-0.00011147848899972779,0.0004782413234142644,-0.014468716247693483,0.05983579227568604,0.0007505919645313263,0.0006970298476381072,-5.356211689321912e-5,0.00012526121357467443,-7.135983253786042,70.97571353421924,0.0007166982453797118,0.0007445342462487743,2.7836000869062576e-5,5.011435910590469e-5,3.8839220060201027,28.811528674190974,1.8002249999790487
749.9999999999887,3.9890620021786503,3.9896897910835416,0.0006277889048913465,0.00827824680432259,0.015737757511627443,0.21228580352729162,0.7715088367654447,0.7713974759551351,0.8323308897676986,0.8488535121648128,-0.00011136081030960199,0.0004782413234142644,-0.014434158755262329,0.05983579227568604,0.0006789002373037856,0.0006248510657888631,-5.4049171514922514e-5,0.00012526121357467443,-7.961283344011748,70.97571353421924,0.0006779243517915995,0.0006946518599903032,1.6727508198703623e-5,5.011435910590469e-5,2.4674594081915826,28.811528674190974,0.8154000000110843
750.9999999999887,4.061875267704254,4.058837745264546,-0.00303752243970834,0.00827824680432259,-0.07478128301623424,0.21228580352729162,0.7720050278758142,0.7718948314921414,0.8326603539766065,0.8490871812239433,-0.00011019638367271156,0.0004782413234142644,-0.014274049998860618,0.05983579227568604,0.0006382156528563128,0.000583019769970018,-5.519588288629474e-5,0.00012526121357467443,-8.648468999352714,70.97571353421924,0.0006488134039701996,0.0006586401700915949,9.826766121395379e-6,5.011435910590469e-5,1.514575078329721,28.811528674190974,-1.3973399999750957
751.9999999999886,4.0996418883899395,4.094938510366777,-0.00470337802316223,0.00827824680432259,-0.11472655786062809,0.21228580352729162,0.7731134866644989,0.7730052224536073,0.833568202559352,0.8498835578287179,-0.00010826421089160654,0.0004782413234142644,-0.014003663467144892,0.05983579227568604,0.0005699643070826429,0.0005122451255671144,-5.771918151552854e-5,0.00012526121357467443,-10.126806327744212,70.97571353421924,0.0006111558919815683,0.0006129181385356554,1.7622465540871384e-6,5.011435910590469e-5,0.28834648854866735,28.811528674190974,-2.6739449999854865
752.9999999999886,4.17639293409456,4.165181884685448,-0.011211049409111773,0.00827824680432259,-0.2684385685453307,0.21228580352729162,0.774592788839902,0.7744910977857734,0.8348395611571958,0.8510338270883068,-0.00010169105412860535,0.0004782413234142644,-0.013128324403962858,0.05983579227568604,0.0004852610650918624,0.00042058320607317516,-6.467785901868726e-5,0.00012526121357467443,-13.328466607236129,70.97571353421924,0.0005647665500833302,0.0005565659838348474,-8.200566248482764e-6,5.011435910590469e-5,-1.4520276116340083,28.811528674190974,-6.34004999995832
753.9999999999885,4.237211264354599,4.2202656126278875,-0.016945651726711475,0.00827824680432259,-0.3999246360280927,0.21228580352729162,0.7766647830260167,0.7765854872799245,0.8366094792299841,0.8526368034720796,-7.929574609222279e-5,0.0004782413234142644,-0.010209777477391624,0.05983579227568604,0.0003624228548903333,0.00027596448549190657,-8.645836939842676e-5,0.00012526121357467443,-23.85566148265911,70.97571353421924,0.0005049632309167204,0.00048245156716530014,-2.251166375142027e-5,5.011435910590469e-5,-4.458079791384443,28.811528674190974,-10.059299999957295
754.9999999999885,4.235038730305106,4.222190036110035,-0.012848694195070287,0.00827824680432259,-0.3033902406400101,0.21228580352729162,0.779692651763208,0.7796661719934683,0.8390696725746788,0.8548109598547933,-2.6479769739684578e-5,0.0004782413234142644,-0.003396180492377715,0.05983579227568604,0.00016605961367066602,3.075256069704018e-5,-0.00013530705297362585,0.00012526121357467443,-81.48101153720043,70.97571353421924,0.0004236016399121886,0.0003783236468609782,-4.5277993051210416e-5,5.011435910590469e-5,-10.688814391888664,28.811528674190974,-9.254700000009239
755.9999999999885,4.263524867015508,4.249730969124835,-0.013793897890672646,0.00827824680432259,-0.32353271813630713,0.21228580352729162,0.7823720119222378,0.7823987797686159,0.8412279147689187,0.8566410641030874,2.6767846378117355e-5,0.0004782413234142644,0.0034213706485167424,0.05983579227568604,-3.905507406905699e-6,-0.00018497310687191006,0.00018106759946500436,0.00012526121357467443,-4636.211907954432,70.97571353421924,0.000342059442605851,0.00027466836581898924,-6.739107678686173e-5,5.011435910590469e-5,-19.70156890669885,28.811528674190974,-10.763099999982678
756.9999999999884,4.253865077003435,4.243800307526263,-0.010064769477171609,0.00827824680432259,-0.23660293156880213,0.21228580352729162,0.784545932461322,0.7846151951088639,0.8430063949058533,0.858061765968413,6.926264754192335e-5,0.0004782413234142644,0.008828373798921964,0.05983579227568604,-0.00013366405943350445,-0.0003499568654511381,0.00021629280601763367,0.00012526121357467443,-161.8182231890358,70.97571353421924,0.00026933906682557557,0.00018496322350005536,-8.437584332552021e-5,5.011435910590469e-5,-31.326997720743627,28.811528674190974,-9.440100000015342
757.9999999999884,4.19169790785641,4.191121729936658,-0.0005761779197523964,0.00827824680432259,-0.013745692853306016,0.21228580352729162,0.7863982311555392,0.7864997915332254,0.8445422696414426,0.8592472966582068,0.00010156037768616066,0.0004782413234142644,0.012914624380185483,0.05983579227568604,-0.00023902614557242953,-0.00048166436597568636,0.00024263822040325683,0.00012526121357467443,-101.51116306635701,70.97571353421924,0.00020523991388965082,0.00010837511526441713,-9.686479862523369e-5,5.011435910590469e-5,-47.19588738344237,28.811528674190974,-4.968000000051859
758.9999999999884,4.228870022702159,4.223339276052134,-0.0055307466500247315,0.00827824680432259,-0.13078544907584322,0.21228580352729162,0.7867431852398855,0.7868379228851908,0.8449394641487246,0.8595180702188704,9.473764530532058e-5,0.0004782413234142644,0.012041749719946308,0.05983579227568604,-0.00022740907996584845,-0.00045802812117340494,0.0002306190412075565,0.00012526121357467443,-101.41153609266178,70.97571353421924,0.00017079465976739406,7.34074135730259e-5,-9.738724619436816e-5,5.011435910590469e-5,-57.02007681446262,28.811528674190974,-6.9511499999770034
759.9999999999883,4.238174423871316,4.230901855594971,-0.007272568276344593,0.00827824680432259,-0.17159671945973246,0.21228580352729162,0.786973444516584,0.7870557577560221,0.8452400367699986,0.8597293279549421,8.2313239438081e-5,0.0004782413234142644,0.010459468487992469,0.05983579227568604,-0.00021255419566101416,-0.00042887393808579993,0.00021631974242478577,0.00012526121357467443,-101.77157018804606,70.97571353421924,0.00014836152292699696,5.484296415939815e-5,-9.351855876759882e-5,5.011435910590469e-5,-63.03424022791659,28.811528674190974,-7.372799999995062
760.9999999999883,4.2102895149715795,4.206892918310968,-0.0033965966606119835,0.00827824680432259,-0.08067370779453183,0.21228580352729162,0.7880546383332783,0.7881443967195496,0.8461755554109408,0.8604703670125359,8.975838627134358e-5,0.0004782413234142644,0.011389868405721334,0.05983579227568604,-0.00026794847068536374,-0.0004906536877288271,0.00022270521704346335,0.00012526121357467443,-83.11494238941677,70.97571353421924,0.00011718798429629566,2.3639636789221514e-5,-9.354834750707415e-5,5.011435910590469e-5,-79.8275933055973,28.811528674190974,-5.405850000023032
761.9999999999882,4.1686739682301495,4.16924835281084,0.000574384580690257,0.00827824680432259,0.013778592067110431,0.21228580352729162,0.7886266374938983,0.788716851408428,0.8466726435158483,0.8608633130053851,9.021391452967986e-5,0.0004782413234142644,0.01143936943549892,0.05983579227568604,-0.0002872432360057761,-0.0005066055935231297,0.00021936235751735358,0.00012526121357467443,-76.36815424017243,70.97571353421924,9.351079091459135e-5,1.2704196026947664e-6,-9.224037131189659e-5,5.011435910590469e-5,-98.64141925197157,28.811528674190974,-3.13492500002685
762.9999999999882,4.096605991707967,4.100838084071286,0.004232092363319673,0.00827824680432259,0.10330728344112045,0.21228580352729162,0.7883609960587298,0.7884373569495227,0.846463921420545,0.8606809432128171,7.636089079288144e-5,0.0004782413234142644,0.009686031040936082,0.05983579227568604,-0.0002483902436683702,-0.00044949967128352824,0.00020110942761515806,0.00012526121357467443,-80.96510742332637,70.97571353421924,8.645565491394439e-5,3.838775045503949e-8,-8.641726716348935e-5,5.011435910590469e-5,-99.95559833478418,28.811528674190974,-0.548370000030582
763.9999999999882,4.067806585893653,4.0717663454457185,0.003959759552065734,0.00827824680432259,0.09734385026558036,0.21228580352729162,0.7874639599674507,0.7875210623607658,0.8456598783180285,0.859981927031106,5.710239331513378e-5,0.0004782413234142644,0.00725142942636944,0.05983579227568604,-0.00017704386155917602,-0.00035471373101833033,0.00017766986945915431,0.00012526121357467443,-100.35358915833919,70.97571353421924,9.588313779170786e-5,1.9988960469544104e-5,-7.589417732216375e-5,5.011435910590469e-5,-79.15278856125128,28.811528674190974,0.25521299999049896
764.9999999999881,4.077770842932747,4.079766319654129,0.0019954767213823388,0.00827824680432259,0.04893547965895957,0.21228580352729162,0.7864275711781605,0.7864678044746468,0.8447048596989336,0.8591312494437298,4.02332964862806e-5,0.0004782413234142644,0.005115957013817104,0.05983579227568604,-0.00010590769737975826,-0.0002636948180046376,0.00015778712062487933,0.00012526121357467443,-148.98550769080984,70.97571353421924,0.00011434923845746872,5.146143647872255e-5,-6.288780197874617e-5,5.011435910590469e-5,-54.99625780379533,28.811528674190974,-0.04810049999637931
765.9999999999881,4.070856278328137,4.072248984581031,0.001392706252894449,0.00827824680432259,0.03421162914320376,0.21228580352729162,0.7858062487566828,0.7858350358249745,0.8441244887921189,0.8586121667651236,2.8787068291680207e-5,0.0004782413234142644,0.0036633799154979535,0.05983579227568604,-6.397741436239879e-5,-0.00020855812782861867,0.00014458071346621986,0.00012526121357467443,-225.98711577689792,70.97571353421924,0.00013049669865343674,7.932809344811281e-5,-5.1168605205323934e-5,5.011435910590469e-5,-39.210651099468535,28.811528674190974,0.1204739999979877
766.999999999988,4.01779133614654,4.021339681302043,0.00354834515550273,0.00827824680432259,0.08831581480052532,0.21228580352729162,0.7854519552108478,0.7854725673855011,0.8437827560630591,0.8583119225540268,2.0612174653322768e-5,0.0004782413234142644,0.002624243853055227,0.05983579227568604,-3.9885093699695486e-5,-0.00017467727551453898,0.0001347921818148435,0.00012526121357467443,-337.95127279811953,70.97571353421924,0.00014271605581267166,0.00010101966429261819,-4.169639152005347e-5,5.011435910590469e-5,-29.21632838198943,28.811528674190974,1.7203499999807201
767.999999999988,3.930173136811637,3.9400200988818748,0.00984696207023772,0.00827824680432259,0.2505477933785404,0.21228580352729162,0.7848160625193861,0.7848308061470242,0.843199182986107,0.8577642223120541,1.4743627638091894e-5,0.0004782413234142644,0.001878609312704747,0.05983579227568604,-2.0779686804570773e-6,-0.000129406129228166,0.00012732816054770893,0.00012526121357467443,-6127.530301356678,70.97571353421924,0.00015876548650936375,0.00012651152351473774,-3.225396299462601e-5,5.011435910590469e-5,-20.315475172699905,28.811528674190974,5.818499999950615
768.999999999988,3.8695583828709905,3.884609160551158,0.015050777680167382,0.00827824680432259,0.38895336860121404,0.21228580352729162,0.7831848587778492,0.7831997078934672,0.8418624889007789,0.8564704547824845,1.484911561799862e-5,0.0004782413234142644,0.0018959911509487672,0.05983579227568604,9.596878332766556e-5,-2.976155011797082e-5,-6.620723320969474e-5,0.00012526121357467443,-68.98830110583339,70.97571353421924,0.00019278222559264253,0.00017504816442306283,-1.77340611695797e-5,5.011435910590469e-5,-9.199012572379242,28.811528674190974,9.855449999951352
769.9999999999878,3.816777350005274,3.8360399525172926,0.01926260251201839,0.00827824680432259,0.5046823732589949,0.21228580352729162,0.7804358527187071,0.7804571284294628,0.8398339717612567,0.854557140566677,2.1275710755719324e-5,0.0004782413234142644,0.002726131902013956,0.05983579227568604,0.0002754521476516036,0.00014650304975503752,-0.00012894909789656607,0.00012526121357467443,-46.81361136441855,70.97571353421924,0.00025197733296249944,0.00025790324465841487,5.925911695915426e-6,5.011435910590469e-5,2.351763798054546,28.811528674190974,13.900049999950799
770.9999999999878,3.789585184491828,3.8089799733558354,0.019394788864007584,0.00827824680432259,0.5117918695528246,0.21228580352729162,0.7769334036940644,0.7769582383910617,0.8375146678288389,0.852539341353208,2.4834696997322325e-5,0.0004782413234142644,0.003196502670530249,0.05983579227568604,0.000526136554777012,0.00039945936729930486,-0.00012667718747770709,0.00012526121357467443,-24.07686489896062,70.97571353421924,0.0003342177999761952,0.00037425245548695923,4.003465551076404e-5,5.011435910590469e-5,11.978612603402789,28.811528674190974,15.72434999997781
771.9999999999878,3.8294412754808245,3.8389870683884357,0.009545792907611261,0.00827824680432259,0.2492737770580564,0.21228580352729162,0.7733009676814665,0.773316416078137,0.8352506259136796,0.8507609546178301,1.5448396670447728e-5,0.0004782413234142644,0.0019977211093845596,0.05983579227568604,0.0007870422345109755,0.0006749392632268682,-0.00011210297128410728,0.00012526121357467443,-14.243577583071113,70.97571353421924,0.0004292766190208404,0.000507808340160931,7.853172114009058e-5,5.011435910590469e-5,18.2939665615187,28.811528674190974,11.32875000005347
772.9999999999877,3.876543531972084,3.878492665004061,0.0019491330319771905,0.00827824680432259,0.050280179131269115,0.21228580352729162,0.7712663376741972,0.7712666355680573,0.8338434144813989,0.849711524364263,2.978938601350123e-7,0.0004782413234142644,3.862399350052412e-5,0.05983579227568604,0.0008843776030330204,0.0007879021946428965,-9.647540839012396e-5,0.00012526121357467443,-10.908847991995318,70.97571353421924,0.0005025341370352373,0.0006022712084792188,9.97370714439815e-5,5.011435910590469e-5,19.846825139560224,28.811528674190974,7.248150000050103
773.9999999999877,3.8482270592566348,3.85505315483935,0.006826095582715297,0.00827824680432259,0.1773828695033889,0.21228580352729162,0.771251689509675,0.7712443308653064,0.8335539407780587,0.8494987012152216,-7.3586443686268765e-6,0.0004782413234142644,-0.0009541171149077353,0.05983579227568604,0.0008070447187337204,0.0007180209770121028,-8.902374172161753e-5,0.00012526121357467443,-11.03083133500938,70.97571353421924,0.0005340569302870836,0.0006297851518068084,9.572822151972487e-5,5.011435910590469e-5,17.92472227038903,28.811528674190974,8.968049999978883
774.9999999999876,3.829022225483563,3.839283456993908,0.01026123151034497,0.00827824680432259,0.2679856868433061,0.21228580352729162,0.7710737313372285,0.7710666295261855,0.8332168008218627,0.8492300523069573,-7.1018110429088566e-6,0.0004782413234142644,-0.0009210287880761542,0.05983579227568604,0.0007617837872414024,0.0006762921958237864,-8.549159141761598e-5,0.00012526121357467443,-11.222553282106603,70.97571353421924,0.000554441763392848,0.0006394462893478678,8.500452595501984e-5,5.011435910590469e-5,15.331551763857684,28.811528674190974,10.215449999984543
775.9999999999876,3.807772318289478,3.820431434426468,0.01265911613699,0.00827824680432259,0.3324546500899169,0.21228580352729162,0.7698942519882983,0.7698900610314766,0.8323153026381026,0.8484978617377577,-4.19095682169246e-6,0.0004782413234142644,-0.0005443548657324121,0.05983579227568604,0.0008038254183078975,0.0007201243555472418,-8.370106276065577e-5,0.00012526121357467443,-10.412841004313064,70.97571353421924,0.0005863180041022617,0.0006658643177340714,7.954631363180976e-5,5.011435910590469e-5,13.567093808351792,28.811528674190974,11.600099999982842
776.9999999999876,3.8039072672388268,3.8160265972012812,0.012119329962454461,0.00827824680432259,0.318602140142381,0.21228580352729162,0.7683435272756984,0.7683396884805798,0.8312382904482848,0.8476405465074276,-3.8387951186713565e-6,0.0004782413234142644,-0.0004996196339783719,0.05983579227568604,0.0008780265699487367,0.0007977124052296776,-8.031416471905909e-5,0.00012526121357467443,-9.14712236142788,70.97571353421924,0.0006266878815699775,0.0007067132263070233,8.002534473704583e-5,5.011435910590469e-5,12.769569524236923,28.811528674190974,11.511450000001098
777.9999999999875,3.7343354310764627,3.7559437270007034,0.02160829592424074,0.00827824680432259,0.578638323285595,0.21228580352729162,0.7668348676170202,0.7668279388809961,0.8302047207331531,0.8468368703037208,-6.928736024147675e-6,0.0004782413234142644,-0.000903549944941743,0.05983579227568604,0.0009455514657677479,0.0008716694569049513,-7.388200886279661e-5,0.00012526121357467443,-7.8136422540265995,70.97571353421924,0.0006688172227375943,0.0007521027465904241,8.328552385282982e-5,5.011435910590469e-5,12.452658367846235,28.811528674190974,17.297999999927633
778.9999999999875,3.741651195124778,3.7594955925940283,0.01784439746925015,0.00827824680432259,0.47691237206986814,0.21228580352729162,0.7643217999577219,0.7642989433014862,0.8287292444931957,0.845806660753923,-2.285665623569244e-5,0.0004782413234142644,-0.002990449341750654,0.05983579227568604,0.0011042493873660796,0.001050979286476815,-5.327010088926462e-5,0.00012526121357467443,-4.824100560864026,70.97571353421924,0.0007314355999966142,0.0008288222775247994,9.738667752818512e-5,5.011435910590469e-5,13.31445687475916,28.811528674190974,15.838200000018256
779.9999999999874,3.7764209183261417,3.786171379496035,0.00975046116989331,0.00827824680432259,0.25819317763484634,0.21228580352729162,0.7615342298327789,0.7614862012121931,0.8271290757035527,0.8447352804581008,-4.802862058572721e-5,0.0004782413234142644,-0.0063068236074264915,0.05983579227568604,0.0012748152189214225,0.0012510087578491546,-2.3806461072267953e-5,0.00012526121357467443,-1.8674440592582338,70.97571353421924,0.0008058759949856582,0.0009219383266621204,0.00011606233167646223,5.011435910590469e-5,14.402008795227575,28.811528674190974,11.9632500000489
780.9999999999874,3.830640972087786,3.833056389089869,0.002415417002082698,0.00827824680432259,0.06305516543269887,0.21228580352729162,0.7605837349547083,0.7605224316235619,0.826406705611235,0.8442358654467457,-6.130333114640063e-5,0.0004782413234142644,-0.008060037091123327,0.05983579227568604,0.001268094067178034,0.0012614274238919277,-6.666643286106248e-6,0.00012526121357467443,-0.5257215106243601,70.97571353421924,0.0008496650766597039,0.0009681388164177341,0.00011847373975803024,5.011435910590469e-5,13.943581184222275,28.811528674190974,7.514100000056145
781.9999999999874,3.858443892308737,3.859631224320069,0.0011873320113320318,0.00827824680432259,0.030772302111190745,0.21228580352729162,0.7611724221807711,0.7611133026824278,0.8265342347069289,0.8443172026417078,-5.911949834325192e-5,0.0004782413234142644,-0.007766899669574683,0.05983579227568604,0.0011514165070075032,0.0011455794745664288,-5.8370324410744225e-6,0.00012526121357467443,-0.5069436129802146,70.97571353421924,0.0008552817060551876,0.0009602512707343999,0.00010496956467921236,5.011435910590469e-5,12.273098317905461,28.811528674190974,5.685300000023077
782.9999999999873,3.811980988543456,3.821542933792449,0.009561945248993009,0.00827824680432259,0.25083926907638104,0.21228580352729162,0.7622893961046997,0.7622385295080014,0.8270553240157188,0.8446800500257107,-5.086659669828464e-5,0.0004782413234142644,-0.00667287213467917,0.05983579227568604,0.0010239513609247518,0.0010101639748163972,-1.3787386108354621e-5,0.00012526121357467443,-1.3464883816261493,70.97571353421924,0.0008371318827396488,0.0009220976564762154,8.496577373656657e-5,5.011435910590469e-5,10.149628211328231,28.811528674190974,8.753849999960927
783.9999999999873,3.915305445170205,3.9141449450308423,-0.0011605001393628633,0.00827824680432259,-0.0296400920851378,0.21228580352729162,0.7623145577743452,0.7622730564719536,0.8269432952549303,0.8445294812176083,-4.1501302391555583e-5,0.0004782413234142644,-0.005444117781604861,0.05983579227568604,0.0009839285604975603,0.0009628867816177713,-2.104177887978897e-5,0.00012526121357467443,-2.1385474235190824,70.97571353421924,0.0008294277797045676,0.0009000793569352206,7.065157723065295e-5,5.011435910590469e-5,8.518110793903986,28.811528674190974,2.8574100000750784
784.9999999999873,3.916252520026238,3.9162835487147913,3.1028688553202954e-5,0.00827824680432259,0.000792305613454034,0.21228580352729162,0.7627951587953485,0.7627581096751701,0.8272098527985982,0.8447070215105261,-3.704912017843398e-5,0.0004782413234142644,-0.004857020885783302,0.05983579227568604,0.0009268460066322675,0.0009004588624455849,-2.6387144186682562e-5,0.00012526121357467443,-2.8469825621368665,70.97571353421924,0.0008132346906291974,0.0008709701461539763,5.773545552477887e-5,5.011435910590469e-5,7.099482620460903,28.811528674190974,2.85741
785.9999999999872,3.9444163454726655,3.944309629280037,-0.00010671619262847543,0.00827824680432259,-0.0027055002130026784,0.21228580352729162,0.7641765450753253,0.7641405753477032,0.82809694587628,0.8454018652621039,-3.596972762209827e-5,0.0004782413234142644,-0.004706991840289041,0.05983579227568604,0.0008200232185344888,0.0007894533665919747,-3.056985194251408e-5,0.00012526121357467443,-3.7279251674296785,70.97571353421924,0.0007764133157455427,0.0008187389166084496,4.2325600862906914e-5,5.011435910590469e-5,5.451426450905753,28.811528674190974,1.8535950000128956
786.9999999999872,4.005233680468664,4.0025682515944565,-0.0026654288742076204,0.00827824680432259,-0.06654864826503033,0.21228580352729162,0.7650678473401754,0.765034375050335,0.8286751623397964,0.8458471512855791,-3.347228984040829e-5,0.0004782413234142644,-0.00437507470177679,0.05983579227568604,0.0007494578919255009,0.0007153386019693073,-3.4119289956193594e-5,0.00012526121357467443,-4.552529278000476,70.97571353421924,0.0007418818764353821,0.0007716736168275735,2.979174039219139e-5,5.011435910590469e-5,4.015698635925129,28.811528674190974,-0.058526999975435715
787.999999999987,3.980712596352704,3.98096879853711,0.00025620218440591813,0.00827824680432259,0.006436088469201753,0.21228580352729162,0.7662399580352779,0.7662075368153093,0.8295473731230552,0.8465810980079774,-3.242121996860359e-5,0.0004782413234142644,-0.004231209770335536,0.05983579227568604,0.0006721103029313761,0.0006349201811680293,-3.719012176334679e-5,0.00012526121357467443,-5.533336061230411,70.97571353421924,0.0007012390020844852,0.0007188905311982426,1.7651529113757404e-5,5.011435910590469e-5,2.517191579659277,28.811528674190974,0.831419999988466
788.999999999987,3.931524937797298,3.9362395348410333,0.004714597043735225,0.00827824680432259,0.11991777028830589,0.21228580352729162,0.7671911432959396,0.7671598427831201,0.8302581709607235,0.8471734933880335,-3.1300512819520954e-5,0.0004782413234142644,-0.004079884536342589,0.05983579227568604,0.0006100159486855926,0.0005701925955543984,-3.9823353131194237e-5,0.00012526121357467443,-6.528247862535727,70.97571353421924,0.0006626986997240975,0.0006706531723363718,7.954472612274307e-6,5.011435910590469e-5,1.200315107844033,28.811528674190974,2.7832049999747044
789.999999999987,3.9335038797291366,3.93814557929803,0.004641699568893376,0.00827824680432259,0.11800419449981593,0.21228580352729162,0.7672544326838242,0.7672262060861117,0.83022983297598,0.8470690975796337,-2.822659771251068e-5,0.0004782413234142644,-0.0036789096954155365,0.05983579227568604,0.0005940560913177236,0.0005505903229713152,-4.3465768346408434e-5,0.00012526121357467443,-7.316778496453679,70.97571353421924,0.0006412802542198783,0.0006458755262862747,4.595272066396463e-6,5.011435910590469e-5,0.7165778200962452,28.811528674190974,2.783205
790.9999999999869,3.959155120686152,3.9616971347604832,0.002542014074331078,0.00827824680432259,0.06420597316456061,0.21228580352729162,0.7670379730697832,0.7670131220488151,0.8299877768024049,0.8467677879963786,-2.4851020968053028e-5,0.0004782413234142644,-0.0032398684081566516,0.05983579227568604,0.0005925737881528994,0.0005452437533680942,-4.7330034784805186e-5,0.00012526121357467443,-7.987196823595041,70.97571353421924,0.0006305900759032718,0.0006359050138746682,5.314937971396378e-6,5.011435910590469e-5,0.842851509165148,28.811528674190974,1.8002250000128515
791.9999999999869,4.077571972825248,4.0729585452978805,-0.004613427527367264,0.00827824680432259,-0.11314153516144403,0.21228580352729162,0.7672141646604007,0.7671903517740942,0.8300801771288697,0.8467949127309888,-2.3812886306484593e-5,0.0004782413234142644,-0.0031038121300882284,0.05983579227568604,0.0005712338381753149,0.0005223762591843673,-4.885757899094766e-5,0.00012526121357467443,-8.552991039013516,70.97571353421924,0.0006171112539633451,0.0006225668820909845,5.455628127639441e-6,5.011435910590469e-5,0.884059088632905,28.811528674190974,-2.0697749999494035
792.9999999999869,3.965101333753823,3.9686289142811257,0.0035275805273027316,0.00827824680432259,0.08896570933190039,0.21228580352729162,0.7683730429816849,0.7683514461002539,0.8310593018125143,0.8476789467003046,-2.1596881430996362e-5,0.0004782413234142644,-0.0028107286725194435,0.05983579227568604,0.0005015123562463704,0.00044934065918721865,-5.217169705915172e-5,0.00012526121357467443,-10.402873709760028,70.97571353421924,0.0005858098151223342,0.0005857168427218193,-9.297240051485758e-8,5.011435910590469e-5,-0.01587074817028155,28.811528674190974,1.7393849999501991
793.9999999999868,3.9436986580615687,3.9493427309929925,0.005644072931423771,0.00827824680432259,0.14311623226806028,0.21228580352729162,0.7690473749946668,0.7690280521698821,0.8316082921641397,0.8481482959172066,-1.9322824784673287e-5,0.0004782413234142644,-0.002512566249225841,0.05983579227568604,0.0004590176254763116,0.0004041946334581244,-5.482299201818721e-5,0.00012526121357467443,-11.943548346601876,70.97571353421924,0.0005582724329425825,0.0005533535425320867,-4.918890410495792e-6,5.011435910590469e-5,-0.8810914027348531,28.811528674190974,2.6860499999875156
794.9999999999868,3.9441999030695336,3.949219850155224,0.005019947085690202,0.00827824680432259,0.12727415468428663,0.21228580352729162,0.7685303833918505,0.7685119174315529,0.8311026806222906,0.847600256458099,-1.8465960297642248e-5,0.0004782413234142644,-0.002402762557824212,0.05983579227568604,0.0004781379010239748,0.00042269111148877177,-5.5446789535203015e-5,0.00012526121357467443,-11.59640125086482,70.97571353421924,0.0005530582596944167,0.0005500795887899674,-2.9786709044493436e-6,5.011435910590469e-5,-0.5385817591975137,28.811528674190974,2.68605
795.9999999999867,3.944308638706562,3.948967366503358,0.004658727796796214,0.00827824680432259,0.11811265860584197,0.21228580352729162,0.7681874730333879,0.7681703384249253,0.8307794693500591,0.847231758554234,-1.713460846253234e-5,0.0004782413234142644,-0.002230524326942209,0.05983579227568604,0.00048735449177094884,0.0004301751326967088,-5.7179359074240044e-5,0.00012526121357467443,-11.73260122553948,70.97571353421924,0.000551707437136613,0.0005520653087975261,3.578716609131368e-7,5.011435910590469e-5,0.06486620205275956,28.811528674190974,2.68605
796.9999999999867,3.9444370979093955,3.9489290113359456,0.004491913426550198,0.00827824680432259,0.11387970742215595,0.21228580352729162,0.7680187482013584,0.7680023349054483,0.830606875049736,0.8470173418733455,-1.6413295910067127e-5,0.0004782413234142644,-0.0021370957347728583,0.05983579227568604,0.00048645238870332805,0.00042842660019326285,-5.80257885100652e-5,0.00012526121357467443,-11.928359251094827,70.97571353421924,0.0005498499087069442,0.0005530312862041241,3.181377497179995e-6,5.011435910590469e-5,0.5785901655710899,28.811528674190974,2.68605
797.9999999999867,3.94457337139719,3.9489944868136564,0.004421115416466392,0.00827824680432259,0.11208095274699906,0.21228580352729162,0.7679022623076912,0.7678864419887893,0.830480750137808,0.8468522932341993,-1.5820318901904606e-5,0.0004782413234142644,-0.0020601995434108454,0.05983579227568604,0.0004825982040514472,0.0004239955958121872,-5.860260823926e-5,0.00012526121357467443,-12.143146772467619,70.97571353421924,0.0005476757814048114,0.0005528159720345859,5.140190629774493e-6,5.011435910590469e-5,0.9385462721374475,28.811528674190974,2.68605
798.9999999999866,3.923457040208361,3.92956456331852,0.00610752311015883,0.00827824680432259,0.15566687866256032,0.21228580352729162,0.7678066988890571,0.7677914607777208,0.830374755846541,0.8467095016233491,-1.523811133630204e-5,0.0004782413234142644,-0.0019846285996657923,0.05983579227568604,0.0004777324187162873,0.00041864114297690726,-5.909127573938005e-5,0.00012526121357467443,-12.369115727620905,70.97571353421924,0.0005453466941953442,0.0005517121100133434,6.365415817999212e-6,5.011435910590469e-5,1.1672236919655936,28.811528674190974,3.644774999987139
799.9999999999866,3.8706941834331947,3.8817633990851834,0.011069215651988706,0.00827824680432259,0.2859749473199309,0.21228580352729162,0.7675155199620717,0.7675017967612328,0.8301199170679064,0.8464211601301742,-1.372320083892209e-5,0.0004782413234142644,-0.0017880030412414658,0.05983579227568604,0.000483394169961984,0.00042271245477557945,-6.068171518640455e-5,0.00012526121357467443,-12.55325756021774,70.97571353421924,0.0005467090167057579,0.0005548956961506738,8.18667944491589e-6,5.011435910590469e-5,1.4974473064749196,28.811528674190974,6.567749999960789
800.9999999999865,3.8521966606848914,3.8643244853910823,0.012127824706190893,0.00827824680432259,0.31482880482105646,0.21228580352729162,0.7664888947220609,0.7664801390967626,0.8293448990618556,0.845626252990775,-8.755625298340064e-6,0.0004782413234142644,-0.0011423029555457512,0.05983579227568604,0.0005317600631384464,0.00046516086121214223,-6.659920192630421e-5,0.00012526121357467443,-12.52429555037208,70.97571353421924,0.0005627697565860501,0.0005770228729986817,1.4253116412631583e-5,5.011435910590469e-5,2.5326727752919354,28.811528674190974,7.661249999985206
801.9999999999865,3.725462404576089,3.7534964526181174,0.02803404804202847,0.00827824680432259,0.7524984820030253,0.21228580352729162,0.765004085243801,0.7650014047175181,0.8282770905620449,0.8445635506993545,-2.6805262829388e-6,0.0004782413234142644,-0.00035039372137268213,0.05983579227568604,0.0006066790633097738,0.0005329296193302964,-7.374944397947744e-5,0.00012526121357467443,-12.15625335364846,70.97571353421924,0.0005921654951473111,0.0006163777387659968,2.421224361868568e-5,5.011435910590469e-5,4.088762992288579,28.811528674190974,18.07244999985915
802.9999999999865,3.7641895292510275,3.7820759000959217,0.017886370844894195,0.00827824680432259,0.4751718983834776,0.21228580352729162,0.761523004214533,0.7615178191396228,0.826295207136079,0.8428520703956608,-5.18507491020781e-6,0.0004782413234142644,-0.0006808822427571856,0.05983579227568604,0.0008565655051356609,0.000783734021073431,-7.283148406222995e-5,0.00012526121357467443,-8.502733722705196,70.97571353421924,0.0006651691645637995,0.0007201808293997801,5.501166483598064e-5,5.011435910590469e-5,8.270326973448302,28.811528674190974,13.606200000060422
803.9999999999864,3.748225373858217,3.7647822735891467,0.016556899730929775,0.00827824680432259,0.441726365933194,0.21228580352729162,0.7580620470724402,0.7580451209320408,0.8243074544305963,0.8411961053946692,-1.6926140399387002e-5,0.0004782413234142644,-0.0022328172825369723,0.05983579227568604,0.0010802414629323988,0.0010186111439519185,-6.163031898048029e-5,0.00012526121357467443,-5.705235458485368,70.97571353421924,0.0007526184783812042,0.0008411256593557443,8.850718097454019e-5,5.011435910590469e-5,11.759900071136835,28.811528674190974,14.0827499999935
804.9999999999864,3.7353451793648413,3.7531927547551587,0.01784757539031734,0.00827824680432259,0.47780257334483184,0.21228580352729162,0.7565045073979833,0.7564724904154803,0.8232324667101737,0.840339162824834,-3.2016982502991453e-5,0.0004782413234142644,-0.004232226270946446,0.05983579227568604,0.0011157635043323288,0.0010766408259316863,-3.912267840064246e-5,0.00012526121357467443,-3.5063593896677423,70.97571353421924,0.0008119837028708492,0.000912557278209813,0.00010057357533896382,5.011435910590469e-5,12.386156887555249,28.811528674190974,14.562899999993451
805.9999999999864,3.8923456925302458,3.889063084429946,-0.0032826081002998997,0.00827824680432259,-0.08433495787898578,0.21228580352729162,0.7547390570782292,0.7546920500432138,0.8221059652339316,0.8395013681850778,-4.700703501536729e-5,0.0004782413234142644,-0.006228249959309444,0.05983579227568604,0.0011772653211520553,0.0011639985890404127,-1.3266732111642636e-5,0.00012526121357467443,-1.1269109752302904,70.97571353421924,0.0008696603092032826,0.0009765301044899271,0.00010686979528664448,5.011435910590469e-5,12.28868262190217,28.811528674190974,3.3959250001523444
806.9999999999862,3.777388505726978,3.7900159024650537,0.012627396738075891,0.00827824680432259,0.33428906555233145,0.21228580352729162,0.7554614292216129,0.7554099037760258,0.822487715919037,0.8398841759803105,-5.1525445587063956e-5,0.0004782413234142644,-0.006820393946538478,0.05983579227568604,0.0010840857571735659,0.0010761728327736762,-7.912924399889644e-6,0.00012526121357467443,-0.72991683061313,70.97571353421924,0.0008774056697926652,0.000973339795850376,9.593412605771081e-5,5.011435910590469e-5,10.933839312934971,28.811528674190974,10.344599999904412
807.9999999999862,3.807585859959131,3.8180419812077617,0.010456121248630712,0.00827824680432259,0.2746128815790629,0.21228580352729162,0.7561895042317148,0.7561441507057565,0.8227775136398298,0.8401152510787104,-4.5353525958358176e-5,0.0004782413234142644,-0.005997640234961626,0.05983579227568604,0.0009880575457994777,0.0009759234356559925,-1.2134110143485278e-5,0.00012526121357467443,-1.2280772709110856,70.97571353421924,0.0008686513121744425,0.00094763286504394,7.898155286949757e-5,5.011435910590469e-5,9.092434646968737,28.811528674190974,8.181450000029757
808.9999999999861,3.8216433087064523,3.8300612468569946,0.008417938150542259,0.00827824680432259,0.22027011603528113,0.21228580352729162,0.7552622769601885,0.7552237717785603,0.8220340592964563,0.8394337492071519,-3.8505181628289975e-5,0.0004782413234142644,-0.005098252991433287,0.05983579227568604,0.0010022240224538245,0.0009883384418952184,-1.388558055860612e-5,0.00012526121357467443,-1.385476724516037,70.97571353421924,0.000883022276655197,0.0009533399863298782,7.031770967468119e-5,5.011435910590469e-5,7.963299628299058,28.811528674190974,7.099200000015011
809.9999999999861,3.911502678231795,3.911384928748179,-0.00011774948361642501,0.00827824680432259,-0.0030103388212341445,0.21228580352729162,0.7552854362266135,0.7552519732194514,0.8219196348302311,0.8392842107486824,-3.346300716211559e-5,0.0004782413234142644,-0.004430511374520329,0.05983579227568604,0.0009628599421285513,0.0009446286181379323,-1.823132399061901e-5,0.00012526121357467443,-1.8934554438224775,70.97571353421924,0.0008833280599360078,0.0009445894403606867,6.126138042467891e-5,5.011435910590469e-5,6.935292017001809,28.811528674190974,2.3878350000653454
810.9999999999861,3.9453675203367604,3.9443860405455786,-0.000981479791181794,0.00827824680432259,-0.024876764613756916,0.21228580352729162,0.7562788885690765,0.7562472775036839,0.8225303113372125,0.8398084807206523,-3.1611065392622706e-5,0.0004782413234142644,-0.004179815921138917,0.05983579227568604,0.0008781342100657623,0.0008578033734768524,-2.0330836588909953e-5,0.00012526121357467443,-2.3152311293495105,70.97571353421924,0.000860789432127327,0.0009097170218377115,4.8927589710384516e-5,5.011435910590469e-5,5.684036987938672,28.811528674190974,1.192860000016574
811.999999999986,3.890908021277219,3.896475527650901,0.005567506373681752,0.00827824680432259,0.14309015641686068,0.21228580352729162,0.7578969627642957,0.7578656334495687,0.8236512777673605,0.8408038818516754,-3.1329314727046587e-5,0.0004782413234142644,-0.004133716885838733,0.05983579227568604,0.0007705486832078496,0.0007481562087126066,-2.2392474495242995e-5,0.00012526121357467443,-2.9060427956377155,70.97571353421924,0.0008179642168791548,0.0008510828914687357,3.311867458958087e-5,5.011435910590469e-5,4.048914843236203,28.811528674190974,3.536189999967232
812.999999999986,3.920789059407186,3.9246473809666846,0.003858321559498723,0.00827824680432259,0.09840676203279582,0.21228580352729162,0.7585001353731216,0.7584719614479903,0.8240235020651308,0.8410927527467468,-2.8173925131214084e-5,0.0004782413234142644,-0.0037144258540382146,0.05983579227568604,0.0007205370667300226,0.0006944933528210449,-2.6043713908977732e-5,0.00012526121357467443,-3.6144863479641125,70.97571353421924,0.0007866480972530969,0.0008088299939074195,2.2181896654322646e-5,5.011435910590469e-5,2.8197991874358808,28.811528674190974,2.355480000016511
813.9999999999859,3.989525464612949,3.98916090663027,-0.0003645579826789813,0.00827824680432259,-0.009137878324442517,0.21228580352729162,0.7586937489264933,0.758668934337651,0.8240888720986963,0.8410917171708753,-2.4814588842292373e-5,0.0004782413234142644,-0.003270698997771307,0.05983579227568604,0.0006934987304016354,0.0006638227427987727,-2.967598760286272e-5,0.00012526121357467443,-4.279169708887003,70.97571353421924,0.0007650012078046203,0.0007809469412094218,1.594573340480158e-5,5.011435910590469e-5,2.0844063044765924,28.811528674190974,0.0426465000326044
814.9999999999859,4.041858701277642,4.039079727226623,-0.002778974051018679,0.00827824680432259,-0.06875485405118784,0.21228580352729162,0.7596360445725565,0.7596118445853229,0.824812571643871,0.8417344375716684,-2.4199987233575193e-5,0.0004782413234142644,-0.0031857344588213173,0.05983579227568604,0.0006337872554600863,0.0006024906075942792,-3.129664786580711e-5,0.00012526121357467443,-4.938036793290815,70.97571353421924,0.0007322498497478598,0.0007406880959154008,8.438246167541039e-6,5.011435910590469e-5,1.1523725365661235,28.811528674190974,-1.561994999977379
815.9999999999859,3.9325927365384152,3.938269551569329,0.005676815030913662,0.00827824680432259,0.14435298570760632,0.21228580352729162,0.7610438309967213,0.7610212434591576,0.825995629960643,0.8428233453976441,-2.2587537563789617e-5,0.0004782413234142644,-0.0029679680254693407,0.05983579227568604,0.0005547034148258161,0.000520197983006936,-3.450543181888013e-5,0.00012526121357467443,-6.220519091218372,70.97571353421924,0.0006881108306178125,0.0006866845106735283,-1.4263199442841835e-6,5.011435910590469e-5,-0.207280554355405,28.811528674190974,2.2603049999461162
816.9999999999858,4.0492620305237,4.047806097813047,-0.0014559327106526965,0.00827824680432259,-0.03595550744006551,0.21228580352729162,0.7614586930341942,0.7614388812820676,0.8263047431577053,0.8430578118621698,-1.9811752126619453e-5,0.0004782413234142644,-0.0026018157396923676,0.05983579227568604,0.0005251421322304903,0.00048706377305303644,-3.807835917745382e-5,0.00012526121357467443,-7.251057730926994,70.97571353421924,0.0006589198631338114,0.0006525175854438907,-6.402277689920724e-6,5.011435910590469e-5,-0.9716322193523813,28.811528674190974,-1.5479099999458819
817.9999999999858,4.05168940573822,4.050409316018932,-0.0012800897192875027,0.00827824680432259,-0.03159397453996773,0.21228580352729162,0.7618906102005327,0.7618733602914902,0.8266465372177976,0.843326512663521,-1.7249909042504896e-5,0.0004782413234142644,-0.002264092615338132,0.05983579227568604,0.000496197149253021,0.0004548435126816626,-4.135363657135834e-5,0.00012526121357467443,-8.334114098320079,70.97571353421924,0.0006336483268567572,0.0006242308760981217,-9.41745075863545e-6,5.011435910590469e-5,-1.4862267222184844,28.811528674190974,-1.5354900000001765
818.9999999999858,3.944859707657875,3.9511631376274177,0.006303429969542584,0.00827824680432259,0.1597884446259568,0.21228580352729162,0.7630957196428706,0.7630813812753815,0.8277073912036219,0.8442974012228904,-1.4338367489097337e-5,0.0004782413234142644,-0.0018789736490472915,0.05983579227568604,0.00043137498428206866,0.00038592397093706045,-4.545101334500821e-5,0.00012526121357467443,-10.536311793937633,70.97571353421924,0.0005961391100755736,0.0005807006660540992,-1.5438444021474425e-5,5.011435910590469e-5,-2.589738495687234,28.811528674190974,2.1479399999476554
819.9999999999857,4.01063107369423,4.012760035246658,0.0021289615524278105,0.00827824680432259,0.053082956604801945,0.21228580352729162,0.7630945149093245,0.7630818161845292,0.8276565875376384,0.844187184085771,-1.2698724795257021e-5,0.0004782413234142644,-0.0016641090385462883,0.05983579227568604,0.0004260465574700362,0.00037881412917714185,-4.723242829289434e-5,0.00012526121357467443,-11.086212871516087,70.97571353421924,0.0005778239667872494,0.0005620033332157772,-1.5820633571472244e-5,5.011435910590469e-5,-2.737967699650175,28.811528674190974,-0.004404509969168652
820.9999999999857,3.949013868776485,3.9544492698937526,0.005435401117267702,0.00827824680432259,0.13763945374422656,0.21228580352729162,0.7629725267624498,0.7629597643944787,0.8274908626322093,0.8439784531354542,-1.2762367971097532e-5,0.0004782413234142644,-0.001672716581978721,0.05983579227568604,0.0004269139223609152,0.00037992508545731953,-4.6988836903595664e-5,0.00012526121357467443,-11.006630246148557,70.97571353421924,0.0005673887340099493,0.0005536360817667776,-1.3752652243171704e-5,5.011435910590469e-5,-2.423850072943208,28.811528674190974,2.1081599999697382
821.9999999999856,4.128927557959835,4.121214029788518,-0.007713528171317208,0.00827824680432259,-0.18681674752192984,0.21228580352729162,0.7630332904409994,0.7630205939249802,0.8275048837491638,0.843946494402104,-1.2696516019206072e-5,0.0004782413234142644,-0.0016639530906794446,0.05983579227568604,0.0004179854133012628,0.00037074710852993975,-4.7238304771323044e-5,0.00012526121357467443,-11.301424228714904,70.97571353421924,0.0005572458633556842,0.0005454902353478312,-1.1755628007852981e-5,5.011435910590469e-5,-2.10959448618634,28.811528674190974,-4.472504999904987
822.9999999999856,4.0819460879003575,4.079935286958298,-0.0020108009420596318,0.00827824680432259,-0.049260840264892705,0.21228580352729162,0.7641084411532701,0.7641044615715695,0.8284937684065827,0.8448117410649328,-3.979581700619406e-6,0.0004782413234142644,-0.0005208137335340801,0.05983579227568604,0.00035090611677651126,0.0002923828752705347,-5.852324150597656e-5,0.00012526121357467443,-16.677749035434868,70.97571353421924,0.0005299632753463685,0.0005141447669850895,-1.581850836127898e-5,5.011435910590469e-5,-2.9848310434228607,28.811528674190974,-2.2057200000327284
823.9999999999856,3.961446667187029,3.968157919965188,0.006711252778158983,0.00827824680432259,0.1694141898652533,0.21228580352729162,0.7656815553831704,0.7656866174260337,0.8299409384443386,0.8461343310908429,5.062042863324123e-6,0.0004782413234142644,0.0006611159466667475,0.05983579227568604,0.0002653380698380876,0.00019678920798817546,-6.854886184991216e-5,0.00012526121357467443,-25.83453700848185,70.97571353421924,0.0004888027213824872,0.0004643170863402302,-2.4485635042256933e-5,5.011435910590469e-5,-5.009308248735582,28.811528674190974,1.9543949999399353
824.9999999999854,3.937589188710403,3.945231816897785,0.007642628187382261,0.00827824680432259,0.19409409720279358,0.21228580352729162,0.7653009341319463,0.7653048951154678,0.8295511520989548,0.8457218373462337,3.96098352151153e-6,0.0004782413234142644,0.0005175720223057525,0.05983579227568604,0.0002877600815179634,0.0002225376520220595,-6.522242949590391e-5,0.00012526121357467443,-22.665558458229864,70.97571353421924,0.00047779840058157836,0.00045400992068185265,-2.378847989972571e-5,5.011435910590469e-5,-4.9787692614228645,28.811528674190974,2.983544999985024
825.9999999999854,3.9367808346262327,3.943212708716296,0.006431874090063072,0.00827824680432259,0.1633790236299433,0.21228580352729162,0.7642376615071376,0.7642396258898323,0.8285584916198658,0.8447114002475576,1.9643826947302045e-6,0.0004782413234142644,0.0002570381955341334,0.05983579227568604,0.0003402985179337239,0.0002775502641563084,-6.274825377741548e-5,0.00012526121357467443,-18.439179270723784,70.97571353421924,0.0004874845372861123,0.0004711436921175011,-1.63408451686112e-5,5.011435910590469e-5,-3.3520745621148804,28.811528674190974,2.983545
826.9999999999854,3.9357510437904373,3.9414538721252437,0.005702828334806398,0.00827824680432259,0.1448980962300432,0.21228580352729162,0.7635444156580611,0.7635459134319159,0.8279343188351813,0.844057710790349,1.4977738548305197e-6,0.0004782413234142644,0.0001961606717455543,0.05983579227568604,0.0003701184513891514,0.0003076411760995953,-6.247727528955609e-5,0.00012526121357467443,-16.880346023026554,70.97571353421924,0.0004986097791672415,0.0004900783562239102,-8.53142294333128e-6,5.011435910590469e-5,-1.711042041249197,28.811528674190974,2.983545
827.9999999999853,4.020585854653648,4.020623246495981,3.739184233264581e-5,0.00827824680432259,0.0009300097966908584,0.21228580352729162,0.7631227264737723,0.7631238115344973,0.8275458051810884,0.8436478926646085,1.0850607249368593e-6,0.0004782413234142644,0.00014218692319002135,0.05983579227568604,0.00038383433557711384,0.0003222319326126045,-6.160240296450932e-5,0.00012526121357467443,-16.049216355771577,70.97571353421924,0.000507182517484501,0.0005045784743758976,-2.6040431086034018e-6,5.011435910590469e-5,-0.5134331367569227,28.811528674190974,-0.041827499955631085
828.9999999999853,3.9616019734701067,3.9653740844296457,0.003772110959538999,0.00827824680432259,0.09521680837196458,0.21228580352729162,0.7634543765135758,0.7634544334160855,0.8278122310652501,0.8438985430973298,5.690250970413757e-8,0.0004782413234142644,7.453295370967819e-6,0.05983579227568604,0.0003604406405108519,0.0003009722064588898,-5.946843405196209e-5,0.00012526121357467443,-16.498814886045476,70.97571353421924,0.0005021825073033806,0.0005001398006486716,-2.0427066547089832e-6,5.011435910590469e-5,-0.40676579231680293,28.811528674190974,1.9172699999712686
829.9999999999852,3.937531739146484,3.9433360403222126,0.005804301175728721,0.00827824680432259,0.1474096352804736,0.21228580352729162,0.7637775025898168,0.7637766578496097,0.8280567303008206,0.8441285785791522,-8.447402071176668e-7,0.0004782413234142644,-0.00011060029972777697,0.05983579227568604,0.0003381797845357357,0.00028077169943071866,-5.740808510501706e-5,0.00012526121357467443,-16.975611118751157,70.97571353421924,0.0004932556472564785,0.0004896253881630005,-3.630259093478027e-6,5.011435910590469e-5,-0.7359792257158686,28.811528674190974,2.9326949999849927
830.9999999999852,3.991903367134942,3.9936742413443445,0.0017708742094022512,0.00827824680432259,0.04436165023386421,0.21228580352729162,0.7633072671869527,0.7633071010695897,0.8276198554099701,0.843669309322166,-1.6611736308735914e-7,0.0004782413234142644,-2.1762843120773395e-5,0.05983579227568604,0.00035512559005864184,0.00029731143207794414,-5.7814157980697696e-5,0.00012526121357467443,-16.279918879163525,70.97571353421924,0.0004966181685045561,0.0004947137767105148,-1.9043917940412755e-6,5.011435910590469e-5,-0.38347203441547145,28.811528674190974,0.8869500000302346
831.9999999999852,4.044954936892272,4.043788825858465,-0.0011661110338065939,0.00827824680432259,-0.028828776883791783,0.21228580352729162,0.7632945078126174,0.7632944194363829,0.8275884145329107,0.8436198279370886,-8.837623455271171e-8,0.0004782413234142644,-1.1578261555421456e-5,0.05983579227568604,0.000349545401921276,0.00029234704724839436,-5.7198354672881617e-5,0.00012526121357467443,-16.36364099155386,70.97571353421924,0.0004951232187614274,0.000493627758143983,-1.4954606174443722e-6,5.011435910590469e-5,-0.30203807068174526,28.811528674190974,-0.7478099999758394
832.9999999999851,4.10316375053135,4.098478235099031,-0.0046855154323193204,0.00827824680432259,-0.11419274777207118,0.21228580352729162,0.7640352166428801,0.7640350300766133,0.8282234166413635,0.8442332230178696,-1.8656626676882837e-7,0.0004782413234142644,-2.441854285049688e-5,0.05983579227568604,0.0003071712754229998,0.0002510129699344112,-5.615830548858858e-5,0.00012526121357467443,-18.2824078883203,70.97571353421924,0.00047922640884398896,0.0004738354648824159,-5.3909439615730526e-6,5.011435910590469e-5,-1.1249263108386127,28.811528674190974,-2.7904949999695785
833.9999999999851,4.07013870575507,4.069204882693506,-0.0009338230615645315,0.00827824680432259,-0.02294327365905565,0.21228580352729162,0.7652174411534128,0.7652221409133922,0.8292966032476452,0.8452374854510177,4.6997599794096345e-6,0.0004782413234142644,0.0006141731391179065,0.05983579227568604,0.00024081118595081674,0.0001791894202204478,-6.162176573036894e-5,0.00012526121357467443,-25.589245568914126,70.97571353421924,0.0004509816367358257,0.00043785328483696666,-1.3128351898859065e-5,5.011435910590469e-5,-2.911061300384907,28.811528674190974,-1.404405000020643
834.999999999985,4.107458560387636,4.104361880955,-0.003096679432635696,0.00827824680432259,-0.07539161715470724,0.21228580352729162,0.7660753240520436,0.7660850630276532,0.8300699130995531,0.845948559733807,9.738975609629996e-6,0.0004782413234142644,0.0012712817269869895,0.05983579227568604,0.00019416827950668048,0.00012787959519836386,-6.628868430831662e-5,0.00012526121357467443,-34.139811341345236,70.97571353421924,0.00042380250848270677,0.00040368001544312335,-2.012249303958341e-5,5.011435910590469e-5,-4.748082570729878,28.811528674190974,-2.6908649999806946
835.999999999985,4.200839439883798,4.187960813975519,-0.012878625908278707,0.00827824680432259,-0.3065726765466416,0.21228580352729162,0.7666877599389776,0.7667020546445444,0.8306146879928156,0.8464387488125007,1.4294705566797461e-5,0.0004782413234142644,0.0018644755158130095,0.05983579227568604,0.00016244263162584836,9.248532852163786e-5,-6.99573031042105e-5,0.00012526121357467443,-43.0658518666098,70.97571353421924,0.00040039159846814824,0.0003753059031992214,-2.5085695268926844e-5,5.011435910590469e-5,-6.26529012219582,28.811528674190974,-7.618499999926053
836.999999999985,4.22488280907592,4.210951697440893,-0.013931111635026916,0.00827824680432259,-0.32973959905112665,0.21228580352729162,0.7685932555486988,0.7686338157047288,0.8322583276261513,0.847873912502916,4.0560156029934014e-5,0.0004782413234142644,0.005277193852160219,0.05983579227568604,3.567245528139698e-5,-6.257193592695282e-5,2.689948064555584e-5,0.00012526121357467443,75.40686625959216,70.97571353421924,0.0003554737515522415,0.0003185146703146831,-3.6959081237558384e-5,5.011435910590469e-5,-10.397133705701128,28.811528674190974,-8.923049999980423
837.9999999999849,4.215824640872748,4.206184548340596,-0.009640092532151812,0.00827824680432259,-0.22866445721414413,0.21228580352729162,0.7712126910482189,0.7713006765551712,0.834433340810675,0.8497228186635181,8.79855069523261e-5,0.0004782413234142644,0.01140872135191885,0.05983579227568604,-0.00014749075519906625,-0.0002927973795191962,0.00014530662432012996,0.00012526121357467443,-98.5191404871523,70.97571353421924,0.00029187122980497623,0.00023645084030693555,-5.542038949804068e-5,5.011435910590469e-5,-18.987959017088365,28.811528674190974,-7.756650000017636
838.9999999999849,4.198560033441978,4.192850141618628,-0.0057098918233498,0.00827824680432259,-0.135996431582969,0.21228580352729162,0.7729995903079819,0.7731246410188616,0.8359228704602432,0.8509546927751287,0.00012505071087964836,0.0004782413234142644,0.016177332103090133,0.05983579227568604,-0.00025765585944249414,-0.00043403104294451603,0.0001763751835020219,0.00012526121357467443,-68.453783229947,70.97571353421924,0.00023615346538347252,0.0001662509761937923,-6.990248918968021e-5,5.011435910590469e-5,-29.60045031571763,28.811528674190974,-6.206850000023434
839.9999999999849,4.180097061115819,4.17679679898437,-0.003300262131449294,0.00827824680432259,-0.07895180621878514,0.21228580352729162,0.7738462577102697,0.7739851746243712,0.8366913487925352,0.8515829439631145,0.00013891691410150564,0.0004782413234142644,0.01795148748441923,0.05983579227568604,-0.0002862183349513483,-0.00046958118580800505,0.00018336285085665673,0.00012526121357467443,-64.06397790268221,70.97571353421924,0.0001979657586273567,0.00012196366731240347,-7.600209131495322e-5,5.011435910590469e-5,-38.3915338904728,28.811528674190974,-4.854150000020453
840.9999999999848,4.000356258225203,4.0086684984012235,0.008312240176020502,0.00827824680432259,0.2077874978992073,0.21228580352729162,0.774147257433478,0.7742855602309918,0.837002353358862,0.851840772052833,0.0001383027975138118,0.0004782413234142644,0.017865179548956302,0.05983579227568604,-0.00027710697856416297,-0.0004544005330306178,0.00017729355446645482,0.00012526121357467443,-63.98018389327687,70.97571353421924,0.00017461023563856726,9.899330082075034e-5,-7.561693481781692e-5,5.011435910590469e-5,-43.30612952973699,28.811528674190974,1.781054999898919
841.9999999999848,3.883360611627863,3.8997030900739973,0.016342478446134123,0.00827824680432259,0.42083339871142,0.21228580352729162,0.7729594868605025,0.7730827991636452,0.835949706864187,0.8508668777748087,0.00012331230314266417,0.0004782413234142644,0.01595326860447973,0.05983579227568604,-0.00018503638126997107,-0.00034184553112783005,0.00015680914985785897,0.00012526121357467443,-84.74503704710474,70.97571353421924,0.0001820385346262251,0.000117056420119865,-6.49821145063601e-5,5.011435910590469e-5,-35.69690046109532,28.811528674190974,7.943849999906116
842.9999999999847,3.884030780269467,3.8965371216513276,0.012506341381860686,0.00827824680432259,0.3219938792810756,0.21228580352729162,0.7698260992810865,0.7699366012124921,0.8333775433853198,0.8483799739785494,0.00011050193140560438,0.0004782413234142644,0.014354141995029558,0.05983579227568604,1.6581336862169167e-5,-0.0001264202729576817,0.00010983893609551255,0.00012526121357467443,662.4250927928102,70.97571353421924,0.00023359776095904498,0.0001944335800141676,-3.916418094487739e-5,5.011435910590469e-5,-16.7656491158508,28.811528674190974,7.585200000005505
843.9999999999847,3.9083051537329982,3.9150516466847516,0.006746492951753336,0.00827824680432259,0.17261940115677654,0.21228580352729162,0.7669346182981778,0.7670420762022009,0.8311343678200391,0.8461763115677626,0.00010745790402311162,0.0004782413234142644,0.01401135135372555,0.05983579227568604,0.0001902747065415814,4.918022535269907e-5,-0.00014109448118888233,0.00012526121357467443,-74.15304101811792,70.97571353421924,0.0002978386061768529,0.0002882496052599038,-9.589000916949086e-6,5.011435910590469e-5,-3.2195292074578323,28.811528674190974,5.636700000029905
844.9999999999847,3.889104036095962,3.8966111249388047,0.007507088842842791,0.00827824680432259,0.19302874834839098,0.21228580352729162,0.7655867363014874,0.7656870478241352,0.8300054386517214,0.8451402745041517,0.00010031152264777798,0.0004782413234142644,0.013102567990189865,0.05983579227568604,0.00025412331889096353,0.00012337260775363812,-0.0001307507111373254,0.00012526121357467443,-51.4516777554863,70.97571353421924,0.0003437457810157726,0.00035349375481098945,9.747973795216826e-6,5.011435910590469e-5,2.8358090000149105,28.811528674190974,6.539399999986145
845.9999999999845,3.8824686547683527,3.8900039232486074,0.007535268480254764,0.00827824680432259,0.19408446404326105,0.21228580352729162,0.7646437627342894,0.7647378654950643,0.8291793444936195,0.8444160265563929,9.410276077492785e-5,0.0004782413234142644,0.012306745357920115,0.05983579227568604,0.00028987190709469653,0.00016955822217422587,-0.00012031368492047067,0.00012526121357467443,-41.50581066179901,70.97571353421924,0.0003793416257992948,0.0004002831253369209,2.094149953762607e-5,5.011435910590469e-5,5.520485523702049,28.811528674190974,6.727049999997099
846.9999999999845,3.875753951921755,3.883209113016273,0.007455161094517937,0.00827824680432259,0.19235382810669308,0.21228580352729162,0.7635174189216827,0.7636084541135514,0.8282577033456622,0.8435936350093214,9.103519186870468e-5,0.0004782413234142644,0.01192313228390701,0.05983579227568604,0.0003385602101379765,0.0002251350801844343,-0.00011342512995354218,0.00012526121357467443,-33.502203317784165,70.97571353421924,0.0004145751556852463,0.00044350201053914207,2.892685485389576e-5,5.011435910590469e-5,6.977469454502866,28.811528674190974,6.9155999999970845
847.9999999999844,3.845308747425263,3.8556515875886257,0.01034284016336251,0.00827824680432259,0.2689729445077162,0.21228580352729162,0.7624966801558084,0.7625855717368674,0.8274291851318919,0.8428614131687127,8.889158105895856e-5,0.0004782413234142644,0.011657963027562883,0.05983579227568604,0.0003804410215239953,0.0002729859015847016,-0.00010745511993929369,0.00012526121357467443,-28.244882612511923,70.97571353421924,0.0004470826330110118,0.0004813729634804157,3.429033046940393e-5,5.011435910590469e-5,7.669797021294573,28.811528674190974,8.76914999997113
848.9999999999844,3.8143540418836794,3.827591820838646,0.013237778954966473,0.00827824680432259,0.3470516582783997,0.21228580352729162,0.7611735364668496,0.7612614665673463,0.8264254559427581,0.8419793444414982,8.793010049668037e-5,0.0004782413234142644,0.01155191244625067,0.05983579227568604,0.00044143800040802084,0.0003392508588643251,-0.00010218714154369571,0.00012526121357467443,-23.14869618139902,70.97571353421924,0.00048387024324429045,0.0005242978790414267,4.042763579713629e-5,5.011435910590469e-5,8.35505724139471,28.811528674190974,10.812149999968181
849.9999999999844,3.803021360504624,3.816075341751505,0.013053981246880841,0.00827824680432259,0.34325290366364664,0.21228580352729162,0.759288834381089,0.7593758018955137,0.8251022977949184,0.8408370433052322,8.69675144247184e-5,0.0004782413234142644,0.011453811841656713,0.05983579227568604,0.0005395519531884214,0.000443522856274763,-9.602909691365838e-5,0.00012526121357467443,-17.797933330828528,70.97571353421924,0.0005318657924828685,0.0005823491748606978,5.048338237782931e-5,5.011435910590469e-5,9.491752071920548,28.811528674190974,11.270699999992859
850.9999999999843,3.840195611026328,3.846807235648178,0.006611624621850165,0.00827824680432259,0.17216895417687192,0.21228580352729162,0.7573606912915559,0.7574441673242196,0.8237819286274338,0.8397352904843934,8.347603266367631e-5,0.0004782413234142644,0.01102196530972864,0.05983579227568604,0.0006372335943605307,0.0005508567876929295,-8.63768066676012e-5,0.00012526121357467443,-13.554967508309264,70.97571353421924,0.0005843998374435422,0.0006462496942597353,6.184985681619308e-5,5.011435910590469e-5,10.583482891911016,28.811528674190974,8.001000000051297
851.9999999999843,3.9339099002871585,3.9307862132189193,-0.003123687068239178,0.00827824680432259,-0.07940413348081923,0.21228580352729162,0.7564714793215597,0.7565504377723529,0.823086009109864,0.8391803323340338,7.895845079319841e-5,0.0004782413234142644,0.01043773003365734,0.05983579227568604,0.0006583632342559941,0.0005817196075870856,-7.664362666890843e-5,0.00012526121357467443,-11.641541125169633,70.97571353421924,0.0006200017541060422,0.0006857189890601541,6.57172349541119e-5,5.011435910590469e-5,10.599524036648441,28.811528674190974,2.579040000085064
852.9999999999843,3.8940291297078664,3.8963164644344337,0.0022873347265672805,0.00827824680432259,0.05873953815899879,0.21228580352729162,0.757357325735149,0.7574319178597102,0.8235950842134506,0.8396766872186321,7.459212456117914e-5,0.0004782413234142644,0.009849000204596201,0.05983579227568604,0.0005759801217528558,0.0005052182897618031,-7.076183199105268e-5,0.00012526121357467443,-12.285464257986233,70.97571353421924,0.0006180441875679549,0.0006741983866560833,5.615419908812846e-5,5.011435910590469e-5,9.085790339538502,28.811528674190974,4.437494999970843
853.9999999999842,3.894329473470312,3.898169340803592,0.0038398673332795674,0.00827824680432259,0.09860150147639633,0.21228580352729162,0.7581970581468643,0.7582702495386306,0.8240896679371987,0.8401372825406922,7.319139176631406e-5,0.0004782413234142644,0.009653346841677766,0.05983579227568604,0.0005058573980406762,0.0004378004462801133,-6.805695176056293e-5,0.00012526121357467443,-13.453782039002707,70.97571353421924,0.0006040826688680415,0.0006471429306217455,4.3060261753704037e-5,5.011435910590469e-5,7.128206779113921,28.811528674190974,4.474934999999409
854.9999999999842,3.8935338009562837,3.8978302762918293,0.004296475335545669,0.00827824680432259,0.11034899284784477,0.21228580352729162,0.7580759339336466,0.7581508074187733,0.8238980860866623,0.8399546431060742,7.48734851266919e-5,0.0004782413234142644,0.009876779063302315,0.05983579227568604,0.0004933677578100278,0.00042607255363450266,-6.729520417552516e-5,0.00012526121357467443,-13.639967977282637,70.97571353421924,0.000601039701619843,0.0006358201225818399,3.478042096199691e-5,5.011435910590469e-5,5.786709408423654,28.811528674190974,4.512599999999405
855.9999999999841,3.8306947752827303,3.842187469214009,0.011492693931278719,0.00827824680432259,0.3000159137040743,0.21228580352729162,0.7579328820733854,0.7580088858127978,0.8237199131683288,0.839778296299819,7.600373941241134e-5,0.0004782413234142644,0.01002776646983531,0.05983579227568604,0.00048536093522000127,0.0004184361671609414,-6.692476805905987e-5,0.00012526121357467443,-13.788659779288714,70.97571353421924,0.000599833129052007,0.0006292666700653541,2.943354101334712e-5,5.011435910590469e-5,4.906954882579545,28.811528674190974,8.392049999938253
856.9999999999841,3.8711431683469733,3.8771659287841236,0.006022760437150332,0.00827824680432259,0.15558092726707717,0.21228580352729162,0.756922653643103,0.7570018875965452,0.8229635748493614,0.8390750353702662,7.923395344222595e-5,0.0004782413234142644,0.010467906206911544,0.05983579227568604,0.000528728059381616,0.0004612523768831098,-6.747568249850617e-5,0.00012526121357467443,-12.761887950002816,70.97571353421924,0.0006151217322724799,0.0006463787652697026,3.1257032997222714e-5,5.011435910590469e-5,5.081438576677829,28.811528674190974,5.639850000043805
857.9999999999841,3.8085050754370235,3.821338253930165,0.01283317849314125,0.00827824680432259,0.33696104479179806,0.21228580352729162,0.756024499618401,0.7561056441983891,0.8222813645116474,0.8384429489646001,8.114457998809055e-5,0.0004782413234142644,0.010733062226032066,0.05983579227568604,0.0005624317731943043,0.0004955026841809996,-6.692908901330473e-5,0.00012526121357467443,-11.899948083157566,70.97571353421924,0.0006333819766078259,0.0006682916231806342,3.4909646572808275e-5,5.011435910590469e-5,5.511626137480613,28.811528674190974,9.688049999935568
858.999999999984,3.8993128481643815,3.901231216185669,0.001918368021287531,0.00827824680432259,0.0491975918831599,0.21228580352729162,0.7550542212326029,0.755135804184694,0.8215779891570801,0.8378134016748626,8.15829520910416e-5,0.0004782413234142644,0.010804913050861424,0.05983579227568604,0.0006003079281567902,0.0005363444430251066,-6.396348513168352e-5,0.00012526121357467443,-10.655112506689626,70.97571353421924,0.0006550300361189439,0.0006949660375170079,3.993600139806403e-5,5.011435910590469e-5,6.096819870228399,28.811528674190974,3.848760000093603
859.999999999984,3.8972452297611992,3.899394445896745,0.0021492161355456396,0.00827824680432259,0.055147059239003315,0.21228580352729162,0.7546672673475043,0.7547476421893793,0.8212858147282004,0.8375637873048188,8.037484187495281e-5,0.0004782413234142644,0.010650368096320563,0.05983579227568604,0.0006046079639856401,0.0005440380433100472,-6.056992067559285e-5,0.00012526121357467443,-10.018048766064787,70.97571353421924,0.0006673342291764339,0.000708932358505074,4.159812932864014e-5,5.011435910590469e-5,6.23347754542382,28.811528674190974,3.8646449999997454
860.9999999999839,3.897746334203263,3.901237249158652,0.0034909149553890018,0.00827824680432259,0.08956239467806666,0.21228580352729162,0.7554362496090296,0.7555138197457814,0.8217530138995126,0.8379923035415494,7.757013675180335e-5,0.0004782413234142644,0.010268257154981536,0.05983579227568604,0.0005403860014021761,0.00048282142073800355,-5.756458066417258e-5,0.00012526121357467443,-10.652492942971481,70.97571353421924,0.0006554981156467833,0.0006902378025599981,3.473968691321478e-5,5.011435910590469e-5,5.299738639055729,28.811528674190974,3.8806199999997424
861.9999999999839,3.9448586458822987,3.9450814105341845,0.000222764651885754,0.00827824680432259,0.005646961574105552,0.21228580352729162,0.7556324386433234,0.7557099359032169,0.8218314188156497,0.8380559296735542,7.749725989347755e-5,0.0004782413234142644,0.010255946665367832,0.05983579227568604,0.0005131877597142856,0.0004569474566195428,-5.6240303094742816e-5,0.00012526121357467443,-10.95901101110718,70.97571353421924,0.0006463276708341113,0.0006749628090056956,2.8635138171584362e-5,5.011435910590469e-5,4.430436675352238,28.811528674190974,1.871640000032432
862.9999999999839,4.111504405422853,4.100433473089831,-0.011070932333021588,0.00827824680432259,-0.26926718887664636,0.21228580352729162,0.7560930677607661,0.7561696770980663,0.8221499468716496,0.8383438284127805,7.660933730013753e-5,0.0004782413234142644,0.010132262887559938,0.05983579227568604,0.0004775018779605402,0.00042226464133801367,-5.5237236622526504e-5,0.00012526121357467443,-11.567962173981481,70.97571353421924,0.0006313200666557443,0.0006530500272026083,2.1729960546864008e-5,5.011435910590469e-5,3.441987938380113,28.811528674190974,-4.155794999902696
863.9999999999837,4.0690894971872185,4.064219377541121,-0.004870119646097848,0.00827824680432259,-0.11968573435075208,0.21228580352729162,0.7580347250693961,0.7581132162021136,0.823766593135453,0.8398817163522649,7.849113271751751e-5,0.0004782413234142644,0.010354556344411774,0.05983579227568604,0.00036097063915186084,0.00030218833217543955,-5.8782306976421287e-5,0.00012526121357467443,-16.284511979848723,70.97571353421924,0.0005869882081230075,0.0005938927848472727,6.904576724265201e-6,5.011435910590469e-5,1.1762717936606826,28.811528674190974,-2.0638350000340093
864.9999999999837,4.056148234526461,4.0542495972530554,-0.0018986372734053347,0.00827824680432259,-0.04680887294117823,0.21228580352729162,0.7599463768388469,0.7600286142661754,0.825395371461488,0.8414257998974772,8.223742732849093e-5,0.0004782413234142644,0.010821477650906687,0.05983579227568604,0.00025394701523190143,0.00019038667537457895,-6.356033985732248e-5,0.00012526121357467443,-25.028976930199363,70.97571353421924,0.0005337107227208601,0.0005243272891344709,-9.383433586389192e-6,5.011435910590469e-5,-1.7581497217354747,28.811528674190974,-1.3792050000111302
865.9999999999837,4.155687451981401,4.145010864900616,-0.010676587080785005,0.00827824680432259,-0.25691506409353493,0.21228580352729162,0.760571441442219,0.760654678341547,0.8259164365463125,0.841894662858437,8.32368993279875e-5,0.0004782413234142644,0.010943994842897483,0.05983579227568604,0.00022786403730249027,0.0001636441736306431,-6.421986367184716e-5,0.00012526121357467443,-28.183413421484797,70.97571353421924,0.0004993114686678451,0.00048151599541975705,-1.7795473248088044e-5,5.011435910590469e-5,-3.5640025044019272,28.811528674190974,-5.766299999928679
866.9999999999836,4.1100351103840955,4.105725368692103,-0.004309741691992386,0.00827824680432259,-0.10485899940620282,0.21228580352729162,0.7620327651504181,0.7621274383025206,0.827148859139427,0.8430071267024339,9.467315210254235e-5,0.0004782413234142644,0.01242376396818774,0.05983579227568604,0.00013928245929528837,6.216478436090255e-5,-7.711767493438582e-5,0.00012526121357467443,-55.36782975011308,70.97571353421924,0.00045506021402750874,0.0004271489045013264,-2.7911309526182338e-5,5.011435910590469e-5,-6.133542038130162,28.811528674190974,-3.1300200000431584
867.9999999999836,4.067697301643514,4.067926307103129,0.00022900545961501706,0.00827824680432259,0.005629854992466859,0.21228580352729162,0.7634454341814262,0.7635523473903854,0.8283609195994868,0.8441007344021805,0.00010691320895916956,0.0004782413234142644,0.014004040652073974,0.05983579227568604,5.805765419280823e-5,-3.1165319872642185e-5,-2.6892334320166046e-5,0.00012526121357467443,-46.32004977475869,70.97571353421924,0.00040962370100105627,0.0003724573171923456,-3.716638380871066e-5,5.011435910590469e-5,-9.073299156733809,28.811528674190974,-1.2810600000302692
868.9999999999835,3.9053428467035856,3.9159436378113446,0.010600791107759022,0.00827824680432259,0.2714432899715045,0.21228580352729162,0.7635188209585112,0.7636243702051716,0.8284285991318855,0.8441433724735,0.00010554924666039689,0.0004782413234142644,0.013824053024376242,0.05983579227568604,6.981379015527443e-5,-1.5567520641116298e-5,-5.4246269514158124e-5,0.00012526121357467443,-77.7013672993656,70.97571353421924,0.00038736380994115386,0.0003495250608519289,-3.783874908922495e-5,5.011435910590469e-5,-9.768271613957225,28.811528674190974,4.9126499998979
869.9999999999835,3.903336906445213,3.9123924103776195,0.009055503932406506,0.00827824680432259,0.23199391058081623,0.21228580352729162,0.7621476166607503,0.7622511967981261,0.827265546776143,0.8429696787180293,0.00010358013737588045,0.0004782413234142644,0.013590561081815519,0.05983579227568604,0.00015185726484208962,6.89493169071702e-5,-8.290794793491941e-5,0.00012526121357467443,-54.59597077632876,70.97571353421924,0.00039783552644335725,0.0003702749201025542,-2.7560606340803074e-5,5.011435910590469e-5,-6.927638310030887,28.811528674190974,4.977449999998933
870.9999999999835,3.883852888334422,3.892767551152996,0.008914662818574115,0.00827824680432259,0.2295314234313633,0.21228580352729162,0.7602528517508582,0.7603565180381244,0.825679797185631,0.8413752268545149,0.00010366628726621308,0.0004782413234142644,0.013635764341754219,0.05983579227568604,0.0002516395119552435,0.00016855079159773704,-8.308872035750646e-5,0.00012526121357467443,-33.01894830104606,70.97571353421924,0.0004293097949753121,0.0004183511060292046,-1.0958688946107506e-5,5.011435910590469e-5,-2.5526296102183497,28.811528674190974,5.928749999984317
871.9999999999834,3.9109256247483044,3.9159253550187643,0.004999730270459857,0.00827824680432259,0.1278400754752687,0.21228580352729162,0.7589770520595476,0.7590803622114006,0.8246423128710578,0.84034833077632,0.00010331015185305326,0.0004782413234142644,0.01361176224929496,0.05983579227568604,0.00031272828404368296,0.0002311084528926627,-8.161983115102027e-5,0.00012526121357467443,-26.099280210810527,70.97571353421924,0.0004591197093770887,0.0004625861341739696,3.4664247968808687e-6,5.011435910590469e-5,0.7550154624343932,28.811528674190974,4.233555000028137
872.9999999999834,3.8613949082011394,3.8708337892630875,0.009438881061948123,0.00827824680432259,0.24444226209293105,0.21228580352729162,0.7582377044911088,0.7583394897569956,0.824018802052348,0.8397462518162448,0.00010178526588677794,0.0004782413234142644,0.01342392567448108,0.05983579227568604,0.00034110703714157286,0.00026296347181465105,-7.81435653269218e-5,0.00012526121357467443,-22.9088106717919,70.97571353421924,0.0004812447847071871,0.0004939561746967128,1.2711389989525639e-5,5.011435910590469e-5,2.6413564143370136,28.811528674190974,6.990299999954243
873.9999999999834,3.8297775859959478,3.842236111284076,0.012458525288128186,0.00827824680432259,0.3253067575956451,0.21228580352729162,0.7573669864844711,0.757468296504876,0.8233225902143333,0.839083856065926,0.0001013100204049211,0.0004782413234142644,0.013376608990468367,0.05983579227568604,0.0003763766746943014,0.00030099916983984974,-7.537750485445165e-5,0.00012526121357467443,-20.02714565552564,70.97571353421924,0.0005042469654826673,0.0005240577784355365,1.981081295286918e-5,5.011435910590469e-5,3.9287917050539285,28.811528674190974,9.000449999966635
874.9999999999833,3.835102021468654,3.845309149854189,0.010207128385534947,0.00827824680432259,0.26615011356663004,0.21228580352729162,0.7556516730264489,0.755755009095224,0.8220747120056688,0.837902620581125,0.00010333606877510615,0.0004782413234142644,0.013675092964624354,0.05983579227568604,0.0004609106966822085,0.0003861237120709621,-7.47869846112464e-5,0.00012526121357467443,-16.22591646268756,70.97571353421924,0.0005427463157345403,0.0005735054482569647,3.075913252242445e-5,5.011435910590469e-5,5.667313002538903,28.811528674190974,8.293950000011808
875.9999999999833,3.872737441207889,3.877523857379871,0.004786416171981944,0.00827824680432259,0.12359258133670643,0.21228580352729162,0.7542005954168067,0.754304125961083,0.8210234267544932,0.8369330518694305,0.00010353054427625352,0.0004782413234142644,0.013727189411596483,0.05983579227568604,0.0005264051121401947,0.00045474320379237655,-7.166190834781812e-5,0.00012526121357467443,-13.61345220536779,70.97571353421924,0.0005814384977218714,0.0006220288186959269,4.0590320974055456e-5,5.011435910590469e-5,6.98101710380238,28.811528674190974,5.572350000045484
876.9999999999832,3.823743801871424,3.834274422526094,0.010530620654670031,0.00827824680432259,0.27540079043779336,0.21228580352729162,0.753804834440245,0.7539060515062518,0.8206639014793028,0.8366234196779956,0.0001012170660067424,0.0004782413234142644,0.013427489634223883,0.05983579227568604,0.0005251342117001117,0.0004589424783036215,-6.619173339649019e-5,0.00012526121357467443,-12.604726929177925,70.97571353421924,0.0006019678544273197,0.0006447303017811171,4.276244735379735e-5,5.011435910590469e-5,7.10377589754843,28.811528674190974,8.588699999949247
877.9999999999832,3.8183818865228893,3.8293727772450663,0.01099089072217696,0.00827824680432259,0.287841579203214,0.21228580352729162,0.7531597403407954,0.7532600290357807,0.8201467805120732,0.836170015420662,0.00010028869498535098,0.0004782413234142644,0.013315727011639205,0.05983579227568604,0.0005401697432518186,0.00047859148847378876,-6.15782547780298e-5,0.00012526121357467443,-11.399797109576904,70.97571353421924,0.0006218434313015588,0.0006653981360933625,4.3554704791803705e-5,5.011435910590469e-5,7.004127180477066,28.811528674190974,8.787149999996661
878.9999999999832,3.8758371705662658,3.8793133965942004,0.0034762260279346258,0.00827824680432259,0.08968968186624682,0.21228580352729162,0.7518414936299948,0.7519422803464101,0.8191970731091389,0.8353138737274495,0.00010078671641533532,0.0004782413234142644,0.013405314453811682,0.05983579227568604,0.0005958333674408203,0.0005377268507563928,-5.810651668442749e-5,0.00012526121357467443,-9.75214210207836,70.97571353421924,0.0006527942490933282,0.0007005771871097008,4.7782938016372595e-5,5.011435910590469e-5,7.319754743970057,28.811528674190974,4.894650000065495
879.9999999999831,3.939774017592043,3.9380881485751518,-0.0016858690168910506,0.00827824680432259,-0.04279100804673664,0.21228580352729162,0.7516465043311299,0.7517456482195453,0.8190020405614863,0.8351529104694202,9.914388841536503e-5,0.0004782413234142644,0.0131902280984584,0.05983579227568604,0.0005849833264209224,0.0005304282127941782,-5.455511362674416e-5,0.00012526121357467443,-9.325926255116757,70.97571353421924,0.0006658118062754984,0.0007123116310640487,4.649982478855026e-5,5.011435910590469e-5,6.983929144883569,28.811528674190974,1.8806850000510544
880.9999999999831,3.9412123606651406,3.941093836308209,-0.00011852435693171515,0.00827824680432259,-0.0030073070437572746,0.21228580352729162,0.7526903576491386,0.7527863788613041,0.8197059326949055,0.8358280302846636,9.602121216545356e-5,0.0004782413234142644,0.01275706685885475,0.05983579227568604,0.0005105022253871164,0.00045917613687367336,-5.132608851344308e-5,0.00012526121357467443,-10.054038153217109,70.97571353421924,0.0006506276611092286,0.0006873751942097582,3.67475331005296e-5,5.011435910590469e-5,5.648012726338783,28.811528674190974,1.8716400000001532
881.999999999983,3.9436279736332134,3.9447385923852245,0.0011106187520111277,0.00827824680432259,0.028162361141482854,0.21228580352729162,0.75367417752601,0.7537682728989057,0.8204117011396073,0.8364981890517537,9.409537289573056e-5,0.0004782413234142644,0.012484887462192937,0.05983579227568604,0.00044774105578142764,0.00039824955766953527,-4.949149811189237e-5,0.00012526121357467443,-11.053598385235523,70.97571353421924,0.0006266085918139114,0.0006516520662552716,2.5043474441360206e-5,5.011435910590469e-5,3.9966694948858206,28.811528674190974,1.8625950000001543
882.999999999983,4.0254076513467,4.022144756374466,-0.003262894972233532,0.00827824680432259,-0.0810575041050049,0.21228580352729162,0.7541652270062218,0.7542589482504932,0.8207497796752319,0.8368083906564395,9.372124427142747e-5,0.0004782413234142644,0.012427150034942446,0.05983579227568604,0.0004133113505898351,0.0003643482928457009,-4.8963057744134193e-5,0.00012526121357467443,-11.846531113713475,70.97571353421924,0.0006066778110428669,0.000622623395537613,1.594558449474607e-5,5.011435910590469e-5,2.6283447662831008,28.811528674190974,-0.7440749999555484
883.999999999983,4.028096585613884,4.025685751180323,-0.002410834433561604,0.00827824680432259,-0.05985046242862599,0.21228580352729162,0.7550373977043453,0.7551308473849356,0.8214613219116732,0.8374801963758665,9.344968059032954e-5,0.0004782413234142644,0.01237682807162384,0.05983579227568604,0.0003628555433940347,0.0003136179694574492,-4.923757393658553e-5,0.00012526121357467443,-13.569469953809444,70.97571353421924,0.000579703496029478,0.0005863289543434869,6.625458314008935e-6,5.011435910590469e-5,1.142904667539219,28.811528674190974,-0.7399800000000698
884.9999999999828,3.9535991408553497,3.9567931293030925,0.0031939884477427682,0.00827824680432259,0.08078685607594902,0.21228580352729162,0.756122630293353,0.756216125242761,0.8223782670632453,0.8383501370577056,9.349494940802394e-5,0.0004782413234142644,0.012365051072701088,0.05983579227568604,0.00030437891014609207,0.0002543349093181597,-5.004400082793235e-5,0.00012526121357467443,-16.441349633558,70.97571353421924,0.0005464610039303162,0.0005434957595503813,-2.9652443799348636e-6,5.011435910590469e-5,-0.5426268953517105,28.811528674190974,1.7826749999566944
885.9999999999828,3.931208119950057,3.93608945771666,0.0048813377666032665,0.00827824680432259,0.12416889713448395,0.21228580352729162,0.7562770535799652,0.7563711783836269,0.8224702479159202,0.8384121385871387,9.412480366166598e-5,0.0004782413234142644,0.012445809801594576,0.05983579227568604,0.00029308881807927446,0.00024255041439109998,-5.053840368817448e-5,0.00012526121357467443,-17.243374898903475,70.97571353421924,0.0005277511383081775,0.0005207731902364063,-6.977948071771288e-6,5.011435910590469e-5,-1.3222042673637118,28.811528674190974,2.7465299999834536
886.9999999999828,4.033770860606383,4.031609230101774,-0.002161630504609491,0.00827824680432259,-0.05358833159612195,0.21228580352729162,0.7557743930834389,0.7558695113888367,0.8219995439807031,0.8379213126515623,9.51183053978788e-5,0.0004782413234142644,0.01258554222905215,0.05983579227568604,0.00031335940903109245,0.00026222045249568135,-5.11389565354111e-5,0.00012526121357467443,-16.319585454138043,70.97571353421924,0.0005249950845181788,0.0005198451037763405,-5.149980741838301e-6,5.011435910590469e-5,-0.9809578972657933,28.811528674190974,-0.7343549999402447
887.9999999999827,4.0350279917939185,4.0331100871910985,-0.001917904602819931,0.00827824680432259,-0.04753138284840638,0.21228580352729162,0.7561366457329908,0.7562321719027596,0.8223090539798844,0.8382003991462612,9.552616976882256e-5,0.0004782413234142644,0.012633453266402727,0.05983579227568604,0.00029049645646683997,0.00023878576350244444,-5.171069296439553e-5,0.00012526121357467443,-17.80079991106476,70.97571353421924,0.0005123766768062594,0.0005065981932239694,-5.77848358229e-6,5.011435910590469e-5,-1.1277803701582163,28.811528674190974,-0.729495000000084
888.9999999999827,4.075067439052787,4.071250981276322,-0.0038164577764652208,0.00827824680432259,-0.09365385563661549,0.21228580352729162,0.7570792452333174,0.7571747114907692,0.8231225657747393,0.8389783090385452,9.546625745182613e-5,0.0004782413234142644,0.01260981040662464,0.05983579227568604,0.00024032781177815764,0.00018843683734342474,-5.18909744347329e-5,0.00012526121357467443,-21.591747559634314,70.97571353421924,0.00048753865284551634,0.00047722459473104756,-1.0314058114468787e-5,5.011435910590469e-5,-2.1155364921880246,28.811528674190974,-2.0094749999778814
889.9999999999826,3.8701535835281593,3.881968991456682,0.01181540792852287,0.00827824680432259,0.3052955825528649,0.21228580352729162,0.7579175692367334,0.7580152219247983,0.8238557368329102,0.8396618173125946,9.765268806494198e-5,0.0004782413234142644,0.012884341520580381,0.05983579227568604,0.0001942892444990814,0.00013973497329869633,-5.455427120038507e-5,0.00012526121357467443,-28.078894094749028,70.97571353421924,0.0004608338284486437,0.0004451056948333779,-1.572813361526578e-5,5.011435910590469e-5,-3.4129728861731246,28.811528674190974,6.309899999855292
890.9999999999826,3.8534165357214585,3.865952323170815,0.012535787449356572,0.00827824680432259,0.32531617937352186,0.21228580352729162,0.7569946469025547,0.7570975321330516,0.8231445193475843,0.8389074082342428,0.00010288523049695186,0.0004782413234142644,0.01359127583238986,0.05983579227568604,0.000239831022767891,0.00017963944152504834,-6.019158124284267e-5,0.00012526121357467443,-25.09749595701646,70.97571353421924,0.00046449235147200194,0.00045314398220089617,-1.1348369271105773e-5,5.011435910590469e-5,-2.443176778937729,28.811528674190974,7.367849999981598
891.9999999999826,3.8777655386958587,3.8851965950494973,0.00743105635363861,0.00827824680432259,0.1916324305707706,0.21228580352729162,0.7546294667466835,0.7547374020626942,0.8212681533652252,0.8370216360657557,0.00010793531601072104,0.0004782413234142644,0.014303087908300977,0.05983579227568604,0.0003597679342531697,0.0002949385369081293,-6.482939734504041e-5,0.00012526121357467443,-18.019781968511897,70.97571353421924,0.0005031686512344878,0.0005077066569550092,4.53800572052139e-6,5.011435910590469e-5,0.9018856221244551,28.811528674190974,5.572350000031231
892.9999999999825,3.8905940724520858,3.8957424360815076,0.005148363629421837,0.00827824680432259,0.13232847049954582,0.21228580352729162,0.7534722618457522,0.7535810239318185,0.8203459895278551,0.836112334529555,0.00010876208606624971,0.0004782413234142644,0.014434783013752808,0.05983579227568604,0.000408402286842309,0.000344510631019344,-6.3891655822965e-5,0.00012526121357467443,-15.644294334628603,70.97571353421924,0.0005329780088665878,0.0005496145084941689,1.6636499627581056e-5,5.011435910590469e-5,3.1214232765362397,28.811528674190974,4.6638000000159066
893.9999999999825,3.9813389647321316,3.979516378081438,-0.0018225866506935695,0.00827824680432259,-0.04577823357515089,0.21228580352729162,0.7531523348482675,0.7532592007153083,0.8200249195949105,0.8358147637915526,0.00010686586704078405,0.0004782413234142644,0.014189143695918248,0.05983579227568604,0.0004077773567749399,0.0003484273285567046,-5.935002821823532e-5,0.00012526121357467443,-14.554517859360134,70.97571353421924,0.0005478994346784219,0.0005693964787925067,2.1497044114084877e-5,5.011435910590469e-5,3.9235382906905385,28.811528674190974,0.8048250000675621
894.9999999999824,3.889182576351796,3.895332158611336,0.006149582259539876,0.00827824680432259,0.15812017406774517,0.21228580352729162,0.7537261330792105,0.75383005886227,0.8204413946103878,0.8362397660057684,0.00010392578305939981,0.0004782413234142644,0.013788268510052848,0.05983579227568604,0.0003669704864284492,0.00031210788544571544,-5.486260098273377e-5,0.00012526121357467443,-14.950139864566662,70.97571353421924,0.0005424319642327054,0.0005606838417568092,1.8251877524103782e-5,5.011435910590469e-5,3.3648233746552694,28.811528674190974,4.6637999999319995
895.9999999999824,3.92921526001162,3.9322211395631093,0.0030058795514893433,0.00827824680432259,0.0765007603956128,0.21228580352729162,0.7538478178411019,0.7539509600918771,0.8205057025879146,0.8363046256986625,0.00010314225077523442,0.0004782413234142644,0.013682105105857724,0.05983579227568604,0.00035129031592117304,0.0002983071626370096,-5.2983153284163456e-5,0.00012526121357467443,-15.082440614745693,70.97571353421924,0.0005380543166317521,0.000552650882369238,1.4596565737485905e-5,5.011435910590469e-5,2.7128424187470817,28.811528674190974,2.7465300000337853
896.9999999999824,3.928597311838425,3.9314585004565124,0.0028611886180871515,0.00827824680432259,0.07282977589648226,0.21228580352729162,0.7534360191140363,0.7535398670565676,0.8201309867780552,0.835929698454861,0.0001038479425312655,0.0004782413234142644,0.013783246340330272,0.05983579227568604,0.00036181643782929766,0.00030928875459838964,-5.2527683230908014e-5,0.00012526121357467443,-14.517771372148157,70.97571353421924,0.0005420993574200127,0.0005558770045595134,1.3777647139500706e-5,5.011435910590469e-5,2.5415354124513256,28.811528674190974,2.74653
897.9999999999823,4.009642399752514,4.007588811262603,-0.0020535884899111068,0.00827824680432259,-0.0512162503578339,0.21228580352729162,0.7535731670958815,0.7536762542389349,0.8202002335781292,0.8359938720921299,0.00010308714305340416,0.0004782413234142644,0.013679778892696132,0.05983579227568604,0.0003459288107951998,0.00029503612969793586,-5.0892681097263956e-5,0.00012526121357467443,-14.711894328857719,70.97571353421924,0.0005382733276341884,0.0005496071818079625,1.133385417377412e-5,5.011435910590469e-5,2.1055946100076186,28.811528674190974,-0.06901199995006595
898.9999999999823,4.011191282804812,4.009757705247931,-0.001433577556881005,0.00827824680432259,-0.03573944635915196,0.21228580352729162,0.7541632404318506,0.7542652919090606,0.8206814058744716,0.8364627318145403,0.00010205147720998564,0.0004782413234142644,0.013531749061588935,0.05983579227568604,0.0003100791506778461,0.0002606367362023461,-4.94424144755e-5,0.00012526121357467443,-15.94509478222473,70.97571353421924,0.0005241345029229602,0.0005304388808308294,6.304377907869222e-6,5.011435910590469e-5,1.2028168099431282,28.811528674190974,-0.07259399999993647
899.9999999999823,4.054459291004956,4.051233865311676,-0.003225425693279327,0.00827824680432259,-0.07955254848495122,0.21228580352729162,0.7550439372441156,0.7551449776947868,0.8214212386065308,0.8371821301007142,0.00010104045067127476,0.0004782413234142644,0.013382062379054248,0.05983579227568604,0.00026260924387694204,0.00021420088959721802,-4.840835427972402e-5,0.00012526121357467443,-18.433606359419716,70.97571353421924,0.0005011029936000729,0.0005001816364518412,-9.213571482316434e-7,5.011435910590469e-5,-0.18386582399205792,28.811528674190974,-1.3755149999768925
900.9999999999822,4.0166812051476715,4.016577890285834,-0.00010331486183723371,0.00827824680432259,-0.0025721449266331653,0.21228580352729162,0.7558370949008009,0.7559390184351925,0.8221046513714119,0.8378324997245256,0.00010192353439164581,0.0004782413234142644,0.013484854749689504,0.05983579227568604,0.00021906736097546914,0.00016953360213010685,-4.9533758845362295e-5,0.00012526121357467443,-22.61119987240318,70.97571353421924,0.0004762227616319379,0.00046818093895250646,-8.041822679431441e-6,5.011435910590469e-5,-1.6886682719392545,28.811528674190974,-0.0812340000231014
901.9999999999822,3.9652002185060424,3.968539259302379,0.003339040796336512,0.00827824680432259,0.08420863039280659,0.21228580352729162,0.7563722050230292,0.7564751377699288,0.8225604185412779,0.8382590285156792,0.00010293274689965326,0.0004782413234142644,0.013608742655544737,0.05983579227568604,0.000190416720004608,0.00013998196085239945,-5.043475915220854e-5,0.00012526121357467443,-26.486518174973316,70.97571353421924,0.00045461693577588026,0.00044137586406747657,-1.3241071708403691e-5,5.011435910590469e-5,-2.9125777476383665,28.811528674190974,1.6550099999690102
902.999999999982,3.942422686948615,3.946968427256527,0.004545740307912105,0.00827824680432259,0.11530322009765143,0.21228580352729162,0.756142578787875,0.7562455500184858,0.8223277525014768,0.8380146932940685,0.00010297123061075997,0.0004782413234142644,0.013617964852055643,0.05983579227568604,0.00020134602101954787,0.00015156990042921307,-4.97761205903348e-5,0.00012526121357467443,-24.72168078528964,70.97571353421924,0.0004473149157619075,0.00043412192136238964,-1.3192994399517839e-5,5.011435910590469e-5,-2.9493750229737654,28.811528674190974,2.567294999983613
903.999999999982,3.942104606181881,3.9460370000364833,0.00393239385460209,0.00827824680432259,0.09975366580672256,0.21228580352729162,0.7555757161281699,0.7556792106780864,0.8218156612464158,0.8374894946822945,0.0001034945499165385,0.0004782413234142644,0.013697442586810521,0.05983579227568604,0.00022633658325071584,0.00017646102992963482,-4.987555332108102e-5,0.00012526121357467443,-22.0360105311978,70.97571353421924,0.0004506159491297565,0.00044125054224525555,-9.365406884500921e-6,5.011435910590469e-5,-2.078356725408341,28.811528674190974,2.567295
904.999999999982,3.9926166938797167,3.992775722429843,0.00015902855012628336,0.00827824680432259,0.003983065801684852,0.21228580352729162,0.755114799707624,0.755218874855121,0.8214080089737169,0.8370702261212147,0.00010407514749699587,0.0004782413234142644,0.013782692053882821,0.05983579227568604,0.0002441649630242902,0.00019421878631645863,-4.994617670783157e-5,0.00012526121357467443,-20.455914759097844,70.97571353421924,0.0004563067496347947,0.0004514458352090921,-4.860914425702562e-6,5.011435910590469e-5,-1.0652733998769461,28.811528674190974,0.7296300000330092
905.9999999999819,3.9660322050056127,3.9679334620902593,0.0019012570846466126,0.00827824680432259,0.04793851855885073,0.21228580352729162,0.7552217239016825,0.7553253212308717,0.8214866756785676,0.8371426299203888,0.00010359732918918674,0.0004782413234142644,0.013717472089385159,0.05983579227568604,0.00023427934756483932,0.00018549452102580052,-4.87848265390388e-5,0.00012526121357467443,-20.82335769077429,70.97571353421924,0.0004536382724581003,0.0004501170407544124,-3.5212317036879023e-6,5.011435910590469e-5,-0.7762201554572616,28.811528674190974,1.6302599999837202
906.9999999999819,3.9432277977640324,3.9469095457747243,0.0036817480106918765,0.00827824680432259,0.09336888963857412,0.21228580352729162,0.7554156871569916,0.755518660320053,0.8216337358574411,0.837284265673835,0.00010297316306140392,0.0004782413234142644,0.01363132442337061,0.05983579227568604,0.00022059147934588643,0.00017309366588293972,-4.749781346294671e-5,0.00012526121357467443,-21.53202544531213,70.97571353421924,0.0004473642202365811,0.00044334227537772756,-4.0219448588535325e-6,5.011435910590469e-5,-0.8990314104079655,28.811528674190974,2.5322399999836955
907.9999999999818,4.0199874273773295,4.018609351284637,-0.0013780760926929148,0.00827824680432259,-0.034280607031449896,0.21228580352729162,0.7551127626327149,0.7552162263770508,0.8213574803379087,0.8369994174486123,0.00010346374433589656,0.0004782413234142644,0.013701760777445776,0.05983579227568604,0.0002305425016462034,0.00018313007904635604,-4.7412422599847355e-5,0.00012526121357467443,-20.565588670763933,70.97571353421924,0.0004485540953049267,0.0004458798759164129,-2.6742193885137934e-6,5.011435910590469e-5,-0.5961865952189916,28.811528674190974,-0.08772299995234314
908.9999999999818,4.020705063726929,4.019514160931394,-0.0011909027955354645,0.00827824680432259,-0.029619252759404743,0.21228580352729162,0.7553193021967686,0.7554229504566602,0.8215353296755419,0.8371652203003898,0.00010364825989161996,0.0004782413234142644,0.013722442891393039,0.05983579227568604,0.00021589265998448758,0.0001686843201331809,-4.720833985130668e-5,0.00012526121357467443,-21.86657937083119,70.97571353421924,0.0004427295763509191,0.0004391967380078146,-3.5328383431044563e-6,5.011435910590469e-5,-0.7979675476445323,28.811528674190974,-0.09020699999995481
909.9999999999818,3.946927017886185,3.950892939117131,0.003965921230945746,0.00827824680432259,0.10048124054418756,0.21228580352729162,0.7559592281272877,0.7560626055986247,0.8220857237617429,0.8377021555151176,0.00010337747133704056,0.0004782413234142644,0.013675006202799336,0.05983579227568604,0.00018126247338116067,0.00013466732475605315,-4.6595148625107525e-5,0.00012526121357467443,-25.70589916155825,70.97571353421924,0.00042740632691634916,0.0004200510833775805,-7.3552435387686465e-6,5.011435910590469e-5,-1.7209018855278189,28.811528674190974,2.4628499999535602
910.9999999999817,3.8920159801962955,3.9004361325994807,0.008420152403185277,0.00827824680432259,0.2163442402608173,0.21228580352729162,0.7557639102752589,0.7558680247265532,0.8219033220289956,0.8375081571226248,0.00010411445129432373,0.0004782413234142644,0.013776054913286864,0.05983579227568604,0.00018772248302564973,0.0001409250572181217,-4.6797425807528024e-5,0.00012526121357467443,-24.929046885201167,70.97571353421924,0.00042366798820050246,0.0004160548444634077,-7.613143737094773e-6,5.011435910590469e-5,-1.796959871674757,28.811528674190974,5.151599999950786
911.9999999999817,3.9682094148333307,3.969314928679668,0.0011055138463373915,0.00827824680432259,0.027859261716504557,0.21228580352729162,0.7546004640463826,0.7547074762007723,0.8209403500236127,0.8365323998475628,0.00010701215438968514,0.0004782413234142644,0.01418129983857358,0.05983579227568604,0.00024113205826598657,0.00019185855730552824,-4.9273500960458325e-5,0.00012526121357467443,-20.43423894557645,70.97571353421924,0.00044010977039162294,0.0004388628297688697,-1.2469406227532385e-6,5.011435910590469e-5,-0.28332491270159105,28.811528674190974,1.5976800000650495
912.9999999999817,4.019728443772611,4.01741803540679,-0.0023104083658216368,0.00827824680432259,-0.05747672754862175,0.21228580352729162,0.7541542839376295,0.7542622609185419,0.8205755825427626,0.836164376754438,0.00010797698091236096,0.0004782413234142644,0.014317624816580757,0.05983579227568604,0.00025739820355807024,0.0002080086861866782,-4.9389517371392036e-5,0.00012526121357467443,-19.187980603077335,70.97571353421924,0.00045058029026607275,0.00045386870908354417,3.288418817471426e-6,5.011435910590469e-5,0.7298186113577178,28.811528674190974,-0.09099449996909122
913.9999999999816,4.118178424566452,4.109478099067548,-0.008700325498903538,0.00827824680432259,-0.21126635618803916,0.21228580352729162,0.7549063941043442,0.7550125537726584,0.821186941672674,0.8367764949016142,0.00010615966831417634,0.0004782413234142644,0.014062626723426957,0.05983579227568604,0.00021408926265078994,0.00016749679349580113,-4.6592469154988815e-5,0.00012526121357467443,-21.76310412679956,70.97571353421924,0.0004393026891761071,0.0004396723791810817,3.6969000497460774e-7,5.011435910590469e-5,0.08415382242889183,28.811528674190974,-3.6897299999337214
914.9999999999816,4.141607102640636,4.132155489577533,-0.009451613063102826,0.00827824680432259,-0.2282112433377999,0.21228580352729162,0.7563605879927837,0.7564706906076171,0.8224445900066581,0.8379767283166983,0.00011010261483335171,0.0004782413234142644,0.014556894764379522,0.05983579227568604,0.00012602900042864857,7.467923135149033e-5,-5.134976907715824e-5,0.00012526121357467443,-40.74440716224672,70.97571353421924,0.00040922737050413726,0.00040010598730162304,-9.121383202514218e-6,5.011435910590469e-5,-2.2289279407868934,28.811528674190974,-4.702499999981347
915.9999999999815,4.16233074778581,4.152619517190271,-0.009711230595539355,0.00827824680432259,-0.2333123238874117,0.21228580352729162,0.7581945881085613,0.7583162955568304,0.8240259985847292,0.839444234522426,0.00012170744826911495,0.0004782413234142644,0.016052270772959988,0.05983579227568604,1.0043775056985209e-5,-5.3999866978233836e-5,4.3956091921248625e-5,0.00012526121357467443,437.6451251830675,70.97571353421924,0.00036561751569743706,0.00034273826445044145,-2.2879251246995603e-5,5.011435910590469e-5,-6.257701085067567,28.811528674190974,-5.570549999983914
916.9999999999815,4.08439335322785,4.08345747873213,-0.0009358744957204124,0.00827824680432259,-0.022913427155119653,0.21228580352729162,0.7597832407655999,0.7599217218884772,0.8253644600383963,0.8406483110270297,0.00013848112287728753,0.0004782413234142644,0.018226398721001826,0.05983579227568604,-9.102407545892288e-5,-0.00017150654462528439,8.04824691663615e-5,0.00012526121357467443,-88.41888122520007,70.97571353421924,0.00032078688031816893,0.00028468838594968254,-3.609849436848639e-5,5.011435910590469e-5,-11.253108086179365,28.811528674190974,-1.67868000007212
917.9999999999815,3.97232176047557,3.978089227318051,0.005767466842480751,0.00827824680432259,0.14519133117228308,0.21228580352729162,0.7602666122719394,0.7604118044168239,0.825774216781479,0.8410087329183851,0.0001451921448845095,0.0004782413234142644,0.019097530069172076,0.05983579227568604,-0.00010873197540445312,-0.00019298438290254945,8.425240749809633e-5,0.00012526121357467443,-77.48632100603386,70.97571353421924,0.0002933698872358773,0.0002515757283274899,-4.1794158908387425e-5,5.011435910590469e-5,-14.246233416173283,28.811528674190974,2.025134999931365
918.9999999999814,3.95342445578185,3.9589862048772395,0.005561749095389423,0.00827824680432259,0.14068181035444882,0.21228580352729162,0.759194527179874,0.7593333642438237,0.8248479395806494,0.8401252755260233,0.00013883706394968165,0.0004782413234142644,0.01828741633128071,0.05983579227568604,-2.903499993432345e-5,-0.00010370159257463349,7.466659264031004e-5,0.00012526121357467443,-257.1606433931609,70.97571353421924,0.00029763842477975426,0.0002620593875352208,-3.557903724453346e-5,5.011435910590469e-5,-11.953778236415928,28.811528674190974,2.7792449999859397
919.9999999999814,3.845638065454956,3.860197681600799,0.014559616145843002,0.00827824680432259,0.37860079128690793,0.21228580352729162,0.7578902291527595,0.7580242457558161,0.8237095107614771,0.8390113977424595,0.0001340166030565637,0.0004782413234142644,0.017682851407964446,0.05983579227568604,4.82594497190395e-5,-2.0631007159412643e-5,-2.7628442559626858e-5,0.00012526121357467443,-57.2498085255348,70.97571353421924,0.0003167662539159076,0.00029263267600039035,-2.4133577915517275e-5,5.011435910590469e-5,-7.618733882531581,28.811528674190974,8.97839999988442
920.9999999999814,3.847236327263242,3.859194079207599,0.01195775194435722,0.00827824680432259,0.3108140734588938,0.21228580352729162,0.755722298245258,0.7558584405992282,0.8220545553438612,0.8373776083757549,0.00013614235397019225,0.0004782413234142644,0.018014865286667688,0.05983579227568604,0.00016903674728187452,9.832646597914089e-5,-7.071028130273364e-5,0.00012526121357467443,-41.8313073575782,70.97571353421924,0.00035831416334546263,0.00035342727631846183,-4.886887027000795e-6,5.011435910590469e-5,-1.363855389185156,28.811528674190974,8.537850000008214
921.9999999999812,3.860741621170506,3.8685430863015795,0.007801465131073382,0.00827824680432259,0.20207167162634726,0.21228580352729162,0.7531971989196337,0.7533368092227533,0.8201815865352343,0.8355557193409084,0.0001396103031195972,0.0004782413234142644,0.01853569069559082,0.05983579227568604,0.00030201491341977425,0.00022951614903843971,-7.249876438133454e-5,0.00012526121357467443,-24.00502795057925,70.97571353421924,0.00041512319961318025,0.0004330845016178971,1.7961302004716848e-5,5.011435910590469e-5,4.326740115091986,28.811528674190974,7.168050000025695
922.9999999999812,3.911127348367675,3.912832146157855,0.0017047977901798461,0.00827824680432259,0.04358839890220784,0.21228580352729162,0.7519200753321142,0.7520579876638054,0.8191720764769156,0.8346233367374626,0.00013791233169113681,0.0004782413234142644,0.01834135518063174,0.05983579227568604,0.00035322663105411787,0.00028633615145362925,-6.689047960048861e-5,0.00012526121357467443,-18.936986546249486,70.97571353421924,0.0004569722941642847,0.0004886276975870252,3.165540342274048e-5,5.011435910590469e-5,6.92720408370319,28.811528674190974,3.96094500006016
923.9999999999811,3.908118871905126,3.910464408466814,0.002345536561688011,0.00827824680432259,0.060017021962912066,0.21228580352729162,0.7517722064361136,0.7519065069127917,0.8189628489615028,0.8344694764102358,0.000134300476678062,0.0004782413234142644,0.017864517406773136,0.05983579227568604,0.00034060113596661004,0.00028070534973626546,-5.989578623034458e-5,0.00012526121357467443,-17.585316050213144,70.97571353421924,0.00047595872571069034,0.0005099344518646097,3.397572615391938e-5,5.011435910590469e-5,7.138376568932029,28.811528674190974,3.9969449999993207
924.9999999999811,3.8613297561839666,3.8691288072643943,0.007799051080427777,0.00827824680432259,0.20197837462437654,0.21228580352729162,0.7519868068039718,0.7521185481331893,0.8190307035936311,0.8345666896256908,0.00013174132921756065,0.0004782413234142644,0.017519101136557975,0.05983579227568604,0.0003127259975873685,0.0002576637351722581,-5.50622624151104e-5,0.00012526121357467443,-17.60719058853662,70.97571353421924,0.00048103091603499365,0.0005108463205736488,2.9815404538655163e-5,5.011435910590469e-5,6.198230414048102,28.811528674190974,6.617699999950541
925.9999999999811,3.902855478298899,3.9060887699403293,0.0032332916414303803,0.00827824680432259,0.0828442574778517,0.21228580352729162,0.7512872003872146,0.7514196845045347,0.8184501069859158,0.8340309887250711,0.00013248411732003085,0.0004782413234142644,0.017634283833366033,0.05983579227568604,0.0003364290823858401,0.0002833263248393933,-5.310275754644676e-5,0.00012526121357467443,-15.784235170711211,70.97571353421924,0.000496568004970104,0.0005254676504156922,2.8899645445588126e-5,5.011435910590469e-5,5.819876664693295,28.811528674190974,4.123800000047065
926.999999999981,3.9183974782148336,3.920087086436162,0.0016896082213282426,0.00827824680432259,0.04311987823394589,0.21228580352729162,0.7507277249564814,0.7508606190351125,0.8179838666325663,0.8335991824059175,0.00013289407863104064,0.0004782413234142644,0.017702034201380307,0.05983579227568604,0.00035291775088160576,0.00030147098119770227,-5.1446769683903494e-5,0.00012526121357467443,-14.577552292393046,70.97571353421924,0.0005112307100192175,0.000539805544399632,2.8574834380414547e-5,5.011435910590469e-5,5.589420553264572,28.811528674190974,3.281310000015995
927.999999999981,3.9177580591066916,3.920111215695663,0.0023531565889713946,0.00827824680432259,0.060063856763731605,0.21228580352729162,0.7509415475548842,0.7510729126244301,0.8180918443423957,0.8337158157611443,0.00013136506954591898,0.0004782413234142644,0.017493381472053638,0.05983579227568604,0.00032934244758923867,0.0002805437568447114,-4.8798690744527294e-5,0.00012526121357467443,-14.817006159312275,70.97571353421924,0.0005116492883653076,0.0005362166230899501,2.4567334724642505e-5,5.011435910590469e-5,4.801596578612244,28.811528674190974,3.2961599999997184
928.9999999999809,3.8992257214904784,3.903644263462321,0.004418541971842771,0.00827824680432259,0.11331844544136276,0.21228580352729162,0.7510425112224299,0.7511731095970258,0.818124732714468,0.8337559846622284,0.00013059837459583612,0.0004782413234142644,0.017388945718035113,0.05983579227568604,0.00031377214242429293,0.00026687629492934536,-4.689584749494757e-5,0.00012526121357467443,-14.945828884813322,70.97571353421924,0.0005094855024366114,0.0005298121422083091,2.032663977169773e-5,5.011435910590469e-5,3.9896404656237907,28.811528674190974,4.196879999982797
929.9999999999809,4.011474249350843,4.0079464036249695,-0.003527845725873391,0.00827824680432259,-0.08794387067159373,0.21228580352729162,0.7507930118521456,0.7509240860138476,0.8178928833650474,0.8335333591636077,0.00013107416170199393,0.0004782413234142644,0.017458095591306125,0.05983579227568604,0.00031661630516290664,0.00027045783662883906,-4.615846853406758e-5,0.00012526121357467443,-14.578677023698432,70.97571353421924,0.0005117754957899108,0.0005299500588684794,1.8174563078568614e-5,5.011435910590469e-5,3.5512765320107205,28.811528674190974,-0.09324449991806125
930.9999999999809,3.987690568388922,3.9862909848415113,-0.0013995835474105434,0.00827824680432259,-0.03509759655137919,0.21228580352729162,0.7513041637627301,0.7514343342151988,0.8183156900281304,0.8339470561605311,0.00013017045246865866,0.0004782413234142644,0.017325932524682224,0.05983579227568604,0.0002841471316386968,0.0002390997259463453,-4.50474056923515e-5,0.00012526121357467443,-15.853549332896621,70.97571353421924,0.000501138231554551,0.0005141285143722546,1.299028281770366e-5,5.011435910590469e-5,2.592155616905795,28.811528674190974,0.6696899999854284
931.9999999999808,3.9411808655074956,3.9439000699987066,0.0027192044912109914,0.00827824680432259,0.06899466388383692,0.21228580352729162,0.7522443482977077,0.7523726434475785,0.8190829023959719,0.8346932077368107,0.00012829514987078294,0.0004782413234142644,0.01705498355170213,0.05983579227568604,0.0002334351832233675,0.0001899602893560821,-4.347489386728542e-5,0.00012526121357467443,-18.623968018430848,70.97571353421924,0.00047873397712298014,0.00048365867851911853,4.92470139613839e-6,5.011435910590469e-5,1.0286926835095522,28.811528674190974,2.3945399999668604
932.9999999999808,3.942033594355193,3.9447318331246857,0.0026982387694927112,0.00827824680432259,0.06844788875864637,0.21228580352729162,0.7522120591756551,0.7523405402071861,0.8190201915045132,0.8346220307887885,0.00012848103153095813,0.0004782413234142644,0.017080426983816205,0.05983579227568604,0.00023076384155928944,0.00018762498242062223,-4.313885913866721e-5,0.00012526121357467443,-18.69394219093188,70.97571353421924,0.00046932624292189056,0.00047083067265675526,1.5044297348647089e-6,5.011435910590469e-5,0.3205509509757138,28.811528674190974,2.39454
933.9999999999808,4.015781930239845,4.013599004593084,-0.0021829256467604807,0.00827824680432259,-0.054358669984605076,0.21228580352729162,0.7518999874591248,0.7520292334689951,0.8187311523916087,0.834326614135208,0.00012924600987029855,0.0004782413234142644,0.01718925548955734,0.05983579227568604,0.00024100119615254504,0.00019770245360144743,-4.3298742551097614e-5,0.00012526121357467443,-17.966194044817552,70.97571353421924,0.00046796328546551305,0.0004694439535758846,1.480668110371544e-6,5.011435910590469e-5,0.3164068969424874,28.811528674190974,-0.09661499995213726
934.9999999999807,3.992627543488654,3.992212673413444,-0.00041487007520979446,0.00827824680432259,-0.010390903501289074,0.21228580352729162,0.7522838749057179,0.7524127858036117,0.8190526376334246,0.8346337592586673,0.00012891089789379695,0.0004782413234142644,0.017135937934327394,0.05983579227568604,0.00021770444658784699,0.0001748396404610931,-4.286480612675388e-5,0.00012526121357467443,-19.68944906665344,70.97571353421924,0.0004571199708975702,0.00045632786023759944,-7.92110659970772e-7,5.011435910590469e-5,-0.17328288204416806,28.811528674190974,0.6479099999856107
935.9999999999807,3.9945910508678604,3.994599277311871,8.226444010439593e-6,0.00827824680432259,0.0002059395794383589,0.21228580352729162,0.7528375142002781,0.7529657552278346,0.8195157500596488,0.8350810647512594,0.00012824102755648603,0.0004782413234142644,0.017034356702151525,0.05983579227568604,0.00018756365330054164,0.00014540856476882126,-4.2155088531720385e-5,0.00012526121357467443,-22.475083946127558,70.97571353421924,0.00044094435091975075,0.00043636143719015275,-4.5829137295979976e-6,5.011435910590469e-5,-1.0393406152133835,28.811528674190974,0.6393600000001652
936.9999999999806,3.947832084397028,3.950982657601794,0.003150573204766083,0.00827824680432259,0.07980514716464404,0.21228580352729162,0.7530021203880441,0.7531301859856504,0.8196381860781379,0.8351917906639682,0.0001280655976062528,0.0004782413234142644,0.01700733558894321,0.05983579227568604,0.00017735664113100564,0.00013565642380550466,-4.1700217325500976e-5,0.00012526121357467443,-23.51206983825254,70.97571353421924,0.00042971741614905335,0.000422966466909173,-6.750949239880358e-6,5.011435910590469e-5,-1.5710206256892085,28.811528674190974,2.3160149999674053
937.9999999999806,3.91044821406902,3.9164065384601474,0.005958324391127423,0.00827824680432259,0.1523693465544576,0.21228580352729162,0.752798898069509,0.7529275039912209,0.8194497116606675,0.8349923851439593,0.00012860592171193286,0.0004782413234142644,0.01708370217354624,0.05983579227568604,0.00018426726609121767,0.0001423869761785798,-4.188028991263787e-5,0.00012526121357467443,-22.72801393379652,70.97571353421924,0.0004261995435983933,0.0004199563357695817,-6.243207828811575e-6,5.011435910590469e-5,-1.4648555876198999,28.811528674190974,4.014989999966971
938.9999999999806,3.8633568150027893,3.8732274619981255,0.00987064699533624,0.00827824680432259,0.25549405524762836,0.21228580352729162,0.7520117766129245,0.7521422460176782,0.8187845568404248,0.8343193436798331,0.00013046940475369695,0.0004782413234142644,0.017349383189360898,0.05983579227568604,0.00021786454324973614,0.00017473868426749119,-4.312585898224496e-5,0.00012526121357467443,-19.794803844152913,70.97571353421924,0.0004357235121616836,0.00043422568143209277,-1.4978307295908464e-6,5.011435910590469e-5,-0.34375715052876177,28.811528674190974,6.646499999948841
939.9999999999804,3.9423887828469684,3.9436781928619205,0.001289410014952086,0.00827824680432259,0.03270631299891604,0.21228580352729162,0.7506530954134504,0.750786980717951,0.8177216906169475,0.8332616265309559,0.00013388530450064717,0.0004782413234142644,0.017835842590764886,0.05983579227568604,0.0002796443942257164,0.00023418817883627066,-4.545621538944576e-5,0.00012526121357467443,-16.255006832983586,70.97571353421924,0.00046018342634964794,0.00046818231126660904,7.998884916961106e-6,5.011435910590469e-5,1.738194915104036,28.811528674190974,2.394540000083144
940.9999999999804,4.033465661231724,4.0287366330787675,-0.004729028152956616,0.00827824680432259,-0.11724478525775978,0.21228580352729162,0.7501608637708219,0.7502952625757188,0.8173361239917676,0.8328867782190437,0.0001343988048968514,0.0004782413234142644,0.01791599793959805,0.05983579227568604,0.0002960703678374299,0.00025132685757024925,-4.474351026718064e-5,0.00012526121357467443,-15.112458093661363,70.97571353421924,0.00047481650279571113,0.0004883962806911099,1.3579777895398758e-5,5.011435910590469e-5,2.86000545799088,28.811528674190974,-0.6900299999396838
941.9999999999803,3.943274158989578,3.9454920299771077,0.002217870987529569,0.00827824680432259,0.056244402445958123,0.21228580352729162,0.7512601756353292,0.751392039537389,0.8182224067520338,0.8337641559078129,0.00013186390205977006,0.0004782413234142644,0.01755236153017891,0.05983579227568604,0.00023224855485840966,0.000190353737605367,-4.189481725304267e-5,0.00012526121357467443,-18.03878490377856,70.97571353421924,0.0004592539589763263,0.00046756749339209254,8.313534415766224e-6,5.011435910590469e-5,1.8102259661075173,28.811528674190974,2.3494949999402195
942.9999999999803,4.054167992981265,4.0499864107161425,-0.00418158226512233,0.00827824680432259,-0.10314279705137157,0.21228580352729162,0.7517044844055711,0.7518358217140451,0.8185722050060494,0.8341049199603332,0.00013133730847392222,0.0004782413234142644,0.017471933612020478,0.05983579227568604,0.0002042037253768805,0.00016331154462756242,-4.0892180749318074e-5,0.00012526121357467443,-20.025188411155106,70.97571353421924,0.000445882951674335,0.00044887444097943503,2.991489305100004e-6,5.011435910590469e-5,0.6709135870449101,28.811528674190974,-1.264229999928926
943.9999999999803,3.878727358998295,3.8876482540937927,0.008920895095497539,0.00827824680432259,0.22999541524365905,0.21228580352729162,0.7520884887817545,0.7522206177862139,0.8188904929045279,0.8344050571468337,0.00013212900445935816,0.0004782413234142644,0.017568279056282714,0.05983579227568604,0.00017979778404225846,0.0001383090279377123,-4.148875610454617e-5,0.00012526121357467443,-23.07523217015563,70.97571353421924,0.00043239999746804407,0.0004304209973231212,-1.979000144922854e-6,5.011435910590469e-5,-0.45767811205158704,28.811528674190974,5.677649999863468
944.9999999999802,3.849569265276404,3.861190001845039,0.011620736568634715,0.00827824680432259,0.30187108655129835,0.21228580352729162,0.7516266615306586,0.7517617044895267,0.8185495514156717,0.8340493160689322,0.00013504295886812567,0.0004782413234142644,0.01796676006584385,0.05983579227568604,0.00019864843670305867,0.00015468238803281617,-4.39660486702425e-5,0.00012526121357467443,-22.132592332434665,70.97571353421924,0.0004334958789977813,0.0004321133544394084,-1.3825245583728887e-6,5.011435910590469e-5,-0.3189244985602192,28.811528674190974,7.518149999963593
945.9999999999802,3.8562413811872482,3.8650303366297556,0.008788955442507351,0.00827824680432259,0.22791507516579354,0.21228580352729162,0.7495375245263588,0.7496771000899837,0.8169025242760138,0.8324210266867448,0.0001395755636248719,0.0004782413234142644,0.018621557835022503,0.05983579227568604,0.0003003689125156861,0.00025354910342071063,-4.681980909497545e-5,0.00012526121357467443,-15.587435032089214,70.97571353421924,0.00046794390525079003,0.00047855758410567594,1.0613678854885908e-5,5.011435910590469e-5,2.268151959196393,28.811528674190974,6.817950000013851
946.9999999999802,4.0481027429072345,4.040966870098978,-0.007135872808256671,0.00827824680432259,-0.176276968779006,0.21228580352729162,0.7481108688209446,0.7482521781188057,0.8158094065669353,0.8313636548422543,0.00014130929786115853,0.0004782413234142644,0.018888817653975293,0.05983579227568604,0.0003633932322120156,0.0003169196350603012,-4.6473597151714416e-5,0.00012526121357467443,-12.788789947689555,70.97571353421924,0.000501835531788319,0.000524147420125046,2.2311888336726997e-5,5.011435910590469e-5,4.44605591342194,28.811528674190974,-1.3057199998393014
947.9999999999801,4.12837028355204,4.115485137320004,-0.012885146232036071,0.00827824680432259,-0.31211217374013556,0.21228580352729162,0.748965395526086,0.7491040463539416,0.8165169194186089,0.8320743121255545,0.0001386508278555798,0.0004782413234142644,0.018512314278310432,0.05983579227568604,0.0003064701529735573,0.0002633769862402848,-4.3093166733272495e-5,0.00012526121357467443,-14.06113003669582,70.97571353421924,0.0004970502479388009,0.0005172527164986416,2.0202468559840756e-5,5.011435910590469e-5,4.064472081769925,28.811528674190974,-4.795199999930577
948.9999999999801,4.205767711745746,4.1866441588250805,-0.019123552920665254,0.00827824680432259,-0.4546982675067278,0.21228580352729162,0.7516571514562983,0.7517966404633736,0.8187170958590521,0.8342031368083006,0.00013948900707527745,0.0004782413234142644,0.01855753075787604,0.05983579227568604,0.00014255326809020215,9.751713121279811e-5,-4.5036136877404045e-5,0.00012526121357467443,-31.592496952722914,70.97571353421924,0.0004483916638514196,0.0004508189991678624,2.4273353164427935e-6,5.011435910590469e-5,0.5413426502164239,28.811528674190974,-9.456749999907256
949.99999999998,4.196878680953798,4.183004453567562,-0.013874227386236448,0.00827824680432259,-0.3305844281179779,0.21228580352729162,0.7548969298662996,0.7550598958616909,0.8212317063575615,0.8365073879550787,0.0001629659953912288,0.0004782413234142644,0.021587847154192537,0.05983579227568604,-9.864828957800252e-5,-0.00016845095559384247,6.980266601583995e-5,0.00012526121357467443,-70.75912447589478,70.97571353421924,0.0003750124295595944,0.00034937537171808575,-2.5637057841508667e-5,5.011435910590469e-5,-6.836322164472311,28.811528674190974,-8.163450000025877
950.99999999998,4.26658628875481,4.246158266651582,-0.020428022103227583,0.00827824680432259,-0.4787907877796476,0.21228580352729162,0.757669554077147,0.7578694270246495,0.8233645734407263,0.8383821636282058,0.00019987294750256623,0.0004782413234142644,0.026379962930675568,0.05983579227568604,-0.00029955939321393154,-0.00040433218239236004,0.00010477278917842849,0.00012526121357467443,-34.97563139460781,70.97571353421924,0.0002994082702207077,0.0002468365996367012,-5.257167058400652e-5,5.011435910590469e-5,-17.558523198191388,28.811528674190974,-12.936149999904503
951.99999999998,4.253488399577628,4.238556036713546,-0.014932362864081838,0.00827824680432259,-0.3510615631528377,0.21228580352729162,0.7604544748368011,0.7607203709450899,0.825406059682759,0.8400312404016098,0.00026589610828886556,0.0004782413234142644,0.03496542095382222,0.05983579227568604,-0.0005108126758690291,-0.0006761364123862035,0.00016532373651717439,0.00012526121357467443,-32.36484612209642,70.97571353421924,0.00022110340099576687,0.0001430855867208452,-7.801781427492166e-5,5.011435910590469e-5,-35.28566902343368,28.811528674190974,-11.027250000038196
952.9999999999799,4.231998282704692,4.223284515141111,-0.008713767563580888,0.00827824680432259,-0.20590196359937732,0.21228580352729162,0.7631917391681928,0.7635271821248271,0.8274035122283222,0.8415934888911201,0.0003354429566342354,0.0004782413234142644,0.04395264511115341,0.05983579227568604,-0.0007125293045089213,-0.0009382566159041862,0.00022572731139526494,0.00012526121357467443,-31.679723201116243,70.97571353421924,0.00014233482491208632,4.190319263961554e-5,-0.00010043163227247079,5.011435910590469e-5,-70.56012633205036,28.811528674190974,-8.62650000004831
953.9999999999799,4.202896057084306,4.198246971856172,-0.004649085228134453,0.00827824680432259,-0.11061623140305982,0.21228580352729162,0.764322554812668,0.764678052318128,0.8284127343947182,0.8424000979540825,0.0003554975054600451,0.0004782413234142644,0.04651145033227182,0.05983579227568604,-0.0007389493247364512,-0.00097501540407625,0.00023606607933979878,0.00012526121357467443,-31.946179722674835,70.97571353421924,9.081936115877792e-5,-1.6746753423415557e-5,-7.407260773536237e-5,5.011435910590469e-5,-81.56037081769658,28.811528674190974,-6.2154000000485174
954.9999999999798,4.163484037102083,4.162115061760895,-0.0013689753411876282,0.00827824680432259,-0.0328805233546777,0.21228580352729162,0.7645282253694388,0.7648749171956437,0.8287587564117825,0.8426962804966664,0.00034669182620494787,0.0004782413234142644,0.04534715850908159,0.05983579227568604,-0.0006893429603775697,-0.0009110269380128622,0.00022168397763529246,0.00012526121357467443,-32.158735256231644,70.97571353421924,6.302358879961549e-5,-4.1033179755661634e-5,-2.1990409043953858e-5,5.011435910590469e-5,-34.89234660037008,28.811528674190974,-3.7957500000489643
955.9999999999798,4.105437475258422,4.1070699449320776,0.001632469673655379,0.00827824680432259,0.03976359848356042,0.21228580352729162,0.7641072969996775,0.7644338013647904,0.8285601522849191,0.8425645147811244,0.0003265043651129451,0.0004782413234142644,0.0427301723717321,0.05983579227568604,-0.0006062925211477987,-0.0008036313202635911,0.00019733879911579245,0.00012526121357467443,-32.54844686888135,70.97571353421924,5.437636460501312e-5,-3.966263895976058e-5,-1.4713725645252545e-5,5.011435910590469e-5,-27.05904624579489,28.811528674190974,-1.3710150000490675
956.9999999999798,4.05497218351174,4.057652246850431,0.0026800633386905304,0.00827824680432259,0.06609326075251906,0.21228580352729162,0.763187198064151,0.763490581693024,0.8278731995907109,0.842013426724559,0.0003033836288729441,0.0004782413234142644,0.03975219050352082,0.05983579227568604,-0.0005039058080509423,-0.0006744424209807074,0.0001705366129297651,0.00012526121357467443,-33.84295441828381,70.97571353421924,6.18751909655951e-5,-1.8013321038149134e-5,-4.386186992744597e-5,5.011435910590469e-5,-70.88765180835529,28.811528674190974,0.12851999996965502
957.9999999999797,4.053331681358932,4.054305486292522,0.0009738049335901167,0.00827824680432259,0.024024802561028905,0.21228580352729162,0.762048306004637,0.762331429010153,0.8269361428671987,0.8412129964846605,0.0002831230055160283,0.0004782413234142644,0.03715289480799732,0.05983579227568604,-0.00040314506140033614,-0.0005507974247589423,0.00014765236335860619,0.00012526121357467443,-36.625120210013584,70.97571353421924,8.01375931893947e-5,1.624147681489792e-5,-6.389611637449678e-5,5.011435910590469e-5,-79.7330114762577,28.811528674190974,0.13676399999983224
958.9999999999797,4.051733825192446,4.051550220848417,-0.000183604344029753,0.00827824680432259,-0.004531500635312151,0.21228580352729162,0.761176531911308,0.7614452848165004,0.8262042631833624,0.8405767134693615,0.00026875290519245976,0.0004782413234142644,0.035307565843842224,0.05983579227568604,-0.0003306167028657485,-0.00046240690851887087,0.00013179020565312236,0.00012526121357467443,-39.86193211376789,70.97571353421924,9.941721559908641e-5,4.99332405777088e-5,-4.948397502137761e-5,5.011435910590469e-5,-49.7740504229454,28.811528674190974,0.136764
959.9999999999797,4.026167158856223,4.02667888783165,0.0005117289754270615,0.00827824680432259,0.01271007772991811,0.21228580352729162,0.7606649403528382,0.7609237988717213,0.8257767590407993,0.8402164859115976,0.0002588585188831871,0.0004782413234142644,0.034030557365127716,0.05983579227568604,-0.0002858944147007163,-0.0004065467585318273,0.000120652343831111,0.00012526121357467443,-42.201714208867585,70.97571353421924,0.00011466593599076752,7.615817416147518e-5,-3.8507761829292334e-5,5.011435910590469e-5,-33.582564426450794,28.811528674190974,0.8461799999855635
960.9999999999795,3.933106676005386,3.939679715225519,0.006573039220133303,0.00827824680432259,0.16712079690676312,0.21228580352729162,0.7601551843267861,0.7604065728625256,0.8253415241068923,0.8398357817249009,0.00025138853573947184,0.0004782413234142644,0.033070686212856436,0.05983579227568604,-0.0002459013697105404,-0.00035781194186400024,0.00011191057215345981,0.00012526121357467443,-45.510349244981384,70.97571353421924,0.00012938819670331176,9.960052447356001e-5,-2.9787672229751754e-5,5.011435910590469e-5,-23.021939395333828,28.811528674190974,4.596299999923259
961.9999999999795,3.8671205258484105,3.879272266555211,0.012151740706800584,0.00827824680432259,0.31423227245120855,0.21228580352729162,0.7588449040111771,0.7590924998995227,0.8242550842371308,0.838790947636229,0.00024759588834555313,0.0004782413234142644,0.03262799645049817,0.05983579227568604,-0.00016784532230672093,-0.0002748906650924514,0.00010704534278573047,0.00012526121357467443,-63.77618471256265,70.97571353421924,0.0001575911575886443,0.00013939884272867623,-1.8192314859968086e-5,5.011435910590469e-5,-11.543994687477939,28.811528674190974,8.631449999917425
962.9999999999794,3.8111970259197134,3.827901454758976,0.016704428839262597,0.00827824680432259,0.438298747759741,0.21228580352729162,0.7563703028653965,0.7566186120634072,0.822345188557035,0.8369487049996907,0.00024830919801066553,0.0004782413234142644,0.032829051731669404,0.05983579227568604,-2.6093555347174597e-5,-0.00013196730601292673,0.00010587375066575213,0.00012526121357467443,-405.74674189508676,70.97571353421924,0.0002100571820021663,0.0002112709118254761,1.2137298233097949e-6,5.011435910590469e-5,0.5778092478158056,28.811528674190974,12.673349999916828
963.9999999999794,3.7588601456825,3.7795684831494105,0.020708337466910365,0.00827824680432259,0.5509206691474372,0.21228580352729162,0.7530825021481364,0.7533297682588824,0.8200392612957818,0.834840290804687,0.0002472661107459917,0.0004782413234142644,0.03283386747676057,0.05983579227568604,0.0001721022433478321,7.248122103931179e-5,-9.962102230852032e-5,0.00012526121357467443,-57.88479009374586,70.97571353421924,0.00028569314495915276,0.00031552530302928985,2.9832158070137093e-5,5.011435910590469e-5,10.442027957794497,28.811528674190974,16.726049999916608
964.9999999999794,3.7706507795176405,3.7852226800591815,0.014571900541541005,0.00827824680432259,0.3864558505575823,0.21228580352729162,0.7491414142256319,0.749372821524679,0.8175196475686992,0.8327571694666626,0.0002314072990471372,0.0004782413234142644,0.030889668446155382,0.05983579227568604,0.0004235516857886426,0.00034979507865387174,-7.375660713477086e-5,0.00012526121357467443,-17.413838643432126,70.97571353421924,0.0003832397406142172,0.0004513374537943419,6.809771318012469e-5,5.011435910590469e-5,17.76895920840169,28.811528674190974,14.51880000004542
965.9999999999793,3.833013380148388,3.8360309417063654,0.0030175615579772774,0.00827824680432259,0.07872556807668796,0.21228580352729162,0.7460053042643164,0.7462117269788018,0.8154801594740853,0.8311919584776373,0.00020642271448534366,0.0004782413234142644,0.02767040841471098,0.05983579227568604,0.0005983654475768864,0.0005584990866117835,-3.9866360965102915e-5,0.00012526121357467443,-6.6625439564640505,70.97571353421924,0.00047600021646402945,0.0005745095391687566,9.850932270472713e-5,5.011435910590469e-5,20.695226451051692,28.811528674190974,8.537850000123752
966.9999999999793,3.7927846755733703,3.801589716532084,0.008805040958713928,0.00827824680432259,0.232152408108505,0.21228580352729162,0.745299822319835,0.7454933515472116,0.814774348710063,0.830677366276227,0.00019352922737658762,0.0004782413234142644,0.0259666273331724,0.05983579227568604,0.0005812099789899454,0.0005555751590684223,-2.563481992152311e-5,0.00012526121357467443,-4.410595283665386,70.97571353421924,0.0005255716396037584,0.0006272996351780124,0.00010172799557425403,5.011435910590469e-5,19.3556858682385,28.811528674190974,11.138849999946183
967.9999999999793,3.8065104868048723,3.814156663396911,0.007646176592038589,0.00827824680432259,0.20087102396128365,0.21228580352729162,0.7448502042179063,0.7450388611975128,0.8142254505890612,0.8302658004890128,0.0001886569796065718,0.0004782413234142644,0.025328177201033582,0.05983579227568604,0.0005538470472329039,0.000535068252903042,-1.877879432986187e-5,0.00012526121357467443,-3.390610173636081,70.97571353421924,0.0005578677295561646,0.0006515049223196957,9.363719276353109e-5,5.011435910590469e-5,16.784837660000182,28.811528674190974,9.736650000029012
968.9999999999792,3.8155354787826865,3.8218170904202173,0.006281611637530826,0.00827824680432259,0.1646325049907522,0.21228580352729162,0.7437728962644063,0.7439572989794875,0.813348989279745,0.8295692300333873,0.00018440271508113337,0.0004782413234142644,0.024792879117711143,0.05983579227568604,0.0005800768981919996,0.0005689063887300923,-1.1170509461907356e-5,0.00012526121357467443,-1.925694592686577,70.97571353421924,0.0005935906794365115,0.0006810995387424512,8.75088593059397e-5,5.011435910590469e-5,14.742289988281287,28.811528674190974,8.729100000020964
969.9999999999792,3.796368385175512,3.805604111728152,0.009235726552639711,0.00827824680432259,0.2432779334245965,0.21228580352729162,0.7432609927387115,0.743443896467501,0.8128501480649959,0.8291546089293905,0.00018290372878948524,0.0004782413234142644,0.024608277654331826,0.05983579227568604,0.0005745885383468539,0.0005650712844516336,-9.517253895220288e-6,0.00012526121357467443,-1.6563598575429883,70.97571353421924,0.000617674877879967,0.0006976585920220435,7.998371414207647e-5,5.011435910590469e-5,12.94916095933883,28.811528674190974,9.902699999975583
970.9999999999791,3.7368057723420476,3.754587512812958,0.017781740470910634,0.00827824680432259,0.47585401956189727,0.21228580352729162,0.7425124372926885,0.7426931133938544,0.8122229736647705,0.8286335774619733,0.00018067610116589972,0.0004782413234142644,0.024333074045826335,0.05983579227568604,0.0005873879211284724,0.000581213426040713,-6.174495087759376e-6,0.00012526121357467443,-1.0511784232636445,70.97571353421924,0.0006416887409208015,0.0007167579027502447,7.506916182944327e-5,5.011435910590469e-5,11.698687703593114,28.811528674190974,14.577299999902214
971.9999999999791,3.6918250102549925,3.715115903048487,0.0232908927934945,0.00827824680432259,0.6308774854928948,0.21228580352729162,0.7404723891978418,0.7406408009270159,0.810886922536813,0.8275788589810883,0.00016841172917414493,0.0004782413234142644,0.022743822947481725,0.05983579227568604,0.0006925582786546879,0.0007018643010283558,9.306022373667963e-6,0.00012526121357467443,1.3437168626075988,70.97571353421924,0.0006888614928126989,0.0007705948303976138,8.173333758491495e-5,5.011435910590469e-5,11.864988598969083,28.811528674190974,18.252449999923122
972.9999999999791,3.729827447651089,3.743840343575102,0.014012895924013336,0.00827824680432259,0.37569823592880025,0.21228580352729162,0.7371770319146241,0.7373069179041033,0.8089594462323461,0.8261760799124723,0.00012988598947916152,0.0004782413234142644,0.017619375517142294,0.05983579227568604,0.0008959106859089264,0.0009449645901624985,4.905390425357205e-5,0.00012526121357467443,5.475311883773938,70.97571353421924,0.0007671269587175757,0.0008718833148789118,0.00010475635616133611,5.011435910590469e-5,13.655673936483707,28.811528674190974,13.777650000093605
973.999999999979,3.7891006863967798,3.793032184217976,0.003931497821196395,0.00827824680432259,0.10375807207527724,0.21228580352729162,0.735052284338375,0.7351436845028997,0.8076335695122364,0.825242300492152,9.140016452469091e-5,0.0004782413234142644,0.01243451200304217,0.05983579227568604,0.000998245446812775,0.001078693707304292,8.044826049151714e-5,0.00012526121357467443,8.058965933516102,70.97571353421924,0.0008335185594699112,0.0009549985544103309,0.00012147999494041973,5.011435910590469e-5,14.574359929990855,28.811528674190974,8.490150000111207
974.999999999979,3.829827473787127,3.8303434343267844,0.0005159605396571898,0.00827824680432259,0.01347216142733923,0.21228580352729162,0.7353201342199575,0.7354048666264072,0.8075544389622636,0.8251850392168945,8.473240644979452e-5,0.0004782413234142644,0.011523199557112682,0.05983579227568604,0.0009176333325409133,0.0009953916087408585,7.775827619994522e-5,0.00012526121357467443,8.473785055805862,70.97571353421924,0.0008520099601120762,0.0009666401452463615,0.0001146301851342853,5.011435910590469e-5,13.454089799514367,28.811528674190974,5.707800000058518
975.9999999999789,3.8665562319931137,3.8656945701869883,-0.0008616618061254577,0.00827824680432259,-0.022284993529792595,0.21228580352729162,0.7365382052652193,0.736633542057628,0.808133006537094,0.825631969710681,9.533679240869564e-5,0.0004782413234142644,0.012943903211967926,0.05983579227568604,0.0007962090502868363,0.0008588934022647658,6.268435197792947e-5,0.00012526121357467443,7.872850974922637,70.97571353421924,0.0008375383734894328,0.0009331047598902667,9.556638640083391e-5,5.011435910590469e-5,11.410388995393255,28.811528674190974,3.78544500004065
976.9999999999789,3.8901223546425094,3.8893652304140214,-0.0007571242284880597,0.00827824680432259,-0.019462735602249127,0.21228580352729162,0.7378040310452953,0.7379118778196155,0.8088752248175594,0.8262158558223539,0.00010784677432018608,0.0004782413234142644,0.014617265531525014,0.05983579227568604,0.0006949944147505478,0.0007429814727277743,4.798705797722652e-5,0.00012526121357467443,6.904668146786527,70.97571353421924,0.00080862756199218,0.0008827858175510096,7.415825555882958e-5,5.011435910590469e-5,9.170879035600661,28.811528674190974,2.807820000020673
977.9999999999789,3.8929906192944057,3.893871562598449,0.0008809433040433134,0.00827824680432259,0.022628960359606057,0.21228580352729162,0.7389442047780348,0.739062166367797,0.8096118404159086,0.8268016664505751,0.0001179615897621833,0.0004782413234142644,0.015963531346404804,0.05983579227568604,0.0006138625511146233,0.0006499870007325071,3.612444961788384e-5,0.00012526121357467443,5.884778205200941,70.97571353421924,0.0007740528444288751,0.0008285517175284566,5.4498873099581503e-5,5.011435910590469e-5,7.040717373733416,28.811528674190974,2.80782
978.9999999999787,4.0666272800274,4.055770408267597,-0.010856871759802544,0.00827824680432259,-0.2669748421037837,0.21228580352729162,0.739746493597331,0.7398719882549977,0.8101332260710968,0.8272036657086815,0.00012549465766664714,0.0004782413234142644,0.01696454917364679,0.05983579227568604,0.0005562254063451942,0.0005834922785986462,2.726687225345205e-5,0.00012526121357467443,4.902126357840295,70.97571353421924,0.000741858786174833,0.0007809169421838018,3.905815600896878e-5,5.011435910590469e-5,5.264904418044325,28.811528674190974,-3.425399999867485
979.9999999999787,3.9547599251773056,3.9543777071618886,-0.00038221801541693523,0.00827824680432259,-0.009664758990390526,0.21228580352729162,0.7415848277542215,0.7417160006037495,0.8115945579272733,0.8285311543305457,0.00013117284952801622,0.0004782413234142644,0.017688178697675562,0.05983579227568604,0.00044456109522220816,0.00046428459788703006,1.9723502664821904e-5,0.00012526121357467443,4.436623644487686,70.97571353421924,0.000689887908825365,0.000710443340706927,2.055543188156199e-5,5.011435910590469e-5,2.979532126684263,28.811528674190974,0.7892549999103988
980.9999999999787,3.9870930573263577,3.9861835911919408,-0.000909466134416892,0.00827824680432259,-0.022810256027150682,0.21228580352729162,0.7430956596350637,0.7432317691692067,0.812793795211436,0.8296051532661303,0.00013610953414300297,0.0004782413234142644,0.018316556203523883,0.05983579227568604,0.0003593583683942965,0.00037266222352854664,1.3303855134250131e-5,0.00012526121357467443,3.702113629270719,70.97571353421924,0.0006376704313727342,0.0006422760876521096,4.605656279375436e-6,5.011435910590469e-5,0.7222627948203099,28.811528674190974,-0.07487549998162907
981.9999999999786,4.010645534830001,4.00845772552168,-0.002187809308320965,0.00827824680432259,-0.05455005408284479,0.21228580352729162,0.7433991834761305,0.7435394901975905,0.812982753168862,0.8297052880666895,0.0001403067214599263,0.0004782413234142644,0.01887367172019921,0.05983579227568604,0.0003463821141467376,0.0003544035063758656,8.021392229128012e-6,0.00012526121357467443,2.315763979005543,70.97571353421924,0.0006068102224616565,0.0006044128179612094,-2.3974045004470377e-6,5.011435910590469e-5,-0.3950830773287651,28.811528674190974,-0.7243199999861193
982.9999999999786,3.9938458488205386,3.9933980309872865,-0.00044781783325209545,0.00827824680432259,-0.011212696989402955,0.21228580352729162,0.7441465384383287,0.7442901671799299,0.8135875162670312,0.8302184324350058,0.00014362874160123162,0.0004782413234142644,0.01930113683020712,0.05983579227568604,0.0003077707840475366,0.00031079092462816,3.0201405806233768e-6,0.00012526121357467443,0.9812954111189782,70.97571353421924,0.0005741852481398364,0.0005660737666775251,-8.111481462311308e-6,5.011435910590469e-5,-1.4126941590000317,28.811528674190974,-0.08221950001372369
983.9999999999785,4.03573029028424,4.03295609141502,-0.002774198869220257,0.00827824680432259,-0.0687409383104456,0.21228580352729162,0.7447198060875281,0.7448662734058116,0.8140422753778892,0.8305945446398817,0.00014646731828349413,0.0004782413234142644,0.01966743963115164,0.05983579227568604,0.0002772843855473959,0.00027627545349273363,-1.0089320546622792e-6,0.00012526121357467443,-0.36386183544757283,70.97571353421924,0.0005456954873663017,0.0005339360360125112,-1.1759451353790572e-5,5.011435910590469e-5,-2.1549475167085195,28.811528674190974,-1.3414499999729432
984.9999999999785,4.000137687882564,4.000183137545252,4.544966268849038e-5,0.00827824680432259,0.0011362024568846462,0.21228580352729162,0.7453398163404794,0.7454893378127694,0.8145523792019209,0.83102540825359,0.0001495214722899707,0.0004782413234142644,0.020060845940594114,0.05983579227568604,0.00024375537161767477,0.00023847132405193597,-5.284047565738795e-6,0.00012526121357467443,-2.167766613991471,70.97571353421924,0.000518265411017766,0.0005033564753927557,-1.4908935625010302e-5,5.011435910590469e-5,-2.876698947694047,28.811528674190974,-0.08939700002690264
985.9999999999785,4.040734452298279,4.038469623240337,-0.0022648290579425634,0.00827824680432259,-0.056049935591644215,0.21228580352729162,0.7458403208118107,0.7459924500934603,0.8149601901018111,0.8313626187339361,0.00015212928164953787,0.0004782413234142644,0.02039703102722478,0.05983579227568604,0.00021714378200474358,0.00020833592134488575,-8.807860659857834e-6,0.00012526121357467443,-4.056234343226748,70.97571353421924,0.0004939702782799084,0.0004768633677816327,-1.71069104982757e-5,5.011435910590469e-5,-3.463145709463529,28.811528674190974,-1.3097699999737782
986.9999999999784,4.133857616014799,4.123292600536512,-0.01056501547828681,0.00827824680432259,-0.25557279567049773,0.21228580352729162,0.7462685924817928,0.7464230678161233,0.8153105412582783,0.831646927634865,0.0001544753343305505,0.0004782413234142644,0.02069969658200768,0.05983579227568604,0.00019461477283087383,0.0001826097419734742,-1.2005030857399634e-5,0.00012526121357467443,-6.16861232206271,70.97571353421924,0.0004724826017088977,0.0004538982519034574,-1.8584349805440294e-5,5.011435910590469e-5,-3.9333405586202597,28.811528674190974,-5.392799999911805
987.9999999999784,4.200084586930984,4.18276569717022,-0.017318889760764122,0.00827824680432259,-0.41234621356564377,0.21228580352729162,0.7478290216094294,0.7479936656334784,0.8166464611082356,0.8328271795927733,0.0001646440240489211,0.0004782413234142644,0.0220162656558293,0.05983579227568604,9.406790240293229e-5,6.939282050252945e-5,-2.4675081900402845e-5,0.00012526121357467443,-26.231138645687153,70.97571353421924,0.00043249462689990195,0.0004060489891901733,-2.644563770972866e-5,5.011435910590469e-5,-6.114674279144126,28.811528674190974,-9.456749999912216
988.9999999999783,4.05145299931742,4.05313182470959,0.0016788253921697915,0.00827824680432259,0.04143761244305774,0.21228580352729162,0.7506636200703828,0.7508598937709355,0.8189218089240605,0.8347789751583511,0.0001962737005527515,0.0004782413234142644,0.026146691448074803,0.05983579227568604,-0.00011854575431055194,-0.00017765238656958004,5.9106632259028105e-5,0.00012526121357467443,-49.859763095511326,70.97571353421924,0.0003652103457742169,0.0003200338626331031,-4.517648314111383e-5,5.011435910590469e-5,-12.369989969846905,28.811528674190974,-1.1478150001804217
989.9999999999783,3.9586559683421125,3.9662228299959628,0.007566861653850232,0.00827824680432259,0.19114724073936737,0.21228580352729162,0.7515418208757932,0.7517546224906995,0.8195827026097601,0.8352993854264225,0.00021280161490622174,0.0004782413234142644,0.028315339079632046,0.05983579227568604,-0.0001726385367498901,-0.0002443811912554344,7.174265450554429e-5,0.00012526121357467443,-41.55657007767702,70.97571353421924,0.00032310899063694564,0.0002685648622592949,-5.454412837765075e-5,5.011435910590469e-5,-16.88103084662787,28.811528674190974,2.0146949999313284
990.9999999999783,3.907685441617496,3.9168042546937936,0.00911881307629736,0.00827824680432259,0.23335586276163617,0.21228580352729162,0.7499362774016379,0.7501375624198312,0.8182554833421811,0.8340535320469673,0.0002012850181932757,0.0004782413234142644,0.026840282869190355,0.05983579227568604,-3.804510167203434e-5,-9.378654025281784e-5,5.5741438580783494e-5,0.00012526121357467443,-146.5141007147239,70.97571353421924,0.00033043374723562194,0.0002860234436058192,-4.441030362980277e-5,5.011435910590469e-5,-13.440002421464287,28.811528674190974,4.277069999950874
991.9999999999782,3.852253898159589,3.8649841430754064,0.012730244915817313,0.00827824680432259,0.33046225021406755,0.21228580352729162,0.7482513932375772,0.7484460964094732,0.816829395700001,0.8326280312234876,0.00019470317189607123,0.0004782413234142644,0.02602109045913277,0.05983579227568604,6.519593718410108e-5,1.4763617749187367e-5,-5.043231943491371e-5,0.00012526121357467443,-77.35500341455682,70.97571353421924,0.00035553924929842905,0.000327553689889769,-2.798555940866003e-5,5.011435910590469e-5,-7.871299572095847,28.811528674190974,7.446149999930825
992.9999999999782,3.869074850665915,3.8777625285468944,0.00868767788097946,0.00827824680432259,0.22454147868150456,0.21228580352729162,0.746216337102261,0.7464095282324914,0.8152228775161464,0.8309997007079267,0.000193191130230419,0.0004782413234142644,0.02588942651411614,0.05983579227568604,0.00017398206088735455,0.00012354895305803344,-5.043310782932111e-5,0.00012526121357467443,-28.9875332963059,70.97571353421924,0.0003960615650919146,0.00038869092663730613,-7.370638454608442e-6,5.011435910590469e-5,-1.860983014824457,28.811528674190974,6.081300000029792
993.9999999999782,3.9887855594090134,3.986400066709832,-0.002385492699181313,0.00827824680432259,-0.0598049873489502,0.21228580352729162,0.7445883009684995,0.7447798587959444,0.813946910989752,0.8297265192453186,0.00019155782744495475,0.0004782413234142644,0.025726677036933297,0.05983579227568604,0.00025333116425551574,0.0002044602545699954,-4.887090968552034e-5,0.00012526121357467443,-19.291313735181824,70.97571353421924,0.0004367271731831188,0.000447070143894782,1.0342970711663168e-5,5.011435910590469e-5,2.36829108577734,28.811528674190974,0.578745000120109
994.9999999999781,3.942437608060371,3.943633736237135,0.0011961281767640664,0.00827824680432259,0.03033981246319701,0.21228580352729162,0.744892208930698,0.7450796638845646,0.8141548607251151,0.8299591009647691,0.00018745495386662814,0.0004782413234142644,0.02516537985216976,0.05983579227568604,0.00023124531912572903,0.00018804307746550668,-4.320224166022235e-5,0.00012526121357467443,-18.682428610255723,70.97571353421924,0.0004451098268813045,0.00045889002856367236,1.3780201682367875e-5,5.011435910590469e-5,3.0959104585310766,28.811528674190974,2.152169999965477
995.9999999999781,3.906764683751344,3.9117394287161926,0.004974744964848732,0.00827824680432259,0.12733669333961253,0.21228580352729162,0.7455826072868639,0.7457666950842718,0.8146488099618423,0.8304707263554937,0.00018408779740797243,0.0004782413234142644,0.02469046294921743,0.05983579227568604,0.000191783282539319,0.0001533636058453217,-3.841967669399732e-5,0.00012526121357467443,-20.032860104019022,70.97571353421924,0.00043737113876478497,0.00044680967842393297,9.438539659148003e-6,5.011435910590469e-5,2.1580161155132784,28.811528674190974,3.7471049999650043
996.999999999978,4.009991894488222,4.007654714659448,-0.0023371798287739054,0.00827824680432259,-0.05828390406440435,0.21228580352729162,0.7451410582441403,0.7453242158669583,0.8142251875229379,0.8300492410164008,0.00018315762281795323,0.0004782413234142644,0.024580261789566144,0.05983579227568604,0.00020756039679332392,0.00017061158384862752,-3.6948812944696395e-5,0.00012526121357467443,-17.8014753852527,70.97571353421924,0.00044299311364863746,0.00045146473602465306,8.4716223760156e-6,5.011435910590469e-5,1.9123598347253128,28.811528674190974,-0.10546199991503069
997.999999999978,3.9430357904355784,3.945279130340518,0.002243339904939745,0.00827824680432259,0.056893724129547615,0.21228580352729162,0.7453610766481122,0.7455435221194565,0.8143988819524712,0.8302142015509413,0.00018244547134427247,0.0004782413234142644,0.02447746160353979,0.05983579227568604,0.0001926730447115997,0.0001567501772093197,-3.592286750228e-5,0.00012526121357467443,-18.64446973163823,70.97571353421924,0.000439315674594489,0.00044463370880086175,5.318034206372739e-6,5.011435910590469e-5,1.2105268520822887,28.811528674190974,2.1414599999504436
998.999999999978,3.9439671442296267,3.946603297329913,0.0026361531002865313,0.00827824680432259,0.0668401384667582,0.21228580352729162,0.7457464686469715,0.7459279839494697,0.8146938679342942,0.8305022191139783,0.00018151530249821413,0.0004782413234142644,0.024340082069385108,0.05983579227568604,0.00017096360912792594,0.00013648831687441404,-3.44752922535119e-5,0.00012526121357467443,-20.16528103809231,70.97571353421924,0.0004299959698501693,0.0004311073731969147,1.1114033467453637e-6,5.011435910590469e-5,0.2584683170711178,28.811528674190974,2.14146
999.9999999999778,3.827250129726223,3.840932313395159,0.013682183668936254,0.00827824680432259,0.35749384558555075,0.21228580352729162,0.7454463598728797,0.7456275815731802,0.8143962881193525,0.8301993218859091,0.00018122170030054896,0.0004782413234142644,0.024310495034337888,0.05983579227568604,0.00018213861242249635,0.00014839112465964217,-3.374748776285418e-5,0.00012526121357467443,-18.528464291015954,70.97571353421924,0.0004305157328197033,0.00043096932496023424,4.5359214053092116e-7,5.011435910590469e-5,0.10536017756193872,28.811528674190974,8.57654999985734
1000.9999999999778,3.857295992694945,3.866043079430578,0.008747086735632958,0.00827824680432259,0.22676731970267347,0.21228580352729162,0.7439187061316345,0.7441013941283018,0.8132382502075176,0.8290430293570038,0.00018268799666731894,0.0004782413234142644,0.024557521562711283,0.05983579227568604,0.00025695042192413315,0.00022141791463767504,-3.5532507286458104e-5,0.00012526121357467443,-13.828545997464595,70.97571353421924,0.00045562024940580954,0.0004644552656785387,8.835016272729155e-6,5.011435910590469e-5,1.9391184400278987,28.811528674190974,6.362550000049082
1001.9999999999778,3.837511136836112,3.84684049942381,0.009329362587698231,0.00827824680432259,0.24310972020761223,0.21228580352729162,0.7421381456036518,0.7423216962282349,0.8118739229372244,0.8276917239452812,0.00018355062458308424,0.0004782413234142644,0.02473267621000468,0.05983579227568604,0.00033797087795104703,0.00030143224120057625,-3.6538636750470786e-5,0.00012526121357467443,-10.811179049504727,70.97571353421924,0.000493281555096173,0.0005145266084447372,2.1245053348564204e-5,5.011435910590469e-5,4.30688176540924,28.811528674190974,7.358849999977913
1002.9999999999777,3.890320970587353,3.8935018758529414,0.0031809052655882297,0.00827824680432259,0.08176459705092104,0.21228580352729162,0.7412221267734397,0.7414035251153326,0.8111292350381807,0.82698149172862,0.00018139834189290216,0.0004782413234142644,0.024472871942252204,0.05983579227568604,0.0003686031062432327,0.00033502232169267747,-3.358078455055523e-5,0.00012526121357467443,-9.110282572712789,70.97571353421924,0.0005210991005910286,0.0005500972511317335,2.8998150540704925e-5,5.011435910590469e-5,5.564805333153585,28.811528674190974,4.0692600000733
1003.9999999999777,3.871225462223743,3.876312211536748,0.005086749313004901,0.00827824680432259,0.1313989423411915,0.21228580352729162,0.7408959460629173,0.7410749333178651,0.8108280709960489,0.8267119379189827,0.00017898725494780443,0.0004782413234142644,0.024158217614623678,0.05983579227568604,0.00036991950646779253,0.00033961504816962615,-3.0304458298166385e-5,0.00012526121357467443,-8.192176343316158,70.97571353421924,0.0005366429799653901,0.0005678828738950068,3.123989392961671e-5,5.011435910590469e-5,5.821355183222833,28.811528674190974,4.977449999979764
1004.9999999999776,3.853953433258371,3.8613140360340252,0.00736060277565409,0.00827824680432259,0.19098836825931703,0.21228580352729162,0.7409393805103627,0.741116935100963,0.8107878068663137,0.8266864957169664,0.0001775545906003151,0.0004782413234142644,0.023963443605604363,0.05983579227568604,0.0003527780318543053,0.00032463612430323426,-2.814190755107105e-5,0.00012526121357467443,-7.977227891189507,70.97571353421924,0.0005415049152772596,0.0005703574213175146,2.8852506040254948e-5,5.011435910590469e-5,5.32820759816778,28.811528674190974,5.928749999978694
1005.9999999999776,3.9009643604063897,3.903483835301576,0.0025194748951862245,0.00827824680432259,0.0645859500988559,0.21228580352729162,0.7403489241679742,0.7405257911686307,0.8102903128249533,0.8262102623307108,0.00017686700065655536,0.0004782413234142644,0.023889681592409104,0.05983579227568604,0.0003692719618141333,0.00034229646831029285,-2.6975493503840432e-5,0.00012526121357467443,-7.305047849102089,70.97571353421924,0.0005537069854416641,0.0005822999586836238,2.8592973241959706e-5,5.011435910590469e-5,5.163917738757176,28.811528674190974,3.3407550000579618
1006.9999999999776,3.9433942826344244,3.942863017414957,-0.0005312652194673362,0.00827824680432259,-0.013472282541131522,0.21228580352729162,0.7402267506935408,0.7404029496454746,0.8101616058523902,0.8260891829916301,0.00017619895193377033,0.0004782413234142644,0.023803375353387893,0.05983579227568604,0.0003639080421631432,0.00033794418428159613,-2.5963857881547046e-5,0.00012526121357467443,-7.134730446519569,70.97571353421924,0.0005585359867678436,0.0005851278186962573,2.6591831928413708e-5,5.011435910590469e-5,4.760988111490593,28.811528674190974,1.5735150000395797
1007.9999999999775,4.032741767491412,4.027460223935538,-0.00528154355587418,0.00827824680432259,-0.13096656965366743,0.21228580352729162,0.7409132085333339,0.7410886011133478,0.8106725518143096,0.8265899323515217,0.00017539258001397773,0.0004782413234142644,0.02367248660084952,0.05983579227568604,0.0003217001980540951,0.00029693618960548103,-2.4764008448614077e-5,0.00012526121357467443,-7.6978530316135885,70.97571353421924,0.0005463195461446069,0.0005663158115348516,1.999626539024471e-5,5.011435910590469e-5,3.660177552013092,28.811528674190974,-1.3016699999352797
1008.9999999999775,4.09271933672846,4.083938388708288,-0.008780948020172374,0.00827824680432259,-0.21455045649896626,0.21228580352729162,0.7421549851822159,0.7423302422735529,0.8117078652116516,0.8275938842130584,0.00017525709133703327,0.0004782413234142644,0.023614621586622322,0.05983579227568604,0.0002542849489991239,0.00022954334994160225,-2.4741599057521632e-5,0.00012526121357467443,-9.729871608565741,70.97571353421924,0.000518276925575764,0.0005275107011863023,9.233775610538344e-6,5.011435910590469e-5,1.7816296954143507,28.811528674190974,-3.6211499999477885
1009.9999999999774,4.021789900444045,4.02049981489526,-0.0012900855487849583,0.00827824680432259,-0.03207739789297597,0.21228580352729162,0.743950404829816,0.7441287038613655,0.8132474788893328,0.8290596335613741,0.00017829903154953364,0.0004782413234142644,0.023966521207864765,0.05983579227568604,0.00015096213245960755,0.00012234225945419663,-2.8619873005410927e-5,0.00012526121357467443,-18.958312617284108,70.97571353421924,0.00047431851806833703,0.000468704928718049,-5.6135893502880425e-6,5.011435910590469e-5,-1.1835062592852994,28.811528674190974,-0.6733350000666903
1010.9999999999774,4.042643246689678,4.040769520010178,-0.0018737266794994767,0.00827824680432259,-0.04634904851012465,0.21228580352729162,0.7449006431699202,0.7450822028587222,0.8140468624778622,0.8298061065829709,0.00018155968880195772,0.0004782413234142644,0.024373678619652086,0.05983579227568604,9.969261710184599e-5,6.808342398779762e-5,-3.160919311404837e-5,0.00012526121357467443,-31.7066539458548,70.97571353421924,0.00043916601290087937,0.0004229354056613377,-1.623060723954169e-5,5.011435910590469e-5,-3.6957794462125118,28.811528674190974,-1.2252599999875136
1011.9999999999774,4.009919743874636,4.010102104184639,0.00018236031000373742,0.00827824680432259,0.004547729671704837,0.21228580352729162,0.7451254921780294,0.7453082632809295,0.8142324645995217,0.8299692324759619,0.00018277110290010334,0.0004782413234142644,0.02452890215389849,0.05983579227568604,9.73289428045675e-5,6.50729586893195e-5,-3.2255984115248e-5,0.00012526121357467443,-33.141204646614405,70.97571353421924,0.0004182057576643574,0.000397778984168597,-2.0426773495760427e-5,5.011435910590469e-5,-4.884383612947409,28.811528674190974,-0.10489950002534669
1012.9999999999773,4.0294477389868115,4.028418430626219,-0.0010293083605921183,0.00827824680432259,-0.025544650961298574,0.21228580352729162,0.7453464051572498,0.745529784574286,0.8144128660868419,0.8301249879438808,0.0001833794170361669,0.0004782413234142644,0.024603246995935846,0.05983579227568604,9.075174898981105e-5,5.788018555843857e-5,-3.287156343137248e-5,0.00012526121357467443,-36.2214103830253,70.97571353421924,0.0004018384237037518,0.0003800224693513706,-2.18159543523812e-5,5.011435910590469e-5,-5.429036415010582,28.811528674190974,-0.6487649999876339
1013.9999999999773,4.047133230128796,4.044865843154072,-0.0022673869747240616,0.00827824680432259,-0.05602452021704026,0.21228580352729162,0.7454896310080709,0.7456731546770425,0.8145225406201524,0.8302154688842153,0.0001835236689716746,0.0004782413234142644,0.024617870100152706,0.05983579227568604,8.693373960280724e-5,5.406227176954241e-5,-3.287146783326483e-5,0.00012526121357467443,-37.81209457162631,70.97571353421924,0.0003892454752987095,0.0003677212891078616,-2.1524186190847875e-5,5.011435910590469e-5,-5.529720332479157,28.811528674190974,-1.171124999988123
1014.9999999999773,4.032349144062458,4.03127653942895,-0.001072604633508334,0.00827824680432259,-0.02659999407758923,0.21228580352729162,0.7459156534850215,0.7461002354752668,0.8148924340990142,0.830552837481607,0.00018458199024529165,0.0004782413234142644,0.02474569200725296,0.05983579227568604,6.599540875435483e-5,3.185566911438343e-5,-3.41397396399714e-5,0.00012526121357467443,-51.73047683823706,70.97571353421924,0.00037357748945807004,0.0003513133310751096,-2.2264158382960422e-5,5.011435910590469e-5,-5.959716260007505,28.811528674190974,-0.6287400000123323
1015.9999999999771,4.12241170838195,4.11427453491435,-0.0081371734675999,0.00827824680432259,-0.1973886657427952,0.21228580352729162,0.7462346450290823,0.7464202188032769,0.8151634098386891,0.8307960631214556,0.00018557377419459176,0.0004782413234142644,0.02486801911848512,0.05983579227568604,5.100396523100712e-5,1.5991811344658274e-5,-3.501215388634885e-5,0.00012526121357467443,-68.6459449334416,70.97571353421924,0.00035940942454599784,0.00033655775918004605,-2.285166536595179e-5,5.011435910590469e-5,-6.358115231624148,28.811528674190974,-4.135589999919865
1016.9999999999771,4.245451606947521,4.222605894953273,-0.022845711994247786,0.00827824680432259,-0.538122068259161,0.21228580352729162,0.7471760190144807,0.7473673461646958,0.8159677393163657,0.8315159726846163,0.0001913271502150815,0.0004782413234142644,0.02560670382160291,0.05983579227568604,-9.434522245926151e-6,-5.1189209468168546e-5,4.17546872222424e-5,0.00012526121357467443,-442.57341425287507,70.97571353421924,0.0003351908330696857,0.0003081551883053596,-2.7035644764326092e-5,5.011435910590469e-5,-8.065747060184496,28.811528674190974,-12.37544999981171
1017.999999999977,4.243339297676626,4.225094455742549,-0.01824484193407727,0.00827824680432259,-0.42996424877140865,0.21228580352729162,0.7504753921700948,0.7507118146695844,0.8184192188220347,0.8335695358615585,0.0002364224994895192,0.0004782413234142644,0.03150303153923189,0.05983579227568604,-0.000297175722422477,-0.00038704251166625124,8.986678924377425e-5,0.00012526121357467443,-30.240286289610157,70.97571353421924,0.0002677462717073847,0.00021827318776608813,-4.947308394129656e-5,5.011435910590469e-5,-18.47759956686338,28.811528674190974,-11.462400000020969
1018.999999999977,4.22381134451545,4.2131012800632055,-0.010710064452244872,0.00827824680432259,-0.2535639870883844,0.21228580352729162,0.7541416982469259,0.7544502294923825,0.8210566717747082,0.8356889517405259,0.00030853124545660027,0.0004782413234142644,0.0409115748636908,0.05983579227568604,-0.0006133556112873698,-0.0007714843799922803,0.0001581287687049105,0.00012526121357467443,-25.78092802852404,70.97571353421924,0.0001807660259472245,0.00010097777010728016,-7.978825583994434e-5,5.011435910590469e-5,-44.13896661269685,28.811528674190974,-9.063900000055082
1019.999999999977,4.196934616103097,4.191107756050543,-0.0058268600525543945,0.00827824680432259,-0.13883609313801276,0.21228580352729162,0.755841951157196,0.7561939557050578,0.8224473002724844,0.836792595647685,0.0003520045478617728,0.0004782413234142644,0.046571184269787215,0.05983579227568604,-0.0006997821978833076,-0.0008911485189632218,0.00019136632107991417,0.00012526121357467443,-27.34655463639352,70.97571353421924,0.00011935804833620324,2.3865254850802966e-5,-9.549279348540027e-5,5.011435910590469e-5,-80.00532416248947,28.811528674190974,-6.654150000055338
1020.9999999999769,4.160254002575007,4.158028682010261,-0.0022253205647455587,0.00827824680432259,-0.05349001679628664,0.21228580352729162,0.756337737107036,0.7566969605016263,0.8230188538943687,0.8372614946410412,0.000359223394590269,0.0004782413234142644,0.047495103968272855,0.05983579227568604,-0.000670297560903321,-0.0008615418653647714,0.00019124430446145044,0.00012526121357467443,-28.531254716744247,70.97571353421924,8.433632162514907e-5,-1.2733460974078548e-5,-7.160286065107052e-5,5.011435910590469e-5,-84.901569420261,28.811528674190974,-4.236165000055802
1021.9999999999769,4.107166214740376,4.108101993332398,0.0009357785920220962,0.00827824680432259,0.022784044840056444,0.21228580352729162,0.7561077736159982,0.7564541255917512,0.8229823721777123,0.8372578575848709,0.0003463519757529454,0.0004782413234142644,0.04580722323440176,0.05983579227568604,-0.0005975947399742256,-0.0007710759000757682,0.00017348116010154266,0.00012526121357467443,-29.029900783434766,70.97571353421924,7.019822595951657e-5,-1.9620749590195523e-5,-5.0577476369321045e-5,5.011435910590469e-5,-72.04950791561194,28.811528674190974,-1.8121500000559423
1022.9999999999768,4.048020362816188,4.050821208364161,0.0028008455479726635,0.00827824680432259,0.0691905004653714,0.21228580352729162,0.7553299613902021,0.7556566894505766,0.8224221569115435,0.836815909208082,0.00032672806037448154,0.0004782413234142644,0.0432563352542154,0.05983579227568604,-0.0005015975238034998,-0.0006514253711916466,0.0001498278473881468,0.00012526121357467443,-29.87013298072852,70.97571353421924,7.324484388362737e-5,-4.104205561975782e-6,-6.914063832165159e-5,5.011435910590469e-5,-94.39659456644264,28.811528674190974,0.04432409995694444
1023.9999999999768,4.043634542005115,4.0448523398647005,0.0012177978595850902,0.00827824680432259,0.03011641746885517,0.21228580352729162,0.7542264657848079,0.7545343163590722,0.8215145015249933,0.8360436853247679,0.0003078505742643012,0.0004782413234142644,0.04081672922256424,0.05983579227568604,-0.0004007156808824082,-0.0005286856709697426,0.00012796999008733446,0.00012526121357467443,-31.93535870758395,70.97571353421924,8.899887507797748e-5,2.6771839344798405e-5,-6.222703573317907e-5,5.011435910590469e-5,-69.91890142280795,28.811528674190974,0.13676399999785613
1024.9999999999768,4.042014359692017,4.041987606188002,-2.675350401482035e-5,0.00827824680432259,-0.0006618854272664892,0.21228580352729162,0.7533116199965209,0.7536056751374517,0.8207383223508271,0.8353661401429816,0.00029405514093083784,0.0004782413234142644,0.039034993371295124,0.05983579227568604,-0.00032458122233445657,-0.0004370660535324453,0.00011248483119798874,0.00012526121357467443,-34.655372356100614,70.97571353421924,0.00010763136088453927,5.9524999131267705e-5,-4.810636175327156e-5,5.011435910590469e-5,-44.695487781555876,28.811528674190974,0.136764
1025.9999999999768,4.040709723971559,4.03999108051393,-0.0007186434576285095,0.00827824680432259,-0.017785080016145396,0.21228580352729162,0.7527815020265802,0.7530663931726294,0.8202889167664343,0.8349820967990808,0.0002848911460491266,0.0004782413234142644,0.03784513106155832,0.05983579227568604,-0.0002787266220488862,-0.0003808222913316165,0.00010209566928273027,0.00012526121357467443,-36.629321064574725,70.97571353421924,0.00012252339263173946,8.514120272280158e-5,-3.738218990893789e-5,5.011435910590469e-5,-30.510247150350374,28.811528674190974,0.136764
1026.9999999999766,4.039674141526568,4.038524043094898,-0.0011500984316699103,0.00827824680432259,-0.02847007930286415,0.21228580352729162,0.7524245298545701,0.7527028029804574,0.8199818902663707,0.8347251251349836,0.00027827312588735165,0.0004782413234142644,0.0369835265659317,0.05983579227568604,-0.0002470440952383362,-0.0003412923213145034,9.424822607616724e-5,0.00012526121357467443,-38.150365822441984,70.97571353421924,0.00013429171060444227,0.00010449728914874696,-2.97944214556953e-5,5.011435910590469e-5,-22.186344430040887,28.811528674190974,0.136764
1027.9999999999766,4.038848679569792,4.037421164860365,-0.0014275147094275908,0.00827824680432259,-0.03534459502403656,0.21228580352729162,0.7521612363287719,0.7524344282703822,0.8197512357858173,0.8345348911457843,0.0002731919416103512,0.0004782413234142644,0.0363209280690634,0.05983579227568604,-0.0002232186136657389,-0.0003112071142380425,8.79885005723036e-5,0.00012526121357467443,-39.41808397039098,70.97571353421924,0.00014368154951471275,0.00011902300410540607,-2.4658545409306687e-5,5.011435910590469e-5,-17.161942846935744,28.811528674190974,0.136764
1028.9999999999766,4.038190463000395,4.036568703634291,-0.0016217593661034257,0.00827824680432259,-0.04016054668452787,0.21228580352729162,0.7519577161734745,0.7522268557643942,0.8195693265117262,0.8343866050579403,0.0002691395909196759,0.0004782413234142644,0.035791851739917,0.05983579227568604,-0.000204484457255519,-0.0002873096835292895,8.282522627377052e-5,0.00012526121357467443,-40.50441162394756,70.97571353421924,0.0001512223666050103,0.00012997143336512622,-2.125093323988408e-5,5.011435910590469e-5,-14.052771238127148,28.811528674190974,0.136764
1029.9999999999766,4.037666537688424,4.035911482248405,-0.001755055440018971,0.00827824680432259,-0.043467072469628595,0.21228580352729162,0.7517956505226284,0.7520614762045009,0.8194213447974494,0.8342670993146036,0.0002658256818725002,0.0004782413234142644,0.035358768262054356,0.05983579227568604,-0.00018932683020914397,-0.00026779437612654616,7.846754591740219e-5,0.00012526121357467443,-41.445549915308526,70.97571353421924,0.00015729894602525574,0.00013830180899823178,-1.899713702702396e-5,5.011435910590469e-5,-12.077091110307757,28.811528674190974,0.136764
1030.9999999999766,4.037251215004205,4.035393583689873,-0.001857631314331698,0.00827824680432259,-0.04601227952890128,0.21228580352729162,0.7516638298677847,0.75192689609122,0.8192982629088386,0.8341684238332736,0.0002630662234353043,0.0004782413234142644,0.03499785582094283,0.05983579227568604,-0.00017680739342972065,-0.00025153353724707893,7.472614381735828e-5,0.00012526121357467443,-42.264151044713664,70.97571353421924,0.0001621981563973646,0.00014470738937714408,-1.7490767020220528e-5,5.011435910590469e-5,-10.783579424522188,28.811528674190974,0.136764
1031.9999999999766,4.036923991235559,4.034994055297377,-0.001929935938182581,0.00827824680432259,-0.047807091299529175,0.21228580352729162,0.751554864521637,0.7518156008857931,0.8191941362201025,0.8340853965030901,0.0002607363641561333,0.0004782413234142644,0.03469292482353786,0.05983579227568604,-0.00016630130520208351,-0.0002377711870426794,7.146988184059588e-5,0.00012526121357467443,-42.9761400571981,70.97571353421924,0.00016614011125441,0.00014967818389295708,-1.6461927361452905e-5,5.011435910590469e-5,-9.908460538012276,28.811528674190974,0.136764
1032.9999999999764,4.036668653214469,4.03467870483173,-0.001989948382738582,0.00827824680432259,-0.049296797772934664,0.21228580352729162,0.7514636291108192,0.7517223766888954,0.8191048354974215,0.8340144567152321,0.00025874757807620163,0.0004782413234142644,0.03443248189967206,0.05983579227568604,-0.00015737154627273807,-0.0002259756344198971,6.860408814715903e-5,0.00012526121357467443,-43.59370532476207,70.97571353421924,0.00016929723829072662,0.00015355945023795548,-1.573778805277114e-5,5.011435910590469e-5,-9.295950844599918,28.811528674190974,0.136764
1033.9999999999764,4.0364720737810025,4.034440199466857,-0.002031874314145199,0.00827824680432259,-0.05033787617021521,0.21228580352729162,0.7513864325903123,0.7516434676706514,0.819027377290861,0.8339530575435696,0.0002570350803390298,0.0004782413234142644,0.03420810773132181,0.05983579227568604,-0.0001497012550247592,-0.00021575965801521235,6.605840299045315e-5,0.00012526121357467443,-44.12681976482275,70.97571353421924,0.0001718067867118989,0.00015659712569497504,-1.5209661016923865e-5,5.011435910590469e-5,-8.852770782814764,28.811528674190974,0.136764
1034.9999999999764,4.036323815980389,4.034254799490686,-0.002069016489703479,0.00827824680432259,-0.05125992323787164,0.21228580352729162,0.7513205375665614,0.7515760877120601,0.8189595394288409,0.8338993232129001,0.00025555014549871746,0.0004782413234142644,0.034013464656032735,0.05983579227568604,-0.00014305391837297497,-0.00020683296305111355,6.377904467813858e-5,0.00012526121357467443,-44.58392010755813,70.97571353421924,0.0001737791546983788,0.0001589693526783861,-1.4809802019992695e-5,5.011435910590469e-5,-8.522197064255174,28.811528674190974,0.136764
1035.9999999999764,4.036215329197256,4.034121392416437,-0.002093936780818595,0.00827824680432259,-0.05187871830502781,0.21228580352729162,0.7512638653783701,0.7515181208165204,0.8188996258174845,0.8338518344945733,0.00025425543815027485,0.0004782413234142644,0.033843693257124836,0.05983579227568604,-0.00013724898053798807,-0.00019897326441542553,6.172428387743746e-5,0.00012526121357467443,-44.972489876056514,70.97571353421924,0.0001753038789213689,0.00016080802154699866,-1.4495857374370233e-5,5.011435910590469e-5,-8.268988378102135,28.811528674190974,0.136764
1036.9999999999764,4.03613979131756,4.034022235388514,-0.0021175559290460555,0.00827824680432259,-0.052464880765559385,0.21228580352729162,0.7512148062364185,0.7514679279168031,0.8188463157615007,0.8338094988579701,0.0002531216803846048,0.0004782413234142644,0.03369498022180139,0.05983579227568604,-0.00013214581915043722,-0.00019200672204593714,5.9860902895499915e-5,0.00012526121357467443,-45.29912734307028,70.97571353421924,0.00017645402998801065,0.0001622129364662032,-1.4241093521807446e-5,5.011435910590469e-5,-8.070710270983934,28.811528674190974,0.136764
1037.9999999999761,4.036091542874667,4.033959282155543,-0.0021322607191240905,0.00827824680432259,-0.05282984036594494,0.21228580352729162,0.7511720928225658,0.7514242184918394,0.8187985634172259,0.8337714573218177,0.00025212566927357294,0.0004782413234142644,0.03356430193328914,0.05983579227568604,-0.00012763322487755027,-0.00018579554795808992,5.816232308053965e-5,0.00012526121357467443,-45.56989227243914,70.97571353421924,0.0001772895621334123,0.00016326119652458325,-1.4028365608829041e-5,5.011435910590469e-5,-7.912685574953672,28.811528674190974,0.136764
1038.9999999999761,4.036066058169129,4.033918650584896,-0.00214740758423293,0.00827824680432259,-0.05320546178590182,0.21228580352729162,0.751134713136642,0.7513859617430153,0.818755528725848,0.8337370278568003,0.0002512486063732666,0.0004782413234142644,0.03344920717671065,0.05983579227568604,-0.00012362191933797467,-0.0001802286380186875,5.660671868071282e-5,0.00012526121357467443,-45.79019560920548,70.97571353421924,0.00017785991526905073,0.00016401354483413987,-1.3846370434910857e-5,5.011435910590469e-5,-7.784986523784909,28.811528674190974,0.136764
1039.9999999999761,4.036059530286008,4.033903815155505,-0.0021557151305025,0.00827824680432259,-0.05341138093544769,0.21228580352729162,0.7511018492122019,0.7513523244148924,0.8187165285221918,0.8337056587922663,0.0002504752026905033,0.0004782413234142644,0.03334770150722114,0.05983579227568604,-0.00012003944792159259,-0.00017521567071065644,5.517622278906385e-5,0.00012526121357467443,-45.965075435121854,70.97571353421924,0.00017820602945411537,0.00016451850280497588,-1.3687526649139493e-5,5.011435910590469e-5,-7.680731505587901,28.811528674190974,0.136764
1040.9999999999761,4.036068912170841,4.0339035627813535,-0.0021653493894877585,0.00827824680432259,-0.053649960806122686,0.21228580352729162,0.7510728327134395,0.7513226254565465,0.8186810012763558,0.8336769019392796,0.0002497927431069913,0.0004782413234142644,0.03325812520798445,0.05983579227568604,-0.00011682629881665863,-0.00017068209819868138,5.385579938202275e-5,0.00012526121357467443,-46.09903756905058,70.97571353421924,0.00017836197157828813,0.00016481546834478858,-1.3546503233499544e-5,5.011435910590469e-5,-7.594950377386696,28.811528674190974,0.136764
1041.9999999999761,4.0360916006444985,4.033922060878537,-0.002169539765961126,0.00827824680432259,-0.053753481848991876,0.21228580352729162,0.7510471124680362,0.7512963031424493,0.8186484810218184,0.8336503866901495,0.0002491906744130912,0.0004782413234142644,0.03317910025567091,0.05983579227568604,-0.0001139332056322034,-0.00016656613018845013,5.263292455624673e-5,0.00012526121357467443,-46.19629919494686,70.97571353421924,0.00017835618541278195,0.0001649366281512308,-1.3419557261551142e-5,5.011435910590469e-5,-7.524021233406255,28.811528674190974,0.136764
1042.999999999976,4.03612551374078,4.033950031781235,-0.002175481959544534,0.00827824680432259,-0.05390025538448244,0.21228580352729162,0.7510242300229535,0.7512728900537758,0.8186185778711201,0.8336258065985024,0.0002486600308223563,0.0004782413234142644,0.03310945517893032,0.05983579227568604,-0.00011131896826878121,-0.0001628158161667723,5.149684789799107e-5,0.00012526121357467443,-46.26062269428442,70.97571353421924,0.00017821254093702073,0.00016490867650882917,-1.3303864428191562e-5,5.011435910590469e-5,-7.465167354800845,28.811528674190974,0.136764
1043.999999999976,4.036168841768688,4.033991874192039,-0.0021769675766485364,0.00827824680432259,-0.05393648437399285,0.21228580352729162,0.7510038012479067,0.7512519944980937,0.8185909631096476,0.833602903738762,0.0002481932501869899,0.0004782413234142644,0.033048201590268805,0.05983579227568604,-0.00010894893617653522,-0.00015938742975026856,5.043849357373334e-5,0.00012526121357467443,-46.295535636993655,70.97571353421924,0.00017795112208894004,0.00016475373801995248,-1.3197384068987553e-5,5.011435910590469e-5,-7.416297191085705,28.811528674190974,0.136764
1044.999999999976,4.036220141511777,4.034039765984459,-0.002180375527317757,0.00827824680432259,-0.05402023306144774,0.21228580352729162,0.7509855020443328,0.7512332858378874,0.8185653577527316,0.8335814618606832,0.00024778379355461233,0.0004782413234142644,0.032994484298311394,0.05983579227568604,-0.00010679370612975362,-0.000156243648263979,4.944994213422539e-5,0.00012526121357467443,-46.304172714208505,70.97571353421924,0.00017758892019084904,0.00016449045038735503,-1.3098469803494002e-5,5.011435910590469e-5,-7.375724673260867,28.811528674190974,0.136764
1045.999999999976,4.036278134197804,4.034098078799894,-0.00218005539791033,0.00827824680432259,-0.05401152560423362,0.21228580352729162,0.750969057355294,0.7512164834289549,0.8185415235466051,0.8335612962895589,0.00024742607366090574,0.0004782413234142644,0.03294757237165965,0.05983579227568604,-0.0001048282276066495,-0.00015335266307664507,4.8524435469995565e-5,0.00012526121357467443,-46.28947429319844,70.97571353421924,0.00017714033467026305,0.0001641344080784204,-1.3005926591842657e-5,5.011435910590469e-5,-7.342159884733464,28.811528674190974,0.136764
1046.999999999976,4.036341805472718,4.034160118826835,-0.002181686645883474,0.00827824680432259,-0.05405108761912606,0.21228580352729162,0.7509542323972843,0.751201347584543,0.818519255916732,0.8335422504688922,0.0002471151872587285,0.0004782413234142644,0.0329068239578141,0.05983579227568604,-0.00010303098422967214,-0.0001506869783617687,4.765599413209655e-5,0.00012526121357467443,-46.254041430744664,70.97571353421924,0.00017661764172991395,0.0001636989153086548,-1.2918726421259165e-5,5.011435910590469e-5,-7.314516429233413,28.811528674190974,0.136764
1047.9999999999757,4.036410237294601,4.034230090124034,-0.002180147170566471,0.00827824680432259,-0.05401203154285209,0.21228580352729162,0.7509408258078043,0.7511876727078425,0.8184983782923375,0.8335241890690505,0.0002468469000381779,0.0004782413234142644,0.032871684632759045,0.05983579227568604,-0.00010138344618331138,-0.00014822291679811365,4.683947061480227e-5,0.00012526121357467443,-46.200314132261624,70.97571353421924,0.00017603131410925341,0.00016319517794716838,-1.2836136162085036e-5,5.011435910590469e-5,-7.291961789320234,28.811528674190974,0.136764
1048.9999999999757,4.036482707477796,4.034302196365091,-0.002180511112705119,0.00827824680432259,-0.05402007814044658,0.21228580352729162,0.7509286640478674,0.7511752814969783,0.8184787375878005,0.8335069963412416,0.00024661744911091965,0.0004782413234142644,0.03284166138785178,0.05983579227568604,-9.9869533549269e-5,-0.00014593978930553105,4.6070255756262046e-5,0.00012526121357467443,-46.130440504695095,70.97571353421924,0.00017539034510606518,0.0001626328641835815,-1.275748092248368e-5,5.011435910590469e-5,-7.273764650368155,28.811528674190974,0.136764
1049.9999999999757,4.03655854693234,4.034380402906336,-0.002178144026003359,0.00827824680432259,-0.05396042199508494,0.21228580352729162,0.7509175969758115,0.7511640205320348,0.8184602004922774,0.8334905711965659,0.00024642355622328527,0.0004782413234142644,0.032816324616138016,0.05983579227568604,-9.84752713228247e-5,-0.00014381962406270865,4.534435273988395e-5,0.00012526121357467443,-46.046435953686974,70.97571353421924,0.00017470245302151532,0.0001620201565846196,-1.2682296436895726e-5,5.011435910590469e-5,-7.259369412136331,28.811528674190974,0.136764
1050.9999999999757,4.036637235445155,4.034459642935289,-0.002177592509865711,0.00827824680432259,-0.053945707351271785,0.21228580352729162,0.7509074941529638,0.7511537564294478,0.8184426504789689,0.8334748265503843,0.00024626227648405496,0.0004782413234142644,0.03279528815488024,0.05983579227568604,-9.718842473052319e-5,-0.00014184656998208662,4.465814525156343e-5,0.00012526121357467443,-45.950065941894,70.97571353421924,0.00017397431041752778,0.00016136418945125354,-1.2610120966274245e-5,5.011435910590469e-5,-7.248266100903473,28.811528674190974,0.136764
1051.9999999999757,4.036718278442952,4.034543612863808,-0.0021746655791439196,0.00827824680432259,-0.0538721166338795,0.21228580352729162,0.750898241898537,0.7511443729237575,0.8184259853050462,0.8334596856739926,0.00024613102522041963,0.0004782413234142644,0.03277821301034253,0.05983579227568604,-9.599827696878998e-5,-0.00014000675515873372,4.400847818994374e-5,0.00012526121357467443,-45.842987582216026,70.97571353421924,0.00017321167444225358,0.00016067102162887898,-1.2540652813374604e-5,5.011435910590469e-5,-7.2400736577115,28.811528674190974,0.136764
1052.9999999999754,4.02788333517227,4.0262054048929645,-0.0016779302793050732,0.00827824680432259,-0.04165786691618042,0.21228580352729162,0.7508897407811801,0.7511357682398965,0.8184101149772602,0.8334450820850136,0.0002460274587163802,0.0004782413234142644,0.0327647916004856,0.05983579227568604,-9.489537358460279e-5,-0.0001382878440637673,4.3392470479164505e-5,0.00012526121357467443,-45.72664487218493,70.97571353421924,0.00017241955285271962,0.0001599459890771248,-1.2473563775594826e-5,5.011435910590469e-5,-7.234425312684643,28.811528674190974,0.3961799999936297
1053.9999999999754,3.957133153753574,3.9599380915229796,0.002804937769405491,0.00827824680432259,0.07088307773380945,0.21228580352729162,0.7508256186635077,0.7510715150934839,0.8183463721145393,0.8333837682662121,0.000245896429976189,0.0004782413234142644,0.03275013849605879,0.05983579227568604,-9.080207069431901e-5,-0.00013351688249483502,4.271481180051601e-5,0.00012526121357467443,-47.04167148821249,70.97571353421924,0.00017255527901604417,0.0001604511215336681,-1.2104157482376076e-5,5.011435910590469e-5,-7.014654985577481,28.811528674190974,2.863124999939421
1054.9999999999754,3.8796860045130694,3.8892259389344646,0.009539934421395113,0.00827824680432259,0.2458944979129168,0.21228580352729162,0.7502012870084421,0.7504478338771272,0.8178073036684511,0.8328546157851224,0.00024654686868508247,0.0004782413234142644,0.032864095670674054,0.05983579227568604,-5.948000006800571e-5,-0.00010197269526925031,4.249269520124461e-5,0.00012526121357467443,-71.44030792310208,70.97571353421924,0.00018255725272870382,0.0001740122108698527,-8.545041858851123e-6,5.011435910590469e-5,-4.680746303489683,28.811528674190974,7.041149999897403
1055.9999999999754,3.821504271505904,3.836378203952248,0.01487393244634383,0.00827824680432259,0.3892166903291881,0.21228580352729162,0.7484231076615842,0.7486729114480948,0.8163808817868462,0.8314666773294926,0.0002498037865106273,0.0004782413234142644,0.033377348180914465,0.05983579227568604,2.9887657304175522e-5,-1.4101619935534562e-5,-1.578603736864096e-5,0.00012526121357467443,-52.81791479332686,70.97571353421924,0.00021563311538632488,0.00021857802622890079,2.9449108425759008e-6,5.011435910590469e-5,1.3657043526453927,28.811528674190974,11.079899999900823
1056.9999999999754,3.7683602405138714,3.787745148271965,0.01938490775809365,0.00827824680432259,0.5144122780429886,0.21228580352729162,0.745601090173335,0.7458536544289804,0.8143093384848308,0.8295247521923268,0.0002525642556454599,0.0004782413234142644,0.03387391179735864,0.05983579227568604,0.00018081411442065007,0.00013775715822083107,-4.305695619981901e-5,0.00012526121357467443,-23.812829179723394,70.97571353421924,0.00027505488350530613,0.000299650187492617,2.4595303987310886e-5,5.011435910590469e-5,8.941962299984546,28.811528674190974,15.128099999900591
1057.9999999999754,3.7286667947937593,3.750318378518888,0.021651583725128543,0.00827824680432259,0.5806789642710924,0.21228580352729162,0.7420527668014925,0.7422962097521458,0.8119422447036986,0.8274770990019324,0.00024344295065337196,0.0004782413234142644,0.032806689974716544,0.05983579227568604,0.00038710306713447097,0.0003593627191362359,-2.7740347998235048e-5,0.00012526121357467443,-7.166140067962487,70.97571353421924,0.0003581037980117828,0.0004146418012123862,5.653800320060338e-5,5.011435910590469e-5,15.788160727282508,28.811528674190974,17.99684999992955
1058.9999999999752,3.79580264003808,3.8032893242631904,0.0074866842251104515,0.00827824680432259,0.197235866431542,0.21228580352729162,0.7381376805129262,0.7383470346651111,0.8095061961040132,0.8255882318123731,0.00020935415218492626,0.0004782413234142644,0.028362480023977055,0.05983579227568604,0.0006244662520435213,0.0006364788604218796,1.2012608378358263e-5,0.00012526121357467443,1.9236601400072235,70.97571353421924,0.00045860758268012256,0.000553597079032285,9.498949635216246e-5,5.011435910590469e-5,20.712587392698513,28.811528674190974,10.85175000017708
1059.9999999999752,3.775696356949552,3.7847883474411037,0.009091990491551627,0.00827824680432259,0.24080301041202365,0.21228580352729162,0.7362576190965203,0.7364388355122585,0.8081768479333227,0.824607092608466,0.00018121641573820568,0.0004782413234142644,0.024613180364853916,0.05983579227568604,0.0006968591030885,0.0007349978488167762,3.813874572827628e-5,0.00012526121357467443,5.472949346466774,70.97571353421924,0.0005297863434898408,0.0006425929493202649,0.00011280660583042404,5.011435910590469e-5,21.29284894120477,28.811528674190974,11.775599999977105
1060.9999999999752,3.733814225601161,3.749869731773496,0.016055506172334866,0.00827824680432259,0.430002812198024,0.21228580352729162,0.7357658416362487,0.7359374453379531,0.8075560747538736,0.8241318604061763,0.00017160370170443695,0.0004782413234142644,0.02332314059630879,0.05983579227568604,0.0006584660694074822,0.0007028062086019493,4.4340139194467177e-5,0.00012526121357467443,6.733853307637622,70.97571353421924,0.0005684376303044296,0.0006765231400422544,0.00010808550973782482,5.011435910590469e-5,19.014488833179303,28.811528674190974,14.966549999920916
1061.9999999999752,3.7682657003790783,3.7780697345549714,0.00980403417589315,0.00827824680432259,0.2601736436713284,0.21228580352729162,0.7338985477144132,0.7340499399840471,0.8062385892822307,0.823153546953535,0.00015139226963389874,0.0004782413234142644,0.020628501051729975,0.05983579227568604,0.0007342258465221145,0.000799243205835024,6.501735931290951e-5,0.00012526121357467443,8.855226170650916,70.97571353421924,0.0006221473739843692,0.0007306620194419664,0.00010851464545759719,5.011435910590469e-5,17.44195185823022,28.811528674190974,11.407500000088207
1062.9999999999752,3.7754122733439717,3.783605843902839,0.008193570558867158,0.00827824680432259,0.21702452515496856,0.21228580352729162,0.7324331105655365,0.7325687291740591,0.8051818033976971,0.8223490937239133,0.0001356186085226252,0.0004782413234142644,0.018516176640063345,0.05983579227568604,0.0007846626719309692,0.0008627292022076311,7.806653027666189e-5,0.00012526121357467443,9.949056208389354,70.97571353421924,0.0006704536589699024,0.0007790177628230983,0.00010856410385319591,5.011435910590469e-5,16.192633510270618,28.811528674190974,10.356300000026051
1063.999999999975,3.7889060187095174,3.795988684015186,0.007082665305668812,0.00827824680432259,0.18693167026827265,0.21228580352729162,0.7320589645623135,0.7321922886595214,0.8047386541738032,0.8219852422218547,0.00013332409720789862,0.0004782413234142644,0.0182122074398216,0.05983579227568604,0.0007576967797712981,0.0008348695750908732,7.717279531957509e-5,0.00012526121357467443,10.185181906523187,70.97571353421924,0.0006962872396463867,0.0007977878434326106,0.00010150060378622395,5.011435910590469e-5,14.577403980255562,28.811528674190974,9.078300000031966
1064.999999999975,3.782078971139119,3.7908660422353333,0.008787071096214127,0.00827824680432259,0.23233441615756537,0.21228580352729162,0.7318107575661864,0.7319453614806952,0.8044074581251086,0.8217037379206072,0.00013460391450881293,0.0004782413234142644,0.01839326808428873,0.05983579227568604,0.0007307595083787366,0.0008052580077185816,7.449849933984507e-5,0.00012526121357467443,10.194667121763148,70.97571353421924,0.0007121736447569103,0.0008046925306012939,9.251888584438362e-5,5.011435910590469e-5,12.991057240817097,28.811528674190974,9.38969999999221
1065.999999999975,3.7635236422212714,3.775462172697441,0.01193853047616944,0.00827824680432259,0.3172168321791966,0.21228580352729162,0.7314658940181282,0.7316028154086868,0.8040424408067222,0.8213752293751522,0.00013692139055854202,0.0004782413234142644,0.01871876620335611,0.05983579227568604,0.0007155047660490152,0.00078645888135373,7.09541153047148e-5,0.00012526121357467443,9.916651666280325,70.97571353421924,0.0007248393389502354,0.000809155114017073,8.43157750668376e-5,5.011435910590469e-5,11.632339821532007,28.811528674190974,10.62269999996916
1066.999999999975,3.839094427381251,3.8412187859112783,0.002124358530027237,0.00827824680432259,0.055334886135538976,0.21228580352729162,0.7306087130203315,0.7307440410594588,0.8033788131804841,0.8207990364761709,0.00013532803912730262,0.0004782413234142644,0.01852264238238515,0.05983579227568604,0.0007353155689596066,0.0008068459015010985,7.153033254149194e-5,0.00012526121357467443,9.727841427687947,70.97571353421924,0.0007447140584833304,0.0008253962132659348,8.068215478260437e-5,5.011435910590469e-5,10.833977667471462,28.811528674190974,5.349600000131885
1067.999999999975,3.7917476073689977,3.800568225796604,0.008820618427606064,0.00827824680432259,0.23262672891159225,0.21228580352729162,0.7307055479286436,0.7308432821688148,0.803372498731674,0.8207698246931304,0.0001377342401711612,0.0004782413234142644,0.01884948602916746,0.05983579227568604,0.0007031487804447205,0.0007697566121031412,6.660783165842073e-5,0.00012526121357467443,9.472793455788016,70.97571353421924,0.0007475141603196582,0.0008212380723846935,7.37239120650353e-5,5.011435910590469e-5,9.862543879236865,28.811528674190974,8.26109999992718
1068.9999999999748,3.803104483030455,3.811448882850281,0.00834439981982582,0.00827824680432259,0.21941021754881404,0.21228580352729162,0.7309455728794376,0.7310885184425545,0.803434140912614,0.8207773174205234,0.00014294556311689188,0.0004782413234142644,0.019556252670603336,0.05983579227568604,0.0006620804827191127,0.0007218241565898958,5.974367387078308e-5,0.00012526121357467443,9.023627101258217,70.97571353421924,0.0007421571107017608,0.0008073594815779521,6.520237087619129e-5,5.011435910590469e-5,8.78552127790542,28.811528674190974,7.484850000019591
1069.9999999999748,3.8148235434945947,3.8217827075449997,0.006959164050404976,0.00827824680432259,0.18242427129486538,0.21228580352729162,0.73039505101958,0.7305400993024745,0.8029635203028344,0.8203221999933329,0.0001450482828945221,0.0004782413234142644,0.019858880847021747,0.05983579227568604,0.0006671856005900051,0.0007240572110737297,5.687161048372467e-5,0.00012526121357467443,8.52410640059258,70.97571353421924,0.0007480521415136348,0.0008091539817656175,6.110184025198272e-5,5.011435910590469e-5,8.16812583790578,28.811528674190974,6.645600000021181
1070.9999999999748,3.9672020944660566,3.96114179241673,-0.006060302049326616,0.00827824680432259,-0.15276010409906451,0.21228580352729162,0.7302780067639,0.730425975807425,0.8028060547162683,0.8201330828193149,0.00014796904352498697,0.0004782413234142644,0.020262015582351446,0.05983579227568604,0.00065016482634537,0.00070236606033928,5.220123399390995e-5,0.00012526121357467443,8.02892310975009,70.97571353421924,0.0007480111557102989,0.000804554509353817,5.654335364351816e-5,5.011435910590469e-5,7.559159139789237,28.811528674190974,-0.06524099983062857
1071.9999999999748,4.009775503962078,4.002644495024598,-0.007131008937479422,0.00827824680432259,-0.17784060305703495,0.21228580352729162,0.7316254705774847,0.7317773055777465,0.8038380364153873,0.8210448598552996,0.00015183500026172414,0.0004782413234142644,0.02075310474659639,0.05983579227568604,0.0005674375290309247,0.0006131405145474623,4.570298551653763e-5,0.00012526121357467443,8.05427614112687,70.97571353421924,0.0007185915073333366,0.0007632529677294708,4.466146039613429e-5,5.011435910590469e-5,6.215138912769945,28.811528674190974,-1.39733999996638
1072.9999999999748,4.015068531931953,4.010178412970348,-0.004890118961604628,0.00827824680432259,-0.12179415924568596,0.21228580352729162,0.7339244418925616,0.7340807911654429,0.8056781316857966,0.8227171235015828,0.00015634927288132872,0.0004782413234142644,0.0213031838097874,0.05983579227568604,0.0004439101000362062,0.00048223339248176474,3.832329244555854e-5,0.00012526121357467443,8.633120184116743,70.97571353421924,0.0006617884500699912,0.0006874461593002806,2.5657709230289408e-5,5.011435910590469e-5,3.877025842257572,28.811528674190974,-1.3792050000004576
1073.9999999999745,3.904258418857892,3.9086796888543134,0.004421269996421451,0.00827824680432259,0.11324224787648147,0.21228580352729162,0.7354915911415341,0.7356527531478942,0.8069473172428907,0.8238613062863023,0.00016116200636018263,0.0004782413234142644,0.021912148051896552,0.05983579227568604,0.0003587998869695445,0.0003905662626394588,3.1766375669914305e-5,0.00012526121357467443,8.853507713788852,70.97571353421924,0.0006085847399071473,0.0006173982712284528,8.813531321305514e-6,5.011435910590469e-5,1.448201169593935,28.811528674190974,2.6262899998979967
1074.9999999999745,4.056003376141572,4.049864818493501,-0.006138557648070808,0.00827824680432259,-0.15134498368959312,0.21228580352729162,0.7357070612641641,0.735873176442375,0.8070607860679055,0.8238910262042171,0.00016611517821096822,0.0004782413234142644,0.022578983804441514,0.05983579227568604,0.00034271141386252313,0.0003684719948157257,2.576058095320259e-5,0.00012526121357467443,7.516697697012306,70.97571353421924,0.0005794235815697238,0.0005805648936494773,1.1413120797535e-6,5.011435910590469e-5,0.19697370215094748,28.811528674190974,-2.6313299998661104
1075.9999999999745,4.172867106974383,4.154071400832133,-0.018795706142250346,0.00827824680432259,-0.45042666493825945,0.21228580352729162,0.7363607017325206,0.7365316682955979,0.8075864832322714,0.8243214180210552,0.00017096656307735714,0.0004782413234142644,0.023217773935396667,0.05983579227568604,0.00030165951089017713,0.0003209333460791979,1.9273835189020743e-5,0.00012526121357467443,6.389268195836073,70.97571353421924,0.0005494809328489464,0.0005446606693430778,-4.820263505868599e-6,5.011435910590469e-5,-0.8772394486695865,28.811528674190974,-9.204299999832614
1076.9999999999745,4.187599957622198,4.170522675105119,-0.01707728251707863,0.00827824680432259,-0.40780596737744373,0.21228580352729162,0.739493450223414,0.7396805550808236,0.8100849508315042,0.8265699901903684,0.0001871048574096923,0.0004782413234142644,0.0253017599213576,0.05983579227568604,8.306968647406272e-5,8.239301517324205e-5,-6.766713008206685e-7,0.00012526121357467443,-0.8145827070527696,70.97571353421924,0.0004760152745569795,0.00045043779202742925,-2.5577482529550268e-5,5.011435910590469e-5,-5.373248275143032,28.811528674190974,-9.657899999988448
1077.9999999999745,4.104360564130898,4.101727853635225,-0.0026327104956731517,0.00827824680432259,-0.06414423037491178,0.21228580352729162,0.7429635503204697,0.7431852166424874,0.8127523168376537,0.8288789953894158,0.00022166632201769954,0.0004782413234142644,0.02983542354427563,0.05983579227568604,-0.0001751230489705993,-0.0002122318242905745,3.710877531997521e-5,0.00012526121357467443,-21.19011491525896,70.97571353421924,0.0003845104443145461,0.00033106194453353527,-5.344849978101084e-5,5.011435910590469e-5,-13.900402595381173,28.811528674190974,-3.7905750001494165
1078.9999999999745,4.097177771602083,4.095782142108473,-0.001395629493609718,0.00827824680432259,-0.03406319108931408,0.21228580352729162,0.7440842747441981,0.7443269866769967,0.8137213552947613,0.8296681130228662,0.00024271193279856718,0.0004782413234142644,0.0326188767908053,0.05983579227568604,-0.00022026670721194558,-0.0002747575973434925,5.449089013154695e-5,0.00012526121357467443,-24.738595687597307,70.97571353421924,0.0003277109849182155,0.0002623082533362556,-6.540273158195988e-5,5.011435910590469e-5,-19.95744256125011,28.811528674190974,-3.1285800000168584
1079.9999999999743,4.2218464625941845,4.2041952154797295,-0.017651247114454982,0.00827824680432259,-0.41809306119599804,0.21228580352729162,0.7438445704871096,0.7440865399719466,0.8136916975200025,0.8296095966448578,0.00024196948483701242,0.0004782413234142644,0.03252957599442552,0.05983579227568604,-0.0001515750858295618,-0.00020247997226603625,5.0904886436474434e-5,0.00012526121357467443,-33.58394036716185,70.97571353421924,0.00030417856328374495,0.0002425319770420587,-6.164658624168624e-5,5.011435910590469e-5,-20.26657814942102,28.811528674190974,-10.723499999804861
1080.9999999999743,4.228674408094035,4.212287566493036,-0.01638684160099846,0.00827824680432259,-0.38751722217328155,0.21228580352729162,0.7457707543712314,0.7460423415075085,0.8152007800909491,0.8308045343554306,0.00027158713627706277,0.0004782413234142644,0.03641697327029689,0.05983579227568604,-0.0002929198280573579,-0.0003767990815464405,8.387925348908256e-5,0.00012526121357467443,-28.635566955425702,70.97571353421924,0.0002551793669967719,0.0001878867104148808,-6.729265658189112e-5,5.011435910590469e-5,-26.370727921251714,28.811528674190974,-10.749149999999341
1081.9999999999743,4.200209872245907,4.191559839708732,-0.008650032537175001,0.00827824680432259,-0.2059428647680816,0.21228580352729162,0.7488412285813807,0.7491691920102795,0.8175320141744084,0.8326446493394433,0.00032796342889884755,0.0004782413234142644,0.043796123447976794,0.05983579227568604,-0.0005337949098482613,-0.0006739375976503111,0.0001401426878020498,0.00012526121357467443,-26.254032254051907,70.97571353421924,0.00018165961563339537,9.828200923538464e-5,-8.337760639801073e-5,5.011435910590469e-5,-45.89771155647156,28.811528674190974,-7.905150000073071
1082.9999999999743,4.110694241636378,4.112750476051547,0.0020562344151686673,0.00827824680432259,0.050021585024288384,0.21228580352729162,0.7502908455338199,0.7506500338822137,0.818746928516803,0.8335861771605249,0.0003591883483938796,0.0004782413234142644,0.04787321483821688,0.05983579227568604,-0.0006057141312293782,-0.0007700941226033746,0.00016437999137399644,0.00012526121357467443,-27.138213044553734,70.97571353421924,0.0001283119774924954,3.6670456450110374e-5,-9.164152104238503e-5,5.011435910590469e-5,-71.4208625206052,28.811528674190974,-2.564550000137217
1083.9999999999743,4.055667592665504,4.0597870354622225,0.004119442796718609,0.00827824680432259,0.10157249583689847,0.21228580352729162,0.7498342563762407,0.7501840184369638,0.8185184542946499,0.8333886672034502,0.00034976206072312443,0.0004782413234142644,0.04664524963335711,0.05983579227568604,-0.0005132893331397128,-0.0006605407811801945,0.0001472514480404817,0.00012526121357467443,-28.687805986492453,70.97571353421924,0.00011202080255942476,2.6542351430481217e-5,-8.547845112894355e-5,5.011435910590469e-5,-76.30587281643423,28.811528674190974,-0.5533650000516738
1084.999999999974,4.062056459561,4.063262696042485,0.0012062364814848792,0.00827824680432259,0.02969521702845167,0.21228580352729162,0.7484732070874911,0.7487971655525973,0.8174541897467248,0.8324960546719754,0.0003239584651062444,0.0004782413234142644,0.04328257338253338,0.05983579227568604,-0.0003755580160911865,-0.0004919359084703087,0.00011637789237912223,0.00012526121357467443,-30.987993170904748,70.97571353421924,0.00012298500222918514,5.291908735204275e-5,-7.00659148771424e-5,5.011435910590469e-5,-56.9711050999317,28.811528674190974,-0.766439999994477
1085.999999999974,4.051915376494654,4.052232254923481,0.0003168784288263282,0.00827824680432259,0.007820460186916893,0.21228580352729162,0.7476233557842532,0.7479302029122396,0.8167545161290066,0.8318970686078816,0.0003068471279863427,0.0004782413234142644,0.041043009907637464,0.05983579227568604,-0.00029452573314236975,-0.00039234371917580633,9.781798603343658e-5,0.00012526121357467443,-33.21203379745182,70.97571353421924,0.00013642813539126115,8.129983159638679e-5,-5.5128303794874366e-5,5.011435910590469e-5,-40.40830994044766,28.811528674190974,-0.4862250000072634
1086.999999999974,4.042903882882927,4.042913377636245,9.49475331868399e-6,0.00827824680432259,0.00023484984045461506,0.21228580352729162,0.7472127928937614,0.7475095148641586,0.8164170912352726,0.8316110220726901,0.0002967219703972068,0.0004782413234142644,0.03971050458706409,0.05983579227568604,-0.00025109692219774094,-0.000337942756451346,8.684583425360505e-5,0.00012526121357467443,-34.586578558383614,70.97571353421924,0.00014608807072526855,0.00010240896759518605,-4.3679103130082504e-5,5.011435910590469e-5,-29.8991580306546,28.811528674190974,-0.23592150000648804
1087.999999999974,4.0417837624322575,4.041242405755556,-0.000541356676701632,0.00827824680432259,-0.013394003947797925,0.21228580352729162,0.7468692474149495,0.7471588137342815,0.8161195996486896,0.8313514866418181,0.00028956631933196864,0.0004782413234142644,0.03877068447177473,0.05983579227568604,-0.0002172691486383709,-0.00029591519902720005,7.864605038882916e-5,0.00012526121357467443,-36.19752315582087,70.97571353421924,0.00015473538765152986,0.00011965143281331393,-3.508395483821593e-5,5.011435910590469e-5,-22.67351726757319,28.811528674190974,-0.22072950000039376
1088.999999999974,4.015888026568704,4.016388641160266,0.000500614591562254,0.00827824680432259,0.012465850348671056,0.21228580352729162,0.7466138161032081,0.7468980598148212,0.8158922277282624,0.8311517994802934,0.0002842437116130636,0.0004782413234142644,0.03807104897905763,0.05983579227568604,-0.00019188755694839283,-0.00026426290801739416,7.237535106900133e-5,0.00012526121357467443,-37.71758430822396,70.97571353421924,0.00016194624396354568,0.00013295259107983244,-2.8993652883713237e-5,5.011435910590469e-5,-17.9032573859754,28.811528674190974,0.5318549999804926
1089.9999999999739,3.986861861085658,3.9886496137950553,0.001787752709397239,0.00827824680432259,0.044841099884770474,0.21228580352729162,0.7462903350358172,0.7465702731081385,0.8155984898207832,0.8308816297450442,0.0002799380723212952,0.0004782413234142644,0.03751061204723493,0.05983579227568604,-0.00016557928227671945,-0.00023273753834478146,6.715825606806201e-5,0.00012526121357467443,-40.559576744526396,70.97571353421924,0.00017003397006473388,0.0001459640616396327,-2.406990842510119e-5,5.011435910590469e-5,-14.155940966347785,28.811528674190974,1.4377049999763138
1090.9999999999739,3.9847957927938955,3.9861147762578244,0.001318983463928891,0.00827824680432259,0.033100402944465576,0.21228580352729162,0.7457358866792192,0.7460121734062707,0.8150988406349201,0.8304030161980185,0.00027628672705148904,0.0004782413234142644,0.037048871052967676,0.05983579227568604,-0.00013005930860636382,-0.00019277878365167475,6.271947504531093e-5,0.00012526121357467443,-48.22374939354557,70.97571353421924,0.00018234116900189265,0.0001635657617701164,-1.877540723177625e-5,5.011435910590469e-5,-10.296855797596299,28.811528674190974,1.4681699999992033
1091.9999999999739,4.030727331366301,4.028831593069753,-0.0018957382965485436,0.00827824680432259,-0.047032164190226745,0.21228580352729162,0.7451971525662842,0.7454704828789843,0.8146151214810131,0.8299368770985158,0.0002733303127001596,0.0004782413234142644,0.036678926074646706,0.05983579227568604,-9.808300875966597e-5,-0.00015716263379998076,5.907962504031479e-5,0.00012526121357467443,-60.23431151574717,70.97571353421924,0.00019579358612955533,0.00018198800932090695,-1.3805576808648378e-5,5.011435910590469e-5,-7.05108736274605,28.811528674190974,-0.006990749961427537
1092.9999999999739,4.0120999146143,4.011238325014843,-0.0008615895994568135,0.00827824680432259,-0.02147477923763625,0.21228580352729162,0.7451437311212374,0.745414679436732,0.8145575268260801,0.8298930607010148,0.000270948315494568,0.0004782413234142644,0.036361886194340644,0.05983579227568604,-9.211725109848964e-5,-0.00014809093470039358,5.597368360190394e-5,0.00012526121357467443,-60.76351924793995,70.97571353421924,0.0002016281131984111,0.00018977560973385118,-1.1852503464559913e-5,5.011435910590469e-5,-5.8783982434515565,28.811528674190974,0.5318549999859103
1093.9999999999739,4.049841368413691,4.046888729179562,-0.0029526392341292507,0.00827824680432259,-0.07290752811105264,0.21228580352729162,0.7452264424578346,0.7454954333092912,0.8146153387623927,0.8299623319298952,0.0002689908514565964,0.0004782413234142644,0.03609518344108087,0.05983579227568604,-9.313226324960753e-5,-0.00014638076566093729,5.324850241132976e-5,0.00012526121357467443,-57.17514055104223,70.97571353421924,0.00020291409598414365,0.00019106747152259246,-1.1846624461551189e-5,5.011435910590469e-5,-5.83824618200843,28.811528674190974,-0.5950799999705331
1094.9999999999736,4.070555013674444,4.0664340836859045,-0.0041209299885398565,0.00827824680432259,-0.1012375456097801,0.21228580352729162,0.7453491534484465,0.7456168994614428,0.8147076584428785,0.8300581684628654,0.00026774601299628387,0.0004782413234142644,0.03592222675205641,0.05983579227568604,-9.724608772577118e-5,-0.0001486698683131546,5.142378058738341e-5,0.00012526121357467443,-52.880050796897606,70.97571353421924,0.00020164636745072988,0.00018880077840153535,-1.284558904919453e-5,5.011435910590469e-5,-6.37035480063047,28.811528674190974,-1.2438899999828874
1095.9999999999736,4.103388429443009,4.097349053507851,-0.00603937593515802,0.00827824680432259,-0.14718021554634544,0.21228580352729162,0.7457853105699289,0.7460530102771774,0.8150739292016477,0.8304128810056436,0.0002676997072484921,0.0004782413234142644,0.03589500938868266,0.05983579227568604,-0.00011967166597868183,-0.00017071330234652378,5.1041636367841955e-5,0.00012526121357467443,-42.65139617671442,70.97571353421924,0.00019380366707828336,0.00017800107775666467,-1.5802589321618695e-5,5.011435910590469e-5,-8.153916569202757,28.811528674190974,-2.405699999969357
1096.9999999999736,4.049564468082647,4.047720498754514,-0.0018439693281324665,0.00827824680432259,-0.045535003644614984,0.21228580352729162,0.7464283138146285,0.7466980530797609,0.8156057958996931,0.8309123301126389,0.0002697392651324071,0.0004782413234142644,0.03613733028881263,0.05983579227568604,-0.00015738121840655242,-0.00021027651186671377,5.289529346016135e-5,0.00012526121357467443,-33.609660667081926,70.97571353421924,0.0001801265558321654,0.00015978409929966628,-2.034245653249913e-5,5.011435910590469e-5,-11.293424469545403,28.811528674190974,-0.4919850000504749
1097.9999999999736,4.0666530348348235,4.063877756113655,-0.0027752787211685614,0.00827824680432259,-0.06824478747991555,0.21228580352729162,0.7466668324353385,0.7469376263048477,0.8157907558280579,0.8310831501194479,0.0002707938695092338,0.0004782413234142644,0.036267028043285236,0.05983579227568604,-0.000167434230158502,-0.00022044145717249562,5.300722701399361e-5,0.00012526121357467443,-31.6585365870612,70.97571353421924,0.00017085012527090666,0.00014785276542953661,-2.299735984137005e-5,5.011435910590469e-5,-13.460546080902505,28.811528674190974,-0.9796499999871378
1098.9999999999736,4.050083659713376,4.048071481958892,-0.00201217775448459,0.00827824680432259,-0.04968237507041994,0.21228580352729162,0.7465808160320762,0.7468507968127139,0.8157081767946367,0.831006482370379,0.00026998078063777964,0.0004782413234142644,0.036162298151815916,0.05983579227568604,-0.00015450288445157152,-0.0002056022787457977,5.109939429422618e-5,0.00012526121357467443,-33.07342414713503,70.97571353421924,0.00016776640492883143,0.00014471158901024637,-2.3054815918585055e-5,5.011435910590469e-5,-13.742212529597445,28.811528674190974,-0.45450000001385105
1099.9999999999734,4.033656254494091,4.032499068312085,-0.001157186182005887,0.00827824680432259,-0.02868826962427971,0.21228580352729162,0.7466086133338721,0.7468779957828158,0.8157220538308755,0.8310193698024179,0.0002693824489437002,0.0004782413234142644,0.03608081183805423,0.05983579227568604,-0.00015076071225373437,-0.0002006688885175674,4.990817626383302e-5,0.00012526121357467443,-33.10423220861162,70.97571353421924,0.00016476465728906386,0.00014211427318021777,-2.2650384108846084e-5,5.011435910590469e-5,-13.747113295728312,28.811528674190974,0.04432409998672992
1100.9999999999734,4.030461607418268,4.029211634308981,-0.0012499731092869837,0.00827824680432259,-0.031013150131149865,0.21228580352729162,0.7464435823340503,0.7467118677712286,0.8155661886278588,0.8308703247248224,0.0002682854371782728,0.0004782413234142644,0.03594182380661276,0.05983579227568604,-0.00013654156825239968,-0.00018456800643280465,4.802643818040497e-5,0.00012526121357467443,-35.17349243537849,70.97571353421924,0.0001654465680952112,0.00014448478079509926,-2.0961787300111936e-5,5.011435910590469e-5,-12.669822977560251,28.811528674190974,0.1393334999974725
1101.9999999999734,4.027388001737624,4.026066686393018,-0.0013213153446054449,0.00827824680432259,-0.03280824554364668,0.21228580352729162,0.7462590428981976,0.7465262176478177,0.8153934581723395,0.8307044967548954,0.0002671747496201249,0.0004782413234142644,0.03580187766737348,0.05983579227568604,-0.00012251286431790536,-0.00016877741947773458,4.626455515982923e-5,0.00012526121357467443,-37.76301812663409,70.97571353421924,0.00016775727261661717,0.00014890685437209583,-1.8850418244521343e-5,5.011435910590469e-5,-11.236721931931383,28.811528674190974,0.22499099999772126
1102.9999999999734,4.01445788231287,4.0136993300242265,-0.0007585522886435214,0.00827824680432259,-0.018895509951308617,0.21228580352729162,0.7461273617382055,0.7463936105267996,0.8152664067292752,0.8305827141109106,0.0002662487885941589,0.0004782413234142644,0.035684093929204797,0.05983579227568604,-0.00011259146895123289,-0.00015735234905198828,4.476088010075539e-5,0.00012526121357467443,-39.755125781459355,70.97571353421924,0.00016999655412519005,0.00015301805859761557,-1.697849552757447e-5,5.011435910590469e-5,-9.987552756552375,28.811528674190974,0.6045299999899032
1103.9999999999734,3.9685476328533547,3.9704638182372918,0.001916185383937119,0.00827824680432259,0.04828429846914542,0.21228580352729162,0.7459459207954942,0.746211344326685,0.8150952716738283,0.8304174911255795,0.00026542353119085593,0.0004782413234142644,0.035582141250642144,0.05983579227568604,-0.00010085625412962209,-0.00014419415408999898,4.333789996037689e-5,0.00012526121357467443,-42.96996783628144,70.97571353421924,0.000173290162854432,0.00015822859846863942,-1.5061564385792574e-5,5.011435910590469e-5,-8.691528784842022,28.811528674190974,2.1428999999590754
1104.9999999999734,3.8810219548811604,3.890214665468507,0.009192710587346387,0.00827824680432259,0.2368631431158156,0.21228580352729162,0.7454197668155179,0.7456847088100123,0.8146275154183811,0.8299579887124031,0.00026494199449433875,0.0004782413234142644,0.03554265747824053,0.05983579227568604,-7.327551851147394e-5,-0.00011551357192655126,4.223805341507732e-5,0.00012526121357467443,-57.64279021575728,70.97571353421924,0.0001829013734852856,0.00017150600682764615,-1.1395366657639453e-5,5.011435910590469e-5,-6.230334108757368,28.811528674190974,6.551999999882705
1105.9999999999732,3.830620735201631,3.844185180413121,0.013564445211490028,0.00827824680432259,0.35410566978973035,0.21228580352729162,0.7438312567844891,0.7440975941938258,0.8133329542013882,0.8286840276289233,0.00026633740933668104,0.0004782413234142644,0.03580615991966135,0.05983579227568604,5.889283433081769e-6,-3.716969547878862e-5,3.128041204570685e-5,0.00012526121357467443,531.1412228862333,70.97571353421924,0.0002129674728184348,0.0002119880598348629,-9.794129835718926e-7,5.011435910590469e-5,-0.4598885316195164,28.811528674190974,9.882449999910643
1106.9999999999732,3.7967194586223596,3.812150467540316,0.015431008917956568,0.00827824680432259,0.4064300532638172,0.21228580352729162,0.7412243597563328,0.7414918500456188,0.8113589386190343,0.8267883696094143,0.0002674902892859654,0.0004782413234142644,0.03608762795840913,0.05983579227568604,0.00014014543852114054,9.715116230413056e-5,-4.2994276217009974e-5,0.00012526121357467443,-30.678327222562018,70.97571353421924,0.000267771664358745,0.00028612920591323697,1.8357541554491993e-5,5.011435910590469e-5,6.855669959872087,28.811528674190974,12.1112999999402
1107.9999999999732,3.859703667394907,3.864398769063858,0.0046951016689509295,0.00827824680432259,0.12164409689306202,0.21228580352729162,0.7383730869716822,0.7386350707226796,0.809332832310931,0.8249449115086571,0.00026198375099739657,0.0004782413234142644,0.035481216152105505,0.05983579227568604,0.00029154897422378507,0.0002563615488985583,-3.518742532522675e-5,0.00012526121357467443,-12.069130210081907,70.97571353421924,0.000336567303227607,0.00037915260684029216,4.2585303612685164e-5,5.011435910590469e-5,12.65283442696346,28.811528674190974,6.803100000142419
1108.9999999999732,3.907246297164028,3.906221962464677,-0.0010243346993510372,0.00827824680432259,-0.026216281786344612,0.21228580352729162,0.7370551249300176,0.7373097693983317,0.8083163592815178,0.8240633599293167,0.0002546444683141358,0.0004782413234142644,0.034548904105145994,0.05983579227568604,0.00034230775799220896,0.0003156201786389355,-2.6687579353273482e-5,0.00012526121357467443,-7.796370000437121,70.97571353421924,0.00038483176830934597,0.00044029772913817836,5.546596082883239e-5,5.011435910590469e-5,14.413041073118013,28.811528674190974,3.779775000081116
1109.9999999999732,3.8162835002123927,3.8265931725948406,0.010309672382447843,0.00827824680432259,0.2701495416122535,0.21228580352729162,0.7375720624852944,0.7378242110632482,0.8085358303402733,0.8242941132329099,0.00025214857795385903,0.0004782413234142644,0.034186297282495885,0.05983579227568604,0.00028496773158007924,0.00026096968634297096,-2.3998045237108286e-5,0.00012526121357467443,-8.421320233011912,70.97571353421924,0.0003957898562339684,0.00044644609138399583,5.065623515002743e-5,5.011435910590469e-5,12.798770446527652,28.811528674190974,9.320399999851345
1110.999999999973,3.7568780308997494,3.7750883576245076,0.018210326724758197,0.00827824680432259,0.4847196681654564,0.21228580352729162,0.7368473250946439,0.7370973621870205,0.8079310600035905,0.8237731591838878,0.0002500370923765871,0.0004782413234142644,0.03393336500807291,0.05983579227568604,0.00030616103790952095,0.0002861278821241195,-2.0033155785401427e-5,0.00012526121357467443,-6.543339388378275,70.97571353421924,0.0004168069193972121,0.00046503366019851186,4.822674080129976e-5,5.011435910590469e-5,11.570523078418534,28.811528674190974,13.961249999874429
1111.999999999973,3.745708504474735,3.7629577038968165,0.017249199422081585,0.00827824680432259,0.46050565337572796,0.21228580352729162,0.7340098522737821,0.7342490766504975,0.8059761867040139,0.8220805688572644,0.00023922437671541896,0.0004782413234142644,0.032591439471058956,0.05983579227568604,0.0004581877584660943,0.0004512708817617023,-6.916876704391958e-6,0.00012526121357467443,-1.5096162166243916,70.97571353421924,0.00047660915810262395,0.0005383128377417883,6.170367963916431e-5,5.011435910590469e-5,12.94638984378857,28.811528674190974,14.288399999991148
1112.999999999973,3.801844969526069,3.8085213510137166,0.006676381487647376,0.00827824680432259,0.1756089882981115,0.21228580352729162,0.7311004716149724,0.7313182352733147,0.804067215969968,0.8205096597167575,0.00021776365834236255,0.0004782413234142644,0.029785736269781243,0.05983579227568604,0.0006165087197764919,0.0006313206632994551,1.48119435229632e-5,0.00012526121357467443,2.4025521534120555,70.97571353421924,0.0005497116585048844,0.0006319043372696473,8.219267876476285e-5,5.011435910590469e-5,14.951962086507672,28.811528674190974,9.003600000142994
1113.999999999973,3.889569501971157,3.88610387021433,-0.0034656317568271255,0.00827824680432259,-0.08910065124355823,0.21228580352729162,0.7300663403426602,0.7302711248831468,0.8032504171222705,0.81986273155161,0.00020478454048666883,0.0004782413234142644,0.028050127662446703,0.05983579227568604,0.0006393500093984867,0.0006656110912422224,2.6261081843735753e-5,0.00012526121357467443,4.107465622537912,70.97571353421924,0.0005944554160882462,0.0006837952113126018,8.933979522435557e-5,5.011435910590469e-5,15.028847043273164,28.811528674190974,3.433005000150726
1114.999999999973,3.905086820393573,3.902515006804388,-0.0025718135891850125,0.00827824680432259,-0.06585803869338333,0.21228580352729162,0.7311991857215836,0.7314074492524952,0.8038702075080778,0.8204183103329836,0.0002082635309116343,0.0004782413234142644,0.02848246209493649,0.05983579227568604,0.0005367845799256511,0.0005577792825129209,2.0994702587269812e-5,0.00012526121357467443,3.9111970373995733,70.97571353421924,0.0005918928679047331,0.0006690013446416113,7.710847673687816e-5,5.011435910590469e-5,13.027438058146867,28.811528674190974,2.723805000019189
1115.9999999999727,3.9067595805744846,3.90637320072216,-0.000386379852324481,0.00827824680432259,-0.00989003403858459,0.21228580352729162,0.7326596560009044,0.7328748579957894,0.8048295811537087,0.8212673965325012,0.0002152019948850059,0.0004782413234142644,0.029372709841790478,0.05983579227568604,0.0004362210645824505,0.00044945974251673254,1.323867793428206e-5,0.00012526121357467443,3.0348552624239007,70.97571353421924,0.0005673977941966176,0.000625492279904045,5.8094485707427365e-5,5.011435910590469e-5,10.238757764239063,28.811528674190974,2.7376199999996236
1116.9999999999727,3.876266034028819,3.8800100385371685,0.003744004508349441,0.00827824680432259,0.09658791412874437,0.21228580352729162,0.7333967675969151,0.733616899367541,0.8053014706033927,0.8216723350535694,0.00022013177062596423,0.0004782413234142644,0.03001537235393866,0.05983579227568604,0.00038248538870864194,0.00039064559915770415,8.160210449062206e-6,0.00012526121357467443,2.133469850080533,70.97571353421924,0.0005457354377322824,0.0005876651616480522,4.192972391576979e-5,5.011435910590469e-5,7.683159460928934,28.811528674190974,4.256234999958565
1117.9999999999727,3.8121342933368694,3.8235477069004418,0.011413413563572394,0.00827824680432259,0.2993969436890407,0.21228580352729162,0.7334500896138271,0.7336737328291579,0.8052602288256755,0.8215962058620254,0.00022364321533085985,0.0004782413234142644,0.030491947372807804,0.05983579227568604,0.00036540104747504186,0.00036988905007221003,4.488002597168169e-6,0.00012526121357467443,1.2282402111818562,70.97571353421924,0.0005346548963803276,0.0005666258091128648,3.197091273253721e-5,5.011435910590469e-5,5.979728783741401,28.811528674190974,8.193149999892581
1118.9999999999727,3.8426709311357046,3.8496615551431996,0.006990624007495061,0.00827824680432259,0.18192096416200218,0.21228580352729162,0.732322939554011,0.7325478625744096,0.8043637551185835,0.820727727150867,0.00022492302039867074,0.0004782413234142644,0.030713638512491526,0.05983579227568604,0.0004094762233466464,0.00041253356632839984,3.057342981753453e-6,0.00012526121357467443,0.7466472550630192,70.97571353421924,0.0005476799750950009,0.0005801306143327879,3.2450639237787e-5,5.011435910590469e-5,5.925109683288694,28.811528674190974,6.081300000057621
1119.9999999999727,3.8006407597223117,3.811963718923483,0.011322959201171212,0.00827824680432259,0.29792237459450144,0.21228580352729162,0.7312801640783702,0.7315048683461371,0.8035394644967453,0.8199334531682145,0.00022470426776699526,0.0004782413234142644,0.030727521243542718,0.05983579227568604,0.0004471796046518253,0.00044993505583555286,2.7554511837275418e-6,0.00012526121357467443,0.616184449170695,70.97571353421924,0.0005667726103023073,0.0006033501478219432,3.657753751963588e-5,5.011435910590469e-5,6.453652991475015,28.811528674190974,8.691749999928776
1120.9999999999725,3.805839124519303,3.815995763984138,0.010156639464835138,0.00827824680432259,0.26686991048571906,0.21228580352729162,0.7304265083723721,0.7306492494257304,0.8028680247034355,0.8192985143048332,0.00022274105335828853,0.0004782413234142644,0.03049465631451795,0.05983579227568604,0.00047449736759926206,0.00047883061285387097,4.333245254608913e-6,0.00012526121357467443,0.9132285130543794,70.97571353421924,0.0005859007668333348,0.0006270759776497534,4.117521081641864e-5,5.011435910590469e-5,7.027676553311515,28.811528674190974,8.146350000015005
1121.9999999999725,3.825253754681108,3.832276618023585,0.007022863342477148,0.00827824680432259,0.18359209069157842,0.21228580352729162,0.7292791190580613,0.7294985244672199,0.801999565469415,0.8184923676496297,0.00021940540915854623,0.0004782413234142644,0.030085244925417687,0.05983579227568604,0.0005171870373225199,0.0005244906943548525,7.303657032332682e-6,0.00012526121357467443,1.4121887257932362,70.97571353421924,0.0006114738649344553,0.0006588346366335588,4.736077169910347e-5,5.011435910590469e-5,7.745346843921144,28.811528674190974,6.6465000000412635
1122.9999999999725,3.9281980546059563,3.925524362794837,-0.0026736918111192054,0.00827824680432259,-0.06806407859156194,0.21228580352729162,0.7288330111666544,0.72905069420014,0.801612756578134,0.8181292163554992,0.00021768303348557172,0.0004782413234142644,0.02986734000112359,0.05983579227568604,0.0005199686119154208,0.0005285878062714347,8.619194356013888e-6,0.00012526121357467443,1.6576374339718616,70.97571353421924,0.0006263145332397022,0.0006754047045456656,4.909017130596345e-5,5.011435910590469e-5,7.837942232002421,28.811528674190974,1.5259950001408764
1123.9999999999725,3.929260078716418,3.927870384745614,-0.001389693970804018,0.00827824680432259,-0.035367828623296245,0.21228580352729162,0.7297052580464812,0.7299236124790699,0.8022463719157823,0.81872070614074,0.00021835443258866327,0.0004782413234142644,0.029923647963456826,0.05983579227568604,0.000460977254600417,0.0004683264733935813,7.349218793164332e-6,0.00012526121357467443,1.5942692876538478,70.97571353421924,0.0006138350104291562,0.0006556863507804803,4.185134035132414e-5,5.011435910590469e-5,6.818011296238093,28.811528674190974,1.5181650000002154
1124.9999999999725,3.8715605842748846,3.8767104298982566,0.005149845623372062,0.00827824680432259,0.13301730687850238,0.21228580352729162,0.7310361758001596,0.7312564893843698,0.8032585503493739,0.8196612689397301,0.00022031358421026326,0.0004782413234142644,0.03013716577967128,0.05983579227568604,0.0003858314781838604,0.00039050382456519124,4.672346381330843e-6,0.00012526121357467443,1.2109811266110144,70.97571353421924,0.0005838070112650351,0.0006131194671441077,2.9312455879072536e-5,5.011435910590469e-5,5.020915356181865,28.811528674190974,4.105574999928815
1125.9999999999725,3.840139014974147,3.8489606171995745,0.008821602225427494,0.00827824680432259,0.2297209083064115,0.21228580352729162,0.7311427205275755,0.7313648613215452,0.8032875994940618,0.8196541798703223,0.0002221407939697606,0.0004782413234142644,0.030382685586949294,0.05983579227568604,0.00037014548938288887,0.00037251442006729795,2.368930684409085e-6,0.00012526121357467443,0.6399998790633908,70.97571353421924,0.0005690676345581894,0.0005910753070595062,2.200767250131678e-5,5.011435910590469e-5,3.867321064288433,28.811528674190974,5.903549999950534
1126.9999999999723,3.837527580766552,3.8460889356131944,0.008561354846642555,0.00827824680432259,0.22309559127474493,0.21228580352729162,0.7303275302145711,0.7305507656695045,0.8026033871744446,0.818955481942413,0.00022323545493341257,0.0004782413234142644,0.03056648499445526,0.05983579227568604,0.00039820318300625226,0.00039849510573820455,2.919227319522896e-7,0.00012526121357467443,0.07330999459833702,70.97571353421924,0.0005742961651795753,0.0005964806671624876,2.218450198291234e-5,5.011435910590469e-5,3.862902684710688,28.811528674190974,6.004349999997204
1127.9999999999723,3.8665698448112287,3.8714725852008613,0.004902740389632676,0.00827824680432259,0.12679818512038374,0.21228580352729162,0.7294830491097057,0.7297062723970852,0.8019256569187386,0.818269409956564,0.0002232232873794482,0.0004782413234142644,0.030600202109134687,0.05983579227568604,0.0004274396019989564,0.0004266195711134889,-8.200308854674782e-7,0.00012526121357467443,-0.19184719469897887,70.97571353421924,0.0005866088412195788,0.0006124026048588427,2.5793763639263886e-5,5.011435910590469e-5,4.397097661473668,28.811528674190974,4.2888600000475865
1128.9999999999723,3.83249957560877,3.841056585841331,0.008557010232561169,0.00827824680432259,0.2232749166371907,0.21228580352729162,0.7292556223186334,0.7294786507186161,0.8017159867233277,0.8180454690614186,0.0002230283999826721,0.0004782413234142644,0.030583020981526883,0.05983579227568604,0.0004255545510119568,0.0004244359355163797,-1.1186154955770706e-6,0.00012526121357467443,-0.2628606586199194,70.97571353421924,0.0005910825995311204,0.0006182475555135299,2.716495598240943e-5,5.011435910590469e-5,4.595796933281099,28.811528674190974,6.156449999948195
1129.9999999999723,3.862725967710811,3.868029002334274,0.005303034623463265,0.00827824680432259,0.13728736306412212,0.21228580352729162,0.728929771287621,0.7291522910207308,0.8014337823419275,0.8177539702204174,0.00022251973310971618,0.0004782413234142644,0.030526909707178685,0.05983579227568604,0.000428730512489688,0.00042760735440049673,-1.1231580891912698e-6,0.00012526121357467443,-0.261972977539891,70.97571353421924,0.0005959433695156374,0.0006240950223232747,2.8151652807637288e-5,5.011435910590469e-5,4.723880530882993,28.811528674190974,4.4001450000487194
1130.9999999999723,3.844015240471562,3.8512264296402727,0.007211189168710774,0.00827824680432259,0.1875952283640308,0.21228580352729162,0.7285888537707885,0.7288109303993963,0.8011431220095082,0.81745328095887,0.00022207662860773691,0.0004782413234142644,0.030480376889982102,0.05983579227568604,0.0004328404260342984,0.0004315423727342715,-1.2980533000269356e-6,0.00012526121357467443,-0.29989188207759443,70.97571353421924,0.0006010303831220326,0.0006298150781565045,2.878469503447194e-5,5.011435910590469e-5,4.789224612065498,28.811528674190974,5.372099999973038
1131.999999999972,3.878307227635604,3.882252361795111,0.0039451341595069245,0.00827824680432259,0.10172309535962319,0.21228580352729162,0.728432483448453,0.7286543997487718,0.8009892758274617,0.8172838650412686,0.00022191630031875853,0.0004782413234142644,0.0304649099760338,0.05983579227568604,0.000427808594772893,0.0004261853475466018,-1.6232472262912184e-6,0.00012526121357467443,-0.3794330563070939,70.97571353421924,0.0006027572436773135,0.000630917437952314,2.8160194275000548e-5,5.011435910590469e-5,4.671896450916171,28.811528674190974,3.552345000050893
1132.999999999972,3.8987793501753605,3.901190092590137,0.0024107424147765677,0.00827824680432259,0.061833261086399686,0.21228580352729162,0.7283900885657308,0.7286119646951027,0.8009305650307621,0.8172078990424675,0.0002218761293718563,0.0004782413234142644,0.030461168109625354,0.05983579227568604,0.0004184078445543249,0.0004164224336908977,-1.9854108634271856e-6,0.00012526121357467443,-0.47451568828542967,70.97571353421924,0.0006013506218576431,0.0006278753127702254,2.6524690912582238e-5,5.011435910590469e-5,4.410852828362318,28.811528674190974,2.626290000025899
1133.999999999972,3.899688786023542,3.9027231333524144,0.003034347328872311,0.00827824680432259,0.07780998678016028,0.21228580352729162,0.728835039775844,0.7290573791863554,0.8012586640636404,0.8175090721482422,0.00022233941051141848,0.0004782413234142644,0.030506136282882318,0.05983579227568604,0.0003876084274801538,0.00038502390529575727,-2.584522184396554e-6,0.00012526121357467443,-0.6667868913992809,70.97571353421924,0.0005896891982069815,0.0006116292381189322,2.1940039911950613e-5,5.011435910590469e-5,3.72061078592958,28.811528674190974,2.62629
1134.999999999972,3.9245626178763495,3.9262155926106934,0.0016529747343438927,0.00827824680432259,0.04211869946512273,0.21228580352729162,0.7291842291027709,0.7294070352999474,0.8015177230675603,0.8177395909110157,0.00022280619717651717,0.0004782413234142644,0.030555542520532896,0.05983579227568604,0.00036306752576658946,0.00035969293081305434,-3.3745949535351127e-6,0.00012526121357467443,-0.9294675822107505,70.97571353421924,0.0005763520489469329,0.0005934704573028031,1.7118408355870163e-5,5.011435910590469e-5,2.9701305629341705,28.811528674190974,1.6884000000262298
1135.999999999972,3.926110680820695,3.9281516416823496,0.002040960861654728,0.00827824680432259,0.05198429253726733,0.21228580352729162,0.7295500573315041,0.7297733350399979,0.8018039032565053,0.8179948829424131,0.00022327770849372985,0.0004782413234142644,0.03060485106538392,0.05983579227568604,0.0003394017510178848,0.0003351079214194342,-4.293829598450585e-6,0.00012526121357467443,-1.2651171025409125,70.97571353421924,0.0005614307344789883,0.0005737770923315646,1.234635785257634e-5,5.011435910590469e-5,2.199088345962009,28.811528674190974,1.6799850000002354
1136.9999999999718,3.904194954479777,3.9083761694045926,0.004181214924815713,0.00827824680432259,0.10709544409451366,0.21228580352729162,0.729954273863252,0.7301780034652487,0.8021288762781505,0.8182876599451403,0.0002237296019967916,0.0004782413234142644,0.030649810543982733,0.05983579227568604,0.00031522244261099927,0.0003100062007778592,-5.2162418331400465e-6,0.00012526121357467443,-1.6547812363655712,70.97571353421924,0.0005449706777447513,0.0005527460893734013,7.775411628650015e-6,5.011435910590469e-5,1.4267577956353454,28.811528674190974,2.602619999973987
1137.9999999999718,3.9813919186407656,3.9803640223758268,-0.0010278962649388212,0.00827824680432259,-0.025817510206072394,0.21228580352729162,0.7300036017170743,0.7302277117561462,0.8021528471358629,0.8182787512112076,0.00022411003907185645,0.0004782413234142644,0.030699853883558538,0.05983579227568604,0.00030709755930810053,0.00030073846680193526,-6.359092506165269e-6,0.00012526121357467443,-2.0707076020052013,70.97571353421924,0.0005343711097939032,0.0005398548783293322,5.48376853542901e-6,5.011435910590469e-5,1.0262097697504633,28.811528674190974,-0.08221949992430275
1138.9999999999718,3.931035242364701,3.933746996208982,0.0027117538442813505,0.00827824680432259,0.06898319849837073,0.21228580352729162,0.7304503944342915,0.7306749390377484,0.8025413542644102,0.8186314504572663,0.00022454460345688876,0.0004782413234142644,0.030740568444868974,0.05983579227568604,0.0002813617771890054,0.0002739121606487215,-7.449616540283917e-6,0.00012526121357467443,-2.6477002721231817,70.97571353421924,0.0005182391648178226,0.000520296918195157,2.0577533773344456e-6,5.011435910590469e-5,0.3970663579735065,28.811528674190974,1.6467299999512535
1139.9999999999718,4.0046170305070925,4.0029540534062225,-0.0016629771008700445,0.00827824680432259,-0.04152649524789807,0.21228580352729162,0.7309172706347373,0.7311422266581231,0.802938059719622,0.818995176130527,0.00022495602338579168,0.0004782413234142644,0.030777220955586007,0.05983579227568604,0.00025601009058830095,0.000247712702463756,-8.297388124544973e-6,0.00012526121357467443,-3.241039486169435,70.97571353421924,0.0005004004511679711,0.0004988244495634048,-1.5760016045662925e-6,5.011435910590469e-5,-0.3149480782616782,28.811528674190974,-0.7129349999334709
1140.9999999999718,4.024661435618856,4.021990522303605,-0.0026709133152502673,0.00827824680432259,-0.06636367699435002,0.21228580352729162,0.7313620258779574,0.7315875884517337,0.8033255176835877,0.8193445407976113,0.0002255625737762612,0.0004782413234142644,0.03084143909515763,0.05983579227568604,0.0002313412399764827,0.00022175331634624468,-9.587923630238022e-6,0.00012526121357467443,-4.144493922144057,70.97571353421924,0.0004823580805480848,0.0004772879670231161,-5.070113524968699e-6,5.011435910590469e-5,-1.051109897279574,28.811528674190974,-1.321784999982834
1141.9999999999716,4.085364340932829,4.078407202748653,-0.006957138184175982,0.00827824680432259,-0.17029419174367758,0.21228580352729162,0.7323209838290188,0.7325477262319239,0.8041888412968659,0.8201554180556809,0.00022674240290510017,0.0004782413234142644,0.030962161116776032,0.05983579227568604,0.00018210287387123415,0.00017042876620466016,-1.167410766657399e-5,0.00012526121357467443,-6.410721268917925,70.97571353421924,0.0004549497290420704,0.0004438872496062365,-1.1062479435833858e-5,5.011435910590469e-5,-2.431582816661241,28.811528674190974,-3.6897299999326987
1142.9999999999716,4.109395873212083,4.101215419861306,-0.008180453350776773,0.00827824680432259,-0.19906705518693613,0.21228580352729162,0.7335919601622956,0.7338221329331067,0.8053235151933438,0.8211924010443394,0.0002301727708111656,0.0004782413234142644,0.03137613050724323,0.05983579227568604,0.00010851494517603356,9.14000768943613e-5,-1.7114868281672255e-5,0.00012526121357467443,-15.771899671430898,70.97571353421924,0.00041939182558381764,0.00039995707615147694,-1.9434749432340706e-5,5.011435910590469e-5,-4.634031530129709,28.811528674190974,-4.702499999971215
1143.9999999999716,4.185533293745762,4.16956888012448,-0.015964413621282425,0.00827824680432259,-0.3814188659098057,0.21228580352729162,0.7351956936186771,0.7354332215843197,0.8067351587272066,0.8224557003457983,0.00023752796564258105,0.0004782413234142644,0.032308127986094996,0.05983579227568604,9.895696272179831e-6,-1.7086216168615735e-5,7.190519896435904e-6,0.00012526121357467443,72.66310220788507,70.97571353421924,0.0003752029213878066,0.0003449490677635826,-3.0253853624223983e-5,5.011435910590469e-5,-8.06333104025964,28.811528674190974,-9.254699999870619
1144.9999999999716,4.146121339047037,4.1380534522362264,-0.008067886810810165,0.00827824680432259,-0.1945887771018425,0.21228580352729162,0.7375677465328149,0.7378275274547573,0.8086514237326806,0.8240816522567804,0.00025978092194245406,0.0004782413234142644,0.03522129637089496,0.05983579227568604,-0.00016596751033101886,-0.00021892559630807887,5.295808597706e-5,0.00012526121357467443,-31.908706632663325,70.97571353421924,0.00031476508091787684,0.00026760492522442215,-4.7160155693454686e-5,5.011435910590469e-5,-14.982651682941576,28.811528674190974,-6.063300000090704
1145.9999999999716,4.209910919613158,4.19542106154814,-0.014489858065017458,0.00827824680432259,-0.3441844338679952,0.21228580352729162,0.7394902190720587,0.739774090506495,0.8102257469208484,0.8253932704633203,0.00028387143443631135,0.0004782413234142644,0.03838744950440647,0.05983579227568604,-0.00029636748797820327,-0.00037351628317155587,7.71487951933526e-5,0.00012526121357467443,-26.031463747813866,70.97571353421924,0.0002569101615675177,0.00019504318224690008,-6.186697932061765e-5,5.011435910590469e-5,-24.08117255586194,28.811528674190974,-9.970649999888947
1146.9999999999714,4.140653760346808,4.136577046281976,-0.004076714064831677,0.00827824680432259,-0.09845580675864635,0.21228580352729162,0.7411546818295082,0.7414691317628969,0.811591854077365,0.8264797588521907,0.0003144499333886941,0.0004782413234142644,0.04242703191356601,0.05983579227568604,-0.00040275543211434255,-0.0005093445567289335,0.00010658912461459092,0.00012526121357467443,-26.464975048264577,70.97571353421924,0.00020383307920167454,0.00013082541133767952,-7.300766786399502e-5,5.011435910590469e-5,-35.81737966670291,28.811528674190974,-4.900950000145242
1147.9999999999714,4.168281377427316,4.161718429442495,-0.006562947984821044,0.00827824680432259,-0.15744973504815857,0.21228580352729162,0.7422840498725655,0.7426194768341092,0.8125388877033304,0.827229853084854,0.00033542696154376106,0.0004782413234142644,0.04518849106367661,0.05983579227568604,-0.0004619192091202154,-0.000586183322295341,0.00012426411317512564,0.00012526121357467443,-26.901698548497833,70.97571353421924,0.00016133630954717418,8.251141490237706e-5,-7.882489464479712e-5,5.011435910590469e-5,-48.857504467553845,28.811528674190974,-6.1802999999633474
1148.9999999999714,4.211970585184078,4.199246896108519,-0.012723689075558653,0.00827824680432259,-0.3020839965102126,0.21228580352729162,0.742515923204332,0.7428523793187777,0.812852426218489,0.8275005196199302,0.00033645611444566015,0.0004782413234142644,0.045312983052764946,0.05983579227568604,-0.00043544120173009753,-0.0005562377633990626,0.00012079656166896508,0.00012526121357467443,-27.741187831793475,70.97571353421924,0.00013790014899160585,6.179089746498482e-5,-7.610925152662104e-5,5.011435910590469e-5,-55.191565841784474,28.811528674190974,-8.918099999921566
1149.9999999999714,4.182451148705538,4.174886651629148,-0.007564497076390175,0.00827824680432259,-0.18086277179188034,0.21228580352729162,0.7439846419871279,0.7443407168048932,0.8140378799309252,0.8284477617285202,0.00035607481776533945,0.0004782413234142644,0.04786050647689312,0.05983579227568604,-0.0005319184969418404,-0.0006728274925262773,0.00014090899558443697,0.00012526121357467443,-26.49071171515283,70.97571353421924,0.00010047554678057607,2.1716886993731766e-5,-7.875865978684431e-5,5.011435910590469e-5,-78.38589817166333,28.811528674190974,-6.50790000006905
1150.9999999999714,4.1455667266530165,4.142833644429419,-0.0027330822235978047,0.00827824680432259,-0.06592783095314927,0.21228580352729162,0.7451800307815567,0.7455534667599399,0.8149933473615076,0.8292160403979265,0.00037343597838324083,0.0004782413234142644,0.05011352464606106,0.05983579227568604,-0.000603107803834997,-0.0007581479069410304,0.00015504010310603343,0.00012526121357467443,-25.706864033291556,70.97571353421924,6.49662364627483e-5,-1.6553982757903426e-5,-4.841225370484487e-5,5.011435910590469e-5,-74.51909844370391,28.811528674190974,-4.089375000069289
1151.9999999999714,4.0914875995656,4.0923257948434815,0.0008381952778817592,0.00827824680432259,0.02048632086703017,0.21228580352729162,0.7451242760200687,0.7454942198741107,0.8150144063691921,0.8292541714641637,0.0003699438540419875,0.0004782413234142644,0.04964861110390445,0.05983579227568604,-0.0005590325308121694,-0.0007044195461926682,0.00014538701538049882,0.00012526121357467443,-26.00689716022049,70.97571353421924,5.0630418180948726e-5,-2.666989493283052e-5,-2.3960523248118205e-5,5.011435910590469e-5,-47.324363710537355,28.811528674190974,-1.6650900000694535
1152.9999999999711,4.035810928031556,4.038523098958117,0.0027121709265607308,0.00827824680432259,0.06720262606265297,0.21228580352729162,0.744395273783332,0.7447519340697213,0.8144438450398059,0.8287990574116602,0.0003566602863892543,0.0004782413234142644,0.04791275535328907,0.05983579227568604,-0.00047295825629601067,-0.0005999007539198743,0.00012694249762386367,0.00012526121357467443,-26.840106063063224,70.97571353421924,5.402513051333486e-5,-1.3652532068795095e-5,-4.0372598444539765e-5,5.011435910590469e-5,-74.72929368412117,28.811528674190974,0.08196749994955117
1153.9999999999711,4.032627949395357,4.0337890160731495,0.0011610666777928103,0.00827824680432259,0.02879181249455205,0.21228580352729162,0.7433261208324841,0.7436683421935726,0.8135269105853221,0.8280173835581213,0.00034222136108852386,0.0004782413234142644,0.04603919484293851,0.05983579227568604,-0.000379031555247588,-0.00048772838151178754,0.00010869682626419956,0.00012526121357467443,-28.677513721304148,70.97571353421924,7.001127243880972e-5,1.514585282427386e-5,-5.486541961453586e-5,5.011435910590469e-5,-78.36655113287445,28.811528674190974,0.13676399999841768
1154.9999999999711,4.030931910770535,4.030933052873376,1.1421028407454514e-6,0.00827824680432259,2.8333468935403876e-5,0.21228580352729162,0.7424523288582375,0.7427837517071276,0.8127587494688613,0.8273465673466358,0.000331422848890095,0.0004782413234142644,0.0446389399033559,0.05983579227568604,-0.00030905231163393636,-0.00040475534671913016,9.57030350851938e-5,0.00012526121357467443,-30.966613573999506,70.97571353421924,8.850017567959485e-5,4.5833844184858126e-5,-4.2666331494736725e-5,5.011435910590469e-5,-48.210448360244484,28.811528674190974,0.136764
1155.9999999999711,4.0295896775305575,4.0289411262068135,-0.0006485513237439733,0.00827824680432259,-0.016094723672744348,0.21228580352729162,0.7419476719785374,0.7422718109004883,0.8123113782588084,0.8269647454667468,0.00032413892195093386,0.0004782413234142644,0.04368757180497095,0.05983579227568604,-0.0002672830143403376,-0.0003541264468081305,8.684343246779288e-5,0.00012526121357467443,-32.49119016489882,70.97571353421924,0.0001032450079026558,6.977693967425235e-5,-3.346806822840345e-5,5.011435910590469e-5,-32.41616123460294,28.811528674190974,0.136764
1156.9999999999711,4.028528730683601,4.02747362027137,-0.001055110412231386,0.00827824680432259,-0.026190961583444985,0.21228580352729162,0.7416041722218811,0.7419229888248637,0.8120003505485749,0.8267044525911442,0.00031881660298260783,0.0004782413234142644,0.042990130709138034,0.05983579227568604,-0.00023829669855044282,-0.00031835596336614964,8.005926481570683e-5,0.00012526121357467443,-33.596464114990596,70.97571353421924,0.00011496291648348244,8.793136725872801e-5,-2.7031549224754427e-5,5.011435910590469e-5,-23.51327719546698,28.811528674190974,0.136764
1157.999999999971,4.027686202829176,4.026355273733085,-0.0013309290960910047,0.00827824680432259,-0.033044508163424385,0.21228580352729162,0.741349275853712,0.7416639713611731,0.8117642984394399,0.8265096609393086,0.00031469550746110464,0.0004782413234142644,0.04244902068579109,0.05983579227568604,-0.00021643090012845077,-0.00029103191657244584,7.460101644399508e-5,0.00012526121357467443,-34.4687456364686,70.97571353421924,0.00012436294603831706,0.00010163205638630072,-2.2730889652016343e-5,5.011435910590469e-5,-18.27786360497829,28.811528674190974,0.136764
1158.999999999971,4.027016493183575,4.0254963530663534,-0.0015201401172211249,0.00827824680432259,-0.03774854460601853,0.21228580352729162,0.7411514949624777,0.7414628779461384,0.8115768116482563,0.8263566849617758,0.00031138298366073514,0.0004782413234142644,0.042013405596179706,0.05983579227568604,-0.00019920119794566396,-0.0002692698800587198,7.006868211305582e-5,0.00012526121357467443,-35.174829687604806,70.97571353421924,0.00013195080963810705,0.00011204188887003078,-1.9908920768076273e-5,5.011435910590469e-5,-15.088138392389695,28.811528674190974,0.136764
1159.999999999971,4.0264853278304695,4.0248209320435056,-0.0016643957869639792,0.00827824680432259,-0.04133619401168365,0.21228580352729162,0.7409936481531537,0.7413023016341501,0.8114235047494186,0.8262327320925209,0.00030865348099640144,0.0004782413234142644,0.041653998217891175,0.05983579227568604,-0.0001852428970757471,-0.0002514661819935856,6.622328491783853e-5,0.00012526121357467443,-35.7494327519394,70.97571353421924,0.0001380952918189905,0.00012003695224047105,-1.8058339578519447e-5,5.011435910590469e-5,-13.076723573016205,28.811528674190974,0.136764
1160.999999999971,4.026065742030589,4.02429781536266,-0.0017679266679291317,0.00827824680432259,-0.043912016872269435,0.21228580352729162,0.740865138363205,0.7411715016532998,0.8112955106633275,0.826129983301274,0.0003063632900948132,0.0004782413234142644,0.04135209962391567,0.05983579227568604,-0.00017370823633118838,-0.00023661596720588867,6.290773087470029e-5,0.00012526121357467443,-36.21459304598647,70.97571353421924,0.00014307323116298317,0.00012624668682823206,-1.6826544334751106e-5,5.011435910590469e-5,-11.760791447830654,28.811528674190974,0.136764
1161.999999999971,4.0257367000936615,4.023882289555616,-0.001854410538045137,0.00827824680432259,-0.04606388038248982,0.21228580352729162,0.7407589279872242,0.7410633425039614,0.8111869315893205,0.8260432885563523,0.0003044145167372392,0.0004782413234142644,0.041094950764128946,0.05983579227568604,-0.00016403045455498118,-0.0002240427869161565,6.001233236117533e-5,0.00012526121357467443,-36.586091603532,70.97571353421924,0.00014709856595441023,0.00013111310369018554,-1.598546226422469e-5,5.011435910590469e-5,-10.8671775013626,28.811528674190974,0.136764
1162.9999999999707,4.025481258171131,4.023564484711369,-0.0019167734597616004,0.00827824680432259,-0.04761600754868338,0.21228580352729162,0.7406701021372412,0.7409728396766445,0.8110936333636118,0.8259690726171707,0.0003027375394033527,0.0004782413234142644,0.0408734655995683,0.05983579227568604,-0.00015581167137845717,-0.000213269104337619,5.745743295916184e-5,0.00012526121357467443,-36.876206031832616,70.97571353421924,0.0001503402563768563,0.0001349492207852801,-1.5391035591576197e-5,5.011435910590469e-5,-10.237467969321306,28.811528674190974,0.136764
1163.9999999999707,4.025286064489215,4.0233132237095,-0.00197284077971549,0.00827824680432259,-0.04901119443707989,0.21228580352729162,0.7405950983133693,0.7408963795227177,0.811012604581173,0.8259047593760153,0.00030128120934835856,0.0004782413234142644,0.04068096184196954,0.05983579227568604,-0.00014876202137859647,-0.00020394526837399447,5.5183246995398e-5,0.00012526121357467443,-37.09498330555599,70.97571353421924,0.00015293361879781326,0.00013797891198790726,-1.4954706809906007e-5,5.011435910590469e-5,-9.778560742538211,28.811528674190974,0.136764
1164.9999999999707,4.025140205011591,4.0231278914505095,-0.002012313561081669,0.00827824680432259,-0.049993626522032514,0.21228580352729162,0.7405312589067716,0.7408312659996771,0.8109415856467904,0.8258484331076742,0.00030000709290545213,0.0004782413234142644,0.04051241447232698,0.05983579227568604,-0.0001426643668799269,-0.00019580840606177536,5.3144039181848444e-5,0.00012526121357467443,-37.25109524130646,70.97571353421924,0.00015498810526637822,0.00014036648088863726,-1.4621624377740951e-5,5.011435910590469e-5,-9.434030019665542,28.811528674190974,0.136764
1165.9999999999707,4.025035041325462,4.022984751859311,-0.002050289466151156,0.00827824680432259,-0.050938425258429225,0.21228580352729162,0.7404765547947719,0.7407754403544341,0.8108788406473498,0.8257986386487659,0.00029888555966217645,0.0004782413234142644,0.04036394639733254,0.05983579227568604,-0.00013735214244221198,-0.00018865596857583578,5.13038261336238e-5,0.00012526121357467443,-37.35203923390478,70.97571353421924,0.00015659283033900583,0.00014223482609392068,-1.4358004245085146e-5,5.011435910590469e-5,-9.169004873340423,28.811528674190974,0.136764
1166.9999999999707,4.024963411248141,4.022887546022686,-0.002075865225455331,0.00827824680432259,-0.05157476014947439,0.21228580352729162,0.7404294070470876,0.7407273005282669,0.8108230099154867,0.825754244840977,0.0002978934811792566,0.0004782413234142644,0.04023252971100756,0.05983579227568604,-0.00013269526245365118,-0.00018232936477467285,4.963410232102167e-5,0.00012526121357467443,-37.404577528424014,70.97571353421924,0.00015782074910987686,0.0001436782645609824,-1.4142484548894472e-5,5.011435910590469e-5,-8.96110595638365,28.811528674190974,0.136764
1167.9999999999704,4.024919634375308,4.0228173466279395,-0.0021022877473688695,0.00827824680432259,-0.052231794379545594,0.21228580352729162,0.7403885671099337,0.7406855794520466,0.8107730112364289,0.8257143619252726,0.00029701234211287897,0.0004782413234142644,0.04011573858740829,0.05983579227568604,-0.00012859038147594284,-0.00017670199916567148,4.8111617689728644e-5,0.00012526121357467443,-37.414631745788505,70.97571353421924,0.00015873187918862545,0.00014477050737665142,-1.3961371811974029e-5,5.011435910590469e-5,-8.795568907354362,28.811528674190974,0.136764
1168.9999999999704,3.9990083690209532,3.998412433563847,-0.0005959354571061226,0.00827824680432259,-0.014902080768888737,0.21228580352729162,0.7403530342506233,0.7406492615197781,0.8107279713083811,0.8256782760454765,0.0002962272691547918,0.0004782413234142644,0.0400116235701836,0.05983579227568604,-0.00012495439221462496,-0.00017167188179351814,4.671748957889318e-5,0.00012526121357467443,-37.38763300024699,70.97571353421924,0.00015937579105476608,0.00014557017380966816,-1.3805617245097923e-5,5.011435910590469e-5,-8.662305080169872,28.811528674190974,0.9179999999769078
1169.9999999999704,3.9077007762725375,3.9138416529411995,0.006140876668661921,0.00827824680432259,0.1571480781217736,0.21228580352729162,0.7401529580012731,0.7404484302218225,0.8105399061926973,0.8255009443082862,0.0002954722205493754,0.0004782413234142644,0.03992042690030932,0.05983579227568604,-0.0001129878210648612,-0.00015830987076729172,4.532204970243052e-5,0.00012526121357467443,-40.11233182062444,70.97571353421924,0.00016266212902348002,0.00014990704700618447,-1.2755082017295552e-5,5.011435910590469e-5,-7.841457685245455,28.811528674190974,4.718699999887657
1170.9999999999704,3.8425342370495454,3.854720184667264,0.012185947617718629,0.00827824680432259,0.31713309149524965,0.21228580352729162,0.7390494146051201,0.7393449884970578,0.8096039363948301,0.8245803263243715,0.0002955738919376838,0.0004782413234142644,0.03999379285018597,0.05983579227568604,-5.857022125929622e-5,-0.00010355119469273727,4.498097343344105e-5,0.00012526121357467443,-76.79836692831633,70.97571353421924,0.0001822233205760558,0.00017592420203992257,-6.299118536133222e-6,5.011435910590469e-5,-3.4568125068844395,28.811528674190974,8.753849999880726
1171.9999999999704,3.7866592135513617,3.803855009474428,0.017195795923066193,0.00827824680432259,0.454115222767536,0.21228580352729162,0.7367317936034644,0.7370276651574044,0.8077794131564441,0.8228067641418094,0.00029587155393995257,0.0004782413234142644,0.0401600089080995,0.05983579227568604,5.7288547643370754e-5,1.2437263969761114e-5,-4.485128367360964e-5,0.00012526121357467443,-78.29013916152174,70.97571353421924,0.00022809939189206556,0.00023768770465104922,9.58831275898366e-6,5.011435910590469e-5,4.203567874271561,28.811528674190974,12.796199999880514
1172.9999999999704,3.7340743599919093,3.755743538604857,0.021669178612947704,0.00827824680432259,0.580309241966854,0.21228580352729162,0.7335720912704263,0.7338619254607633,0.8055169856749818,0.820715535973967,0.00028983419033701274,0.0004782413234142644,0.03950998051671616,0.05983579227568604,0.0002281042530490484,0.00019075341018999685,-3.7350842859051555e-5,0.00012526121357467443,-16.37446139639498,70.97571353421924,0.00029851702850307836,0.000334090182597936,3.557315409485765e-5,5.011435910590469e-5,11.916624747753984,28.811528674190974,16.849349999880193
1173.9999999999702,3.6824931058656714,3.7084095134967354,0.025916407631064065,0.00827824680432259,0.7037734188770924,0.21228580352729162,0.7297312116526841,0.7299957143340905,0.8030076709007404,0.818600040772155,0.00026450268140643107,0.0004782413234142644,0.03624659013931848,0.05983579227568604,0.0004549704436951301,0.00044551035314089856,-9.46009055423152e-6,0.00012526121357467443,-2.079275848646249,70.97571353421924,0.0003918737210896843,0.0004637103587599057,7.18366376702214e-5,5.011435910590469e-5,18.331578211079087,28.811528674190974,20.91734999987883
1174.9999999999702,3.6862563628416685,3.7067954884352656,0.020539125593597163,0.00827824680432259,0.5571811499774237,0.21228580352729162,0.7252811561124755,0.7254822357327203,0.8003396125911366,0.8166335240665694,0.00020107962024484838,0.0004782413234142644,0.027724368481133577,0.05983579227568604,0.0007417034355222236,0.0007973531729204996,5.5649737398276076e-5,0.00012526121357467443,7.502963412741082,70.97571353421924,0.0005074579461163055,0.0006254873011717784,0.00011802935505547283,5.011435910590469e-5,23.25894312204176,28.811528674190974,19.0138500000567
1175.9999999999702,3.697558333099545,3.7128924179795963,0.015334084880051169,0.00827824680432259,0.41470839669477494,0.21228580352729162,0.72160070213661,0.7217302545139128,0.7980863620089681,0.8151114382465274,0.00012955237730283287,0.0004782413234142644,0.017953471624852526,0.05983579227568604,0.0009564842461104268,0.0010834815018955462,0.00012699725578511943,0.00012526121357467443,13.277506273789427,70.97571353421924,0.0006185125139379617,0.0007727688211135992,0.00015425630717563743,5.011435910590469e-5,24.93988459400996,28.811528674190974,16.564500000072954
1176.9999999999702,3.820702888363822,3.8175131167758094,-0.00318977158801248,0.00827824680432259,-0.08348651233067923,0.21228580352729162,0.7195922728051029,0.7196833509528444,0.7966144748497798,0.8141286308686515,9.107814774156342e-5,0.0004782413234142644,0.012656910195342158,0.05983579227568604,0.0010189662902077266,0.0011860599276440136,0.00016709363743628702,0.00012526121357467443,16.398347918086994,70.97571353421924,0.00069917697732268,0.000863707458634168,0.00016453048131148803,5.011435910590469e-5,23.532022170054223,28.811528674190974,6.22170000030807
1177.9999999999702,3.9981408494602015,3.983030452109879,-0.01511039735032238,0.00827824680432259,-0.3779355935487483,0.21228580352729162,0.7202889904636923,0.7203896285825149,0.7967546514918165,0.8142821510808398,0.00010063811882254914,0.0004782413234142644,0.013971908519351721,0.05983579227568604,0.0009026469187955542,0.0010571497743121253,0.00015450285551657115,0.00012526121357467443,17.116643540170926,70.97571353421924,0.0007205884620830435,0.000868173830123186,0.00014758536804014251,5.011435910590469e-5,20.481228302422387,28.811528674190974,-1.2164399997784479
1178.99999999997,4.002270469936825,3.9917381094908855,-0.010532360445939304,0.00827824680432259,-0.2631596371373061,0.21228580352729162,0.7236853379438846,0.7238174047058077,0.7989451013547492,0.8161054953699478,0.00013206676192312194,0.0004782413234142644,0.018249196853752283,0.05983579227568604,0.0006563803388477976,0.0007699467710385599,0.0001135664321907623,0.00012526121357467443,17.301924733168498,70.97571353421924,0.0006715145328081126,0.0007800223387384265,0.0001085078059303139,5.011435910590469e-5,16.15866829814692,28.811528674190974,-1.193985000000674
1179.99999999997,4.184922336565828,4.159324263895976,-0.025598072669851923,0.00827824680432259,-0.6116737805666868,0.21228580352729162,0.7266866855186299,0.7268379503917396,0.8011239078606117,0.8179984495170869,0.00015126487310967995,0.0004782413234142644,0.0208156934926809,0.05983579227568604,0.0004700532732536998,0.0005585987540536801,8.854548079998027e-5,0.00012526121357467443,18.83732883872293,70.97571353421924,0.0006033730456501491,0.0006712003455046599,6.782729985451081e-5,5.011435910590469e-5,11.241353975536851,28.811528674190974,-11.289599999696998
1180.99999999997,4.219316752550044,4.193893514084055,-0.025423238465988263,0.00827824680432259,-0.6025439652195614,0.21228580352729162,0.7306436196601991,0.7308107862852529,0.8037699932933429,0.8203631580580621,0.00016716662505378288,0.0004782413234142644,0.022879365610764816,0.05983579227568604,0.00015061497158700234,0.00021862115361697654,6.80061820299742e-5,0.00012526121357467443,45.15233865093591,70.97571353421924,0.0005063484444710796,0.0005229074596724016,1.6559015201321947e-5,5.011435910590469e-5,3.270280650041125,28.811528674190974,-13.270499999940547
1181.99999999997,4.206886916664049,4.190276285396958,-0.01661063126709017,0.00827824680432259,-0.39484377869281945,0.21228580352729162,0.735833880564311,0.7360434816406116,0.8071387899833907,0.8232871943975956,0.00020960107630063618,0.0004782413234142644,0.02848483629754764,0.05983579227568604,-0.00029798712903204063,-0.00027597855397775583,-2.20085750542848e-5,0.00012526121357467443,7.385746869596627,70.97571353421924,0.0003758312051998789,0.0003303950712333713,-4.5436133966507636e-5,5.011435910590469e-5,-12.08950543165868,28.811528674190974,-10.882350000071677
1182.99999999997,4.188458533515114,4.178395424858152,-0.010063108656961361,0.00827824680432259,-0.24025804664027597,0.21228580352729162,0.7391104025914502,0.7393896678564704,0.8094153730356505,0.8251109829075731,0.000279265265020201,0.0004782413234142644,0.03778397165579704,0.05983579227568604,-0.0005354009440653167,-0.0005796985698789172,4.4297625813600485e-5,0.00012526121357467443,-8.273729492751205,70.97571353421924,0.00026821381065612827,0.000182266513821945,-8.594729683418327e-5,5.011435910590469e-5,-32.04432188779967,28.811528674190974,-8.480700000072082
1183.9999999999698,4.161371302373902,4.155671231281677,-0.00570007109222459,0.00827824680432259,-0.13697578701936353,0.21228580352729162,0.7406105264394546,0.7409390939600689,0.8107302523603186,0.8261258256110401,0.00032856752061427574,0.0004782413234142644,0.04436441407252079,0.05983579227568604,-0.0005740686547556735,-0.0006612372025948888,8.716854783921539e-5,0.00012526121357467443,-15.18434199761608,70.97571353421924,0.00019706549836197355,9.857987998979707e-5,-9.848561837217648e-5,5.011435910590469e-5,-49.97608368324133,28.811528674190974,-6.0687000000729405
1184.9999999999698,4.123292389151777,4.121132264467953,-0.002160124683824094,0.00827824680432259,-0.05238834600978816,0.21228580352729162,0.7411398004441058,0.7414825114119671,0.8113723210405435,0.8266163229634711,0.00034271096786131494,0.0004782413234142644,0.046241069182353406,0.05983579227568604,-0.0005393844946136429,-0.0006364942392824669,9.710974466882406e-5,0.00012526121357467443,-18.00380723557563,70.97571353421924,0.0001541701115895729,5.926124120851835e-5,-9.490887038105455e-5,5.011435910590469e-5,-61.561134906432535,28.811528674190974,-3.648915000073176
1185.9999999999698,4.066212967753667,4.0673412557364745,0.0011282879828078407,0.00827824680432259,0.027747882163465496,0.21228580352729162,0.7409830615311258,0.7413194143961213,0.8114347672320521,0.8266465707372691,0.00033635286499544836,0.0004782413234142644,0.0453927872926579,0.05983579227568604,-0.00046987240151096594,-0.0005581993521895609,8.832695067859499e-5,0.00012526121357467443,-18.798071645528132,70.97571353421924,0.00013350341489072853,4.9948134900917094e-5,-8.355527998981144e-5,5.011435910590469e-5,-62.58662376404436,28.811528674190974,-1.2239550000733324
1186.9999999999698,4.022772672139401,4.024919077616015,0.002146405476613822,0.00827824680432259,0.05335637013444051,0.21228580352729162,0.7402792050139241,0.7406019622581999,0.8109700402479405,0.8262272143221321,0.0003227572442757731,0.0004782413234142644,0.04359939359227338,0.05983579227568604,-0.00037958125728590204,-0.0004525323289751126,7.295107168921058e-5,0.00012526121357467443,-19.21882871952857,70.97571353421924,0.0001311765624953687,6.274831255922074e-5,-6.842824993614795e-5,5.011435910590469e-5,-52.16499703486579,28.811528674190974,0.13773149995882167
1187.9999999999698,4.022130819447845,4.0227688332105815,0.0006380137627362004,0.00827824680432259,0.015862581088891242,0.21228580352729162,0.7393498114636746,0.7396597835989048,0.8102394340181052,0.8255569545549507,0.0003099721352302076,0.0004782413234142644,0.04192496304510615,0.05983579227568604,-0.00029188005277102285,-0.00035108311855997176,5.920306578894891e-5,0.00012526121357467443,-20.283354489932602,70.97571353421924,0.00014069802729599446,8.821739473755139e-5,-5.248063255844307e-5,5.011435910590469e-5,-37.300190746837245,28.811528674190974,0.13676400000002925
1188.9999999999695,4.021166303634625,4.02084981488045,-0.0003164887541746708,0.00827824680432259,-0.007870571129789013,0.21228580352729162,0.7386778986064163,0.7389793749807109,0.8096922098475626,0.8250432121101551,0.00030147637429456253,0.0004782413234142644,0.0408129679882565,0.05983579227568604,-0.00023234543376010621,-0.0002829474699040647,5.060203614395847e-5,0.00012526121357467443,-21.778795186568825,70.97571353421924,0.00015187015861985048,0.00011271230571157318,-3.915785290827731e-5,5.011435910590469e-5,-25.783770336537398,28.811528674190974,0.136764
1189.9999999999695,4.0204837865246965,4.019669978552889,-0.0008138079718076341,0.00827824680432259,-0.020241543431545314,0.21228580352729162,0.7383279407846818,0.7386241140077626,0.8094082930468465,0.8247742343907416,0.00029617322308084226,0.0004782413234142644,0.04011404779914934,0.05983579227568604,-0.00019809829620889244,-0.00024338782924815335,4.52895330392609e-5,0.00012526121357467443,-22.862151722649646,70.97571353421924,0.0001599531012005809,0.0001301169005046043,-2.983620069597662e-5,5.011435910590469e-5,-18.65309298290008,28.811528674190974,0.136764
1190.9999999999695,4.019999162728475,4.01889002627688,-0.0011091364515944946,0.00827824680432259,-0.027590464741333323,0.21228580352729162,0.7381086204960942,0.7384011981460346,0.8092261564968468,0.8245997186987706,0.00029257764994039537,0.0004782413234142644,0.03963883388108236,0.05983579227568604,-0.0001750426473145905,-0.0002166083459261338,4.156569861154329e-5,0.00012526121357467443,-23.746040893017632,70.97571353421924,0.00016581054113706123,0.0001420929478093223,-2.3717593327738913e-5,5.011435910590469e-5,-14.304032279910137,28.811528674190974,0.136764
1191.9999999999695,4.01966255175517,4.01836842106933,-0.0012941306858396118,0.00827824680432259,-0.03219500814252517,0.21228580352729162,0.7379597370259178,0.73824974035874,0.8090982794797228,0.8244754866937765,0.0002900033328222529,0.0004782413234142644,0.039297988531326565,0.05983579227568604,-0.0001582746214255097,-0.00019708465405058297,3.881003262507326e-5,0.00012526121357467443,-24.520692120776165,70.97571353421924,0.00017005357838942786,0.00015018348706794904,-1.987009132147882e-5,5.011435910590469e-5,-11.6846064103254,28.811528674190974,0.136764
1192.9999999999695,4.019439113928742,4.018019812889904,-0.001419301038838583,0.00827824680432259,-0.0353109227085992,0.21228580352729162,0.7378543813245423,0.7381424736368465,0.809003767511137,0.8243822539712646,0.00028809231230420007,0.0004782413234142644,0.03904460278287401,0.05983579227568604,-0.0001455428674516887,-0.0001822328485841917,3.6689981132503e-5,0.00012526121357467443,-25.2090547444256,70.97571353421924,0.00017309450176765102,0.00015559636164119627,-1.7498140126454752e-5,5.011435910590469e-5,-10.109009788157762,28.811528674190974,0.136764
1193.9999999999695,4.019303283124755,4.01779384851486,-0.001509434609894278,0.00827824680432259,-0.037554633317463615,0.21228580352729162,0.7377779672760841,0.7380646072015428,0.8089314336326195,0.8243096731907168,0.0002866399254586316,0.0004782413234142644,0.038851787146330974,0.05983579227568604,-0.00013559350179591226,-0.0001706055637908578,3.501206199494554e-5,0.00012526121357467443,-25.821342122754327,70.97571353421924,0.00017521913803155274,0.00015917666338373802,-1.6042474647814725e-5,5.011435910590469e-5,-9.155663489752964,28.811528674190974,0.136764
1194.9999999999693,4.019235558501284,4.017657521806244,-0.0015780366950393088,0.00827824680432259,-0.039262110221470484,0.21228580352729162,0.7377217056508335,0.7380072232679245,0.8088746001258686,0.8242515551623202,0.0002855176170909468,0.0004782413234142644,0.038702618467631664,0.05983579227568604,-0.00012765143497871478,-0.0001613049529920117,3.3653518013296914e-5,0.00012526121357467443,-26.363603369526135,70.97571353421924,0.00017663284538422055,0.00016149285014624976,-1.513999523797079e-5,5.011435910590469e-5,-8.57144955403822,28.811528674190974,0.136764
1195.9999999999693,4.019220983977169,4.01758765126302,-0.001633332714148672,0.00827824680432259,-0.040638042064868714,0.21228580352729162,0.7376799386577442,0.7379645785347994,0.808828992511849,0.824203930137862,0.0002846398770551817,0.0004782413234142644,0.03858582321936288,0.05983579227568604,-0.00012120572350795474,-0.00015373817110832512,3.253244760037039e-5,0.00012526121357467443,-26.840685950144326,70.97571353421924,0.00017748863583660874,0.00016292123956616154,-1.45673962704472e-5,5.011435910590469e-5,-8.207509287443932,28.811528674190974,0.136764
1196.9999999999693,4.0189583098811505,4.017296642795035,-0.0016616670861155924,0.00827824680432259,-0.04134571592917896,0.21228580352729162,0.7376488521239083,0.7379327996077466,0.8087917351926274,0.82416412548217,0.00028394748383830937,0.0004782413234142644,0.03849358445020838,0.05983579227568604,-0.00011590407975520052,-0.00014749603478826328,3.1591955033062754e-5,0.00012526121357467443,-27.256982756592958,70.97571353421924,0.00017790351983394974,0.00016371263153241178,-1.4190888301537956e-5,5.011435910590469e-5,-7.97673273400287,28.811528674190974,0.1453679999997359
1197.9999999999693,4.004323164071615,4.003479167159243,-0.0008439969123719138,0.00827824680432259,-0.021077142822652047,0.21228580352729162,0.7376239149453134,0.7379073114199733,0.8087591811400063,0.8241286805941274,0.0002833964746599138,0.0004782413234142644,0.03842018526215009,0.05983579227568604,-0.00011139456859097675,-0.00014218311922659425,3.0788550635617496e-5,0.00012526121357467443,-27.639184769114,70.97571353421924,0.00017800025390891943,0.0001640784460657895,-1.392180784312992e-5,5.011435910590469e-5,-7.82122920468054,28.811528674190974,0.5865299999864583
1198.9999999999693,3.9603869843326325,3.9622130245969225,0.0018260402642900075,0.00827824680432259,0.046107622096372355,0.21228580352729162,0.7375084806759459,0.7377913719286655,0.8086467470528097,0.8240150622661152,0.00028289125271963034,0.0004782413234142644,0.038357694878349474,0.05983579227568604,-0.00010257191400639085,-0.0001325552889816492,2.998337497525835e-5,0.00012526121357467443,-29.231564279272593,70.97571353421924,0.00017947311855458394,0.00016627437600107007,-1.3198742553513867e-5,5.011435910590469e-5,-7.354161258138318,28.811528674190974,2.0657249999545955
1199.999999999969,3.8843303310102146,3.892285565278581,0.007955234268366418,0.00827824680432259,0.2048032373780493,0.21228580352729162,0.7370281193014581,0.7373106666570538,0.8082174102874026,0.8235874900615255,0.0002825473555957414,0.0004782413234142644,0.03833603470428437,0.05983579227568604,-7.6881147465379e-5,-0.0001062181286782721,2.93369812128931e-5,0.00012526121357467443,-38.15887532909688,70.97571353421924,0.00018757519782216576,0.0001772304051439672,-1.0344792678198547e-5,5.011435910590469e-5,-5.5150109387095645,28.811528674190974,5.7271499998867785
1200.999999999969,3.818091042933313,3.8324238275372946,0.014332784603981796,0.00827824680432259,0.37539137864482125,0.21228580352729162,0.7356483671230752,0.7359314990275606,0.8070681669311824,0.8224452800739469,0.0002831319044853675,0.0004782413234142644,0.0384873965795127,0.05983579227568604,-9.622872813729583e-6,-3.9581649570229866e-5,2.9958776756500283e-5,0.00012526121357467443,-311.32882390127963,70.97571353421924,0.00021337439950319009,0.00021176685483594737,-1.607544667242718e-6,5.011435910590469e-5,-0.7533915366537137,28.811528674190974,10.100249999864772
1201.999999999969,3.822160889777973,3.83350565029809,0.011344760520117347,0.00827824680432259,0.2968153577851182,0.21228580352729162,0.733101919348378,0.7333847606971388,0.8051259821280445,0.8205627541468972,0.00028284134876077616,0.0004782413234142644,0.03858144976788239,0.05983579227568604,0.00012062108245387009,9.104243709570186e-5,-2.9578645358168225e-5,0.00012526121357467443,-24.521953174711545,70.97571353421924,0.00026566269402621286,0.0002825818178999467,1.6919123873733813e-5,5.011435910590469e-5,6.368648761825929,28.811528674190974,9.320400000024113
1202.999999999969,3.8807010465481335,3.8831887491973824,0.002487702649248913,0.00827824680432259,0.06410446513167288,0.21228580352729162,0.7307375327730772,0.731016877132224,0.803362640361654,0.8189073060558928,0.00027934435914678257,0.0004782413234142644,0.03822772837282603,0.05983579227568604,0.0002372003486685355,0.00021212428931070482,-2.5076059357830678e-5,0.00012526121357467443,-10.571678961936115,70.97571353421924,0.0003244851745421543,0.00036119503337264544,3.670985883049116e-5,5.011435910590469e-5,11.313262272240463,28.811528674190974,5.032350000132599
1203.999999999969,3.9513305989341823,3.947784340829674,-0.0035462581045080377,0.00827824680432259,-0.08974845348209012,0.21228580352729162,0.7301366512298738,0.7304125958484945,0.8028184744019901,0.8184276786255358,0.00027594461862068265,0.0004782413234142644,0.037793557980669724,0.05983579227568604,0.0002482238245237702,0.00022801622925060767,-2.0207595273162554e-5,0.00012526121357467443,-8.140876610829695,70.97571353421924,0.0003565021045465485,0.00039995224837832444,4.3450143831775916e-5,5.011435910590469e-5,12.187906684882591,28.811528674190974,1.6465950001046972
1204.9999999999688,4.013659707245212,4.007680014230881,-0.005979693014331211,0.00827824680432259,-0.14898355741362518,0.21228580352729162,0.7309698700207898,0.7312446244696816,0.8033728213200494,0.8189827589080304,0.0002747544488918008,0.0004782413234142644,0.03758765718811179,0.05983579227568604,0.00018929657688132752,0.00017115004587410759,-1.8146531007219937e-5,0.00012526121357467443,-9.58629643820566,70.97571353421924,0.00035613333936675487,0.0003927426298491634,3.660929048240853e-5,5.011435910590469e-5,10.27965832895734,28.811528674190974,-0.3634829999373857
1205.9999999999688,3.941920826868104,3.942063282581734,0.00014245571363025178,0.00827824680432259,0.003613865419601395,0.21228580352729162,0.7322363688654965,0.7325104829500841,0.8043634311368689,0.8199467429414031,0.0002741140845876622,0.0004782413234142644,0.0374351911818264,0.05983579227568604,0.00011833517254375562,0.0001007282704277445,-1.7606902116011118e-5,0.00012526121357467443,-14.878840954493718,70.97571353421924,0.00033681653354818234,0.0003601850951675477,2.3368561619365336e-5,5.011435910590469e-5,6.938068441352928,28.811528674190974,2.055464999924649
1206.9999999999688,3.9309918270371997,3.9327020660345915,0.0017102389973917553,0.00827824680432259,0.04350655184853863,0.21228580352729162,0.7327100751147887,0.732984519714484,0.8047091693263617,0.8202764506683731,0.00027444459969527824,0.0004782413234142644,0.037456097441035306,0.05983579227568604,8.98802743979232e-5,7.208271604127118e-5,-1.779755835665203e-5,0.00012526121357467443,-19.801406344018975,70.97571353421924,0.00032295243914602374,0.00033601182809945196,1.305938895342822e-5,5.011435910590469e-5,4.043749905701559,28.811528674190974,2.5429049999848163
1207.9999999999688,3.9665345857527377,3.9656521848674053,-0.0008824008853323129,0.00827824680432259,-0.022246141216107858,0.21228580352729162,0.7323688056283555,0.7326442615779049,0.8043707048436605,0.8199367472462998,0.0002754559495493636,0.0004782413234142644,0.0376116442197492,0.05983579227568604,0.00010278269902975469,8.445817728236486e-5,-1.8324521747389822e-5,0.00012526121357467443,-17.828410734850458,70.97571353421924,0.0003228294027598472,0.00033197058284846503,9.141180088617846e-6,5.011435910590469e-5,2.831582256904267,28.811528674190974,1.2116250000414697
1208.9999999999688,3.8720991401632388,3.879228157174005,0.00712901701076607,0.00827824680432259,0.18411246077923324,0.21228580352729162,0.7323929293150573,0.7326686196883881,0.8043635813289732,0.8199213414302527,0.0002756903733308613,0.0004782413234142644,0.03764241328608815,0.05983579227568604,9.826496395790069e-5,7.977479833877523e-5,-1.8490165619125464e-5,0.00012526121357467443,-18.816641124548866,70.97571353421924,0.00031996545318245496,0.00032623425831953016,6.268805137075203e-6,5.011435910590469e-5,1.9592131196428015,28.811528674190974,5.471549999867302
1209.9999999999686,3.8172628460973956,3.830170100072914,0.012907253975518174,0.00827824680432259,0.3381285097701352,0.21228580352729162,0.7317395118185602,0.7320156720401851,0.8038162926378025,0.8193784226505716,0.0002761602216249104,0.0004782413234142644,0.037740236404425045,0.05983579227568604,0.0001253274756188204,0.00010645460770948786,-1.8872867909332542e-5,0.00012526121357467443,-15.058843095773971,70.97571353421924,0.0003288419888348594,0.0003370859524813919,8.243963646532534e-6,5.011435910590469e-5,2.5069680656482576,28.811528674190974,9.015749999888792
1210.9999999999686,3.800528002606182,3.8136722352846197,0.013144232678437895,0.00827824680432259,0.3458528043846629,0.21228580352729162,0.7296726543556535,0.7299487208314722,0.8022090785463734,0.8178219069179555,0.0002760664758186815,0.0004782413234142644,0.037834291057880665,0.05983579227568604,0.00022347119542440302,0.000204935918207434,-1.8535277216969023e-5,0.00012526121357467443,-8.294257871475535,70.97571353421924,0.00036649643536705795,0.0003871102997942454,2.0613864427187437e-5,5.011435910590469e-5,5.624574330864088,28.811528674190974,9.931499999971265
1211.9999999999686,3.77466672534394,3.7892591879358344,0.014592462591894506,0.00827824680432259,0.3865894303705679,0.21228580352729162,0.7274671452110827,0.727739835966341,0.8005779149626165,0.8162891400509006,0.0002726907552582647,0.0004782413234142644,0.03748495819411067,0.05983579227568604,0.00032976170820957305,0.0003153842431616742,-1.4377465047898832e-5,0.00012526121357467443,-4.359955898445777,70.97571353421924,0.0004164765260250021,0.0004539136863536339,3.74371603286318e-5,5.011435910590469e-5,8.989020506376477,28.811528674190974,11.497949999950848
1212.9999999999686,3.7996852267412033,3.8091547758700397,0.009469549128836352,0.00827824680432259,0.2492193053833015,0.21228580352729162,0.7254140759700352,0.7256788915944505,0.7990988198520703,0.8149651987082083,0.0002648156244153821,0.0004782413234142644,0.036505443330592455,0.05983579227568604,0.000426995631778898,0.0004224767105210327,-4.518921257865309e-6,0.00012526121357467443,-1.0583062030492256,70.97571353421924,0.0004700124101979409,0.0005242697782662307,5.4257368068289815e-5,5.011435910590469e-5,11.54381605486542,28.811528674190974,9.063900000076375
1213.9999999999686,3.7682568805543957,3.7810705319961952,0.012813651441799578,0.00827824680432259,0.34004187739755154,0.21228580352729162,0.7240455915427984,0.7243034382014014,0.7980636372743085,0.8140674940053189,0.000257846658603067,0.0004782413234142644,0.03561193681928877,0.05983579227568604,0.000479007545381579,0.00048357005218165115,4.562506800072125e-6,0.00012526121357467443,0.9524916348525609,70.97571353421924,0.0005138826714705338,0.0005785040921618433,6.462142069130954e-5,5.011435910590469e-5,12.575131305048288,28.811528674190974,11.048399999937732
1214.9999999999684,3.8413673346370745,3.8444461722527437,0.0030788376156691832,0.00827824680432259,0.08014952352793062,0.21228580352729162,0.7229054619631381,0.7231573660763194,0.7971759525718379,0.8133156827426499,0.00025190411318132266,0.0004782413234142644,0.03484606583234912,0.05983579227568604,0.0005160429343089171,0.0005292832859816744,1.3240351672757296e-5,0.00012526121357467443,2.565746140965718,70.97571353421924,0.0005516528628697286,0.0006216659087556011,7.001304588587253e-5,5.011435910590469e-5,12.691504132084225,28.811528674190974,5.664150000170169
1215.9999999999684,3.8637758002292757,3.864844380831141,0.001068580601865321,0.00827824680432259,0.027656382179367434,0.21228580352729162,0.7225532634899188,0.7228026683667027,0.796847924888192,0.8130573759319458,0.00024940487678393186,0.0004782413234142644,0.03451716148638108,0.05983579227568604,0.0005111843570095321,0.0005281199120002,1.6935554990667938e-5,0.00012526121357467443,3.3130033731357194,70.97571353421924,0.0005726686761761681,0.0006412881284867468,6.861945231057865e-5,5.011435910590469e-5,11.982400149553401,28.811528674190974,4.277070000043839
1216.9999999999684,3.9136309094013364,3.911891377187055,-0.0017395322142812475,0.00827824680432259,-0.044448039545643865,0.21228580352729162,0.7233940753907199,0.723646782876326,0.7973451355073067,0.8135142837522518,0.00025270748560612954,0.0004782413234142644,0.03493358519277851,0.05983579227568604,0.0004419541500222174,0.000454965470605494,1.3011320583276615e-5,0.00012526121357467443,2.9440430828905044,70.97571353421924,0.0005657909482174042,0.0006233993762318581,5.7608428014453966e-5,5.011435910590469e-5,10.181928183184372,28.811528674190974,2.0460600000705114
1217.9999999999684,3.9784302471637236,3.9737901134614644,-0.0046401337022592415,0.00827824680432259,-0.11663227489201941,0.21228580352729162,0.7243130223868457,0.7245684600121196,0.7979912029225187,0.8141129557344612,0.0002554376252739132,0.0004782413234142644,0.03526619256853392,0.05983579227568604,0.00038115185157636475,0.0003907681786440514,9.61632706768668e-6,0.00012526121357467443,2.5229648046875677,70.97571353421924,0.0005474212544655892,0.000591569957850801,4.414870338521177e-5,5.011435910590469e-5,8.06485006292114,28.811528674190974,-0.10740149993193997
1218.9999999999684,3.9815021983168184,3.978289378645822,-0.003212819670996403,0.00827824680432259,-0.08069365558443303,0.21228580352729162,0.7256231783923272,0.7258801317163055,0.7990315144291937,0.8150853000855822,0.00025695332397834836,0.0004782413234142644,0.03541139969476276,0.05983579227568604,0.0003090910937237439,0.0003153709406836525,6.279846959908605e-6,0.00012526121357467443,2.0317139792844823,70.97571353421924,0.0005158698300971172,0.000544501188837496,2.8631358740378757e-5,5.011435910590469e-5,5.550113045957474,28.811528674190974,-0.10750949999999658
1219.9999999999684,3.8729333397700043,3.879163515337091,0.006230175567086604,0.00827824680432259,0.16086451845454655,0.21228580352729162,0.7267838367301386,0.7270419576149922,0.7999790250146945,0.8159705914057817,0.00025812088485366314,0.0004782413234142644,0.03551549605381576,0.05983579227568604,0.0002477279650919499,0.0002512090692697222,3.4811041777723143e-6,0.00012526121357467443,1.4052124379579929,70.97571353421924,0.00048134259758102454,0.0004957811709820245,1.443857340099994e-5,5.011435910590469e-5,2.9996458808259723,28.811528674190974,4.214699999863396
1220.9999999999682,3.872744348647576,3.878946323623767,0.006201974976190794,0.00827824680432259,0.16014418763161123,0.21228580352729162,0.7265857483282252,0.7268460411802461,0.7997723743248136,0.8157313534653841,0.0002602928520208936,0.0004782413234142644,0.03582410646228501,0.05983579227568604,0.00025078210428577225,0.0002514277245872937,6.456203015214293e-7,0.00012526121357467443,0.25744273235132015,70.97571353421924,0.00046913711746807184,0.0004782901989361784,9.153081468106538e-6,5.011435910590469e-5,1.9510461072672365,28.811528674190974,4.277069999998015
1221.9999999999682,3.8859600210943532,3.890188018096689,0.0042279970023355595,0.00827824680432259,0.10880186567500719,0.21228580352729162,0.7256785589159935,0.7259409227560989,0.7989738755755508,0.8149166357054632,0.00026236384010536185,0.0004782413234142644,0.03615427752161736,0.05983579227568604,0.00028568425522170295,0.00028397166406310506,-1.7125911585978899e-6,0.00012526121357467443,-0.5994699138280644,70.97571353421924,0.0004759483093384431,0.00048748500772269695,1.1536698384253836e-5,5.011435910590469e-5,2.423939355996363,28.811528674190974,3.571650000022455
1222.9999999999682,3.941009210960061,3.940739122195941,-0.0002700887641200467,0.00827824680432259,-0.006853289339413924,0.21228580352729162,0.7253490214616499,0.7256122373216594,0.7986686145328221,0.8145923797794024,0.00026321586000943586,0.0004782413234142644,0.03628816641663484,0.05983579227568604,0.00029262787616173523,0.0002897658813353903,-2.8619948263449444e-6,0.00012526121357467443,-0.978032190194731,70.97571353421924,0.00047930024257472576,0.0004931097410591094,1.3809498484383643e-5,5.011435910590469e-5,2.8811791144108714,28.811528674190974,1.3025700000722302
1223.9999999999682,3.964664244556914,3.9633204058120444,-0.00134383874486943,0.00827824680432259,-0.033895398499743976,0.21228580352729162,0.7257115354113627,0.7259748572753936,0.7989466319774117,0.8148477245895797,0.0002633218640308854,0.0004782413234142644,0.036284646334252345,0.05983579227568604,0.0002686557444985879,0.0002653809643041041,-3.2747801944838298e-6,0.00012526121357467443,-1.2189503710764846,70.97571353421924,0.0004706775415863114,0.0004829191821648831,1.2241640578571707e-5,5.011435910590469e-5,2.600855043415508,28.811528674190974,0.5378850000243417
1224.9999999999682,3.9667689793161682,3.9661025150908173,-0.0006664642253508823,0.00827824680432259,-0.016801185771745504,0.21228580352729162,0.7264668694655387,0.7267301060213869,0.7995702303266403,0.8154415621865605,0.0002632365558481453,0.0004782413234142644,0.03623517697948267,0.05983579227568604,0.00022870178622737492,0.0002248861369921719,-3.81564923520301e-6,0.00012526121357467443,-1.6683950301155486,70.97571353421924,0.0004516439274727156,0.00045868955642239755,7.045628949681952e-6,5.011435910590469e-5,1.559996386779182,28.811528674190974,0.5307750000002263
1225.999999999968,3.925973019375122,3.928639345514903,0.0026663261397810167,0.00827824680432259,0.06791503982891363,0.21228580352729162,0.7270250556170531,0.7272885057755325,0.8000327949089019,0.815873023919419,0.0002634501584793947,0.0004782413234142644,0.0362367371583631,0.05983579227568604,0.00019906617676108954,0.00019431378700759066,-4.752389753498882e-6,0.00012526121357467443,-2.387341652320219,70.97571353421924,0.00043243090444917395,0.0004341558761058827,1.7249716567087456e-6,5.011435910590469e-5,0.39890110511550897,28.811528674190974,2.014694999952426
1226.999999999968,3.9474768483644795,3.9487047535618354,0.0012279051973558275,0.00827824680432259,0.031106077236768944,0.21228580352729162,0.7270696969886712,0.7273337033399874,0.8000474346014091,0.8158600056204557,0.00026400635131618166,0.0004782413234142644,0.036311010128688564,0.05983579227568604,0.00019348325609137835,0.00018756286461426807,-5.920391477110275e-6,0.00012526121357467443,-3.0598986169191766,70.97571353421924,0.00042162224748777634,0.00042098270227733907,-6.395452104372679e-7,5.011435910590469e-5,-0.15168677987178786,28.811528674190974,1.2675150000239543
1227.999999999968,4.111214984064017,4.099819434713005,-0.011395549351012058,0.00827824680432259,-0.27718203487737175,0.21228580352729162,0.7270120177057402,0.7272765078161172,0.7999766003897769,0.8157645962999314,0.00026449011037699144,0.0004782413234142644,0.03638043167589623,0.05983579227568604,0.00019263822264327818,0.00018573070267846207,-6.907519964816111e-6,0.00012526121357467443,-3.585747350673627,70.97571353421924,0.00041502240744772055,0.00041384200549329314,-1.1804019544274101e-6,5.011435910590469e-5,-0.28441884901747205,28.811528674190974,-5.070599999796802
1228.999999999968,4.037543176062135,4.034455494080728,-0.0030876819814071865,0.00827824680432259,-0.0764742777170408,0.21228580352729162,0.7285753785507046,0.7288426520461326,0.8012910077618698,0.8169786062520006,0.00026727349542798873,0.0004782413234142644,0.03668439852574404,0.05983579227568604,9.081410454780871e-5,7.864905549033742e-5,-1.216504905747129e-5,0.00012526121357467443,-13.395550303606255,70.97571353421924,0.00038172673078564666,0.00037160377524979147,-1.0122955535855189e-5,5.011435910590469e-5,-2.651885424691307,28.811528674190974,-1.5267600001136143
1229.999999999968,3.9988679339398643,3.9996503333559645,0.0007823994161002545,0.00827824680432259,0.019565522768575143,0.21228580352729162,0.7300582683860557,0.7303292087136831,0.8025603341543428,0.818157440665264,0.0002709403276274225,0.0004782413234142644,0.03711215109259593,0.05983579227568604,4.746524971405477e-6,-1.2193208557743165e-5,7.446683586337688e-6,0.00012526121357467443,156.88706224445875,70.97571353421924,0.000342104423668002,0.0003212871367760268,-2.0817286891975197e-5,5.011435910590469e-5,-6.0850680236095105,28.811528674190974,-0.10461150004559362
1230.9999999999677,3.88273059824898,3.8915008026206546,0.008770204371674417,0.00827824680432259,0.22587723123591352,0.21228580352729162,0.7299511916461353,0.7302230393155263,0.8024871193006642,0.8180793268513404,0.00027184766939103433,0.0004782413234142644,0.03724189678737044,0.05983579227568604,2.7165909827850915e-5,1.0499515460587378e-5,-1.6666394367263535e-5,0.00012526121357467443,-61.35040008922097,70.97571353421924,0.0003269036761510014,0.0003041443976992292,-2.2759278451772236e-5,5.011435910590469e-5,-6.962074798222644,28.811528674190974,4.485509999851798
1231.9999999999677,3.9079516416884084,3.9132528254059165,0.005301183717508096,0.00827824680432259,0.1356512107508513,0.21228580352729162,0.7288497628350821,0.7291215412441822,0.8015499340345549,0.8171209418959389,0.00027177840910008744,0.0004782413234142644,0.03728867360029356,0.05983579227568604,8.733439689936662e-5,6.97805815462945e-5,-1.7553815353072113e-5,0.00012526121357467443,-20.0995437952116,70.97571353421924,0.00033605224481314457,0.0003200374070494085,-1.6014837763736055e-5,5.011435910590469e-5,-4.765579760563956,28.811528674190974,3.1939200000417016
1232.9999999999677,3.9050697668972694,3.9094134894827466,0.004343722585477217,0.00827824680432259,0.11123290606222572,0.21228580352729162,0.7276631773707452,0.72793467511307,0.8005295309699588,0.8160797228937541,0.00027149774232482216,0.0004782413234142644,0.03731090850382467,0.05983579227568604,0.00014341762665676935,0.00012531475467574276,-1.8102871981026593e-5,0.00012526121357467443,-12.622487488480644,70.97571353421924,0.0003556074146219494,0.00034973969642812893,-5.8677181938204446e-6,5.011435910590469e-5,-1.6500550754990553,28.811528674190974,3.2278049999989062
1233.9999999999677,4.025448683182027,4.021257884499208,-0.004190798682818908,0.00827824680432259,-0.10410761663234458,0.21228580352729162,0.727238892447854,0.7275096472179312,0.8001464871923254,0.8156941303554431,0.0002707547700772084,0.0004782413234142644,0.03723051295645916,0.05983579227568604,0.0001599498999893235,0.0001428914896437092,-1.7058410345614284e-5,0.00012526121357467443,-10.664845896591943,70.97571353421924,0.00036698193653994927,0.0003675652007512857,5.83264211336421e-7,5.011435910590469e-5,0.15893540070000897,28.811528674190974,-1.0505699998618638
1234.9999999999677,4.158273784487002,4.142031937313808,-0.01624184717319377,0.00827824680432259,-0.39059109656959473,0.21228580352729162,0.7277808181494038,0.7280509207634372,0.8006164083136128,0.8161525372802317,0.000270102614033485,0.0004782413234142644,0.03711318123501801,0.05983579227568604,0.00012908926103379588,0.0001126885965581209,-1.6400664475674982e-5,0.00012526121357467443,-12.704902285699232,70.97571353421924,0.000360268884914539,0.00036017137840639417,-9.750650814484329e-8,5.011435910590469e-5,-0.02706492628914463,28.811528674190974,-7.625249999787723
1235.9999999999675,4.152134441163632,4.139622897280766,-0.012511543882865794,0.00827824680432259,-0.30132800515388525,0.21228580352729162,0.7303627594836241,0.7306391117855352,0.8027126890478729,0.81809601655098,0.00027635230191114246,0.0004782413234142644,0.0378376770067695,0.05983579227568604,-4.814359103036132e-5,-7.389897835888119e-5,2.575538732851987e-5,0.00012526121357467443,-53.4970216747593,70.97571353421924,0.00031266220805794344,0.00029667103621509053,-1.5991171842852912e-5,5.011435910590469e-5,-5.114520217259319,28.811528674190974,-6.801750000026776
1236.9999999999675,4.171754150283353,4.159898982964044,-0.011855167319309245,0.00827824680432259,-0.2841770366190927,0.21228580352729162,0.7330721759064428,0.733363820702278,0.8048711068558813,0.8200250396465361,0.00029164479583521086,0.0004782413234142644,0.039783912883420036,0.05983579227568604,-0.00024051454205330504,-0.0002840149206073801,4.350037855407508e-5,0.00012526121357467443,-18.086381880574244,70.97571353421924,0.0002496255943174507,0.00021225067780852668,-3.7374916508923996e-5,5.011435910590469e-5,-14.97238959455177,28.811528674190974,-7.573499999974906
1237.9999999999675,4.177232015398467,4.166469497244647,-0.010762518153819123,0.00827824680432259,-0.2576471240799031,0.21228580352729162,0.7348270216363993,0.7351404518525387,0.8062960835969084,0.8212431502994542,0.0003134302161393876,0.0004782413234142644,0.0426536051221149,0.05983579227568604,-0.00034975219215319727,-0.00041454887059558205,6.479667844238479e-5,0.00012526121357467443,-18.526453842497364,70.97571353421924,0.00019583146384754614,0.00014229685813772031,-5.353460570982582e-5,5.011435910590469e-5,-27.337080905192156,28.811528674190974,-7.472700000003277
1238.9999999999675,4.118870519911979,4.116011075778839,-0.002859444133139988,0.00827824680432259,-0.06942301583204646,0.21228580352729162,0.7363866664223475,0.7367239235162565,0.8075586222026608,0.8222877369832748,0.0003372570939089714,0.0004782413234142644,0.04579891370759025,0.05983579227568604,-0.0004440396051108998,-0.0005317066343788413,8.766702926794152e-5,0.00012526121357467443,-19.74306531644773,70.97571353421924,0.00014663851654822047,8.123807894716217e-5,-6.54004376010583e-5,5.011435910590469e-5,-44.59976760577231,28.811528674190974,-3.6711450001236052
1239.9999999999675,4.104579145442996,4.102678649459359,-0.0019004959836363966,0.00827824680432259,-0.046301847675330465,0.21228580352729162,0.7368085940428728,0.737153743716303,0.8079666024624822,0.822627876567515,0.00034514967343024505,0.0004782413234142644,0.046843871830594006,0.05983579227568604,-0.0004405517406960339,-0.0005322398839238908,9.168814322785691e-5,0.00012526121357467443,-20.81211688847206,70.97571353421924,0.0001180786674461751,5.048394889148603e-5,-6.759471855468907e-5,5.011435910590469e-5,-57.24549575011202,28.811528674190974,-2.828115000027411
1240.9999999999675,4.0852691548485645,4.083667118470594,-0.001602036377970073,0.00827824680432259,-0.03921495297485383,0.21228580352729162,0.7364335751858874,0.736772733364992,0.8077562540231827,0.8224635084360589,0.0003391581791046816,0.0004782413234142644,0.046054143989710514,0.05983579227568604,-0.0003756952718097826,-0.0004577631030664144,8.206783125663185e-5,0.00012526121357467443,-21.844254483506894,70.97571353421924,0.00010945682292520895,4.778807456141779e-5,-6.166874836379116e-5,5.011435910590469e-5,-56.34070742755705,28.811528674190974,-1.9827900000274854
1241.9999999999673,4.053286665123023,4.053015216567286,-0.00027144855573713045,0.00827824680432259,-0.006696998711510862,0.21228580352729162,0.7361733365440524,0.7365064927689129,0.8075878083049495,0.8223303378666146,0.0003331562248605202,0.0004782413234142644,0.04525513331201506,0.05983579227568604,-0.0003328303421498048,-0.00040730184693415686,7.447150478435207e-5,0.00012526121357467443,-22.375215042994164,70.97571353421924,0.00010643483612249587,5.2320029887688536e-5,-5.4114806234807334e-5,5.011435910590469e-5,-50.843133889478246,28.811528674190974,-0.8526150000370041
1242.9999999999673,4.040814696093191,4.040416674505823,-0.00039802158736801374,0.00827824680432259,-0.00985003315675019,0.21228580352729162,0.7357714390710203,0.7360985782923838,0.8072650011366796,0.8220546982478986,0.0003271392213635149,0.0004782413234142644,0.04446207123458863,0.05983579227568604,-0.0002884749620928544,-0.00035521348611811647,6.673852402526209e-5,0.00012526121357467443,-23.134945071517258,70.97571353421924,0.00010934063839253177,6.353793448470244e-5,-4.580270390782933e-5,5.011435910590469e-5,-41.88991813217524,28.811528674190974,-0.46543500001267696
1243.9999999999673,4.021526622146276,4.021498195978374,-2.842616790221797e-5,0.00827824680432259,-0.0007068501734062129,0.21228580352729162,0.7353262807108625,0.735648087896524,0.8068883441405567,0.8217233538011475,0.000321807185661549,0.0004782413234142644,0.0437638629412848,0.05983579227568604,-0.00024691129242340146,-0.0003069191348987295,6.000784247532805e-5,0.00012526121357467443,-24.30340139017502,70.97571353421924,0.00011593302334172104,7.809641546445703e-5,-3.783660787726401e-5,5.011435910590469e-5,-32.63660929961073,28.811528674190974,0.0971999999815783
1244.9999999999673,4.0195412677839535,4.01900200785367,-0.0005392599302833645,0.00827824680432259,-0.013415957054737948,0.21228580352729162,0.7349244804965073,0.7352421347135117,0.8065396689966293,0.8214091998243506,0.0003176542170044705,0.0004782413234142644,0.04322270184684373,0.05983579227568604,-0.00021295714232360107,-0.0002678081603692042,5.4851018045603146e-5,0.00012526121357467443,-25.756834190728274,70.97571353421924,0.00012388445128943396,9.293934713183818e-5,-3.094510415759578e-5,5.011435910590469e-5,-24.97900570693739,28.811528674190974,0.13676399999870462
1245.9999999999673,4.018819655344142,4.017839042675153,-0.0009806126689895223,0.00827824680432259,-0.024400514406898655,0.21228580352729162,0.734579133803301,0.7348935380653278,0.8062349534433974,0.8211323677522974,0.0003144042620267795,0.0004782413234142644,0.042800597996698324,0.05983579227568604,-0.00018548006225178266,-0.00023621480255476383,5.073474030298117e-5,0.00012526121357467443,-27.353204267373243,70.97571353421924,0.00013199099717758472,0.00010663103323852526,-2.535996393905946e-5,5.011435910590469e-5,-19.21340430888585,28.811528674190974,0.136764
1246.999999999967,4.018263807413207,4.017015680198847,-0.0012481272143594069,0.00827824680432259,-0.031061355704340876,0.21228580352729162,0.7343620270456923,0.7346739734415458,0.8060403784021608,0.8209590285847554,0.000311946395853524,0.0004782413234142644,0.04247855749138763,0.05983579227568604,-0.00016729000281255136,-0.00021482808259142854,4.753807977887718e-5,0.00012526121357467443,-28.416569418164013,70.97571353421924,0.00013838938249659835,0.00011695449602008752,-2.1434886476510835e-5,5.011435910590469e-5,-15.488822978914376,28.811528674190974,0.136764
1247.999999999967,4.017847371359966,4.0164206604930435,-0.0014267108669221429,0.00827824680432259,-0.03550933460270364,0.21228580352729162,0.7342107219456258,0.7345207485193943,0.8059010101704206,0.8208368830319844,0.00031002657376855147,0.0004782413234142644,0.042225830337507854,0.05983579227568604,-0.00015407631775505977,-0.00019900163591814486,4.492531816308509e-5,0.00012526121357467443,-29.157834778024977,70.97571353421924,0.00014334242729382123,0.0001245352579569464,-1.8807169336874815e-5,5.011435910590469e-5,-13.120448489632558,28.811528674190974,0.136764
1248.999999999967,4.017539034657896,4.015986453130844,-0.00155258152705251,0.00827824680432259,-0.03864508878840841,0.21228580352729162,0.734097581133704,0.7344060711752342,0.805793536948765,0.8207436574902054,0.0003084900415301073,0.0004782413234142644,0.04202302928906134,0.05983579227568604,-0.00014384986104032805,-0.00018659168362556054,4.274182258523249e-5,0.00012526121357467443,-29.712800746640898,70.97571353421924,0.0001471761013769099,0.00013008682715681653,-1.708927422009338e-5,5.011435910590469e-5,-11.611446464619068,28.811528674190974,0.136764
1249.999999999967,4.0173158911959606,4.015668846233354,-0.0016470449626062589,0.00827824680432259,-0.040998642058888014,0.21228580352729162,0.734009957730637,0.7343171924118762,0.8057074404194529,0.8206694869431185,0.00030723468123916575,0.0004782413234142644,0.04185701815123237,0.05983579227568604,-0.00013566935159842333,-0.00017655213557056978,4.088278397214646e-5,0.00012526121357467443,-30.134133826450434,70.97571353421924,0.00015012791041225796,0.00013416080262761704,-1.5967107784640918e-5,5.011435910590469e-5,-10.63566910429548,28.811528674190974,0.136764
1250.999999999967,4.017160493208469,4.015440901095692,-0.0017195921127770575,0.00827824680432259,-0.04280615911871709,0.21228580352729162,0.7339406069543646,0.7342467997690733,0.805636717966146,0.820608811850778,0.0003061928147086723,0.0004782413234142644,0.0417190181068304,0.05983579227568604,-0.00012898480027999942,-0.00016826121887754766,3.9276418597548234e-5,0.00012526121357467443,-30.45042401297457,70.97571353421924,0.000152374917042848,0.00013715255018955448,-1.5222366853293522e-5,5.011435910590469e-5,-9.990073923395789,28.811528674190974,0.136764
1251.9999999999668,4.010974385987876,4.009556067969067,-0.00141831801880965,0.00827824680432259,-0.03536093433467109,0.21228580352729162,0.7338848862255748,0.7341902038616751,0.8055775323917947,0.8205581158909215,0.0003053176361003107,0.0004782413234142644,0.0416029328074301,0.05983579227568604,-0.0001234376011225418,-0.00016130931970087054,3.7871718578328734e-5,0.00012526121357467443,-30.680860802480968,70.97571353421924,0.00015405239054800567,0.00013933912783741046,-1.4713262710595214e-5,5.011435910590469e-5,-9.550817522698734,28.811528674190974,0.3183119999939732
1252.9999999999668,4.014268592523311,4.012569066512836,-0.001699526010474628,0.00827824680432259,-0.042337127456793584,0.21228580352729162,0.7338002092942563,0.7341047581290766,0.8054926918536648,0.8204812805265789,0.00030454883482033956,0.0004782413234142644,0.04150296374448354,0.05983579227568604,-0.00011668280964067901,-0.0001532657670377309,3.658295739705188e-5,0.00012526121357467443,-31.35248243482303,70.97571353421924,0.0001559337235442629,0.00014179423476274903,-1.413948878151386e-5,5.011435910590469e-5,-9.06762723298932,28.811528674190974,0.2157075000034061
1253.9999999999668,4.014139493676533,4.012375178911282,-0.0017643147652508517,0.00827824680432259,-0.04395250259813277,0.21228580352729162,0.7337241909248093,0.7340280586132346,0.805415557365362,0.8204111912904851,0.00030386768842527445,0.0004782413234142644,0.04141442958862648,0.05983579227568604,-0.00011074479806701182,-0.0001461624590001784,3.541766093316657e-5,0.00012526121357467443,-31.981331449749266,70.97571353421924,0.00015763379478735633,0.00014403292220501802,-1.3600872582338313e-5,5.011435910590469e-5,-8.62814512629447,28.811528674190974,0.2157075
1254.9999999999668,4.014096998113366,4.012306097544935,-0.0017909005684302315,0.00827824680432259,-0.04461527883536344,0.21228580352729162,0.7336900124022476,0.7339932982437382,0.8053750278397098,0.8203761804619979,0.0003032858414905304,0.0004782413234142644,0.04133705466393252,0.05983579227568604,-0.00010734672492471376,-0.00014174159266389653,3.4394867739182764e-5,0.00012526121357467443,-32.040910203180545,70.97571353421924,0.00015852827133652875,0.00014522717424924464,-1.3301097087284108e-5,5.011435910590469e-5,-8.390362788381212,28.811528674190974,0.2157075
1255.9999999999668,4.014080109903602,4.012261704957596,-0.001818404946005714,0.00827824680432259,-0.04530066406794714,0.21228580352729162,0.7336560394754197,0.7339588270965157,0.805334435306322,0.8203403386738767,0.0003027876210960345,0.0004782413234142644,0.04127105957071305,0.05983579227568604,-0.00010414622050767623,-0.00013761406920921143,3.3467848701535194e-5,0.00012526121357467443,-32.13544239857307,70.97571353421924,0.00015912560762337065,0.00014604047471925783,-1.3085132904112819e-5,5.011435910590469e-5,-8.223147172567979,28.811528674190974,0.2157075
1256.9999999999666,4.004302572148494,4.003039451456602,-0.001263120691891828,0.00827824680432259,-0.03154408711962306,0.21228580352729162,0.7336259650353734,0.7339283240533013,0.8052973595672811,0.8203072317038046,0.0003023590179279667,0.0004782413234142644,0.04121432887307742,0.05983579227568604,-0.00010130712056798281,-0.00013393882694251585,3.263170637453304e-5,0.00012526121357467443,-32.21067402921132,70.97571353421924,0.00015948157983329257,0.00014655845739366757,-1.2923122439625006e-5,5.011435910590469e-5,-8.103206936583932,28.811528674190974,0.5094899999901806
1257.9999999999666,3.975356486089143,3.9757994917899384,0.00044300570079558454,0.00827824680432259,0.011143798105799628,0.21228580352729162,0.7335360232369147,0.7338379841531627,0.8052079830248431,0.8202223846291482,0.0003019609162480119,0.0004782413234142644,0.041165110735193675,0.05983579227568604,-9.54833679238451e-5,-0.00012729355077997832,3.1810182856133225e-5,0.00012526121357467443,-33.314894046787444,70.97571353421924,0.0001607184552849701,0.00014827083658832253,-1.2447618696647582e-5,5.011435910590469e-5,-7.744984030973103,28.811528674190974,1.4335199999691153
1258.9999999999666,3.969251537912777,3.9698216191643168,0.0005700812515399001,0.00827824680432259,0.014362437000898063,0.21228580352729162,0.7332150387275173,0.7335166580060483,0.8049169288949339,0.819938034560265,0.0003016192785310068,0.0004782413234142644,0.04113653738669383,0.05983579227568604,-7.866093028933924e-5,-0.00010966570996399615,3.100477967465691e-5,0.00012526121357467443,-39.415729715643764,70.97571353421924,0.00016612217017498957,0.0001555047691527517,-1.0617401022237861e-5,5.011435910590469e-5,-6.391320924265386,28.811528674190974,1.6256699999935775
1259.9999999999666,3.9566842650667713,3.957768300716276,0.0010840356495047665,0.00827824680432259,0.02739757779198166,0.21228580352729162,0.7327826893881186,0.7330839897237185,0.8045300837879891,0.8195592025022447,0.00030130033559983005,0.0004782413234142644,0.04111728346795679,0.05983579227568604,-5.7495060469460694e-5,-8.771513073750857e-5,3.0220070268047876e-5,0.00012526121357467443,-52.56115920444972,70.97571353421924,0.0001747548436378516,0.00016696343041030249,-7.791413227549123e-6,5.011435910590469e-5,-4.458481988456608,28.811528674190974,2.051639999985762
1260.9999999999666,3.9296119533526492,3.9324504983419977,0.002838544989348435,0.00827824680432259,0.07223474030118056,0.21228580352729162,0.7323676965973291,0.7326686851673146,0.8041600639836586,0.8191979055673981,0.00030098856998550527,0.0004782413234142644,0.04109801284026253,0.05983579227568604,-3.85353710840177e-5,-6.79704527852515e-5,2.9435081701233803e-5,0.00012526121357467443,-76.38458090116022,70.97571353421924,0.00018437787318211038,0.0001795500057284611,-4.827867453649276e-6,5.011435910590469e-5,-2.6184635771781473,28.811528674190974,3.128894999963994
1261.9999999999663,3.892487180540499,3.8981899971045153,0.005702816564016278,0.00827824680432259,0.14650829404207316,0.21228580352729162,0.731744596122165,0.7320454908344066,0.8036154280299447,0.8186639124671783,0.00030089471224159503,0.0004782413234142644,0.04112018234725174,0.05983579227568604,-1.1229696673707839e-5,-4.006793163904094e-5,2.88382349653331e-5,0.00012526121357467443,-256.80332962912746,70.97571353421924,0.00019820858550814868,0.00019739216351803173,-8.164219901169497e-7,5.011435910590469e-5,-0.41190041693899543,28.811528674190974,4.9157999999398685
1262.9999999999663,3.8541432256807764,3.8630574922940952,0.008914266613318844,0.00827824680432259,0.23129048640231248,0.21228580352729162,0.7307001301549906,0.7310012375866797,0.8027355395909614,0.8178014912626773,0.00030110743168909604,0.0004782413234142644,0.04120807144583749,0.05983579227568604,3.4578240004343954e-5,6.095438655177365e-6,-2.848280134916659e-5,0.00012526121357467443,-82.37203902103862,70.97571353421924,0.0002208352302702125,0.00022658709365236084,5.751863382148347e-6,5.011435910590469e-5,2.6045950073774033,28.811528674190974,7.091099999926798
1263.9999999999663,3.9303177024427325,3.930556860612116,0.0002391581693834688,0.00827824680432259,0.006084957692728747,0.21228580352729162,0.7291527712427388,0.7294537947911398,0.8014924787944483,0.8165980903446299,0.00030102354840100265,0.0004782413234142644,0.041284016227209855,0.05983579227568604,0.000104578830818435,7.704957842438054e-5,-2.752925239405447e-5,0.00012526121357467443,-26.323924429648194,70.97571353421924,0.00025535723972754196,0.0002713866356413936,1.602939591385165e-5,5.011435910590469e-5,6.277243570988825,28.811528674190974,2.7392400001464456
1264.9999999999663,4.058938676396527,4.050677282822017,-0.008261393574509945,0.00827824680432259,-0.20353580660263396,0.21228580352729162,0.7285736001048565,0.7288736427550316,0.8010170601754454,0.8161553564443842,0.0003000426501751363,0.0004782413234142644,0.04118220178880406,0.05983579227568604,0.0001253047390612403,9.970203852327729e-5,-2.5602700537963023e-5,0.00012526121357467443,-20.43234815360829,70.97571353421924,0.0002773484661902314,0.00029857342267692965,2.1224956486698247e-5,5.011435910590469e-5,7.652811922219247,28.811528674190974,-1.6982549998506726
1265.9999999999663,4.055470860678128,4.048948456589346,-0.006522404088781464,0.00827824680432259,-0.16082976090452866,0.21228580352729162,0.7298642286665974,0.7301626403302849,0.8020540206946959,0.8171799601800526,0.0002984116636874923,0.0004782413234142644,0.04088591438885368,0.05983579227568604,4.897513536426364e-5,2.494179152180015e-5,-2.403334384246349e-5,0.00012526121357467443,-49.07254194135465,70.97571353421924,0.0002639847923609022,0.00027759333734250644,1.3608544981604247e-5,5.011435910590469e-5,5.155048841980095,28.811528674190974,-1.5170400000060982
1266.9999999999663,4.048014907451659,4.04347251196024,-0.0045423954914189935,0.00827824680432259,-0.11221291411395917,0.21228580352729162,0.7312672021277395,0.7315650707816805,0.8032144452559874,0.8183121575065161,0.0002978686539409914,0.0004782413234142644,0.0407332166784309,0.05983579227568604,-2.993050502495217e-5,-5.384369111831169e-5,2.391318609335952e-5,0.00012526121357467443,-79.89569863062387,70.97571353421924,0.00023734388905531816,0.0002387710683884509,1.4271793331327334e-6,5.011435910590469e-5,0.6013128624517053,28.811528674190974,-1.1515050000123006
1267.9999999999661,3.9028602867734836,3.908918013623977,0.006057726850493328,0.00827824680432259,0.15521249559003006,0.21228580352729162,0.7319131504508954,0.7322119949507686,0.8037457741673385,0.8188231322266714,0.0002988444998731632,0.0004782413234142644,0.04083059577342747,0.05983579227568604,-6.267015886938521e-5,-8.748065443256178e-5,2.481049556317657e-5,0.00012526121357467443,-39.5890101617353,70.97571353421924,0.00021717042526435128,0.00020944255742530278,-7.727867839048497e-6,5.011435910590469e-5,-3.5584347314519134,28.811528674190974,4.200254999818689
1268.9999999999661,3.8331854747316925,3.845989650475299,0.012804175743606372,0.00827824680432259,0.3340348602490364,0.21228580352729162,0.7311584313611571,0.731458790336776,0.8030973513870255,0.8181731787670455,0.00030035897561886404,0.0004782413234142644,0.04107987581565631,0.05983579227568604,-2.2946859376118363e-5,-4.8861962158433146e-5,2.5915102782314782e-5,0.00012526121357467443,-112.93529261475138,70.97571353421924,0.00022145862548758852,0.0002141801891912504,-7.2784362963381085e-6,5.011435910590469e-5,-3.2865896644635426,28.811528674190974,8.474849999855183
1269.9999999999661,3.758635488842427,3.7790282374985225,0.020392748656095527,0.00827824680432259,0.5425572316504685,0.21228580352729162,0.728790345540994,0.7290919439138839,0.8012009997600967,0.816312218456391,0.00030159837288989966,0.0004782413234142644,0.04138342044940481,0.05983579227568604,9.772030412650032e-5,7.105895073881932e-5,-2.6661353387680997e-5,0.00012526121357467443,-27.283330343679136,70.97571353421924,0.0002612309492437203,0.00026809377837786266,6.862829134142369e-6,5.011435910590469e-5,2.6271118158130506,28.811528674190974,14.137199999808166
1270.9999999999661,3.713844492101145,3.737413048254162,0.023568556153017006,0.00827824680432259,0.6346134363768919,0.21228580352729162,0.7253102943256582,0.7256051013002414,0.7987436451621681,0.814027416492269,0.00029480697458317273,0.0004782413234142644,0.04064563496334534,0.05983579227568604,0.00029201163823755537,0.00027390038557564134,-1.811125266191403e-5,0.00012526121357467443,-6.202236585920005,70.97571353421924,0.0003338369201992373,0.0003699965055943495,3.615958539511223e-5,5.011435910590469e-5,10.831511797296663,28.811528674190974,17.518499999885446
1271.9999999999661,3.7019599396980793,3.7230457553470413,0.021085815648961947,0.00827824680432259,0.5695851925043155,0.21228580352729162,0.7211376686546549,0.7214054967884941,0.7960535585238673,0.8117425083044464,0.00026782813383918747,0.0004782413234142644,0.03713966770573005,0.05983579227568604,0.0005441602706086466,0.000557381267660109,1.3220997051462428e-5,0.00012526121357467443,2.429614539237615,70.97571353421924,0.00043295164066114013,0.0005109094111827433,7.795777052160315e-5,5.011435910590469e-5,18.006115048451484,28.811528674190974,17.473500000001525
1272.999999999966,3.7458899972835282,3.7568164247623375,0.01092642747880923,0.00827824680432259,0.29169109308423197,0.21228580352729162,0.7175571037366537,0.7177847117256657,0.7937679429494525,0.8099712891601999,0.00022760798901200197,0.0004782413234142644,0.0317198433165446,0.05983579227568604,0.0007500044199186005,0.0008091340064560265,5.912958653742594e-5,0.00012526121357467443,7.883898410071155,70.97571353421924,0.0005333063164495013,0.0006484735454633313,0.00011516722901383004,5.011435910590469e-5,21.5949493680402,28.811528674190974,12.394350000173228
1273.999999999966,3.796835923192985,3.8000481688911973,0.0032122456982124348,0.00827824680432259,0.08460322656005284,0.21228580352729162,0.715927843607154,0.7161345492121041,0.7925117488103767,0.8090335600446096,0.00020670560495006374,0.0004782413234142644,0.02887240757512538,0.05983579227568604,0.0007968370617184863,0.0008804502172320032,8.361315551351685e-5,0.00012526121357467443,10.493130845745782,70.97571353421924,0.0006008757870915638,0.0007287487031530077,0.00012787291606144394,5.011435910590469e-5,21.281089837284153,28.811528674190974,7.926300000152388
1274.999999999966,3.8392410609269634,3.8391423848466957,-9.867608026770114e-5,0.00827824680432259,-0.0025701975651374275,0.21228580352729162,0.7162567523311064,0.7164690871976813,0.7924097481082684,0.8089739563979902,0.00021233486657490364,0.0004782413234142644,0.029645077115691455,0.05983579227568604,0.0007113628566371537,0.0007895127459112433,7.81498892740896e-5,0.00012526121357467443,10.985938968409153,70.97571353421924,0.000623429448936835,0.0007398097954688687,0.00011638034653203377,5.011435910590469e-5,18.667765331025496,28.811528674190974,5.111100000096016
1275.999999999966,3.7869968147133353,3.795558813041683,0.008561998328347808,0.00827824680432259,0.22608939873100808,0.21228580352729162,0.7173095671651685,0.7175340526683189,0.7929134956656934,0.8094051079949417,0.00022448550315046223,0.0004782413234142644,0.03129548432452065,0.05983579227568604,0.0006065607331629611,0.0006709998021924927,6.443906902953156e-5,0.00012526121357467443,10.623679626194841,70.97571353421924,0.0006173194486218886,0.0007127608459574733,9.544139733558472e-5,5.011435910590469e-5,15.460617278242122,28.811528674190974,8.38439999988836
1276.999999999966,3.8063552815834973,3.813454342992342,0.0070990614088448645,0.00827824680432259,0.18650548579089954,0.21228580352729162,0.7173691611542352,0.7176020767873084,0.7927986168433983,0.8092787573599903,0.00023291563307314966,0.0004782413234142644,0.03246802980746931,0.05983579227568604,0.0005713974209492501,0.0006280021640541671,5.660474310491693e-5,0.00012526121357467443,9.906370072668635,70.97571353421924,0.0006171529167433671,0.0006961719583682334,7.901904162486626e-5,5.011435910590469e-5,12.80380266884893,28.811528674190974,7.041600000045798
1277.9999999999657,3.814986350808872,3.8212198161124356,0.006233465303563612,0.00827824680432259,0.16339417052545843,0.21228580352729162,0.7167855276388186,0.7170233631198356,0.7922508394162668,0.8087593286856435,0.00023783548101696805,0.0004782413234142644,0.03318084306200042,0.05983579227568604,0.0005751930676820443,0.0006280381871957332,5.2845119513688916e-5,0.00012526121357467443,9.187370725215466,70.97571353421924,0.0006271459182640548,0.0006965908187254339,6.944490046137907e-5,5.011435910590469e-5,11.07316470361525,28.811528674190974,6.390900000022341
1278.9999999999657,3.8260452660317816,3.8315634585003884,0.005518192468606742,0.00827824680432259,0.1442270565274829,0.21228580352729162,0.7167095527459464,0.7169519404681067,0.7920878625088792,0.8085754310503331,0.0002423877221603421,0.0004782413234142644,0.03381951883181635,0.05983579227568604,0.0005542445550975998,0.0006017726049007073,4.7528049803107516e-5,0.00012526121357467443,8.575284929003598,70.97571353421924,0.0006295694114759353,0.0006908461453444969,6.12767338685616e-5,5.011435910590469e-5,9.733118025049386,28.811528674190974,5.677650000024489
1279.9999999999657,3.8935109751209755,3.892966671850534,-0.0005443032704417483,0.00827824680432259,-0.01397975436360074,0.21228580352729162,0.7167368111492981,0.7169830998686219,0.7920162506255449,0.8084769960688206,0.0002462887193237506,0.0004782413234142644,0.034362504547355815,0.05983579227568604,0.000530982370404653,0.0005739337940586738,4.2951423654020884e-5,0.00012526121357467443,8.089048911602905,70.97571353421924,0.0006277587578145704,0.0006820192448784557,5.42604870638853e-5,5.011435910590469e-5,8.64352530146827,28.811528674190974,2.33833500011465
1280.9999999999657,3.9992466499615653,3.992513389632198,-0.006733260329367496,0.00827824680432259,-0.16836321734325152,0.21228580352729162,0.7174371653727502,0.7176867210056925,0.7925065338152435,0.8089016324650677,0.0002495556329423776,0.0004782413234142644,0.03478431909959934,0.05983579227568604,0.0004803379178856037,0.0005178682968111345,3.753037892553079e-5,0.00012526121357467443,7.813328394047157,70.97571353421924,0.0006113901005947421,0.0006560347903763153,4.4644689781573156e-5,5.011435910590469e-5,7.30216104875498,28.811528674190974,-1.2599549998764583
1281.9999999999657,4.002706370180081,3.997672102565957,-0.005034267614123955,0.00827824680432259,-0.1257715942300675,0.21228580352729162,0.7191714477873391,0.7194228359766128,0.7939062483965548,0.8101966677321457,0.00025138818927372686,0.0004782413234142644,0.0349552516367506,0.05983579227568604,0.0003848910191482786,0.00041698207117661716,3.209105202833855e-5,0.00012526121357467443,8.337698317656907,70.97571353421924,0.0005708388272375718,0.0006000785316872585,2.9239704449686757e-5,5.011435910590469e-5,5.122234692966632,28.811528674190974,-1.23840000000074
1282.9999999999654,3.905801480690577,3.909126406562217,0.0033249258716399055,0.00827824680432259,0.08512787677708679,0.21228580352729162,0.7208582789312369,0.7211113407988741,0.7953071006409578,0.8114986893744125,0.0002530618676371832,0.0004782413234142644,0.03510563380258035,0.05983579227568604,0.0002953832872088534,0.00032268217039158173,2.729888318272832e-5,0.00012526121357467443,9.241850966140275,70.97571353421924,0.0005227060811316773,0.0005355201335381137,1.2814052406436385e-5,5.011435910590469e-5,2.451483322844361,28.811528674190974,2.227904999880202
1283.9999999999654,3.908328073401496,3.911774199654413,0.003446126252916848,0.00827824680432259,0.08817392471143333,0.21228580352729162,0.7211648287634391,0.7214210229308529,0.7955102284346447,0.8116380546962605,0.0002561941674137369,0.0004782413234142644,0.03552505019594838,0.05983579227568604,0.00027575941639697163,0.0002983797731706554,2.262035677368378e-5,0.00012526121357467443,8.202931769017262,70.97571353421924,0.0004956588490790184,0.0005000418933330094,4.383044253990936e-6,5.011435910590469e-5,0.8842864930455799,28.811528674190974,2.227905
1284.9999999999654,3.9090910097358287,3.9121515869954004,0.0030605772595717617,0.00827824680432259,0.07829383485698359,0.21228580352729162,0.7208070331477322,0.7210661176821924,0.7951453882670507,0.8112293943363749,0.00025908453446021884,0.0004782413234142644,0.035943674596071604,0.05983579227568604,0.0002884173874642758,0.0003071780159181039,1.8760628453828084e-5,0.00012526121357467443,6.504680116122275,70.97571353421924,0.000486168644528826,0.0004892940148004896,3.1253702716636258e-6,5.011435910590469e-5,0.6428572280083183,28.811528674190974,2.227905
1285.9999999999654,3.909783738947832,3.9127496625742935,0.0029659236264616418,0.00827824680432259,0.07585901994824415,0.21228580352729162,0.720743737549885,0.7210045555121074,0.7950529624839155,0.811093033917328,0.00026081796222243714,0.0004782413234142644,0.036187336584993235,0.05983579227568604,0.0002856525880291038,0.0003015258991595347,1.5873311130430896e-5,0.00012526121357467443,5.556858854299488,70.97571353421924,0.0004777978418407562,0.0004811661761305382,3.368334289782012e-6,5.011435910590469e-5,0.7049705952637254,28.811528674190974,2.227905
1286.9999999999654,3.9103914265876383,3.9133319334308805,0.0029405068432422077,0.00827824680432259,0.07519725067033022,0.21228580352729162,0.720736879446959,0.7209989423836127,0.7950133255198699,0.8110136963129928,0.0002620629366537619,0.0004782413234142644,0.036360417251695226,0.05983579227568604,0.00027965473766839436,0.0002932900420190058,1.3635304350611459e-5,0.00012526121357467443,4.875763759375236,70.97571353421924,0.0004703245190966072,0.00047429140290007566,3.966883803468448e-6,5.011435910590469e-5,0.8434354668746556,28.811528674190974,2.227905
1287.9999999999654,3.829264917506179,3.83999613413716,0.010731216630980978,0.00827824680432259,0.2802422099845136,0.21228580352729162,0.7207391830213706,0.7210022504582159,0.7949856971455523,0.8109489288472483,0.00026306743684523237,0.0004782413234142644,0.03649967187054296,0.05983579227568604,0.00027318922251811387,0.00028489527168321354,1.1706049165099671e-5,0.00012526121357467443,4.284960093666762,70.97571353421924,0.000463656987220048,0.0004680738340084487,4.416846788400663e-6,5.011435910590469e-5,0.9526108546067187,28.811528674190974,6.3625499998571025
1288.9999999999652,3.8886178271654432,3.8926662316521017,0.004048404486658441,0.00827824680432259,0.10410908622536126,0.21228580352729162,0.7198541312279508,0.7201182019059352,0.7942599742302463,0.8101870944745204,0.000264070677984396,0.0004782413234142644,0.03668391505011377,0.05983579227568604,0.00030773388901637487,0.00031727642965873515,9.542540642360278e-6,0.00012526121357467443,3.1009066544024697,70.97571353421924,0.0004738239421364152,0.0004836044875915217,9.780545455106461e-6,5.011435910590469e-5,2.0641729100912793,28.811528674190974,3.120120000112798
1289.9999999999652,3.8377926433608587,3.846317350014007,0.008524706653148417,0.00827824680432259,0.2221252538981132,0.21228580352729162,0.7191655903459759,0.7194304808901474,0.7936846516945092,0.8095827381820191,0.00026489054417144775,0.0004782413234142644,0.03683303925094835,0.05983579227568604,0.00033089789888398534,0.00033892409921638234,8.026200332397e-6,0.00012526121357467443,2.425582138619451,70.97571353421924,0.0004858618407847891,0.0005010654638148458,1.5203623030056674e-5,5.011435910590469e-5,3.129207061311709,28.811528674190974,5.677649999911028
1290.9999999999652,3.8665883083437045,3.8720267735872884,0.005438465243583934,0.00827824680432259,0.14065281353715053,0.21228580352729162,0.7188226246233239,0.7190878494597082,0.7933756346914683,0.809254167943926,0.000265224836384248,0.0004782413234142644,0.03689711860742149,0.05983579227568604,0.0003363838267876383,0.00034388399286624366,7.500166078605369e-6,0.00012526121357467443,2.229645268688938,70.97571353421924,0.0004934862761777595,0.0005118232647924347,1.833698861467524e-5,5.011435910590469e-5,3.715805180379533,28.811528674190974,4.051125000056584
1291.9999999999652,3.848081150480139,3.8550962317059554,0.007015081225816289,0.00827824680432259,0.18230076111936963,0.21228580352729162,0.7182918708560698,0.7185573720775879,0.7929173166253083,0.8087785458877876,0.00026550122151802746,0.0004782413234142644,0.036962860404030407,0.05983579227568604,0.00035036548725567255,0.0003573189485417382,6.953461286065632e-6,0.00012526121357467443,1.9846307752885137,70.97571353421924,0.000503786875372626,0.0005251651780962331,2.1378302723607098e-5,5.011435910590469e-5,4.243521173074355,28.811528674190974,4.9558499999685255
1292.9999999999652,3.830639348044974,3.8395279832353757,0.008888635190401839,0.00827824680432259,0.23204051289605981,0.21228580352729162,0.7180246193350885,0.7182904241880725,0.7926681951299337,0.8085137139280515,0.00026580485298399736,0.0004782413234142644,0.03701890517767209,0.05983579227568604,0.0003518031351963706,0.0003582898322162391,6.486697019868464e-6,0.00012526121357467443,1.8438428686110766,70.97571353421924,0.0005100634796481213,0.0005325660644974514,2.250258484933008e-5,5.011435910590469e-5,4.411722412444425,28.811528674190974,5.903549999967032
1293.999999999965,3.859430202247221,3.864905774287781,0.005475572040559928,0.00827824680432259,0.14187514098251294,0.21228580352729162,0.7173354162890796,0.7176013062917853,0.7920979013571617,0.8079302097318714,0.0002658900027057154,0.0004782413234142644,0.03706634255997255,0.05983579227568604,0.0003735364524492468,0.00037967079089001795,6.134338440771155e-6,0.00012526121357467443,1.642232879963607,70.97571353421924,0.0005230356678915155,0.0005483592253233216,2.5323557431806173e-5,5.011435910590469e-5,4.841650194506164,28.811528674190974,4.2151950000591185
1294.999999999965,3.8758494602157434,3.879730246203409,0.0038807859876657247,0.00827824680432259,0.10012736633609363,0.21228580352729162,0.7169844189347625,0.7172504502524528,0.7917942750624897,0.8076151824114741,0.0002660313176903184,0.0004782413234142644,0.0371041978967362,0.05983579227568604,0.00037885952645943594,0.0003847269223578505,5.867395898414586e-6,0.00012526121357467443,1.5486995808835236,70.97571353421924,0.0005316589711420252,0.0005582294289852946,2.657045784326944e-5,5.011435910590469e-5,4.997650615430229,28.811528674190974,3.355695000030096
1295.999999999965,3.8403356727391227,3.848153085720825,0.007817412981702354,0.00827824680432259,0.20356066885493315,0.21228580352729162,0.7171688214375127,0.7174351267055084,0.7919070492139189,0.8077170460207956,0.0002663052679956479,0.0004782413234142644,0.037132856314341496,0.05983579227568604,0.00035925459914569555,0.0003648554897880394,5.600890642343866e-6,0.00012526121357467443,1.5590310202465711,70.97571353421924,0.0005294864862709418,0.0005537786390118043,2.429215274086247e-5,5.011435910590469e-5,4.587870204572513,28.811528674190974,5.173649999936344
1296.999999999965,3.8555184171234242,3.861794726976684,0.006276309853259665,0.00827824680432259,0.1627877025664003,0.21228580352729162,0.716915977573433,0.7171825260193134,0.7916782298805916,0.8074737717583991,0.00026654844588047677,0.0004782413234142644,0.03717987242838015,0.05983579227568604,0.0003610826520550176,0.00036615333423635526,5.0706821813376545e-6,0.00012526121357467443,1.4042995841752715,70.97571353421924,0.0005318203320071513,0.0005550752864880614,2.3254954480910113e-5,5.011435910590469e-5,4.372708804333078,28.811528674190974,4.3258500000296864
1297.999999999965,3.766495845862161,3.783009516385621,0.01651367052346009,0.00827824680432259,0.4384359149526704,0.21228580352729162,0.7164828789699287,0.7167497381815839,0.7913071783483135,0.8070858272020621,0.00026685921165525706,0.0004782413234142644,0.03724572065684452,0.05983579227568604,0.00037105242176921745,0.0003754481513537768,4.395729584559353e-6,0.00012526121357467443,1.184665380595024,70.97571353421924,0.0005380192798380055,0.0005616096091724726,2.3590329334467123e-5,5.011435910590469e-5,4.3846624495631525,28.811528674190974,9.938249999803478
1298.9999999999648,3.759232134232548,3.7756037344306757,0.016371600198127556,0.00827824680432259,0.43550383731410186,0.21228580352729162,0.7151189041019668,0.715384152670283,0.7903139467052356,0.806093763137085,0.0002652485683162231,0.0004782413234142644,0.03709153356102611,0.05983579227568604,0.0004330588329440183,0.0004384404509842167,5.381618040198441e-6,0.00012526121357467443,1.2426990586043825,70.97571353421924,0.0005627674816173492,0.0005935279166538609,3.076043503651171e-5,5.011435910590469e-5,5.4659226130317,28.811528674190974,10.254149999988867
1299.9999999999648,3.7910260956466555,3.801437734883529,0.010411639236873604,0.00827824680432259,0.274639081193073,0.21228580352729162,0.7129631738442133,0.713224441590157,0.7887734342190327,0.8045819468624931,0.00026126774594370517,0.0004782413234142644,0.03664533534529986,0.05983579227568604,0.0005352330549684352,0.0005440639309175021,8.830875949066897e-6,0.00012526121357467443,1.6499122890658704,70.97571353421924,0.0006082245777919374,0.0006532176407430707,4.4993062951133246e-5,5.011435910590469e-5,7.397442424058792,28.811528674190974,7.602300000093459
1300.9999999999648,3.756649139114343,3.7710878083818637,0.014438669267520687,0.00827824680432259,0.3843496885877585,0.21228580352729162,0.7120308902929164,0.7122893869333919,0.7880529109146026,0.8038939339985793,0.0002584966404755029,0.0004782413234142644,0.03630413286833133,0.05983579227568604,0.0005638596438969443,0.0005759148059933203,1.2055162096376e-5,0.00012526121357467443,2.137972140205037,70.97571353421924,0.000638661044105304,0.000691495869942534,5.2834825837229957e-5,5.011435910590469e-5,8.272749109231471,28.811528674190974,9.760949999923923
1301.9999999999648,3.8487970607824833,3.8520395102023897,0.003242449419906368,0.00827824680432259,0.08424578819562804,0.21228580352729162,0.7112314954948609,0.7114868827195113,0.7874161320811942,0.803305720307929,0.0002553872246504607,0.0004782413234142644,0.035907749624159616,0.05983579227568604,0.0005845824022089459,0.0006006949008126044,1.6112498603658562e-5,0.00012526121357467443,2.7562407870600785,70.97571353421924,0.0006640824912265512,0.0007211363141725264,5.70538229459752e-5,5.011435910590469e-5,8.591375875698452,28.811528674190974,3.88062000020724
1302.9999999999648,3.8938026192041346,3.893626053392823,-0.00017656581131175741,0.00827824680432259,-0.00453453419649315,0.21228580352729162,0.71124312030413,0.711497311469144,0.7873942406709193,0.8033078891653672,0.0002541911650140172,0.0004782413234142644,0.03573899806655763,0.05983579227568604,0.0005663176684522784,0.0005837646363204634,1.7446967868184966e-5,0.00012526121357467443,3.080774067294558,70.97571353421924,0.0006722762505156078,0.0007272435112430437,5.49672607274359e-5,5.011435910590469e-5,8.17629072650987,28.811528674190974,1.8716400000708022
1303.9999999999645,4.068199739061331,4.055937432368921,-0.012262306692409908,0.00827824680432259,-0.3014185015222293,0.21228580352729162,0.7126290144257511,0.7128854582046801,0.7883977361734666,0.80428867477722,0.00025644377892897197,0.0004782413234142644,0.0359855933084087,0.05983579227568604,0.0004807275905286067,0.0004953820716710798,1.4654481142473098e-5,0.00012526121357467443,3.0483961044047985,70.97571353421924,0.0006486610316637367,0.0006915442883150568,4.288325665132017e-5,5.011435910590469e-5,6.6110425257595375,28.811528674190974,-4.830749999762264
1304.9999999999645,4.252320148093183,4.216577004302946,-0.035743143790237575,0.00827824680432259,-0.8405562738794595,0.21228580352729162,0.7150808630337793,0.7153380935141848,0.7904194740679499,0.8062434967228125,0.00025723048040549035,0.0004782413234142644,0.035972222681805874,0.05983579227568604,0.00033871581747339633,0.00035130229925871856,1.2586481785322227e-5,0.00012526121357467443,3.715941546281878,70.97571353421924,0.0005943262411240841,0.0006160220305288592,2.1695789404775124e-5,5.011435910590469e-5,3.6504848521816244,28.811528674190974,-18.987749999497844
1305.9999999999645,4.244748102015056,4.218758476372264,-0.025989625642792724,0.00827824680432259,-0.61227721924076,0.21228580352729162,0.7211765992125376,0.7214801819103609,0.7946054744041067,0.8098668106487461,0.0003035826978232681,0.0004782413234142644,0.04209547261444063,0.05983579227568604,-0.00019045555696183136,-0.0002284236783966768,3.7968121434845455e-5,0.00012526121357467443,-19.935423276966677,70.97571353421924,0.0004599886189941335,0.0004163735537071807,-4.3615065286952814e-5,5.011435910590469e-5,-9.481770523437463,28.811528674190974,-16.64325000008316
1306.9999999999645,4.238778873924821,4.223145858342186,-0.015633015582634968,0.00827824680432259,-0.3688094153437133,0.21228580352729162,0.7275008339727902,0.727908585498987,0.7987894802258699,0.8131921470934228,0.0004077515261967646,0.0004782413234142644,0.05604825550097105,0.05983579227568604,-0.0007532604180794649,-0.0008928465200418169,0.000139586101962352,0.00012526121357467443,-18.530922189997035,70.97571353421924,0.000296684994248399,0.0001750975774327473,-0.00012158741681565172,5.011435910590469e-5,-40.98199072173258,28.811528674190974,-14.278950000083862
1307.9999999999645,4.224838777466801,4.2146401681279615,-0.01019860933883976,0.00827824680432259,-0.24139641477525942,0.21228580352729162,0.730627641610943,0.7311357222820251,0.8013683630275147,0.8151340932296967,0.0005080806710821006,0.0004782413234142644,0.06954030235727819,0.05983579227568604,-0.0009152645958082753,-0.0011448562007405083,0.000229591604932233,0.00012526121357467443,-25.084724787096064,70.97571353421924,0.00018201940940598603,2.734519387384561e-5,-0.0001546742155321404,5.011435910590469e-5,-84.9767703548288,28.811528674190974,-11.897100000084485
1308.9999999999643,4.204468359238225,4.197948679158822,-0.0065196800794034004,0.00827824680432259,-0.15506550465716074,0.21228580352729162,0.732321539560023,0.7328792064199025,0.8031189748282502,0.8164505006811783,0.0005576668598794576,0.0004782413234142644,0.07615054723291391,0.05983579227568604,-0.0009285453842598897,-0.0012002771620585964,0.0002717317777987067,0.00012526121357467443,-29.264243019773815,70.97571353421924,0.00010535000557628906,-5.122830412060433e-5,-5.4121701455684735e-5,5.011435910590469e-5,-51.37323074605115,28.811528674190974,-9.50085000008554
1309.9999999999643,4.177399190007531,4.173780107448437,-0.0036190825590942666,0.00827824680432259,-0.08663482694570404,0.21228580352729162,0.7331314980690283,0.7336882303036274,0.8041805121363094,0.817310117731775,0.0005567322345990666,0.0004782413234142644,0.07593893265606864,0.05983579227568604,-0.000888991006556336,-0.0011554073222385627,0.0002664163156822267,0.00012526121357467443,-29.968392674098855,70.97571353421924,5.666664438414761e-5,-8.771456307816827e-5,3.104791869402066e-5,5.011435910590469e-5,54.79046629891192,28.811528674190974,-7.093350000085942
1310.9999999999643,4.1417436716127005,4.140790209895127,-0.0009534617175734894,0.00827824680432259,-0.023020780453132994,0.21228580352729162,0.7332781624618363,0.7338144579560437,0.8046441179229665,0.8177414294615541,0.0005362954942074172,0.0004782413234142644,0.07313670604984487,0.05983579227568604,-0.0008182960720177715,-0.0010610062367911895,0.00024271016477341804,0.00012526121357467443,-29.660433805448715,70.97571353421924,2.9682015268224732e-5,-9.746595841211099e-5,6.778394314388626e-5,5.011435910590469e-5,228.36705166865977,28.811528674190974,-4.6764000000862795
1311.9999999999643,4.092090921279315,4.093802362718997,0.0017114414396823818,0.00827824680432259,0.04182315282347959,0.21228580352729162,0.7328799781426593,0.7333901764271991,0.804562758469953,0.8177557451624986,0.0005101982845397979,0.0004782413234142644,0.06961553047646293,0.05983579227568604,-0.0007251934875464607,-0.0009379803577272038,0.00021278687018074307,0.00012526121357467443,-29.342082331801212,70.97571353421924,2.056404696278854e-5,-8.769063083923718e-5,6.712658387644864e-5,5.011435910590469e-5,326.42691391396284,28.811528674190974,-2.2531950000865026
1312.9999999999643,4.028553900792538,4.03249714314865,0.003943242356111654,0.00827824680432259,0.0978823283296743,0.21228580352729162,0.7320149243813118,0.7324990649208958,0.8039732876198589,0.8173475679940272,0.0004841405395840104,0.0004782413234142644,0.06613806951998948,0.05983579227568604,-0.000616790232479561,-0.0007989049447625948,0.0001821147122830338,0.00012526121357467443,-29.526199134333513,70.97571353421924,2.6828789936870772e-5,-6.195298033750575e-5,3.5124190400634974e-5,5.011435910590469e-5,130.91977119834183,28.811528674190974,-0.12606750007593348
1313.9999999999643,4.018214488595861,4.0206536091119816,0.0024391205161204965,0.00827824680432259,0.06070160074936247,0.21228580352729162,0.7308077350640233,0.731269237134374,0.8029844971391652,0.8165582630888731,0.00046150207035067226,0.0004782413234142644,0.0631495875327923,0.05983579227568604,-0.0005041057617493085,-0.0006593432214093255,0.000155237459660017,0.00012526121357467443,-30.794621176580893,70.97571353421924,4.5638644523756434e-5,-2.3667734507129485e-5,-2.197091001662695e-5,5.011435910590469e-5,-48.141022254046916,28.811528674190974,0.13676399999061753
1314.999999999964,4.016132011553535,4.017093053155674,0.0009610416021388346,0.00827824680432259,0.023929532181066953,0.21228580352729162,0.7297452692763085,0.7301895503338152,0.8020801056490906,0.815805354359259,0.00044428105750671243,0.0004782413234142644,0.060881663261388164,0.05983579227568604,-0.00041424216700581743,-0.0005496401643944144,0.000135397997388597,0.00012526121357467443,-32.68571096160173,70.97571353421924,6.802909072987848e-5,1.5753108851849565e-5,-5.227598187802891e-5,5.011435910590469e-5,-76.84356988630046,28.811528674190974,0.136764
1315.999999999964,4.01442663993188,4.014543678731932,0.00011703880005153877,0.00827824680432259,0.0029154549466004136,0.21228580352729162,0.7290998187617068,0.729531701635581,0.8015390995244808,0.8153666422148239,0.0004318828738741898,0.0004782413234142644,0.05923508177627774,0.05983579227568604,-0.0003569103898000325,-0.0004783085173840204,0.00012139812758398785,0.00012526121357467443,-34.01361547698402,70.97571353421924,8.64516473270296e-5,4.66979333431225e-5,-3.97537139839071e-5,5.011435910590469e-5,-45.98375532802355,28.811528674190974,0.136764
1316.999999999964,4.013096508027804,4.0126851110358706,-0.00041139699193326607,0.00827824680432259,-0.01025136054192335,0.21228580352729162,0.7286736343266167,0.7290961022658654,0.8011826280740058,0.8150893221196266,0.0004224679392487163,0.0004782413234142644,0.05797766233701158,0.05983579227568604,-0.0003168372057040981,-0.0004273988945269514,0.00011056168882285326,0.00012526121357467443,-34.895424789887045,70.97571353421924,0.00010103209831953295,6.982986877558767e-5,-3.1202229543945284e-5,5.011435910590469e-5,-30.883481648834398,28.811528674190974,0.136764
1317.999999999964,4.0120527173117395,4.011291372312132,-0.0007613449996073385,0.00827824680432259,-0.018976445556714287,0.21228580352729162,0.7283630931677687,0.7287780594146201,0.8009208423355753,0.8148920795793284,0.0004149662468514448,0.0004782413234142644,0.05697244283022215,0.05983579227568604,-0.0002863670210495135,-0.0003881570870971346,0.00010179006604762108,0.00012526121357467443,-35.54531722073588,70.97571353421924,0.00011267984369222552,8.709409174439125e-5,-2.5585751947834273e-5,5.011435910590469e-5,-22.706591622295257,28.811528674190974,0.136764
1318.999999999964,4.011233190189447,4.010215974545013,-0.0010172156444339109,0.00827824680432259,-0.025359175001886853,0.21228580352729162,0.7281257572222155,0.7285345576409394,0.8007183199947547,0.8147437360181544,0.00040880041872393136,0.0004782413234142644,0.05614420512790213,0.05983579227568604,-0.00026218625681063897,-0.00035667373667830885,9.448747986766988e-5,0.00012526121357467443,-36.038303844397305,70.97571353421924,0.00012204405421261004,0.00010009243411317454,-2.1951620099435498e-5,5.011435910590469e-5,-17.986636252835474,28.811528674190974,0.136764
1319.9999999999638,4.010591397024246,4.009387700116811,-0.0012036969074351589,0.00827824680432259,-0.03001295291084179,0.21228580352729162,0.7279390179018197,0.7283426372208602,0.8005565169001349,0.8146282586884347,0.00040361931904053794,0.0004782413234142644,0.05544685874977728,0.05983579227568604,-0.00024247666532089269,-0.00033075993471122283,8.828326939033015e-5,0.00012526121357467443,-36.40897538470203,70.97571353421924,0.0001295977596895529,0.0001100064624037041,-1.9591297285848793e-5,5.011435910590469e-5,-15.11700305065388,28.811528674190974,0.136764
1320.9999999999638,4.010091724940854,4.008736041514957,-0.0013556834258974249,0.00827824680432259,-0.033806793432322804,0.21228580352729162,0.7277890828522974,0.72818827397089,0.8004242714466338,0.8145361273130357,0.00039919111859265666,0.0004782413234142644,0.05484983603054009,0.05983579227568604,-0.00022610044638945388,-0.0003090298859357299,8.292943954627601e-5,0.00012526121357467443,-36.67814056564557,70.97571353421924,0.00013569528611541534,0.00011766577691077723,-1.8029509204638117e-5,5.011435910590469e-5,-13.286761626563177,28.811528674190974,0.136764
1321.9999999999638,4.009706163234218,4.008234356422942,-0.0014718068112760108,0.00827824680432259,-0.0367061014288602,0.21228580352729162,0.7276668601883983,0.7280622143077078,0.8003142929565936,0.8144612064013291,0.0003953541193094656,0.0004782413234142644,0.05433174725135971,0.05983579227568604,-0.00021229116952395212,-0.0002905423729375974,7.825120341364527e-5,0.00012526121357467443,-36.860319526769786,70.97571353421924,0.00014061002235398493,0.00012364575116259127,-1.696427119139365e-5,5.011435910590469e-5,-12.064766726717528,28.811528674190974,0.136764
1322.9999999999638,4.009412804036178,4.007839606833859,-0.0015731972023189655,0.00827824680432259,-0.03923759610722214,0.21228580352729162,0.7275660422905151,0.7279580337534209,0.8002215501579916,0.8143993216831743,0.0003919914629058052,0.0004782413234142644,0.05387709707722781,0.05983579227568604,-0.00020050696105779198,-0.00027462781393547306,7.412085287768108e-5,0.00012526121357467443,-36.96672299388013,70.97571353421924,0.0001445570670743727,0.00012834735607454367,-1.6209710999829047e-5,5.011435910590469e-5,-11.213364609486275,28.811528674190974,0.136764
1323.9999999999638,4.00919408879831,4.0075424867345495,-0.0016516020637604711,0.00827824680432259,-0.041195363137320994,0.21228580352729162,0.7274820877275857,0.7278711041419207,0.8001424294517423,0.8143475157340034,0.000389016414334975,0.0004782413234142644,0.053474363272659274,0.05983579227568604,-0.00019035111465971305,-0.0002607937122591111,7.044259759939807e-5,0.00012526121357467443,-37.00666409299831,70.97571353421924,0.00014770814398397977,0.00013205530567105708,-1.5652838312922693e-5,5.011435910590469e-5,-10.59713966389042,28.811528674190974,0.136764
1324.9999999999636,4.00903616175108,4.007312938368171,-0.0017232233829087562,0.00827824680432259,-0.04298348314613558,0.21228580352729162,0.7274116315035428,0.72779799458192,0.8000742550453647,0.814303632153797,0.0003863630783771388,0.0004782413234142644,0.0531147787090695,0.05983579227568604,-0.00018152500417670727,-0.0002486677373169947,6.71427331402874e-5,0.00012526121357467443,-36.9881457625125,70.97571353421924,0.00015020146242730948,0.00013497625002685467,-1.5225212400454813e-5,5.011435910590469e-5,-10.136527404200946,28.811528674190974,0.136764
1325.9999999999636,4.00892776121823,4.007149519299971,-0.001778241918258594,0.00827824680432259,-0.04435704567842408,0.21228580352729162,0.7273521224665852,0.7277361029645827,0.8000149967666901,0.814266056430489,0.00038398049799748257,0.0004782413234142644,0.052791555305473484,0.05983579227568604,-0.0001737989635858221,-0.00023796263974375036,6.416367615792826e-5,0.00012526121357467443,-36.9183307161922,70.97571353421924,0.0001521490475735607,0.00013726408407526902,-1.4884963498291678e-5,5.011435910590469e-5,-9.783146024029579,28.811528674190974,0.136764
1326.9999999999636,4.008859953546187,4.007029614902777,-0.001830338643410201,0.00827824680432259,-0.045657335617102474,0.21228580352729162,0.7273015893268601,0.7276834177817831,0.7999630834750728,0.814233559921574,0.00038182845492307216,0.0004782413234142644,0.052499329099014634,0.05983579227568604,-0.00016699297363472547,-0.0002284523447042671,6.145937106954164e-5,0.00012526121357467443,-36.803567079400416,70.97571353421924,0.00015364211634321192,0.00013903612309755704,-1.4605993245654886e-5,5.011435910590469e-5,-9.506503550776033,28.811528674190974,0.136764
1327.9999999999636,4.008825378755564,4.006955669377974,-0.001869709377589679,0.00827824680432259,-0.046639830896552596,0.21228580352729162,0.7272584845008288,0.7276383593369491,0.7999172788840845,0.8142051880182122,0.0003798748361203419,0.0004782413234142644,0.052233812903685554,0.05983579227568604,-0.00016096387224459846,-0.0002199565961035362,5.899272385893775e-5,0.00012526121357467443,-36.6496674292808,70.97571353421924,0.0001547553204134469,0.000140383679295285,-1.4371641118161898e-5,5.011435910590469e-5,-9.28668628630433,28.811528674190974,0.136764
1328.9999999999636,4.008818180574681,4.006909900046845,-0.0019082805278358705,0.00827824680432259,-0.04760207227862628,0.21228580352729162,0.7272215762328033,0.7275996697305525,0.7998765964733071,0.8141801927545049,0.000378093497749199,0.0004782413234142644,0.05199151264293086,0.05983579227568604,-0.00015559617359924284,-0.00021232932387942722,5.6733150280184375e-5,0.00012526121357467443,-36.4617901377881,70.97571353421924,0.00015555000345358436,0.0001413791876885603,-1.4170815765024062e-5,5.011435910590469e-5,-9.11013529437342,28.811528674190974,0.136764
1329.9999999999634,4.008833465394633,4.006896695919075,-0.0019367694755585418,0.00827824680432259,-0.048312545090168385,0.21228580352729162,0.7271898726114189,0.7275663356392569,0.7998402393891723,0.814157976992222,0.00037646302783800323,0.0004782413234142644,0.0517695641835719,0.05983579227568604,-0.00015079575891747371,-0.00020545120352964571,5.4655444612172e-5,0.00012526121357467443,-36.2446828773768,70.97571353421924,0.00015607679774253636,0.0001420808188894455,-1.3995978853090858e-5,5.011435910590469e-5,-8.967366742222996,28.811528674190974,0.136764
1330.9999999999634,4.008867335692129,4.006901650475373,-0.0019656852167555527,0.00827824680432259,-0.049033431444699536,0.21228580352729162,0.7271625664591571,0.7275375320076862,0.7998075572232787,0.8141380628386279,0.0003749655485291159,0.0004782413234142644,0.05156557361787363,0.05983579227568604,-0.00014648503883232886,-0.00019922335828586948,5.2738319453540615e-5,0.00012526121357467443,-36.00252959205375,70.97571353421924,0.00015637767196558728,0.0001425360086162503,-1.3841663349336972e-5,5.011435910590469e-5,-8.851432033329534,28.811528674190974,0.136764
1331.9999999999634,4.008916484155238,4.006930052827382,-0.0019864313278556978,0.00827824680432259,-0.04955032951439197,0.21228580352729162,0.7271389950084771,0.7275125811292851,0.7997780141200237,0.8141200606366618,0.00037358612080795606,0.0004782413234142644,0.05137753900870091,0.05983579227568604,-0.00014259957572495475,-0.00019356349873070406,5.096392300574931e-5,0.00012526121357467443,-35.73918277572455,70.97571353421924,0.00015648754928337055,0.00014278360625707675,-1.37039430262938e-5,5.011435910590469e-5,-8.757209815765245,28.811528674190974,0.136764
1332.9999999999634,4.0089782802167795,4.006969968612979,-0.00200831160380055,0.00827824680432259,-0.05009534757798572,0.21228580352729162,0.7271186095375317,0.7274909215493193,0.7997511650212498,0.8141036535419622,0.0003723120117875567,0.0004782413234142644,0.05120375230450474,0.05983579227568604,-0.00013908533094146464,-0.0001884022172352558,4.9316886293791166e-5,0.00012526121357467443,-35.458006937156185,70.97571353421924,0.00015643562215774895,0.00014285589304684988,-1.357972911089907e-5,5.011435910590469e-5,-8.680714100529697,28.811528674190974,0.136764
1333.9999999999634,4.00905045354145,4.007026999127798,-0.002023454413651926,0.00827824680432259,-0.05047216135343171,0.21228580352729162,0.7271009525238155,0.7274720849348416,0.7997266375305788,0.8140885787835704,0.0003711324110261538,0.0004782413234142644,0.051042762320408004,0.05983579227568604,-0.00013589674421938443,-0.00018368089153123057,4.778414731184614e-5,0.00012526121357467443,-35.162098684797016,70.97571353421924,0.00015624637040316134,0.00014277962881173992,-1.346674159142142e-5,5.011435910590469e-5,-8.618914830900255,28.811528674190974,0.136764
1334.9999999999634,4.009131205655607,4.00709108372152,-0.0020401219340868693,0.00827824680432259,-0.050886883702107505,0.21228580352729162,0.7270856399063574,0.7274556778536533,0.7997041180460664,0.8140746200934845,0.0003700379472958426,0.0004782413234142644,0.05089330980921318,0.05983579227568604,-0.00013299507025567707,-0.00017934935338642113,4.635428313074405e-5,0.00012526121357467443,-34.854136353798694,70.97571353421924,0.00015594042247478001,0.0001425773604423852,-1.3363062032394806e-5,5.011435910590469e-5,-8.569338097410881,28.811528674190974,0.136764
1335.9999999999632,4.009218954894923,4.007167802901669,-0.00205115199325423,0.00827824680432259,-0.05116088735313256,0.21228580352729162,0.7270723474598098,0.7274413680222342,0.7996833408764247,0.81406159558094,0.00036902056242449355,0.0004782413234142644,0.05075431127504018,0.05983579227568604,-0.00013034723558302916,-0.0001753647187459556,4.501748316292645e-5,0.00012526121357467443,-34.536584501825516,70.97571353421924,0.00015553520077897937,0.00014226792479641177,-1.3267275982567603e-5,5.011435910590469e-5,-8.530079310741263,28.811528674190974,0.136764
1336.9999999999632,4.009312457427762,4.007248556696721,-0.002063900731040569,0.00827824680432259,-0.051477672367912605,0.21228580352729162,0.7270607999352886,0.7274288731074413,0.7996640797516252,0.8140493541711042,0.0003680731721527053,0.0004782413234142644,0.05062481324608138,0.05983579227568604,-0.00012792478335008057,-0.00017168983837100854,4.376505502092797e-5,0.00012526121357467443,-34.211552972624524,70.97571353421924,0.00015504549821708687,0.00014186737712027612,-1.3178121096810749e-5,5.011435910590469e-5,-8.499518688610623,28.811528674190974,0.136764
1337.9999999999632,3.9960853984910685,3.9948190676048956,-0.001266330886172895,0.00827824680432259,-0.031689284884929246,0.21228580352729162,0.7270507625896591,0.7274179522114724,0.7996461410028209,0.8140377673023219,0.00036718962181336856,0.0004782413234142644,0.05050398688882294,0.05983579227568604,-0.00012570316852096897,-0.00016829263879142281,4.258947027045384e-5,0.00012526121357467443,-33.880983885739795,70.97571353421924,0.00015448388959050986,0.00014138920215727422,-1.3094687433235641e-5,5.011435910590469e-5,-8.476409720098129,28.811528674190974,0.5389649999851851
1338.9999999999632,3.9072758970490766,3.9123877541696768,0.005111857120600138,0.00827824680432259,0.13082918266562155,0.21228580352729162,0.7269547831596458,0.7273211453023121,0.7995529861352149,0.8139518497494926,0.00036636214266627665,0.0004782413234142644,0.05039682675639267,0.05983579227568604,-0.00011910151352275687,-0.00016053233021602964,4.143081669327277e-5,0.00012526121357467443,-34.78613786495377,70.97571353421924,0.0001553416546847754,0.00014279815427647722,-1.2543500408298164e-5,5.011435910590469e-5,-8.07478228151481,28.811528674190974,3.9853799998730532
1339.9999999999632,3.838729981271499,3.8502283448899517,0.01149836361845269,0.00827824680432259,0.2995356191904932,0.21228580352729162,0.7260720242950175,0.7264381641615276,0.7987892090189707,0.8131962049423593,0.000366139866510129,0.0004782413234142644,0.050427485739535816,0.05983579227568604,-7.625964897089387e-5,-0.00011708002212478117,4.08203731538873e-5,0.00012526121357467443,-53.52814195285277,70.97571353421924,0.00017012839221530073,0.00016270156284507902,-7.426829370221717e-6,5.011435910590469e-5,-4.365426178143695,28.811528674190974,8.019449999851409
1340.999999999963,3.781600226128179,3.798430607303817,0.016830381175638287,0.00827824680432259,0.445059767538416,0.21228580352729162,0.7239653562951317,0.7243315361509229,0.7970841200626061,0.8115192867622089,0.0003661798557912377,0.0004782413234142644,0.050579748410221004,0.05983579227568604,2.6156849076975804e-5,-1.4014410892498152e-5,-1.2142438184477652e-5,0.00012526121357467443,-46.42163950537093,70.97571353421924,0.00021053883413648167,0.0002172286453131823,6.6898111767006426e-6,5.011435910590469e-5,3.177471369659042,28.811528674190974,12.060449999850233
1341.999999999963,3.815332353051616,3.8248240178260007,0.009491664774384567,0.00827824680432259,0.24877687960245068,0.21228580352729162,0.7209531423776484,0.7213151147318696,0.7948566764867413,0.8094122807695417,0.0003619723542211961,0.0004782413234142644,0.05020747298880464,0.05983579227568604,0.00018406604311327256,0.00015042486030367262,-3.364118280959995e-5,0.00012526121357467443,-18.276691474753694,70.97571353421924,0.0002760524982579317,0.0003069335369182181,3.0881038660286416e-5,5.011435910590469e-5,11.186654297702638,28.811528674190974,8.803800000120699
1342.999999999963,3.784381431280129,3.7960791808166907,0.011697749536561552,0.00827824680432259,0.3091059859842034,0.21228580352729162,0.7188259051105581,0.7191818739889193,0.7932573175750693,0.8079539836096531,0.0003559688783612014,0.0004782413234142644,0.04952087505895493,0.05983579227568604,0.0002839136554198362,0.00025924010205874274,-2.467355336109345e-5,0.00012526121357467443,-8.690513080326316,70.97571353421924,0.00033590049885041685,0.0003864012608736678,5.050076202325096e-5,5.011435910590469e-5,15.034440912140457,28.811528674190974,10.608749999933105
1343.999999999963,3.775588983101072,3.7876575247046054,0.012068541603533323,0.00827824680432259,0.3196465944134854,0.21228580352729162,0.7174697213499575,0.7178199014308165,0.7921527561684564,0.8069933748873709,0.0003501800808590749,0.0004782413234142644,0.04880764587531199,0.05983579227568604,0.00033108973657804396,0.00031602328301188576,-1.5066453566158205e-5,0.00012526121357467443,-4.550564968239891,70.97571353421924,0.0003829806849421464,0.00044376453485901523,6.0783849916868835e-5,5.011435910590469e-5,15.871257300104032,28.811528674190974,10.851749999990993
1344.999999999963,3.770973699218828,3.782512346745579,0.011538647526751156,0.00827824680432259,0.3059858924272379,0.21228580352729162,0.7157544594580609,0.7160972058989105,0.7908433489396606,0.8058712768845896,0.00034274644084952843,0.0004782413234142644,0.047886036380275096,0.05983579227568604,0.0004034454437140552,0.0004001946668126795,-3.250776901375695e-6,0.00012526121357467443,-0.8057537771277214,70.97571353421924,0.00043336133114835255,0.0005033294513065251,6.996812015817253e-5,5.011435910590469e-5,16.14544610447035,28.811528674190974,10.728450000004571
1345.9999999999627,3.7800626939818476,3.789587279195316,0.009524585213468217,0.00827824680432259,0.2519689747112421,0.21228580352729162,0.7143080536269576,0.7146439463697555,0.7897265302068857,0.8049254227127702,0.00033589274279788306,0.0004782413234142644,0.047023513327668666,0.05983579227568604,0.00045923680806989986,0.0004660243619542846,6.787553884384716e-6,0.00012526121357467443,1.4780073733444272,70.97571353421924,0.0004794533657190531,0.0005556763887993278,7.622302308027466e-5,5.011435910590469e-5,15.89790134562103,28.811528674190974,9.598050000042154
1346.9999999999627,3.8072993190690285,3.8130392424001007,0.005739923331072205,0.00827824680432259,0.15076102113441786,0.21228580352729162,0.713285817384329,0.7136168385555933,0.7888887676263164,0.8042237133989383,0.00033102117126437847,0.0004782413234142644,0.04640792837831225,0.05983579227568604,0.00048818352580716826,0.0005020454837640363,1.3861957956868068e-5,0.00012526121357467443,2.8394972841307062,70.97571353421924,0.0005165174823570988,0.000594957082938476,7.843960058137719e-5,5.011435910590469e-5,15.186243110963533,28.811528674190974,7.358400000083515
1347.9999999999627,3.778843052279154,3.7887380423627928,0.0098949900836387,0.00827824680432259,0.26185236980590343,0.21228580352729162,0.7129676817479477,0.7132976258467902,0.7885312431125663,0.8039305354027876,0.0003299440988425717,0.0004782413234142644,0.04627756731324259,0.05983579227568604,0.00047668518791954903,0.0004921308888177119,1.5445700898162912e-5,0.00012526121357467443,3.2402309300975616,70.97571353421924,0.0005374768431587046,0.0006122196442519048,7.474280109320017e-5,5.011435910590469e-5,13.906236528060118,28.811528674190974,9.137699999933652
1348.9999999999627,3.8151816021623537,3.82073707083746,0.005555468675106479,0.00827824680432259,0.14561478992134402,0.21228580352729162,0.7124601840845979,0.7127895078395535,0.7880573368471393,0.8035219778513515,0.00032932375495564603,0.0004782413234142644,0.04622346094733372,0.05983579227568604,0.00047936907977454027,0.0004963326640287336,1.696358425419336e-5,0.00012526121357467443,3.5387314221792887,70.97571353421924,0.0005560999824334248,0.0006267707839886383,7.067080155521359e-5,5.011435910590469e-5,12.708290557026617,28.811528674190974,6.508350000098046
1349.9999999999627,3.8661325069549237,3.8665052910813973,0.00037278412647356873,0.00827824680432259,0.009642300821375212,0.21228580352729162,0.7120302284456537,0.7123592374496959,0.7876585146360512,0.8031698097405714,0.00032900900404220224,0.0004782413234142644,0.04620716802437189,0.05983579227568604,0.0004805047762781491,0.0004980525546967724,1.754777841862326e-5,0.00012526121357467443,3.6519467203933482,70.97571353421924,0.0005709177893710223,0.0006373706220638254,6.64528326928031e-5,5.011435910590469e-5,11.63965003893361,28.811528674190974,3.589065000108858
1350.9999999999625,3.8500898468123745,3.8533554899366593,0.0032656431242847894,0.00827824680432259,0.08481991990364927,0.21228580352729162,0.7126857269754969,0.7130167979862192,0.7880782990205034,0.8035499992838973,0.0003310710107222725,0.0004782413234142644,0.04645399763052294,0.05983579227568604,0.0004274908074738311,0.0004409380701660823,1.344726269225118e-5,0.00012526121357467443,3.1456261648560373,70.97571353421924,0.0005635703874738927,0.0006201212058338536,5.65508183599609e-5,5.011435910590469e-5,10.034384278677276,28.811528674190974,4.402394999969487
1351.9999999999625,3.9820826396857663,3.976287235819287,-0.005795403866479365,0.00827824680432259,-0.14553700640769957,0.21228580352729162,0.7132346767511677,0.7135680301353841,0.7884338937855426,0.8038650464230022,0.0003333533842163616,0.0004782413234142644,0.04673824690280188,0.05983579227568604,0.0003847114017251477,0.0003944722135319438,9.76081180679609e-6,0.00012526121357467443,2.5371776773513934,70.97571353421924,0.00055060929459498,0.0005967590069623814,4.614971236740139e-5,5.011435910590469e-5,8.381571619009524,28.811528674190974,-0.6377849998109094
1352.9999999999625,3.9842621018112476,3.9797098571914034,-0.00455224461984427,0.00827824680432259,-0.11425565144860368,0.21228580352729162,0.714320849634931,0.7146550861473147,0.7893121436523265,0.8046874327766653,0.0003342365123836233,0.0004782413234142644,0.046790810117672194,0.05983579227568604,0.0003220514479081371,0.00032889974683775083,6.848298929613755e-6,0.00012526121357467443,2.1264611521222485,70.97571353421924,0.0005242703109626114,0.0005575365277530165,3.3266216790405075e-5,5.011435910590469e-5,6.3452413945250985,28.811528674190974,-0.6287400000003392
1353.9999999999625,4.003406334380174,3.9992628382976383,-0.004143496082535947,0.00827824680432259,-0.10349926378825751,0.21228580352729162,0.7159439574670156,0.7162785291286344,0.7906709000162419,0.8059680441594644,0.0003345716616188765,0.0004782413234142644,0.04673154345803535,0.05983579227568604,0.0002389628872033439,0.00024269115556584285,3.7282683624989597e-6,0.00012526121357467443,1.5601871931378257,70.97571353421924,0.0004829236206952608,0.0005005699247423647,1.764630404710386e-5,5.011435910590469e-5,3.654056933827058,28.811528674190974,-1.1288699999812368
1354.9999999999625,4.020525123272895,4.0162188191498,-0.004306304123095295,0.00827824680432259,-0.10710800184205198,0.21228580352729162,0.7169955753893079,0.7173313102619583,0.7915449511272846,0.8067800092530236,0.00033573487265037283,0.0004782413234142644,0.04682523632981675,0.05983579227568604,0.000184502121891947,0.0001851929697416027,6.908478496557124e-7,0.00012526121357467443,0.37443897260992204,70.97571353421924,0.0004462216330808583,0.00045128445308457055,5.062820003712244e-6,5.011435910590469e-5,1.1345976143641667,28.811528674190974,-1.5999749999823256
1355.9999999999623,4.009510812376023,4.006884398036352,-0.002626414339671257,0.00827824680432259,-0.0655046079827093,0.21228580352729162,0.717959801646329,0.7182970420286761,0.7923564733250127,0.8075280677086815,0.00033724038234705933,0.0004782413234142644,0.04697204238646022,0.05983579227568604,0.00013402341934984214,0.00013144843981072565,-2.574979539116492e-6,0.00012526121357467443,-1.92129073531172,70.97571353421924,0.00041128901429298407,0.000406116626800001,-5.172387492983078e-6,5.011435910590469e-5,-1.2576040966896573,28.811528674190974,-1.0755000000197956
1356.9999999999623,3.9978195085240817,3.996512412700298,-0.0013070958237837438,0.00827824680432259,-0.032695218505907446,0.21228580352729162,0.718666322421122,0.7190051488113535,0.7929520074448619,0.8080671978894408,0.00033882639023141703,0.0004782413234142644,0.04714655183645471,0.05983579227568604,9.858298322600768e-5,9.300660196640665e-5,-5.576381259601027e-6,0.00012526121357467443,-5.6565353138247225,70.97571353421924,0.0003814815396366596,0.0003692786470467101,-1.2202892589949492e-5,5.011435910590469e-5,-3.1988160165160506,28.811528674190974,-0.5794650000187224
1357.9999999999623,4.080670004115094,4.07303197786901,-0.007638026246083562,0.00827824680432259,-0.1871757882499958,0.21228580352729162,0.7190292456136191,0.7193692783319511,0.7932543645280096,0.8083265123967986,0.0003400327183319396,0.0004782413234142644,0.047290526832709824,0.05983579227568604,8.314718375429845e-5,7.529651418104548e-5,-7.850669573252964e-6,0.00012526121357467443,-9.44189474468774,70.97571353421924,0.00035952318354384917,0.0003438636866703377,-1.5659496873511472e-5,5.011435910590469e-5,-4.3556292306811875,28.811528674190974,-3.7494449998803523
1358.9999999999623,4.070922556531679,4.06508413149573,-0.005838425035949335,0.00827824680432259,-0.14341773774550803,0.21228580352729162,0.7200045954464567,0.7203472521839388,0.7940701655547833,0.8090597591171562,0.00034265673748212766,0.0004782413234142644,0.047590909787131964,0.05983579227568604,2.479015605714783e-5,1.239145492097968e-5,-1.239870113616815e-5,0.00012526121357467443,-50.014615106035976,70.97571353421924,0.00032990259198673966,0.0003088692074201249,-2.1033384566614772e-5,5.011435910590469e-5,-6.375634832071948,28.811528674190974,-3.113685000023996
1359.9999999999623,4.07155799354772,4.0667599348712065,-0.004798058676513506,0.00827824680432259,-0.11784330922258963,0.21228580352729162,0.7212479333345895,0.7215946064796182,0.7951186600152618,0.8100074445698459,0.0003466731450286753,0.0004782413234142644,0.04806573842449437,0.05983579227568604,-4.889408240711696e-5,-6.699531403842863e-5,1.8101231631311674e-5,0.00012526121357467443,-37.02131370539205,70.97571353421924,0.0002941477931421785,0.00026598081815009875,-2.8166974992079735e-5,5.011435910590469e-5,-9.575790010590024,28.811528674190974,-2.940840000006524
1360.9999999999623,4.0711659833528255,4.066817062590926,-0.004348920761899855,0.00827824680432259,-0.10682248721085755,0.21228580352729162,0.7219497138689094,0.722299924894049,0.7957215981253895,0.8105380618655051,0.0003502110251396573,0.0004782413234142644,0.048509060729851346,0.05983579227568604,-8.321884051090326e-5,-0.00010556354282397672,2.2344702313073462e-5,0.00012526121357467443,-26.85053309550243,70.97571353421924,0.0002658945654298587,0.00023327958801770278,-3.261497741215594e-5,5.011435910590469e-5,-12.266131637338622,28.811528674190974,-2.7666450000065748
1361.999999999962,4.106480914096865,4.099138503664028,-0.007342410432837454,0.00827824680432259,-0.17880054933732142,0.21228580352729162,0.7225115944148414,0.722864740019611,0.7962089846353384,0.8109605518948707,0.0003531456047696224,0.0004782413234142644,0.048877500028997226,0.05983579227568604,-0.00010842201055914825,-0.00013448093492621053,2.6058924367062278e-5,0.00012526121357467443,-24.034717888621113,70.97571353421924,0.00024213600827119398,0.00020693164429693708,-3.52043639742569e-5,5.011435910590469e-5,-14.539086617314585,28.811528674190974,-4.311854999941327
1362.999999999962,4.171507974028634,4.157417712528761,-0.014090261499872803,0.00827824680432259,-0.33777381195474815,0.21228580352729162,0.723356511960956,0.7237141814133023,0.7969149882731678,0.8115726490383375,0.0003576694523463875,0.0004782413234142644,0.049445805274743015,0.05983579227568604,-0.00015701968016459473,-0.00018892536786006784,3.190568769547312e-5,0.00012526121357467443,-20.31954699056081,70.97571353421924,0.0002155575608077548,0.00017701822311838632,-3.853933768936847e-5,5.011435910590469e-5,-17.878907863380313,28.811528674190974,-8.130149999855014
1363.999999999962,4.148104372487767,4.138950973048033,-0.009153399439734144,0.00827824680432259,-0.22066463660952973,0.21228580352729162,0.7252422163989223,0.7256155974078242,0.798356533616381,0.8127871102249108,0.0003733810089019407,0.0004782413234142644,0.05148362856700568,0.05983579227568604,-0.0002987788226213816,-0.0003491388785171243,5.036005589574273e-5,0.00012526121357467443,-16.855296320502607,70.97571353421924,0.0001712222324269705,0.0001226193536724141,-4.860287875455639e-5,5.011435910590469e-5,-28.385845731386798,28.811528674190974,-6.155100000074995
1364.999999999962,4.1149210764117505,4.11091539619491,-0.004005680216840446,0.00827824680432259,-0.09734525018723898,0.21228580352729162,0.726929191345537,0.7273207983115435,0.7996495584766498,0.8138607041123784,0.0003916069660064858,0.0004782413234142644,0.05387140462492999,0.05983579227568604,-0.0004175476188854625,-0.00048635141113547657,6.880379225001406e-5,0.00012526121357467443,-16.47807079673172,70.97571353421924,0.00012514552508131684,6.598010282335293e-5,-5.916542225796391e-5,5.011435910590469e-5,-47.27729754581277,28.811528674190974,-3.923100000084752
1365.999999999962,4.07843710976543,4.077236895701762,-0.0012002140636679925,0.00827824680432259,-0.029428284202156606,0.21228580352729162,0.7272595744016052,0.727656696624327,0.7999798157649703,0.814134368043462,0.00039712222272181297,0.0004782413234142644,0.054605293171776835,0.05983579227568604,-0.0004100499118343942,-0.000481540858673754,7.14909468393598e-5,0.00012526121357467443,-17.434693869226503,70.97571353421924,0.00010051507998580358,3.9558302069478415e-5,-6.0956777916325165e-5,5.011435910590469e-5,-60.64441069433014,28.811528674190974,-2.1411000000676648
1366.9999999999618,4.033159840522706,4.034056011157225,0.0008961706345189668,0.00827824680432259,0.022220062431317404,0.21228580352729162,0.7269409663468213,0.7273347534824068,0.7997830550582848,0.8139637897651549,0.0003937871355855771,0.0004782413234142644,0.05417044214257455,0.05983579227568604,-0.0003573632824566942,-0.00042322249752156914,6.585921506487496e-5,0.00012526121357467443,-18.42920588039312,70.97571353421924,9.290323753247794e-5,3.677345510732869e-5,-5.612978242514925e-5,5.011435910590469e-5,-60.417466512431176,28.811528674190974,-0.5432400000610362
1367.9999999999618,4.010501311031317,4.011562048605034,0.0010607375737174962,0.00827824680432259,0.026449002043705185,0.21228580352729162,0.7263022952291693,0.7266896203800544,0.7992734379702523,0.8135125544641464,0.0003873251508850206,0.0004782413234142644,0.053328366635934744,0.05983579227568604,-0.0002939594066493875,-0.0003516144667683312,5.765506011894372e-5,0.00012526121357467443,-19.61327272228111,70.97571353421924,9.711349636178433e-5,4.95994854948633e-5,-4.751401086692103e-5,5.011435910590469e-5,-48.926269413587434,28.811528674190974,0.1367639999740247
1368.9999999999618,4.0095793027513285,4.0096193704665275,4.006771519904362e-5,0.00827824680432259,0.0009992997313097063,0.21228580352729162,0.7256101108368899,0.7259915564193672,0.7986868386504686,0.8129780813807211,0.0003814455824773244,0.0004782413234142644,0.0525689453303483,0.05983579227568604,-0.0002371582846509613,-0.0002878817925122417,5.072350786128037e-5,0.00012526121357467443,-21.38803961073209,70.97571353421924,0.00010748967209351502,6.961512241779299e-5,-3.787454967572204e-5,5.011435910590469e-5,-35.2355244351025,28.811528674190974,0.136764
