Time (s),Voltage (P2D) (V),Voltage (sP2D) (V),Voltage Error (V),average Voltage Error (V),Voltage Error Percentage (%),average Voltage Error Percentage (%),Average Concentration (P2D) (mol/m³),Average Concentration (sP2D) (mol/m³),First Position Concentration (P2D) (mol/m³),First Position Concentration (sP2D) (mol/m³),Concentration Error (mol/m³),average Concentration Error (mol/m³),Concentration Error Percentage (%),average Concentration Error Percentage (%),Negative Stress (P2D) (Pa),Negative Stress (sP2D) (Pa),Negative Stress Error (Pa),average Negative Stress Error (Pa),Negative Stress Error Percentage (%),average Negative Stress Error Percentage (%),Positive Stress (P2D) (Pa),Positive Stress (sP2D) (Pa),Positive Stress Error (Pa),average Positive Stress Error (Pa),Positive Stress Error Percentage (%),average Positive Stress Error Percentage (%),Current (A)
0.0,4.180342177569225,4.180367096014283,2.491844505847496e-5,0.002684099368845545,0.0005960862532302195,0.06590568279918213,29866.0,29866.0,29866.0,29866.0,0.0,0.4932244175006447,0.0,0.001688253410308909,-5.942940940055923,-5.942940940055923,0.0,33331.45454141086,-0.0,2.8065960463293687,17.41649343659723,17.41649343659723,0.0,3.241718321752391e6,0.0,17.117788423354423,0.012859
1.0,4.180342176890543,4.180367095359443,2.4918468900736457e-5,0.002684099368845545,0.0005960868236693372,0.06590568279918213,29865.9999910309,29865.99999102949,29865.999991315017,29865.9999913199,-1.4115357771515846e-9,0.4932244175006447,-4.72622975147487e-12,0.001688253410308909,-5.7497236971494035,-5.749554764574967,-0.00016893257443673093,33331.45454141086,0.002938098999791664,2.8065960463293687,18.760648637945458,19.16124031584587,0.4005916779004117,3.241718321752391e6,2.135276266995222,17.117788423354423,0.012859
2.0,4.180324436376905,4.18034571741905,2.12810421453824e-5,0.002684099368845545,0.0005090763281480306,0.06590568279918213,29865.81862998197,29865.818601419996,29865.824375054475,29865.824473879235,-2.8561975341290236e-5,0.4932244175006447,-9.563432931524327e-8,0.001688253410308909,3771.455362402615,3774.756373327252,3.301010924637012,33331.45454141086,0.087526183063031,2.8065960463293687,35083.97411615454,45534.6193201453,10450.64520399076,3.241718321752391e6,29.7875182822539,17.117788423354423,0.012859
3.0,4.180308631220202,4.180328660882661,2.0029662459286612e-5,0.002684099368845545,0.00047914315009416183,0.06590568279918213,29865.721405720673,29865.72135476078,29865.73025090806,29865.730722169705,-5.0959893997060135e-5,0.4932244175006447,-1.70630045411523e-7,0.001688253410308909,5579.101406321523,5592.673740626095,13.572334304571996,33331.45454141086,0.2432709735154404,2.8065960463293687,65426.40955826852,83935.13399745042,18508.724439181904,3.241718321752391e6,28.28937819474581,17.117788423354423,0.012859
4.0,4.180294400039293,4.180313851439041,1.9451399747794085e-5,0.002684099368845545,0.0004653117193758231,0.06590568279918213,29865.647634505163,29865.647559362278,29865.658891677616,29865.660088505283,-7.514288517995737e-5,0.4932244175006447,-2.516030661700479e-7,0.001688253410308909,6843.179385465214,6874.796591062149,31.617205596934582,33331.45454141086,0.46202508828117145,2.8065960463293687,91514.49309001742,114687.45551134026,23172.962421322838,3.241718321752391e6,25.321631185269155,17.117788423354423,0.012859
5.0,4.180281455064827,4.180300657314241,1.9202249414540518e-5,0.002684099368845545,0.00045935302732487263,0.06590568279918213,29865.585084489932,29865.58498981089,29865.598466230273,29865.600425219513,-9.467904237681068e-5,0.4932244175006447,-3.1701720260615375e-7,0.001688253410308909,7847.8840296159715,7895.81522913072,47.93119951474819,33331.45454141086,0.6107531575883093,2.8065960463293687,114508.12823867385,139722.5314271513,25214.403188477445,3.241718321752391e6,22.019749668706538,17.117788423354423,0.012859
6.0,4.180231865716922,4.18025262628804,2.076057111821683e-5,0.002684099368845545,0.0004966368322407957,0.06590568279918213,29865.529423467666,29865.529312800718,29865.544780402008,29865.547478247947,-0.00011066694787587039,0.4932244175006447,-3.705507654215926e-7,0.001688253410308909,8693.436433377261,8755.346567458662,61.91013408140134,33331.45454141086,0.7121480044842318,2.8065960463293687,135240.7817105679,161134.96862452143,25894.186913953512,3.241718321752391e6,19.146729696793894,17.117788423354423,0.013668
7.0,4.179761090240581,4.179800810961581,3.972072099944768e-5,0.002684099368845545,0.0009503107986768069,0.06590568279918213,29865.472834736483,29865.472709984242,29865.490266153633,29865.493661821005,-0.00012475224139052443,0.4932244175006447,-4.177139336813891e-7,0.001688253410308909,9547.621573680992,9621.30211722296,73.68054354196829,33331.45454141086,0.7717162119734232,2.8065960463293687,155293.01119231136,181642.22468646648,26349.21349415512,3.241718321752391e6,16.967417459324587,17.117788423354423,0.023524
8.0,4.17938260444788,4.179435931913486,5.332746560604562e-5,0.002684099368845545,0.0012759651521086447,0.06590568279918213,29865.34724132486,29865.347092725846,29865.36900249667,29865.373097561845,-0.00014859901421004906,0.4932244175006447,-4.975633231695084e-7,0.001688253410308909,11824.173313462263,11909.303026757401,85.12971329513857,33331.45454141086,0.7199633415235484,2.8065960463293687,188222.4027112719,219133.40328582583,30911.00057455394,3.241718321752391e6,16.422593766359782,17.117788423354423,0.03126
9.0,4.1784530732397585,4.1785409128871684,8.783964740999295e-5,0.002684099368845545,0.00210220495169727,0.06590568279918213,29865.13599793236,29865.135809759748,29865.164878876516,29865.16981652046,-0.00018817261297954246,0.4932244175006447,-6.300745223211779e-7,0.001688253410308909,15786.508317286365,15886.861361995949,100.35304470958363,33331.45454141086,0.6356886696705196,2.8065960463293687,241716.39493422734,283211.6191388264,41495.22420459904,3.241718321752391e6,17.166905131069065,17.117788423354423,0.050602
10.0,4.154340345868195,4.15544898916946,0.0011086433012650332,0.002684099368845545,0.026686386019567764,0.06590568279918213,29864.803679162647,29864.803425773793,29864.843619701838,29864.849792968707,-0.0002533888546167873,0.4932244175006447,-8.484531066701183e-7,0.001688253410308909,22093.138533696983,22218.821503903535,125.68297020655154,33331.45454141086,0.5688778441997133,2.8065960463293687,325868.9891068085,385823.9960953709,59955.00698856241,3.241718321752391e6,18.398500315386332,17.117788423354423,0.58049
11.0,4.084301034350091,4.089254251943814,0.004953217593723025,0.002684099368845545,0.12127454739660735,0.06590568279918213,29860.708956714723,29860.70797379825,29860.89024208104,29860.900855234424,-0.0009829164737311658,0.4932244175006447,-3.2916715914413653e-6,0.001688253410308909,106901.29950870204,107149.84860432471,248.5490956226713,33331.45454141086,0.23250334351869947,2.8065960463293687,1.1487432372561179e6,1.4445435807263805e6,295800.3434702626,3.241718321752391e6,25.749909455555077,17.117788423354423,2.6467
12.0,4.05448757809754,4.061246286856543,0.006758708759003085,0.002684099368845545,0.16669699015761763,0.06590568279918213,29840.104088304706,29840.095264468306,29841.615509598872,29841.69883963566,-0.008823836400551954,0.4932244175006447,-2.9570394173022672e-5,0.001688253410308909,557718.1821250807,560107.6073217499,2389.425196669181,33331.45454141086,0.42842877877223284,2.8065960463293687,5.407998989811231e6,6.954905535640735e6,1.5469065458295038e6,3.241718321752391e6,28.604046501190254,17.117788423354423,3.8424
13.0,4.0451790995151775,4.051805545552727,0.006626446037549805,0.002684099368845545,0.16381094321247722,0.06590568279918213,29805.43394923911,29805.402315989762,29810.015390311153,29810.41520507688,-0.031633249345759396,0.4932244175006447,-0.00010613249047013774,0.001688253410308909,1.330678720306493e6,1.3424735164360225e6,11794.796129529364,33331.45454141086,0.8863744455771178,2.8065960463293687,1.356127972366173e7,1.741159924888415e7,3.850319525222419e6,3.241718321752391e6,28.39200727129298,17.117788423354423,4.1121
14.0,4.180175199450576,4.178060959554811,-0.002114239895765202,0.002684099368845545,-0.0505777819083537,0.06590568279918213,29773.690052046117,29773.62473141957,29781.652542398035,29782.69313218741,-0.06532062654514448,0.4932244175006447,-0.000219390429708109,0.001688253410308909,2.022552388947955e6,2.0528910447697428e6,30338.65582178766,33331.45454141086,1.5000182931018426,2.8065960463293687,2.2642084048477735e7,2.8714333799923066e7,6.072249751445331e6,3.241718321752391e6,26.818422449295596,17.117788423354423,-0.23677
15.0,4.059570904427117,4.0644487669856755,0.004877862558558377,0.002684099368845545,0.12015709722519889,0.06590568279918213,29779.90985817157,29779.839683955906,29787.626005328177,29788.959238175376,-0.07017421566342819,0.4932244175006447,-0.00023564280750894374,0.001688253410308909,1.7954275361685334e6,1.8318246749925e6,36397.13882396673,33331.45454141086,2.0272129111731636,2.8065960463293687,2.4964205264336042e7,3.0708503430127468e7,5.744298165791426e6,3.241718321752391e6,23.010138335938745,17.117788423354423,3.1954
16.0,4.0384388073547495,4.0453235885437016,0.006884781188952083,0.002684099368845545,0.1704812556875596,0.06590568279918213,29782.842150341698,29782.774093543154,29790.077952013475,29791.645136939132,-0.06805679854369373,0.4932244175006447,-0.00022851008711709844,0.001688253410308909,1.6492796791232696e6,1.6880829945521525e6,38803.31542888284,33331.45454141086,2.3527431957149956,2.8065960463293687,2.588747502901592e7,3.060615911302218e7,4.718684084006257e6,3.241718321752391e6,18.227672180146307,17.117788423354423,4.134
17.0,4.064544584698424,4.0684791704101535,0.003934585711729888,0.002684099368845545,0.09680262154196105,0.06590568279918213,29750.167875680236,29750.074870867855,29760.44367060542,29762.68303667674,-0.09300481238096836,0.4932244175006447,-0.0003126194540132215,0.001688253410308909,2.359042184479748e6,2.412727491071413e6,53685.30659166491,33331.45454141086,2.275724738831002,2.8065960463293687,3.2991633650911115e7,3.871369002566761e7,5.722056374756493e6,3.241718321752391e6,17.34396191259377,17.117788423354423,2.8259
18.0,4.068873934190687,4.0721903510473565,0.0033164168566690577,0.002684099368845545,0.08150699457167389,0.06590568279918213,29733.261213763235,29733.154211774872,29745.0274566251,29747.7212314352,-0.10700198836275376,0.4932244175006447,-0.00035987303105931617,0.001688253410308909,2.6573662363345358e6,2.719705048504029e6,62338.812169493176,33331.45454141086,2.345887116240358,2.8065960463293687,3.887914015906354e7,4.541948399869479e7,6.540343839631252e6,3.241718321752391e6,16.822244043652187,17.117788423354423,2.5489
19.0,4.063509086924281,4.0673035032242,0.0037944162999190567,0.002684099368845545,0.09337782243748091,0.06590568279918213,29729.960726294546,29729.852727440197,29741.40678003897,29744.356187919195,-0.10799885434971657,0.4932244175006447,-0.0003632660511865305,0.001688253410308909,2.606654998186479e6,2.6719091880010273e6,65254.189814548474,33331.45454141086,2.503368871597799,2.8065960463293687,4.194179935341401e7,4.8375051747838534e7,6.433252394424528e6,3.241718321752391e6,15.338522651868225,17.117788423354423,2.6931
20.0,4.072138266988458,4.075332721276906,0.003194454288448334,0.002684099368845545,0.07844660664753868,0.06590568279918213,29723.779093352645,29723.66817709223,29735.460142154643,29738.694041690105,-0.1109162604152516,0.4932244175006447,-0.00037315665705528223,0.001688253410308909,2.6486989465268697e6,2.717164127021276e6,68465.18049440626,33331.45454141086,2.5848607892634172,2.8065960463293687,4.4623143022068836e7,5.07807056480218e7,6.1575626259529665e6,3.241718321752391e6,13.799033884519698,17.117788423354423,2.3144
21.0,4.041566043221377,4.047111119115393,0.005545075894016094,0.002684099368845545,0.13720116991076872,0.06590568279918213,29718.313661636377,29718.201772230994,29730.240980895178,29733.676724876477,-0.1118894053834083,0.4932244175006447,-0.0003764998467185817,0.001688253410308909,2.680156457212934e6,2.749524628398831e6,69368.1711858972,33331.45454141086,2.5882134977311146,2.8065960463293687,4.68749172997988e7,5.271124296800671e7,5.836325668207906e6,3.241718321752391e6,12.45085005885004,17.117788423354423,3.5036
22.0,4.058960157504029,4.06294921963054,0.003989062126510845,0.002684099368845545,0.09827793256694181,0.06590568279918213,29706.205072242115,29706.083808710784,29719.35149112896,29723.139109834145,-0.12126353133135126,0.4932244175006447,-0.0004082094331351047,0.001688253410308909,2.8853922819030564e6,2.959989269842276e6,74596.98793921946,33331.45454141086,2.5853326220869737,2.8065960463293687,5.019539959754408e7,5.616809084313527e7,5.972691245591186e6,3.241718321752391e6,11.898881757051322,17.117788423354423,2.7033
23.0,4.107939622534316,4.108710742725611,0.000771120191295438,0.002684099368845545,0.018771458739690775,0.06590568279918213,29693.858674016046,29693.727359944514,29708.228633191393,29712.371260728898,-0.1313140715319605,0.4932244175006447,-0.0004422263639547406,0.001688253410308909,3.0870183743742383e6,3.166984194541078e6,79965.82016683975,33331.45454141086,2.5903901586931575,2.8065960463293687,5.383206734315437e7,6.013243965228375e7,6.30037230912938e6,3.241718321752391e6,11.70375320897011,17.117788423354423,1.057
24.0,4.171568468956489,4.169776006974227,-0.001792461982262239,0.002684099368845545,-0.04296853798759823,0.06590568279918213,29700.890208765246,29700.76685817691,29714.391618362537,29718.462363331066,-0.12335058833559742,0.4932244175006447,-0.0004153093980300784,0.001688253410308909,2.8156498767067315e6,2.889998226743598e6,74348.3500368665,33331.45454141086,2.640539601600841,2.8065960463293687,5.3769402054553516e7,5.931678701173182e7,5.547384957178302e6,3.241718321752391e6,10.3169920906876,17.117788423354423,-0.44999
25.0,4.173042772188204,4.171907451470341,-0.001135320717862598,0.002684099368845545,-0.02720606473120988,0.06590568279918213,29722.95229675699,29722.843442213503,29734.970988711713,29738.802032292235,-0.10885454348681378,0.4932244175006447,-0.0003662305897476095,0.001688253410308909,2.2488633206448564e6,2.3138526607560185e6,64989.34011116205,33331.45454141086,2.8898750544131113,2.8065960463293687,4.951437896538033e7,5.311680663524524e7,3.602427669864908e6,3.241718321752391e6,7.275518233569421,17.117788423354423,-0.4451
26.0,4.226779053096286,4.223441533740031,-0.0033375193562550365,0.002684099368845545,-0.07896129214064712,0.06590568279918213,29743.517252070942,29743.420230892472,29754.569654048686,29758.184929943738,-0.09702117846973124,0.4932244175006447,-0.00032619268813265844,0.001688253410308909,1.7666483477377868e6,1.823441724145322e6,56793.37640753528,33331.45454141086,3.2147527537248624,2.8065960463293687,4.394236575450413e7,4.5444357927914195e7,1.5019921734100655e6,3.241718321752391e6,3.418095834442209,17.117788423354423,-1.8319
27.0,4.188866416590946,4.188191232115093,-0.0006751844758525749,0.002684099368845545,-0.016118548760073972,0.06590568279918213,29765.309222363667,29765.224654864214,29775.511540050884,29778.931698056276,-0.0845674994525325,0.4932244175006447,-0.0002841142983624512,0.001688253410308909,1.2888085333296922e6,1.3377686922080193e6,48960.158878327115,33331.45454141086,3.7988698563188774,2.8065960463293687,3.737479902414864e7,3.689091406221867e7,-483884.9619299695,3.241718321752391e6,-1.2946824452950805,17.117788423354423,-0.6912
28.0,4.1800147068486035,4.180112257373488,9.755052488458205e-5,0.002684099368845545,0.0023337364034809183,0.06590568279918213,29781.191534825277,29781.116791070413,29790.833240042313,29794.019008891915,-0.07474375486344798,0.4932244175006447,-0.0002509763747231025,0.001688253410308909,955974.9721582837,997204.1946012505,41229.22244296677,33331.45454141086,4.312793079706308,2.8065960463293687,3.1445623517854333e7,2.9626202313467745e7,-1.8194212043865882e6,3.241718321752391e6,-5.7859282178124065,17.117788423354423,-0.41631
29.0,4.145329891848719,4.146916573039896,0.0015866811911768863,0.002684099368845545,0.038276355141164994,0.06590568279918213,29783.307252589617,29783.236786227135,29792.854927969674,29795.760467567132,-0.07046636248196592,0.4932244175006447,-0.00023659683555068913,0.001688253410308909,917000.8179363287,951161.2120189996,34160.394082670915,33331.45454141086,3.7252304921109483,2.8065960463293687,2.8300292183871374e7,2.6352418193080924e7,-1.947873990790449e6,3.241718321752391e6,-6.882875901544799,17.117788423354423,0.39479
30.0,4.106049717945901,4.109420078421218,0.0033703604753174687,0.002684099368845545,0.08208279750210942,0.06590568279918213,29780.44049696329,29780.372308659786,29789.966715781247,29792.639002227505,-0.06818830350312055,0.4932244175006447,-0.00022897009703423866,0.001688253410308909,972808.0924623618,1.0015825456574964e6,28774.453195134643,33331.45454141086,2.9578755993179544,2.8065960463293687,2.70200074640129e7,2.5655491803345207e7,-1.3645156606676914e6,3.241718321752391e6,-5.050019554898521,17.117788423354423,1.4094
31.0,4.166099594630626,4.166286433332085,0.0001868387014596351,0.002684099368845545,0.004484739195876102,0.06590568279918213,29768.25247140206,29768.18309629383,29778.155062273334,29780.64892443935,-0.0693751082289964,0.4932244175006447,-0.00023305065789684524,0.001688253410308909,1.219178312447493e6,1.244192093670982e6,25013.78122348897,33331.45454141086,2.051691780283883,2.8065960463293687,2.8315041609462623e7,2.82022623145423e7,-112779.29492032155,3.241718321752391e6,-0.39830171000925446,17.117788423354423,-0.067283
32.0,4.144982310774689,4.146024602054318,0.0010422912796288486,0.002684099368845545,0.025145855916428417,0.06590568279918213,29765.9766220325,29765.90689571126,29775.975459925103,29778.351327777284,-0.06972632123870426,0.4932244175006447,-0.00023424839078551676,0.001688253410308909,1.2434807905560185e6,1.2663117940130625e6,22831.00345704402,33331.45454141086,1.836055983368686,2.8065960463293687,2.867981790088505e7,2.9261153653314337e7,581335.7524292879,3.241718321752391e6,2.0269855075033374,17.117788423354423,0.40082
33.0,4.229913587158551,4.227011861810414,-0.002901725348136708,0.002684099368845545,-0.06860010939575588,0.06590568279918213,29771.121778817822,29771.05307709259,29780.85703088851,29783.161488077665,-0.06870172523122164,0.4932244175006447,-0.00023076633034400126,0.001688253410308909,1.107843890478306e6,1.1295957514758701e6,21751.86099756416,33331.45454141086,1.9634409851890688,2.8065960463293687,2.751122000985205e7,2.8015628150447994e7,504408.14059594274,3.241718321752391e6,1.8334633666384441,17.117788423354423,-1.6765
34.0,4.268629287221082,4.263438399057732,-0.005190888163350671,0.002684099368845545,-0.12160550411089899,0.06590568279918213,29784.679416490682,29784.614567122586,29794.012955256512,29796.212857908544,-0.06484936809647479,0.4932244175006447,-0.00021772726571826076,0.001688253410308909,810117.8413717924,829433.760879353,19315.91950756067,33331.45454141086,2.3843345401272176,2.8065960463293687,2.4250870728090618e7,2.3889021966750365e7,-361848.76134025306,3.241718321752391e6,-1.4921062645437764,17.117788423354423,-3.0094
35.0,4.271557386377207,4.267047076786111,-0.004510309591096551,0.002684099368845545,-0.1055893479385474,0.06590568279918213,29816.352387158004,29816.300900020662,29824.40008858166,29826.355457851023,-0.05148713734160992,0.4932244175006447,-0.00017268087213708136,0.001688253410308909,136952.85593150472,149490.90927265264,12538.053341147926,33331.45454141086,9.155014151306693,2.8065960463293687,1.6723926972451078e7,1.425479511523597e7,-2.4691318572151083e6,3.241718321752391e6,-14.764067442308553,17.117788423354423,-2.9658
36.0,4.272312158694625,4.26850150562281,-0.00381065307181494,0.002684099368845545,-0.08919416302621619,0.06590568279918213,29844.209050953817,29844.175913617426,29850.835017608446,29852.367267270907,-0.03313733639151906,0.4932244175006447,-0.00011103439308759296,0.001688253410308909,-435185.07746001193,-434253.8728200042,-931.2046400077525,33331.45454141086,0.2139789915230534,2.8065960463293687,8.444432477782398e6,3.9292943776944294e6,-4.515138100087969e6,3.241718321752391e6,-53.46881642984839,17.117788423354423,-2.8139
37.0,4.2570114740132,4.254700436190627,-0.0023110378225723593,0.002684099368845545,-0.0542877987686907,0.06590568279918213,29862.45605724481,29862.439504798906,29868.231165614867,29869.237149591358,-0.016552445904380875,0.4932244175006447,-5.5428950226500714e-5,0.001688253410308909,-776968.2517479821,-789511.258781033,12543.007033050875,33331.45454141086,-1.6143525819532885,2.8065960463293687,1.5558673013713928e6,-4.0977223227600395e6,2.5418550213886467e6,3.241718321752391e6,163.3722245559227,17.117788423354423,-2.1029
38.0,4.25040863651591,4.2486202895519005,-0.0017883469640098681,0.002684099368845545,-0.042074706621050645,0.06590568279918213,29872.00392549296,29871.996360351543,29877.49940145691,29878.07060997033,-0.007565141419036081,0.4932244175006447,-2.532518888891796e-5,0.001688253410308909,-917772.2528372941,-939697.1186799337,21924.865842639585,33331.45454141086,-2.3889222816291116,2.8065960463293687,-3.3130020845680125e6,-9.08780402403617e6,5.774801939468158e6,3.241718321752391e6,-174.30722323922544,17.117788423354423,-1.7886
39.0,4.226605289848721,4.226052073668191,-0.0005532161805303915,0.002684099368845545,-0.013088900964068782,0.06590568279918213,29875.42477747381,29875.41885188231,29880.983341513453,29881.276791156088,-0.005925591500272276,0.4932244175006447,-1.9834333886158484e-5,0.001688253410308909,-925538.8072527797,-951504.4627060102,25965.655453230487,33331.45454141086,-2.805463720133222,2.8065960463293687,-6.324858527489936e6,-1.15242670847838e7,5.199408557293864e6,3.241718321752391e6,-82.20592657836546,17.117788423354423,-1.0515
40.0,4.19721162495877,4.1978114172284196,0.0005997922696492353,0.002684099368845545,0.014290255608808552,0.06590568279918213,29874.363307767202,29874.355047280995,29880.068077472588,29880.22450345224,-0.008260486207291251,0.4932244175006447,-2.7650752326305015e-5,0.001688253410308909,-847138.7619731132,-873259.3507913729,26120.58881825977,33331.45454141086,-3.0833896394282565,2.8065960463293687,-7.7614503041365575e6,-1.2037979894612791e7,4.2765295904762335e6,3.241718321752391e6,-55.099619567196164,17.117788423354423,-0.33154
41.0,4.181923931085034,4.182835392593674,0.0009114615086396327,0.002684099368845545,0.02179526752900899,0.06590568279918213,29866.865116773177,29866.85127720941,29872.846404384327,29872.997709283176,-0.01383956376594142,0.4932244175006447,-4.633751721793242e-5,0.001688253410308909,-644094.1021518244,-667213.0188726233,23118.916720798938,33331.45454141086,-3.5893694172267705,2.8065960463293687,-7.28705630066989e6,-1.0348685003321962e7,3.0616287026520725e6,3.241718321752391e6,-42.01461572858468,17.117788423354423,-0.00027238
42.0,4.180689403593384,4.181320335381048,0.0006309317876640463,0.002684099368845545,0.015091572866469062,0.06590568279918213,29857.645378746896,29857.626259709297,29863.856474990276,29864.033235442374,-0.01911903759901179,0.4932244175006447,-6.403397641202141e-5,0.001688253410308909,-423182.61218920624,-443106.9767615813,19924.36457237508,33331.45454141086,-4.7082190993865405,2.8065960463293687,-5.681346771336939e6,-7.5381810857456345e6,1.8568343144086953e6,3.241718321752391e6,-32.68299558436817,17.117788423354423,0.012859
43.0,4.179975228467169,4.180409442172637,0.0004342137054678119,0.002684099368845545,0.01038794925172419,0.06590568279918213,29851.07846984735,29851.05530507354,29857.41637099317,29857.623563162986,-0.023164773811004125,0.4932244175006447,-7.760112866408803e-5,0.001688253410308909,-272019.8668174904,-289176.0600171642,17156.193199673842,33331.45454141086,-6.306963311317499,2.8065960463293687,-4.0154538507793793e6,-5.009968852649389e6,994515.0018700096,3.241718321752391e6,-24.767187940087503,17.117788423354423,0.012859
44.0,4.179390889418321,4.179714791745614,0.0003239023272927355,0.002684099368845545,0.007749988834804001,0.06590568279918213,29847.245467739613,29847.21933510664,29853.629815184555,29853.87727405657,-0.02613263297098456,0.4932244175006447,-8.75545885774619e-5,0.001688253410308909,-185209.72340146417,-199864.68266459854,14654.95926313437,33331.45454141086,-7.9126295282931745,2.8065960463293687,-2.690379338640624e6,-3.221630189707573e6,531250.8510669488,3.241718321752391e6,-19.74631768230035,17.117788423354423,0.012859
45.0,4.1789154833261355,4.179169570785351,0.00025408745921584597,0.002684099368845545,0.00608022488680746,0.06590568279918213,29844.634179333258,29844.605928197354,29851.027540689676,29851.317824423117,-0.028251135903701652,0.4932244175006447,-9.466068752574938e-5,0.001688253410308909,-126986.92284062064,-139512.3715518962,12525.448711275574,33331.45454141086,-9.863573690179166,2.8065960463293687,-1.6206063625614143e6,-1.944358694508698e6,323752.3319472838,3.241718321752391e6,-19.977234412160648,17.117788423354423,0.012859
46.0,4.178525928597889,4.178730139496205,0.0002042108983157931,0.002684099368845545,0.004887151636852865,0.06590568279918213,29842.71026333318,29842.680559368233,29849.092242121802,29849.4227516595,-0.029703964948566863,0.4932244175006447,-9.953507803566758e-5,0.001688253410308909,-84817.89921828813,-95605.689769999,10787.79055171086,33331.45454141086,-12.718766499919198,2.8065960463293687,-734033.0389752437,-975127.8979411415,241094.85896589782,3.241718321752391e6,-32.845232593682894,17.117788423354423,0.012859
47.0,4.178205178043371,4.178372882414603,0.0001677043712318138,0.002684099368845545,0.004013789751472875,0.06590568279918213,29841.232813805986,29841.202125533055,29847.59145856044,29847.958616323634,-0.030688272931001848,0.4932244175006447,-0.00010283848902115057,0.001688253410308909,-53039.790988373345,-62405.25222681153,9365.461238438183,33331.45454141086,-17.657424857671764,2.8065960463293687,10015.877758512956,-195883.3086652785,185867.43090676557,3.241718321752391e6,1855.727829233821,17.117788423354423,0.012859
48.0,4.177940329316343,4.1780794305913815,0.0001391012750389109,0.002684099368845545,0.0033294222529423427,0.06590568279918213,29840.066994785448,29840.035643186067,29846.395284747097,29846.795471491092,-0.03135159938028664,0.4932244175006447,-0.00010506544568336705,0.001688253410308909,-28480.40956504261,-36667.34917921111,8186.939614168499,33331.45454141086,-28.74586334677329,2.8065960463293687,635708.2800136713,451097.61347934505,-184610.6665343262,3.241718321752391e6,-29.040154476256948,17.117788423354423,0.012859
49.0,4.17710034716433,4.177244262711821,0.0001439155474907139,0.002684099368845545,0.0034453457070623764,0.06590568279918213,29839.128794270393,29839.096996503427,29845.42274968552,29845.85252804715,-0.03179776696561021,0.4932244175006447,-0.00010656399248397597,0.001688253410308909,-9165.832950165834,-16363.267621482182,7197.434671316349,33331.45454141086,-78.52461102497104,2.8065960463293687,1.160762751303285e6,993850.4566477218,-166912.29465556308,3.241718321752391e6,-14.379535737872082,17.117788423354423,0.026246
50.0,4.119070933777001,4.121876283776642,0.0028053499996403275,0.002684099368845545,0.06810637749974237,0.06590568279918213,29838.267878694725,29838.235767827045,29844.528259742518,29844.984478444025,-0.03211086767987581,0.4932244175006447,-0.00010761639318481947,0.001688253410308909,8178.949703214151,1822.9591739113039,-6355.990529302847,33331.45454141086,-77.71157373427886,2.8065960463293687,1.6187090212864168e6,1.4728193713383605e6,-145889.64994805632,3.241718321752391e6,-9.012716184908589,17.117788423354423,1.4175
51.0,4.0894774339017745,4.093813225347362,0.004335791445587489,0.002684099368845545,0.10602311702819951,0.06590568279918213,29827.66962881029,29827.634952263845,29834.344382053194,29834.82666615734,-0.03467654644555296,0.4932244175006447,-0.00011625630455575107,0.001688253410308909,233495.15164918598,228046.72698426797,-5448.424664918013,33331.45454141086,-2.333420898222324,2.8065960463293687,3.918797791685637e6,4.363578685393257e6,444780.89370762,3.241718321752391e6,11.349932233076546,17.117788423354423,2.3404
52.0,4.099341926887756,4.102472711404674,0.0031307845169186166,0.002684099368845545,0.07637285624757646,0.06590568279918213,29805.438115777775,29805.39549140306,29813.34296248686,29813.90337593895,-0.04262437471697922,0.4932244175006447,-0.0001430087172394746,0.001688253410308909,706575.5547563786,703669.8189494952,-2905.735806883429,33331.45454141086,-0.41124205151497245,2.8065960463293687,9.059955896113131e6,1.0912641300548667e7,1.852685404435536e6,3.241718321752391e6,20.449165820226213,17.117788423354423,1.9203
53.0,4.072568202672332,4.077132421704583,0.004564219032251238,0.002684099368845545,0.11207225527263842,0.06590568279918213,29788.605137810842,29788.554031710944,29797.498862690118,29798.220460841552,-0.051106099897879176,0.4932244175006447,-0.0001715625812670561,0.001688253410308909,1.0398482976214674e6,1.0415189717205868e6,1670.6740991193801,33331.45454141086,0.16066517615510395,2.8065960463293687,1.4185385945270577e7,1.72523931990836e7,3.0670072538130227e6,3.241718321752391e6,21.62089396542338,17.117788423354423,2.8051
54.0,4.038195563752066,4.0452292537331545,0.007033689981088109,0.002684099368845545,0.1741790329379887,0.06590568279918213,29772.925367992055,29772.862729544053,29782.915581316152,29783.931818083794,-0.06263844800196239,0.4932244175006447,-0.0002103872804830359,0.001688253410308909,1.3432748483510509e6,1.3527181736485392e6,9443.325297488365,33331.45454141086,0.7030076762831229,2.8065960463293687,1.9274065468296107e7,2.325876833669616e7,3.984702868400052e6,3.241718321752391e6,20.673909585678672,17.117788423354423,4.2382
55.0,4.033955340053716,4.040629030891894,0.006673690838178814,0.002684099368845545,0.1654378959507754,0.06590568279918213,29744.224717785615,29744.1328674054,29757.29302587334,29758.92079110979,-0.09185038021678338,0.4932244175006447,-0.0003088007204365332,0.001688253410308909,1.9751452380150622e6,2.0012119067946032e6,26066.66877954104,33331.45454141086,1.31973427967945,2.8065960463293687,2.6958635200363625e7,3.2436119614007205e7,5.47748441364358e6,3.241718321752391e6,20.318107251845223,17.117788423354423,4.2743
56.0,4.061298990829062,4.064956915828808,0.0036579249997457097,0.002684099368845545,0.09006785779637937,0.06590568279918213,29714.282472637053,29714.152460846373,29730.92170797376,29733.39915193256,-0.13001179067941848,0.4932244175006447,-0.00043753972790405504,0.001688253410308909,2.6247305524690584e6,2.6735245674324706e6,48794.01496341219,33331.45454141086,1.8590104389005622,2.8065960463293687,3.579082970229804e7,4.291960394160553e7,7.128774239307493e6,3.241718321752391e6,19.917879240585957,17.117788423354423,2.8574
56.99999999999999,4.027061768209667,4.03342333618038,0.006361567970713189,0.002684099368845545,0.15797045927958006,0.06590568279918213,29702.12606700441,29701.97971648956,29719.70334537773,29722.77570278406,-0.14635051484947326,0.4932244175006447,-0.000492727404493955,0.001688253410308909,2.7896452281649094e6,2.851434415334795e6,61789.18716988573,33331.45454141086,2.2149478559512756,2.8065960463293687,4.1711384817972824e7,4.9344348832192466e7,7.632964014219642e6,3.241718321752391e6,18.299473986609787,17.117788423354423,4.2757999999999905
57.999999999999986,4.011240745737476,4.018881699076374,0.007640953338897916,0.002684099368845545,0.1904885252030194,0.06590568279918213,29688.499672933798,29688.3342951258,29707.36419861178,29711.149407183875,-0.16537780799990287,0.4932244175006447,-0.0005570433326769737,0.001688253410308909,3.0040374715227075e6,3.080899196167984e6,76861.72464527655,33331.45454141086,2.55861404439527,2.8065960463293687,4.7086498765317455e7,5.4882434206987515e7,7.79593544167006e6,3.241718321752391e6,16.556625882348083,17.117788423354423,4.96619999999999
58.99999999999998,4.009561516149895,4.01671023624663,0.007148720096735062,0.002684099368845545,0.1782918173955212,0.06590568279918213,29660.425163470707,29660.214864723486,29683.166438699147,29688.13001201574,-0.21029874722080422,0.4932244175006447,-0.0007090213510486178,0.001688253410308909,3.6115566524190353e6,3.716887508386215e6,105330.85596717987,33331.45454141086,2.91649463387564,2.8065960463293687,5.498883824880735e7,6.373873144248989e7,8.749893193682544e6,3.241718321752391e6,15.912125937434803,17.117788423354423,4.866200000000002
59.99999999999997,4.025538516582502,4.030680497147884,0.005141980565381843,0.002684099368845545,0.12773398004267883,0.06590568279918213,29635.763982366494,29635.50871719993,29662.003162458113,29668.162751281674,-0.2552651665646408,0.4932244175006447,-0.0008613416098080871,0.001688253410308909,4.111097115639444e6,4.24458283248383e6,133485.71684438596,33331.45454141086,3.246960922829561,2.8065960463293687,6.298382061243926e7,7.27658688745525e7,9.782048262113243e6,3.241718321752391e6,15.531049350444286,17.117788423354423,3.878800000000028
60.99999999999997,4.054704111680496,4.057400880601581,0.0026967689210852797,0.002684099368845545,0.0665096353964923,0.06590568279918213,29623.34387300943,29623.0668630605,29650.833860466762,29657.809610300857,-0.27700994893166353,0.4932244175006447,-0.0009351069552416539,0.001688253410308909,4.257113403215367e6,4.405682014522409e6,148568.61130704172,33331.45454141086,3.489890854089743,2.8065960463293687,6.86994159751341e7,7.876739159243481e7,1.0067975617300704e7,3.241718321752391e6,14.655110926917963,17.117788423354423,2.5210000000000385
61.999999999999964,4.028421855321493,4.033552887863363,0.005131032541869196,0.002684099368845545,0.1273707850405778,0.06590568279918213,29626.008813310436,29625.74216786136,29652.361019671152,29659.50137175171,-0.2666454490754404,0.4932244175006447,-0.0009000383776151494,0.001688253410308909,4.0097832249387903e6,4.1530851564800846e6,143301.93154129433,33331.45454141086,3.5738074479944446,2.8065960463293687,7.070119001729949e7,7.989558780936521e7,9.194397792065725e6,3.241718321752391e6,13.004587037100787,17.117788423354423,3.5650999999999633
62.99999999999996,4.031442805058583,4.036493338386242,0.005050533327659146,0.002684099368845545,0.1252785558887708,0.06590568279918213,29623.44160751662,29623.181080672486,29649.581477686188,29656.93229192382,-0.26052684413298266,0.4932244175006447,-0.0008794617707986936,0.001688253410308909,3.929582185018473e6,4.0691901888133455e6,139608.00379487267,33331.45454141086,3.5527442160932026,2.8065960463293687,7.235332113345362e7,8.066617153860892e7,8.312850405155301e6,3.241718321752391e6,11.489245102961462,17.117788423354423,3.3848000000000074
63.99999999999995,4.0233204672269185,4.02895845051362,0.005637983286701065,0.002684099368845545,0.14013259278317086,0.06590568279918213,29612.000305179066,29611.73378355019,29639.27691936453,29647.03806968736,-0.2665216288769443,0.4932244175006447,-0.0009000460155686623,0.001688253410308909,4.089408128357999e6,4.23166738768046e6,142259.25932246074,33331.45454141086,3.4787249121936243,2.8065960463293687,7.534197933382975e7,8.33992918643721e7,8.057312530542359e6,3.241718321752391e6,10.69432022065884,17.117788423354423,3.686899999999985
64.99999999999994,4.034711724199158,4.03931878179998,0.004607057600821918,0.002684099368845545,0.11418554572783916,0.06590568279918213,29601.65399347064,29601.381055285747,29630.010901158406,29638.11973021023,-0.2729381848948833,0.4932244175006447,-0.0009220369407570483,0.001688253410308909,4.219007917742701e6,4.363105294533973e6,144097.37679127138,33331.45454141086,3.415432717850122,2.8065960463293687,7.840031494709337e7,8.645213302058284e7,8.051818073489472e6,3.241718321752391e6,10.270134857140631,17.117788423354423,3.1176000000000323
65.99999999999994,4.0399482628005705,4.044139669073294,0.004191406272723519,0.002684099368845545,0.10374900865235227,0.06590568279918213,29594.031660229877,29593.754196646645,29623.100428623915,29631.48177733287,-0.27746358323202003,0.4932244175006447,-0.0009375660147207696,0.001688253410308909,4.276604999747783e6,4.421265015928178e6,144660.01618039515,33331.45454141086,3.382590072941659,2.8065960463293687,8.092999368245271e7,8.89431877544638e7,8.013194072011098e6,3.241718321752391e6,9.901389716466175,17.117788423354423,2.848700000000015
66.99999999999993,4.056712950443823,4.059842048194784,0.0031290977509605966,0.002684099368845545,0.07713382211621009,0.06590568279918213,29591.81678162575,29591.542859560486,29620.801306338693,29629.253209064434,-0.27392206526201335,0.4932244175006447,-0.0009256682929724611,0.001688253410308909,4.195633725085821e6,4.335711461042278e6,140077.73595645744,33331.45454141086,3.3386550193580633,2.8065960463293687,8.218535309832169e7,8.98328850488887e7,7.647531950567007e6,3.241718321752391e6,9.30522491205696,17.117788423354423,2.1836000000000477
67.99999999999993,4.127884038445528,4.1273588422703655,-0.0005251961751628897,0.002684099368845545,-0.012723132972520887,0.06590568279918213,29593.447667973673,29593.181916321864,29621.946547396954,29630.32356290565,-0.26575165180838667,0.4932244175006447,-0.0008980084199381263,0.001688253410308909,4.0314029648972717e6,4.163687327531262e6,132284.36263399012,33331.45454141086,3.2813480514310482,2.8065960463293687,8.219312156936263e7,8.915987103018577e7,6.9667494608231485e6,3.241718321752391e6,8.47607357866792,17.117788423354423,0.18726000000014187
68.99999999999991,4.0991593754145494,4.100639167208753,0.0014797917942033223,0.002684099368845545,0.036099884358696606,0.06590568279918213,29610.133989462858,29609.886072742578,29637.191623692644,29645.19195689708,-0.2479167202800454,0.4932244175006447,-0.0008372698359563984,0.001688253410308909,3.545401611234882e6,3.6633765186498226e6,117974.90741494065,33331.45454141086,3.327547069451728,2.8065960463293687,7.866717694608489e7,8.401670961614075e7,5.349532670055866e6,3.241718321752391e6,6.800209283882408,17.117788423354423,0.9150099999999379
69.99999999999991,4.138517235909989,4.138655191453009,0.00013795554302031832,0.002684099368845545,0.003333453388167037,0.06590568279918213,29625.936852598086,29625.706209538843,29651.684747639447,29659.262279457278,-0.23064305924344808,0.4932244175006447,-0.0007785173525178209,0.001688253410308909,3.1103228165699323e6,3.213965050085357e6,103642.23351542465,33331.45454141086,3.33220182044388,2.8065960463293687,7.400522827249023e7,7.758052524000877e7,3.5752969675185382e6,3.241718321752391e6,4.831141057161733,17.117788423354423,0.005340200000077563
70.99999999999991,4.156352270358715,4.1559986837957545,-0.00035358656296047286,0.002684099368845545,-0.008507136545718164,0.06590568279918213,29635.884094502613,29635.6656361035,29660.918317178297,29668.16196988272,-0.21845839911475196,0.4932244175006447,-0.0007371414951486987,0.001688253410308909,2.8343098931353986e6,2.926716363631082e6,92406.47049568314,33331.45454141086,3.260281125909642,2.8065960463293687,6.986123007192905e7,7.208975609486632e7,2.228526022937268e6,3.241718321752391e6,3.1899324140768486,17.117788423354423,-0.37206999999996787
71.9999999999999,4.158506386115033,4.158485381810958,-2.1004304075589175e-5,0.002684099368845545,-0.0005050925049849893,0.06590568279918213,29651.67242488661,29651.465620842006,29676.02957034936,29682.927702896635,-0.20680404460290447,0.4932244175006447,-0.000697444790430553,0.001688253410308909,2.454942403669974e6,2.536756073001996e6,81813.66933202231,33331.45454141086,3.332610541482211,2.8065960463293687,6.455525820826081e7,6.540162730507826e7,846369.0968174487,3.241718321752391e6,1.3110769289884787,17.117788423354423,-0.37225
72.9999999999999,4.129778159996909,4.131356446662572,0.0015782866656630645,0.002684099368845545,0.03821722631377967,0.06590568279918213,29664.28242634069,29664.084969380114,29688.178955338786,29694.757690779006,-0.1974569605772558,0.4932244175006447,-0.0006656387561963137,0.001688253410308909,2.161356954304084e6,2.2338840724518686e6,72527.11814778438,33331.45454141086,3.355628879503466,2.8065960463293687,5.946438998334195e7,5.924424219357996e7,-220147.7897619903,3.241718321752391e6,-0.3702178561382054,17.117788423354423,0.3374099999999294
73.99999999999989,4.102680627003647,4.105627510749367,0.0029468837457207187,0.002684099368845545,0.07182825117618154,0.06590568279918213,29668.438112278025,29668.247238877986,29692.046610608624,29698.31308038161,-0.19087340003898134,0.4932244175006447,-0.000643355067484965,0.001688253410308909,2.0486476085050853e6,2.1128011552115884e6,64153.546706503024,33331.45454141086,3.1315071679563466,2.8065960463293687,5.6050516357639275e7,5.5463268951168165e7,-587247.4064711109,3.241718321752391e6,-1.0477109661650303,17.117788423354423,1.0425999999999198
74.99999999999989,4.131585865851919,4.1329695234878425,0.0013836576359231856,0.002684099368845545,0.033489746573084476,0.06590568279918213,29663.282838168183,29663.095380787247,29686.885269668895,29692.86769710492,-0.18745738093639375,0.4932244175006447,-0.0006319508934971606,0.001688253410308909,2.128487343637631e6,2.185429062015704e6,56941.71837807307,33331.45454141086,2.6752199654031505,2.8065960463293687,5.5036710398511484e7,5.490652012757722e7,-130190.27093426138,3.241718321752391e6,-0.2365516942992699,17.117788423354423,0.33741000000008015
75.99999999999987,4.162869845688447,4.162791719018859,-7.812666958795234e-5,0.002684099368845545,-0.0018767502344294866,0.06590568279918213,29662.3332807702,29662.14850530992,29685.864796250782,29691.61235809637,-0.18477546027861536,0.4932244175006447,-0.000622929620976255,0.001688253410308909,2.1130734646420386e6,2.1644941505799275e6,51420.68593788892,33331.45454141086,2.433454718840064,2.8065960463293687,5.4090927525433116e7,5.4398875014152095e7,307947.48871897906,3.241718321752391e6,0.5693144910007036,17.117788423354423,-0.37218999999990926
76.99999999999987,4.1883179638360195,4.187238295513028,-0.001079668322991445,0.002684099368845545,-0.02577808877725684,0.06590568279918213,29672.192078344233,29672.011091026863,29695.428016278933,29700.979335535765,-0.18098731736972695,0.4932244175006447,-0.0006099560049081025,0.001688253410308909,1.8748118095421302e6,1.9219425109750363e6,47130.70143290609,33331.45454141086,2.5138897244527403,2.8065960463293687,5.12160767914607e7,5.123775738859618e7,21680.597135476768,3.241718321752391e6,0.04233162415730288,17.117788423354423,-0.9656499999999242
77.99999999999987,4.143823389771074,4.145161319052524,0.0013379292814494903,0.002684099368845545,0.032287314289313966,0.06590568279918213,29686.8223598322,29686.646328538143,29709.829307973396,29715.17017391765,-0.17603129405688378,0.4932244175006447,-0.0005929610516181859,0.001688253410308909,1.5568638408202874e6,1.5990980513084964e6,42234.210488209035,33331.45454141086,2.7127748349500163,2.8065960463293687,4.684904684455553e7,4.602518318622812e7,-823863.6583274081,3.241718321752391e6,-1.7585494557893058,17.117788423354423,0.13473999999985925
78.99999999999986,4.130661171654274,4.132668047705917,0.0020068760516434025,0.002684099368845545,0.04858486252552339,0.06590568279918213,29692.364717158824,29692.19232794893,29715.22481188807,29720.34691890011,-0.17238920989257167,0.4932244175006447,-0.0005805843068906877,0.001688253410308909,1.4349287394317933e6,1.4722110704409045e6,37282.331009111134,33331.45454141086,2.5982008712066276,2.8065960463293687,4.3735053909835264e7,4.246333344696528e7,-1.271720462869987e6,3.241718321752391e6,-2.907783000546385,17.117788423354423,0.46978999999995236
79.99999999999986,4.13110663459912,4.132910334714725,0.0018037001156052668,0.002684099368845545,0.04366142719480531,0.06590568279918213,29687.60565450498,29687.434674966895,29710.4082687733,29715.326858138178,-0.1709795380847936,0.4932244175006447,-0.0005759290259868031,0.001688253410308909,1.5200433423334612e6,1.5530789603978419e6,33035.61806438072,33331.45454141086,2.1733339533375946,2.8065960463293687,4.2990944783085436e7,4.2074523370322265e7,-916421.4127631709,3.241718321752391e6,-2.1316614868248536,17.117788423354423,0.4679900000000003
80.99999999999984,4.117377844260735,4.119704386849572,0.0023265425888370217,0.002684099368845545,0.05650544295029951,0.06590568279918213,29684.643895961486,29684.473830976345,29707.416961757437,29712.15986258926,-0.17006498514092527,0.4932244175006447,-0.0005729055929960546,0.001688253410308909,1.5609493464874725e6,1.5905643648146773e6,29615.018327204743,33331.45454141086,1.897244032539939,2.8065960463293687,4.272498790597024e7,4.23168124145994e7,-408175.49137084186,3.241718321752391e6,-0.955355428699384,17.117788423354423,0.8047199999999474
81.99999999999984,4.117234225274231,4.11944748311497,0.0022132578407392245,0.002684099368845545,0.05375593710828557,0.06590568279918213,29681.26319088369,29681.093132686176,29704.071979897824,29708.675656726704,-0.17005819751284434,0.4932244175006447,-0.0005729479787271185,0.001688253410308909,1.6082471532926413e6,1.6353888336411759e6,27141.680348534603,33331.45454141086,1.6876560479504747,2.8065960463293687,4.285296492681231e7,4.29517743704929e7,98809.44368058443,3.241718321752391e6,0.23057784647885862,17.117788423354423,0.8071699999999997
82.99999999999983,4.09192245582162,4.095346917019045,0.0034244611974250105,0.002684099368845545,0.08368832093953771,0.06590568279918213,29677.1478384753,29676.977342024577,29700.03903070291,29704.528689242714,-0.1704964507225668,0.4932244175006447,-0.0005745041661366279,0.001688253410308909,1.6679452883490012e6,1.6931370187048765e6,25191.730355875334,33331.45454141086,1.510345125337481,2.8065960463293687,4.3349608928620115e7,4.390718463295951e7,557575.7043393925,3.241718321752391e6,1.2862300678594403,17.117788423354423,1.493199999999883
83.99999999999983,4.069430401301869,4.074053140287652,0.004622738985783137,0.002684099368845545,0.1135967083821917,0.06590568279918213,29669.810486989645,29669.638007425183,29693.030360734698,29697.425466945897,-0.17247956446226453,0.4932244175006447,-0.0005813301859069766,0.001688253410308909,1.7966947148247687e6,1.8203431660339893e6,23648.45120922057,33331.45454141086,1.316219779247639,2.8065960463293687,4.4676321509852074e7,4.57981136503194e7,1.1217921404673234e6,3.241718321752391e6,2.510932195301586,17.117788423354423,2.2073999999998777
84.99999999999983,4.039929987604506,4.046359397117478,0.006429409512972661,0.002684099368845545,0.15914655780421108,0.06590568279918213,29655.38137177456,29655.20286270112,29679.546840313636,29683.880204525776,-0.17850907344109146,0.4932244175006447,-0.0006019449596793688,0.001688253410308909,2.0819991295774227e6,2.1049560847811233e6,22956.955203700578,33331.45454141086,1.102640000063789,2.8065960463293687,4.7734860671315216e7,4.981021276581795e7,2.0753520945027322e6,3.241718321752391e6,4.347665553677526,17.117788423354423,3.32389999999981
85.99999999999982,4.019617098357343,4.027207943607215,0.007590845249872302,0.002684099368845545,0.18884498359245158,0.06590568279918213,29633.471084612538,29633.277299684472,29659.726741769613,29664.12784529661,-0.19378492806572467,0.4932244175006447,-0.0006539393495699845,0.001688253410308909,2.5460718987414283e6,2.572060589588414e6,25988.69084698567,33331.45454141086,1.0207367223145731,2.8065960463293687,5.291985111006509e7,5.6443429788384296e7,3.5235786783192083e6,3.241718321752391e6,6.658330672531014,17.117788423354423,4.170799999999843
86.99999999999982,4.009628361364273,4.017395963402287,0.0077676020380144095,0.002684099368845545,0.19372374040599336,0.06590568279918213,29605.36925760459,29605.145991472193,29635.01650353976,29639.754250979437,-0.2232661323978391,0.4932244175006447,-0.0007541406778450831,0.001688253410308909,3.1642781965395655e6,3.2010847423034976e6,36806.54576393217,33331.45454141086,1.1631893113628116,2.8065960463293687,6.017142422304362e7,6.5565503741533846e7,5.394079518490225e6,3.241718321752391e6,8.964520265459289,17.117788423354423,4.525099999999935
87.9999999999998,4.010590729756508,4.017575811558097,0.006985081801588855,0.002684099368845545,0.1741659090209121,0.06590568279918213,29577.756652943815,29577.493668689312,29611.141368380966,29616.52240744483,-0.26298425450295326,0.4932244175006447,-0.0008891284676817401,0.001688253410308909,3.7614256222670036e6,3.817405753671585e6,55980.13140458148,33331.45454141086,1.4882689976159191,2.8065960463293687,6.821001265444426e7,7.543684442403977e7,7.226831769595504e6,3.241718321752391e6,10.594972040552223,17.117788423354423,4.3083000000000435
88.9999999999998,4.008602362628379,4.015309229279408,0.006706866651029486,0.002684099368845545,0.16731184698079898,0.06590568279918213,29556.308738693708,29556.008972405725,29592.528367553336,29598.68761393201,-0.29976628798249294,0.4932244175006447,-0.001014220992995831,0.001688253410308909,4.177079768336106e6,4.254215845618577e6,77136.07728247065,33331.45454141086,1.8466508077531152,2.8065960463293687,7.551271021770795e7,8.403735948764509e7,8.524649269937143e6,3.241718321752391e6,11.289025708864159,17.117788423354423,4.25680000000001
89.99999999999979,3.995201649690727,4.002905397197711,0.007703747506984104,0.002684099368845545,0.19282499814697612,0.06590568279918213,29540.096937230217,29539.768152865698,29578.29194977533,29585.23129288104,-0.32878436451937887,0.4932244175006447,-0.001113010445490457,0.001688253410308909,4.442848812353182e6,4.538700541539291e6,95851.72918610927,33331.45454141086,2.1574384642483664,2.8065960463293687,8.168323919575505e7,9.091631207724245e7,9.2330728814874e6,3.241718321752391e6,11.30350971924633,17.117788423354423,4.815599999999881
90.99999999999979,3.9854919579882098,3.99381360678754,0.008321648799330283,0.002684099368845545,0.20879853446074628,0.06590568279918213,29521.20573338198,29520.841808084107,29562.076174799167,29569.93701473819,-0.3639252978719014,0.4932244175006447,-0.0012327589230557141,0.001688253410308909,4.7897007366476115e6,4.907066935511874e6,117366.19886426255,33331.45454141086,2.4503868888144575,2.8065960463293687,8.80286405015169e7,9.791454812921578e7,9.885907627698883e6,3.241718321752391e6,11.230330914321609,17.117788423354423,5.202799999999917
91.99999999999979,3.99576743831631,4.002626206270722,0.006858767954411427,0.002684099368845545,0.1716508295413082,0.06590568279918213,29498.22522362899,29497.814477643442,29542.788069530678,29551.778281904582,-0.4107459855476918,0.4932244175006447,-0.001392443045077409,0.001688253410308909,5.253060365401694e6,5.397417884622011e6,144357.5192203177,33331.45454141086,2.7480651121221014,2.8065960463293687,9.518580381248118e7,1.0597086700791909e8,1.0785063195437908e7,3.241718321752391e6,11.330537499777591,17.117788423354423,4.503400000000149
92.99999999999977,3.9907984743689693,3.997913471368181,0.007114996999211698,0.002684099368845545,0.17828504859135316,0.06590568279918213,29481.878317091927,29481.434520624593,29528.817670348635,29538.752325855938,-0.4437964673343231,0.4932244175006447,-0.0015053195137741105,0.001688253410308909,5.512406901438386e6,5.676392672214093e6,163985.7707757065,33331.45454141086,2.9748488039392864,2.8065960463293687,1.012756307899117e8,1.126505120678511e8,1.1374881277939394e7,3.241718321752391e6,11.231607435292787,17.117788423354423,4.6357999999999695
93.99999999999977,4.014800433829893,4.019681308322312,0.0048808744924189185,0.002684099368845545,0.12157203260444106,0.06590568279918213,29470.303397335058,29469.838641983577,29518.647223542062,29529.35940227023,-0.46475535148056224,0.4932244175006447,-0.001577029408942526,0.001688253410308909,5.632375948870817e6,5.809482788756026e6,177106.83988520876,33331.45454141086,3.144442798082668,2.8065960463293687,1.0608861116959774e8,1.1766765291442561e8,1.1579041744827867e7,3.241718321752391e6,10.91450026272577,17.117788423354423,3.3841000000002848
94.99999999999976,4.061285527127735,4.062952484214906,0.001666957087170573,0.002684099368845545,0.041045060142557765,0.06590568279918213,29465.6390605174,29465.170956873346,29514.19723630927,29525.3445718877,-0.4681036440524622,0.4932244175006447,-0.001588642428867934,0.001688253410308909,5.568628226315857e6,5.747862939745942e6,179234.71343008522,33331.45454141086,3.2186510958492365,2.8065960463293687,1.090072555986159e8,1.202543972898328e8,1.1247141691216901e7,3.241718321752391e6,10.317791810694581,17.117788423354423,1.5935000000004325
95.99999999999976,4.068796384419135,4.070671062883017,0.00187467846388234,0.002684099368845545,0.046074521474241105,0.06590568279918213,29479.065365801533,29478.627043095385,29525.23443578721,29536.09117345655,-0.4383227061480284,0.4932244175006447,-0.0014868948547348574,0.001688253410308909,5.05000246548459e6,5.210962025290183e6,160959.55980559252,33331.45454141086,3.187316459857353,2.8065960463293687,1.0751277715343566e8,1.1721058049790141e8,9.697803344465747e6,3.241718321752391e6,9.020140304464125,17.117788423354423,1.370300000000054
96.99999999999974,4.113874740072471,4.114080897812436,0.00020615773996546238,0.002684099368845545,0.005011278976418973,0.06590568279918213,29496.03338324735,29495.62766452978,29539.769727697156,29550.144515132146,-0.40571871757128974,0.4932244175006447,-0.0013755026389471164,0.001688253410308909,4.496316512582068e6,4.636136828497339e6,139820.3159152707,33331.45454141086,3.109663555134758,2.8065960463293687,1.0359857483545339e8,1.1118732152210842e8,7.58874668665503e6,3.241718321752391e6,7.325145832081483,17.117788423354423,0.2213400000002939
97.99999999999974,4.212429191874153,4.207685614426915,-0.004743577447237968,0.002684099368845545,-0.1126090726079956,0.06590568279918213,29513.087813224225,29512.70709287408,29555.19895061604,29565.134648556206,-0.38072035014556604,0.4932244175006447,-0.0012900051412952217,0.001688253410308909,4.006051853946929e6,4.128438618679075e6,122386.76473214617,33331.45454141086,3.055046943827391,2.8065960463293687,9.843726606451929e7,1.0380353402832636e8,5.366267963807076e6,3.241718321752391e6,5.451459775701037,17.117788423354423,-2.500799999999304
98.99999999999974,4.197776700696122,4.195187022030381,-0.002589678665740891,0.002684099368845545,-0.06169167276838337,0.06590568279918213,29549.729838619663,29549.37717288145,29590.377837599313,29599.985594014528,-0.3526657382135454,0.4932244175006447,-0.0011934651861102066,0.001688253410308909,3.1687849263202e6,3.2760404800147363e6,107255.55369453644,33331.45454141086,3.384753342003826,2.8065960463293687,8.857147177139913e7,9.065847076132937e7,2.0869989899302423e6,3.241718321752391e6,2.356288032919603,17.117788423354423,-1.848500000000167
99.99999999999973,4.197008988280989,4.195447310055442,-0.0015616782255465367,0.002684099368845545,-0.037209313344505585,0.06590568279918213,29585.401122774623,29585.073500309096,29625.136383121095,29634.391591423388,-0.3276224655273836,0.4932244175006447,-0.0011073788189242507,0.001688253410308909,2.411514341720935e6,2.504018468289268e6,92504.12656833325,33331.45454141086,3.8359351618999415,2.8065960463293687,7.712061980540891e7,7.587368559975804e7,-1.246934205650866e6,3.241718321752391e6,-1.6168622721097627,17.117788423354423,-1.6727000000000476
100.99999999999973,4.180169559121842,4.1799977435895705,-0.0001718155322718573,0.002684099368845545,-0.004110252702475346,0.06590568279918213,29603.318958967506,29603.00861577423,29642.582230125743,29651.248123655998,-0.3103431932759122,0.4932244175006447,-0.0010483391869204664,0.001688253410308909,2.039490521662569e6,2.1150767605104498e6,75586.23884788086,33331.45454141086,3.706133372282791,2.8065960463293687,6.837753159818429e7,6.515405658602063e7,-3.223475012163654e6,3.241718321752391e6,-4.714231322514208,17.117788423354423,-1.0737000000001617
101.99999999999972,4.1827337888296405,4.18256833126733,-0.00016545756231067799,0.002684099368845545,-0.0039557277767126135,0.06590568279918213,29613.820811024456,29613.522283980565,29652.696942918257,29660.788935704466,-0.29852704389122664,0.4932244175006447,-0.001008066624689283,0.001688253410308909,1.8202905247008258e6,1.8816441027456839e6,61353.57804485806,33331.45454141086,3.370537681337535,2.8065960463293687,6.184015882838193e7,5.782767907083291e7,-4.012479757549025e6,3.241718321752391e6,-6.488469359667091,17.117788423354423,-1.0650000000000024
102.99999999999972,4.1993224308023995,4.1982500560162315,-0.0010723747861680621,0.002684099368845545,-0.025536852762295618,0.06590568279918213,29620.613468415526,29620.322365539185,29659.154461890535,29666.75557218422,-0.2911028763410286,0.4932244175006447,-0.0009827712604650533,0.001688253410308909,1.6757296815130326e6,1.7263569445142157e6,50627.26300118305,33331.45454141086,3.021207033551569,2.8065960463293687,5.690047772067938e7,5.2867630390654355e7,-4.0328473300250247e6,3.241718321752391e6,-7.087545643855578,17.117788423354423,-1.4700999999998847
103.9999999999997,4.209736722608667,4.208186484343423,-0.0015502382652439195,0.002684099368845545,-0.036825064544256735,0.06590568279918213,29631.399302705446,29631.115862242412,29669.655105091086,29676.783458566824,-0.28344046303391224,0.4932244175006447,-0.0009565544311234508,0.001688253410308909,1.4526454315729504e6,1.4931617723291644e6,40516.34075621399,33331.45454141086,2.7891417875002142,2.8065960463293687,5.188882435261651e7,4.7844540907358184e7,-4.044283445258327e6,3.241718321752391e6,-7.794131965247335,17.117788423354423,-1.7156999999999267
104.9999999999997,4.207070578134448,4.205928106946536,-0.0011424711879115534,0.002684099368845545,-0.027155978648168114,0.06590568279918213,29645.22216272453,29644.946975047955,29683.208060701483,29689.85325869864,-0.2751876765760244,0.4932244175006447,-0.0009282699082688655,0.001688253410308909,1.1745184011046006e6,1.2048732551236243e6,30354.85401902371,33331.45454141086,2.5844511240075803,2.8065960463293687,4.644369644970186e7,4.215251133291803e7,-4.291185116783828e6,3.241718321752391e6,-9.239542596337365,17.117788423354423,-1.5508000000000493
105.9999999999997,4.212744711848893,4.211431622889951,-0.0013130889589421102,0.002684099368845545,-0.031169440560897897,0.06590568279918213,29656.686451903253,29656.418070748125,29694.405787625918,29700.600635897023,-0.2683811551287363,0.4932244175006447,-0.0009049600182542059,0.001688253410308909,951250.5486160488,972744.7738831599,21494.22526711109,33331.45454141086,2.2595755974472254,2.8065960463293687,4.142773718196722e7,3.69144474095692e7,-4.513289772398025e6,3.241718321752391e6,-10.894367106206762,17.117788423354423,-1.6472999999999711
106.99999999999969,4.205580901829479,4.204806457741429,-0.0007744440880497194,0.002684099368845545,-0.01841467578742396,0.06590568279918213,29666.199628418442,29665.936886966756,29703.650082499953,29709.424880122544,-0.2627414516864519,0.4932244175006447,-0.0008856592855754984,0.001688253410308909,770958.3789768878,784686.4109021799,13728.031925292104,33331.45454141086,1.7806450127061464,2.8065960463293687,3.699568829089315e7,3.2379338791190457e7,-4.616349499702696e6,3.241718321752391e6,-12.478074372896733,17.117788423354423,-1.3644000000000884
107.99999999999969,4.214788813649427,4.213529534191034,-0.0012592794583934364,0.002684099368845545,-0.029877640709193052,0.06590568279918213,29673.757252075695,29673.498900067316,29710.937603253456,29716.346527839345,-0.2583520083790063,0.4932244175006447,-0.0008706413757595001,0.001688253410308909,632387.7780885674,639865.2833415772,7477.505253009731,33331.45454141086,1.182424061959415,2.8065960463293687,3.321989402535657e7,2.8651941809628658e7,-4.56795221572791e6,3.241718321752391e6,-13.750652582579633,17.117788423354423,-1.5765999999999336
108.99999999999967,4.211471579125548,4.21045366752033,-0.0010179116052180248,0.002684099368845545,-0.024169974463638187,0.06590568279918213,29680.848473007456,29680.593953731226,29717.741452322203,29722.81831654457,-0.2545192762299848,0.4932244175006447,-0.0008575202169892526,0.001688253410308909,503385.49889394845,505506.45909085555,2120.960196907108,33331.45454141086,0.42133915290911966,2.8065960463293687,2.984116064908314e7,2.537687781810223e7,-4.464282830980912e6,3.241718321752391e6,-14.960151461528609,17.117788423354423,-1.4219000000000506
109.99999999999967,4.2159380624875356,4.214716661291151,-0.0012214011963846971,0.002684099368845545,-0.02897104222788397,0.06590568279918213,29688.262795996565,29688.0121048499,29724.84890772592,29729.615038350345,-0.25069114666621317,0.4932244175006447,-0.0008444116396733683,0.001688253410308909,368460.53926053294,365689.8848374364,-2770.6544230965665,33331.45454141086,-0.7519541790437098,2.8065960463293687,2.662220272917247e7,2.222681334397604e7,-4.395389385196429e6,3.241718321752391e6,-16.510239328844058,17.117788423354423,-1.4996999999999745
110.99999999999966,4.208649426670412,4.207870831341491,-0.0007785953289207725,0.002684099368845545,-0.018499885592436774,0.06590568279918213,29694.681433886883,29694.434052941182,29730.949354963384,29735.445735853446,-0.24738094570057,0.4932244175006447,-0.0008330816622880642,0.001688253410308909,255313.54237012286,248593.17523679158,-6720.367133331281,33331.45454141086,-2.6322015945354367,2.8065960463293687,2.3731166020304874e7,1.9420082434302542e7,-4.311083586002331e6,3.241718321752391e6,-18.16633696934099,17.117788423354423,-1.242000000000088
111.99999999999966,4.216437049053326,4.2152188432205815,-0.0012182058327443457,0.002684099368845545,-0.028891830200995342,0.06590568279918213,29699.754944774017,29699.51031190567,29735.70795071399,29739.979142575405,-0.24463286834725295,0.4932244175006447,-0.0008236864876566891,0.001688253410308909,170569.507125282,160857.4461506422,-9712.060974639782,33331.45454141086,-5.693902232775022,2.8065960463293687,2.1271627093014374e7,1.710239617287976e7,-4.169230920134615e6,3.241718321752391e6,-19.59996243777607,17.117788423354423,-1.421299999999939
112.99999999999966,4.235695314699617,4.233307416512059,-0.002387898187557802,0.002684099368845545,-0.05637558913340169,0.06590568279918213,29704.652278739555,29704.41023305261,29740.273379811853,29744.34587720168,-0.2420456869440386,0.4932244175006447,-0.0008148410042735206,0.001688253410308909,88700.51002864701,76512.99793360301,-12187.512095044003,33331.45454141086,-13.740069917419733,2.8065960463293687,1.904989727091526e7,1.5024996375375288e7,-4.024900895539971e6,3.241718321752391e6,-21.128202626504734,17.117788423354423,-1.9788999999998098
113.99999999999966,4.250918718275998,4.247666848859751,-0.0032518694162471107,0.002684099368845545,-0.0764980379950887,0.06590568279918213,29714.960720886298,29714.7241165966,29750.063036149484,29753.851705464855,-0.23660428969742497,0.4932244175006447,-0.0007962463484971683,0.001688253410308909,-109146.23873821822,-126030.46739045979,16884.228652241567,33331.45454141086,-15.469363715535394,2.8065960463293687,1.5915728625940828e7,1.1690863352347054e7,-4.224865273593774e6,3.241718321752391e6,-26.545220598369113,17.117788423354423,-2.4494999999998397
114.99999999999967,4.2336766991998145,4.231875983117599,-0.0018007160822151036,0.002684099368845545,-0.042533150501441165,0.06590568279918213,29730.073930904597,29729.846802430482,29764.364906040693,29767.763127851624,-0.22712847411457915,0.4932244175006447,-0.0007639687497664703,0.001688253410308909,-408191.5490701736,-432572.0926849569,24380.543614783324,33331.45454141086,-5.972819297783155,2.8065960463293687,1.1600320071028836e7,6.78185221437083e6,-4.818467856658006e6,3.241718321752391e6,-41.537369892852055,17.117788423354423,-1.7710000000002217
115.99999999999967,4.195580372851343,4.195919536368296,0.00033916351695317815,0.002684099368845545,0.008083828381594807,0.06590568279918213,29739.567598371374,29739.34748360324,29773.260631200046,29776.362110493505,-0.22011476813349873,0.4932244175006447,-0.0007401411180758151,0.001688253410308909,-573919.870398851,-603443.639113564,29523.76871471305,33331.45454141086,-5.144231840970279,2.8065960463293687,7.977290755699483e6,2.823614549421111e6,-5.153676206278372e6,3.241718321752391e6,-64.6043420517957,17.117788423354423,-0.67000000000036
116.99999999999967,4.195658041225576,4.195725921683115,6.78804575393599e-5,0.002684099368845545,0.001617873927578989,0.06590568279918213,29735.78090174837,29735.560368769733,29769.380058572267,29772.437256028526,-0.22053297863749322,0.4932244175006447,-0.0007416417929839084,0.001688253410308909,-449858.57503076823,-478160.99471744144,28302.41968667321,33331.45454141086,-6.291403845027841,2.8065960463293687,7.105342711590952e6,2.5354146045696703e6,-4.5699281070212815e6,3.241718321752391e6,-64.31678657197426,17.117788423354423,-0.6540700000000051
117.99999999999969,4.201625107412257,4.201104859743445,-0.0005202476688115354,0.002684099368845545,-0.012382058263450145,0.06590568279918213,29729.354779171525,29729.131974536835,29762.890840199925,29765.98208555332,-0.2228046346899646,0.4932244175006447,-0.0007494432231878176,0.001688253410308909,-284857.06013368495,-310147.0080091321,25289.947875447164,33331.45454141086,-8.878118682955744,2.8065960463293687,7.671878552650868e6,4.095893858964503e6,-3.575984693686365e6,3.241718321752391e6,-46.611591530613495,17.117788423354423,-0.797889999999955
118.99999999999969,4.285931090112366,4.279796849781505,-0.006134240330861296,0.002684099368845545,-0.14312503402149826,0.06590568279918213,29728.677639612146,29728.454106459896,29761.98512597719,29765.07206230364,-0.22353315224972903,0.4932244175006447,-0.0007519108483718125,0.001688253410308909,-253829.10816745748,-277263.32589691994,23434.217729462456,33331.45454141086,-9.232281474196533,2.8065960463293687,7.755720167427908e6,4.836761509037243e6,-2.9189586583906645e6,3.241718321752391e6,-37.636203929192334,17.117788423354423,-3.667599999999103
119.9999999999997,4.2790348279575685,4.27405683496912,-0.004977992988448143,0.002684099368845545,-0.11633448169021321,0.06590568279918213,29750.371966653933,29750.16311527115,29781.79988048849,29784.498163716373,-0.20885138278390514,0.4932244175006447,-0.0007020126774145841,0.001688253410308909,-740300.1214550101,-771866.2587703699,31566.13731535978,33331.45454141086,-4.263964897549748,2.8065960463293687,3.4980230511473916e6,-330546.8312220338,-3.167476219925358e6,3.241718321752391e6,-90.55046732429021,17.117788423354423,-3.248100000000125
120.9999999999997,4.254772637110837,4.252349251931467,-0.002423385179369575,0.002684099368845545,-0.056956866701463785,0.06590568279918213,29780.081714236818,29779.895716068277,29809.09828747185,29811.196158088307,-0.1859981685411185,0.4932244175006447,-0.0006245723914592191,0.001688253410308909,-1.3820502006097059e6,-1.4274041934464085e6,45353.992836702615,33331.45454141086,-3.281645834333241,2.8065960463293687,-3.6815753144769175e6,-9.349325033982228e6,5.667749719505311e6,3.241718321752391e6,-153.9490363600124,17.117788423354423,-2.1471000000003286
121.99999999999972,4.240356716967376,4.238900561151574,-0.0014561558158021626,0.002684099368845545,-0.03434040843723114,0.06590568279918213,29788.532354337745,29788.355460188966,29816.994081241042,29818.800764448722,-0.17689414877895615,0.4932244175006447,-0.0005938330451288487,0.001688253410308909,-1.492970055521274e6,-1.5440435539282588e6,51073.49840698484,33331.45454141086,-3.4209325376691773,2.8065960463293687,-7.891833767634317e6,-1.4193895340645006e7,6.302061573010689e6,3.241718321752391e6,-79.85547793538757,17.117788423354423,-1.5972000000001563
122.99999999999972,4.231562420554551,4.230373304218688,-0.0011891163358628276,0.002684099368845545,-0.028101117688510733,0.06590568279918213,29786.920986648347,29786.74436450434,29815.568294528992,29817.281143372515,-0.17662214400843368,0.4932244175006447,-0.0005929520009389442,0.001688253410308909,-1.3776002053530633e6,-1.428653727001492e6,51053.521648428636,33331.45454141086,-3.7059751769813505,2.8065960463293687,-9.402032910449192e6,-1.5173378848323673e7,5.771345937874481e6,3.241718321752391e6,-61.38402186893376,17.117788423354423,-1.3075000000000823
123.99999999999973,4.212928378326881,4.212440490431989,-0.0004878878948915144,0.002684099368845545,-0.011580730814257846,0.06590568279918213,29784.43633015046,29784.25759847814,29813.139974887777,29814.8465325407,-0.1787316723202821,0.4932244175006447,-0.0006000841188972039,0.001688253410308909,-1.2637355368844918e6,-1.312194646036085e6,48459.10915159318,33331.45454141086,-3.8345925818514393,2.8065960463293687,-9.80561077918596e6,-1.4655493745072871e7,4.849882965886911e6,3.241718321752391e6,-49.46028427093593,17.117788423354423,-0.8083700000001348
124.99999999999973,4.190581567617438,4.1908447125862125,0.00026314496877422044,0.002684099368845545,0.006279437937866746,0.06590568279918213,29780.177637049463,29779.99540855887,29808.920479063683,29810.694153807224,-0.18222849059384316,0.4932244175006447,-0.0006119120336177345,0.001688253410308909,-1.1246625132261985e6,-1.1688858809835915e6,44223.36775739305,33331.45454141086,-3.9321456203367378,2.8065960463293687,-9.361248952024478e6,-1.3235948907738993e7,3.8746999557145145e6,3.241718321752391e6,-41.390844059077885,17.117788423354423,-0.2940800000001389
125.99999999999974,4.178293020945838,4.178773672810715,0.000480651864877224,0.002684099368845545,0.011503546124403193,0.06590568279918213,29772.429645371914,29772.243023347306,29801.29714385053,29803.189681840962,-0.18662202460836852,0.4932244175006447,-0.0006268283335665844,0.001688253410308909,-922109.6630111437,-961257.3161622144,39147.6531510707,33331.45454141086,-4.245444410942866,2.8065960463293687,-7.841270827808333e6,-1.070134572052578e7,2.860074892717448e6,3.241718321752391e6,-36.47463473107523,17.117788423354423,-0.03914300000006521
126.99999999999974,4.176137083127129,4.176423572092822,0.00028648896569283266,0.002684099368845545,0.00686014275849171,0.06590568279918213,29763.758510267347,29763.567910582464,29792.743096255308,29794.75801106073,-0.19059968488363666,0.4932244175006447,-0.0006403750548435847,0.001688253410308909,-713852.2049189952,-748293.573280917,34441.368361921865,33331.45454141086,-4.824719756357707,2.8065960463293687,-5.668020492051736e6,-7.594735692663811e6,1.9267152006120747e6,3.241718321752391e6,-33.992735264699675,17.117788423354423,-0.012101000000006919
127.99999999999974,4.174668927957838,4.1748118946981725,0.000142966740334316,0.002684099368845545,0.0034246246301560587,0.06590568279918213,29757.126715567163,29756.933042944667,29786.144625814588,29788.276113993845,-0.19367262249579653,0.4932244175006447,-0.0006508444996958611,0.001688253410308909,-560368.1476647148,-590647.6552882608,30279.507623545942,33331.45454141086,-5.403502634782711,2.8065960463293687,-3.543221584395883e6,-4.797611348587194e6,1.2543897641913113e6,3.241718321752391e6,-35.40252096328274,17.117788423354423,-0.00027238000000302576
128.99999999999974,4.173271294375637,4.173342091734293,7.079735865556103e-5,0.002684099368845545,0.0016964475506534976,0.06590568279918213,29752.632856785123,29752.436958658716,29781.611167346276,29783.857010194624,-0.19589812640697346,0.4932244175006447,-0.0006584228271492238,0.001688253410308909,-458588.9089478162,-485145.5330278387,26556.624080022506,33331.45454141086,-5.790943383466006,2.8065960463293687,-1.7453701484590096e6,-2.613636717041391e6,868266.5685823814,3.241718321752391e6,-49.74684420659855,17.117788423354423,0.012858999999996642
129.99999999999977,4.172592698199015,4.172598167414649,5.469215634157365e-6,0.002684099368845545,0.00013107475446903796,0.06590568279918213,29749.175278573715,29748.977831072443,29778.082613469218,29780.436555513912,-0.19744750127210864,0.4932244175006447,-0.0006637074790248606,0.001688253410308909,-381849.3242758463,-405167.72889396583,23318.40461811953,33331.45454141086,-6.106703124941086,2.8065960463293687,-209104.85722277872,-876072.9115636746,666968.0543408958,3.241718321752391e6,-318.96344408217794,17.117788423354423,0.012859
130.99999999999977,4.172009903539732,4.17197087368156,-3.9029858172057175e-5,0.002684099368845545,-0.0009355169109004843,0.06590568279918213,29746.407580591393,29746.209121132662,29775.22658449401,29777.679588573923,-0.19845945873021265,0.4932244175006447,-0.0006671711808981642,0.001688253410308909,-321626.47616790305,-342177.5732687747,20551.097100871673,33331.45454141086,-6.389740467181908,2.8065960463293687,1.1116328228374969e6,547263.5262776661,-564369.2965598308,3.241718321752391e6,-50.76939839894712,17.117788423354423,0.012859
131.99999999999977,4.171513620497482,4.171444053743464,-6.956675401781354e-5,0.002684099368845545,-0.001667662156872383,0.06590568279918213,29744.18346981689,29743.984388674642,29772.90289094995,29775.44591059233,-0.19908114224745077,0.4932244175006447,-0.0006693111695248576,0.001688253410308909,-274159.3089689961,-292336.69462312595,18177.385654129845,33331.45454141086,-6.630227411386374,2.8065960463293687,2.240803203332488e6,1.7306310393774556e6,-510172.16395503236,3.241718321752391e6,-22.767379268126366,17.117788423354423,0.012859
132.99999999999977,4.17108883731307,4.1709981495455715,-9.068776749820984e-5,0.002684099368845545,-0.0021741988971069014,0.06590568279918213,29742.332698058595,29742.133266664492,29770.94777493716,29773.572200192215,-0.1994313941031578,0.4932244175006447,-0.0006705304393161318,0.001688253410308909,-235383.53311484292,-251514.5342787307,16131.001163887762,33331.45454141086,-6.853071219734599,2.8065960463293687,3.2095940109328837e6,2.7327197434232766e6,-476874.26750960713,3.241718321752391e6,-14.857775341218355,17.117788423354423,0.012859
133.9999999999998,4.170723577289982,4.170618412282634,-0.0001051650073478072,0.002684099368845545,-0.002521505091357324,0.06590568279918213,29740.762758903067,29740.563165199466,29769.272079972103,29771.969928427447,-0.19959370360083994,0.4932244175006447,-0.0006711115825067076,0.001688253410308909,-203094.69521497615,-217451.468206374,14356.772991397855,33331.45454141086,-7.069004424857667,2.8065960463293687,4.042390526164957e6,3.5895613542655283e6,-452829.1718994286,3.241718321752391e6,-11.202014475554163,17.117788423354423,0.012859
134.9999999999998,4.17040816496526,4.17029335419003,-0.00011481077523001204,0.002684099368845545,-0.002752986534855598,0.06590568279918213,29739.412788363385,29739.213161363175,29767.816916786014,29770.580961214117,-0.1996270002091478,0.4932244175006447,-0.0006712540077027313,0.001688253410308909,-175846.0285435278,-188654.88374894013,12808.855205412343,33331.45454141086,-7.284131072793447,2.8065960463293687,4.759456389061943e6,4.325566609888345e6,-433889.7791735977,3.241718321752391e6,-9.116372621267248,17.117788423354423,0.012859
135.9999999999998,4.164566103558624,4.164679329791312,0.00011322623268839038,0.002684099368845545,0.0027188002272706996,0.06590568279918213,29738.239619163003,29738.04004778449,29766.540320181466,29769.364069986816,-0.1995713785145199,0.4932244175006447,-0.0006710934509584026,0.001688253410308909,-152614.84228106058,-164065.8747273991,11451.032446338504,33331.45454141086,-7.50322332689628,2.8065960463293687,5.378047694796e6,4.95941955588398e6,-418628.1389120193,3.241718321752391e6,-7.7840168527530835,17.117788423354423,0.13366999999997597
136.9999999999998,4.115161979230094,4.117530109172209,0.002368129942115438,0.002684099368845545,0.0575464575651647,0.06590568279918213,29736.358693164253,29736.159105174047,29764.59111917929,29767.46946541875,-0.1995879902060551,0.4932244175006447,-0.000671191763139231,0.001688253410308909,-114655.92870235821,-124891.19456241536,10235.265860057145,33331.45454141086,-8.926939911347672,2.8065960463293687,6.077133759716968e6,5.719971442947199e6,-357162.3167697694,3.241718321752391e6,-5.877150822930111,17.117788423354423,1.3163999999997649
137.9999999999998,4.066253282423366,4.071497277014616,0.005243994591249468,0.002684099368845545,0.12896379608021374,0.06590568279918213,29725.789243848973,29725.58755039974,29754.390283406134,29757.333170491016,-0.201693449231243,0.4932244175006447,-0.0006785133527547248,0.001688253410308909,109207.20360136393,100527.11434514406,-8680.089256219871,33331.45454141086,-7.94827536094099,2.8065960463293687,8.45634629135291e6,8.680485072435588e6,224138.78108267672,3.241718321752391e6,2.650539291559893,17.117788423354423,2.950599999999675
138.99999999999983,4.033446298963368,4.040746526297453,0.007300227334084752,0.002684099368845545,0.18099230268569527,0.06590568279918213,29699.77344383962,29699.56053639724,29730.111876508854,29733.232540501638,-0.212907442379219,0.4932244175006447,-0.0007168655437113466,0.001688253410308909,678655.7267790495,674989.6110705943,-3666.1157084552106,33331.45454141086,-0.5402025745593967,2.8065960463293687,1.435737944160522e7,1.6198433969313508e7,1.8410545277082883e6,3.241718321752391e6,12.823054062172575,17.117788423354423,4.334499999999765
139.99999999999983,4.00400634310248,4.01316155636044,0.009155213257959538,0.002684099368845545,0.22865131754176182,0.06590568279918213,29662.907889653114,29662.663817170393,29696.94674550669,29700.606203126954,-0.24407248272109427,0.4932244175006447,-0.0008228204855338225,0.001688253410308909,1.5135849439255984e6,1.5258874406400498e6,12302.49671445135,33331.45454141086,0.8128051725028318,2.8065960463293687,2.3602242404903337e7,2.791920889872105e7,4.316966493817713e6,3.241718321752391e6,18.290492995364154,17.117788423354423,5.720499999999764
140.99999999999983,4.00346129383228,4.011455767118589,0.007994473286308867,0.002684099368845545,0.1996890365500755,0.06590568279918213,29619.475998353424,29619.165723910497,29659.438197606785,29664.347057992865,-0.31027444292703876,0.4932244175006447,-0.0010475352195436789,0.001688253410308909,2.53767774391335e6,2.587997747437047e6,50320.00352369668,33331.45454141086,1.9829154290527944,2.8065960463293687,3.5465735814980194e7,4.2732440772237554e7,7.26670495725736e6,3.241718321752391e6,20.489367526918794,17.117788423354423,5.455200000000045
141.99999999999983,3.991935533518759,4.000133433944258,0.00819790042549906,0.002684099368845545,0.2053615434584156,0.06590568279918213,29581.620321322353,29581.233250808924,29627.052805247622,29633.614262246214,-0.3870705134286254,0.4932244175006447,-0.0013084831365698585,0.001688253410308909,3.3918879693824924e6,3.4903161667023473e6,98428.19731985498,33331.45454141086,2.9018705278103347,2.8065960463293687,4.742569502523963e7,5.716089666302298e7,9.735201637783349e6,3.241718321752391e6,20.527272468231285,17.117788423354423,5.823699999999937
142.99999999999986,3.9840623126192525,3.992397482773942,0.008335170154689653,0.002684099368845545,0.20921284610154203,0.06590568279918213,29551.67311764504,29551.211770826507,29601.33206972109,29609.723994097745,-0.4613468185343663,0.4932244175006447,-0.001561152956374914,0.001688253410308909,4.010268795241449e6,4.158629422971645e6,148360.62773019588,33331.45454141086,3.69951829429088,2.8065960463293687,5.8197249182905585e7,6.953050943542619e7,1.1333260252520606e7,3.241718321752391e6,19.47387619112683,17.117788423354423,6.015099999999974
143.99999999999986,4.021280887687727,4.025351978300183,0.004071090612455919,0.002684099368845545,0.10123865320924728,0.06590568279918213,29521.889798796168,29521.346540635535,29576.11703066898,29586.5815139767,-0.5432581606328313,0.4932244175006447,-0.0018401876178502099,0.001688253410308909,4.629013181191562e6,4.831747367726881e6,202734.1865353193,33331.45454141086,4.3796415909779975,2.8065960463293687,6.870891056673089e7,8.128101018328346e7,1.2572099616552576e7,3.241718321752391e6,18.2976261926645,17.117788423354423,3.7866000000003166
144.99999999999986,4.041831314065559,4.044261532762406,0.0024302186968476747,0.002684099368845545,0.06012667298584487,0.06590568279918213,29511.00772228285,29510.441720538456,29565.977396766324,29577.514992836124,-0.5660017443951801,0.4932244175006447,-0.001917934316989825,0.001688253410308909,4.690270055077488e6,4.910304935835158e6,220034.88075767085,33331.45454141086,4.691305152450026,2.8065960463293687,7.54384094589685e7,8.797623238789442e7,1.2537822928925917e7,3.241718321752391e6,16.61994601801,17.117788423354423,2.765500000000145
145.99999999999986,4.050366513522117,4.0527699730216655,0.002403459499548788,0.002684099368845545,0.059339308961913875,0.06590568279918213,29518.857125534556,29518.325873669506,29571.12092510826,29582.608201035426,-0.5312518650498532,0.4932244175006447,-0.0017997033651763806,0.001688253410308909,4.246777162888379e6,4.447323393505111e6,200546.2306167325,33331.45454141086,4.722315839155877,2.8065960463293687,7.719646962234062e7,8.822187670622166e7,1.1025407083881035e7,3.241718321752391e6,14.282268525775029,17.117788423354423,2.394400000000053
146.9999999999999,4.035809898255486,4.039804400248032,0.003994501992545807,0.002684099368845545,0.09897646552362302,0.06590568279918213,29525.574715512324,29525.074471772743,29575.915857502685,29587.22936489221,-0.5002437395814923,0.4932244175006447,-0.0016942726582005233,0.001688253410308909,3.9001833677776735e6,4.0811751122828256e6,180991.7445051521,33331.45454141086,4.640595773020828,2.8065960463293687,7.722298088810956e7,8.6442057612216e7,9.219076724106431e6,3.241718321752391e6,11.938255449455127,17.117788423354423,2.947999999999937
147.9999999999999,4.063727911431454,4.065958960628168,0.002231049196714352,0.002684099368845545,0.0549015398013806,0.06590568279918213,29523.729415365415,29523.246796570136,29573.57008084827,29584.88178519444,-0.48261879527854035,0.4932244175006447,-0.0016346810001156723,0.001688253410308909,3.8063443472977416e6,3.9751401117751333e6,168795.76447739173,33331.45454141086,4.434589965493422,2.8065960463293687,7.789580030989592e7,8.58684270830172e7,7.972626773121282e6,3.241718321752391e6,10.234989231002785,17.117788423354423,1.89240000000012
148.9999999999999,4.043647367787407,4.047485651375937,0.0038382835885304445,0.002684099368845545,0.09492132323671604,0.06590568279918213,29523.753243847666,29523.28605755656,29573.069288187824,29584.27993288008,-0.46718629110546317,0.4932244175006447,-0.0015824081960271032,0.001688253410308909,3.6807450305216936e6,3.8373618627112545e6,156616.83218956087,33331.45454141086,4.255030731301773,2.8065960463293687,7.808769397820346e7,8.506996038801508e7,6.982266409811616e6,3.241718321752391e6,8.941570757308531,17.117788423354423,2.599899999999919
149.9999999999999,4.065508362544973,4.068051695763011,0.002543333218038235,0.002684099368845545,0.06255879932432683,0.06590568279918213,29523.706680865864,29523.252922522755,29572.550746551162,29583.617848688984,-0.4537583431083476,0.4932244175006447,-0.0015369287739280572,0.001688253410308909,3.56644530437688e6,3.711572885339913e6,145127.5809630328,33331.45454141086,4.069250151822785,2.8065960463293687,7.800839080196038e7,8.422895024616987e7,6.220559444209486e6,3.241718321752391e6,7.974218388893059,17.117788423354423,1.8149000000000892
150.9999999999999,4.081080904381131,4.082825621274096,0.0017447168929649592,0.002684099368845545,0.04275134293691573,0.06590568279918213,29522.102932478218,29521.65852269845,29570.74777210874,29581.719246243687,-0.44440977976773866,0.4932244175006447,-0.0015053459463378169,0.001688253410308909,3.500801840378589e6,3.6370752455744194e6,136273.4051958304,33331.45454141086,3.8926340709731035,2.8065960463293687,7.803508659732373e7,8.373595083611257e7,5.700864238788843e6,3.241718321752391e6,7.305514080104011,17.117788423354423,1.3287000000000553
151.99999999999991,4.080942402979919,4.083018602170836,0.0020761991909168387,0.002684099368845545,0.05087548379513493,0.06590568279918213,29528.420430296475,29527.990111437313,29576.141796081636,29586.820426887578,-0.430318859162071,0.4932244175006447,-0.0014573040240261524,0.001688253410308909,3.2532718538687816e6,3.3771184972900227e6,123846.64342124108,33331.45454141086,3.8068335197368466,2.8065960463293687,7.645172333657211e7,8.130213111734526e7,4.850407780773148e6,3.241718321752391e6,6.344406076262856,17.117788423354423,1.3424999999999987
152.99999999999991,4.058850179141226,4.06252482234302,0.0036746432017942254,0.002684099368845545,0.09053409314486471,0.06590568279918213,29533.378092342686,29532.95936372599,29580.41089062778,29590.8277479222,-0.41872861669617123,0.4932244175006447,-0.0014178148377978399,0.001688253410308909,3.0562854548213123e6,3.1694549237326914e6,113169.46891137911,33331.45454141086,3.7028435525501537,2.8065960463293687,7.456527022703294e7,7.85876513984628e7,4.0223811714298576e6,3.241718321752391e6,5.3944432296465825,17.117788423354423,2.056999999999939
153.99999999999991,4.106198599799035,4.107224870216749,0.0010262704177135262,0.002684099368845545,0.024993199738652525,0.06590568279918213,29530.13901905832,29529.726296312347,29577.247280110874,29587.518354979777,-0.41272274597213254,0.4932244175006447,-0.0013976322485504296,0.001688253410308909,3.0600186777543593e6,3.1657229718204774e6,105704.29406611808,33331.45454141086,3.4543676100595166,2.8065960463293687,7.408212339392544e7,7.781338098405103e7,3.7312575901255906e6,3.241718321752391e6,5.036650434930088,17.117788423354423,0.6787900000001176
154.99999999999991,4.106481627431635,4.10765048925698,0.0011688618253451466,0.002684099368845545,0.028463826978721966,0.06590568279918213,29532.77481837671,29532.369069234122,29579.620009247345,29589.695408000684,-0.40574914258831996,0.4932244175006447,-0.0013738944108152118,0.001688253410308909,2.9316716315139e6,3.0296415049635805e6,97969.8734496804,33331.45454141086,3.3417751291296307,2.8065960463293687,7.284032248050041e7,7.616386838271165e7,3.323545902211234e6,3.241718321752391e6,4.562783069914274,17.117788423354423,0.67879
155.99999999999994,4.0589240229325565,4.063110875275097,0.004186852342540348,0.002684099368845545,0.10315177911399691,0.06590568279918213,29542.964568666703,29542.568580799747,29588.983086809018,29598.780120176485,-0.3959878669556929,0.4932244175006447,-0.0013403795886336944,0.001688253410308909,2.638495846917937e6,2.7276265670464e6,89130.72012846312,33331.45454141086,3.3780883237916752,2.8065960463293687,6.990905838801885e7,7.237977775522378e7,2.4707193672049344e6,3.241718321752391e6,3.534190595861854,17.117788423354423,2.0955999999999197
156.99999999999994,4.017709571191232,4.024957529629834,0.00724795843860182,0.002684099368845545,0.18040025816133928,0.06590568279918213,29537.863489203188,29537.470421637703,29584.19455585537,29593.847053060006,-0.3930675654846709,0.4932244175006447,-0.0013307244297758596,0.001688253410308909,2.705915247125089e6,2.78922744810087e6,83312.20097578084,33331.45454141086,3.0788917378065053,2.8065960463293687,6.941583991189334e7,7.18134736443731e7,2.397633732479766e6,3.241718321752391e6,3.4540153018719986,17.117788423354423,3.7767999999999047
157.99999999999994,4.064817014557412,4.067948845965036,0.003131831407624297,0.002684099368845545,0.07704729133951677,0.06590568279918213,29513.739404380776,29513.333063560713,29562.629167684907,29572.395387252003,-0.40634082006363315,0.4932244175006447,-0.0013767852812419943,0.001688253410308909,3.2315637217400116e6,3.315767341087313e6,84203.61934730131,33331.45454141086,2.6056617352407487,2.8065960463293687,7.339423758301535e7,7.713445445692131e7,3.7402168739059567e6,3.241718321752391e6,5.096063392818055,17.117788423354423,1.8459000000001098
158.99999999999994,4.0323035529961535,4.0375059212260345,0.00520236822988096,0.002684099368845545,0.12901727663869464,0.06590568279918213,29501.958966738966,29501.54440793737,29552.081571657003,29561.920414495602,-0.4145588015962858,0.4932244175006447,-0.0014051907605988699,0.001688253410308909,3.428541991115936e6,3.5133972494896874e6,84855.2583737513,33331.45454141086,2.4749662857747956,2.8065960463293687,7.654480355004928e7,8.131918184932987e7,4.774378299280599e6,3.241718321752391e6,6.237364364203827,17.117788423354423,3.005099999999934
159.99999999999994,4.0786370497202915,4.080743678978988,0.002106629258696202,0.002684099368845545,0.05165032418956408,0.06590568279918213,29497.732635326753,29497.314263036413,29547.981217761644,29557.897363513133,-0.418372290339903,0.4932244175006447,-0.0014183201655264058,0.001688253410308909,3.424839590577177e6,3.5107367440002584e6,85897.15342308162,33331.45454141086,2.5080635501707005,2.8065960463293687,7.825167334128277e7,8.340149436177336e7,5.149821020490587e6,3.241718321752391e6,6.581100186868115,17.117788423354423,1.350900000000094
160.99999999999997,4.028689346785322,4.03423965678355,0.005550309998227476,0.002684099368845545,0.13776961985555738,0.06590568279918213,29495.56048734502,29495.14065963199,29545.932874436312,29555.891786703396,-0.419827713030827,0.4932244175006447,-0.001423358994011837,0.001688253410308909,3.3865278303352282e6,3.471824897890162e6,85297.06755493395,33331.45454141086,2.518717454227757,2.8065960463293687,7.913871291192465e7,8.423774315983823e7,5.099030247913584e6,3.241718321752391e6,6.443155391708753,17.117788423354423,3.1005999999999503
161.99999999999997,4.0757512577421755,4.078104207858412,0.002352950116236485,0.002684099368845545,0.05773046408970349,0.06590568279918213,29491.04281389747,29490.621192458144,29541.828056518785,29551.829414351258,-0.42162143932728213,0.4932244175006447,-0.0014296593104147395,0.001688253410308909,3.4111888672651914e6,3.495370086901915e6,84181.2196367234,33331.45454141086,2.467797091053857,2.8065960463293687,8.016719510429199e7,8.518930807166134e7,5.022112967369348e6,3.241718321752391e6,6.264548685825823,17.117788423354423,1.4034000000000482
162.99999999999997,4.074813602070774,4.077209274559635,0.002395672488860967,0.002684099368845545,0.058792198191434164,0.06590568279918213,29486.127040977022,29485.703611169265,29537.352900987025,29547.389776923163,-0.42342980775720207,0.4932244175006447,-0.0014360306023533016,0.001688253410308909,3.4446481271524304e6,3.527573247908303e6,82925.12075587269,33331.45454141086,2.407361149669124,2.8065960463293687,8.125410872962454e7,8.622961364530014e7,4.975504915675595e6,3.241718321752391e6,6.1233887042336965,17.117788423354423,1.4140999999999997
163.99999999999997,4.074730255537829,4.077446454366466,0.002716198828637495,0.002684099368845545,0.06665959850829391,0.06590568279918213,29493.340882174158,29492.926399971264,29543.62913432219,29553.510434033735,-0.4144822028938506,0.4932244175006447,-0.0014053416483053116,0.001688253410308909,3.1825054963447023e6,3.259341414004104e6,76835.9176594019,33331.45454141086,2.414321601255757,2.8065960463293687,7.993453255240402e7,8.418405183270825e7,4.249519280304238e6,3.241718321752391e6,5.316249616545027,17.117788423354423,1.4247999999999998
165.0,4.1519479343088035,4.151001978515779,-0.0009459557930249218,0.002684099368845545,-0.022783421372127587,0.06590568279918213,29494.932864323935,29494.523278401695,29544.929302040426,29554.706652250876,-0.40958592223978485,0.4932244175006447,-0.0013886653823688001,0.001688253410308909,3.073966247571709e6,3.1462356320317686e6,72269.38446005946,33331.45454141086,2.351014248030502,2.8065960463293687,7.891117077902423e7,8.257587808784409e7,3.66470730881986e6,3.241718321752391e6,4.644091923413705,17.117788423354423,-0.50076
166.0,4.183550731567661,4.181395731517367,-0.0021550000502941202,0.002684099368845545,-0.051511268502930245,0.06590568279918213,29508.614204009456,29508.21277549783,29558.045190715824,29567.65248646084,-0.4014285116281826,0.4932244175006447,-0.0013603773760871457,0.001688253410308909,2.7222074637248097e6,2.788532712580363e6,66325.2488555531,33331.45454141086,2.436450922252632,2.8065960463293687,7.541647504233593e7,7.787375140097998e7,2.4572763586440533e6,3.241718321752391e6,3.2582752737576666,17.117788423354423,-1.2951
167.0,4.1172252368832645,4.118977798359031,0.0017525614757669672,0.002684099368845545,0.04256656789303212,0.06590568279918213,29534.554756514033,29534.164561925947,29583.221019420205,29592.616218701438,-0.39019458808616037,0.4932244175006447,-0.0013211459976389197,0.001688253410308909,2.1412311583575686e6,2.20069014204239e6,59458.98368482152,33331.45454141086,2.7768596329613255,2.8065960463293687,6.861146057659408e7,6.902586596243382e7,414405.3858397305,3.241718321752391e6,0.6039885791049602,17.117788423354423,0.40453
168.0,4.127183908537603,4.12865618969617,0.0014722811585672346,0.002684099368845545,0.03567277812654858,0.06590568279918213,29543.070403969396,29542.68763075069,29591.380633388202,29600.53605897156,-0.3827732187055517,0.4932244175006447,-0.0012956446756262764,0.001688253410308909,1.9455514082031094e6,1.9980489997140034e6,52497.59151089401,33331.45454141086,2.6983399816394584,2.8065960463293687,6.399467961730408e7,6.323888910153352e7,-755790.515770562,3.241718321752391e6,-1.1810208603125771,17.117788423354423,0.21185
169.0,4.14194563623289,4.142630852006581,0.0006852157736911835,0.002684099368845545,0.016543330933584847,0.06590568279918213,29540.320547116433,29539.941829697287,29588.442880235532,29597.33775704252,-0.378717419145687,0.4932244175006447,-0.001282035577581623,0.001688253410308909,1.9780422869971674e6,2.0241049489642694e6,46062.66196710197,33331.45454141086,2.328699556622165,2.8065960463293687,6.209462805193483e7,6.126571935251666e7,-828908.6994181722,3.241718321752391e6,-1.3349120937239336,17.117788423354423,-0.11201
170.0,4.091875931972531,4.095003006606352,0.003127074633821003,0.002684099368845545,0.07642154077515162,0.06590568279918213,29545.061757838932,29544.686951739397,29592.95466999446,29601.625595415742,-0.37480609953490784,0.4932244175006447,-0.0012685913558311106,0.001688253410308909,1.8530891406152141e6,1.8940313866208505e6,40942.24600563641,33331.45454141086,2.209405101367322,2.8065960463293687,5.966185408086362e7,5.8764262406798124e7,-897591.674065493,3.241718321752391e6,-1.504464934745287,17.117788423354423,1.1354
171.0,4.165105447008216,4.1646527397177815,-0.0004527072904343399,0.002684099368845545,-0.010869047523383071,0.06590568279918213,29542.134072368346,29541.760668911644,29590.10454611027,29598.579422127637,-0.37340345670236275,0.4932244175006447,-0.0012639691357017376,0.001688253410308909,1.8948345925012617e6,1.931457714671708e6,36623.12217044621,33331.45454141086,1.932787290003089,2.8065960463293687,5.874583577434473e7,5.821789991089325e7,-527935.8634514809,3.241718321752391e6,-0.8986779343465211,17.117788423354423,-0.62707
172.0,4.080647027784052,4.0843171716793725,0.003670143895320166,0.002684099368845545,0.08994024404294519,0.06590568279918213,29545.40208057258,29545.030843344157,29593.34636353514,29601.641604686152,-0.37123722842443385,0.4932244175006447,-0.0012564974658731717,0.001688253410308909,1.8039094224834114e6,1.8367078999640713e6,32798.47748065996,33331.45454141086,1.8181887112439856,2.8065960463293687,5.715437390273636e7,5.671464357475993e7,-439730.327976428,3.241718321752391e6,-0.769373011984609,17.117788423354423,1.4858
173.0,4.138987132343078,4.139744036801413,0.0007569044583348727,0.002684099368845545,0.018287190419613353,0.06590568279918213,29545.02719423566,29544.65656675758,29593.114976086625,29601.25291704313,-0.3706274780779495,0.4932244175006447,-0.0012544496088677157,0.001688253410308909,1.7947372107982305e6,1.824381298168451e6,29644.08737022057,33331.45454141086,1.6517230038951507,2.8065960463293687,5.618092382239375e7,5.591358606383931e7,-267337.7585544437,3.241718321752391e6,-0.47585148190084176,17.117788423354423,0.011324
174.0,4.115605978662499,4.117302748368636,0.001696769706136969,0.002684099368845545,0.041227700487702905,0.06590568279918213,29540.96317405937,29540.592580758046,29589.138628130204,29597.14784268775,-0.3705933013225149,0.4932244175006447,-0.0012545064937081732,0.001688253410308909,1.8540829542669477e6,1.881305024030727e6,27222.069763779407,33331.45454141086,1.46822285923783,2.8065960463293687,5.616457440319119e7,5.6271594804533064e7,107020.40134187788,3.241718321752391e6,0.19054787199775725,17.117788423354423,0.55864
175.0,4.131821434586241,4.132884521449348,0.0010630868631071877,0.002684099368845545,0.025729254759375746,0.06590568279918213,29545.65445323795,29545.285927504967,29593.522973883424,29601.435421363003,-0.36852573298165225,0.4932244175006447,-0.0012473094260440896,0.001688253410308909,1.720236054113927e6,1.7458337979332646e6,25597.74381933757,33331.45454141086,1.4880367004354331,2.8065960463293687,5.480013334528888e7,5.480434106731242e7,4207.722023539245,3.241718321752391e6,0.00767830617678776,17.117788423354423,0.18866
176.0,4.09528724544041,4.098100030636417,0.002812785196006473,0.002684099368845545,0.06868346534515149,0.06590568279918213,29546.636464340645,29546.269175447895,29594.375017220707,29602.192655886567,-0.36728889275036636,0.4932244175006447,-0.0012430819094878748,0.001688253410308909,1.673533160551401e6,1.6973915059878533e6,23858.34543645219,33331.45454141086,1.4256272895477773,2.8065960463293687,5.3806205801891476e7,5.3750071031776845e7,-56134.77011463046,3.241718321752391e6,-0.10432768725844098,17.117788423354423,1.1018
177.0,4.095114108388246,4.097853094810611,0.0027389864223650306,0.002684099368845545,0.06688425157078322,0.06590568279918213,29543.74643333668,29543.379510613242,29591.570113894504,29599.281709139097,-0.36692272343861987,0.4932244175006447,-0.0012419640964173395,0.001688253410308909,1.7118430182869947e6,1.7335878789103322e6,21744.86062333756,33331.45454141086,1.2702602044139062,2.8065960463293687,5.365646655317632e7,5.377205607118567e7,115589.5180093497,3.241718321752391e6,0.2154251396610221,17.117788423354423,1.1079
178.0,4.1238369473863346,4.124971434556697,0.0011344871703622417,0.002684099368845545,0.027510475919307952,0.06590568279918213,29536.013880781677,29535.64583188271,29584.108970858073,29591.72751652357,-0.3680488989666628,0.4932244175006447,-0.0012461021329832958,0.001688253410308909,1.8486501142667811e6,1.8686521943686793e6,20002.080101898173,33331.45454141086,1.0819830073594794,2.8065960463293687,5.475855330173987e7,5.540373927070342e7,645185.9689635485,3.241718321752391e6,1.1782377912877562,17.117788423354423,0.37419
179.0,4.1318695094513265,4.1326734386534385,0.0008039292021120303,0.002684099368845545,0.019456790691794734,0.06590568279918213,29536.81445992722,29536.4469401859,29584.838046424487,29592.401461152735,-0.3675197413213027,0.4932244175006447,-0.0012442768390610267,0.001688253410308909,1.7953010798909776e6,1.814496331979287e6,19195.2520883095,33331.45454141086,1.0691940367726598,2.8065960463293687,5.465855032587153e7,5.54169997121787e7,758449.3863071725,3.241718321752391e6,1.3876134324553713,17.117788423354423,0.18726
180.0,4.117057590718656,4.1186901850588615,0.001632594340205351,0.002684099368845545,0.03965439647688709,0.06590568279918213,29542.724039660246,29542.358352334788,29590.491436587272,29598.014076766092,-0.3656873254585662,0.4932244175006447,-0.0012378253439582674,0.001688253410308909,1.6381492851693372e6,1.6567284115665513e6,18579.12639721413,33331.45454141086,1.1341534355517293,2.8065960463293687,5.325254390393412e7,5.365858900003339e7,406045.09609927237,3.241718321752391e6,0.7624895757689335,17.117788423354423,0.5484
181.0,4.117520349140793,4.119166435700074,0.0016460865592815566,0.002684099368845545,0.03997761807358274,0.06590568279918213,29544.194399736876,29543.83009056512,29591.872345802156,29599.333574155793,-0.3643091717567586,0.4932244175006447,-0.0012330990204965722,0.001688253410308909,1.58351293966054e6,1.6007921245363355e6,17279.184875795385,33331.45454141086,1.0911931594003614,2.8065960463293687,5.225359424080486e7,5.24121162459282e7,158522.0051233396,3.241718321752391e6,0.30337052871962955,17.117788423354423,0.54637
182.0,4.1775729174031415,4.176393979785283,-0.0011789376178583666,0.002684099368845545,-0.028220635310686967,0.06590568279918213,29542.814153761476,29542.4507884208,29590.49071971075,29597.879545882326,-0.36336534067595494,0.4932244175006447,-0.001229961840414889,0.001688253410308909,1.589317141155485e6,1.605034112922416e6,15716.971766931005,33331.45454141086,0.9889135000144942,2.8065960463293687,5.186867547678409e7,5.2011822288360015e7,143146.81157592684,3.241718321752391e6,0.27597930785797287,17.117788423354423,-0.86914
183.0,4.152986487998704,4.153210372886,0.00022388488729596645,0.002684099368845545,0.005390937050793417,0.06590568279918213,29552.350989615326,29551.99032479059,29599.85429277311,29607.1604125074,-0.36066482473688666,0.4932244175006447,-0.0012204268447665095,0.001688253410308909,1.3710261037183886e6,1.3849782236621378e6,13952.11994374916,33331.45454141086,1.0176407222232546,2.8065960463293687,4.953563947429057e7,4.912638904223792e7,-409250.43205264956,3.241718321752391e6,-0.8261737133020239,17.117788423354423,-0.24991
184.0,4.087529393960235,4.091109741058789,0.0035803470985538155,0.002684099368845545,0.0875919596772604,0.06590568279918213,29563.026976094756,29562.66942067251,29610.312777937015,29617.530201355527,-0.35755542224433157,0.4932244175006447,-0.0012094682406285997,0.001688253410308909,1.1400303201602004e6,1.152091832393593e6,12061.512233392568,33331.45454141086,1.0579992496776445,2.8065960463293687,4.636370012638015e7,4.51928273447741e7,-1.1708727816060558e6,3.241718321752391e6,-2.5254084087647035,17.117788423354423,1.3988
185.0,4.230013589357439,4.225905235644563,-0.004108353712875434,0.002684099368845545,-0.09712388922843898,0.06590568279918213,29553.81984025169,29553.461912861574,29601.442098570722,29608.545681184274,-0.35792739011594676,0.4932244175006447,-0.0012111036476863714,0.001688253410308909,1.332225003296198e6,1.3417831315212224e6,9558.128225024324,33331.45454141086,0.7174560004035019,2.8065960463293687,4.671833048529157e7,4.593268575384122e7,-785644.7314503491,3.241718321752391e6,-1.681662686336138,17.117788423354423,-2.4102
186.0,4.001081059691734,4.011249569812662,0.010168510120927898,0.002684099368845545,0.25414406679657064,0.06590568279918213,29565.92287184921,29565.57062844661,29613.233762957305,29620.14272993239,-0.3522434025981056,0.4932244175006447,-0.0011913830801929385,0.001688253410308909,1.06286780233687e6,1.0678835496860333e6,5015.7473491632845,33331.45454141086,0.4719069801658713,2.8065960463293687,4.397840771001775e7,4.271028549079686e7,-1.2681222192208916e6,3.241718321752391e6,-2.883510989262189,17.117788423354423,5.0098
187.0,4.054523095728879,4.05958567327501,0.005062577546131486,0.002684099368845545,0.12486246659846416,0.06590568279918213,29546.617957549075,29546.245939980457,29597.69180158871,29604.56450052423,-0.3720175686175935,0.4932244175006447,-0.0012590868069979702,0.001688253410308909,1.5966127684431542e6,1.602369686297217e6,5756.917854062747,33331.45454141086,0.3605707011648339,2.8065960463293687,4.654016410718092e7,4.646560782192242e7,-74556.28525850177,3.241718321752391e6,-0.16019772746567967,17.117788423354423,2.5027
188.0,4.035883282270533,4.041177957510545,0.005294675240011593,0.002684099368845545,0.13118999905846832,0.06590568279918213,29503.002189646566,29502.605959033324,29557.747099410997,29564.702221556847,-0.39623061324164155,0.4932244175006447,-0.0013430179433762508,0.001688253410308909,2.567607241534623e6,2.5773640940705724e6,9756.852535949554,33331.45454141086,0.37999785863347313,2.8065960463293687,5.551956541354983e7,5.848547633384759e7,2.965910920297757e6,3.241718321752391e6,5.342100389665354,17.117788423354423,3.1156
189.0,4.0457510833544585,4.050106571193154,0.004355487838695105,0.002684099368845545,0.10765585299142609,0.06590568279918213,29491.587886482714,29491.182831453814,29546.220887937583,29553.410758172544,-0.40505502889936906,0.4932244175006447,-0.001373459545340465,0.001688253410308909,2.6950720137730944e6,2.7127267733520498e6,17654.75957895536,33331.45454141086,0.6550756153724716,2.8065960463293687,6.0616250576978005e7,6.504834222170286e7,4.432091644724853e6,3.241718321752391e6,7.311721860949541,17.117788423354423,2.6317
190.0,4.095626530292566,4.096692169816001,0.0010656395234356353,0.002684099368845545,0.02601896231391764,0.06590568279918213,29478.655674437236,29478.23677066389,29534.026748273445,29541.594642418004,-0.4189037733449368,0.4932244175006447,-0.0014210409659494551,0.001688253410308909,2.8951564915629905e6,2.923262890794679e6,28106.399231688585,33331.45454141086,0.9708075992988883,2.8065960463293687,6.522081519036204e7,7.052352572084787e7,5.302710530485831e6,3.241718321752391e6,8.130395970992762,17.117788423354423,0.96709
191.0,4.027661410603597,4.033431300167601,0.005769889564004593,0.002684099368845545,0.14325656940313417,0.06590568279918213,29482.438794077734,29482.023483999845,29537.000146821523,29544.723248655813,-0.4153100778894441,0.4932244175006447,-0.0014086693464886264,0.001688253410308909,2.7007805408283286e6,2.730838205698752e6,30057.664870423265,33331.45454141086,1.112925112427113,2.8065960463293687,6.634063481469823e7,7.12093681403702e7,4.868733325671978e6,3.241718321752391e6,7.338991161708444,17.117788423354423,3.2753
192.0,4.066113506732401,4.06906905702239,0.002955550289989617,0.002684099368845545,0.07268735329439312,0.06590568279918213,29475.63143404967,29475.211374874903,29530.765179442864,29538.72956472862,-0.4200591747649014,0.4932244175006447,-0.0014251066196996117,0.001688253410308909,2.7898399410697944e6,2.8240202598528285e6,34180.318783034105,33331.45454141086,1.2251713182487196,2.8065960463293687,6.835474990083122e7,7.301817801079336e7,4.663428109962136e6,3.241718321752391e6,6.822390714219301,17.117788423354423,1.7871
193.0,4.032069519888589,4.037227134291748,0.005157614403159094,0.002684099368845545,0.12791481837598886,0.06590568279918213,29463.92792285844,29463.50151562566,29519.946858788375,29528.12884859287,-0.42640723277872894,0.4932244175006447,-0.0014472178790795832,0.001688253410308909,2.9838911929454575e6,3.0215711327704387e6,37679.93982498115,33331.45454141086,1.2627786131767942,2.8065960463293687,7.139467404215218e7,7.62537030367951e7,4.859028994642913e6,3.241718321752391e6,6.805870409568773,17.117788423354423,2.998
194.0,4.068027409661376,4.070650916705682,0.002623507044305917,0.002684099368845545,0.06449088907501484,0.06590568279918213,29457.118728888126,29456.689007369674,29513.5242242931,29521.88661407537,-0.4297215184524248,0.4932244175006447,-0.0014588036338768046,0.001688253410308909,3.052967506906302e6,3.09316868528714e6,40201.178380837664,33331.45454141086,1.316790247190517,2.8065960463293687,7.377349234415752e7,7.873831203835818e7,4.964819694200665e6,3.241718321752391e6,6.729815190311854,17.117788423354423,1.6541
195.0,4.060409472117159,4.063483981158695,0.0030745090415367216,0.002684099368845545,0.0757191870093246,0.06590568279918213,29451.26420067646,29450.83116516137,29508.0566260361,29516.59316675022,-0.4330355150923424,0.4932244175006447,-0.001470346101755442,0.001688253410308909,3.1037953505620244e6,3.146390089242987e6,42594.73868096247,33331.45454141086,1.3723436589738292,2.8065960463293687,7.576896931298733e7,8.077247873155901e7,5.003509418571681e6,3.241718321752391e6,6.603639278638101,17.117788423354423,1.8721
196.0,4.053504383121206,4.057220542545518,0.0037161594243118046,0.002684099368845545,0.09167769596564133,0.06590568279918213,29453.224226131177,29452.79585604025,29509.479980819513,29518.052716844042,-0.42837009092545486,0.4932244175006447,-0.0014544081409783344,0.001688253410308909,2.963524326968603e6,3.0046258810084197e6,41101.55403981684,33331.45454141086,1.3869146834998225,2.8065960463293687,7.604690358320232e7,8.060537740118472e7,4.558473817982405e6,3.241718321752391e6,5.994292473716587,17.117788423354423,2.0978
197.0,4.092848216053222,4.094258510144596,0.0014102940913742756,0.002684099368845545,0.034457522412942976,0.06590568279918213,29448.458086853065,29448.029422531254,29504.95146044291,29513.61421441499,-0.42866432181108394,0.4932244175006447,-0.0014556426708210448,0.001688253410308909,2.998049132978501e6,3.039200690072249e6,41151.55709374836,33331.45454141086,1.3726111637425076,2.8065960463293687,7.702568500646484e7,8.139685862543269e7,4.371173618967846e6,3.241718321752391e6,5.674955852195238,17.117788423354423,0.89478
198.0,4.0779829038655775,4.0803774765671,0.002394572701522435,0.002684099368845545,0.058719537525588596,0.06590568279918213,29451.17293555934,29450.74810380263,29507.3766547658,29516.03128085073,-0.42483175671077333,0.4932244175006447,-0.001442495202620034,0.001688253410308909,2.8628374324510787e6,2.901824848704345e6,38987.41625326639,33331.45454141086,1.3618452732010875,2.8065960463293687,7.661862975529946e7,8.047573583063579e7,3.857106075336322e6,3.241718321752391e6,5.034162171334758,17.117788423354423,1.3038
199.0,4.133409431827524,4.1333010164953174,-0.00010841533220684596,0.002684099368845545,-0.0026229032955709824,0.06590568279918213,29456.363066808324,29455.943767078013,29512.033240537065,29520.630444581475,-0.4192997303107404,0.4932244175006447,-0.0014234606266895552,0.001688253410308909,2.6779399963940065e6,2.7138752586832945e6,35935.26228928799,33331.45454141086,1.34189945770543,2.8065960463293687,7.524133916771118e7,7.838206353768973e7,3.140724369978547e6,3.241718321752391e6,4.1742005189167966,17.117788423354423,-0.078976
200.0,4.0725463965087725,4.075757442716787,0.0032110462080146007,0.002684099368845545,0.07884615411054124,0.06590568279918213,29464.945499830275,29464.531610076487,29520.192437573853,29528.715936037475,-0.41388975378868054,0.4932244175006447,-0.0014046852854048707,0.001688253410308909,2.4412377906856746e6,2.473985299610039e6,32747.508924364578,33331.45454141086,1.3414305255026684,2.8065960463293687,7.275711220578136e7,7.49546671697529e7,2.1975549639715403e6,3.241718321752391e6,3.020398827479742,17.117788423354423,1.4977
201.0,4.053862134209437,4.058347644584929,0.004485510375491941,0.002684099368845545,0.11064782735554678,0.06590568279918213,29467.839118233882,29467.429088901506,29522.9696478869,29531.398979050493,-0.41002933237541583,0.4932244175006447,-0.001391446894800308,0.001688253410308909,2.3397225374144134e6,2.3689471000780663e6,29224.562663652934,33331.45454141086,1.2490610402013091,2.8065960463293687,7.0921557802337e7,7.250221737984954e7,1.5806595775125325e6,3.241718321752391e6,2.228743454730554,17.117788423354423,2.1259
202.0,4.126941104159269,4.127204095163572,0.00026299100430282607,0.002684099368845545,0.006372540767247076,0.06590568279918213,29454.30309982194,29453.89080313587,29510.26571735433,29518.642285731567,-0.4122966860704764,0.4932244175006447,-0.0013997842171759578,0.001688253410308909,2.600538075440812e6,2.6273495513163377e6,26811.475875525735,33331.45454141086,1.0309972435601036,2.8065960463293687,7.244449566063583e7,7.454130272752196e7,2.096807066886127e6,3.241718321752391e6,2.894363536891139,17.117788423354423,0.089321
203.0,4.086226867598273,4.0885919428401,0.0023650752418271637,0.002684099368845545,0.057879195611507096,0.06590568279918213,29457.321741593132,29456.910968480297,29513.2694558801,29521.58262266644,-0.4107731128351588,0.4932244175006447,-0.0013944686364855622,0.001688253410308909,2.484527810508245e6,2.5094139080341584e6,24886.09752591327,33331.45454141086,1.0016429448146311,2.8065960463293687,7.181494644849756e7,7.385461013557024e7,2.0396636870726794e6,3.241718321752391e6,2.840165993210667,17.117788423354423,1.1053
204.0,4.079445129187936,4.082400274808784,0.0029551456208487537,0.002684099368845545,0.07243989138878336,0.06590568279918213,29464.558994693656,29464.151658227915,29519.996509169792,29528.247441448166,-0.4073364657415368,0.4932244175006447,-0.001382462455368482,0.001688253410308909,2.2738111704554427e6,2.297118824792857e6,23307.654337414075,33331.45454141086,1.0250479301122253,2.8065960463293687,6.984098682069573e7,7.138012222602163e7,1.5391354053259045e6,3.241718321752391e6,2.2037709880551373,17.117788423354423,1.3141
205.0,4.026571751975191,4.032974372282044,0.006402620306852569,0.002684099368845545,0.1590092192871475,0.06590568279918213,29459.163343865963,29458.756157818876,29514.767964384577,29522.95592711571,-0.407186047086725,0.4932244175006447,-0.0013822050624241844,0.001688253410308909,2.3494176434233254e6,2.370813791043127e6,21396.147619801573,33331.45454141086,0.9107000485714131,2.8065960463293687,6.985428064623506e7,7.146068743859953e7,1.6064067923644632e6,3.241718321752391e6,2.299654047687976,17.117788423354423,3.1926
206.0,4.108250323662376,4.109203605310512,0.0009532816481359063,0.002684099368845545,0.023204078939524933,0.06590568279918213,29441.768233920877,29441.351552880158,29499.094139653,29507.297151269613,-0.41668104071868584,0.4932244175006447,-0.0014152717914497175,0.001688253410308909,2.7171308970297496e6,2.7387705727615776e6,21639.67573182797,33331.45454141086,0.7964163874285015,2.8065960463293687,7.280466252314839e7,7.539321023765329e7,2.5885477145048976e6,3.241718321752391e6,3.555469697674739,17.117788423354423,0.52137
207.0,4.0763227905175885,4.078872893731346,0.002550103213757815,0.002684099368845545,0.06255891264769092,0.06590568279918213,29437.347185638955,29436.925972640038,29495.349927350664,29503.57798715955,-0.42121299891732633,0.4932244175006447,-0.0014308796110636477,0.001688253410308909,2.765894266697229e6,2.7882349165791194e6,22340.64988189051,33331.45454141086,0.8077188687537075,2.8065960463293687,7.427245840273553e7,7.736061447050983e7,3.088156067774296e6,3.241718321752391e6,4.157875118430921,17.117788423354423,1.3521
208.0,4.076408021340973,4.0792448426516605,0.0028368213106872986,0.002684099368845545,0.06959120126925124,0.06590568279918213,29445.467591117475,29445.05091579327,29502.564019568938,29510.7783296783,-0.41667532420615316,0.4932244175006447,-0.0014150745710414445,0.001688253410308909,2.504476224505674e6,2.526366604603418e6,21890.380097744055,33331.45454141086,0.8740502258936281,2.8065960463293687,7.298963091045676e7,7.561898866413237e7,2.62935775367561e6,3.241718321752391e6,3.6023716257742007,17.117788423354423,1.3591
209.0,4.076040487595097,4.078860919703939,0.002820432108842752,0.002684099368845545,0.06919538992378445,0.06590568279918213,29441.873188353864,29441.456535596455,29499.020686574695,29507.229614786425,-0.4166527574088832,0.4932244175006447,-0.0014151706813739552,0.001688253410308909,2.529450289601904e6,2.550718069945391e6,21267.780343486927,33331.45454141086,0.8408064167505006,2.8065960463293687,7.308533117205688e7,7.558923548829234e7,2.503904316235453e6,3.241718321752391e6,3.4260011907735386,17.117788423354423,1.3661
210.0,4.06199049349746,4.065648853513272,0.003658360015811546,0.002684099368845545,0.09006323431007393,0.06590568279918213,29439.463845809118,29439.047857832218,29496.68388606057,29504.857222315804,-0.41598797689948697,0.4932244175006447,-0.001413028372657355,0.001688253410308909,2.5289030148343006e6,2.548754384054634e6,19851.369220333174,33331.45454141086,0.7849794596268407,2.8065960463293687,7.323437506867698e7,7.566240186663511e7,2.4280267979581356e6,3.241718321752391e6,3.3154195631234726,17.117788423354423,1.7966
211.0,4.061120787364731,4.064742990188287,0.0036222028235561865,0.002684099368845545,0.08919219627315349,0.06590568279918213,29434.145125487634,29433.727542840712,29491.723535098514,29499.88666573809,-0.4175826469218009,0.4932244175006447,-0.0014187014609784183,0.001688253410308909,2.5967428785766303e6,2.6159983162979963e6,19255.437721366063,33331.45454141086,0.7415226929175472,2.8065960463293687,7.400477119497304e7,7.658479142174429e7,2.5800202267712504e6,3.241718321752391e6,3.486289039356566,17.117788423354423,1.8134
212.0,4.04176862545182,4.046564277279068,0.004795651827247838,0.002684099368845545,0.11865230971037444,0.06590568279918213,29427.11884810388,29426.69830502386,29485.223505256905,29493.396683366114,-0.4205430800211616,0.4932244175006447,-0.0014291004232929144,0.001688253410308909,2.700835476873407e6,2.7200496761923833e6,19214.19931897614,33331.45454141086,0.7114168739081896,2.8065960463293687,7.532873234582533e7,7.823378831705119e7,2.9050559712258577e6,3.241718321752391e6,3.8565045245804592,17.117788423354423,2.4758
213.0,4.087314448385751,4.089128300590797,0.0018138522050463735,0.002684099368845545,0.04437760363073456,0.06590568279918213,29417.14367436069,29416.716910185292,29476.165112378378,29484.399603633614,-0.4267641753976932,0.4932244175006447,-0.0014507328791736197,0.001688253410308909,2.8736373856832995e6,2.894216834674932e6,20579.448991632555,33331.45454141086,0.716146341015783,2.8065960463293687,7.746373496880423e7,8.091427777561545e7,3.4505428068112284e6,3.241718321752391e6,4.454397671634103,17.117788423354423,0.995
214.0,4.057929332241273,4.061486718300667,0.003557386059394041,0.002684099368845545,0.08766505693260133,0.06590568279918213,29415.790003378712,29415.361431882706,29475.00302631042,29483.278568558137,-0.42857149600604316,0.4932244175006447,-0.0014569436889399102,0.001688253410308909,2.8395057462914013e6,2.8608261664351146e6,21320.420143713243,33331.45454141086,0.7508496917662253,2.8065960463293687,7.821717455231777e7,8.175051217139302e7,3.5333376190752536e6,3.241718321752391e6,4.517342437001328,17.117788423354423,1.8602
215.0,4.219891948469901,4.214636343039696,-0.005255605430205534,0.002684099368845545,-0.12454360193064125,0.06590568279918213,29417.05869229998,29416.631091079093,29476.08996489487,29484.385816822283,-0.42760122088657226,0.4932244175006447,-0.0014535825126476647,0.001688253410308909,2.7434252063550837e6,2.7647058076402512e6,21280.601285167504,33331.45454141086,0.7756946038066379,2.8065960463293687,7.806046978201005e7,8.13455483877107e7,3.285078605700657e6,3.241718321752391e6,4.2083766788420505,17.117788423354423,-2.6906
216.0,4.132031120478184,4.132553943286429,0.0005228228082447828,0.002684099368845545,0.012652925232186502,0.06590568279918213,29442.061802096312,29441.641737460985,29500.476121082997,29508.78270456179,-0.4200646353274351,0.4932244175006447,-0.0014267500630595305,0.001688253410308909,2.174400263105529e6,2.1944932050746167e6,20092.941969087813,33331.45454141086,0.9240682274564576,2.8065960463293687,7.280935363799581e7,7.430309918943417e7,1.4937455514383614e6,3.241718321752391e6,2.0515846890568263,17.117788423354423,-0.067612
217.0,4.071736242692656,4.0759134796827095,0.004177236990053679,0.002684099368845545,0.10259105062491117,0.06590568279918213,29468.057330505606,29467.6475817034,29525.517419946373,29533.716387000877,-0.40974880220528576,0.4932244175006447,-0.0013904846105383065,0.001688253410308909,1.6029954956606722e6,1.6193607297174328e6,16365.234056760557,33331.45454141086,1.0209157855440916,2.8065960463293687,6.557398753983079e7,6.480145919396503e7,-772528.3458657563,3.241718321752391e6,-1.1781018279489395,17.117788423354423,1.5503
218.0,4.078519421837597,4.081909094792958,0.0033896729553610783,0.002684099368845545,0.08311037915405696,0.06590568279918213,29454.175392365698,29453.766395907496,29512.059829090864,29520.04410943175,-0.40899645820172736,0.4932244175006447,-0.0013885856682571945,0.001688253410308909,1.8917713009761267e6,1.9025505234386309e6,10779.22246250417,33331.45454141086,0.5697952208568894,2.8065960463293687,6.523424167542201e7,6.455055017784354e7,-683691.4975784719,3.241718321752391e6,-1.0480561742102124,17.117788423354423,1.3521
219.0,4.126848971043804,4.127490477292516,0.0006415062487112877,0.002684099368845545,0.015544698951002113,0.06590568279918213,29440.594167177507,29440.184444898387,29499.008539818904,29506.81114164017,-0.409722279120615,0.4932244175006447,-0.0013916916105497724,0.001688253410308909,2.1535535782545134e6,2.16006481994759e6,6511.241693076678,33331.45454141086,0.30234872068305507,2.8065960463293687,6.688936764899689e7,6.716076591658626e7,271398.2675893754,3.241718321752391e6,0.4057420142070149,17.117788423354423,0.10446
220.0,4.052389961245303,4.057095104213346,0.004705142968043141,0.002684099368845545,0.11610785272494473,0.06590568279918213,29443.838373503113,29443.42899976034,29502.067274166413,29509.805659949063,-0.40937374277200433,0.4932244175006447,-0.0013903545372685002,0.001688253410308909,2.039635334051114e6,2.0456843169305734e6,6048.982879459392,33331.45454141086,0.2965717831258067,2.8065960463293687,6.622766930753757e7,6.676491161466368e7,537242.3071261123,3.241718321752391e6,0.8112052148949278,17.117788423354423,2.1829
221.0,4.100630781782125,4.102439252040027,0.00180847025790154,0.002684099368845545,0.044102245584655704,0.06590568279918213,29438.366108645805,29437.953193204397,29497.12350662256,29504.82596137634,-0.41291544140767655,0.4932244175006447,-0.0014026438827608938,0.001688253410308909,2.134014563262351e6,2.1400061677047573e6,5991.604442406446,33331.45454141086,0.2807668019494135,2.8065960463293687,6.674731228036637e7,6.773947248095113e7,992160.2005847618,3.241718321752391e6,1.486442175255354,17.117788423354423,0.73539
222.0,4.117324900006556,4.118166365398622,0.0008414653920656434,0.002684099368845545,0.02043718706931055,0.06590568279918213,29430.688447398632,29430.272612597888,29489.885684166395,29497.54989086528,-0.4158348007440509,0.4932244175006447,-0.001412929233671414,0.001688253410308909,2.261765167674256e6,2.2674000688464693e6,5634.901172213256,33331.45454141086,0.24913732215655054,2.8065960463293687,6.805327737800728e7,6.960873358284536e7,1.5554562048380822e6,3.241718321752391e6,2.285644813545391,17.117788423354423,0.31463
223.0,4.07086522136433,4.074346083127774,0.0034808617634443095,0.002684099368845545,0.08550668160607185,0.06590568279918213,29438.89761858054,29438.484518410056,29497.521089886734,29505.16989735853,-0.4131001704845403,0.4932244175006447,-0.001403246058452303,0.001688253410308909,2.029788648767136e6,2.0355666433088696e6,5777.994541733526,33331.45454141086,0.2846599100474326,2.8065960463293687,6.656595531412762e7,6.775580051882109e7,1.1898452046934739e6,3.241718321752391e6,1.7874680819625333,17.117788423354423,1.5617
224.0,4.152368317193459,4.151776397241179,-0.0005919199522796958,0.002684099368845545,-0.014254996355423695,0.06590568279918213,29436.000336156634,29435.586465195098,29494.794927497143,29502.417255041644,-0.4138709615363041,0.4932244175006447,-0.0014060027069232664,0.001688253410308909,2.0608064240999492e6,2.066154709721646e6,5348.28562169685,33331.45454141086,0.2595239203038052,2.8065960463293687,6.6414943572792955e7,6.75702480676569e7,1.1553044948639497e6,3.241718321752391e6,1.7395249212215291,17.117788423354423,-0.49752
225.0,4.052908763589914,4.057586266649617,0.0046775030597023814,0.002684099368845545,0.11541101299204241,0.06590568279918213,29440.256513025168,29439.84364784295,29499.075489751413,29506.64910987044,-0.41286518221750157,0.4932244175006447,-0.0014023831009585084,0.001688253410308909,1.9413203173584752e6,1.9456303304149976e6,4310.013056522468,33331.45454141086,0.22201452372306274,2.8065960463293687,6.515394404864814e7,6.59578775368414e7,803933.4881932586,3.241718321752391e6,1.233898423083935,17.117788423354423,2.1685
226.0,4.101356542712637,4.103208612500189,0.0018520697875521464,0.002684099368845545,0.04515749285057738,0.06590568279918213,29437.770154495003,29437.355617432833,29497.060881301517,29504.590596744274,-0.414537062169984,0.4932244175006447,-0.0014081809185764235,0.001688253410308909,1.9786422064461224e6,1.9820914077736721e6,3449.2013275497593,33331.45454141086,0.17432162906020976,2.8065960463293687,6.488824046039304e7,6.567697491900041e7,788734.4586073682,3.241718321752391e6,1.2155275794368343,17.117788423354423,0.7278
227.0,4.085105569855389,4.087558357620405,0.0024527877650157848,0.002684099368845545,0.060042212448933416,0.06590568279918213,29427.927808789278,29427.51082160963,29487.675361202815,29495.166714419804,-0.41698717964754906,0.4932244175006447,-0.0014169777170752978,0.001688253410308909,2.1559817756701256e6,2.158753684654289e6,2771.9089841633104,33331.45454141086,0.12856829382529178,2.8065960463293687,6.635137296918968e7,6.766792957103598e7,1.3165566018463e6,3.241718321752391e6,1.984219079321304,17.117788423354423,1.1428
228.00000000000003,4.1092082234036384,4.110532729445068,0.0013245060414295295,0.002684099368845545,0.03223263386571458,0.06590568279918213,29429.56449715587,29429.148631899872,29489.00715569867,29496.486497514215,-0.41586525599632296,0.4932244175006447,-0.001413086680356799,0.001688253410308909,2.066293781800209e6,2.069204729236393e6,2910.947436183924,33331.45454141086,0.1408777136060406,2.8065960463293687,6.6174613100099325e7,6.751748336638933e7,1.342870266290009e6,3.241718321752391e6,2.0292831395307296,17.117788423354423,0.5191800000000235
228.99999999999997,4.077993193984118,4.080961769332576,0.002968575348457847,0.002684099368845545,0.07279500497541558,0.06590568279918213,29430.48304058212,29430.06753638218,29489.816458992616,29497.291530516097,-0.4155041999401874,0.4932244175006447,-0.0014118157672344102,0.001688253410308909,2.0054137481000738e6,2.008494979159629e6,3081.231059555197,33331.45454141086,0.15364565354527718,2.8065960463293687,6.571325995473407e7,6.693971453363199e7,1.2264545788979158e6,3.241718321752391e6,1.86637305734451,17.117788423354423,1.3485999999999763
229.99999999999997,4.146458438129722,4.146097451075435,-0.0003609870542868876,0.002684099368845545,-0.008705912760811667,0.06590568279918213,29428.86335653161,29428.447816481974,29488.27380395651,29495.7275453049,-0.41554004963472835,0.4932244175006447,-0.0014120152878500521,0.001688253410308909,2.004893564093099e6,2.0075368968277683e6,2643.332734669326,33331.45454141086,0.1318440430958748,2.8065960463293687,6.559746508009311e7,6.678711403636197e7,1.189648956268862e6,3.241718321752391e6,1.813559342295203,17.117788423354423,-0.3549499999999516
231.0,4.0863109312836805,4.088953387740207,0.0026424564565266095,0.002684099368845545,0.06466606435395517,0.06590568279918213,29433.765673923735,29433.351260267347,29493.126760362702,29500.552764082946,-0.4144136563882057,0.4932244175006447,-0.0014079532363585653,0.001688253410308909,1.8701777406831956e6,1.872259698658645e6,2081.9579754492734,33331.45454141086,0.11132406990838808,2.8065960463293687,6.427641154037727e7,6.508631569785877e7,809904.1574815065,3.241718321752391e6,1.2600332502581284,17.117788423354423,1.124
232.0,4.0594499841873235,4.063763460364449,0.004313476177125075,0.002684099368845545,0.10625765051736698,0.06590568279918213,29437.43919938783,29437.026267683854,29496.699222244817,29504.08721601592,-0.41293170397693757,0.4932244175006447,-0.0014027432929204138,0.001688253410308909,1.7648276526208818e6,1.766083646248187e6,1255.9936273051426,33331.45454141086,0.07116806139341209,2.8065960463293687,6.280408066251177e7,6.321652576004145e7,412445.09752967954,3.241718321752391e6,0.6567170368212573,17.117788423354423,1.9596
233.0,4.085414361954954,4.0878482539813845,0.0024338920264304065,0.002684099368845545,0.05957515715164176,0.06590568279918213,29423.21425398891,29422.797807477727,29483.24733377189,29490.585120879052,-0.4164465111825848,0.4932244175006447,-0.0014153671573326734,0.001688253410308909,2.050206765665301e6,2.0503012383905186e6,94.47272521769628,33331.45454141086,0.004607960855452522,2.8065960463293687,6.473492831507482e7,6.5815259713111535e7,1.0803313980367184e6,3.241718321752391e6,1.668853934275759,17.117788423354423,1.1428
234.0,4.070315774361487,4.073448591510215,0.003132817148728151,0.002684099368845545,0.0769674227356377,0.06590568279918213,29415.828213245863,29415.409170519517,29476.29914721947,29483.61974528965,-0.4190427263456513,0.4932244175006447,-0.0014245484550285672,0.001688253410308909,2.1690001611109846e6,2.1690435208498053e6,43.35973882069811,33331.45454141086,0.0019990657261403245,2.8065960463293687,6.642404732708716e7,6.811844398073581e7,1.6943966536486521e6,3.241718321752391e6,2.5508783668436474,17.117788423354423,1.5655
235.00000000000003,4.056548544853153,4.060502158533167,0.003953613680013568,0.002684099368845545,0.09746250134316312,0.06590568279918213,29413.076614449397,29412.65562150292,29473.634552259213,29480.993615458592,-0.4209929464777815,0.4932244175006447,-0.0014313121745005266,0.001688253410308909,2.1779806655411115e6,2.179475370275927e6,1494.7047348152846,33331.45454141086,0.06862800751465489,2.8065960463293687,6.732426631162247e7,6.931255932669747e7,1.9882930150749981e6,3.241718321752391e6,2.9533081071716794,17.117788423354423,1.9997999999999885
236.00000000000003,4.068161134291748,4.0712076514091375,0.003046517117389236,0.002684099368845545,0.07488683502994095,0.06590568279918213,29403.763917143733,29403.33792187108,29464.99907387681,29472.41606590821,-0.4259952726533811,0.4932244175006447,-0.0014487780334986517,0.001688253410308909,2.341252132832673e6,2.3443990052558016e6,3146.8724231286906,33331.45454141086,0.1344098048646004,2.8065960463293687,6.930785370547928e7,7.180753090316653e7,2.4996771976872534e6,3.241718321752391e6,3.6066290673341626,17.117788423354423,1.5963999999999283
236.99999999999997,4.166950802389151,4.164993086126672,-0.001957716262478648,0.002684099368845545,-0.04698198647692643,0.06590568279918213,29397.136315996468,29396.706572823794,29458.84583360475,29466.325966489534,-0.42974317267362494,0.4932244175006447,-0.001461853862411013,0.001688253410308909,2.4354148412658023e6,2.440144768257038e6,4729.9269912359305,33331.45454141086,0.19421442750088358,2.8065960463293687,7.11031628574531e7,7.398993891526367e7,2.886776057810575e6,3.241718321752391e6,4.05998262496136,17.117788423354423,-0.9306399999999282
237.99999999999997,4.076176566596344,4.0791070644408265,0.0029304978444821828,0.002684099368845545,0.07189329992466895,0.06590568279918213,29412.232784106935,29411.80631021253,29473.457084993566,29480.976364461792,-0.42647389440389816,0.4932244175006447,-0.0014499881649051333,0.001688253410308909,2.0622449691036132e6,2.0676360387643978e6,5391.069660784677,33331.45454141086,0.26141752030206133,2.8065960463293687,6.861033724471682e7,7.055244405515866e7,1.9421068104418367e6,3.241718321752391e6,2.830632946045436,17.117788423354423,1.3555999999999349
239.0,4.168648872963614,4.167300523544925,-0.001348349418689665,0.002684099368845545,-0.032344998578186415,0.06590568279918213,29419.969694076735,29419.546293773536,29480.94580383116,29488.459040487713,-0.42340030319974176,0.4932244175006447,-0.0014391595491173705,0.001688253410308909,1.8668790039870327e6,1.8714952866204649e6,4616.282633432187,33331.45454141086,0.24727272756152607,2.8065960463293687,6.6138864301968336e7,6.714193305766529e7,1.0030687556969523e6,3.241718321752391e6,1.5166101902162543,17.117788423354423,-0.92625
240.0,4.052866587015981,4.057580549970055,0.0047139629540744465,0.002684099368845545,0.11631182159255861,0.06590568279918213,29424.532765456013,29424.11219581878,29485.41894668638,29492.869429590042,-0.42056963723371155,0.4932244175006447,-0.0014293162803504372,0.001688253410308909,1.7477726325167636e6,1.750349963324738e6,2577.330807974329,33331.45454141086,0.1474637352721913,2.8065960463293687,6.4028989456757136e7,6.4326244247622475e7,297254.79086533934,3.241718321752391e6,0.46425032377887904,17.117788423354423,2.1543
241.0,4.140717877801225,4.140783267359585,6.538955835999616e-5,0.002684099368845545,0.0015791841001908313,0.06590568279918213,29422.184825999735,29421.764007417838,29483.558890366112,29490.932189720723,-0.4208185818970378,0.4932244175006447,-0.001430276454266475,0.001688253410308909,1.7910438027171604e6,1.7914582404799445e6,414.43776278407313,33331.45454141086,0.023139454331342263,2.8065960463293687,6.330198233112215e7,6.348069365719664e7,178711.32607448846,3.241718321752391e6,0.28231552866651033,17.117788423354423,-0.21363
242.0,4.052980980366859,4.057477094902548,0.004496114535688989,0.002684099368845545,0.1109335217083111,0.06590568279918213,29416.723516069065,29416.30176878959,29478.4220515441,29485.74100194122,-0.4217472794734931,0.4932244175006447,-0.001433699029203953,0.001688253410308909,1.8829638933041613e6,1.8821993281145927e6,-764.5651895685587,33331.45454141086,-0.04060434681128832,2.8065960463293687,6.363843602666367e7,6.412090279437424e7,482466.767710574,3.241718321752391e6,0.7581373739424185,17.117788423354423,2.1543
243.00000000000003,4.109528350805125,4.110826114317093,0.0012977635119684194,0.002684099368845545,0.03157937848790278,0.06590568279918213,29413.860737313385,29413.437306586366,29475.812095929334,29483.10898905263,-0.42343072701987694,0.4932244175006447,-0.001439561881391271,0.001688253410308909,1.9144654807487784e6,1.9136823053770494e6,-783.1753717290703,33331.45454141086,-0.040908304673258344,2.8065960463293687,6.3893428879563555e7,6.466535638411749e7,771927.5045539364,3.241718321752391e6,1.2081485030471404,17.117788423354423,0.5126299999999834
244.00000000000003,4.133863976085255,4.133869221273169,5.24518791422679e-6,0.002684099368845545,0.0001268834181427022,0.06590568279918213,29406.546089619733,29406.12022365779,29468.83257969531,29476.123861385568,-0.42586596194450976,0.4932244175006447,-0.0014482012292318712,0.001688253410308909,2.0351954936220623e6,2.0346660530795376e6,-529.4405425246805,33331.45454141086,-0.02601423520167238,2.8065960463293687,6.509455321533154e7,6.637538103010779e7,1.2808278147762492e6,3.241718321752391e6,1.9676420706649531,17.117788423354423,-0.07258999999996625
244.99999999999997,4.086365450050125,4.0889717037854,0.0026062537352746773,0.002684099368845545,0.06377926221069405,0.06590568279918213,29417.63187253127,29417.209662723635,29479.247460472332,29486.53158416488,-0.42220980763522675,0.4932244175006447,-0.001435227041607878,0.001688253410308909,1.7474757121678274e6,1.7470332600659202e6,-442.4521019072272,33331.45454141086,-0.025319499368511633,2.8065960463293687,6.302362408633168e7,6.375882740886255e7,735203.3225308731,3.241718321752391e6,1.166551960775485,17.117788423354423,1.1145999999999663
245.99999999999997,4.102256538980119,4.104064725486295,0.0018081865061763125,0.002684099368845545,0.04407785054383396,0.06590568279918213,29417.986913085995,29417.565471854115,29479.54705243184,29486.8109143208,-0.4214412318797258,0.4932244175006447,-0.0014325971152439945,0.001688253410308909,1.713144466504442e6,1.7122681937715611e6,-876.2727328808978,33331.45454141086,-0.051149961373011026,2.8065960463293687,6.2047174003664404e7,6.251736298881577e7,470188.9851513654,3.241718321752391e6,0.7577927483427316,17.117788423354423,0.7053800000000116
247.0,4.0723267013461335,4.0756220319923955,0.0032953306462619736,0.002684099368845545,0.08092009526575265,0.06590568279918213,29413.175721670257,29412.7543090447,29474.846916399114,29482.06763319236,-0.42141262555742287,0.4932244175006447,-0.0014327341921360286,0.001688253410308909,1.7860481844774263e6,1.7841751130664395e6,-1873.0714109868277,33331.45454141086,-0.10487238962899889,2.8065960463293687,6.2279167290917836e7,6.288130187704815e7,602134.5861303136,3.241718321752391e6,0.9668314659982982,17.117788423354423,1.5276
248.0,4.085925591659404,4.08833953169594,0.0024139400365363883,0.002684099368845545,0.05907939296456993,0.06590568279918213,29407.80691252749,29407.384064352373,29469.75440770032,29476.95056010603,-0.4228481751160871,0.4932244175006447,-0.0014378772833140343,0.001688253410308909,1.8705244678401717e6,1.8683362749394013e6,-2188.192900770344,33331.45454141086,-0.11698285365371204,2.8065960463293687,6.303606538514564e7,6.396897231488896e7,932906.9297433197,3.241718321752391e6,1.4799574244415925,17.117788423354423,1.124
249.0,4.101045690271211,4.102556646192701,0.001510955921490087,0.002684099368845545,0.036843186728557624,0.06590568279918213,29401.37969364546,29400.95461425716,29463.660854545753,29470.85598590727,-0.42507938830021885,0.4932244175006447,-0.0014457804114277385,0.001688253410308909,1.9730526279405807e6,1.9711629618968035e6,-1889.6660437772516,33331.45454141086,-0.0957737273206764,2.8065960463293687,6.4254345970085286e7,6.563028457229537e7,1.375938602210082e6,3.241718321752391e6,2.1413938332679847,17.117788423354423,0.7128
250.0,4.151997558911126,4.151209458380546,-0.0007881005305803157,0.002684099368845545,-0.018981237811396916,0.06590568279918213,29402.677580573454,29402.252672291183,29464.835949280066,29472.044910350494,-0.42490828227164457,0.4932244175006447,-0.00144513465179234,0.001688253410308909,1.9005332271114932e6,1.8992435278358744e6,-1289.6992756188847,33331.45454141086,-0.06785986465382779,2.8065960463293687,6.4168579289543286e7,6.553665953961386e7,1.368080250070572e6,3.241718321752391e6,2.1320095679498863,17.117788423354423,-0.49887
251.00000000000003,4.094708599786838,4.096902088984876,0.002193489198038634,0.002684099368845545,0.053568871742248586,0.06590568279918213,29413.443212259353,29413.020643296764,29475.26467571444,29482.476042915878,-0.4225689625891391,0.4932244175006447,-0.0014366524841709616,0.001688253410308909,1.6392488969742341e6,1.6380879586602396e6,-1160.9383139945567,33331.45454141086,-0.07082135703354416,2.8065960463293687,6.1833965687135294e7,6.246956144059317e7,635595.7534578741,3.241718321752391e6,1.0279071484333266,17.117788423354423,0.8947800000000233
252.00000000000003,4.066889483699512,4.070719303936148,0.003829820236635584,0.002684099368845545,0.09417074774187681,0.06590568279918213,29417.230528227632,29416.809581059628,29478.968536430242,29486.1484519346,-0.4209471680042043,0.4932244175006447,-0.0014309544455596516,0.001688253410308909,1.5399102257265823e6,1.537880045266311e6,-2030.1804602714255,33331.45454141086,-0.13183758548739535,2.8065960463293687,6.005859993298232e7,6.014633166813702e7,87731.73515470326,3.241718321752391e6,0.1460768903247838,17.117788423354423,1.7141999999999713
252.99999999999997,4.102339504754772,4.103929396932142,0.0015898921773702668,0.002684099368845545,0.038755743534330096,0.06590568279918213,29404.358540778885,29403.935293402163,29466.71449294365,29473.841514850978,-0.4232473767224292,0.4932244175006447,-0.0014394035365044827,0.001688253410308909,1.798138794164319e6,1.7947560229880738e6,-3382.7711762452964,33331.45454141086,-0.1881262551713886,2.8065960463293687,6.1588140733762704e7,6.221105988011561e7,622919.1463529095,3.241718321752391e6,1.0114271009506615,17.117788423354423,0.7004800000000289
254.0,4.140665827490864,4.140383428406206,-0.0002823990846572144,0.002684099368845545,-0.006820137060621986,0.06590568279918213,29399.492731541453,29399.0681286976,29462.11471048986,29469.219935622416,-0.42460284385379055,0.4932244175006447,-0.0014442522792179075,0.001688253410308909,1.8674713158239287e6,1.8638571408731958e6,-3614.1749507328495,33331.45454141086,-0.193533090447404,2.8065960463293687,6.2627400435115784e7,6.369728085578098e7,1.069880420665197e6,3.241718321752391e6,1.7083264086198682,17.117788423354423,-0.21884
255.0,4.080389666276385,4.083284967567388,0.002895301291002461,0.002684099368845545,0.07095649013454657,0.06590568279918213,29409.2978895625,29408.87522003452,29471.492900184985,29478.61027326545,-0.42266952797945123,0.4932244175006447,-0.0014371969353592037,0.001688253410308909,1.6186712944272067e6,1.6157530187593955e6,-2918.2756678112783,33331.45454141086,-0.18028834377049713,2.8065960463293687,6.081355434788655e7,6.1422720029542886e7,609165.6816563383,3.241718321752391e6,1.0016939285797701,17.117788423354423,1.2937
256.0,4.103261457882513,4.104981961525567,0.0017205036430540943,0.002684099368845545,0.04193014899766977,0.06590568279918213,29409.107761875573,29408.68506807018,29471.39120523571,29478.498069201036,-0.42269380539437407,0.4932244175006447,-0.0014372887773981778,0.001688253410308909,1.602328562403744e6,1.5992197328760938e6,-3108.8295276502613,33331.45454141086,-0.19401947893798568,2.8065960463293687,6.004572903557964e7,6.0451529202346824e7,405800.1667671874,3.241718321752391e6,0.6758185357808439,17.117788423354423,0.68831
257.0,4.095154873792389,4.09713606490016,0.001981191107771174,0.002684099368845545,0.04837890553175729,0.06590568279918213,29402.985712015536,29402.56229262128,29465.48638826251,29472.563935304846,-0.42341939425386954,0.4932244175006447,-0.0014400557766514137,0.001688253410308909,1.7060956978420801e6,1.7023455263168858e6,-3750.1715251943097,33331.45454141086,-0.21981015073994012,2.8065960463293687,6.063601178984649e7,6.1273809607296884e7,637797.8174503967,3.241718321752391e6,1.051846581963354,17.117788423354423,0.88929
258.0,4.087525294990061,4.08991247554146,0.002387180551399304,0.002684099368845545,0.05840160926527326,0.06590568279918213,29402.584276275455,29402.160985426915,29465.050490874564,29472.11536314624,-0.42329084853918175,0.4932244175006447,-0.001439638245950814,0.001688253410308909,1.68017824359149e6,1.6763925605542557e6,-3785.6830372342374,33331.45454141086,-0.22531437076236,2.8065960463293687,6.0570437157198675e7,6.127291822799459e7,702481.070795916,3.241718321752391e6,1.1597754676473018,17.117788423354423,1.093
259.0,4.119589789773548,4.120334181052967,0.0007443912794187213,0.002684099368845545,0.01806954860570329,0.06590568279918213,29398.71222442823,29398.28775672233,29461.356366316224,29468.42123277148,-0.4244677058995876,0.4932244175006447,-0.0014438309496661737,0.001688253410308909,1.7327956235068047e6,1.7292497157480402e6,-3545.907758764457,33331.45454141086,-0.20463508279114329,2.8065960463293687,6.1054042085660875e7,6.196238389080369e7,908341.8051428124,3.241718321752391e6,1.4877668604944752,17.117788423354423,0.28185
260.0,4.066912858640502,4.0704530728062736,0.003540214165771438,0.002684099368845545,0.08704917682831467,0.06590568279918213,29400.385859725906,29399.96166150022,29462.988093043685,29470.05212621916,-0.4241982256862684,0.4932244175006447,-0.0014428321713537643,0.001688253410308909,1.6644817792402431e6,1.6610881907814078e6,-3393.58845883538,33331.45454141086,-0.20388258382644428,2.8065960463293687,6.061998077702108e7,6.14316015447611e7,811620.7677400187,3.241718321752391e6,1.338866752078674,17.117788423354423,1.698
261.0,4.072796365213658,4.075897256243524,0.003100891029865771,0.002684099368845545,0.07613665776052368,0.06590568279918213,29396.153339662505,29395.72730635833,29459.10339703597,29466.172790387438,-0.4260333041747799,0.4932244175006447,-0.0014492824937062706,0.001688253410308909,1.732047145016529e6,1.7289076688838403e6,-3139.476132688578,33331.45454141086,-0.1812581223162155,2.8065960463293687,6.107325594611613e7,6.20340412138522e7,960785.2677360699,3.241718321752391e6,1.5731685708450749,17.117788423354423,1.5089
262.0,4.1340826643829685,4.133896947662835,-0.00018571672013312224,0.002684099368845545,-0.004492332040990799,0.06590568279918213,29384.84487645572,29384.414939932114,29448.471399485126,29455.554108833432,-0.42993652360746637,0.4932244175006447,-0.0014631233393100134,0.001688253410308909,1.9470062834062448e6,1.9443109570348617e6,-2695.3263713831548,33331.45454141086,-0.13843439512006814,2.8065960463293687,6.3169818053078525e7,6.4762079795066856e7,1.592261741988331e6,3.241718321752391e6,2.520605236903534,17.117788423354423,-0.078194
263.0,4.094185288871193,4.096068710371882,0.0018834215006888755,0.002684099368845545,0.04600235133002867,0.06590568279918213,29390.502629915274,29390.07350890851,29453.929695185903,29461.034547865762,-0.429121006764035,0.4932244175006447,-0.0014600669208264985,0.001688253410308909,1.7820956726873636e6,1.7800756561925996e6,-2020.016494764015,33331.45454141086,-0.11335062004375286,2.8065960463293687,6.2524651963002354e7,6.389778001662098e7,1.3731280536186248e6,3.241718321752391e6,2.196138659725998,17.117788423354423,0.88929
264.0,4.087021360857509,4.08944380759889,0.0024224467413809236,0.002684099368845545,0.05927169269486429,0.06590568279918213,29396.038582467252,29395.61103409814,29459.19075596561,29466.31273764907,-0.4275483691126283,0.4932244175006447,-0.001454442128020719,0.001688253410308909,1.6287965382313263e6,1.6271428097519882e6,-1653.7284793381114,33331.45454141086,-0.10153069708349566,2.8065960463293687,6.11037592328147e7,6.197364057093971e7,869881.3381250128,3.241718321752391e6,1.4236134552878021,17.117788423354423,1.093
265.0,4.134685461026836,4.1347150726218125,2.9611594976053368e-5,0.002684099368845545,0.0007161752751247835,0.06590568279918213,29390.284423913006,29389.85629026677,29453.64960682432,29460.76266780636,-0.42813364623725647,0.4932244175006447,-0.0014567182816676361,0.001688253410308909,1.7246046788559405e6,1.7225330002107373e6,-2071.678645203123,33331.45454141086,-0.12012484197696963,2.8065960463293687,6.1509551981608346e7,6.2440450390293576e7,930898.4086852297,3.241718321752391e6,1.5134208894312429,17.117788423354423,-0.081297
266.0,4.038142564569557,4.04362964681104,0.005487082241483421,0.002684099368845545,0.13588134033767854,0.06590568279918213,29394.26302844249,29393.8361468364,29457.52754467471,29464.622974068647,-0.4268816060903191,0.4932244175006447,-0.0014522616392091878,0.001688253410308909,1.6093362051013766e6,1.6067952611819508e6,-2540.9439194258302,33331.45454141086,-0.15788769999527658,2.8065960463293687,6.051956053392067e7,6.115988481358955e7,640324.2796688825,3.241718321752391e6,1.058045157664333,17.117788423354423,2.7118
267.0,4.093703978670984,4.095535529621882,0.0018315509508983752,0.002684099368845545,0.04474067886786934,0.06590568279918213,29384.199255112548,29383.766495658874,29448.5866147525,29455.706687146045,-0.4327594536734978,0.4932244175006447,-0.0014727624527600563,0.001688253410308909,1.826060273378799e6,1.8241998504041655e6,-1860.4229746335186,33331.45454141086,-0.10188179447062487,2.8065960463293687,6.1897975049600735e7,6.29936541391204e7,1.0956790895196646e6,3.241718321752391e6,1.7701372115027407,17.117788423354423,0.90306
268.0,4.13327009616759,4.132966210990597,-0.0003038851769927575,0.002684099368845545,-0.007352173216904527,0.06590568279918213,29371.824671379138,29371.386822123626,29437.071719599084,29444.220610320277,-0.4378492555115372,0.4932244175006447,-0.001490711797480501,0.001688253410308909,2.063352492525325e6,2.0622873459310562e6,-1065.1465942687355,33331.45454141086,-0.051622134275521134,2.8065960463293687,6.44613847711097e7,6.636432349870208e7,1.9029387275923789e6,3.241718321752391e6,2.952059957057016,17.117788423354423,-0.078194
269.0,4.0591443316373885,4.063018325876435,0.003873994239046219,0.002684099368845545,0.09543869156984415,0.06590568279918213,29383.595118185633,29383.161194719385,29448.017791617644,29455.18541065793,-0.43392346624750644,0.4932244175006447,-0.0014767541701490071,0.001688253410308909,1.747090106918019e6,1.7465642735477947e6,-525.8333702243399,33331.45454141086,-0.03009766743811195,2.8065960463293687,6.280932059674603e7,6.4189590185714744e7,1.3802695889687166e6,3.241718321752391e6,2.1975553562033348,17.117788423354423,1.9111
270.0,4.126761421291855,4.127064602943175,0.0003031816513203722,0.002684099368845545,0.007346721081478542,0.06590568279918213,29380.520283373327,29380.084880969625,29445.23809734999,29452.440731659568,-0.4354024037020281,0.4932244175006447,-0.0014819424554180745,0.001688253410308909,1.7890940708625566e6,1.789190124341677e6,96.05347912036814,33331.45454141086,0.005368833348939495,2.8065960463293687,6.278100184349236e7,6.4051141196260706e7,1.2701393527683467e6,3.241718321752391e6,2.0231269260957236,17.117788423354423,0.084907
271.0,4.118203254877241,4.1188721407179,0.0006688858406587173,0.002684099368845545,0.01624217648477032,0.06590568279918213,29377.766493523282,29377.33057246555,29442.689697360274,29449.89252979205,-0.4359210577313206,0.4932244175006447,-0.0014838468330375801,0.001688253410308909,1.8167051203876443e6,1.816535550134687e6,-169.57025295728818,33331.45454141086,-0.00933394479127717,2.8065960463293687,6.300966987530769e7,6.427052326808664e7,1.2608533927789554e6,3.241718321752391e6,2.0010474507708227,17.117788423354423,0.28185
272.0,4.1106498986487425,4.111938359420535,0.0012884607717928986,0.002684099368845545,0.031344454126741444,0.06590568279918213,29387.23961769985,29386.807069823433,29451.620926435997,29458.80732527168,-0.4325478764185391,0.4932244175006447,-0.0014718901198124668,0.001688253410308909,1.5726808873320464e6,1.572050536889207e6,-630.3504428393207,33331.45454141086,-0.04008126810192692,2.8065960463293687,6.094976474097141e7,6.156347264765819e7,613707.9066867828,3.241718321752391e6,1.0069077531225294,17.117788423354423,0.47868
273.0,4.103012717086838,4.104710241072746,0.001697523985908056,0.002684099368845545,0.04137262306886798,0.06590568279918213,29388.772911821958,29388.341828413217,29453.015801229605,29460.178127204243,-0.4310834087409603,0.4932244175006447,-0.0014668302417197973,0.001688253410308909,1.5148293122616564e6,1.5134826334962915e6,-1346.6787653649226,33331.45454141086,-0.08889970338336778,2.8065960463293687,5.970335699104074e7,5.99483961345442e7,245039.14350346476,3.241718321752391e6,0.4104277478739362,17.117788423354423,0.67631
274.0,4.0736622606051,4.076875129885729,0.003212869280629249,0.002684099368845545,0.0788693091152827,0.06590568279918213,29387.380106202465,29386.949891294553,29451.637196086594,29458.75645644167,-0.4302149079121591,0.4932244175006447,-0.0014639444086455276,0.001688253410308909,1.520917706661765e6,1.518446155487741e6,-2471.551174023887,33331.45454141086,-0.16250393845756786,2.8065960463293687,5.9163461049275875e7,5.932746955856404e7,164008.509288162,3.241718321752391e6,0.2772124997074852,17.117788423354423,1.4829
275.0,4.094700262035111,4.096596944281768,0.0018966822466568445,0.002684099368845545,0.046320417253549406,0.06590568279918213,29379.86022826575,29379.4283388061,29444.522849986777,29451.611652605847,-0.43188945964720915,0.4932244175006447,-0.0014700187689514511,0.001688253410308909,1.6604410579256548e6,1.6573253722337948e6,-3115.685691860039,33331.45454141086,-0.1876420531152357,2.8065960463293687,6.006641426256806e7,6.064093580499675e7,574521.5424286947,3.241718321752391e6,0.9564771752768381,17.117788423354423,0.88383
276.0,4.0942822855598635,4.096085562987474,0.001803277427610439,0.002684099368845545,0.04404379820049105,0.06590568279918213,29374.28068089935,29373.84702672058,29439.241148213794,29446.32339228248,-0.4336541787670285,0.4932244175006447,-0.0014763056957136401,0.001688253410308909,1.7484607323068571e6,1.7454349500139845e6,-3025.7822928726673,33331.45454141086,-0.17305406046383195,2.8065960463293687,6.1114994248844504e7,6.2135802688146025e7,1.0208084393015206e6,3.241718321752391e6,1.6703076746519059,17.117788423354423,0.88383
277.0,4.102134790261431,4.103589259214785,0.0014544689533542154,0.002684099368845545,0.03545639106757682,0.06590568279918213,29374.534717412866,29374.100743779483,29439.43742381371,29446.535082787846,-0.4339736333822657,0.4932244175006447,-0.0014773804506425473,0.001688253410308909,1.7036963086326206e6,1.7013256497958696e6,-2370.658836751012,33331.45454141086,-0.13914797048857216,2.8065960463293687,6.117544490845992e7,6.2279535423630804e7,1.104090515170887e6,3.241718321752391e6,1.8047936011303174,17.117788423354423,0.6811
278.0,4.06604801770757,4.069487323183907,0.0034393054763368625,0.002684099368845545,0.08458595327351634,0.06590568279918213,29374.860806497923,29374.426718926286,29439.739245696903,29446.850329646906,-0.4340875716370647,0.4932244175006447,-0.0014777519270526773,0.001688253410308909,1.6628019701091473e6,1.6608551769958339e6,-1946.7931133133825,33331.45454141086,-0.11707907185036556,2.8065960463293687,6.094100143352406e7,6.1969566943112165e7,1.0285655095881075e6,3.241718321752391e6,1.6878053943863918,17.117788423354423,1.694
279.0,4.1097514034651645,4.110756333774539,0.00100493030937443,0.002684099368845545,0.024452338127486647,0.06590568279918213,29368.56482397262,29368.128398179055,29433.88096706824,29441.006373049153,-0.43642579356674105,0.4932244175006447,-0.001486030373573109,0.001688253410308909,1.7727427434153098e6,1.771127762565288e6,-1614.9808500218205,33331.45454141086,-0.09110068880668211,2.8065960463293687,6.1867484880046725e7,6.3143631377732396e7,1.2761464976856709e6,3.241718321752391e6,2.062709515604131,17.117788423354423,0.48492
280.0,4.093489724479183,4.09526397835311,0.0017742538739264901,0.002684099368845545,0.0433433083590366,0.06590568279918213,29366.065564847868,29365.627908209277,29431.59564179904,29438.735692535716,-0.4376566385908518,0.4932244175006447,-0.001490348230764495,0.001688253410308909,1.7924871544834168e6,1.7912353731470928e6,-1251.7813363240566,33331.45454141086,-0.06983488462905119,2.8065960463293687,6.2407689146209866e7,6.3813586406371355e7,1.4058972601614892e6,3.241718321752391e6,2.2527628877071986,17.117788423354423,0.88656
281.0,4.078811040866783,4.0814824453704714,0.0026714045036886347,0.002684099368845545,0.06549468648885823,0.06590568279918213,29369.27992161028,29368.843260329388,29434.600222999117,29441.75340804066,-0.4366612808917125,0.4932244175006447,-0.0014867960060893823,0.001688253410308909,1.6831457739903932e6,1.6822036261244887e6,-942.1478659044951,33331.45454141086,-0.05597541701161486,2.8065960463293687,6.176003010978302e7,6.2920855983791165e7,1.1608258740081415e6,3.241718321752391e6,1.8795746568528018,17.117788423354423,1.2937
282.0,4.071420602093684,4.074414740159367,0.0029941380656826055,0.002684099368845545,0.07354037713870443,0.06590568279918213,29364.25069478829,29363.812716353765,29429.840200414747,29437.00671801343,-0.4379784345255757,0.4932244175006447,-0.001491536218914349,0.001688253410308909,1.76170832033084e6,1.7609499054838445e6,-758.4148469956126,33331.45454141086,-0.04304996679888451,2.8065960463293687,6.2328345759487666e7,6.359838759492871e7,1.2700418354410455e6,3.241718321752391e6,2.037663313481601,17.117788423354423,1.5051
283.0,4.100303699197228,4.101624412348095,0.0013207131508670145,0.002684099368845545,0.03221012997465501,0.06590568279918213,29356.8423147363,29356.401831682666,29422.90033534172,29430.085178777837,-0.4404830536332156,0.4932244175006447,-0.0015004442538838914,0.001688253410308909,1.8894915888939626e6,1.8890719990539502e6,-419.5898400123697,33331.45454141086,-0.02220649419550906,2.8065960463293687,6.369412678290597e7,6.5329741071317054e7,1.6356142884110808e6,3.241718321752391e6,2.567920106646382,17.117788423354423,0.69559
284.0,4.024996919814771,4.031044548667506,0.00604762885273491,0.002684099368845545,0.15025176349733008,0.06590568279918213,29356.148370729872,29355.707148135218,29422.27833993287,29429.48949683292,-0.4412225946543913,0.4932244175006447,-0.0015029989257525384,0.001688253410308909,1.8629391277734328e6,1.8631444881210336e6,205.3603476008866,33331.45454141086,0.011023459894061666,2.8065960463293687,6.4059184242077075e7,6.5753576053709835e7,1.6943918116327599e6,3.241718321752391e6,2.645041193827448,17.117788423354423,3.1671
285.0,4.049155545585201,4.053112115851058,0.003956570265857273,0.002684099368845545,0.09771346695167409,0.06590568279918213,29342.464015926722,29342.01266320129,29410.128296506566,29417.465321109044,-0.45135272543120664,0.4932244175006447,-0.0015382236651503365,0.001688253410308909,2.154634144344311e6,2.1581103820362817e6,3476.237691970542,33331.45454141086,0.16133772413731126,2.8065960463293687,6.670540404393237e7,6.911586631760187e7,2.4104622736695036e6,3.241718321752391e6,3.6135936933714787,17.117788423354423,2.1829
286.0,4.052851382654922,4.056146312717657,0.0032949300627347355,0.002684099368845545,0.081299059640729,0.06590568279918213,29323.538151791025,29323.07465809218,29392.931078106674,29400.43166100697,-0.4634936988441041,0.4932244175006447,-0.001580619966270321,0.001688253410308909,2.5402478089935277e6,2.54783106878724e6,7583.259793712292,33331.45454141086,0.29852441036911503,2.8065960463293687,7.11076626068224e7,7.471480512950392e7,3.6071425226815194e6,3.241718321752391e6,5.072790175408513,17.117788423354423,1.9998
287.0,4.064319393024427,4.066907307895904,0.002587914871477359,0.002684099368845545,0.0636740034732257,0.06590568279918213,29319.2850303847,29318.817981493507,29388.786201099647,29396.429103400766,-0.46704889119428117,0.4932244175006447,-0.0015929750357495435,0.001688253410308909,2.553224785549543e6,2.564101008343749e6,10876.222794206347,33331.45454141086,0.4259798375670792,2.8065960463293687,7.335944037845793e7,7.741225470314321e7,4.0528143246852756e6,3.241718321752391e6,5.524598202735729,17.117788423354423,1.5964
288.0,4.032945027122779,4.0376888761637195,0.004743849040940162,0.002684099368845545,0.11762741641744029,0.06590568279918213,29317.466702121284,29316.997652807637,29386.96965515726,29394.753530167705,-0.46904931364770164,0.4932244175006447,-0.001599897148049846,0.001688253410308909,2.52037733929747e6,2.534003866937338e6,13626.527639867738,33331.45454141086,0.5406542674148147,2.8065960463293687,7.457306804841278e7,7.863223781995861e7,4.0591697715458274e6,3.241718321752391e6,5.443211440503718,17.117788423354423,2.6805
289.0,4.068639705152923,4.070934392688025,0.002294687535101758,0.002684099368845545,0.05639937918797631,0.06590568279918213,29308.937692417076,29308.46266270926,29379.247047290304,29387.207934648126,-0.47502970781715703,0.4932244175006447,-0.0016207674014062225,0.001688253410308909,2.6579021320720664e6,2.6748096048366204e6,16907.472764553968,33331.45454141086,0.6361209677563681,2.8065960463293687,7.667434786108676e7,8.094542061724222e7,4.271072756155461e6,3.241718321752391e6,5.5704063683638925,17.117788423354423,1.4233
290.0,4.024703769009123,4.029924379987245,0.005220610978121876,0.002684099368845545,0.1297141672468278,0.06590568279918213,29303.545455853604,29303.06681373997,29374.35161459561,29382.444376633368,-0.47864211363412323,0.4932244175006447,-0.0016333931822523234,0.001688253410308909,2.7152287767735333e6,2.7341620145305255e6,18933.237756992225,33331.45454141086,0.697298066334223,2.8065960463293687,7.835656217254764e7,8.272556531088631e7,4.36900313833867e6,3.241718321752391e6,5.5757973770183575,17.117788423354423,2.9549
291.0,4.065870309320969,4.068230184787156,0.002359875466186878,0.002684099368845545,0.0580410905083934,0.06590568279918213,29296.217262419952,29295.732691287973,29367.790067163063,29376.055578613144,-0.48457113197946455,0.4932244175006447,-0.0016540399316366812,0.001688253410308909,2.821676519788195e6,2.8437236954711378e6,22047.17568294285,33331.45454141086,0.7813502195708028,2.8065960463293687,8.029943864191386e7,8.486323346577166e7,4.563794823857799e6,3.241718321752391e6,5.6834703966107645,17.117788423354423,1.4636
292.0,4.057829362433655,4.060619402468055,0.0027900400343998655,0.002684099368845545,0.06875695809758146,0.06590568279918213,29289.674508922497,29289.18503447603,29361.89754181076,29370.31569650595,-0.489474446465465,0.4932244175006447,-0.001671150173814177,0.001688253410308909,2.90428044943566e6,2.9287882620002218e6,24507.81256456161,33331.45454141086,0.8438514458658357,2.8065960463293687,8.214227738336636e7,8.688213541182698e7,4.739858028460622e6,3.241718321752391e6,5.770302674150636,17.117788423354423,1.6914
293.0,4.026551863003121,4.031687751080352,0.005135888077231421,0.002684099368845545,0.12755052590831215,0.06590568279918213,29292.646171532168,29292.1601387955,29364.39957466173,29372.84411949597,-0.4860327366659476,0.4932244175006447,-0.001659231241246804,0.001688253410308909,2.7521692007723805e6,2.7756980692903013e6,23528.86851792084,33331.45454141086,0.8549208570213488,2.8065960463293687,8.207420986572687e7,8.642385604379529e7,4.349646178068414e6,3.241718321752391e6,5.299650383700825,17.117788423354423,2.8152
294.0,4.078079082887066,4.0797434025380195,0.001664319650953594,0.002684099368845545,0.04081136282858309,0.06590568279918213,29282.176452337346,29281.68392151112,29354.987416871423,29363.592609280942,-0.49253082622453803,0.4932244175006447,-0.0016820157716972693,0.001688253410308909,2.9383702603245443e6,2.9643574772502934e6,25987.21692574909,33331.45454141086,0.8844092004551799,2.8065960463293687,8.400130193680623e7,8.857140037247859e7,4.570098435672358e6,3.241718321752391e6,5.440509052003051,17.117788423354423,1.0654
295.0,4.041986695224487,4.045882271969258,0.0038955767447710343,0.002684099368845545,0.09637777257836021,0.06590568279918213,29279.619407619055,29279.125241090722,29352.781387640553,29361.457751066646,-0.4941665283331531,0.4932244175006447,-0.0016877491522467078,0.001688253410308909,2.929824485428418e6,2.956088919606766e6,26264.434178348165,33331.45454141086,0.8964507706511166,2.8065960463293687,8.489478850177556e7,8.942123100018659e7,4.52644249841103e6,3.241718321752391e6,5.331826108873997,17.117788423354423,2.1852
296.0,4.054418841074266,4.057628405326532,0.0032095642522653733,0.002684099368845545,0.07916212848436155,0.06590568279918213,29280.344683074894,29279.851790114117,29353.36017983598,29362.067424807345,-0.49289296077768086,0.4932244175006447,-0.0016833577818590056,0.001688253410308909,2.8393003148987745e6,2.8649849407655816e6,25684.625866807066,33331.45454141086,0.9046111019687173,2.8065960463293687,8.487326685077049e7,8.91066764824852e7,4.233409631714717e6,3.241718321752391e6,4.987918797986371,17.117788423354423,1.757
297.0,4.053601045973777,4.056793617817724,0.0031925718439467232,0.002684099368845545,0.07875890616117075,0.06590568279918213,29273.92017839848,29273.424842808352,29347.43915949776,29356.21784377889,-0.49533559012706974,0.4932244175006447,-0.0016920712603861743,0.001688253410308909,2.922267848547077e6,2.9482903502311674e6,26022.50168409059,33331.45454141086,0.8904899561834733,2.8065960463293687,8.590475365011331e7,9.017238597689348e7,4.26763232678017e6,3.241718321752391e6,4.967865159315943,17.117788423354423,1.7695
298.0,3.9545414768952534,3.96630920431563,0.011767727420376684,0.002684099368845545,0.29757501569096284,0.06590568279918213,29272.097846754812,29271.602842128483,29345.712269823536,29354.506769398824,-0.49500462632931885,0.4932244175006447,-0.0016910459541395542,0.001688253410308909,2.8935754676114265e6,2.9186936920869276e6,25118.224475501105,33331.45454141086,0.8680687528857012,2.8065960463293687,8.62964860934148e7,9.04476027427518e7,4.1511166493370086e6,3.241718321752391e6,4.81029626727035,17.117788423354423,6.4018
299.0,4.040964028837318,4.044115484886454,0.0031514560491361365,0.002684099368845545,0.07798772834023186,0.06590568279918213,29236.11972133267,29235.567690334454,29316.304006330578,29325.91474006391,-0.5520309982166509,0.4932244175006447,-0.0018881814805740153,0.001688253410308909,3.8220643857596004e6,3.8710200540119587e6,48955.66825235821,33331.45454141086,1.2808697947308054,2.8065960463293687,9.328303617362969e7,9.945441675024563e7,6.1713805766159445e6,3.241718321752391e6,6.615758694998974,17.117788423354423,2.1159
300.0,3.927088730893134,3.9404965777862095,0.013407846893075615,0.002684099368845545,0.3414195046727727,0.06590568279918213,29212.78420895388,29212.194582254007,29296.909204589938,29307.13217854349,-0.5896266998715873,0.4932244175006447,-0.002018385839754581,0.001688253410308909,4.333434625964043e6,4.3985005023149345e6,65065.87635089178,33331.45454141086,1.5014851259332618,2.8065960463293687,9.996491713762347e7,1.0802781409328672e8,8.062896955663249e6,3.241718321752391e6,8.065726643441234,17.117788423354423,7.9136
301.0,4.208909319899515,4.201302324595606,-0.007606995303909514,0.002684099368845545,-0.18073554751925913,0.06590568279918213,29183.88656517512,29183.197315890866,29274.41583387728,29286.27034569008,-0.6892492842525826,0.4932244175006447,-0.002361746036509948,0.001688253410308909,5.059387067048432e6,5.178225818308063e6,118838.75125963055,33331.45454141086,2.3488764485647318,2.8065960463293687,1.08164238893547e8,1.1855024407139853e8,1.0386005177851528e7,3.241718321752391e6,9.602069301364216,17.117788423354423,-2.9379
302.0,4.100742985499621,4.100002321757057,-0.000740663742563541,0.002684099368845545,-0.018061696262910293,0.06590568279918213,29198.073757699956,29197.331249505256,29291.38100575201,29304.52790023358,-0.7425081947003491,0.4932244175006447,-0.0025430040380815836,0.001688253410308909,4.763121477789778e6,4.916144367439735e6,153022.8896499565,33331.45454141086,3.2126598148608085,2.8065960463293687,1.0839057336815456e8,1.1848915124957845e8,1.009857788142389e7,3.241718321752391e6,9.316841462885812,17.117788423354423,0.26072
303.0,4.067884212034957,4.070554828152947,0.002670616117989688,0.002684099368845545,0.06565123240451609,0.06590568279918213,29253.25603639134,29252.59847744125,29339.04030338433,29351.30890113987,-0.6575589500898786,0.4932244175006447,-0.0022478145655713292,0.001688253410308909,3.2202958173684548e6,3.332143653716729e6,111847.83634827426,33331.45454141086,3.4732162102944173,2.8065960463293687,9.788923456734204e7,1.0403786832584421e8,6.14863375850217e6,3.241718321752391e6,6.281215483682499,17.117788423354423,1.1932
304.0,4.086138020021527,4.08790612410484,0.0017681040833137374,0.002684099368845545,0.04327078710142108,0.06590568279918213,29251.01508613919,29250.38945366803,29334.948677651082,29346.61795955457,-0.6256324711575871,0.4932244175006447,-0.0021388402054260598,0.001688253410308909,3.1324007325592088e6,3.22056907753718e6,88168.34497797117,33331.45454141086,2.81472111985929,2.8065960463293687,9.468298463720557e7,9.905036826219223e7,4.367383624986663e6,3.241718321752391e6,4.612638312703236,17.117788423354423,0.72206
305.0,4.033325762752079,4.038330586166426,0.005004823414346937,0.002684099368845545,0.12408676384552612,0.06590568279918213,29250.79195633199,29250.18676985182,29333.707832625958,29344.952296583455,-0.6051864801665943,0.4932244175006447,-0.0020689575894904553,0.001688253410308909,3.038691480173659e6,3.110791512589843e6,72100.03241618397,33331.45454141086,2.3727328979137923,2.8065960463293687,9.25720383384988e7,9.580421385079877e7,3.23217551229997e6,3.241718321752391e6,3.491524622674074,17.117788423354423,2.3667
306.0,4.046025072923606,4.050014598703464,0.003989525779857672,0.002684099368845545,0.09860358519664071,0.06590568279918213,29243.636005100565,29243.03934236802,29326.6629237566,29337.668053343587,-0.5966627325433365,0.4932244175006447,-0.00204031650660427,0.001688253410308909,3.1290563229312166e6,3.191695771640881e6,62639.4487096644,33331.45454141086,2.0018638926571137,2.8065960463293687,9.238353843413961e7,9.542770188027166e7,3.044163446132049e6,3.241718321752391e6,3.2951362306849057,17.117788423354423,1.9156
307.0,4.07650499695406,4.0784703242342575,0.001965327280197826,0.002684099368845545,0.04821108478135822,0.06590568279918213,29231.753075121283,29231.15904278161,29315.35890781313,29326.2278734906,-0.5940323396716849,0.4932244175006447,-0.002032147501195394,0.001688253410308909,3.3227837543480694e6,3.3794844193909685e6,56700.66504289908,33331.45454141086,1.7064205568208504,2.8065960463293687,9.390626019303283e7,9.745118523036917e7,3.5449250373363346e6,3.241718321752391e6,3.774961360456076,17.117788423354423,0.97617
308.0,4.1412719156422515,4.140209985983939,-0.0010619296583120885,0.002684099368845545,-0.025642596766008267,0.06590568279918213,29234.430024867874,29233.842242136285,29317.462246250543,29328.181347932757,-0.587782731588959,0.4932244175006447,-0.002010583859815189,0.001688253410308909,3.1719561991858357e6,3.223796679268056e6,51840.4800822204,33331.45454141086,1.6343378289878843,2.8065960463293687,9.329570694885457e7,9.67629845610781e7,3.467277612223536e6,3.241718321752391e6,3.7164385432272082,17.117788423354423,-0.62823
309.0,4.1065896054085025,4.107681563213284,0.0010919578047818845,0.002684099368845545,0.026590380576226636,0.06590568279918213,29251.88060319534,29251.302393549213,29333.924215021994,29344.485284791077,-0.5782096461261972,0.4932244175006447,-0.0019766580274604164,0.001688253410308909,2.7253799007410626e6,2.7723160665208944e6,46936.16577983182,33331.45454141086,1.722188006415888,2.8065960463293687,8.920998355675094e7,9.152763004834262e7,2.317646491591677e6,3.241718321752391e6,2.597967625582294,17.117788423354423,0.24381
310.0,4.098801573270348,4.100611483935185,0.0018099106648366003,0.002684099368845545,0.044157069633222336,0.06590568279918213,29265.523684056116,29264.954241033436,29346.859190974264,29357.231804025298,-0.5694430226794793,0.4932244175006447,-0.0019457810795632964,0.001688253410308909,2.389474224096909e6,2.430751835386206e6,41277.611289296765,33331.45454141086,1.727476734129553,2.8065960463293687,8.46219812478622e7,8.562285709403369e7,1.0008758461714834e6,3.241718321752391e6,1.1827610644566047,17.117788423354423,0.46769
311.0,4.073303975169896,4.0764119784347645,0.0031080032648684863,0.002684099368845545,0.0763017757529096,0.06590568279918213,29266.434897487517,29265.871332223367,29347.41867427681,29357.575750718504,-0.5635652641503839,0.4932244175006447,-0.0019256368810359103,0.001688253410308909,2.3309593304171166e6,2.3662947377583347e6,35335.40734121809,33331.45454141086,1.5159169394386192,2.8065960463293687,8.21361482723172e7,8.253682257422307e7,400674.30190587044,3.241718321752391e6,0.487817252615085,17.117788423354423,1.156
312.0,4.09086853878079,4.092953048145408,0.0020845093646180146,0.002684099368845545,0.050955178462891035,0.06590568279918213,29262.5281920398,29261.968116237582,29343.503867946878,29353.452670447692,-0.5600758022192167,0.4932244175006447,-0.001913969287081533,0.001688253410308909,2.3776444869263894e6,2.4075381387951113e6,29893.651868721936,33331.45454141086,1.2572801372574347,2.8065960463293687,8.119932526115306e7,8.160803847027653e7,408713.20912347734,3.241718321752391e6,0.5033455731423567,17.117788423354423,0.69207
313.0,4.06593458482075,4.0692531976246356,0.0033186128038851237,0.002684099368845545,0.0816199261118075,0.06590568279918213,29259.910273245474,29259.352443966807,29340.867156321674,29350.649854956606,-0.5578292786667589,0.4932244175006447,-0.00190646271112056,0.001688253410308909,2.3916583995348285e6,2.4176249926405754e6,25966.5931057469,33331.45454141086,1.0857149629226872,2.8065960463293687,8.064155884406972e7,8.125030368840581e7,608744.8443360925,3.241718321752391e6,0.7548773275987569,17.117788423354423,1.3812
314.0,4.073840969041931,4.076645273014806,0.002804303972875566,0.002684099368845545,0.06883685431478859,0.06590568279918213,29256.99900730794,29256.441983749497,29338.031946483243,29347.68484775718,-0.5570235584418697,0.4932244175006447,-0.0019038984767464834,0.001688253410308909,2.4124307365609133e6,2.4356111112298826e6,23180.374668969307,33331.45454141086,0.9608721327276128,2.8065960463293687,8.041932836097425e7,8.131347988465978e7,894151.5236855298,3.241718321752391e6,1.1118614665270472,17.117788423354423,1.1527
315.0,4.058080879639895,4.06165901066639,0.0035781310264955124,0.002684099368845545,0.08817298453679484,0.06590568279918213,29251.915250116188,29251.357954695737,29333.15549166595,29342.701760012853,-0.5572954204508278,0.4932244175006447,-0.0019051587415241612,0.001688253410308909,2.4786765873870854e6,2.499623362580683e6,20946.775193597656,33331.45454141086,0.8450789949841278,2.8065960463293687,8.08295316008506e7,8.213566922164035e7,1.3061376207897514e6,3.241718321752391e6,1.6159163549773763,17.117788423354423,1.6173
316.0,4.013685967833869,4.020281719536476,0.006595751702607622,0.002684099368845545,0.16433153354464497,0.06590568279918213,29246.99159896543,29246.43322772867,29328.49647521041,29337.965770889004,-0.5583712367588305,0.4932244175006447,-0.001909157852592887,0.001688253410308909,2.539503036055889e6,2.5589919475734774e6,19488.91151758842,33331.45454141086,0.7674301326237719,2.8065960463293687,8.148821607491475e7,8.32073661782214e7,1.719150103306651e6,3.241718321752391e6,2.10969166600258,17.117788423354423,3.2663
317.0,4.034710653342844,4.039253493410294,0.0045428400674500935,0.002684099368845545,0.11259394930058376,0.06590568279918213,29228.396204279015,29227.82608280012,29311.82535641349,29321.30015062651,-0.5701214788969082,0.4932244175006447,-0.0019505739381397973,0.001688253410308909,2.93381050267363e6,2.9541405225827545e6,20330.019909124356,33331.45454141086,0.6929561364170341,2.8065960463293687,8.501011310294867e7,8.792878097185345e7,2.9186678689047843e6,3.241718321752391e6,3.433318416327983,17.117788423354423,2.3718
318.0,4.003953445213936,4.010526108236848,0.006572663022912373,0.002684099368845545,0.16415433178347524,0.06590568279918213,29211.864650977896,29211.282377843232,29296.971648796185,29306.523192599107,-0.58227313466341,0.4932244175006447,-0.0019932761623415157,0.001688253410308909,3.2552063219567286e6,3.2782002276217304e6,22993.905665001832,33331.45454141086,0.7063732184932605,2.8065960463293687,8.915016826961008e7,9.33608776214947e7,4.210709351884618e6,3.241718321752391e6,4.723164783212176,17.117788423354423,3.5953
319.0,3.991022338925102,3.9984441291195556,0.00742179019445377,0.002684099368845545,0.18596213110780715,0.06590568279918213,29197.66797098913,29197.069727217324,29284.364316366093,29294.158333763717,-0.5982437718048459,0.4932244175006447,-0.0020489436772801934,0.001688253410308909,3.5144261133525213e6,3.5446358189225947e6,30209.705570073333,33331.45454141086,0.8595914267565964,2.8065960463293687,9.327667305150256e7,9.864083597837372e7,5.364162926871166e6,3.241718321752391e6,5.750808590599444,17.117788423354423,4.151
320.0,4.0029511434585165,4.008801304553737,0.0058501610952204075,0.002684099368845545,0.1461462027779314,0.06590568279918213,29173.668381980016,29173.039345231184,29263.657070515874,29273.925676138027,-0.629036748832732,0.4932244175006447,-0.0021561798146073233,0.001688253410308909,4.030009532011971e6,4.073692122619777e6,43682.59060780611,33331.45454141086,1.0839326870276085,2.8065960463293687,9.947834971958128e7,1.0648025042757925e8,7.001900707997978e6,3.241718321752391e6,7.038617676846851,17.117788423354423,3.4975
321.0,3.965516088203987,3.974588675862148,0.009072587658160991,0.002684099368845545,0.22878705965028717,0.06590568279918213,29157.535665725474,29156.883335075367,29249.606351002098,29260.352576209232,-0.6523306501076149,0.4932244175006447,-0.0022372626328446064,0.001688253410308909,4.316938331534255e6,4.372811474776237e6,55873.143241981976,33331.45454141086,1.2942770767384222,2.8065960463293687,1.0489248616027443e8,1.1316228492297877e8,8.269798762704343e6,3.241718321752391e6,7.884071648438375,17.117788423354423,5.3167
322.0,3.9851642159925444,3.991894675924048,0.006730459931503674,0.002684099368845545,0.1688878943681719,0.06590568279918213,29135.20367391023,29134.50770771893,29230.931174777525,29242.53128726841,-0.695966191298794,0.4932244175006447,-0.002388746614193099,0.001688253410308909,4.790029582593854e6,4.8693417925140355e6,79312.2099201819,33331.45454141086,1.655777037544588,2.8065960463293687,1.114704629804197e8,1.2126740172706622e8,9.796938746646523e6,3.241718321752391e6,8.788820360750991,17.117788423354423,4.1756
323.0,3.992272559032856,3.9979853600433195,0.005712801010463675,0.002684099368845545,0.14309646763816208,0.06590568279918213,29113.16298165339,29112.42414605689,29212.44431376913,29224.94532289397,-0.7388355965013034,0.4932244175006447,-0.0025378059984993893,0.001688253410308909,5.234066175902422e6,5.336335624164874e6,102269.44826245215,33331.45454141086,1.953919664472327,2.8065960463293687,1.1840575899106574e8,1.2974316800775415e8,1.1337409016688406e7,3.241718321752391e6,9.575048640618794,17.117788423354423,3.7387
324.0,4.142491303428147,4.13921077502993,-0.0032805283982169087,0.002684099368845545,-0.0791921613812945,0.06590568279918213,29106.610031429,29105.86070596548,29206.26521895514,29219.273274997984,-0.7493254635228368,0.4932244175006447,-0.0025744168170519456,0.001688253410308909,5.219574932872802e6,5.330085187641578e6,110510.25476877578,33331.45454141086,2.1172270958844543,2.8065960463293687,1.2248151281824985e8,1.3439049721280682e8,1.190898439455697e7,3.241718321752391e6,9.723087281121924,17.117788423354423,-0.94696
325.0,4.200625788452939,4.1944693483321185,-0.0061564401208205055,0.002684099368845545,-0.14656007059100304,0.06590568279918213,29132.977837918323,29132.249497577395,29230.47457552681,29243.47801160702,-0.7283403409273888,0.4932244175006447,-0.0025000545600917254,0.001688253410308909,4.46904745028399e6,4.571913537695166e6,102866.08741117548,33331.45454141086,2.301745250089899,2.8065960463293687,1.1902026408774073e8,1.2920593001926175e8,1.0185665931521013e7,3.241718321752391e6,8.557925836908096,17.117788423354423,-2.8522
326.0,4.0956494536105765,4.097264194347076,0.001614740736499698,0.002684099368845545,0.03942575542143142,0.06590568279918213,29188.884378501694,29188.19826627908,29282.754794321856,29295.518477642003,-0.6861122226146108,0.4932244175006447,-0.0023505941978376834,0.001688253410308909,3.1377604031662177e6,3.2248920287876227e6,87131.62562140496,33331.45454141086,2.776873133253996,2.8065960463293687,1.0678662875871009e8,1.1255546421447796e8,5.76883545576787e6,3.241718321752391e6,5.402207676021735,17.117788423354423,0.33794
327.0,4.006732449145133,4.014396805491594,0.007664356346460899,0.002684099368845545,0.19128695124367856,0.06590568279918213,29209.571895991663,29208.90955371981,29301.78995938047,29314.258277932924,-0.6623422718512302,0.4932244175006447,-0.002267552137394117,0.001688253410308909,2.6439884304826325e6,2.71785482735152e6,73866.39686888736,33331.45454141086,2.793748868840694,2.8065960463293687,9.792849392491014e7,1.0032860324399234e8,2.4001093190822005e6,3.241718321752391e6,2.4508794354813244,17.117788423354423,3.3004
328.0,3.984099496049286,3.99305847094121,0.008958974891923877,0.002684099368845545,0.22486825193014826,0.06590568279918213,29182.801823372778,29182.145735941165,29276.479184897355,29288.449091643102,-0.656087431612832,0.4932244175006447,-0.0022481989069581573,0.001688253410308909,3.2104824475225713e6,3.2675910288043255e6,57108.58128175419,33331.45454141086,1.7788161815313175,2.8065960463293687,9.882084530671994e7,1.0114813998539345e8,2.327294678673506e6,3.241718321752391e6,2.3550645326399033,17.117788423354423,4.3626
329.0,4.026683418906704,4.031155192119872,0.004471773213167829,0.002684099368845545,0.11105350850705746,0.06590568279918213,29144.651274421754,29143.979523511793,29242.411353287505,29254.260600971767,-0.6717509099617018,0.4932244175006447,-0.0023048857357619206,0.001688253410308909,4.070193988999661e6,4.1218386181590427e6,51644.62915938161,33331.45454141086,1.2688493300063668,2.8065960463293687,1.0522866868112463e8,1.0961784851426895e8,4.389179833144322e6,3.241718321752391e6,4.171087487997109,17.117788423354423,2.4058
330.0,3.9837419047306932,3.991421991271909,0.007680086541215658,0.002684099368845545,0.19278574578577884,0.06590568279918213,29129.772660219656,29129.087992606834,29228.910670348192,29240.82572538871,-0.6846676128225226,0.4932244175006447,-0.0023504049304082686,0.001688253410308909,4.311019433928152e6,4.365482668784042e6,54463.234855890274,33331.45454141086,1.2633493235326012,2.8065960463293687,1.0959177476738961e8,1.1558734152965346e8,5.995566762263849e6,3.241718321752391e6,5.470818202360114,17.117788423354423,4.2276
331.0,4.022253619583359,4.026557367509427,0.0043037479260679135,0.002684099368845545,0.10699842260353817,0.06590568279918213,29117.93328112957,29117.22975468824,29218.205355967177,29230.430734117355,-0.7035264413316327,0.4932244175006447,-0.0024161276644849186,0.001688253410308909,4.478068529887708e6,4.542322697798287e6,64254.16791057866,33331.45454141086,1.4348634345752163,2.8065960463293687,1.1333417109252918e8,1.2058736757049662e8,7.253196477967441e6,3.241718321752391e6,6.399831937753116,17.117788423354423,2.4839
332.0,4.020685343195716,4.024967586235904,0.004282243040187872,0.002684099368845545,0.1065053013271679,0.06590568279918213,29106.643193116117,29105.924840571603,29208.110218100264,29220.614730675483,-0.7183525445143459,0.4932244175006447,-0.002468002028774793,0.001688253410308909,4.634496151249561e6,4.705560557337472e6,71064.40608791076,33331.45454141086,1.5333793311868484,2.8065960463293687,1.1685565344059385e8,1.2508389055567147e8,8.228237115077615e6,3.241718321752391e6,7.04136845142937,17.117788423354423,2.505
333.0,4.050095742805236,4.052671417996739,0.002575675191502924,0.002684099368845545,0.06359541490046165,0.06590568279918213,29108.780906667267,29108.06826858682,29209.271090528597,29221.80945405742,-0.7126380804475048,0.4932244175006447,-0.002448189371902818,0.001688253410308909,4.4313204245027155e6,4.500665297525452e6,69344.87302273698,33331.45454141086,1.5648805859151764,2.8065960463293687,1.1763239128190109e8,1.2584953176590209e8,8.217140484000996e6,3.241718321752391e6,6.985440314912041,17.117788423354423,1.4794
334.0,4.019839781151147,4.024700276486739,0.004860495335591963,0.002684099368845545,0.1209126631957476,0.06590568279918213,29113.094781604093,29112.38905462228,29212.746256753107,29225.26980472397,-0.7057269818142231,0.4932244175006447,-0.002424087810342156,0.001688253410308909,4.209458880085606e6,4.275799127258458e6,66340.24717285205,33331.45454141086,1.5759804065719467,2.8065960463293687,1.1701608173172002e8,1.2471264237246351e8,7.696560640743494e6,3.241718321752391e6,6.577352896150818,17.117788423354423,2.5263
335.0,4.0496204484804785,4.0526304133643976,0.003009964883919025,0.002684099368845545,0.07432708625936639,0.06590568279918213,29112.878886214705,29112.1785238846,29212.30648950035,29224.78102075214,-0.7003623301061452,0.4932244175006447,-0.0024056787129965876,0.001688253410308909,4.115856825874599e6,4.178046377992619e6,62189.55211801967,33331.45454141086,1.5109746220291493,2.8065960463293687,1.1659701032048978e8,1.2379377723106517e8,7.19676691057539e6,3.241718321752391e6,6.172342576189271,17.117788423354423,1.4955
336.0,4.122083058930051,4.121419035980264,-0.0006640229497874017,0.002684099368845545,-0.01610891727057433,0.06590568279918213,29111.316571424064,29110.619861749325,29210.725444277952,29223.140325646502,-0.6967096747393953,0.4932244175006447,-0.0023932606174991477,0.001688253410308909,4.0611100849877726e6,4.1194536876936313e6,58343.60270585865,33331.45454141086,1.4366417428951401,2.8065960463293687,1.1631462427534916e8,1.2309664843135045e8,6.7820241560013e6,3.241718321752391e6,5.830757910498303,17.117788423354423,-0.40618
337.0,4.05165151244399,4.055178445609682,0.003526933165692192,0.002684099368845545,0.08704927249690131,0.06590568279918213,29129.98506378372,29129.30077235813,29228.18645955547,29240.419805426704,-0.6842914255903452,0.4932244175006447,-0.0023490963833040224,0.001688253410308909,3.562118899608414e6,3.6142663267573793e6,52147.42714896519,33331.45454141086,1.463944034959018,2.8065960463293687,1.119557479372698e8,1.1720576268260774e8,5.250014745337933e6,3.241718321752391e6,4.689365970097025,17.117788423354423,1.4633
338.0,4.090374166462694,4.092089507884021,0.001715341421326677,0.002684099368845545,0.041936051606009515,0.06590568279918213,29138.9728010106,29138.297340943165,29236.597801116823,29248.642876120997,-0.6754600674357789,0.4932244175006447,-0.002318064099405565,0.001688253410308909,3.3066612471524696e6,3.352603873360312e6,45942.62620784249,33331.45454141086,1.389396214910311,2.8065960463293687,1.0810925129867838e8,1.1203004505573413e8,3.9207937570557445e6,3.241718321752391e6,3.6266958747347053,17.117788423354423,0.42687
339.0,4.091347101862837,4.093038474994487,0.0016913731316501313,0.002684099368845545,0.041340250277959296,0.06590568279918213,29139.064100755226,29138.394651177,29236.390400824344,29248.224671789772,-0.669449578224885,0.4932244175006447,-0.002297429924002035,0.001688253410308909,3.245152952826642e6,3.2849180517898044e6,39765.098963162396,33331.45454141086,1.2253690208507921,2.8065960463293687,1.0589303520464237e8,1.0906243743814066e8,3.16940223349829e6,3.241718321752391e6,2.9930223714650337,17.117788423354423,0.41621
340.0,4.14682308510281,4.1459884758992605,-0.0008346092035491637,0.002684099368845545,-0.02012647239636151,0.06590568279918213,29147.816892385446,29147.1543380798,29244.528972472264,29256.15041328546,-0.6625543056470633,0.4932244175006447,-0.0022730838062186005,0.001688253410308909,2.998023924410125e6,3.032504359113354e6,34480.434703228995,33331.45454141086,1.150105388502301,2.8065960463293687,1.0242865598367527e8,1.0463849322042969e8,2.2098372367544174e6,3.241718321752391e6,2.157440430641415,17.117788423354423,-0.94842
341.0,4.1484554610861215,4.14788497384016,-0.0005704872459615373,0.002684099368845545,-0.0137517987432406,0.06590568279918213,29162.71068158444,29162.054974167877,29259.040356293357,29270.447965029045,-0.6557074165648373,0.4932244175006447,-0.0022484446789745815,0.001688253410308909,2.648947260296647e6,2.6782209955873904e6,29273.73529074341,33331.45454141086,1.105108271859861,2.8065960463293687,9.740998032209612e7,9.830597749658716e7,895997.174491033,3.241718321752391e6,0.9198207119314942,17.117788423354423,-0.95058
342.0,4.20686297405808,4.202889232632695,-0.003973741425384425,0.002684099368845545,-0.09445854190851435,0.06590568279918213,29181.535262718142,29180.887075027298,29277.571080769223,29288.72479159594,-0.6481876908437698,0.4932244175006447,-0.0022212254598951275,0.001688253410308909,2.239920577058948e6,2.263187957183483e6,23267.380124534946,33331.45454141086,1.0387591579289563,2.8065960463293687,9.102036394548434e7,9.028168583654156e7,-738678.1089427769,3.241718321752391e6,-0.8115525767236003,17.117788423354423,-2.8125
343.0,4.186195821137866,4.1843576670541465,-0.0018381540837193455,0.002684099368845545,-0.043909892471769504,0.06590568279918213,29207.097084767374,29206.46301740268,29302.685728763598,29313.39923248362,-0.6340673646955111,0.4932244175006447,-0.0021709359299052064,0.001688253410308909,1.706941140527148e6,1.718941646353177e6,12000.505826028995,33331.45454141086,0.7030415719151819,2.8065960463293687,8.270419226711549e7,7.985509760294263e7,-2.849094664172858e6,3.241718321752391e6,-3.444921697525246,17.117788423354423,-1.9414
344.0,4.1933502967302845,4.191548073362467,-0.0018022233678172128,0.002684099368845545,-0.0429781258489775,0.06590568279918213,29231.21664493231,29230.596682850286,29326.461928692897,29336.65402615079,-0.6199620820225391,0.4932244175006447,-0.0021208904492520304,0.001688253410308909,1.2263036522538725e6,1.2258043082031775e6,-499.3440506949555,33331.45454141086,-0.04071944577325454,2.8065960463293687,7.390872417853831e7,6.899029653422146e7,-4.918427644316852e6,3.241718321752391e6,-6.654732169960891,17.117788423354423,-2.0775
345.0,4.24667346808,4.2407113391990885,-0.005962128880911521,0.002684099368845545,-0.14039527469502172,0.06590568279918213,29243.852644335715,29243.241126255187,29338.962991093624,29348.656347396514,-0.6115180805281852,0.4932244175006447,-0.002091099582416447,0.001688253410308909,994593.0969864015,983832.7858266612,-10760.311159740319,33331.45454141086,-1.0818807402086201,2.8065960463293687,6.710543403494076e7,6.0989654531543955e7,-6.115779503396802e6,3.241718321752391e6,-9.113687425391527,17.117788423354423,-4.2071
346.0,4.167680533024062,4.1681970589623525,0.0005165259382904352,0.002684099368845545,0.012393606808332904,0.06590568279918213,29272.290927206537,29271.707689986415,29366.15077656386,29374.88172297436,-0.5832372201221006,0.4932244175006447,-0.001992454986090694,0.001688253410308909,401186.8542475125,366808.95225187956,-34377.90199563297,33331.45454141086,-8.569049965536383,2.8065960463293687,5.780435088148954e7,4.994481174573406e7,-7.859539135755479e6,3.241718321752391e6,-13.596795078400072,17.117788423354423,-1.091
347.0,4.06339134403673,4.069131030741992,0.005739686705261704,0.002684099368845545,0.14125360368464232,0.06590568279918213,29285.385056814586,29284.816354581257,29378.50602304297,29386.62555772324,-0.5687022333295317,0.4932244175006447,-0.0019419318961530852,0.001688253410308909,160436.85616527862,113825.247672758,-46611.60849252061,33331.45454141086,-29.052930608726417,2.8065960463293687,5.0856135750912964e7,4.218268637198712e7,-8.673449378925845e6,3.241718321752391e6,-17.054873027332086,17.117788423354423,1.6593
348.0,4.1342180546213,4.1354861123670625,0.001268057745762441,0.002684099368845545,0.03067225117322934,0.06590568279918213,29257.26407761044,29256.681693635273,29351.401849805097,29359.435908274194,-0.5823839751683408,0.4932244175006447,-0.0019905619801751004,0.001688253410308909,815492.6312283642,772889.3035000482,-42603.327728315955,33331.45454141086,-5.224244352048063,2.8065960463293687,5.273952841026297e7,4.615518842289407e7,-6.584339987368904e6,3.241718321752391e6,-12.484639483593883,17.117788423354423,-0.19359
349.0,4.101529603666282,4.103744715619043,0.0022151119527613616,0.002684099368845545,0.05400697219840408,0.06590568279918213,29241.20428627762,29240.614440624675,29335.64988720235,29343.599937773484,-0.5898456529466785,0.4932244175006447,-0.002017172915219099,0.001688253410308909,1.1541448279236213e6,1.1141962942295594e6,-39948.533694061916,33331.45454141086,-3.461310290315283,2.8065960463293687,5.5375054238489725e7,5.104996829686825e7,-4.325085941621475e6,3.241718321752391e6,-7.810531296265932,17.117788423354423,0.5667
350.0,4.0627484369177775,4.0668874171741765,0.004138980256398916,0.002684099368845545,0.1018763608100474,0.06590568279918213,29240.452964535194,29239.857711334935,29334.559509647628,29342.61293810626,-0.5952532002593216,0.4932244175006447,-0.0020357181230444177,0.001688253410308909,1.144518421278151e6,1.11120982886267e6,-33308.592415480874,33331.45454141086,-2.910271411646063,2.8065960463293687,5.5920584354676746e7,5.2829168850580364e7,-3.0914155040963814e6,3.241718321752391e6,-5.528224605968089,17.117788423354423,1.6394
351.0,4.091909816927513,4.094044224679166,0.002134407751652745,0.002684099368845545,0.05216165182387633,0.06590568279918213,29225.919284809253,29225.316922629867,29320.435333576832,29328.476639887638,-0.6023621793865459,0.4932244175006447,-0.0020610546875069057,0.001688253410308909,1.440231950489799e6,1.409879898677322e6,-30352.051812476944,33331.45454141086,-2.107441916016008,2.8065960463293687,5.875844742352761e7,5.7155769898329504e7,-1.6026775251981094e6,3.241718321752391e6,-2.7275695588858895,17.117788423354423,0.78484
352.0,4.019718071624038,4.026136246132138,0.006418174508099561,0.002684099368845545,0.15966727998679028,0.06590568279918213,29216.252983652357,29215.645643033866,29311.007922338817,29319.062707574005,-0.6073406184914347,0.4932244175006447,-0.0020787765591681645,0.001688253410308909,1.615843116125885e6,1.5883059512789105e6,-27537.164846974425,33331.45454141086,-1.7041979244245578,2.8065960463293687,6.141652612440867e7,6.094658202251546e7,-469944.1018932089,3.241718321752391e6,-0.76517532258543,17.117788423354423,3.174
353.0,4.058191118489145,4.061472075137197,0.003280956648052502,0.002684099368845545,0.08084776079432146,0.06590568279918213,29198.46884156676,29197.848333421538,29294.7361142031,29302.862693951305,-0.6205081452208105,0.4932244175006447,-0.002125139330379746,0.001688253410308909,1.995593567834951e6,1.972637241788613e6,-22956.326046338072,33331.45454141086,-1.150350773641936,2.8065960463293687,6.5783127215336755e7,6.6742730465330996e7,959603.2499942407,3.241718321752391e6,1.4587376590550984,17.117788423354423,1.6874
354.0,4.020150346608954,4.025655569076919,0.005505222467965254,0.002684099368845545,0.13694071100124341,0.06590568279918213,29180.612944220124,29179.980595206518,29278.18572307089,29286.41380259354,-0.6323490136055625,0.4932244175006447,-0.0021670175839497347,0.001688253410308909,2.349281454210912e6,2.3309825888136807e6,-18298.865397231188,33331.45454141086,-0.7789132870577017,2.8065960463293687,7.080299167376399e7,7.319513453489086e7,2.39214286112687e6,3.241718321752391e6,3.378590091431514,17.117788423354423,3.0325
355.0,4.076198207481266,4.077863579225462,0.0016653717441963423,0.002684099368845545,0.04085600501810231,0.06590568279918213,29168.919100705374,29168.276245684185,29267.24443599584,29275.72981980693,-0.6428550211894617,0.4932244175006447,-0.0022039041589783006,0.001688253410308909,2.545157723284832e6,2.5346756237661387e6,-10482.099518693518,33331.45454141086,-0.41184479149547976,2.8065960463293687,7.49941192528829e7,7.839104359017546e7,3.396924337292567e6,3.241718321752391e6,4.529587614514165,17.117788423354423,1.0654
356.0,4.046123147526064,4.049522787355751,0.00339963982968694,0.002684099368845545,0.08402215418889547,0.06590568279918213,29163.215076908175,29162.566121603504,29261.873630821876,29270.594408324694,-0.6489553046703804,0.4932244175006447,-0.002225252952937387,0.001688253410308909,2.6022532068160935e6,2.597880058564743e6,-4373.148251350503,33331.45454141086,-0.1680523724553743,2.8065960463293687,7.782891865605864e7,8.167648183005987e7,3.847563174001232e6,3.241718321752391e6,4.943616383781937,17.117788423354423,1.9606
357.0,4.118251036299788,4.117989672705742,-0.00026136359404560494,0.002684099368845545,-0.006346470667811398,0.06590568279918213,29164.16928911841,29163.52253278674,29262.276329641594,29271.172733802432,-0.6467563316691667,0.4932244175006447,-0.0022176401640573427,0.001688253410308909,2.4947649055107576e6,2.4935272637523124e6,-1237.6417584451847,33331.45454141086,-0.0496095546202098,2.8065960463293687,7.887793003269097e7,8.254253141420965e7,3.664601381518677e6,3.241718321752391e6,4.6459147444663955,17.117788423354423,-0.023889
358.0,4.083335701890453,4.084982981404317,0.0016472795138637863,0.002684099368845545,0.040341515714741476,0.06590568279918213,29169.50193373354,29168.8576008091,29267.20704366737,29276.225145903078,-0.6443329244393681,0.4932244175006447,-0.0022089267273165845,0.001688253410308909,2.318068081809034e6,2.318696380617643e6,628.2988086086698,33331.45454141086,0.027104415678694895,2.8065960463293687,7.83405816993742e7,8.133804797809654e7,2.997466278722346e6,3.241718321752391e6,3.826198649155921,17.117788423354423,0.83956
359.0,4.083997076490502,4.085914916508706,0.0019178400182040534,0.002684099368845545,0.046959877352608426,0.06590568279918213,29178.5349732539,29177.89699821278,29275.467539601494,29284.518142576977,-0.6379750411215355,0.4932244175006447,-0.002186453301052731,0.001688253410308909,2.0650673711162235e6,2.0650974836338414e6,30.11251761787571,33331.45454141086,0.0014581857250303217,2.8065960463293687,7.63574914302142e7,7.831743424695133e7,1.9599428167371303e6,3.241718321752391e6,2.5667983324575183,17.117788423354423,0.83676
360.0,4.144446825801957,4.143469533345193,-0.0009772924567634789,0.002684099368845545,-0.023580769589784067,0.06590568279918213,29176.627648803093,29175.992586646942,29273.3798613841,29282.44091426202,-0.635062156150525,0.4932244175006447,-0.0021766126085396883,0.001688253410308909,2.0639842672820324e6,2.0631894165136053e6,-794.8507684271317,33331.45454141086,-0.03851050519265027,2.8065960463293687,7.584946681932853e7,7.733158607198025e7,1.4821192526517212e6,3.241718321752391e6,1.954027252666246,17.117788423354423,-0.63943
361.0,4.133167624030225,4.133017440432094,-0.00015018359813101512,0.002684099368845545,-0.003633619823639576,0.06590568279918213,29186.426377078707,29185.795860077007,29282.748893324268,29291.787831270824,-0.6305170017003547,0.4932244175006447,-0.0021603090202078506,0.001688253410308909,1.8199952278832016e6,1.8179740458001832e6,-2021.182083018357,33331.45454141086,-0.11105425179433859,2.8065960463293687,7.334806678799397e7,7.391070417545596e7,562637.3874619901,3.241718321752391e6,0.7670786867338211,17.117788423354423,-0.34073
362.0,4.105155359788072,4.1066236399893326,0.0014682802012604412,0.002684099368845545,0.03576673895567843,0.06590568279918213,29199.737267725854,29199.111595322374,29295.546839388957,29304.54558840673,-0.6256724034792569,0.4932244175006447,-0.002142732990172503,0.001688253410308909,1.5161275952778324e6,1.5127703401640647e6,-3357.255113767693,33331.45454141086,-0.22143618546514693,2.8065960463293687,6.950829085932133e7,6.88802121836112e7,-628078.6757101268,3.241718321752391e6,-0.9036025313603276,17.117788423354423,0.35759
363.0,4.115052328808967,4.116053625816447,0.001001297007479529,0.002684099368845545,0.024332546161553618,0.06590568279918213,29200.712178772796,29200.08950493096,29296.32543709827,29305.25309437514,-0.6226738418372406,0.4932244175006447,-0.0021323926554431367,0.001688253410308909,1.48065345763447e6,1.4753425776562982e6,-5310.879978171783,33331.45454141086,-0.3586848732759238,2.8065960463293687,6.75110489413144e7,6.636973870564541e7,-1.141310235668987e6,3.241718321752391e6,-1.6905532554546716,17.117788423354423,0.13671
364.0,4.059319458251375,4.0631132945313615,0.003793836279986529,0.002684099368845545,0.09345990920411058,0.06590568279918213,29199.75098063244,29199.130435796254,29295.238412190218,29304.08793764056,-0.6205448361870367,0.4932244175006447,-0.0021251716721784053,0.001688253410308909,1.4823749217539737e6,1.4752727814696894e6,-7102.140284284251,33331.45454141086,-0.47910553396848254,2.8065960463293687,6.637871606886441e7,6.512891153206808e7,-1.2498045367963314e6,3.241718321752391e6,-1.8828392756191987,17.117788423354423,1.6315
365.0,4.0520573340269435,4.056054168973619,0.003996834946675243,0.002684099368845545,0.09863717655503111,0.06590568279918213,29191.26538361042,29190.6436861124,29287.16363719195,29295.941972961893,-0.6216974980197847,0.4932244175006447,-0.002129738090657899,0.001688253410308909,1.6498793582406316e6,1.641411027840773e6,-8468.330399858532,33331.45454141086,-0.5132696737832296,2.8065960463293687,6.709361111499799e7,6.637346589756691e7,-720145.2174310833,3.241718321752391e6,-1.0733439525214394,17.117788423354423,1.8602
366.0,4.1139812503011495,4.114321092599304,0.00033984229815420264,0.002684099368845545,0.00826066716102135,0.06590568279918213,29174.978193543142,29174.351630649166,29271.792638554558,29280.53487281891,-0.6265628939763701,0.4932244175006447,-0.0021476036411058495,0.001688253410308909,1.979215124682968e6,1.9704988181930953e6,-8716.306489872746,33331.45454141086,-0.4403920716434971,2.8065960463293687,7.005136270174666e7,7.052692827875862e7,475565.57701195776,3.241718321752391e6,0.6788812646468333,17.117788423354423,0.14178
367.0,4.057635673791285,4.060938972328948,0.0033032985376628687,0.002684099368845545,0.08140944143899456,0.06590568279918213,29176.052022147924,29175.424598308302,29272.79680561708,29281.571507447137,-0.6274238396217697,0.4932244175006447,-0.0021504754623603087,0.001688253410308909,1.9096644613222936e6,1.9024443468422904e6,-7220.114480003249,33331.45454141086,-0.3780828845190889,2.8065960463293687,7.052367300041296e7,7.135692658320142e7,833253.5827884674,3.241718321752391e6,1.1815232351604663,17.117788423354423,1.6434
368.0,4.032235786029722,4.037237423417962,0.005001637388239999,0.002684099368845545,0.12404129256451005,0.06590568279918213,29175.899318549655,29175.27095243222,29272.580694133194,29281.416202428598,-0.6283661174347799,0.4932244175006447,-0.002153716362173189,0.001688253410308909,1.8722278226761194e6,1.8668867093272367e6,-5341.113348882645,33331.45454141086,-0.2852811652616176,2.8065960463293687,7.061938078497419e7,7.155162033886959e7,932239.553895399,3.241718321752391e6,1.3200902408560247,17.117788423354423,2.5283
369.0,4.042177105701023,4.04606889123404,0.003891785533017611,0.002684099368845545,0.09627944128248854,0.06590568279918213,29157.80445237734,29157.16792638495,29255.80369589105,29264.71155876007,-0.6365259923877602,0.4932244175006447,-0.0021830381413915473,0.001688253410308909,2.245881442141419e6,2.242575505601407e6,-3305.936540011782,33331.45454141086,-0.14719995802002864,2.8065960463293687,7.402148988119735e7,7.59560547550664e7,1.9345648738690466e6,3.241718321752391e6,2.6135178810558597,17.117788423354423,2.1238
370.0,4.046783950587305,4.050098938092147,0.0033149875048419375,0.002684099368845545,0.08191659217094693,0.06590568279918213,29143.900500870266,29143.25575914548,29242.997628409412,29252.024161084224,-0.6447417247873091,0.4932244175006447,-0.0022122698530625865,0.001688253410308909,2.506931521252107e6,2.506899997916249e6,-31.523335857782513,33331.45454141086,-0.00125744702599766,2.8065960463293687,7.767185050642402e7,8.064486772935478e7,2.973017222930759e6,3.241718321752391e6,3.8276636948219345,17.117788423354423,1.9253
371.0,4.059280319477973,4.061774826853583,0.0024945073756095226,0.002684099368845545,0.061451961413946356,0.06590568279918213,29137.998720939016,29137.349172002196,29237.382265157456,29246.57110216493,-0.6495489368207927,0.4932244175006447,-0.0022292160248947256,0.001688253410308909,2.567396868592386e6,2.571495961657058e6,4099.093064671848,33331.45454141086,0.15965950238613624,2.8065960463293687,8.00557405909433e7,8.359842344487126e7,3.542682853927955e6,3.241718321752391e6,4.425270227690253,17.117788423354423,1.4972
372.0,4.04477669934874,4.04822801992563,0.0034513205768895716,0.002684099368845545,0.08532783966653283,0.06590568279918213,29136.048139239414,29135.396980606267,29235.396826973447,29244.72560739025,-0.6511586331471335,0.4932244175006447,-0.002234890023641112,0.001688253410308909,2.5391994151482144e6,2.5461786335633243e6,6979.218415109906,33331.45454141086,0.274859011603172,2.8065960463293687,8.132593299833484e7,8.499325521473452e7,3.6673222163996845e6,3.241718321752391e6,4.509413026315694,17.117788423354423,1.9517
373.0,4.043826482525094,4.047342707877095,0.0035162253520013564,0.002684099368845545,0.0869529236033321,0.06590568279918213,29132.16054516474,29131.50767225262,29231.69780228929,29241.15078831707,-0.652872912120074,0.4932244175006447,-0.0022410727522522724,0.001688253410308909,2.5632981013813834e6,2.5723601401618207e6,9062.038780437317,33331.45454141086,0.3535304292369938,2.8065960463293687,8.254186919093092e7,8.625324422867349e7,3.71137503774257e6,3.241718321752391e6,4.496354485452273,17.117788423354423,1.9695
374.0,4.097800429866341,4.0982622889212745,0.0004618590549334556,0.002684099368845545,0.011270901617542173,0.06590568279918213,29124.750137925068,29124.093712415815,29224.833769919365,29234.41583814227,-0.6564255092525855,0.4932244175006447,-0.0022538408265958473,0.001688253410308909,2.6714974296765025e6,2.6826973761375877e6,11199.94646108523,33331.45454141086,0.4192385265533067,2.8065960463293687,8.433024525248708e7,8.825142106336576e7,3.921175810878679e6,3.241718321752391e6,4.649785849831897,17.117788423354423,0.41043
375.0,4.0191032550094326,4.024507361255349,0.0054041062459164735,0.002684099368845545,0.134460497853116,0.06590568279918213,29129.817711401396,29129.16368406513,29229.559966063087,29239.190513416164,-0.6540273362661537,0.4932244175006447,-0.0022452160282835126,0.001688253410308909,2.4944579529970367e6,2.5057606687467475e6,11302.715749710798,33331.45454141086,0.45311309962674784,2.8065960463293687,8.380473156808177e7,8.726941658877534e7,3.4646850206935704e6,3.241718321752391e6,4.134235568643174,17.117788423354423,2.8783
376.0,4.071061173059395,4.073031913462774,0.001970740403379523,0.002684099368845545,0.04840851855582694,0.06590568279918213,29123.887498219265,29123.229179560938,29224.416542278588,29234.163862153113,-0.658318658326607,0.4932244175006447,-0.0022604079155533713,0.001688253410308909,2.592151865611733e6,2.6052618309351895e6,13109.965323456563,33331.45454141086,0.5057560668947414,2.8065960463293687,8.467745762173547e7,8.812638404852386e7,3.4489264267883897e6,3.241718321752391e6,4.073016034793067,17.117788423354423,1.1003
377.0,4.070473875491023,4.072339409614577,0.001865534123554724,0.002684099368845545,0.04583088310153284,0.06590568279918213,29114.923252951587,29114.260869200712,29216.193802191778,29226.036149893313,-0.6623837508741417,0.4932244175006447,-0.002275066106543802,0.001688253410308909,2.7406194604500234e6,2.7549953049821896e6,14375.844532166142,33331.45454141086,0.5245472689523104,2.8065960463293687,8.645434307771859e7,9.019782182031359e7,3.743478742595002e6,3.241718321752391e6,4.33000657841999,17.117788423354423,1.1003
378.0,4.02879276622988,4.033514990570262,0.004722224340381942,0.002684099368845545,0.11721189483769281,0.06590568279918213,29121.196748229057,29120.53933910488,29221.688209454547,29231.51904076745,-0.6574091241782298,0.4932244175006447,-0.0022574935015959078,0.001688253410308909,2.52031283673526e6,2.533470781593556e6,13157.944858295843,33331.45454141086,0.5220758576677433,2.8065960463293687,8.557108441560154e7,8.885404396828336e7,3.2829595526818186e6,3.241718321752391e6,3.836529097536201,17.117788423354423,2.4667
379.0,4.040202349545564,4.043987619326833,0.0037852697812690295,0.002684099368845545,0.09369010395468907,0.06590568279918213,29112.730282571865,29112.06913490456,29213.94247773004,29223.859342904656,-0.6611476673060679,0.4932244175006447,-0.0022709916276793156,0.001688253410308909,2.6658055242707273e6,2.6800860754021704e6,14280.55113144312,33331.45454141086,0.5356936581242094,2.8065960463293687,8.676227505654332e7,9.020838026121442e7,3.4461052046711e6,3.241718321752391e6,3.9718935475415544,17.117788423354423,2.0372
380.0,4.052866578360848,4.0556433582142315,0.0027767798533835375,0.002684099368845545,0.06851397152349845,0.06590568279918213,29100.84721756275,29100.180367129065,29203.07414074409,29213.088255539507,-0.6668504336848855,0.4932244175006447,-0.002291515531143823,0.001688253410308909,2.8806245306978496e6,2.8963433905763524e6,15718.859878502786,33331.45454141086,0.54567541555632,2.8065960463293687,8.915989769995764e7,9.315489216321075e7,3.9949944632531106e6,3.241718321752391e6,4.480707769200378,17.117788423354423,1.5935
381.0,4.045122067911988,4.048430133265466,0.0033080653534778293,0.002684099368845545,0.08177912305092407,0.06590568279918213,29098.959337199452,29098.291570525747,29201.20385464029,29211.28048551641,-0.6677666737050458,0.4932244175006447,-0.00229481290367449,0.001688253410308909,2.8476118274273654e6,2.864210397261622e6,16598.569834256545,33331.45454141086,0.5828943985406988,2.8065960463293687,9.008807611240916e7,9.421464800690463e7,4.1265718944954723e6,3.241718321752391e6,4.580597202837878,17.117788423354423,1.8329
382.0,4.118654029910763,4.118156798328509,-0.0004972315822540097,0.002684099368845545,-0.012072671767110842,0.06590568279918213,29096.829716757817,29096.160898504095,29199.154567269874,29209.304319120212,-0.6688182537218381,0.4932244175006447,-0.002298594933648884,0.001688253410308909,2.827253692594188e6,2.844839311110968e6,17585.61851677997,33331.45454141086,0.6220035564139287,2.8065960463293687,9.06804616197949e7,9.480730026709534e7,4.126838647300437e6,3.241718321752391e6,4.550967842007078,17.117788423354423,-0.15832
383.0,4.045666198494858,4.049302141140513,0.0036359426456549215,0.002684099368845545,0.08987253192088934,0.06590568279918213,29106.208877926423,29105.543496821072,29208.11522465452,29218.26904888841,-0.6653811053511163,0.4932244175006447,-0.002286045249457851,0.001688253410308909,2.5639890820967746e6,2.580687123950661e6,16698.041853886563,33331.45454141086,0.6512524554211935,2.8065960463293687,8.880626523461191e7,9.217803870147644e7,3.3717734668645263e6,3.241718321752391e6,3.7967743131150056,17.117788423354423,1.8201
384.0,4.094479637419901,4.095598127327355,0.0011184899074541121,0.002684099368845545,0.027317022100491348,0.06590568279918213,29109.760622392918,29109.09792578017,29211.550333729057,29221.680175934136,-0.6626966127478227,0.4932244175006447,-0.0022765443568712757,0.001688253410308909,2.442928513103319e6,2.4579163085378977e6,14987.795434578788,33331.45454141086,0.6135175611643003,2.8065960463293687,8.719210477723858e7,8.989411017382097e7,2.702005396582395e6,3.241718321752391e6,3.0989106221091602,17.117788423354423,0.44887
385.0,4.11986488833392,4.119766868495484,-9.801983843615858e-5,0.002684099368845545,-0.0023792003158578817,0.06590568279918213,29107.31160860057,29106.650152217884,29209.193611416238,29219.283845615777,-0.6614563826842641,0.4932244175006447,-0.0022724750110168826,0.001688253410308909,2.452025983590712e6,2.465183130735055e6,13157.147144343238,33331.45454141086,0.536582696610584,2.8065960463293687,8.665079182143143e7,8.906029283606517e7,2.409501014633745e6,3.241718321752391e6,2.7807028233500812,17.117788423354423,-0.16389
386.0,4.054841931116937,4.0584029716522325,0.00356104053529549,0.002684099368845545,0.08782193229205791,0.06590568279918213,29120.087495764314,29119.431517121095,29221.301858802857,29231.306084155076,-0.6559786432189867,0.4932244175006447,-0.002252667143649217,0.001688253410308909,2.1289131460875906e6,2.139604669476276e6,10691.523388685193,33331.45454141086,0.5022057103801315,2.8065960463293687,8.340554589239836e7,8.480953001779175e7,1.4039841253933907e6,3.241718321752391e6,1.683322266369041,17.117788423354423,1.5661
387.0,4.05491381923709,4.058429473049997,0.0035156538129070825,0.002684099368845545,0.0867010735524962,0.06590568279918213,29118.558115225984,29117.903330477642,29219.944413583104,29229.875273286594,-0.6547847483416263,0.4932244175006447,-0.0022486853426964223,0.001688253410308909,2.1377368243759214e6,2.146135714310917e6,8398.889934995677,33331.45454141086,0.39288699334856625,2.8065960463293687,8.212237946394698e7,8.316686629716119e7,1.0444868332142085e6,3.241718321752391e6,1.2718662562289182,17.117788423354423,1.5739
388.0,4.114215460682752,4.114415421476545,0.00019996079379325238,0.002684099368845545,0.004860241173661551,0.06590568279918213,29106.509301718695,29105.852681692722,29208.549344689083,29218.407247561565,-0.6566200259730977,0.4932244175006447,-0.0022559215849848584,0.001688253410308909,2.3672029174598367e6,2.3734760310282963e6,6273.1135684596375,33331.45454141086,0.2650010914649893,2.8065960463293687,8.340684100040068e7,8.493302310743563e7,1.5261821070349514e6,3.241718321752391e6,1.8298044725463463,17.117788423354423,-0.0085663
389.0,4.096545190423372,4.097727378166924,0.0011821877435522765,0.002684099368845545,0.028858164345798396,0.06590568279918213,29111.36885712707,29110.713635849534,29213.218885009897,29223.028702281692,-0.6552212775350199,0.4932244175006447,-0.0022507401859071566,0.001688253410308909,2.2155299959287625e6,2.2209145478182985e6,5384.551889535971,33331.45454141086,0.24303674061874916,2.8065960463293687,8.231016692770293e7,8.366738370123418e7,1.3572167735312432e6,3.241718321752391e6,1.648905383369412,17.117788423354423,0.42601
390.0,4.029724379605444,4.03499483207516,0.005270452469716247,0.002684099368845545,0.1307894032750767,0.06590568279918213,29120.70661624854,29120.05427954184,29222.061531577117,29231.832167953355,-0.6523367066984065,0.4932244175006447,-0.002240112904178022,0.001688253410308909,1.9737876137797015e6,1.978520605856607e6,4732.992076905444,33331.45454141086,0.23979236893892594,2.8065960463293687,7.973778372767319e7,8.045849326019531e7,720709.532522127,3.241718321752391e6,0.9038494661245557,17.117788423354423,2.4615
391.0,4.087529446976835,4.089072861393027,0.0015434144161918795,0.002684099368845545,0.03775910207407556,0.06590568279918213,29107.98825936798,29107.331717657766,29210.370305125114,29220.093814486885,-0.6565417102137872,0.4932244175006447,-0.0022555379106369154,0.001688253410308909,2.239114182543369e6,2.2425644254502826e6,3450.242906913627,33331.45454141086,0.154089636598816,2.8065960463293687,8.091982134649447e7,8.21077917995247e7,1.1879704530302286e6,3.241718321752391e6,1.4680833858287958,17.117788423354423,0.66037
392.0,4.087289198557567,4.088687093871408,0.0013978953138407135,0.002684099368845545,0.03420103755648219,0.06590568279918213,29100.29840518858,29099.639111779627,29203.280772565646,29212.968698345812,-0.65929340895309,0.4932244175006447,-0.002265589856753971,0.001688253410308909,2.369460155709691e6,2.372199340562124e6,2739.1848524329253,33331.45454141086,0.1156037524341698,2.8065960463293687,8.225633376939917e7,8.398797053076394e7,1.731636761364773e6,3.241718321752391e6,2.1051713369809497,17.117788423354423,0.65518
393.0,4.0415942054739205,4.045804148407708,0.004209942933787403,0.002684099368845545,0.1041654040399571,0.06590568279918213,29107.755242283398,29107.098570852817,29210.07520145891,29219.75599544486,-0.6566714305809,0.4932244175006447,-0.002256001622643116,0.001688253410308909,2.145007958807471e6,2.1480769438911914e6,3068.985083720181,33331.45454141086,0.14307569681123233,2.8065960463293687,8.089244691340694e7,8.233813258941936e7,1.4456856760124266e6,3.241718321752391e6,1.7871701638102158,17.117788423354423,2.0145
394.0,4.0476130162055615,4.0512795115775955,0.0036664953720340066,0.002684099368845545,0.09058413828976086,0.06590568279918213,29100.56217445035,29099.90264725512,29203.40372285783,29213.088719290467,-0.6595271952319308,0.4932244175006447,-0.0022663726950642245,0.001688253410308909,2.2708724875012324e6,2.2741100043574898e6,3237.516856257338,33331.45454141086,0.1425670914627073,2.8065960463293687,8.158927564419305e7,8.329782430796392e7,1.7085486637708694e6,3.241718321752391e6,2.094084854021463,17.117788423354423,1.8031
395.0,4.069124081764789,4.071282147957408,0.002158066192619046,0.002684099368845545,0.05303515324809381,0.06590568279918213,29088.452451921123,29087.788075898647,29192.17366652482,29201.867316505006,-0.6643760224760626,0.4932244175006447,-0.00228398545290155,0.001688253410308909,2.4985937097699014e6,2.502075246641822e6,3481.5368719208054,33331.45454141086,0.1393398557879754,2.8065960463293687,8.379663627423391e7,8.620046585512759e7,2.4038295808936805e6,3.241718321752391e6,2.868646866715363,17.117788423354423,1.1263
396.0,4.068859474227512,4.071064414944775,0.002204940717263071,0.002684099368845545,0.054190633302264306,0.06590568279918213,29087.129760675354,29086.464259632692,29190.86734706795,29200.589921636016,-0.665501042662072,0.4932244175006447,-0.002287957072896904,0.001688253410308909,2.4672553508375864e6,2.471664350225746e6,4408.999388159718,33331.45454141086,0.17870057052112368,2.8065960463293687,8.449320107771842e7,8.712732735989457e7,2.634126282176152e6,3.241718321752391e6,3.1175600504864684,17.117788423354423,1.1263
397.0,4.01536131671598,4.021167618795855,0.005806302079874648,0.002684099368845545,0.14460223182663456,0.06590568279918213,29089.058986215518,29088.394020642165,29192.577341413205,29202.33154919087,-0.6649655733526743,0.4932244175006447,-0.0022859645396840875,0.001688253410308909,2.367356002200428e6,2.3725139417091147e6,5157.9395086867735,33331.45454141086,0.21787764509826713,2.8065960463293687,8.417955541048595e7,8.66818853278653e7,2.5023299173793495e6,3.241718321752391e6,2.9726100419243164,17.117788423354423,2.9716
398.0,4.084378125058636,4.085595591378999,0.0012174663203623481,0.002684099368845545,0.02980787486087297,0.06590568279918213,29075.528754321345,29074.855159136467,29180.474357091356,29190.320854518577,-0.6735951848786499,0.4932244175006447,-0.0023167082895389716,0.001688253410308909,2.645199570188398e6,2.6524801831724863e6,7280.6129840882495,33331.45454141086,0.27523870282383667,2.8065960463293687,8.650960482794875e7,8.963207917988047e7,3.122474351931721e6,3.241718321752391e6,3.6093961568102553,17.117788423354423,0.68939
399.0,4.059080035681269,4.061608974328164,0.0025289386468942965,0.002684099368845545,0.062303246663374647,0.06590568279918213,29070.543776998144,29069.865872788967,29176.144262398597,29186.055749740513,-0.6779042091766314,0.4932244175006447,-0.002331928203259198,0.001688253410308909,2.707233151622237e6,2.7158950280709174e6,8661.876448680181,33331.45454141086,0.3199531020625166,2.8065960463293687,8.796105380471553e7,9.14406130591415e7,3.4795592544259727e6,3.241718321752391e6,3.955795325225442,17.117788423354423,1.3775
400.0,4.0841797783403315,4.085612215168291,0.0014324368279599042,0.002684099368845545,0.035072815245708815,0.06590568279918213,29076.91432858299,29076.24009117337,29181.783611975403,29191.71376740739,-0.6742374096174899,0.4932244175006447,-0.0023188066037485473,0.001688253410308909,2.488871077345162e6,2.4976053526309547e6,8734.275285792537,33331.45454141086,0.3509332148738393,2.8065960463293687,8.703845691906792e7,9.013389229328778e7,3.0954353742198646e6,3.241718321752391e6,3.5563996465357066,17.117788423354423,0.68671
401.0,4.051996071010867,4.055285198664258,0.003289127653390622,0.002684099368845545,0.0811730217835594,0.06590568279918213,29078.359259750614,29077.68650882915,29183.04722332841,29192.990226261965,-0.6727509214651946,0.4932244175006447,-0.002313579371709586,0.001688253410308909,2.40465175489484e6,2.4131363524000524e6,8484.597505212296,33331.45454141086,0.3528410085968287,2.8065960463293687,8.626358763816166e7,8.897765426252204e7,2.7140666243603826e6,3.241718321752391e6,3.146248259166678,17.117788423354423,1.6054
402.0,4.044636419640605,4.048402484276284,0.0037660646356796335,0.002684099368845545,0.09311256303265636,0.06590568279918213,29076.93270249334,29076.260805117552,29181.713953302355,29191.640073367835,-0.6718973757888307,0.4932244175006447,-0.0023107574057535155,0.001688253410308909,2.391520928058687e6,2.3989222251587384e6,7401.297100051306,33331.45454141086,0.30948075817422577,2.8065960463293687,8.59217771849477e7,8.840067137295651e7,2.478894188008815e6,3.241718321752391e6,2.885059258810446,17.117788423354423,1.8458
403.0,4.058532576446569,4.0612679280040735,0.002735351557504373,0.002684099368845545,0.06739755086305846,0.06590568279918213,29067.50838351612,29066.833481938873,29172.98221639508,29182.917470219592,-0.6749015772475104,0.4932244175006447,-0.002321841859793666,0.001688253410308909,2.5589589209006936e6,2.5660824024085165e6,7123.481507822871,33331.45454141086,0.27837420326058115,2.8065960463293687,8.725271237325095e7,9.004863511415434e7,2.7959227409033924e6,3.241718321752391e6,3.2043963618494202,17.117788423354423,1.3922
404.0,4.11119105181044,4.11121555103749,2.4499227049723515e-5,0.002684099368845545,0.0005959155568538908,0.06590568279918213,29063.301725694513,29062.625134149836,29169.08063014942,29179.031549895244,-0.6765915446776489,0.4932244175006447,-0.0023279927073099286,0.001688253410308909,2.597963854731056e6,2.605254732266966e6,7290.87753590988,33331.45454141086,0.2806381436998337,2.8065960463293687,8.813285189316556e7,9.115177487223569e7,3.018922979070127e6,3.241718321752391e6,3.42542299973415,17.117788423354423,0.0053429
405.0,4.0376668167093515,4.041938379895645,0.004271563186293292,0.002684099368845545,0.10579285959445668,0.06590568279918213,29072.407194660573,29071.733288163774,29177.729488894027,29187.67911787094,-0.673906496798736,0.4932244175006447,-0.0023180278546817597,0.001688253410308909,2.3444186972149704e6,2.3515440713602756e6,7125.37414530525,33331.45454141086,0.30392924923221987,2.8065960463293687,8.635264762408124e7,8.880033322214346e7,2.4476855980622172e6,3.241718321752391e6,2.8345229305738497,17.117788423354423,2.074
406.0,4.03077151993916,4.035509905742334,0.004738385803173983,0.002684099368845545,0.11755530621704663,0.06590568279918213,29070.907533417085,29070.232840549223,29176.569219580022,29186.517961957485,-0.6746928678621771,0.4932244175006447,-0.002320852443586826,0.001688253410308909,2.347029478338388e6,2.3536650731053106e6,6635.594766922761,33331.45454141086,0.2827231114123255,2.8065960463293687,8.57677622064805e7,8.7976366711499e7,2.2086045050185025e6,3.241718321752391e6,2.5750986713416,17.117788423354423,2.3266
407.0,4.049798125818432,4.052906141548312,0.0031080157298797317,0.002684099368845545,0.07674495452169301,0.06590568279918213,29053.66813184129,29052.98670348596,29160.68624998889,29170.656233637175,-0.681428355328535,0.4932244175006447,-0.0023454124699033283,0.001688253410308909,2.6971543790543485e6,2.703846137269835e6,6691.758215486538,33331.45454141086,0.2481043824355631,2.8065960463293687,8.850661432135452e7,9.149302649718924e7,2.9864121758347154e6,3.241718321752391e6,3.374224851705988,17.117788423354423,1.6454
408.0,4.016390473468717,4.0216943062188015,0.005303832750084503,0.002684099368845545,0.13205470895124144,0.06590568279918213,29046.997692074892,29046.312487770712,29154.525715475116,29164.53628172511,-0.6852043041799334,0.4932244175006447,-0.002358950523712414,0.001688253410308909,2.784351217023487e6,2.7920804037853214e6,7729.186761834193,33331.45454141086,0.27759381483837403,2.8065960463293687,9.031685745604861e7,9.384629924444608e7,3.529441788397476e6,3.241718321752391e6,3.9078438818744643,17.117788423354423,2.8354
409.0,4.089475504832206,4.090180530026285,0.000705025194079667,0.002684099368845545,0.017239990635635187,0.06590568279918213,29037.339180029205,29036.645359414513,29145.856481585324,29156.01130736796,-0.6938206146915036,0.4932244175006447,-0.0023894083765384653,0.001688253410308909,2.9489100564127467e6,2.9604891191281904e6,11579.062715443783,33331.45454141086,0.3926556759594539,2.8065960463293687,9.265946351162972e7,9.686079287918872e7,4.201329367559001e6,3.241718321752391e6,4.534161118935996,17.117788423354423,0.49679
410.0,4.063123200987819,4.065316372034665,0.0021931710468452437,0.002684099368845545,0.05397746852254059,0.06590568279918213,29038.021481424756,29037.325102509032,29146.75283192027,29156.99517410559,-0.6963789157234714,0.4932244175006447,-0.0023981624098216745,0.001688253410308909,2.872294185992508e6,2.885712755709742e6,13418.569717234,33331.45454141086,0.4671725404268531,2.8065960463293687,9.315742572579952e7,9.741357285252798e7,4.25614712672846e6,3.241718321752391e6,4.568768505106663,17.117788423354423,1.1966
411.0,4.080758378225062,4.082346245246013,0.0015878670209508172,0.002684099368845545,0.03891107666221259,0.06590568279918213,29047.422982307824,29046.73242571335,29155.256382788328,29165.48912813001,-0.6905565944725822,0.4932244175006447,-0.0023773420275292087,0.001688253410308909,2.5864572111786357e6,2.598767552228228e6,12310.341049592476,33331.45454141086,0.47595378714897485,2.8065960463293687,9.135311785245109e7,9.491238673399359e7,3.559268881542504e6,3.241718321752391e6,3.896165741481592,17.117788423354423,0.72483
412.0,4.072421237785322,4.074545911272188,0.0021246734868656247,0.002684099368845545,0.05217224257530569,0.06590568279918213,29049.267697265794,29048.57976416943,29156.8739911752,29167.09102968889,-0.6879330963638495,0.4932244175006447,-0.0023681598570162916,0.001688253410308909,2.4937537989399354e6,2.504823895420687e6,11070.09648075141,33331.45454141086,0.44391296708829775,2.8065960463293687,9.013017216902192e7,9.313501648589237e7,3.004844316870451e6,3.241718321752391e6,3.333893905401001,17.117788423354423,0.95438
413.0,4.072855185810911,4.075074801323626,0.0022196155127147676,0.002684099368845545,0.05449777641118952,0.06590568279918213,29051.883877596047,29051.19903323373,29159.287838396544,29169.448328792456,-0.6848443623166531,0.4932244175006447,-0.0023573148137384123,0.001688253410308909,2.3897288254879913e6,2.398697110693741e6,8968.285205749795,33331.45454141086,0.3752846394158734,2.8065960463293687,8.872914706301114e7,9.117394519369814e7,2.4447981306869984e6,3.241718321752391e6,2.7553495233655534,17.117788423354423,0.9513
414.0,4.016635057932799,4.022435450890091,0.0058003929572922885,0.002684099368845545,0.14440925983147493,0.06590568279918213,29051.530542784418,29050.847259822298,29158.933176153332,29169.039767634098,-0.6832829621198471,0.4932244175006447,-0.0023519688957990385,0.001688253410308909,2.3559346158604356e6,2.3631468437212454e6,7212.2278608097695,33331.45454141086,0.30613022162228876,2.8065960463293687,8.78167800417599e7,8.992496590506366e7,2.1081858633037657e6,3.241718321752391e6,2.400664044276334,17.117788423354423,2.8354
415.0,4.047833875046891,4.051180956119537,0.003347081072646141,0.002684099368845545,0.08268820252924455,0.06590568279918213,29037.979759639424,29037.289932277366,29146.772562880327,29156.87912447425,-0.6898273620572581,0.4932244175006447,-0.0023756038394105693,0.001688253410308909,2.6379172048739647e6,2.6448104719994906e6,6893.2671255259775,33331.45454141086,0.26131476426893113,2.8065960463293687,8.964553715498684e7,9.230877675086588e7,2.663239595879033e6,3.241718321752391e6,2.9708557507716167,17.117788423354423,1.682
416.0,4.032820412107218,4.036872962775526,0.004052550668308008,0.002684099368845545,0.10048924212299552,0.06590568279918213,29025.268253401377,29024.57153892466,29135.236068164384,29145.377325880625,-0.6967144767149875,0.4932244175006447,-0.0024003722226868373,0.001688253410308909,2.876609999359237e6,2.8843526965995e6,7742.697240262758,33331.45454141086,0.26916047854896696,2.8065960463293687,9.227218183736587e7,9.577419496651222e7,3.5020131291463524e6,3.241718321752391e6,3.795307599118896,17.117788423354423,2.1679
417.0,4.1465388078059275,4.14454003614597,-0.0019987716599576544,0.002684099368845545,-0.048203375214888475,0.06590568279918213,29021.287140389042,29020.586890758168,29131.468495627054,29141.68264932271,-0.7002496308741684,0.4932244175006447,-0.0024128827487448967,0.001688253410308909,2.8931528799919356e6,2.9030061928836363e6,9853.31289170077,33331.45454141086,0.34057353000053825,2.8065960463293687,9.367023542173438e7,9.761987760121858e7,3.9496421794842035e6,3.241718321752391e6,4.216539183126431,17.117788423354423,-0.95265
418.0,4.115531555641281,4.115507778774696,-2.377686658494582e-5,0.002684099368845545,-0.0005777350085520342,0.06590568279918213,29035.13233182719,29034.43396976178,29144.963011915286,29155.226625028998,-0.6983620654100378,0.4932244175006447,-0.0024052312124113184,0.001688253410308909,2.54086913546306e6,2.551656890780763e6,10787.75531770289,33331.45454141086,0.4245694973872347,2.8065960463293687,9.125189434875132e7,9.443684151291348e7,3.184947164162159e6,3.241718321752391e6,3.4902805984386025,17.117788423354423,-0.14664
419.0,4.117302645961361,4.117779203577918,0.0004765576165564056,0.002684099368845545,0.01157451024456165,0.06590568279918213,29056.883656054913,29056.19349094663,29165.687028469252,29175.89260407186,-0.6901651082844182,0.4932244175006447,-0.002375220675602632,0.001688253410308909,2.0280404744552774e6,2.0366868839972657e6,8646.40954198828,33331.45454141086,0.4263430464478608,2.8065960463293687,8.591987011232378e7,8.74031109686405e7,1.4832408563167304e6,3.241718321752391e6,1.7263071445262628,17.117788423354423,-0.15257
420.0,4.111981750361834,4.112851477017496,0.0008697266556616512,0.002684099368845545,0.02115103394087582,0.06590568279918213,29063.16799431192,29062.48269109875,29171.57007123532,29181.66004941458,-0.6853032131693908,0.4932244175006447,-0.002357978363898645,0.001688253410308909,1.8697208246278611e6,1.8750703267555076e6,5349.502127646469,33331.45454141086,0.28611234667674007,2.8065960463293687,8.235494794946882e7,8.268557662399438e7,330628.67452555895,3.241718321752391e6,0.40146789325691207,17.117788423354423,0.00062616
421.0,4.0605358920409325,4.0640788044767975,0.00354291243586502,0.002684099368845545,0.0872523363925804,0.06590568279918213,29067.87450358475,29067.193236356907,29176.031734292123,29185.97731904088,-0.681267227842909,0.4932244175006447,-0.0023437118794457875,0.001688253410308909,1.7504377945958716e6,1.7521612932926295e6,1723.4986967579462,33331.45454141086,0.0984610079877677,2.8065960463293687,7.938034008974151e7,7.888119306039034e7,-499147.02935117483,3.241718321752391e6,-0.6288043472563563,17.117788423354423,1.363
422.0,4.039131823755338,4.043780847451382,0.004649023696043919,0.002684099368845545,0.11509957829802993,0.06590568279918213,29061.470228245595,29060.789608478568,29169.905789283548,29179.709629859284,-0.6806197670266556,0.4932244175006447,-0.0023420004620590177,0.001688253410308909,1.8719913272019972e6,1.8704248462726134e6,-1566.4809293837752,33331.45454141086,-0.08367992450718999,2.8065960463293687,7.881984993852739e7,7.83740609586446e7,-445788.97988279164,3.241718321752391e6,-0.5655795846229956,17.117788423354423,2.0601
423.0,4.125374514273844,4.125060562679518,-0.0003139515943262339,0.002684099368845545,-0.007610256795836541,0.06590568279918213,29044.90391984405,29044.219126992823,29154.362277473978,29164.05015019639,-0.684792851228849,0.4932244175006447,-0.0023577039645876915,0.001688253410308909,2.2118554032637086e6,2.207936998313773e6,-3918.404949935619,33331.45454141086,-0.17715466138309977,2.8065960463293687,8.113356450260116e7,8.169797899746338e7,564414.4948622137,3.241718321752391e6,0.6956609121297986,17.117788423354423,-0.31705
424.0,4.014775001121296,4.020818761140542,0.006043760019245781,0.002684099368845545,0.1505379508828715,0.06590568279918213,29047.915875871036,29047.230259836713,29157.468102778017,29167.119174193773,-0.685616034323175,0.4932244175006447,-0.002360293376134049,0.001688253410308909,2.108807463097079e6,2.10492195886253e6,-3885.504234549124,33331.45454141086,-0.18425125586584926,2.8065960463293687,8.076727898691562e7,8.154499709965168e7,777718.1127360612,3.241718321752391e6,0.9629123606628525,17.117788423354423,2.9716
425.0,4.131531624775893,4.130831503144791,-0.0007001216311017799,0.002684099368845545,-0.01694581319197228,0.06590568279918213,29041.18302292691,29040.490228776856,29151.774766406917,29161.462822824105,-0.6927941500543966,0.4932244175006447,-0.0023855576045488987,0.001688253410308909,2.2450556348911203e6,2.243069914973096e6,-1985.7199180242606,33331.45454141086,-0.08844858395326863,2.8065960463293687,8.170094960725741e7,8.299233946411282e7,1.2913898568554074e6,3.241718321752391e6,1.5806301677804422,17.117788423354423,-0.47505
426.0,4.059852712313612,4.062665623067272,0.0028129107536605247,0.002684099368845545,0.06928602964163975,0.06590568279918213,29038.0444850852,29037.347621248275,29149.270881143933,29158.971282796316,-0.6968638369253313,0.4932244175006447,-0.002399830461322081,0.001688253410308909,2.286128762154011e6,2.2849790634712293e6,-1149.6986827817746,33331.45454141086,-0.05029019807696737,2.8065960463293687,8.228131280616839e7,8.389057405441016e7,1.6092612482417673e6,3.241718321752391e6,1.9558040499824472,17.117788423354423,1.3558
427.0,4.155776174260643,4.154037191248043,-0.0017389830125997818,0.002684099368845545,-0.041844963243458745,0.06590568279918213,29046.580049136843,29045.887250191765,29157.00957867793,29166.704722258106,-0.6927989450778114,0.4932244175006447,-0.002385130861897798,0.001688253410308909,2.038306051014076e6,2.0372143745263221e6,-1091.6764877538662,33331.45454141086,-0.0535580261467971,2.8065960463293687,8.052174856159581e7,8.167984912741885e7,1.1581005658230335e6,3.241718321752391e6,1.4382456746293013,17.117788423354423,-1.1047
428.0,4.09593529711573,4.097337306634522,0.0014020095187916581,0.002684099368845545,0.03422928872384589,0.06590568279918213,29054.47070332906,29053.780599344744,29164.588258743806,29174.251602601,-0.6901039843178296,0.4932244175006447,-0.0023752075588104157,0.001688253410308909,1.8384414420334029e6,1.8365843356812142e6,-1857.1063521886244,33331.45454141086,-0.10101525725696094,2.8065960463293687,7.809044052699703e7,7.854637607759942e7,455935.55060239136,3.241718321752391e6,0.5838557799462889,17.117788423354423,0.41485
429.0,4.121445248012206,4.1219217446033,0.0004764965910943886,0.002684099368845545,0.011561395637227143,0.06590568279918213,29065.620853595614,29064.93540351752,29175.223672529177,29184.81274649082,-0.6854500780937087,0.4932244175006447,-0.0023582846605835154,0.001688253410308909,1.5754982065831355e6,1.571800979559751e6,-3697.227023384534,33331.45454141086,-0.2346703416059674,2.8065960463293687,7.461455211568406e7,7.407409662254798e7,-540455.4931360781,3.241718321752391e6,-0.7243298764269789,17.117788423354423,-0.17703
430.0,4.064760885585524,4.067997311028815,0.003236425443291502,0.002684099368845545,0.07962154563060599,0.06590568279918213,29065.957861479183,29065.274595649997,29175.374192961273,29184.880642037304,-0.6832658291859843,0.4932244175006447,-0.002350742516184232,0.001688253410308909,1.5495307313047242e6,1.5440508984318238e6,-5479.832872900413,33331.45454141086,-0.3536446720412138,2.8065960463293687,7.281330592831866e7,7.185613722650994e7,-957168.7018087208,3.241718321752391e6,-1.314551907244823,17.117788423354423,1.2852
431.0,4.0808112932362155,4.083063899518593,0.002252606282377556,0.002684099368845545,0.05519996198087284,0.06590568279918213,29061.656128049464,29060.97330004722,29171.259240100506,29180.66403312934,-0.6828280022455147,0.4932244175006447,-0.0023495839302374406,0.001688253410308909,1.6262031123544027e6,1.6186105012400383e6,-7592.61111436435,33331.45454141086,-0.4668919310683051,2.8065960463293687,7.237697314392313e7,7.151255573757277e7,-864417.4063503593,3.241718321752391e6,-1.1943265500084497,17.117788423354423,0.84237
432.0,4.115655933870078,4.115999937675413,0.000344003805334836,0.002684099368845545,0.008358419918045933,0.06590568279918213,29053.018403313345,29052.334302432395,29162.921916488383,29172.258532455995,-0.6841008809496998,0.4932244175006447,-0.0023546637098184665,0.001688253410308909,1.7854196019283137e6,1.776793926913203e6,-8625.675015110755,33331.45454141086,-0.48311752631116706,2.8065960463293687,7.334342844818504e7,7.305412278129663e7,-289305.6668884158,3.241718321752391e6,-0.3944534268571883,17.117788423354423,-0.029129
433.0,4.107896780658316,4.108721068644661,0.0008242879863447072,0.002684099368845545,0.020065937153674294,0.06590568279918213,29057.666873142243,29056.983630247913,29167.32488084582,29176.639145747617,-0.6832428943307605,0.4932244175006447,-0.002351334321897248,0.001688253410308909,1.6514036117517056e6,1.643028717303808e6,-8374.89444789756,33331.45454141086,-0.5071379515159227,2.8065960463293687,7.230403344953844e7,7.19759888079839e7,-328044.64155453444,3.241718321752391e6,-0.45370171746155685,17.117788423354423,0.16447
434.0,4.059063341105102,4.062512483073236,0.003449141968134839,0.002684099368845545,0.08497383948671744,0.06590568279918213,29063.988378016333,29063.3064632216,29173.368860416453,29182.66539510203,-0.6819147947317106,0.4932244175006447,-0.0023462533285607255,0.001688253410308909,1.4918941759214066e6,1.4836958148732162e6,-8198.361048190389,33331.45454141086,-0.5495269825775015,2.8065960463293687,7.040721686890149e7,6.9722464682491e7,-684752.1864104867,3.241718321752391e6,-0.972559656328268,17.117788423354423,1.4748
435.0,4.066118633846037,4.068977122224584,0.0028584883785462978,0.002684099368845545,0.07030017163671703,0.06590568279918213,29056.789205817415,29056.105947815093,29166.54449444986,29175.790004766885,-0.6832580023219634,0.4932244175006447,-0.002351457339220293,0.001688253410308909,1.6319696458155778e6,1.622909392825865e6,-9060.25298971287,33331.45454141086,-0.5551728865143813,2.8065960463293687,7.079072421738717e7,7.03972382152112e7,-393486.00217597187,3.241718321752391e6,-0.5558440127941597,17.117788423354423,1.2612
436.0,4.0732664101946225,4.075474259073175,0.002207848878552632,0.002684099368845545,0.054203399832301664,0.06590568279918213,29045.855736486545,29045.169688022066,29156.16634446328,29165.3727794989,-0.6860484644785174,0.4932244175006447,-0.0023619495693381265,0.001688253410308909,1.8418343345298616e6,1.8323512308070331e6,-9483.10372282844,33331.45454141086,-0.5148727844325399,2.8065960463293687,7.259875765933639e7,7.29345556504255e7,335797.9910891056,3.241718321752391e6,0.4625395832044532,17.117788423354423,1.0436
437.0,4.10754066833387,4.108007561720584,0.0004668933867133518,0.002684099368845545,0.011366738017051367,0.06590568279918213,29042.49872043976,29041.8109697394,29152.924525836203,29162.147938275146,-0.6877507003591745,0.4932244175006447,-0.0023680837760531393,0.001688253410308909,1.873311477872512e6,1.8649396961132686e6,-8371.781759243459,33331.45454141086,-0.4468974785096148,2.8065960463293687,7.354331080952601e7,7.432570194371985e7,782391.1341938376,3.241718321752391e6,1.0638508459595961,17.117788423354423,0.16268
438.0,4.09022301588068,4.091653380115155,0.0014303642344755119,0.002684099368845545,0.034970323841071425,0.06590568279918213,29046.892281479722,29046.20490836494,29157.08874003079,29166.344629189607,-0.687373114782531,0.4932244175006447,-0.0023664256682660667,0.001688253410308909,1.7392579138308852e6,1.7321196080996606e6,-7138.305731224595,33331.45454141086,-0.41042249539067954,2.8065960463293687,7.28242909560961e7,7.34786547695442e7,654363.8134481013,3.241718321752391e6,0.8985515751091905,17.117788423354423,0.59278
439.0,4.12904850983615,4.128773038223747,-0.0002754716124035994,0.002684099368845545,-0.006671551853832077,0.06590568279918213,29051.17404855001,29050.487943525226,29161.143454163917,29170.409373147,-0.6861050247825915,0.4932244175006447,-0.0023617118662260608,0.001688253410308909,1.6164773854383226e6,1.609712600854153e6,-6764.784584169509,33331.45454141086,-0.4184892807724109,2.8065960463293687,7.155519564474268e7,7.185007198663744e7,294876.3418947607,3.241718321752391e6,0.41209633938919427,17.117788423354423,-0.34126
440.0,4.0533569389302375,4.057041828409259,0.003684889479021791,0.002684099368845545,0.09090957284394272,0.06590568279918213,29056.759666770777,29056.075306942665,29166.544026885724,29175.78878312069,-0.6843598281120649,0.4932244175006447,-0.0023552517072118564,0.001688253410308909,1.4757243270818358e6,1.4685080715597458e6,-7216.25552209001,33331.45454141086,-0.48899753088435977,2.8065960463293687,6.97222452052997e7,6.948141075241357e7,-240834.4528861344,3.241718321752391e6,-0.3454198185629113,17.117788423354423,1.6553
441.0,4.109401412567051,4.110073567492944,0.0006721549258932313,0.002684099368845545,0.01635651664102951,0.06590568279918213,29052.446534182425,29051.761300736016,29162.630297575244,29171.8347796918,-0.6852334464092564,0.4932244175006447,-0.002358608407051113,0.001688253410308909,1.558924730793025e6,1.5507718341403152e6,-8152.896652709926,33331.45454141086,-0.5229820588299056,2.8065960463293687,6.955991271004121e7,6.932675611985576e7,-233156.59018544853,3.241718321752391e6,-0.33518815809524666,17.117788423354423,0.1452
442.0,4.060361821885387,4.063398579625899,0.0030367577405119306,0.002684099368845545,0.07479032346683438,0.06590568279918213,29047.339466452937,29046.65331826151,29157.79768433352,29166.974348992084,-0.6861481914274918,0.4932244175006447,-0.0023621722472033325,0.001688253410308909,1.6452858130514605e6,1.6366918660730377e6,-8593.946978422813,33331.45454141086,-0.5223376333917258,2.8065960463293687,7.0052647099753e7,7.007830331478703e7,25656.215034022927,3.241718321752391e6,0.036624190656905795,17.117788423354423,1.4342
443.0,4.117214827997844,4.117380635907703,0.00016580790985898375,0.002684099368845545,0.0040271862602713464,0.06590568279918213,29045.91877177516,29045.231914212578,29156.435164709936,29165.613529570495,-0.686857562581281,0.4932244175006447,-0.0023647300261981116,0.001688253410308909,1.6451097598293198e6,1.637010747849286e6,-8099.0119800337125,33331.45454141086,-0.4923083053664447,2.8065960463293687,7.013913619724643e7,7.032088408133674e7,181747.88409030437,3.241718321752391e6,0.2591247824598096,17.117788423354423,-0.046997
444.0,4.060713172459493,4.063716044342128,0.0030028718826349277,0.002684099368845545,0.07394937182465779,0.06590568279918213,29045.755684780528,29045.06831636863,29156.327188072402,29165.511339587072,-0.6873684118982055,0.4932244175006447,-0.002366502078162059,0.001688253410308909,1.6207103127526387e6,1.6130774287743303e6,-7632.883978308411,33331.45454141086,-0.47095917871618936,2.8065960463293687,6.992007758741626e7,7.014069003159852e7,220612.44418226182,3.241718321752391e6,0.3155208801169382,17.117788423354423,1.4233
445.0,4.1236048836818435,4.123484036633798,-0.00012084704804582458,0.002684099368845545,-0.002930616571050422,0.06590568279918213,29045.127987310312,29044.44026899873,29155.76919186566,29164.957230238928,-0.6877183115830121,0.4932244175006447,-0.0023677578968957316,0.001688253410308909,1.60746613434889e6,1.6001346225037826e6,-7331.511845107423,33331.45454141086,-0.45609121638367073,2.8065960463293687,6.968951706999479e7,6.991744944326322e7,227932.37326842546,3.241718321752391e6,0.32706837821747947,17.117788423354423,-0.19793
446.0,4.238171638058314,4.230614424929773,-0.007557213128540852,0.002684099368845545,-0.17831305038894393,0.06590568279918213,29045.424423196066,29044.73659331002,29156.11653397075,29165.30310490282,-0.6878298860465293,0.4932244175006447,-0.0023681178695299735,0.001688253410308909,1.5757482148534185e6,1.5685521175936002e6,-7196.097259818343,33331.45454141086,-0.45667811595698043,2.8065960463293687,6.925509542101187e7,6.941620479120412e7,161109.37019225955,3.241718321752391e6,0.23263179295740208,17.117788423354423,-4.0792
447.0,4.082113931571271,4.084951343184618,0.0028374116133464966,0.002684099368845545,0.06950838856803615,0.06590568279918213,29084.141763404376,29083.471633545858,29192.48287680731,29201.474943857127,-0.6701298585176119,0.4932244175006447,-0.0023041073859735284,0.001688253410308909,695468.15503481,682634.5252265693,-12833.629808240687,33331.45454141086,-1.845322422792792,2.8065960463293687,6.1185628746912576e7,5.8908884211093485e7,-2.276744535819091e6,3.241718321752391e6,-3.7210446022162933,17.117788423354423,0.88656
448.0,4.140678694506151,4.140987877038746,0.00030918253259493156,0.002684099368845545,0.007466953014373096,0.06590568279918213,29097.04545524613,29096.385690313924,29204.41923016688,29213.212082229027,-0.659764932206599,0.4932244175006447,-0.0022674636612895174,0.001688253410308909,426896.88593965804,408745.47433097556,-18151.41160868248,33331.45454141086,-4.251942847680596,2.8065960463293687,5.558897699472336e7,5.1681919614945814e7,-3.9070573797775432e6,3.241718321752391e6,-7.028475052074462,17.117788423354423,-0.50003
449.0,4.10874635159333,4.110072685257187,0.0013263336638571488,0.002684099368845545,0.032280738462787076,0.06590568279918213,29082.978482516144,29082.314052910624,29191.398706091382,29200.107184201617,-0.6644296055201266,0.4932244175006447,-0.002284599584322365,0.001688253410308909,771432.0033349689,752307.1247933293,-19124.878541639657,33331.45454141086,-2.4791398929472868,2.8065960463293687,5.5609368173954524e7,5.206407256163686e7,-3.5452956123176664e6,3.241718321752391e6,-6.375356758644416,17.117788423354423,0.26455
450.0,4.064069661806396,4.067594378686575,0.0035247168801788575,0.002684099368845545,0.08672875155915001,0.06590568279918213,29083.53904099305,29082.87377045684,29192.084825091937,29200.71240888855,-0.6652705362103006,0.4932244175006447,-0.00228744698254434,0.001688253410308909,763882.2028969547,744165.400109612,-19716.80278734269,33331.45454141086,-2.5811313200606696,2.8065960463293687,5.46441930792859e7,5.137395347992924e7,-3.2702395993566588e6,3.241718321752391e6,-5.984605893277096,17.117788423354423,1.4573
450.99999999999994,4.108578496608549,4.109454170081436,0.0008756734728878612,0.002684099368845545,0.021313295428350493,0.06590568279918213,29070.480678795488,29069.81109620357,29179.68082951633,29188.262664374903,-0.6695825919159688,0.4932244175006447,-0.0023033076037314165,0.001688253410308909,1.0454764128630663e6,1.0260850448152804e6,-19391.368047785945,33331.45454141086,-1.8547877129702184,2.8065960463293687,5.638577270155119e7,5.4205273014330365e7,-2.1804996872208267e6,3.241718321752391e6,-3.8671097029425656,17.117788423354423,0.2645500000000678
451.9999999999999,4.063179810224298,4.066191829507889,0.003012019283590739,0.002684099368845545,0.07412960844143561,0.06590568279918213,29064.05317433061,29063.38067117846,29173.59119650852,29182.16085625155,-0.6725031521491474,0.4932244175006447,-0.0023138656818282406,0.001688253410308909,1.1665058482833013e6,1.1480580305340395e6,-18447.817749261856,33331.45454141086,-1.5814595165905727,2.8065960463293687,5.781330150249482e7,5.6519866920967735e7,-1.293434581527084e6,3.241718321752391e6,-2.2372612321253933,17.117788423354423,1.4572999999998644
452.9999999999999,4.083778254820605,4.08556287453927,0.001784619718664615,0.002684099368845545,0.04370021111107099,0.06590568279918213,29059.535641033865,29058.859814081585,29169.31619110877,29177.932738428408,-0.6758269522797491,0.4932244175006447,-0.002325663288732803,0.001688253410308909,1.241383711303245e6,1.2252293796070367e6,-16154.331696208334,33331.45454141086,-1.3013165509678704,2.8065960463293687,5.89917310318403e7,5.83568280692351e7,-634902.9626052007,3.241718321752391e6,-1.0762575559318932,17.117788423354423,0.8649300000000673
453.99999999999983,4.055455406615282,4.058635902486009,0.003180495870727107,0.002684099368845545,0.07842512250385157,0.06590568279918213,29051.667138741537,29050.987752946323,29161.833575485023,29170.49951667236,-0.6793857952143298,0.4932244175006447,-0.002338543230478991,0.001688253410308909,1.3856478790909138e6,1.3714753544265542e6,-14172.524664359633,33331.45454141086,-1.0228085272037397,2.8065960463293687,6.080969844378425e7,6.087316479693862e7,63466.3531543687,3.241718321752391e6,0.1043688009948617,17.117788423354423,1.6699999999998625
454.9999999999998,4.082236270832076,4.083801794589232,0.0015655237571561287,0.002684099368845545,0.0383496606588386,0.06590568279918213,29044.778608087126,29044.09552423275,29155.351184863124,29164.091948499223,-0.6830838543755817,0.4932244175006447,-0.0023518301295826927,0.001688253410308909,1.5049123601539582e6,1.4931076474294805e6,-11804.712724477751,33331.45454141086,-0.7844119722207668,2.8065960463293687,6.267057521349531e7,6.333668163830857e7,666106.4248132631,3.241718321752391e6,1.062869492651195,17.117788423354423,0.8756900000001806
455.9999999999997,4.081718901222351,4.083234257356423,0.0015153561340719435,0.002684099368845545,0.037125440794517725,0.06590568279918213,29039.411240458336,29038.72509632207,29150.2933416739,29159.11811617486,-0.686144136267103,0.4932244175006447,-0.0023628031938579806,0.001688253410308909,1.5861524104280327e6,1.576688803798123e6,-9463.606629909715,33331.45454141086,-0.5966391733664423,2.8065960463293687,6.430528566965353e7,6.541872353430091e7,1.113437864647381e6,3.241718321752391e6,1.7314873156264141,17.117788423354423,0.87569
456.9999999999997,4.081576102372406,4.083185558609785,0.001609456237379625,0.002684099368845545,0.03943222414606291,0.06590568279918213,29040.413297677824,29039.72707088499,29151.145131353158,29160.04457759662,-0.6862267928336223,0.4932244175006447,-0.002363006289888083,0.001688253410308909,1.5220060224784347e6,1.5142781505059581e6,-7727.871972476598,33331.45454141086,-0.50774253572877,2.8065960463293687,6.464282801814734e7,6.574295973929032e7,1.1001317211429775e6,3.241718321752391e6,1.701861992848046,17.117788423354423,0.87569
457.99999999999966,4.053624669507374,4.0568106600258655,0.003185990518491444,0.002684099368845545,0.07859609061631817,0.06590568279918213,29039.265545091595,29038.578870567566,29150.01692179361,29158.979721105163,-0.6866745240295131,0.4932244175006447,-0.0023646414988122153,0.001688253410308909,1.5129090566898144e6,1.5064775234687217e6,-6431.533221092774,33331.45454141086,-0.4251103655341132,2.8065960463293687,6.495210077989127e7,6.598966460338163e7,1.0375638234903589e6,3.241718321752391e6,1.597429199413334,17.117788423354423,1.6859999999997235
458.9999999999996,4.113144273890912,4.113135607927439,-8.665963473042382e-6,0.002684099368845545,-0.00021068950894943052,0.06590568279918213,29031.957122389096,29031.26779049308,29143.19957911472,29152.228493930645,-0.6893318960173929,0.4932244175006447,-0.0023743900320305597,0.001688253410308909,1.6446619876711753e6,1.6395362397824153e6,-5125.747888759943,33331.45454141086,-0.31165965573375654,2.8065960463293687,6.635837765203647e7,6.766516411318806e7,1.306786461151585e6,3.241718321752391e6,1.9692863318690266,17.117788423354423,0.07625300000064053
459.99999999999955,4.053109599339141,4.056273717663112,0.0031641183239710102,0.002684099368845545,0.07806643877794273,0.06590568279918213,29032.838668300505,29032.14878688549,29144.147928068604,29153.228178568625,-0.6898814150154067,0.4932244175006447,-0.0023762106864481476,0.001688253410308909,1.5917313771366908e6,1.5875920337057565e6,-4139.343430934241,33331.45454141086,-0.2600528889730351,2.8065960463293687,6.6491543219151996e7,6.770779651583298e7,1.2162532966809794e6,3.241718321752391e6,1.8291849426208744,17.117788423354423,1.6859999999992679
460.99999999999955,4.052529065825037,4.05574960842739,0.0032205426023530492,0.002684099368845545,0.0794699445714498,0.06590568279918213,29031.829381739764,29031.138631872273,29143.26922995552,29152.405390103413,-0.6907498674918315,0.4932244175006447,-0.002379284675482057,0.001688253410308909,1.583298754304492e6,1.5802064607295098e6,-3092.29357498209,33331.45454141086,-0.19530701748959983,2.8065960463293687,6.6623383431717336e7,6.775334434073585e7,1.1299609090185165e6,3.241718321752391e6,1.6960425166287443,17.117788423354423,1.7020999999999926
461.9999999999995,4.111944420978381,4.11182561898287,-0.00011880199551139725,0.002684099368845545,-0.00288919263853109,0.06590568279918213,29018.931779942704,29018.23656176047,29131.19902883047,29140.411013742283,-0.6952181822343846,0.4932244175006447,-0.002395740089629713,0.001688253410308909,1.8366748979158571e6,1.835057936758863e6,-1616.9611569941044,33331.45454141086,-0.08803741798991918,2.8065960463293687,6.900743906392914e7,7.073765974972e7,1.7302206857908666e6,3.241718321752391e6,2.507295893400672,17.117788423354423,0.08199700000082882
462.99999999999943,4.051803066512546,4.05495965022774,0.0031565837151941167,0.002684099368845545,0.07790565492392108,0.06590568279918213,29022.581452630122,29021.886761297006,29134.69305634536,29143.94683807154,-0.6946913331157702,0.4932244175006447,-0.002393623510884539,0.001688253410308909,1.7120188237506181e6,1.7111083072883035e6,-910.5164623146411,33331.45454141086,-0.05318378803335353,2.8065960463293687,6.88843191895394e7,7.047948512715873e7,1.5951659376193285e6,3.241718321752391e6,2.31571706941043,17.117788423354423,1.7020999999990791
463.9999999999994,4.111892618986604,4.111986652627063,9.403364045912355e-5,0.002684099368845545,0.002286870041910253,0.06590568279918213,29022.444168783873,29021.74879125708,29134.619929876837,29143.934396512526,-0.6953775267938909,0.4932244175006447,-0.0023959991885929063,0.001688253410308909,1.6808090508245898e6,1.681003785685415e6,194.73486082511954,33331.45454141086,0.011585781307495005,2.8065960463293687,6.880267387204033e7,7.025435845822251e7,1.451684586182177e6,3.241718321752391e6,2.1099246649658263,17.117788423354423,0.08199700000101302
464.9999999999994,4.051739608138132,4.054974527521704,0.0032349193835718992,0.002684099368845545,0.07984025866505323,0.06590568279918213,29021.525783438745,29020.830109287486,29133.813333393588,29143.16159898603,-0.6956741512585722,0.4932244175006447,-0.002397097094238793,0.001688253410308909,1.668721144281172e6,1.6692474079365102e6,526.2636553382035,33331.45454141086,0.03153694415281709,2.8065960463293687,6.875382964692307e7,7.00637546137914e7,1.309924966868341e6,3.241718321752391e6,1.9052392769905349,17.117788423354423,1.702099999998987
465.9999999999993,4.079151203595606,4.080870971335928,0.0017197677403224532,0.002684099368845545,0.042159940989844845,0.06590568279918213,29020.33518974327,29019.639213910137,29132.750533694933,29142.122243022004,-0.6959758331322519,0.4932244175006447,-0.0023982349913664416,0.001688253410308909,1.6632404218153618e6,1.663900176359756e6,659.7545443940908,33331.45454141086,0.03966681760139009,2.8065960463293687,6.872579244446461e7,6.993015875426821e7,1.204366309803605e6,3.241718321752391e6,1.7524225868720538,17.117788423354423,0.8975300000005489
466.99999999999926,4.050851957203536,4.054026177006192,0.0031742198026565305,0.002684099368845545,0.07835931394658571,0.06590568279918213,29013.249447123762,29012.551646626227,29126.051729093128,29135.457625663126,-0.6978004975353542,0.4932244175006447,-0.002405109771682368,0.001688253410308909,1.7838474059123567e6,1.784947991237723e6,1100.5853253663518,33331.45454141086,0.06169727980759949,2.8065960463293687,6.984453142636512e7,7.131377542486781e7,1.4692439985026866e6,3.241718321752391e6,2.103592032901909,17.117788423354423,1.7182999999993933
467.9999999999992,4.1108008982972,4.110810931887865,1.0033590664981773e-5,0.002684099368845545,0.00024407873096305745,0.06590568279918213,29008.64263036455,29007.94301283556,29121.734047168065,29131.183007892298,-0.69961752898962,0.4932244175006447,-0.0024117554823378786,0.001688253410308909,1.845091571554503e6,1.8469848509185368e6,1893.279364033835,33331.45454141086,0.10261167484705021,2.8065960463293687,7.085861349872312e7,7.258070856144385e7,1.722095062720731e6,3.241718321752391e6,2.4303256551185033,17.117788423354423,0.08784300000129754
468.99999999999915,4.111048251645077,4.111144990411383,9.673876630600375e-5,0.002684099368845545,0.0023531411062201173,0.06590568279918213,29010.528127248224,29009.828135877266,29123.625615600246,29133.114148297438,-0.6999913709587418,0.4932244175006447,-0.002412887376225574,0.001688253410308909,1.7658830951674373e6,1.7684749669980952e6,2591.871830657823,33331.45454141086,0.14677482545423354,2.8065960463293687,7.064074197686426e7,7.223830174360034e7,1.5975597667360753e6,3.241718321752391e6,2.261527444402122,17.117788423354423,0.08199700000000498
469.99999999999915,4.151940151683959,4.15039581609753,-0.0015443355864297459,0.002684099368845545,-0.037195516553951015,0.06590568279918213,29021.705545741646,29021.0091217166,29134.21372338678,29143.692189588975,-0.6964240250454168,0.4932244175006447,-0.002399666084227097,0.001688253410308909,1.4866543983646475e6,1.4886005337737622e6,1946.1354091146495,33331.45454141086,0.13090704949687307,2.8065960463293687,6.819945440222701e7,6.898225864275776e7,782804.2405307442,3.241718321752391e6,1.147815986787692,17.117788423354423,-0.9151999999991497
470.9999999999991,4.176208587670609,4.1736293611566415,-0.0025792265139674697,0.002684099368845545,-0.061760002160383035,0.06590568279918213,29034.09080523177,29033.398190302654,29146.1555103714,29155.59591518804,-0.6926149291175534,0.4932244175006447,-0.0023855230520693567,0.001688253410308909,1.2057289751190785e6,1.2062375579850778e6,508.58286599931307,33331.45454141086,0.042180529496613044,2.8065960463293687,6.468065818618588e7,6.4332597626341976e7,-348060.55984390527,3.241718321752391e6,-0.5381215491685303,17.117788423354423,-1.5833999999993922
471.99999999999903,4.133262853039648,4.133412991103334,0.00015013806368635585,0.002684099368845545,0.00363243444766506,0.06590568279918213,29053.25758629395,29052.571452356024,29164.682788575985,29174.015918339315,-0.6861339379247511,0.4932244175006447,-0.0023616420151399437,0.001688253410308909,796873.2919508952,794116.8012074849,-2756.490743410308,33331.45454141086,-0.34591330532133935,2.8065960463293687,5.9275779903859586e7,5.7302084260683484e7,-1.9736956431761011e6,3.241718321752391e6,-3.3296831292262583,17.117788423354423,-0.3678700000011746
472.999999999999,4.19383424771491,4.190778028823436,-0.003056218891473783,0.002684099368845545,-0.07287409828223473,0.06590568279918213,29061.370651201647,29060.68889818494,29172.504064329773,29181.7029607807,-0.6817530167063524,0.4932244175006447,-0.0023459079920518573,0.001688253410308909,636339.8561499469,630133.9068898126,-6205.949260134366,33331.45454141086,-0.9752570423110505,2.8065960463293687,5.5264330904724486e7,5.2233444016511045e7,-3.030886888213441e6,3.241718321752391e6,-5.484345578052287,17.117788423354423,-2.0566999999982722
473.999999999999,4.156293776707595,4.155637869007281,-0.0006559077003140956,0.002684099368845545,-0.015781071684342594,0.06590568279918213,29072.141238750828,29071.46617605103,29182.81142247748,29191.792296855157,-0.6750626997963991,0.4932244175006447,-0.002322026073871005,0.001688253410308909,417056.080236071,405438.2029686795,-11617.877267391537,33331.45454141086,-2.7856870617532627,2.8065960463293687,5.103180251834247e7,4.706025650835368e7,-3.9715460099887922e6,3.241718321752391e6,-7.782492120597329,17.117788423354423,-0.8767200000012074
474.9999999999989,4.179371452294947,4.177651209759887,-0.0017202425350602013,0.002684099368845545,-0.04116031692075596,0.06590568279918213,29084.11456321989,29083.44537449123,29194.33871168443,29203.11268787475,-0.6691887286579004,0.4932244175006447,-0.002300873651158575,0.001688253410308909,181641.96068933763,165397.18674915994,-16244.773940177693,33331.45454141086,-8.94329365226416,2.8065960463293687,4.653078434617735e7,4.1702224942883685e7,-4.828559403293662e6,3.241718321752391e6,-10.377128757104959,17.117788423354423,-1.4814999999993468
475.99999999999886,4.21375722348355,4.209792869054091,-0.003964354429458972,0.002684099368845545,-0.09408122535786732,0.06590568279918213,29089.268806160617,29088.60234498739,29199.355762774223,29207.955073968336,-0.6664611732267076,0.4932244175006447,-0.002291089465561136,0.001688253410308909,99547.9566321113,80085.5175119605,-19462.439120150797,33331.45454141086,-19.55081729309226,2.8065960463293687,4.328551335192349e7,3.810541345986046e7,-5.180099892063029e6,3.241718321752391e6,-11.967283025956858,17.117788423354423,-2.624099999998701
476.9999999999988,4.203945221637151,4.201069306523086,-0.002875915114064931,0.002684099368845545,-0.06840990932191444,0.06590568279918213,29107.502804849883,29106.84739443724,29216.609434291353,29224.863267126406,-0.6554104126407765,0.4932244175006447,-0.002251688910020726,0.001688253410308909,-277545.55200385285,-305012.0366847742,27466.484680921363,33331.45454141086,-9.896207841421315,2.8065960463293687,3.791168565704701e7,3.1809385231946554e7,-6.102300425100457e6,3.241718321752391e6,-16.096093643270024,17.117788423354423,-2.178000000000533
477.9999999999988,4.128948130905173,4.1303746265207515,0.0014264956155782826,0.002684099368845545,0.03454864460274916,0.06590568279918213,29124.741684258737,29124.097810593994,29232.86275127748,29240.747424239296,-0.6438736647432961,0.4932244175006447,-0.002210744636719972,0.001688253410308909,-619163.428366724,-654893.9100170761,35730.48165035201,33331.45454141086,-5.770767460314084,2.8065960463293687,3.2123451547290884e7,2.5032221749894816e7,-7.0912297973960675e6,3.241718321752391e6,-22.074931104326186,17.117788423354423,-0.03653400000255629
478.99999999999875,4.165396528973076,4.164799385330765,-0.0005971436423113374,0.002684099368845545,-0.014335817446377797,0.06590568279918213,29119.471688733796,29118.827122353716,29227.809517639747,29235.5726686654,-0.644566380080505,0.4932244175006447,-0.002213523607057353,0.001688253410308909,-453764.34038040374,-490276.59105639637,36512.25067599263,33331.45454141086,-8.046522705019827,2.8065960463293687,3.0487468655464727e7,2.3780829167139005e7,-6.7066394883257225e6,3.241718321752391e6,-21.998020118090686,17.117788423354423,-0.9061599999989125
479.9999999999987,4.214228226697639,4.210365600234293,-0.0038626264633458973,0.002684099368845545,-0.09165679349959495,0.06590568279918213,29111.965758544437,29111.316941713543,29220.664480519994,29228.402793636353,-0.6488168308933382,0.4932244175006447,-0.0022286946758410114,0.001688253410308909,-255648.3704951945,-290188.45118199073,34540.080686796224,33331.45454141086,-13.510776782927111,2.8065960463293687,3.063845720905729e7,2.492993073479081e7,-5.708526474266481e6,3.241718321752391e6,-18.631899234726923,17.117788423354423,-2.4372999999979985
480.99999999999864,4.22919049421527,4.224527413875239,-0.00466308034003049,0.002684099368845545,-0.11025940653202307,0.06590568279918213,29126.988093187156,29126.34501848157,29234.79536014232,29242.308713829585,-0.6430747055856045,0.4932244175006447,-0.0022078311136331345,0.001688253410308909,-570178.7716950316,-608365.4004261474,38186.62873111584,33331.45454141086,-6.697308042106576,2.8065960463293687,2.7286766655177023e7,2.1406257657242984e7,-5.88050899793404e6,3.241718321752391e6,-21.550772476072577,17.117788423354423,-2.9693999999992737
481.99999999999864,4.24431684912006,4.238985417298514,-0.005331431821545607,0.002684099368845545,-0.12561342640220013,0.06590568279918213,29150.37988324186,29149.751299662443,29256.450942726173,29263.56229294957,-0.6285835794187733,0.4932244175006447,-0.0021563478141159217,0.001688253410308909,-1.068515869699178e6,-1.1154392537204016e6,46923.38402122352,33331.45454141086,-4.391454104882315,2.8065960463293687,2.136666607386248e7,1.4367165439643228e7,-6.999500634219253e6,3.241718321752391e6,-32.75897423595549,17.117788423354423,-3.514699999999256
482.9999999999986,4.204483931184787,4.2025823519510395,-0.0019015792337473414,0.002684099368845545,-0.04522741113703087,0.06590568279918213,29173.165051490112,29172.559156812906,29277.11939374719,29283.652330702364,-0.6058946772063791,0.4932244175006447,-0.0020768904441358553,0.001688253410308909,-1.5496447252533403e6,-1.6107517469492247e6,61107.02169588441,33331.45454141086,-3.943292336628608,2.8065960463293687,1.4594224691115765e7,6.202397288935681e6,-8.391827402180083e6,3.241718321752391e6,-57.50101550299283,17.117788423354423,-1.8457000000023718
483.9999999999985,4.177314058535302,4.176986402960728,-0.0003276555745737042,0.002684099368845545,-0.007843690227317757,0.06590568279918213,29181.84218865946,29181.247099671516,29285.055120878547,29291.2312590945,-0.5950889879422903,0.4932244175006447,-0.002039244075459882,0.001688253410308909,-1.6744902763269844e6,-1.7427583261954484e6,68268.049868464,33331.45454141086,-4.076945135698897,2.8065960463293687,1.0093671553590745e7,1.1970387672170852e6,-8.89663278637366e6,3.241718321752391e6,-88.1407002312132,17.117788423354423,-0.9834100000012744
484.99999999999847,4.224237904145222,4.220677890425596,-0.0035600137196265536,0.002684099368845545,-0.0842758812455409,0.06590568279918213,29173.89213956798,29173.28985777912,29277.917150399844,29284.124012917637,-0.6022817888588179,0.4932244175006447,-0.0020644547048350634,0.001688253410308909,-1.405324445906124e6,-1.4690687517895026e6,63744.30588337849,33331.45454141086,-4.535913828943428,2.8065960463293687,9.455528406642685e6,1.450221866381148e6,-8.005306540261537e6,3.241718321752391e6,-84.6627094329034,17.117788423354423,-2.448299999997752
485.9999999999984,4.257672753421546,4.251466369120929,-0.0062063843006168185,0.002684099368845545,-0.14576940643522338,0.06590568279918213,29178.219712621663,29177.61904287676,29281.811839885013,29287.86938530319,-0.6006697449047351,0.4932244175006447,-0.0020586236954165593,0.001688253410308909,-1.4562683037961347e6,-1.520689636733433e6,64421.33293729834,33331.45454141086,-4.423726916899016,2.8065960463293687,7.846173526100955e6,439950.37850728136,-7.406223147593673e6,3.241718321752391e6,-94.39280335766537,17.117788423354423,-3.829399999997802
486.9999999999984,4.2136891714633435,4.211348714515286,-0.002340456948057401,0.002684099368845545,-0.05554412897628611,0.06590568279918213,29202.717016532974,29202.138658369626,29303.592534589556,29309.08420750322,-0.5783581633477297,0.4932244175006447,-0.001980494359549816,0.001688253410308909,-2.006073629112818e6,-2.0832131316934272e6,77139.50258060917,33331.45454141086,-3.8452976730831137,2.8065960463293687,2.3204972300848025e6,-5.873927747071803e6,3.553430516987e6,3.241718321752391e6,153.13228867147325,17.117788423354423,-1.9441000000030007
487.99999999999835,4.144352608850612,4.145669101441339,0.0013164925907265257,0.002684099368845545,0.0317659406662224,0.06590568279918213,29214.455002362592,29213.88878193917,29313.964095331798,29319.129021203884,-0.5662204234213277,0.4932244175006447,-0.001938151587546429,0.001688253410308909,-2.2146021182342507e6,-2.297664972088901e6,83062.85385465017,33331.45454141086,-3.750689714000542,2.8065960463293687,-1.99541805822028e6,-1.0686044342991553e7,8.690626284771273e6,3.241718321752391e6,-435.5290987254305,17.117788423354423,-0.04845600000312489
488.9999999999983,4.18621812264214,4.184972521015075,-0.0012456016270654402,0.002684099368845545,-0.02975481904128006,0.06590568279918213,29198.43252174888,29197.854075712235,29299.332798332154,29304.690015388107,-0.5784460366448911,0.4932244175006447,-0.0019810859237530203,0.001688253410308909,-1.7483271151684772e6,-1.8225524271002952e6,74225.31193181803,33331.45454141086,-4.2455048193121065,2.8065960463293687,-779906.3837266051,-8.172583732835752e6,7.392677349109147e6,3.241718321752391e6,-947.8929142475948,17.117788423354423,-1.064099999998268
489.99999999999824,4.183316287305718,4.181812528528079,-0.001503758777639419,0.002684099368845545,-0.035946571436699104,0.06590568279918213,29187.796780758443,29187.208658936655,29289.44994359579,29294.97678627581,-0.5881218217873538,0.4932244175006447,-0.002014957916162631,0.001688253410308909,-1.4505031187598188e6,-1.517004471242953e6,66501.35248313425,33331.45454141086,-4.584709375874555,2.8065960463293687,1.2525525238020099e6,-4.621323715923739e6,3.368771192121729e6,3.241718321752391e6,268.95248926537056,17.117788423354423,-1.0035000000001069
490.99999999999824,4.170118385462474,4.169207221985813,-0.0009111634766609811,0.002684099368845545,-0.021849822773315136,0.06590568279918213,29189.737453746788,29189.14491143048,29291.269598866187,29296.889788958873,-0.5925423163062078,0.4932244175006447,-0.0020299679544741817,0.001688253410308909,-1.4553836326933715e6,-1.5167855085804842e6,61401.87588711269,33331.45454141086,-4.2189478092096415,2.8065960463293687,1.4848815108402553e6,-3.677322038805267e6,2.1924405279650115e6,3.241718321752391e6,147.6508739558867,17.117788423354423,-0.6656300000005955
491.9999999999982,4.155738270240049,4.155353942412951,-0.0003843278270982964,0.002684099368845545,-0.00924812396994617,0.06590568279918213,29187.77718722675,29187.180120846922,29289.353906537686,29295.10152984308,-0.5970663798289024,0.4932244175006447,-0.0020456041444985146,0.001688253410308909,-1.3726655534184293e6,-1.4287572291659713e6,56091.67574754194,33331.45454141086,-4.086332290327645,2.8065960463293687,2.0419852462070228e6,-2.586154214557211e6,544168.9683501881,3.241718321752391e6,26.64901567535707,17.117788423354423,-0.3266900000006165
492.9999999999981,4.142211326018281,4.142233619341228,2.2293322946786986e-5,0.002684099368845545,0.0005381985898874102,0.06590568279918213,29182.507782430508,29181.906494214727,29284.298821038694,29290.176298581177,-0.6012882157810964,0.4932244175006447,-0.0020604405223292885,0.001688253410308909,-1.2219042505597824e6,-1.273219045185116e6,51314.79462533351,33331.45454141086,-4.19957575250475,2.8065960463293687,3.3173088821083144e6,-716606.7443115711,-2.6007021377967433e6,3.241718321752391e6,-78.39794936864209,17.117788423354423,-0.0270360000005621
493.99999999999807,4.139813675609915,4.139732308747526,-8.136686238913171e-5,0.002684099368845545,-0.001965471607297495,0.06590568279918213,29175.534293071414,29174.928914516488,29277.605865277503,29283.614907493655,-0.605378554926574,0.4932244175006447,-0.0020749527629742117,0.001688253410308909,-1.0429947472188245e6,-1.0897935390485777e6,46798.7918297532,33331.45454141086,-4.486963328870401,2.8065960463293687,5.184448536002974e6,1.8286410997207866e6,-3.3558074362821877e6,3.241718321752391e6,-64.72833924337489,17.117788423354423,0.012858999999922897
494.99999999999807,4.139107991130441,4.138889494359901,-0.00021849677053964456,0.002684099368845545,-0.005278837155441562,0.06590568279918213,29169.230765641667,29168.621714747962,29271.532693023597,29277.67415621259,-0.609050893704989,0.4932244175006447,-0.0020879909333172677,0.001688253410308909,-888038.4536806322,-930554.498365641,42516.04468500882,33331.45454141086,-4.787635547626746,2.8065960463293687,7.175553311830401e6,4.441904317228225e6,-2.7336489946021764e6,3.241718321752391e6,-38.09669966628474,17.117788423354423,0.012859
495.999999999998,4.13849223519412,4.138197921366827,-0.00029431382729239175,0.002684099368845545,-0.007111619656780308,0.06590568279918213,29164.887472285845,29164.275374416506,29267.313215354738,29273.586248696465,-0.6120978693397774,0.4932244175006447,-0.0020987492920088516,0.001688253410308909,-782279.41455553,-820790.138952014,38510.72439648409,33331.45454141086,-4.922886078801504,2.8065960463293687,8.888655301582925e6,6.597342481148625e6,-2.2913128204343e6,3.241718321752391e6,-25.777946637510567,17.117788423354423,0.012859
496.99999999999795,4.137968135289647,4.137631805665326,-0.0003363296243206193,0.002684099368845545,-0.008127893046162307,0.06590568279918213,29161.62884054385,29161.01425840444,29264.12194941273,29270.521375205768,-0.6145821394093218,0.4932244175006447,-0.0021075027830916603,0.001688253410308909,-703252.9995282785,-738136.8386269016,34883.83909862314,33331.45454141086,-4.960354114667438,2.8065960463293687,1.0329749186289098e7,8.321420713244517e6,-2.0083284730445808e6,3.241718321752391e6,-19.442180413347103,17.117788423354423,0.012859
497.9999999999979,4.137518358352632,4.137158514811147,-0.00035984354148510533,0.002684099368845545,-0.008697086280201506,0.06590568279918213,29158.987978718593,29158.371407129216,29261.518831645237,29268.035265222115,-0.6165715893766901,0.4932244175006447,-0.0021145164222664,0.001688253410308909,-639451.9219159117,-671147.0378353945,31695.115919482778,33331.45454141086,-4.956606561525153,2.8065960463293687,1.1554764810548695e7,9.720953671719758e6,-1.833811138828937e6,3.241718321752391e6,-15.870605493889373,17.117788423354423,0.012859
498.99999999999784,4.1371296150270025,4.136756962458215,-0.0003726525687879345,0.002684099368845545,-0.009007514955160579,0.06590568279918213,29156.771344856646,29156.15316581293,29259.321787396722,29265.945231620248,-0.6181790437149175,0.4932244175006447,-0.0021201903201259844,0.001688253410308909,-586091.0288725818,-614991.0148929477,28899.986020365963,33331.45454141086,-4.930972254593052,2.8065960463293687,1.2604608642888268e7,1.0879547995886598e7,-1.7250606470016707e6,3.241718321752391e6,-13.685951669550478,17.117788423354423,0.012859
499.99999999999784,4.13679152222057,4.136413386705127,-0.00037813551544285673,0.002684099368845545,-0.009140792167352902,0.06590568279918213,29154.870235208677,29154.250735349997,29257.428497921253,29264.149491012286,-0.6194998586797738,0.4932244175006447,-0.0021248589127028216,0.001688253410308909,-540475.5744964995,-566914.8603340776,26439.28583757812,33331.45454141086,-4.8918558183149425,2.8065960463293687,1.3509181504059324e7,1.1855168964531146e7,-1.654012539528178e6,3.241718321752391e6,-12.243617713117334,17.117788423354423,0.012859
500.9999999999978,4.136460344435173,4.136082487104156,-0.0003778573310171396,0.002684099368845545,-0.009134798826863536,0.06590568279918213,29153.214663601164,29152.594059140632,29255.772934933997,29262.582795059272,-0.6206044605314673,0.4932244175006447,-0.0021287685344227726,0.001688253410308909,-500870.0300778556,-525131.4566971329,24261.426619277277,33331.45454141086,-4.843856721773922,2.8065960463293687,1.4291382452585965e7,1.2686979521496994e7,-1.604402931088971e6,3.241718321752391e6,-11.226366213428577,17.117788423354423,0.013667999999998206
501.9999999999977,4.121802356325227,4.122058676635985,0.00025632031075772943,0.002684099368845545,0.006218646325056949,0.06590568279918213,29151.750310235857,29151.128764975278,29254.303663531668,29261.19455898535,-0.6215452605792962,0.4932244175006447,-0.0021321027175546887,0.001688253410308909,-465946.26173033554,-488269.24967882497,22322.987948489434,33331.45454141086,-4.790893238544485,2.8065960463293687,1.4970691127915127e7,1.3403659606559997e7,-1.5670315213551298e6,3.241718321752391e6,-10.467329183174193,17.117788423354423,0.34445999999924787
502.99999999999767,4.080107748308313,4.082350928801537,0.0022431804932239174,0.002684099368845545,0.054978462128946984,0.06590568279918213,29148.104498092875,29147.481747595742,29250.77229290019,29257.741366820537,-0.6227504971320741,0.4932244175006447,-0.0021365042696783933,0.001688253410308909,-384229.51139565976,-404720.88610640593,20491.374710746168,33331.45454141086,-5.333107974011191,2.8065960463293687,1.6011325506281164e7,1.4610670956735533e7,-1.4006545495456308e6,3.241718321752391e6,-8.747898785744884,17.117788423354423,1.4124999999975107
503.99999999999767,4.049078066667166,4.052979000665253,0.0039009339980875524,0.002684099368845545,0.09634128890230184,0.06590568279918213,29135.778163780506,29135.1518406431,29239.10639701098,29246.1819520778,-0.626323137406871,0.4932244175006447,-0.002149670188611851,0.001688253410308909,-114345.04655256053,-132230.32407253553,17885.277519975003,33331.45454141086,-15.641497431857488,2.8065960463293687,1.8817817051556833e7,1.8133675445628952e7,-684141.6059278809,3.241718321752391e6,-3.635605575574881,17.117788423354423,2.4116999999976714
504.9999999999976,4.026868300782853,4.031913732357123,0.005045431574269621,0.002684099368845545,0.12529417893524733,0.06590568279918213,29113.797352566096,29113.16142475393,29218.670462648148,29225.957406285663,-0.6359278121672105,0.4932244175006447,-0.002184283295188766,0.001688253410308909,366541.28650935105,354271.4975575192,-12269.78895183187,33331.45454141086,-3.3474507247681764,2.8065960463293687,2.4075558287040684e7,2.4833968991857998e7,758410.7048173137,3.241718321752391e6,3.1501271778422213,17.117788423354423,3.2369999999980297
505.99999999999756,4.020499352101917,4.025446604838127,0.004947252736210217,0.002684099368845545,0.12305070348099408,0.06590568279918213,29087.158153640306,29086.503006185674,29194.436081935368,29202.145893036366,-0.6551474546322424,0.4932244175006447,-0.002252359791120569,0.001688253410308909,951379.7769080553,950760.4089496095,-619.3679584458005,33331.45454141086,-0.06510207316564165,2.8065960463293687,3.115838269128681e7,3.3819284662067465e7,2.6609019707806557e6,3.241718321752391e6,8.539923259639389,17.117788423354423,3.413399999999569
506.9999999999975,4.040748774786929,4.0436228750690955,0.002874100282166836,0.002684099368845545,0.07112791322490444,0.06590568279918213,29062.07151685604,29061.391283346027,29171.870371225516,29180.198393071638,-0.6802335100110213,0.4932244175006447,-0.0023406229305315863,0.001688253410308909,1.4862210503276817e6,1.5022277272946048e6,16006.676966923056,33331.45454141086,1.0770051307908677,2.8065960463293687,3.87554587453328e7,4.3284449677632526e7,4.528990932299726e6,3.241718321752391e6,11.686072308059412,17.117788423354423,2.472200000002354
507.9999999999975,4.095874290419055,4.09539084927036,-0.0004834411486953627,0.002684099368845545,-0.011803124666843745,0.06590568279918213,29048.82102631003,29048.12603842553,29159.676163329583,29168.52518551508,-0.6949878845007333,0.4932244175006447,-0.0023924822417793496,0.001688253410308909,1.709178227049098e6,1.7372836913908958e6,28105.464341797866,33331.45454141086,1.6443846462005338,2.8065960463293687,4.444873459866287e7,5.0020303971120976e7,5.571569372458108e6,3.241718321752391e6,12.534821120927287,17.117788423354423,0.7120300000044024
508.99999999999744,4.153477053327811,4.150740902796492,-0.002736150531319481,0.002684099368845545,-0.06587614416040286,0.06590568279918213,29054.897468675874,29054.20650458739,29164.847722647257,29173.849155149124,-0.6909640884841792,0.4932244175006447,-0.0023781329437803336,0.001688253410308909,1.472928537015803e6,1.5014360508659354e6,28507.51385013247,33331.45454141086,1.935430887087675,2.8065960463293687,4.588618433103288e7,5.101075858215547e7,5.124574251122594e6,3.241718321752391e6,11.16801129976902,17.117788423354423,-0.6869699999964214
509.9999999999974,4.1661846459229555,4.163522379834728,-0.002662266088227838,0.002684099368845545,-0.06390177859335021,0.06590568279918213,29075.399660082254,29074.71930923227,29183.696471280284,29192.667351025782,-0.6803508499833697,0.4932244175006447,-0.0023399535619021135,0.001688253410308909,950319.2466535287,974544.5738320742,24225.32717854553,33331.45454141086,2.5491777909216333,2.8065960463293687,4.3008543156236224e7,4.6312878273463674e7,3.30433511722745e6,3.241718321752391e6,7.682973834346962,17.117788423354423,-0.9945999999991957
510.9999999999973,4.1725340160845885,4.1701689352493645,-0.0023650808352240205,0.002684099368845545,-0.05668212232918735,0.06590568279918213,29095.94211579426,29095.270344277615,29202.88340610081,29211.82930333747,-0.6717715166450944,0.4932244175006447,-0.0023088151398281552,0.001688253410308909,473971.0284907188,494793.31018424995,20822.281693531142,33331.45454141086,4.393154948697224,2.8065960463293687,3.834362804541249e7,3.938972544657548e7,1.0460974011629894e6,3.241718321752391e6,2.7282170584485073,17.117788423354423,-1.1240999999996542
511.9999999999973,4.2092366954908655,4.205116335751319,-0.004120359739546942,0.002684099368845545,-0.09788852558376836,0.06590568279918213,29110.550660156146,29109.887000661492,29216.543050462344,29225.404900037855,-0.6636594946539844,0.4932244175006447,-0.002279790246504477,0.001688253410308909,152393.46825107725,168684.33371902522,16290.865467947966,33331.45454141086,10.690002435739439,2.8065960463293687,3.381635002907564e7,3.2924642947750285e7,-891707.0813253522,3.241718321752391e6,-2.6369110816473493,17.117788423354423,-2.2308999999970434
512.9999999999973,4.19772133233846,4.194830723178433,-0.0028906091600271466,0.002684099368845545,-0.06886138767141196,0.06590568279918213,29129.336428615123,29128.68440982982,29233.92119156362,29242.625912414886,-0.6520187853020616,0.4932244175006447,-0.002238357838668624,0.001688253410308909,-257992.8880405613,-247933.5285317361,-10059.359508825175,33331.45454141086,3.899084034922566,2.8065960463293687,2.8249234053830232e7,2.5463159120635286e7,-2.7860749331949465e6,3.241718321752391e6,-9.862479555679107,17.117788423354423,-1.7637000000012748
513.9999999999973,4.167890465410063,4.167004791979559,-0.0008856734305044967,0.002684099368845545,-0.02124992098172519,0.06590568279918213,29146.548813812537,29145.90843230104,29249.85674735129,29258.34977777575,-0.6403815114972531,0.4932244175006447,-0.0021971092206765027,0.001688253410308909,-616916.4026521214,-613871.9085959113,-3044.4940562100383,33331.45454141086,0.4935018817982095,2.8065960463293687,2.2538558972634573e7,1.8167988407457013e7,-4.37057056517756e6,3.241718321752391e6,-19.391526186231044,17.117788423354423,-0.8405800000025188
514.9999999999972,4.12495757842059,4.125974269022557,0.0010166906019675181,0.002684099368845545,0.024647298369473176,0.06590568279918213,29149.442160624967,29148.806286652547,29252.667390536964,29260.95783892686,-0.6358739724200859,0.4932244175006447,-0.002181427585873406,0.001688253410308909,-637165.6697588383,-639483.1250898425,2317.4553310042247,33331.45454141086,-0.36371315044034963,2.8065960463293687,1.9443004291250013e7,1.4607851795131925e7,-4.835152496118087e6,3.241718321752391e6,-24.86834042563095,17.117788423354423,0.20753999999702108
515.9999999999972,4.086453091374959,4.088987022136413,0.0025339307614542506,0.002684099368845545,0.06200807166494758,0.06590568279918213,29140.959102081146,29140.322397421245,29244.72403944967,29252.880462771707,-0.6367046599007153,0.4932244175006447,-0.002184913192700113,0.001688253410308909,-416578.4402325079,-421480.5156723008,4902.075439792941,33331.45454141086,-1.176747274068459,2.8065960463293687,1.9365674701853283e7,1.5201987823996298e7,-4.1636868778569847e6,3.241718321752391e6,-21.500345027785283,17.117788423354423,1.1728999999972565
516.999999999997,4.0597333830221265,4.0633451551483635,0.0036117721262369784,0.002684099368845545,0.08896574689711079,0.06590568279918213,29124.73374980254,29124.09319534706,29229.371264771577,29237.46163769696,-0.6405544554800144,0.4932244175006447,-0.0021993487081555115,0.001688253410308909,-47778.85624765282,-53169.63600661855,5390.779758965735,33331.45454141086,-11.282772720685548,2.8065960463293687,2.1929071036021598e7,1.925956721144236e7,-2.669503824579239e6,3.241718321752391e6,-12.173355725804353,17.117788423354423,1.9690999999976466
517.999999999997,4.037408470642927,4.042016553251456,0.004608082608528186,0.002684099368845545,0.1141346644025439,0.06590568279918213,29104.17707953118,29103.528882428156,29210.10849132455,29218.22484566456,-0.6481971030225395,0.4932244175006447,-0.0022271617618709904,0.001688253410308909,401438.0585600153,398072.0190912533,-3366.039468761999,33331.45454141086,-0.8384953536384179,2.8065960463293687,2.6448727217232957e7,2.568973329241865e7,-758993.9248143062,3.241718321752391e6,-2.869680338794433,17.117788423354423,2.7370999999977297
518.999999999997,4.022493764767465,4.027678880474959,0.00518511570749336,0.002684099368845545,0.12890301416770758,0.06590568279918213,29080.726902889786,29080.06448957311,29188.540066869715,29196.853555135243,-0.6624133166769752,0.4932244175006447,-0.0022778430501032296,0.001688253410308909,909515.3313368552,912763.1115286043,3247.7801917491015,33331.45454141086,0.35708910887465056,2.8065960463293687,3.2447951496346053e7,3.3753304947218865e7,1.3053534508728124e6,3.241718321752391e6,4.0229148241293675,17.117788423354423,3.2786999999983992
519.9999999999969,4.035300084540972,4.038938370254489,0.0036382857135173197,0.002684099368845545,0.09016146599494312,0.06590568279918213,29055.87811803067,29055.19403835207,29166.077134678817,29174.80897493907,-0.6840796785982093,0.4932244175006447,-0.00235435899001002,0.001688253410308909,1.4443688124747088e6,1.4599039220428236e6,15535.109568114858,33331.45454141086,1.0755639026501675,2.8065960463293687,3.946069603056497e7,4.281069475452365e7,3.3499987239586785e6,3.241718321752391e6,8.489456753028072,17.117788423354423,2.650900000001927
520.9999999999969,4.065732913336625,4.067090117175836,0.0013572038392108965,0.002684099368845545,0.03338152968088305,0.06590568279918213,29038.84456401021,29038.143064544583,29150.577323347472,29159.772619522417,-0.7014994656274212,0.4932244175006447,-0.0024157278850441472,0.001688253410308909,1.7700150120285186e6,1.7975394182401206e6,27524.406211602036,33331.45454141086,1.5550380095396932,2.8065960463293687,4.551814091506813e7,5.030256151656943e7,4.784420601501301e6,3.241718321752391e6,10.511019354741457,17.117788423354423,1.521400000003467
521.9999999999968,4.123439287482332,4.122079638359376,-0.0013596491229552754,0.002684099368845545,-0.03297366659630008,0.06590568279918213,29036.843741768887,29036.13979688758,29148.38635824548,29157.84122456725,-0.7039448813084164,0.4932244175006447,-0.0024243161122081826,0.001688253410308909,1.7226817600162048e6,1.754650231128905e6,31968.47111270018,33331.45454141086,1.855738642777495,2.8065960463293687,4.851091450693767e7,5.353851110287522e7,5.02759659593755e6,3.241718321752391e6,10.363846254060086,17.117788423354423,-0.005887499995138291
522.9999999999968,4.177857129724225,4.174339417226762,-0.0035177124974623553,0.002684099368845545,-0.08419896583908687,0.06590568279918213,29049.483223311556,29048.786606789425,29159.870495888852,29169.362283990966,-0.6966165221310803,0.4932244175006447,-0.0023980341294748443,0.001688253410308909,1.3635061138591978e6,1.3933712966498379e6,29865.182790640043,33331.45454141086,2.190322616604275,2.8065960463293687,4.763056406591739e7,5.1593547513113506e7,3.9629834471961185e6,3.241718321752391e6,8.320253024321998,17.117788423354423,-1.398499999995567
523.9999999999968,4.19605057884289,4.192187424876887,-0.0038631539660025638,0.002684099368845545,-0.09206642993011477,0.06590568279918213,29073.56116654089,29072.87399811078,29182.39342051318,29191.869317670084,-0.6871684301113419,0.4932244175006447,-0.0023635509464253897,0.001688253410308909,793970.37761213,820750.3826204311,26780.005008301116,33331.45454141086,3.3729224368347492,2.8065960463293687,4.300526550387703e7,4.4781271161487035e7,1.7760056576100066e6,3.241718321752391e6,4.1297400139289815,17.117788423354423,-1.9240999999983268
524.9999999999967,4.194972465089004,4.191897108935018,-0.0030753561539853536,0.002684099368845545,-0.07331052061911697,0.06590568279918213,29099.26487204533,29098.588369912763,29206.474275972112,29215.899400653987,-0.6765021325663838,0.4932244175006447,-0.002324808326055949,0.001688253410308909,223051.73927925897,245998.19775970382,22946.458480444853,33331.45454141086,10.28750484286342,2.8065960463293687,3.645820072569502e7,3.56356366909733e7,-822564.0347217247,3.241718321752391e6,-2.2561838443716664,17.117788423354423,-1.8080000000003829
525.9999999999967,4.1917150466900805,4.189305350850163,-0.0024096958399173474,0.002684099368845545,-0.057487110003341585,0.06590568279918213,29117.90783258871,29117.243069214266,29223.920600372363,29233.15868638114,-0.6647633744432824,0.4932244175006447,-0.0022830052841203118,0.001688253410308909,-169504.77797961351,-153628.04715866633,-15876.730820947181,33331.45454141086,9.366538813942277,2.8065960463293687,3.0266136375360314e7,2.729123000842147e7,-2.9749063669388443e6,3.241718321752391e6,-9.829158006968864,17.117788423354423,-1.6276000000005946
526.9999999999967,4.170118386360145,4.169111964069034,-0.001006422291110809,0.002684099368845545,-0.024134141956321215,0.06590568279918213,29129.530270267416,29128.875412825448,29234.873367188455,29243.848210389144,-0.6548574419684883,0.4932244175006447,-0.0022480878884507892,0.001688253410308909,-393311.65598097595,-385506.2753233925,-7805.380657583475,33331.45454141086,1.9845281823941197,2.8065960463293687,2.5296449498525843e7,2.096362667705579e7,-4.332822821470052e6,3.241718321752391e6,-17.128185604555092,17.117788423354423,-0.9501500000022335
527.9999999999966,4.141156090855785,4.141499079909045,0.00034298905326046736,0.002684099368845545,0.00828244687559187,0.06590568279918213,29133.724957134695,29133.07533912035,29238.89606468864,29247.641736634778,-0.6496180143440142,0.4932244175006447,-0.0022297801441450286,0.001688253410308909,-448759.64786764747,-446856.1711828012,-1903.476684846275,33331.45454141086,0.42416395812122276,2.8065960463293687,2.209820457067905e7,1.730816826784947e7,-4.7900363028295785e6,3.241718321752391e6,-21.67613340490669,17.117788423354423,-0.20711000000253418
528.9999999999966,4.144698148825961,4.144664713847351,-3.3434978610635824e-5,0.002684099368845545,-0.0008066927291220642,0.06590568279918213,29129.502465166817,29128.853148918486,29234.943278773968,29243.541988146753,-0.6493162483311608,0.4932244175006447,-0.00222906741750092,0.001688253410308909,-325287.6202828155,-326215.2617112751,927.6414284596103,33331.45454141086,-0.28517575542933027,2.8065960463293687,2.1162751274721857e7,1.6808293462304246e7,-4.3544578124176115e6,3.241718321752391e6,-20.57604777323473,17.117788423354423,-0.2797999999997521
529.9999999999965,4.133863548410111,4.134115546741296,0.0002519983311852769,0.002684099368845545,0.006095951843456367,0.06590568279918213,29125.095008569162,29124.444800540048,29230.757914023132,29239.263017689413,-0.6502080291138554,0.4932244175006447,-0.002232466637181962,0.001688253410308909,-211508.03795979536,-213696.3561902091,2188.3182304137445,33331.45454141086,-1.0346265094803215,2.8065960463293687,2.1143121344128415e7,1.752299109379868e7,-3.6201302503297366e6,3.241718321752391e6,-17.122023713566165,17.117788423354423,-0.026526000000892613
530.9999999999965,4.130138618813873,4.130433363975271,0.00029474516139860185,0.002684099368845545,0.007136447189834253,0.06590568279918213,29122.61743192363,29121.966277194082,29228.381893960646,29236.83023199348,-0.6511547295485798,0.4932244175006447,-0.0022359073015009875,0.001688253410308909,-148261.2731296191,-150869.0762627792,2607.8031331601087,33331.45454141086,-1.7589240117209886,2.8065960463293687,2.1250165761917237e7,1.828003857067426e7,-2.970127191242978e6,3.241718321752391e6,-13.9769601071338,17.117788423354423,0.05969299999969614
531.9999999999965,4.102440516367675,4.103872608473965,0.0014320921062900283,0.002684099368845545,0.034908296673074275,0.06590568279918213,29119.27440945903,29118.621984400008,29225.1644350398,29233.584915796047,-0.6524250590227894,0.4932244175006447,-0.0022405264974969885,0.001688253410308909,-70580.8090023497,-73036.71408410554,2455.905081755831,33331.45454141086,-3.4795649362336882,2.8065960463293687,2.17080819090077e7,1.932159185155509e7,-2.386490057452608e6,3.241718321752391e6,-10.993555614244949,17.117788423354423,0.7168399999976841
532.9999999999964,4.069655075904704,4.072627770044674,0.0029726941399701445,0.002684099368845545,0.07304535850152609,0.06590568279918213,29112.35894262021,29111.70449397338,29218.549055701566,29226.96287932488,-0.6544486468301329,0.4932244175006447,-0.0022480096790508672,0.001688253410308909,79929.56428892442,78009.45783591866,-1920.106453005763,33331.45454141086,-2.4022481169359082,2.8065960463293687,2.3049057083702113e7,2.1359692599040378e7,-1.6893644846617356e6,3.241718321752391e6,-7.329429913453065,17.117788423354423,1.6182999999967207
533.9999999999964,4.044375285198294,4.048601900692529,0.0042266154942351974,0.002684099368845545,0.10450601628646755,0.06590568279918213,29097.44313763903,29096.783767385325,29204.471278342706,29212.920744651055,-0.6593702537065838,0.4932244175006447,-0.0022660762685833883,0.001688253410308909,400825.8375989263,400520.48527669825,-305.35232222802006,33331.45454141086,-0.07618079813845763,2.8065960463293687,2.629296505260743e7,2.5748793547349412e7,-544171.5052580163,3.241718321752391e6,-2.0696467825870086,17.117788423354423,2.4504999999969725
534.9999999999962,4.0233349482129395,4.0286319667856505,0.005297018572711032,0.002684099368845545,0.13165740960900682,0.06590568279918213,29076.333324001498,29075.663465714268,29184.916967292156,29193.50831063844,-0.6698582872304542,0.4932244175006447,-0.0023037921589566784,0.001688253410308909,855751.1030460458,859963.8381071296,4212.735061083804,33331.45454141086,0.4922850868773146,2.8065960463293687,3.14566067654344e7,3.250550164237853e7,1.0488948769441321e6,3.241718321752391e6,3.334418377562242,17.117788423354423,3.236299999997052
535.9999999999962,4.016036891206555,4.02134288710567,0.00530599589911418,0.002684099368845545,0.1321201981668071,0.06590568279918213,29051.360929974864,29050.671796244547,29162.289075441862,29171.228439007147,-0.6891337303168257,0.4932244175006447,-0.0023721220220212997,0.001688253410308909,1.398179337098525e6,1.41255226882275e6,14372.931724225171,33331.45454141086,1.0279748343335988,2.8065960463293687,3.81723012869092e7,4.111468911016222e7,2.9423878232530206e6,3.241718321752391e6,7.708175100939179,17.117788423354423,3.463399999999148
536.9999999999962,4.056165686480975,4.058058189080972,0.0018925025999969591,0.002684099368845545,0.046657428376374974,0.06590568279918213,29027.10264831384,29026.38837179646,29140.578765214053,29150.0679347102,-0.7142765173812222,0.4932244175006447,-0.0024607227460323668,0.001688253410308909,1.912826030030418e6,1.9423573964765074e6,29531.366446089465,33331.45454141086,1.5438605488665298,2.8065960463293687,4.546818862601609e7,5.026587844930807e7,4.79768982329198e6,3.241718321752391e6,10.551750505730125,17.117788423354423,1.813200000006191
537.9999999999961,4.100138320937713,4.099656172672998,-0.00048214826471504324,0.002684099368845545,-0.011759317051644604,0.06590568279918213,29019.194290627827,29018.470329734508,29133.214728715884,29143.08190574981,-0.7239608933195996,0.4932244175006447,-0.0024947656577543687,0.001688253410308909,2.0051481545621275e6,2.0429667849220037e6,37818.6303598762,33331.45454141086,1.8860766110389888,2.8065960463293687,4.997987543484565e7,5.5546014925341584e7,5.566139490495935e6,3.241718321752391e6,11.136761430612246,17.117788423354423,0.528170000004967
538.9999999999961,4.137878942275567,4.136147863329727,-0.0017310789458395703,0.002684099368845545,-0.04183493451569147,0.06590568279918213,29030.03522112549,29029.31968256376,29142.72400179525,29152.644510204882,-0.7155385617297725,0.4932244175006447,-0.0024648215418252985,0.001688253410308909,1.6597057631632658e6,1.695447406338602e6,35741.6431753363,33331.45454141086,2.1534927436303892,2.8065960463293687,5.0028602007061996e7,5.482488776752134e7,4.796285760459341e6,3.241718321752391e6,9.58708732213285,17.117788423354423,-0.37845999999649554
539.9999999999961,4.177189321241652,4.174051333194688,-0.0031379880469639687,0.002684099368845545,-0.07512199724840853,0.06590568279918213,29047.014084038998,29046.308059905867,29158.433118346013,29168.32016392097,-0.7060241331309953,0.4932244175006447,-0.0024306255062510797,0.001688253410308909,1.2264813312071958e6,1.2583224605737801e6,31841.129366584355,33331.45454141086,2.5961364887016996,2.8065960463293687,4.722264381044068e7,5.0340120590009004e7,3.117476779568322e6,3.241718321752391e6,6.60165659526048,17.117788423354423,-1.397999999996059
540.999999999996,4.196759060848545,4.19307739626381,-0.003681664584735067,0.002684099368845545,-0.08772637483722187,0.06590568279918213,29068.20116226673,29067.504285956675,29178.367312883838,29188.210718901228,-0.6968763100558135,0.4932244175006447,-0.002397383677667763,0.001688253410308909,739682.209391375,767849.3294672592,28167.120075884275,33331.45454141086,3.8080029123670194,2.8065960463293687,4.226391343195363e7,4.3167639800086804e7,903726.3681331724,3.241718321752391e6,2.138293155432005,17.117788423354423,-1.9657999999977407
541.999999999996,4.196612865351204,4.193573033523709,-0.003039831827495121,0.002684099368845545,-0.07243536454346558,0.06590568279918213,29091.45393709,29090.768365187632,29200.209139874292,29209.944286480444,-0.685571902366064,0.4932244175006447,-0.002356609277242062,0.001688253410308909,230472.2769650575,253439.45166347758,22967.174698420073,33331.45454141086,9.965265671368442,2.8065960463293687,3.5845823113817856e7,3.43515461837286e7,-1.4942769300892577e6,3.241718321752391e6,-4.168622172085772,17.117788423354423,-1.8804000000003398
542.9999999999959,4.188639395194136,4.186523292760426,-0.0021161024337104095,0.002684099368845545,-0.050520043242164366,0.06590568279918213,29109.790007998123,29109.116598827055,29217.407339231948,29226.91916906529,-0.6734091710677603,0.4932244175006447,-0.002313342593274415,0.001688253410308909,-152315.67594805238,-137057.59853448268,-15258.0774135697,33331.45454141086,10.017404524254944,2.8065960463293687,2.9629974303141367e7,2.6156034662826773e7,-3.473939640314594e6,3.241718321752391e6,-11.724409899155017,17.117788423354423,-1.5482000000013598
543.9999999999959,4.157563816284339,4.157253773814759,-0.0003100424695805515,0.002684099368845545,-0.007457311138945784,0.06590568279918213,29120.471934634188,29119.807829672096,29227.510787615724,29236.747311115443,-0.6641049620920967,0.4932244175006447,-0.0022805432672341037,0.001688253410308909,-352805.49512140907,-345489.05714229954,-7316.437979109527,33331.45454141086,2.0737879880787458,2.8065960463293687,2.4779295496298224e7,2.013198146199042e7,-4.647314034307804e6,3.241718321752391e6,-18.754827129778835,17.117788423354423,-0.641950000003709
544.9999999999959,4.138180149050286,4.1386572690168215,0.0004771199665354331,0.002684099368845545,0.011529705072045553,0.06590568279918213,29121.557649484406,29120.897063238735,29228.601472483548,29237.62215012079,-0.6605862456708564,0.4932244175006447,-0.0022683753857601504,0.001688253410308909,-339957.11657965794,-337696.98469807196,-2260.131881585985,33331.45454141086,0.6648285243519519,2.8065960463293687,2.2189413232680727e7,1.737460681344264e7,-4.814806419238087e6,3.241718321752391e6,-21.698664893701675,17.117788423354423,-0.153520000001999
545.9999999999958,4.131961080794027,4.13245883158666,0.0004977507926327007,0.002684099368845545,0.01204635723570391,0.06590568279918213,29115.834474430838,29115.173200221827,29223.19118070387,29232.079840057708,-0.661274209011026,0.4932244175006447,-0.002271184120076478,0.001688253410308909,-188579.56706751283,-188457.15433969567,-122.41272781716543,33331.45454141086,0.06491303894728999,2.8065960463293687,2.1736556098036878e7,1.7559844130137254e7,-4.1767119678996243e6,3.241718321752391e6,-19.215150500666667,17.117788423354423,-0.00334940000063168
546.9999999999958,4.086825865233336,4.089227027604673,0.002401162371337584,0.002684099368845545,0.05875372356244228,0.06590568279918213,29110.509074179616,29109.846473608995,29218.094319561962,29226.899266716413,-0.6626005706202704,0.4932244175006447,-0.0022761559027766457,0.001688253410308909,-60606.320052602765,-61352.728861451535,746.4088088487697,33331.45454141086,-1.2315692624150916,2.8065960463293687,2.2086042889556926e7,1.8760777955435313e7,-3.3252649341216125e6,3.241718321752391e6,-15.055956156337617,17.117788423354423,1.1078999999953258
547.9999999999957,4.059700113302996,4.063331807996345,0.003631694693349452,0.002684099368845545,0.08945721585318489,0.06590568279918213,29099.55955618485,29098.893776186032,29207.66732374116,29216.429788141573,-0.6657799988170154,0.4932244175006447,-0.002287938405155379,0.001688253410308909,181325.3994018836,180729.29015269742,-596.1092491861782,33331.45454141086,-0.328751102246289,2.8065960463293687,2.3993966394596383e7,2.1835081552472766e7,-2.1588848421236165e6,3.241718321752391e6,-8.997615511413791,17.117788423354423,1.9137999999965183
548.9999999999957,4.046644449947214,4.05063659228892,0.003992142341705751,0.002684099368845545,0.09865315302800634,0.06590568279918213,29080.198993975842,29079.526160546557,29189.462849138436,29198.243697138456,-0.6728334292856744,0.4932244175006447,-0.0023137167301539316,0.001688253410308909,600143.0584437402,601300.1373330989,1157.0788893586723,33331.45454141086,0.19280051199111575,2.8065960463293687,2.8187105177345913e7,2.7682033104866985e7,-505072.0724789277,3.241718321752391e6,-1.7918550674187577,17.117788423354423,2.3249999999982234
549.9999999999957,4.026866213111793,4.031825236985768,0.004959023873975177,0.002684099368845545,0.12314846363229563,0.06590568279918213,29060.121634924864,29059.43784842035,29170.855088105473,29179.770977857956,-0.6837865045126819,0.4932244175006447,-0.002353006340107323,0.001688253410308909,1.0244616174682456e6,1.0303561180807061e6,5894.5006124605425,33331.45454141086,0.5753754471570771,2.8065960463293687,3.3451145182529982e7,3.4686561577049606e7,1.2354163945196234e6,3.241718321752391e6,3.693196115643973,17.117788423354423,3.0373999999969223
550.9999999999956,4.0173300499813935,4.022561153188813,0.005231103207419707,0.002684099368845545,0.1302134288778174,0.06590568279918213,29038.635404079454,29037.93440792033,29151.308070567633,29160.543631058546,-0.7009961591247702,0.4932244175006447,-0.0024140120545275063,0.001688253410308909,1.478111091290468e6,1.4934540324382887e6,15342.941147820791,33331.45454141086,1.0380100141475568,2.8065960463293687,3.957419958928231e7,4.2551123219394766e7,2.9769236301124543e6,3.241718321752391e6,7.522384940209076,17.117788423354423,3.3646999999985487
551.9999999999956,4.007143687251579,4.012743278742679,0.005599591491099787,0.002684099368845545,0.13974022216658857,0.06590568279918213,29015.90830480445,29015.184331292774,29130.92021321988,29140.657572585267,-0.7239735116745578,0.4932244175006447,-0.002495091672021456,0.001688253410308909,1.955515651142972e6,1.9846296853394564e6,29114.03419648437,33331.45454141086,1.4888162198787627,2.8065960463293687,4.63979025310554e7,5.1085249412038915e7,4.687346880983517e6,3.241718321752391e6,10.102497365793951,17.117788423354423,3.731199999998375
552.9999999999956,4.116812076694541,4.1152735046681945,-0.0015385720263463298,0.002684099368845545,-0.03737289916768986,0.06590568279918213,28994.082859201066,28993.331821104442,29111.545756827887,29121.9484272639,-0.7510380966232333,0.4932244175006447,-0.00259031506625117,0.001688253410308909,2.4033636289516566e6,2.449836539007571e6,46472.91005591443,33331.45454141086,1.9336612028278817,2.8065960463293687,5.342403496469644e7,5.967897840039521e7,6.25494343569877e6,3.241718321752391e6,11.708107483517763,17.117788423354423,0.08611600001616153
553.9999999999955,4.198252218026994,4.192775521784757,-0.005476696242237011,0.002684099368845545,-0.1304518156084208,0.06590568279918213,29000.189423828688,28999.436478474134,29117.267457854537,29127.912819079633,-0.7529453545539582,0.4932244175006447,-0.0025963463326045826,0.001688253410308909,2.1727209435739405e6,2.222661893848532e6,49940.950274591334,33331.45454141086,2.298544155994682,2.8065960463293687,5.518773614762635e7,6.1243214059368566e7,6.055477911742218e6,3.241718321752391e6,10.972506456042892,17.117788423354423,-2.2016999999895965
554.9999999999955,4.2045638369381155,4.199879171191409,-0.004684665746706784,0.002684099368845545,-0.1114185900937181,0.06590568279918213,29039.705583493575,29038.97292364102,29153.519786876168,29164.101061140645,-0.7326598525542067,0.4932244175006447,-0.002522958955102689,0.001688253410308909,1.200342987719371e6,1.2441520808227786e6,43809.09310340765,33331.45454141086,3.6497145858821654,2.8065960463293687,4.8702743091167204e7,5.1929967478674434e7,3.22722438750723e6,3.241718321752391e6,6.626370883188557,17.117788423354423,-2.3494999999993276
555.9999999999953,4.198967317544212,4.195680348207888,-0.003286969336324219,0.002684099368845545,-0.07828042201211083,0.06590568279918213,29075.336848541072,29074.620644417897,29186.643136379862,29197.189281697712,-0.7162041231749754,0.4932244175006447,-0.0024632702517113324,0.001688253410308909,396985.2818483276,436022.0252276251,39036.74337929749,33331.45454141086,9.833297395194588,2.8065960463293687,3.9835371061341874e7,3.9551595842824556e7,-283775.21851731837,3.241718321752391e6,-0.7123699640712202,17.117788423354423,-2.033900000001471
556.9999999999953,4.182081074697247,4.180349697284761,-0.0017313774124856351,0.002684099368845545,-0.04139990070878706,0.06590568279918213,29095.856676640782,29095.157461857263,29205.81666794837,29216.062462264024,-0.6992147835189826,0.4932244175006447,-0.002403142108135066,0.001688253410308909,-33629.03386058247,-5877.975597647367,-27751.058262935105,33331.45454141086,82.52112855214342,2.8065960463293687,3.244150619968185e7,2.944682746856748e7,-2.994678731114369e6,3.241718321752391e6,-9.231010153109775,17.117788423354423,-1.4035000000029385
557.9999999999953,4.166492390825116,4.165741950914488,-0.0007504399106279536,0.002684099368845545,-0.018011311199810913,0.06590568279918213,29105.211691723394,29104.524027375664,29214.701498019145,29224.590493958745,-0.6876643477298785,0.4932244175006447,-0.002362684576953029,0.001688253410308909,-202350.69003801246,-185409.25685584382,-16941.433182168636,33331.45454141086,8.372313026946493,2.8065960463293687,2.732609468152973e7,2.2863473679588452e7,-4.462621001941279e6,3.241718321752391e6,-16.330987116712496,17.117788423354423,-0.91224000000229
558.9999999999952,4.146253711515977,4.1463920058137544,0.00013829429777700852,0.002684099368845545,0.0033354036534933734,0.06590568279918213,29107.17486688377,29106.492480701007,29216.645876746592,29226.256268730176,-0.6823861827651854,0.4932244175006447,-0.0023443916693597065,0.001688253410308909,-209897.57743447964,-199987.60553270704,-9909.971901772602,33331.45454141086,4.721336960101905,2.8065960463293687,2.4355345003993373e7,1.953842482740978e7,-4.816920176583592e6,3.241718321752391e6,-19.777671701196578,17.117788423354423,-0.37758000000255293
559.9999999999952,4.133148896991458,4.1336922548039485,0.0005433578124902638,0.002684099368845545,0.01314634013997843,0.06590568279918213,29104.75665868708,29104.075797109093,29214.354658660952,29223.77821274856,-0.680861577988253,0.4932244175006447,-0.0023393481209025395,0.001688253410308909,-132118.50088078482,-126029.95782147661,-6088.543059308213,33331.45454141086,4.608395507607311,2.8065960463293687,2.30633102722967e7,1.863339912906754e7,-4.42991114322916e6,3.241718321752391e6,-19.207611964316772,17.117788423354423,-0.05656200000153281
560.9999999999952,4.130268254649166,4.1307228477292055,0.0004545930800397002,0.002684099368845545,0.011006381474810875,0.06590568279918213,29099.908555718208,29099.2272927457,29209.68877673345,29218.993482405698,-0.6812629725063744,0.4932244175006447,-0.0023411172279182452,0.001688253410308909,-12771.461591206227,-8510.298027237082,-4261.163563969145,33331.45454141086,33.36472911528907,2.8065960463293687,2.2977576584690206e7,1.931454973454143e7,-3.6630268501487747e6,3.241718321752391e6,-15.941745800074598,17.117788423354423,0.012858999999668524
561.9999999999951,4.13019886322249,4.130491956234732,0.0002930930122424513,0.002684099368845545,0.007096341409909073,0.06590568279918213,29095.90226356555,29095.220179170476,29205.80830082405,29215.035966368883,-0.6820843950736162,0.4932244175006447,-0.0023442627380823155,0.001688253410308909,79168.91149779332,82588.24924054406,3419.3377427507367,33331.45454141086,4.319040994830457,2.8065960463293687,2.3311052654087834e7,2.0415704576124717e7,-2.8953480779631175e6,3.241718321752391e6,-12.4204947795671,17.117788423354423,0.012859
562.9999999999951,4.130130973385157,4.130330472667605,0.00019949928244855641,0.002684099368845545,0.004830337917469041,0.06590568279918213,29093.706857858946,29093.024046161383,29203.659532772224,29212.839618389786,-0.682811697563011,0.4932244175006447,-0.0023469394975998608,0.001688253410308909,126975.74148853977,130108.80649367657,3133.0650051367993,33331.45454141086,2.467451631632783,2.8065960463293687,2.3591940692134384e7,2.1266906088666294e7,-2.3250346034680903e6,3.241718321752391e6,-9.855207054853537,17.117788423354423,0.012859
563.999999999995,4.130093401151148,4.130239640352209,0.00014623920106071608,0.002684099368845545,0.0035408206753860813,0.06590568279918213,29092.534703304198,29091.851394979938,29202.49034622603,29211.640358513414,-0.6833083242599969,0.4932244175006447,-0.0023487411159894217,0.001688253410308909,150737.48004010716,153805.9208705591,3068.440830451931,33331.45454141086,2.03561903093743,2.8065960463293687,2.375853444517509e7,2.1800657817700405e7,-1.9578766274746843e6,3.241718321752391e6,-8.240729797507743,17.117788423354423,0.012859
564.999999999995,4.1300784621334055,4.130190297886213,0.00011183575280782065,0.002684099368845545,0.0027078360334600407,0.06590568279918213,29091.81991909401,29091.136358222586,29201.759726163258,29210.888450054437,-0.6835608714245609,0.4932244175006447,-0.0023496669281110024,0.001688253410308909,163900.85580690904,166934.27500714306,3033.419200234028,33331.45454141086,1.850764710958976,2.8065960463293687,2.3846818805929087e7,2.211012551717707e7,-1.7366932887520157e6,3.241718321752391e6,-7.2827042587341575,17.117788423354423,0.012859
565.999999999995,4.130080711522298,4.130169650248093,8.893872579474049e-5,0.002684099368845545,0.00215343795937486,0.06590568279918213,29091.362337419585,29090.678718681505,29201.276775820606,29210.38900494407,-0.6836187380795309,0.4932244175006447,-0.002349902799843124,0.001688253410308909,171192.7270551303,174169.3622417849,2976.635186654603,33331.45454141086,1.7387626436349821,2.8065960463293687,2.3879938155730065e7,2.227247662083807e7,-1.6074615348919965e6,3.241718321752391e6,-6.731430895713109,17.117788423354423,0.012859
566.9999999999949,4.13009618537019,4.130167702664612,7.151729442167465e-5,0.002684099368845545,0.001731613289661543,0.06590568279918213,29091.064770138866,29090.38122867533,29200.94888743923,29210.047629865447,-0.6835414635352208,0.4932244175006447,-0.0023496612067525845,0.001688253410308909,174896.01083407077,177791.29984957358,2895.2890155028144,33331.45454141086,1.655434564628043,2.8065960463293687,2.3872171076186974e7,2.2340242520178687e7,-1.5319285560082868e6,3.241718321752391e6,-6.4172150539605495,17.117788423354423,0.012859
567.9999999999949,4.1300486923541655,4.130110730524933,6.203817076766427e-5,0.002684099368845545,0.0015021171755798827,0.06590568279918213,29090.87257574494,29090.18919998532,29200.723968690356,29209.811228072995,-0.6833757596177747,0.4932244175006447,-0.002349107122305957,0.001688253410308909,176285.39437933426,179080.32593336338,2794.9315540291136,33331.45454141086,1.5854583778023759,2.8065960463293687,2.383284684010341e7,2.2346364435127947e7,-1.4864824049754627e6,3.241718321752391e6,-6.237116425697691,17.117788423354423,0.014560999999991293
568.9999999999948,4.101283158196139,4.102646458249683,0.0013633000535433482,0.002684099368845545,0.03324081759190132,0.06590568279918213,29090.740367383605,29090.057209518774,29200.558629536263,29209.63583071321,-0.6831578648307186,0.4932244175006447,-0.002348368780592026,0.001688253410308909,176388.7124920996,179071.5422295823,2682.82973748268,33331.45454141086,1.5209758604042436,2.8065960463293687,2.377095706706198e7,2.2314042560318995e7,-1.456914506742984e6,3.241718321752391e6,-6.128968651252772,17.117788423354423,0.7030899999963993
569.9999999999948,4.055309361407063,4.059092737839039,0.0037833764319765706,0.002684099368845545,0.09329439741346539,0.06590568279918213,29085.781913597733,29085.097990098526,29195.799122520293,29204.875929859783,-0.6839234992075944,0.4932244175006447,-0.0023514014553201925,0.001688253410308909,280236.0751167316,283034.953569889,2798.8784531574347,33331.45454141086,0.9987573698324063,2.8065960463293687,2.463370970437523e7,2.3483210240390524e7,-1.1504994639847055e6,3.241718321752391e6,-4.6704271414725795,17.117788423354423,2.043399999992991
570.9999999999948,4.017409120216476,4.023561371122544,0.006152250906068524,0.002684099368845545,0.15313976550481403,0.06590568279918213,29068.74774094316,29068.058291443802,29179.84550519163,29188.973211245724,-0.689449499357579,0.4932244175006447,-0.0023717894747371368,0.001688253410308909,650020.1094526278,654404.0170295823,4383.907576954458,33331.45454141086,0.6744264543824776,2.8065960463293687,2.813827615022445e7,2.8087540028147176e7,-50736.12207727507,3.241718321752391e6,-0.18030998703120754,17.117788423354423,3.5112999999923233
571.9999999999947,4.0175442537818515,4.022944321767404,0.005400067985552148,0.002684099368845545,0.1344121593799217,0.06590568279918213,29039.07337439859,29038.36503013172,29152.944105552757,29162.33178133615,-0.7083442668699718,0.4932244175006447,-0.0024392798548953072,0.001688253410308909,1.3175399980766724e6,1.3297725908075315e6,12232.592730859062,33331.45454141086,0.9284418498653582,2.8065960463293687,3.502901888679683e7,3.706619839512645e7,2.037179508329615e6,3.241718321752391e6,5.815691027239905,17.117788423354423,3.406200000000562
572.9999999999947,4.003254546817528,4.009223848878703,0.005969302061174631,0.002684099368845545,0.14911122916028544,0.06590568279918213,29011.10500547328,29010.370626887016,29127.916260028738,29137.786658416386,-0.7343785862649383,0.4932244175006447,-0.0025313706117929304,0.001688253410308909,1.926218254748345e6,1.9523678622537036e6,26149.607505358756,33331.45454141086,1.3575620229377967,2.8065960463293687,4.292195419330882e7,4.71916295355125e7,4.269675342203677e6,3.241718321752391e6,9.947532498110917,17.117788423354423,3.955899999997063
573.9999999999947,3.9446404206894465,3.9560800526076414,0.01143963191819486,0.002684099368845545,0.29000442874829724,0.06590568279918213,28988.126363266827,28987.36169032566,29107.5034287165,29118.08253328723,-0.7646729411681008,0.4932244175006447,-0.0026378832891286105,0.001688253410308909,2.3986723627955364e6,2.4442734892706545e6,45601.1264751181,33331.45454141086,1.9010985903040214,2.8065960463293687,5.049863792014317e7,5.6646394211244956e7,6.1477562911017835e6,3.241718321752391e6,12.174103192295279,17.117788423354423,7.172699999982812
574.9999999999945,4.008770281048864,4.012702616288659,0.00393233523979486,0.002684099368845545,0.09809330453243117,0.06590568279918213,28942.792966661455,28941.92176363672,29070.413200334428,29082.95878525423,-0.8712030247334042,0.4932244175006447,-0.0030100862267747382,0.001688253410308909,3.5548656967359404e6,3.6619226737784324e6,107056.97704249201,33331.45454141086,3.0115617909501107,2.8065960463293687,6.2542838219059885e7,7.18770487298833e7,9.334210510823414e6,3.241718321752391e6,14.924507388247724,17.117788423354423,3.4216000000204696
575.9999999999945,3.9947202160579622,3.9994116989251984,0.004691482867236196,0.002684099368845545,0.11744208889467127,0.06590568279918213,28915.985490507075,28915.047366431718,29048.07932320007,29062.087910250822,-0.9381240753573366,0.4932244175006447,-0.0032443095382839932,0.001688253410308909,4.126215380129361e6,4.272942856372176e6,146727.47624281468,33331.45454141086,3.5559820010707877,2.8065960463293687,7.255427217692441e7,8.423261866511552e7,1.1678346488191113e7,3.241718321752391e6,16.09601493860118,17.117788423354423,3.941699999997162
576.9999999999944,3.939727684360796,3.950375336277872,0.010647651917075951,0.002684099368845545,0.27026365196109964,0.06590568279918213,28915.58007809859,28914.652182439913,29045.908393969134,29060.354695503956,-0.92789565867497,0.4932244175006447,-0.0032089816499229853,0.001688253410308909,3.8843789968418484e6,4.0310717903704136e6,146692.7935285652,33331.45454141086,3.7764799379214073,2.8065960463293687,7.709074982627143e7,8.905958481875329e7,1.1968834992481858e7,3.241718321752391e6,15.52564350386309,17.117788423354423,6.974899999983102
577.9999999999944,3.920436081978494,3.9326440291824873,0.012207947203993541,0.002684099368845545,0.31139258359831895,0.06590568279918213,28881.234633764674,28880.21599337963,29017.864618324198,29034.41239496649,-1.0186403850457282,0.4932244175006447,-0.0035269973668468073,0.001688253410308909,4.709006578674493e6,4.912279357888615e6,203272.7792141214,33331.45454141086,4.316680722738325,2.8065960463293687,8.645357052806753e7,1.0018487136495103e8,1.37313008368835e7,3.241718321752391e6,15.882861463108194,17.117788423354423,8.09999999999373
578.9999999999944,3.9984651099162685,4.001332620385494,0.0028675104692252873,0.002684099368845545,0.0717152804988546,0.06590568279918213,28827.305434444534,28826.097776515373,28975.82669540677,28995.92535385296,-1.2076579291606322,0.4932244175006447,-0.004189284815075545,0.001688253410308909,6.144251917363577e6,6.455844846287957e6,311592.9289243808,33331.45454141086,5.071291560227588,2.8065960463293687,1.0096320437798724e8,1.1829167710222435e8,1.7328472724237114e7,3.241718321752391e6,17.163156449910772,17.117788423354423,3.4150000000260983
579.9999999999943,4.103766425024708,4.100224713892831,-0.003541711131877179,0.002684099368845545,-0.08630391608742338,0.06590568279918213,28815.798201869686,28814.538404351446,28966.120409462892,28987.569943749557,-1.2597975182397931,0.4932244175006447,-0.004371898739067559,0.001688253410308909,6.216714941143604e6,6.555468742632895e6,338753.8014892908,33331.45454141086,5.4490804982442205,2.8065960463293687,1.0906480483225866e8,1.2800382855633868e8,1.8939023724080026e7,3.241718321752391e6,17.364926983739796,17.117788423354423,-0.024226999980450255
580.9999999999943,4.113853821950078,4.111432803102004,-0.002421018848074219,0.002684099368845545,-0.05885038586340898,0.06590568279918213,28856.18625201443,28855.033619837566,28998.815113258202,29018.851488822784,-1.1526321768651542,0.4932244175006447,-0.00399440233299953,0.001688253410308909,4.86186225234159e6,5.132611628377721e6,270749.3760361308,33331.45454141086,5.568840949900039,2.8065960463293687,1.051208777251523e8,1.2175340059628987e8,1.6632522871137574e7,3.241718321752391e6,15.822283100246516,17.117788423354423,-0.2555499999986851
581.9999999999942,4.120362932954456,4.118989687853009,-0.0013732451014467628,0.002684099368845545,-0.0333282558791998,0.06590568279918213,28895.534481689356,28894.459192218535,29033.095686828055,29051.90593014566,-1.0752894708202803,0.4932244175006447,-0.0037212998136500097,0.001688253410308909,3.7507606077386383e6,3.9695780309417117e6,218817.42320307344,33331.45454141086,5.833947993151184,2.8065960463293687,9.687496802986224e7,1.097171120062174e8,1.2842143976355165e7,3.241718321752391e6,13.256411060075399,17.117788423354423,-0.3688999999993428
582.9999999999942,4.175919772323866,4.172279856731932,-0.0036399155919335513,0.002684099368845545,-0.0871644042602851,0.06590568279918213,28918.16405382624,28917.134959347815,29053.07057739627,29071.128983074846,-1.0290944784246676,0.4932244175006447,-0.003558643890771155,0.001688253410308909,3.1301019741574866e6,3.3166969191388497e6,186594.94498136314,33331.45454141086,5.961305622689431,2.8065960463293687,8.93624684142325e7,9.854454376378231e7,9.1820753495498e6,3.241718321752391e6,10.275091447773164,17.117788423354423,-1.90219999999111
583.9999999999942,4.206426637093979,4.201414561051024,-0.005012076042954838,0.002684099368845545,-0.11915282198805789,0.06590568279918213,28944.810460392186,28943.81824736082,29077.54444206551,29095.046132636315,-0.992213031364372,0.4932244175006447,-0.0034279479311916973,0.001688253410308909,2.4807028261146815e6,2.6428410898990314e6,162138.2637843499,33331.45454141086,6.535980935624345,2.8065960463293687,8.054247386661728e7,8.590236665733333e7,5.359892790716052e6,3.241718321752391e6,6.654740701896402,17.117788423354423,-2.953699999993903
584.9999999999941,4.209861680054053,4.205576171321948,-0.004285508732104759,0.002684099368845545,-0.10179690112882128,0.06590568279918213,28980.717004053342,28979.76301178058,29110.96249015467,29127.96255024694,-0.9539922727635712,0.4932244175006447,-0.003291817357831908,0.001688253410308909,1.6681043233224903e6,1.8077195232498266e6,139615.1999273363,33331.45454141086,8.369692349292285,2.8065960463293687,6.920798100971046e7,7.035141476878245e7,1.1434337590719908e6,3.241718321752391e6,1.6521703745577514,17.117788423354423,-2.9500000000000224
585.9999999999941,4.208174425425051,4.204811912980032,-0.0033625124450189503,0.002684099368845545,-0.07990430303228974,0.06590568279918213,29011.883841787894,29010.968153747115,29139.931442460485,29156.23074893501,-0.9156880407790595,0.4932244175006447,-0.0031562515752945643,0.001688253410308909,986332.6898979552,1.1001631679336093e6,113830.47803565417,33331.45454141086,11.540779211873323,2.8065960463293687,5.7795576019655466e7,5.512763616670835e7,-2.667939852947116e6,3.241718321752391e6,-4.616166213205985,17.117788423354423,-2.728900000001307
586.9999999999941,4.224530790598737,4.220336666204729,-0.004194124394008014,0.002684099368845545,-0.09928024204111875,0.06590568279918213,29033.429693409304,29032.546116206435,29160.080323115384,29175.516450731317,-0.8835772028687643,0.4932244175006447,-0.003043309771526371,0.001688253410308909,538569.7619815168,625843.0843442939,87273.32236277708,33331.45454141086,16.204645808869643,2.8065960463293687,4.806512679364717e7,4.263985406228839e7,-5.425272731358781e6,3.241718321752391e6,-11.28733677256386,17.117788423354423,-3.270999999996795
587.999999999994,4.233483939812775,4.228968215761999,-0.004515724050775383,0.002684099368845545,-0.10666685205318364,0.06590568279918213,29054.355307070862,29053.504195524034,29179.57260194686,29194.040567900065,-0.8511115468281787,0.4932244175006447,-0.002929376810577678,0.001688253410308909,105667.68745273702,165461.9280012867,59794.24054854967,33331.45454141086,56.587062696242306,2.8065960463293687,3.90082859353749e7,3.156977136526554e7,-7.43851457010936e6,3.241718321752391e6,-19.069062871495458,17.117788423354423,-3.52159999999849
588.999999999994,4.208078276492209,4.206006669095183,-0.002071607397025943,0.002684099368845545,-0.049229298052715975,0.06590568279918213,29077.77728915345,29076.962392838417,29201.19334906962,29214.595920876654,-0.8148963150342752,0.4932244175006447,-0.0028024711343333886,0.001688253410308909,-384212.1399132304,-353470.1711880244,-30741.96872520598,33331.45454141086,8.001300722082513,2.8065960463293687,2.9852959276891623e7,2.0786612395109195e7,-9.066346881782427e6,3.241718321752391e6,-30.370010549675868,17.117788423354423,-2.3332000000071607
589.9999999999939,4.207440420204677,4.205502078318199,-0.0019383418864782342,0.002684099368845545,-0.046069384064716966,0.06590568279918213,29090.106098266795,29089.310892907462,29212.706684936253,29225.298012154602,-0.7952053593326127,0.4932244175006447,-0.002733593877747979,0.001688253410308909,-600977.5416128914,-588835.2354515394,-12142.306161351968,33331.45454141086,2.0204259428338522,2.8065960463293687,2.2992759588293903e7,1.3319954448106747e7,-9.672805140187155e6,3.241718321752391e6,-42.06891783930009,17.117788423354423,-2.208400000000766
590.9999999999939,4.203537320968704,4.201711263440433,-0.001826057528270475,0.002684099368845545,-0.04344097337167594,0.06590568279918213,29094.11293544683,29093.323142854413,29216.633653991696,29228.680694092327,-0.7897925924153242,0.4932244175006447,-0.0027146130702375873,0.001688253410308909,-623457.3767878187,-620410.4071912194,-3046.969596599345,33331.45454141086,0.48872139620802346,2.8065960463293687,1.862478501882545e7,9.30463726471846e6,-9.32014775410699e6,3.241718321752391e6,-50.04163937831457,17.117788423354423,-2.0047000000012507
591.9999999999939,4.185442219930742,4.184626104392312,-0.0008161155384298624,0.002684099368845545,-0.019498908252599575,0.06590568279918213,29099.56719748676,29098.78278739562,29221.743768757915,29233.31624940149,-0.7844100911388523,0.4932244175006447,-0.0026956074151047835,0.001688253410308909,-693749.635743871,-698220.9873205482,4471.351576677174,33331.45454141086,-0.6445194845951567,2.8065960463293687,1.5026668303005738e7,6.291603154541597e6,-8.735065148464141e6,3.241718321752391e6,-58.13041834906873,17.117788423354423,-1.376900000003854
592.9999999999937,4.146975939812312,4.147887190471899,0.0009112506595867487,0.002684099368845545,0.021973859332976766,0.06590568279918213,29100.76990275267,29099.98562685276,29222.777613427974,29234.07216725517,-0.7842758999104262,0.4932244175006447,-0.002695034882345985,0.001688253410308909,-673105.0530141908,-679861.6536856119,6756.600671421154,33331.45454141086,-1.0037958623493959,2.8065960463293687,1.2776401966076046e7,4.881760858010084e6,-7.894641108065962e6,3.241718321752391e6,-61.79080095497813,17.117788423354423,-0.34366000000646063
593.9999999999937,4.134023506938904,4.135124537418073,0.001101030479168763,0.002684099368845545,0.026633386997454125,0.06590568279918213,29093.213406937084,29092.42379081495,29215.38198542353,29226.609367392986,-0.7896161221324292,0.4932244175006447,-0.002714090434383403,0.001688253410308909,-469515.3921509665,-473463.25790092035,3947.8657499538385,33331.45454141086,-0.8408384082719175,2.8065960463293687,1.2842779513067598e7,6.273822348964328e6,-6.56895716410327e6,3.241718321752391e6,-51.14903014117248,17.117788423354423,-0.035978000001923874
594.9999999999936,4.131473977170034,4.132267988835461,0.0007940116654268081,0.002684099368845545,0.019218605026061136,0.06590568279918213,29082.3343168059,29081.53857663645,29204.724387074846,29215.960157139234,-0.7957401694511645,0.4932244175006447,-0.002736163338137983,0.001688253410308909,-212484.12350966537,-212528.20502146278,44.08151179741253,33331.45454141086,-0.020745790823947077,2.8065960463293687,1.4498694200813118e7,9.474293982874129e6,-5.024400217938989e6,3.241718321752391e6,-34.6541567699056,17.117788423354423,0.012858999999689081
595.9999999999936,4.130968097191009,4.131509914298616,0.0005418171076065903,0.002684099368845545,0.013115983828948402,0.06590568279918213,29075.08206584401,29074.282284503828,29197.540475090987,29208.775713827737,-0.7997813401816529,0.4932244175006447,-0.002750744910609202,0.001688253410308909,-49758.72146358016,-47044.32043130792,-2714.401032272239,33331.45454141086,5.455126161669944,2.8065960463293687,1.6216664373359524e7,1.2444869957799755e7,-3.7717944155597687e6,3.241718321752391e6,-23.258756108660744,17.117788423354423,0.012859
596.9999999999936,4.130553801891313,4.130942418647367,0.00038861675605339485,0.002684099368845545,0.009408345095891344,0.06590568279918213,29070.674191740167,29069.871765373377,29193.09809304475,29204.34400861955,-0.8024263667903142,0.4932244175006447,-0.0027602606031693175,0.001688253410308909,44528.78754008331,49538.32531552431,5009.537775441,33331.45454141086,11.250110439076257,2.8065960463293687,1.761125145803129e7,1.4689614947468333e7,-2.9216365105629563e6,3.241718321752391e6,-16.589601923096712,17.117788423354423,0.012859
597.9999999999935,4.130231730398326,4.130526911380537,0.0002951809822109297,0.002684099368845545,0.007146838276371044,0.06590568279918213,29067.77187935214,29066.967920920975,29190.109987218937,29201.37087491447,-0.803958431166393,0.4932244175006447,-0.00276580686852532,0.001688253410308909,103416.00840533499,110212.87624985517,6796.86784452018,33331.45454141086,6.572355623976632,2.8065960463293687,1.8704500479482453e7,1.6309285920666706e7,-2.3952145588157475e6,3.241718321752391e6,-12.805552126041178,17.117788423354423,0.012859
598.9999999999935,4.129981601604651,4.130211337733015,0.00022973612836363344,0.002684099368845545,0.005562642900742522,0.06590568279918213,29065.684802759482,29064.88012872792,29187.913464335306,29199.188754532955,-0.8046740315621719,0.4932244175006447,-0.0027684674798571286,0.001688253410308909,143389.55027700405,151506.24816705403,8116.697890049982,33331.45454141086,5.660592333520756,2.8065960463293687,1.9569370342170533e7,1.7488230696119e7,-2.0811396460515335e6,3.241718321752391e6,-10.634678631263025,17.117788423354423,0.012859
599.9999999999935,4.129788377684966,4.129973231109916,0.00018485342494933832,0.002684099368845545,0.004476099210026871,0.06590568279918213,29064.119727145488,29063.314909999244,29186.22753962208,29197.515004767673,-0.8048171462432947,0.4932244175006447,-0.0027691089694060356,0.001688253410308909,171429.05428389303,180490.32300033973,9061.268716446706,33331.45454141086,5.285725196524097,2.8065960463293687,2.025614828525083e7,1.836138351954162e7,-1.8947647657092102e6,3.241718321752391e6,-9.354022981204432,17.117788423354423,0.012859
600.0,4.129640610367257,4.129790183822546,0.00014957345528898713,0.002684099368845545,0.0036219484793299063,0.06590568279918213,29062.915656339257,29062.111081034993,29184.897874484643,29196.194944979085,-0.80457530426429,0.4932244175006447,-0.0027683915604964247,0.001688253410308909,191348.85153010508,201069.9605713886,9721.109041283518,33331.45454141086,5.080306969991972,2.8065960463293687,2.080012974467404e7,1.90184852949944e7,-1.7816444496796392e6,3.241718321752391e6,-8.565544886256475,17.117788423354423,0.012859
