Time (s),Voltage (P2D) (V),Voltage (sP2D) (V),Voltage Error (V),average Voltage Error (V),Voltage Error Percentage (%),average Voltage Error Percentage (%),Concentration (P2D) (mol/m³),Concentration (sP2D) (mol/m³),Concentration Error (mol/m³),average Concentration Error (mol/m³),Concentration Error Percentage (%),average Concentration Error Percentage (%),Stress (P2D) (Pa),Stress (sP2D) (Pa),Stress Error (Pa),average Stress Error (Pa),Stress Error Percentage (%),average Stress Error Percentage (%),Current (A)
0.0,4.179525193496739,4.179584087593866,5.8894097127115685e-5,0.0019320700892876829,0.0014091097529153258,0.04742568353381119,29866.0,29866.0,0.0,12.833403102918732,0.0,0.04419217205800208,-5.942940940055923,-5.942940940055923,0.0,25594.918284453295,-0.0,12.435996071915893,0.030392
1.0,4.179525191895803,4.179584086049282,5.88941534784837e-5,0.0019320700892876829,0.0014091111017270775,0.04742568353381119,29865.999979473316,29865.999979484874,1.1557858670130372e-8,12.833403102918732,3.869905135630484e-11,0.04419217205800208,-5.525522314101609,-5.525757467593603,0.0002351534919942111,25594.918284453295,-0.0042557694752961015,12.435996071915893,0.030392
2.0,4.179483333652704,4.179533630832847,5.0297180142599984e-5,0.0019320700892876829,0.0012034305708940878,0.04742568353381119,29865.58491639724,29865.58515007179,0.0002336745492357295,12.833403102918732,7.824208027060406e-7,0.04419217205800208,8154.581009441593,8149.98697857355,-4.594030868042864,25594.918284453295,-0.05633681071686911,12.435996071915893,0.030392
3.0,4.179446031000501,4.179493370454206,4.7339453704609014e-5,0.0019320700892876829,0.0011326729273084214,0.04742568353381119,29865.362457388608,29865.363571543832,0.001114155224058777,12.833403102918732,3.730593344207474e-6,0.04419217205800208,12049.950716309622,12028.315636919717,-21.635079389905513,25594.918284453295,-0.17954496162895014,12.435996071915893,0.030392
4.0,4.179412443113806,4.179458415541517,4.5972427710871955e-5,0.0019320700892876829,0.0010999734612605239,0.04742568353381119,29865.19380217773,29865.19663163206,0.0028294543299125507,12.833403102918732,9.474086619542481e-6,0.04419217205800208,14754.219292746722,14700.07573456587,-54.14355818085278,25594.918284453295,-0.36696999757533855,12.435996071915893,0.030392
5.0,4.179381892249167,4.179427275512698,4.538326353120681e-5,0.0019320700892876829,0.0010858845805733117,0.04742568353381119,29865.050987486295,29865.055618804312,0.00463131801734562,12.833403102918732,1.5507484046440038e-5,0.04419217205800208,16886.78955978331,16800.11442629129,-86.67513349201909,25594.918284453295,-0.5132718281658465,12.435996071915893,0.030392
6.0,4.179353822340646,4.1793991831918405,4.536085119433153e-5,0.0019320700892876829,0.0010853556105218005,0.04742568353381119,29864.92410045768,29864.930478622144,0.0063781644639675505,12.833403102918732,2.1356707428798738e-5,0.04419217205800208,18667.31409156237,18550.59630083279,-116.71779072958088,25594.918284453295,-0.6252521929886923,12.435996071915893,0.030392
7.0,4.179327841406451,4.179373143885654,4.530247920264685e-5,0.0019320700892876829,0.0010839656739491726,0.04742568353381119,29864.808311137815,29864.816331869926,0.00802073211161769,12.833403102918732,2.6856800914494497e-5,0.04419217205800208,20202.87029701415,20059.267989848882,-143.60230716526712,25594.918284453295,-0.7108015101522014,12.435996071915893,0.030392
8.0,4.179303632663974,4.179349321402299,4.5688738325111444e-5,0.0019320700892876829,0.0010932141414187824,0.04742568353381119,29864.70083015173,29864.710379949618,0.009549797887302702,12.833403102918732,3.1976874443226033e-5,0.04419217205800208,21555.327833274718,21387.923624338106,-167.40420893661212,25594.918284453295,-0.7766256687508697,12.435996071915893,0.030392
9.0,4.179280956430859,4.179326778636872,4.5822206012680056e-5,0.0019320700892876829,0.0010964136292912119,0.04742568353381119,29864.59987128269,29864.61083407834,0.010962795648083556,12.833403102918732,3.6708329243765296e-5,0.04419217205800208,22764.320852949288,22576.046606656622,-188.27424629266534,25594.918284453295,-0.8270584811594456,12.435996071915893,0.030392
10.0,4.179259603509648,4.179306001900513,4.639839086539865e-5,0.0019320700892876829,0.0011102059998004035,0.04742568353381119,29864.50420681267,29864.51647264207,0.012265829398529604,12.833403102918732,4.107159895770689e-5,0.04419217205800208,23857.09426454501,23650.599415949026,-206.49484859598306,25594.918284453295,-0.8655490325276679,12.435996071915893,0.030392
11.0,4.179239411094458,4.179286049877346,4.663878288813095e-5,0.0019320700892876829,0.0011159634158387972,0.04742568353381119,29864.41294889099,29864.426412339384,0.013463448394759325,12.833403102918732,4.5081912099863625e-5,0.04419217205800208,24853.348210604858,24631.065278001995,-222.28293260286227,25594.918284453295,-0.8943782170484971,12.435996071915893,0.030392
12.0,4.179220232981719,4.179267533033583,4.730005186370789e-5,0.0019320700892876829,0.0011317913205536206,0.04742568353381119,29864.325430125624,29864.339992983292,0.01456285766835208,12.833403102918732,4.876339062948264e-5,0.04419217205800208,25767.885490312405,25532.00082612328,-235.88466418912503,25594.918284453295,-0.9154211131441394,12.435996071915893,0.030392
13.0,4.179201956004327,4.179249549928059,4.7593923731881205e-5,0.0019320700892876829,0.0011388280402075868,0.04742568353381119,29864.241133510084,29864.256704387088,0.015570877003483474,12.833403102918732,5.2138867128325234e-5,0.04419217205800208,26612.166547104418,26364.64838907077,-247.5181580336466,25594.918284453295,-0.9300939763605165,12.435996071915893,0.030392
14.0,4.179184476149238,4.1792327522105195,4.827606128188222e-5,0.0019320700892876829,0.0011551550681094724,0.04742568353381119,29864.159648613953,29864.176143191824,0.016494577870616922,12.833403102918732,5.5232017457362015e-5,0.04419217205800208,27395.282111978006,27137.891213534138,-257.3908984438676,25594.918284453295,-0.9395446171781853,12.435996071915893,0.030392
15.0,4.1791677136427055,4.1792163039417405,4.859029903503398e-5,0.0019320700892876829,0.0011626788481451254,0.04742568353381119,29864.080643106903,29864.097984512082,0.017341405178740388,12.833403102918732,5.8067768386980486e-5,0.04419217205800208,28124.586106692816,27858.881408343244,-265.7046983495711,25594.918284453295,-0.944741719368241,12.435996071915893,0.030392
16.0,4.1791515929763206,4.179200852223038,4.925924671717041e-5,0.0019320700892876829,0.0011786901149974513,0.04742568353381119,29864.00384330281,29864.02196087265,0.018117569841706427,12.833403102918732,6.066691504853059e-5,0.04419217205800208,28806.128091938805,28533.502292235462,-272.62579970334264,25594.918284453295,-0.9464159807705468,12.435996071915893,0.030392
17.0,4.179136056871755,4.179185633121623,4.957624986801079e-5,0.0019320700892876829,0.0011862798720441883,0.04742568353381119,29863.92902065055,29863.947850640507,0.018829989956429927,12.833403102918732,6.305262091739239e-5,0.04419217205800208,29444.9539186101,29166.62776962349,-278.32614898660904,25594.918284453295,-0.9452422637710379,12.435996071915893,0.030392
18.0,4.179121049262861,4.1791712651146025,5.021585174169729e-5,0.0019320700892876829,0.0012015888305162798,0.04742568353381119,29863.85598190116,29863.875465611305,0.019483710144413635,12.833403102918732,6.524177640094983e-5,0.04419217205800208,30045.32445199326,29762.391701404715,-282.9327505885449,25594.918284453295,-0.9416864545450919,12.435996071915893,0.030392
19.0,4.179106528204583,4.179157054701565,5.0526496981895264e-5,0.0019320700892876829,0.0012090262988247473,0.04742568353381119,29863.784561960776,29863.804646661058,0.020084700281586265,12.833403102918732,6.725437038937559e-5,0.04419217205800208,30610.87478558713,30324.288923382665,-286.58586220446523,25594.918284453295,-0.9362223857104591,12.435996071915893,0.030392
20.0,4.179092451111648,4.179143580931868,5.112982021948653e-5,0.0019320700892876829,0.0012234670761084952,0.04742568353381119,29863.71461843042,29863.73525535213,0.020636921712139156,12.833403102918732,6.910366635838082e-5,0.04419217205800208,31144.7357318065,30855.35525793487,-289.3804738716317,25594.918284453295,-0.9291473087572307,12.435996071915893,0.030392
21.0,4.162875854881344,4.1636088863915415,0.000733031510197435,0.0019320700892876829,0.017608776618641894,0.04742568353381119,29863.646027508996,29863.667172891463,0.021145382466784213,12.833403102918732,7.080643283578326e-5,0.04419217205800208,31649.625144699992,31358.195836039544,-291.42930866044844,25594.918284453295,-0.9207986108146713,12.435996071915893,0.3823
22.0,4.132538646828346,4.134608768643336,0.0020701218149898892,0.0019320700892876829,0.050093223364739085,0.04742568353381119,29861.17826330669,29861.20141171789,0.023148411200963892,12.833403102918732,7.752008643747517e-5,0.04419217205800208,79320.12484910146,78997.13856166898,-322.98628743247536,25594.918284453295,-0.407193367442278,12.435996071915893,1.1017
23.0,4.11179210839085,4.114768721847062,0.0029766134562114743,0.0019320700892876829,0.07239211948817062,0.04742568353381119,29852.574499788137,29852.612110493978,0.037610705840052105,12.833403102918732,0.00012598814832643338,0.04419217205800208,244857.2994656863,244259.44100065564,-597.8584650306439,25594.918284453295,-0.24416607809334526,12.435996071915893,1.665
24.0,4.0869011172358745,4.091121190656583,0.0042200734207087365,0.0019320700892876829,0.10325851542899407,0.04742568353381119,29839.083973494486,29839.178052184412,0.09407868992639123,12.833403102918732,0.00031528678966807297,0.04419217205800208,497343.207680564,495660.2094061179,-1682.9982744461158,25594.918284453295,-0.33839776002874056,12.435996071915893,2.4526
25.0,4.069646136538129,4.074679286682922,0.005033150144792664,0.0019320700892876829,0.12367537559602532,0.04742568353381119,29821.897540770842,29822.150619328844,0.2530785580020165,12.833403102918732,0.0008486333160256539,0.04419217205800208,809929.1985499726,805205.3088920155,-4723.88965795713,25594.918284453295,-0.5832472352415957,12.435996071915893,3.0432
26.0,4.057625126101727,4.063073739716311,0.005448613614583486,0.0019320700892876829,0.13428085259857706,0.04742568353381119,29801.71234060922,29802.28313766137,0.5707970521470997,12.833403102918732,0.0019153162933168264,0.04419217205800208,1.1672957712334702e6,1.156574124729947e6,-10721.646503523225,25594.918284453295,-0.9185029850826723,12.435996071915893,3.4383
27.0,4.130286411065864,4.130597488335523,0.0003110772696590658,0.0019320700892876829,0.007531614970468573,0.04742568353381119,29781.51286508576,29782.573350817624,1.060485731864901,12.833403102918732,0.0035608860324492023,0.04419217205800208,1.5099455147784862e6,1.4901531497882928e6,-19792.364990193397,25594.918284453295,-1.3107999458574504,12.435996071915893,0.87647
28.0,4.107349495858806,4.1089908691104915,0.0016413732516857849,0.0019320700892876829,0.03996185991332569,0.04742568353381119,29780.309311113484,29781.613274264364,1.3039631508800085,12.833403102918732,0.004378608486760721,0.04419217205800208,1.4666159549609025e6,1.4430313440247292e6,-23584.610936173238,25594.918284453295,-1.6080972565719813,12.435996071915893,1.452
29.0,4.034843362269157,4.042155771391488,0.007312409122330443,0.0019320700892876829,0.18123154892977095,0.04742568353381119,29787.228626870263,29788.56639043155,1.3377635612887389,12.833403102918732,0.0044910642008568,0.04419217205800208,1.2745385307570077e6,1.2513491041566343e6,-23189.42660037335,25594.918284453295,-1.8194370778732025,12.435996071915893,4.2781
30.0,4.085184882667572,4.0880183238140795,0.0028334411465076315,0.0019320700892876829,0.06935894525922734,0.04742568353381119,29766.508683978424,29768.362353259454,1.8536692810303066,12.833403102918732,0.006227365462003371,0.04419217205800208,1.6416760883801563e6,1.6092477444193189e6,-32428.34396083746,25594.918284453295,-1.9753192600152045,12.435996071915893,2.0705
31.0,4.095716117160254,4.097549969492003,0.0018338523317487088,0.0019320700892876829,0.04477488867124418,0.04742568353381119,29750.059120230602,29752.323799021917,2.264678791314509,12.833403102918732,0.007612350557564051,0.04419217205800208,1.9043644643429492e6,1.8652235240725125e6,-39140.940270436695,25594.918284453295,-2.0553282212153254,12.435996071915893,1.647
32.0,4.132144242349981,4.13238265648541,0.00023841413542857737,0.0019320700892876829,0.0057697437806040735,0.04742568353381119,29753.788623299453,29756.07210567222,2.2834823727680487,12.833403102918732,0.0076745936515120305,0.04419217205800208,1.7604936139030848e6,1.7225824047636825e6,-37911.20913940226,25594.918284453295,-2.1534420142173416,12.435996071915893,0.64251
33.0,4.166867099822051,4.165926855945868,-0.0009402438761831888,0.0019320700892876829,-0.022564767573780852,0.04742568353381119,29760.950284918774,29763.217962092942,2.267677174168057,12.833403102918732,0.00761963967030042,0.04419217205800208,1.5640427097104462e6,1.5277951541414005e6,-36247.55556904571,25594.918284453295,-2.31755535472278,12.435996071915893,-0.14223
34.0,4.178275296849384,4.177323624378974,-0.0009516724704106139,0.0019320700892876829,-0.022776681831573414,0.04742568353381119,29774.59022343107,29776.741947893952,2.1517244628812477,12.833403102918732,0.007226713942104738,0.04419217205800208,1.2540926879273737e6,1.2212873452999175e6,-32805.34262745618,25594.918284453295,-2.6158626825002256,12.435996071915893,-0.37147
35.0,4.179546954356709,4.17895197625977,-0.0005949780969389806,0.0019320700892876829,-0.01423546866290813,0.04742568353381119,29787.999381709353,29790.039510364404,2.040128655051376,12.833403102918732,0.006848827371414781,0.04419217205800208,966558.4560502481,936859.5638817119,-29698.8921685362,25594.918284453295,-3.0726431477200022,12.435996071915893,-0.36196
36.0,4.1758666288542745,4.175697924240556,-0.00016870461371887302,0.0019320700892876829,-0.004039990466964703,0.04742568353381119,29797.424713969962,29799.338031746654,1.9133177766925655,12.833403102918732,0.006421084355640783,0.04419217205800208,771065.1099770305,744587.6052657546,-26477.50471127592,25594.918284453295,-3.433887017928313,12.435996071915893,-0.24336
37.0,4.181678909220836,4.181394389258988,-0.0002845199618484173,0.0019320700892876829,-0.006803964819513878,0.04742568353381119,29803.216832838418,29804.990715264183,1.7738824257648957,12.833403102918732,0.0059519830886522246,0.04419217205800208,653889.3941334923,630714.0708731684,-23175.323260323843,25594.918284453295,-3.5442268169886506,12.435996071915893,-0.34419
38.0,4.257503656907786,4.253165098983238,-0.00433855792454807,0.0019320700892876829,-0.10190379795702051,0.04742568353381119,29807.957406353085,29809.596321771038,1.6389154179523757,12.833403102918732,0.005498247986636841,0.04419217205800208,559735.7550938075,539620.4477459004,-20115.307347907103,25594.918284453295,-3.5937149208086465,12.435996071915893,-2.4679
39.0,4.232601500276042,4.230385159119359,-0.0022163411566831215,0.0019320700892876829,-0.0523635678090313,0.04742568353381119,29826.973906249896,29828.44507582087,1.4711695709738706,12.833403102918732,0.004932346055613788,0.04419217205800208,186614.98483151177,170077.990929761,-16536.99390175077,25594.918284453295,-8.861557348506311,12.435996071915893,-1.5457
40.0,4.158895066923601,4.160584442488693,0.0016893755650917441,0.0019320700892876829,0.04062077878635686,0.04742568353381119,29846.72383383247,29847.992102671105,1.2682688386339578,12.833403102918732,0.004249273205645183,0.04419217205800208,-182386.7938751422,-194803.24881630027,12416.454941158067,25594.918284453295,-6.807759858785656,12.435996071915893,0.30511
41.0,4.144409216050856,4.146491694079203,0.0020824780283472677,0.0019320700892876829,0.0502478862435218,0.04742568353381119,29841.59457540687,29842.687404222088,1.0928288152172172,12.833403102918732,0.00366209926368292,0.04419217205800208,-46997.8467527225,-56002.07856254841,9004.231809825913,25594.918284453295,-19.15881775861213,12.435996071915893,0.65534
42.0,4.143239660257764,4.144942799661362,0.0017031394035980085,0.0019320700892876829,0.041106466032719204,0.04742568353381119,29827.77963921149,29828.73987962226,0.960240410768165,12.833403102918732,0.003219282234155426,0.04419217205800208,243306.65291166297,236760.0051636425,-6546.647748020478,25594.918284453295,-2.6906982072526233,12.435996071915893,0.66836
43.0,4.131869090517647,4.133856538820811,0.0019874483031641077,0.0019320700892876829,0.04810046639002101,0.04742568353381119,29819.560328618674,29820.44700550867,0.8866768899970339,12.833403102918732,0.002973474056041212,0.04419217205800208,403533.07835194556,398229.2154330652,-5303.862918880361,25594.918284453295,-1.3143564191916237,12.435996071915893,0.92799
44.0,4.102249874850312,4.105647452391775,0.0033975775414631926,0.0019320700892876829,0.08282229618173045,0.04742568353381119,29812.841758000082,29813.710173800253,0.8684158001706237,12.833403102918732,0.0029128917237069155,0.04419217205800208,525943.4682418267,520804.10805016226,-5139.360191664484,25594.918284453295,-0.9771696963639115,12.435996071915893,1.7388
45.0,4.062390967730108,4.06822118578472,0.005830218054612146,0.0019320700892876829,0.1435169116149799,0.04742568353381119,29801.15347344765,29802.037526031763,0.8840525841114868,12.833403102918732,0.0029665045847945565,0.04419217205800208,740752.3061733769,735166.4068056563,-5585.899367720587,25594.918284453295,-0.7540846408668729,12.435996071915893,3.1551
46.0,4.051845275140146,4.057900920038109,0.006055644897962509,0.0019320700892876829,0.14945400149202526,0.04742568353381119,29779.42942560628,29780.451043111963,1.0216175056848442,12.833403102918732,0.0034306147746618392,0.04419217205800208,1.1423998904402405e6,1.134040847060751e6,-8359.043379489565,25594.918284453295,-0.7317090494702592,12.435996071915893,3.5063
47.0,4.0566865710071225,4.061646416802281,0.004959845795158735,0.0019320700892876829,0.12226347065130524,0.04742568353381119,29754.75568462174,29756.119724318563,1.3640396968221467,12.833403102918732,0.0045842745653163885,0.04419217205800208,1.5820209951953704e6,1.5670498646998336e6,-14971.13049553684,25594.918284453295,-0.946329444489325,12.435996071915893,3.1505
48.0,4.124482935458915,4.124831239395479,0.0003483039365637097,0.0019320700892876829,0.008444790341336574,0.04742568353381119,29737.87149251843,29739.686699779835,1.8152072614066128,12.833403102918732,0.006104025507889124,0.04419217205800208,1.8492734215965113e6,1.825928073200751e6,-23345.34839576017,25594.918284453295,-1.262406528051742,12.435996071915893,0.82876
49.0,4.153317528412501,4.152621877148593,-0.0006956512639080259,0.0019320700892876829,-0.016749291600007304,0.04742568353381119,29740.83966926103,29742.854368707845,2.014699446815939,12.833403102918732,0.006774184822018505,0.04419217205800208,1.7192523049331745e6,1.6928943445993874e6,-26357.960333787138,25594.918284453295,-1.533106005334781,12.435996071915893,0.12776
50.0,4.146424264911362,4.146646698330219,0.00022243341885719303,0.0019320700892876829,0.0053644635629670175,0.04742568353381119,29757.162404802333,29759.135994239787,1.9735894374534837,12.833403102918732,0.006632317324500597,0.04419217205800208,1.342341471896354e6,1.3177438104916727e6,-24597.661404681392,25594.918284453295,-1.832444420415005,12.435996071915893,0.30059
51.0,4.21061702377532,4.208243224031202,-0.0023737997441184433,0.0019320700892876829,-0.0563765293949733,0.04742568353381119,29766.839052948624,29768.770845284234,1.9317923356102256,12.833403102918732,0.006489746298469898,0.04419217205800208,1.1215420326020764e6,1.0985087509896017e6,-23033.281612474704,25594.918284453295,-2.0537154152872414,12.435996071915893,-1.1905
52.0,4.244037941502139,4.240125500776745,-0.003912440725393651,0.0019320700892876829,-0.0921867518462589,0.04742568353381119,29781.107915925517,29782.981792380247,1.8738764547306346,12.833403102918732,0.0062921650195846964,0.04419217205800208,821586.225852544,800300.0372305649,-21286.18862197909,25594.918284453295,-2.59086483587171,12.435996071915893,-2.1659
53.0,4.228628865452399,4.2263934462208415,-0.002235419231557678,0.0019320700892876829,-0.05286392593639267,0.04742568353381119,29806.22295569678,29808.0040359275,1.7810802307212725,12.833403102918732,0.005975531463240497,0.04419217205800208,323107.08336151973,304138.0687815992,-18969.014579920506,25594.918284453295,-5.870813596090791,12.435996071915893,-1.5575
54.0,4.207651853460675,4.206964696992626,-0.0006871564680483999,0.0019320700892876829,-0.016331115120259608,0.04742568353381119,29823.957570925642,29825.553594897658,1.5960239720152458,12.833403102918732,0.005351482841335434,0.04419217205800208,-5734.258674943308,-20702.055897995306,14967.797223051999,25594.918284453295,-261.02410218178693,12.435996071915893,-0.89464
55.0,4.1558954348967365,4.157514760009903,0.0016193251131664255,0.0019320700892876829,0.03896452975137623,0.04742568353381119,29828.692571980948,29830.063284587424,1.3707126064764452,12.833403102918732,0.0045952822208640805,0.04419217205800208,-67875.34410365901,-78260.31288097535,10384.968777316346,25594.918284453295,-15.300060595577172,12.435996071915893,0.32348
56.0,4.072277404656563,4.07829267379996,0.006015269143397006,0.0019320700892876829,0.14771265671927636,0.04742568353381119,29822.368462953982,29823.566928218443,1.1984652644605376,12.833403102918732,0.0040186790192378525,0.04419217205800208,82834.56613891531,75776.63157740264,-7057.934561512666,25594.918284453295,-8.52051853531334,12.435996071915893,2.7903
56.99999999999999,4.055670743148999,4.062199618436853,0.0065288752878540635,0.0019320700892876829,0.16098139374067533,0.04742568353381119,29797.292572692222,29798.348761008565,1.056188316342741,12.833403102918732,0.0035445781316074555,0.04419217205800208,587896.2291216026,583462.3736206477,-4433.855500954902,25594.918284453295,-0.7541901582834931,12.435996071915893,3.4131999999999953
57.999999999999986,4.054971346209508,4.060581514828801,0.005610168619292644,0.0019320700892876829,0.13835285481207893,0.04742568353381119,29764.940458536104,29766.02054449926,1.0800859631563071,12.833403102918732,0.0036287187090493773,0.04419217205800208,1.2046443619455607e6,1.1994965932126278e6,-5147.768732932862,25594.918284453295,-0.42732684396737297,12.435996071915893,3.2937000000000016
58.99999999999998,4.05324623426393,4.058366711889812,0.005120477625882636,0.0019320700892876829,0.1263302876246924,0.04742568353381119,29742.34252312758,29743.74271443361,1.4001913060310471,12.833403102918732,0.0047077371425679115,0.04419217205800208,1.597786552808286e6,1.5862217904746572e6,-11564.762333628722,25594.918284453295,-0.7237989525761358,12.435996071915893,3.2237000000000013
59.99999999999997,4.073158068118864,4.076445139170311,0.003287071051447654,0.0019320700892876829,0.08070079767284226,0.04742568353381119,29726.581280977443,29728.454951491003,1.873670513559773,12.833403102918732,0.006303013776961859,0.04419217205800208,1.8424245060447177e6,1.8218427301658678e6,-20581.775878849905,25594.918284453295,-1.1171028072696705,12.435996071915893,2.3216000000000254
60.99999999999997,4.1041214346664034,4.105469889111715,0.0013484544453117309,0.0019320700892876829,0.032856104936898334,0.04742568353381119,29718.919101149135,29721.16464926866,2.2455481195247557,12.833403102918732,0.00755595488477213,0.04419217205800208,1.922665891680052e6,1.89554658629616e6,-27119.30538389203,25594.918284453295,-1.410505356195548,12.435996071915893,1.26730000000003
61.999999999999964,4.109596890455259,4.11094406457491,0.0013471741196511289,0.0019320700892876829,0.03278117429911452,0.04742568353381119,29722.32183382345,29724.69837452989,2.3765407064383908,12.833403102918732,0.007995811093512658,0.04419217205800208,1.7886832386902638e6,1.7600231324948247e6,-28660.10619543912,25594.918284453295,-1.602301937844794,12.435996071915893,1.0965000000000062
62.99999999999996,4.124194871758673,4.125134797952978,0.0009399261943050519,0.0019320700892876829,0.022790537875438478,0.04742568353381119,29728.191798026084,29730.586118995507,2.3943209694225516,12.833403102918732,0.008054041718008331,0.04419217205800208,1.6198213425793557e6,1.591798730848407e6,-28022.61173094879,25594.918284453295,-1.7299816340440612,12.435996071915893,0.722620000000016
63.99999999999995,4.162596037296396,4.162049009379262,-0.000547027917133569,0.0019320700892876829,-0.013141508621837428,0.04742568353381119,29732.832129591945,29735.205624493832,2.3734949018871703,12.833403102918732,0.007982740734357835,0.04419217205800208,1.4872685132744417e6,1.4605103584444288e6,-26758.154830012936,25594.918284453295,-1.7991475373267265,12.435996071915893,-0.15333999999995643
64.99999999999994,4.141988992844134,4.1426886553834,0.0006996625392661215,0.0019320700892876829,0.016891945885778224,0.04742568353381119,29742.888528598614,29745.19553380461,2.307005205995665,12.833403102918732,0.00775649346827029,0.04419217205800208,1.255963640399811e6,1.2312420728897522e6,-24721.56751005887,25594.918284453295,-1.9683346487792635,12.435996071915893,0.3321799999999724
65.99999999999994,4.119330843835545,4.121321927999439,0.0019910841638939303,0.0019320700892876829,0.048335135957179254,0.04742568353381119,29750.558593120506,29752.78219893808,2.223605817573116,12.833403102918732,0.007474164932443656,0.04419217205800208,1.084140068795483e6,1.0616459266638914e6,-22494.14213159168,25594.918284453295,-2.0748372631023084,12.435996071915893,0.9002499999999677
66.99999999999993,4.126989777467579,4.128566223224265,0.001576445756685807,0.0019320700892876829,0.038198441035469495,0.04742568353381119,29748.121640024878,29750.25988710788,2.1382470830030798,12.833403102918732,0.007187838979810262,0.04419217205800208,1.1182632069540962e6,1.0979078195468013e6,-20355.38740729494,25594.918284453295,-1.820268008525341,12.435996071915893,0.7160700000000131
67.99999999999993,4.143146797667183,4.143926011271979,0.0007792136047966025,0.0019320700892876829,0.01880728931051495,0.04742568353381119,29745.192776887227,29747.25583677677,2.0630598895440926,12.833403102918732,0.0069357758244120125,0.04419217205800208,1.1568067644954612e6,1.1382858436093098e6,-18520.920886151493,25594.918284453295,-1.6010384322250528,12.435996071915893,0.335630000000027
68.99999999999991,4.1435336126807325,4.14437679656028,0.0008431838795477375,0.0019320700892876829,0.02034939156683285,0.04742568353381119,29747.5331776039,29749.535546699106,2.0023690952075412,12.833403102918732,0.006731210562074674,0.04419217205800208,1.0882177099681858e6,1.0711705468970083e6,-17047.163071177434,25594.918284453295,-1.5665213784910568,12.435996071915893,0.33391000000000015
69.99999999999991,4.1358824791921815,4.137175564386818,0.0012930851946366673,0.0019320700892876829,0.031265037175070606,0.04742568353381119,29751.004129571702,29752.95037155244,1.946241980738705,12.833403102918732,0.00654176905176855,0.04419217205800208,1.0010817888156178e6,985368.4431837093,-15713.345631908509,25594.918284453295,-1.5696365479287167,12.435996071915893,0.5221099999999839
70.99999999999991,4.099407074043861,4.102564302613535,0.003157228569674153,0.0019320700892876829,0.07701671272571875,0.04742568353381119,29751.577776190356,29753.463178268426,1.8854020780709106,12.833403102918732,0.006337149889172478,0.04419217205800208,974944.1924145096,960615.163034344,-14329.029380165623,25594.918284453295,-1.469728164099208,12.435996071915893,1.483299999999918
71.9999999999999,4.097926115509948,4.1009852732472,0.0030591577372520717,0.0019320700892876829,0.07465136390999545,0.04742568353381119,29744.469409615227,29746.302900799525,1.8334911842975998,12.833403102918732,0.006164141504924286,0.04419217205800208,1.0997552388658982e6,1.086589441843569e6,-13165.797022329178,25594.918284453295,-1.1971570179475715,12.435996071915893,1.5150999999999968
72.9999999999999,4.125434968118156,4.126808860822398,0.0013738927042421523,0.0019320700892876829,0.03330297810678767,0.04742568353381119,29734.158210963604,29735.970813747215,1.81260278361151,12.833403102918732,0.006096028583527095,0.04419217205800208,1.279013507301411e6,1.2663696889124268e6,-12643.818388984073,25594.918284453295,-0.9885601924299652,12.435996071915893,0.7457100000000766
73.99999999999989,4.158149335785292,4.158057620698726,-9.171508656624638e-5,0.0019320700892876829,-0.002205670820356081,0.04742568353381119,29732.707045199964,29734.52361942931,1.8165742293458607,12.833403102918732,0.006109683274329129,0.04419217205800208,1.274283553695801e6,1.2616780624769654e6,-12605.491218835581,25594.918284453295,-0.9892218401686116,12.435996071915893,-0.020391999999912907
74.99999999999989,4.170625990752809,4.170237687757133,-0.0003883029956757156,0.0019320700892876829,-0.009310424778838196,0.04742568353381119,29740.583331857517,29742.399469665754,1.8161378082368174,12.833403102918732,0.00610659780264433,0.04419217205800208,1.0887701135681719e6,1.076315703892184e6,-12454.409675987903,25594.918284453295,-1.1438970927638423,12.435996071915893,-0.2883499999999695
75.99999999999987,4.127479770839174,4.129299399703863,0.0018196288646894487,0.0019320700892876829,0.044085712485987374,0.04742568353381119,29750.74480075619,29752.53239524498,1.787594488789182,12.833403102918732,0.006008570544236411,0.04419217205800208,870317.1848650853,858576.7996444415,-11740.385220643831,25594.918284453295,-1.3489777548703465,12.435996071915893,0.7226199999998708
76.99999999999987,4.105486259860946,4.108427732912828,0.002941473051881971,0.0019320700892876829,0.07164737294679435,0.04742568353381119,29751.2456455196,29752.972764817714,1.7271192981133936,12.833403102918732,0.005805199952605984,0.04419217205800208,853130.3148971932,842705.3684387275,-10424.946458465769,25594.918284453295,-1.2219641333132125,12.435996071915893,1.3118999999999246
77.99999999999987,4.090825443474103,4.094349408017888,0.0035239645437847855,0.0019320700892876829,0.08614311689603858,0.04742568353381119,29741.723574908505,29743.38395108058,1.6603761720762122,12.833403102918732,0.005582649465133831,0.04419217205800208,1.0308286131866755e6,1.0217847033821687e6,-9043.90980450681,25594.918284453295,-0.8773436911640154,12.435996071915893,1.7348999999999462
78.99999999999986,4.133188258101578,4.134211626550966,0.0010233684493883288,0.0019320700892876829,0.0247597831379298,0.04742568353381119,29730.438747649427,29732.075823273262,1.637075623835699,12.833403102918732,0.005506395777509778,0.04419217205800208,1.2309141554783916e6,1.2223444417777478e6,-8569.71370064374,25594.918284453295,-0.696207258849269,12.435996071915893,0.5575500000001673
79.99999999999986,4.157987590627013,4.157897419428658,-9.017119835519338e-5,0.0019320700892876829,-0.0021686259612332275,0.04742568353381119,29728.56443919305,29730.217307333518,1.6528681404670351,12.833403102918732,0.0055598653068089435,0.04419217205800208,1.2351919050015956e6,1.2263337067416846e6,-8858.198259911034,25594.918284453295,-0.7171515797700756,12.435996071915893,-0.019865999999917946
80.99999999999984,4.102515711069427,4.105343312894071,0.0028276018246442547,0.0019320700892876829,0.06892360745907215,0.04742568353381119,29737.535266353276,29739.20069125768,1.6654249044040625,12.833403102918732,0.005600413381563664,0.04419217205800208,1.028616392288246e6,1.0195768799290573e6,-9039.512359188637,25594.918284453295,-0.8788030627316236,12.435996071915893,1.3511999999997857
81.99999999999984,4.088201230642582,4.0918305528207854,0.0036293221782033314,0.0019320700892876829,0.0887755267769164,0.04742568353381119,29735.764462564654,29737.423860784384,1.6593982197300647,12.833403102918732,0.00558047943182741,0.04419217205800208,1.0466872172265941e6,1.0378568856167875e6,-8830.331609806628,25594.918284453295,-0.8436456913273813,12.435996071915893,1.785199999999932
82.99999999999983,4.073359813095793,4.077615689544,0.004255876448207019,0.0019320700892876829,0.10448073932787469,0.04742568353381119,29722.93378048175,29724.585606970442,1.6518264886908582,12.833403102918732,0.005557414018718327,0.04419217205800208,1.2795668662515962e6,1.2709729994519614e6,-8593.866799634881,25594.918284453295,-0.6716231114056609,12.435996071915893,2.2522999999999205
83.99999999999983,4.052921511720663,4.058319004180691,0.00539749246002863,0.0019320700892876829,0.13317535127239935,0.04742568353381119,29709.980552257355,29711.690180607344,1.709628349988634,12.833403102918732,0.005754390673469279,0.04419217205800208,1.5007366992720354e6,1.491090520214276e6,-9646.179057759466,25594.918284453295,-0.6427629218662109,12.435996071915893,2.9826999999998756
84.99999999999983,4.071546753209252,4.075180489812787,0.003633736603535276,0.0019320700892876829,0.08924708037973805,0.04742568353381119,29693.748815724273,29695.651498157404,1.9026824331303942,12.833403102918732,0.006407686833138535,0.04419217205800208,1.775852645694538e6,1.7625673435963867e6,-13285.302098151296,25594.918284453295,-0.7481083596863072,12.435996071915893,2.1935000000001343
85.99999999999982,4.081775636120382,4.084536698368693,0.0027610622483109637,0.0019320700892876829,0.06764365546890469,0.04742568353381119,29682.852306782133,29684.97493852073,2.1226317385953735,12.833403102918732,0.007151036957827602,0.04419217205800208,1.9337826771794683e6,1.9165382246625144e6,-17244.452516953927,25594.918284453295,-0.8917471813381811,12.435996071915893,1.7884000000000748
86.99999999999982,4.095046542139779,4.097114588091155,0.0020680459513755522,0.0019320700892876829,0.050501158658258834,0.04742568353381119,29681.05530098503,29683.32996671485,2.2746657298193895,12.833403102918732,0.007663695602305285,0.04419217205800208,1.9088699151226815e6,1.889191202964614e6,-19678.712158067618,25594.918284453295,-1.0309090212049825,12.435996071915893,1.3548000000000802
87.9999999999998,4.0940822480721355,4.096362185895747,0.0022799378236113554,0.0019320700892876829,0.05568861799698715,0.04742568353381119,29682.136738449248,29684.503050143103,2.3663116938550957,12.833403102918732,0.007972174357615753,0.04419217205800208,1.833692525027901e6,1.812842881884134e6,-20849.643143767025,25594.918284453295,-1.1370304922549532,12.435996071915893,1.370299999999997
88.9999999999998,4.093361235774885,4.095817913457701,0.0024566776828160997,0.0019320700892876829,0.06001614666561535,0.04742568353381119,29683.098619588203,29685.504398504796,2.4057789165926806,12.833403102918732,0.008104877955716796,0.04419217205800208,1.7679531346602777e6,1.7469629607234946e6,-20990.173936783103,25594.918284453295,-1.1872585039318073,12.435996071915893,1.3857999999999968
89.99999999999979,4.119437402041653,4.120601887352926,0.0011644853112731113,0.0019320700892876829,0.02826806667085111,0.04742568353381119,29681.898844335337,29684.32771200325,2.428867667913437,12.833403102918732,0.008182992876067212,0.04419217205800208,1.749603872066937e6,1.7287525363884398e6,-20851.335678497097,25594.918284453295,-1.19177466461959,12.435996071915893,0.6859600000001492
90.99999999999979,4.139685736535773,4.140069581098332,0.0003838445625587994,0.0019320700892876829,0.00927231164363731,0.04742568353381119,29684.758824556946,29687.171169549536,2.4123449925900786,12.833403102918732,0.00812654401825373,0.04419217205800208,1.6527394965286858e6,1.632764206611893e6,-19975.289916792884,25594.918284453295,-1.2086169634565989,12.435996071915893,0.21285000000010085
91.99999999999979,4.1304476058486195,4.131527134785765,0.0010795289371454686,0.0019320700892876829,0.026135882600638254,0.04742568353381119,29693.162983219852,29695.524492398763,2.3615091789106373,12.833403102918732,0.007953040167008037,0.04419217205800208,1.4527834437061488e6,1.4342862546720114e6,-18497.18903413741,25594.918284453295,-1.2732241074381898,12.435996071915893,0.44477999999995055
92.99999999999977,4.131365523751293,4.132579964369145,0.0012144406178524747,0.0019320700892876829,0.029395622606390896,0.04742568353381119,29698.813090892836,29701.10957583949,2.296484946655255,12.833403102918732,0.007732581566902665,0.04419217205800208,1.3179180479307966e6,1.3010855159229243e6,-16832.53200787236,25594.918284453295,-1.2772062750260045,12.435996071915893,0.4426700000000005
93.99999999999977,4.112857386260316,4.115014806749339,0.0021574204890226767,0.0019320700892876829,0.052455514169538156,0.04742568353381119,29700.7292635791,29702.946524732222,2.2172611531241273,12.833403102918732,0.0074653424616178445,0.04419217205800208,1.2618298168565908e6,1.246853506250141e6,-14976.310606449842,25594.918284453295,-1.1868724614352593,12.435996071915893,0.909059999999894
94.99999999999976,4.087671148298441,4.091159345770964,0.003488197472522714,0.0019320700892876829,0.08533459140847796,0.04742568353381119,29699.29668406326,29701.43557077772,2.138886714459659,12.833403102918732,0.0072018093129033334,0.04419217205800208,1.2720813241623333e6,1.2588572549779543e6,-13224.069184378954,25594.918284453295,-1.0395616171070678,12.435996071915893,1.6234999999998274
95.99999999999976,4.158466436833045,4.158284650627062,-0.0001817862059834141,0.0019320700892876829,-0.004371472242105113,0.04742568353381119,29691.08418716538,29693.165744068807,2.081556903427554,12.833403102918732,0.0070107136886815085,0.04419217205800208,1.4128850790429255e6,1.400927969372579e6,-11957.109670346603,25594.918284453295,-0.8462903209683714,12.435996071915893,-0.16858999999956706
96.99999999999974,4.16563846034377,4.165232254227898,-0.0004062061158718322,0.0019320700892876829,-0.009751353117627736,0.04742568353381119,29694.05439680559,29696.100043373437,2.045646567847143,12.833403102918732,0.006889077996931293,0.04419217205800208,1.324441119279063e6,1.313292193614676e6,-11148.925664387178,25594.918284453295,-0.8417834135545343,12.435996071915893,-0.3281699999999592
97.99999999999974,4.1599779069298295,4.160202647271809,0.0002247403419799454,0.0019320700892876829,0.005402440758292621,0.04742568353381119,29707.829358981195,29709.83938097264,2.010021991445683,12.833403102918732,0.006765967203988999,0.04419217205800208,1.0296031565335208e6,1.0192448343772928e6,-10358.322156228009,25594.918284453295,-1.0060499611425553,12.435996071915893,-0.16728000000004115
98.99999999999974,4.099259160008415,4.102525226054506,0.0032660660460903657,0.0019320700892876829,0.07967454407258459,0.04742568353381119,29714.93587325079,29716.878013594884,1.9421403440937866,12.833403102918732,0.006535906227016596,0.04419217205800208,882403.6886709252,873454.2152266594,-8949.47344426578,25594.918284453295,-1.014215325611961,12.435996071915893,1.3393999999996145
99.99999999999973,4.0834702747545695,4.087468160629703,0.003997885875133278,0.0019320700892876829,0.09790412580812932,0.04742568353381119,29708.733541710848,29710.570098554173,1.8365568433255248,12.833403102918732,0.006181875241322597,0.04419217205800208,1.0016554823846412e6,994801.5032503862,-6853.979134254972,25594.918284453295,-0.6842651245653549,12.435996071915893,1.82169999999987
100.99999999999973,4.088838721950699,4.092089734283484,0.0032510123327851304,0.0019320700892876829,0.07950942929913705,0.04742568353381119,29693.45770106371,29695.207504288213,1.7498032245021022,12.833403102918732,0.005892891431230722,0.04419217205800208,1.2885602183502633e6,1.283342805519155e6,-5217.412831108319,25594.918284453295,-0.4049025227387622,12.435996071915893,1.617600000000055
101.99999999999972,4.103358341722621,4.105553198042928,0.002194856320307359,0.0019320700892876829,0.05348926751023021,0.04742568353381119,29683.453155014904,29685.195381869584,1.7422268546797568,12.833403102918732,0.005869353695411999,0.04419217205800208,1.4542194857206494e6,1.4490315501697706e6,-5187.935550878756,25594.918284453295,-0.3567505181865883,12.435996071915893,1.1622000000001294
102.99999999999972,4.111366995849845,4.113126563898069,0.0017595680482243026,0.0019320700892876829,0.042797640055010196,0.04742568353381119,29680.632408107125,29682.421964948066,1.7895568409403495,12.833403102918732,0.006029375709836763,0.04419217205800208,1.4715159246328596e6,1.46532290489594e6,-6193.019736919552,25594.918284453295,-0.4208598516162642,12.435996071915893,0.9310300000000657
103.9999999999997,4.130521163738484,4.131453321833113,0.0009321580946286545,0.0019320700892876829,0.022567566117612375,0.04742568353381119,29681.53570553201,29683.3671945439,1.8314890118890617,12.833403102918732,0.006170465807629054,0.04419217205800208,1.4176138592497155e6,1.4106102841421324e6,-7003.575107583078,25594.918284453295,-0.494039689432056,12.435996071915893,0.45544000000014195
104.9999999999997,4.165234614763785,4.164760789888112,-0.00047382487567304565,0.0019320700892876829,-0.011375706760756304,0.04742568353381119,29685.223685184756,29687.068989498683,1.8453043139270449,12.833403102918732,0.0062162385350257475,0.04419217205800208,1.313893201621482e6,1.3066885679289063e6,-7204.633692575619,25594.918284453295,-0.5483424134993884,12.435996071915893,-0.3314899999997652
105.9999999999997,4.172957638658448,4.172417324719657,-0.0005403139387913924,0.0019320700892876829,-0.012947985232006725,0.04742568353381119,29694.969099609727,29696.799626344993,1.8305267352661758,12.833403102918732,0.006164433878094973,0.04419217205800208,1.0975849259846997e6,1.0907536239167869e6,-6831.302067912882,25594.918284453295,-0.6223939402032304,12.435996071915893,-0.4877599999999534
106.99999999999969,4.115167349441378,4.11754995149007,0.0023826020486925614,0.0019320700892876829,0.057898059698981444,0.04742568353381119,29706.488113932686,29708.272634045094,1.7845201124073355,12.833403102918732,0.006007172929910806,0.04419217205800208,858242.2407934135,852378.0822049577,-5864.158588455757,25594.918284453295,-0.6832754564765487,12.435996071915893,0.8909499999995689
107.99999999999969,4.098348033313549,4.101545809060453,0.0031977757469041634,0.0019320700892876829,0.07802596853441787,0.04742568353381119,29705.093142509668,29706.79532158635,1.7021790766812046,12.833403102918732,0.005730260021455008,0.04419217205800208,883972.4903693004,879740.8659587862,-4231.624410514138,25594.918284453295,-0.4787054412458329,12.435996071915893,1.3599999999998533
108.99999999999967,4.081786289588435,4.085625754888278,0.0038394652998432477,0.0019320700892876829,0.09406335921203703,0.04742568353381119,29693.38559859532,29694.999987686406,1.6143890910861955,12.833403102918732,0.005436864333727462,0.04419217205800208,1.1067138086967447e6,1.104143228252724e6,-2570.580444020685,25594.918284453295,-0.23227147107234297,12.435996071915893,1.8484999999998404
109.99999999999967,4.079656815473003,4.083307092731136,0.003650277258133272,0.0019320700892876829,0.08947510595226506,0.04742568353381119,29681.45210393848,29683.03320111844,1.5810971799583058,12.833403102918732,0.005326886213051912,0.04419217205800208,1.3188149118652756e6,1.3167662865243454e6,-2048.625340930186,25594.918284453295,-0.15533835131062462,12.435996071915893,1.882199999999989
110.99999999999966,4.070159377616235,4.074153437152763,0.003994059536528205,0.0019320700892876829,0.09813029825056632,0.04742568353381119,29670.632279883423,29672.255921385145,1.6236415017228865,12.833403102918732,0.005472217398021913,0.04419217205800208,1.4978295149147543e6,1.4948183696182235e6,-3011.145296530798,25594.918284453295,-0.2010339138431366,12.435996071915893,2.161499999999905
111.99999999999966,4.082460258006025,4.085462173145335,0.0030019151393103627,0.0019320700892876829,0.07353201132634106,0.04742568353381119,29660.89753593919,29662.62726383118,1.7297278919868404,12.833403102918732,0.005831677513773757,0.04419217205800208,1.647864207328681e6,1.6427261881821125e6,-5138.019146568375,25594.918284453295,-0.3117986982008374,12.435996071915893,1.7077000000001548
112.99999999999966,4.097438026010032,4.09948953749117,0.002051511481138135,0.0019320700892876829,0.05006815156484108,0.04742568353381119,29654.434365560115,29656.28473617789,1.850370617776207,12.833403102918732,0.006239777144173686,0.04419217205800208,1.728259167395993e6,1.7208403915559072e6,-7418.775840085698,25594.918284453295,-0.42926292422124024,12.435996071915893,1.229600000000163
113.99999999999966,4.136715860809931,4.136957456162543,0.0002415953526124781,0.0019320700892876829,0.005840269449040089,0.04742568353381119,29654.445740810723,29656.382033934176,1.9362931234536518,12.833403102918732,0.0065295205325281375,0.04419217205800208,1.6802822550684586e6,1.6713824386168143e6,-8899.816451644292,25594.918284453295,-0.5296619912992947,12.435996071915893,0.23701000000033853
114.99999999999967,4.162386170424602,4.161760774453152,-0.000625395971449727,0.0019320700892876829,-0.015024938721289544,0.04742568353381119,29661.954436690583,29663.924642393966,1.9702057033828169,12.833403102918732,0.0066421978618703414,0.04419217205800208,1.4907431767107113e6,1.4814398049292604e6,-9303.37178145093,25594.918284453295,-0.6240760935078431,12.435996071915893,-0.33949999999981156
115.99999999999967,4.283360117987795,4.275076934185108,-0.008283183802686445,0.0019320700892876829,-0.1933805137677207,0.04742568353381119,29675.1868221754,29677.144031436877,1.9572092614762369,12.833403102918732,0.0065954404034742975,0.04419217205800208,1.2010853404426903e6,1.1922920424762908e6,-8793.297966399463,25594.918284453295,-0.732112670957958,12.435996071915893,-4.4928999999986425
116.99999999999967,4.284337050373919,4.2772410353935335,-0.00709601498038559,0.0019320700892876829,-0.16562690789620016,0.04742568353381119,29713.39448069048,29715.18032199732,1.7858413068388472,12.833403102918732,0.006010223126810343,0.04419217205800208,436149.73880020174,430928.83274767926,-5220.906052522478,25594.918284453295,-1.1970444065573893,12.435996071915893,-4.313800000000058
117.99999999999969,4.280430977835582,4.275246812694192,-0.005184165141390196,0.0019320700892876829,-0.12111315818977626,0.04742568353381119,29761.32461662294,29762.600973672997,1.2763570500574133,12.833403102918732,0.00428864328620815,0.04419217205800208,-478899.0752407014,-474115.37971052236,-4783.695530179015,25594.918284453295,0.9988942926596094,12.435996071915893,-3.7936000000001626
118.99999999999969,4.274422135624159,4.270496423393524,-0.003925712230635092,0.0019320700892876829,-0.09184194040914145,0.04742568353381119,29787.73138471796,29788.192045780674,0.460661062712461,12.833403102918732,0.0015464791754795887,0.04419217205800208,-927934.2914052823,-907675.0421554978,-20259.24924978451,25594.918284453295,2.183263344983565,12.435996071915893,-3.2689000000001642
119.9999999999997,4.266028514565997,4.263076478126425,-0.00295203643957187,0.0019320700892876829,-0.06919870388799298,0.04742568353381119,29803.575954299507,29803.20855348978,-0.36740080972595024,12.833403102918732,-0.0012327406962483925,0.04419217205800208,-1.1593415434870957e6,-1.1241363849510143e6,-35205.158536081435,25594.918284453295,3.036651169265487,12.435996071915893,-2.740300000000158
120.9999999999997,4.2550664728088625,4.252947461792512,-0.0021190110163509246,0.0019320700892876829,-0.049799715936097215,0.04742568353381119,29812.935139912803,29811.972813856875,-0.9623260559274058,12.833403102918732,-0.003227880956407637,0.04419217205800208,-1.2640444487234987e6,-1.2191019506794368e6,-44942.49804406194,25594.918284453295,3.555452348961884,12.435996071915893,-2.2084000000001587
121.99999999999972,4.24118931238549,4.2398496162184385,-0.0013396961670517626,0.0019320700892876829,-0.03158774740706493,0.04742568353381119,29817.391644363273,29816.083946966548,-1.3076973967254162,12.833403102918732,-0.004385686757321127,0.04419217205800208,-1.2776116797298384e6,-1.2280965446390086e6,-49515.135090829805,25594.918284453295,3.8756013173971757,12.435996071915893,-1.673700000000152
122.99999999999972,4.223918713874391,4.2233307633311625,-0.000587950543228466,0.0019320700892876829,-0.013919551559958126,0.04742568353381119,29817.800971821296,29816.353711947093,-1.447259874203155,12.833403102918732,-0.0048536774243374235,0.04419217205800208,-1.2194126803273486e6,-1.1693452863060238e6,-50067.39402132481,25594.918284453295,4.105861356787297,12.435996071915893,-1.1370000000001526
123.99999999999973,4.202861963588104,4.203018324768927,0.0001563611808226284,0.0019320700892876829,0.003720350137056092,0.04742568353381119,29814.710375057522,29813.27031095089,-1.4400641066313256,12.833403102918732,-0.004830045600027222,0.04419217205800208,-1.1019062102128959e6,-1.0539709334599632e6,-47935.276752932696,25594.918284453295,4.35021386653872,12.435996071915893,-0.5986900000001454
124.99999999999973,4.1797496066429245,4.18059434416476,0.000844737521835448,0.0019320700892876829,0.020210242271280963,0.04742568353381119,29808.511779043165,29807.163521998256,-1.348257044908678,12.833403102918732,-0.0045230605771354486,0.04419217205800208,-934024.6999419669,-889600.630757987,-44424.06918397988,25594.918284453295,4.7561985445074475,12.435996071915893,-0.08503300000013869
125.99999999999974,4.173790068110347,4.17454464623087,0.0007545781205227087,0.0019320700892876829,0.01807896679538409,0.04742568353381119,29799.69815260215,29798.467914365134,-1.2302382370144187,12.833403102918732,-0.004128358048173695,0.04419217205800208,-726382.498071588,-685689.5706237119,-40692.92744787608,25594.918284453295,5.602134902191107,12.435996071915893,0.030391999999970474
126.99999999999974,4.172899534114757,4.173403878486571,0.0005043443718140139,0.0019320700892876829,0.01208618534165132,0.04742568353381119,29791.38492978682,29790.267075393287,-1.117854393531161,12.833403102918732,-0.003752274008629514,0.04419217205800208,-540717.8233348401,-503392.7486791205,-37325.074655719625,25594.918284453295,6.902874853564062,12.435996071915893,0.030392
127.99999999999974,4.172103405425674,4.172456340013299,0.00035293458762453156,0.0019320700892876829,0.008459392141756422,0.04742568353381119,29785.948503350966,29784.93915544939,-1.009347901577712,12.833403102918732,-0.0033886713443560773,0.04419217205800208,-420829.37884264515,-386601.47946857795,-34227.8993740672,25594.918284453295,8.133438655875203,12.435996071915893,0.030392
128.99999999999974,4.17145115030995,4.171712220047083,0.00026106973713346804,0.0019320700892876829,0.0062584872200665675,0.04742568353381119,29782.30990219763,29781.407555625156,-0.9023465724749258,12.833403102918732,-0.003029807209172657,0.04419217205800208,-340836.1494639971,-309517.781579947,-31318.367884050123,25594.918284453295,9.18868727196389,12.435996071915893,0.030392
129.99999999999977,4.170913114802767,4.1711107669451195,0.00019765214235256678,0.0019320700892876829,0.004738821857762753,0.04742568353381119,29779.583190152724,29778.780610980542,-0.8025791721811402,12.833403102918732,-0.002695065162787539,0.04419217205800208,-281106.2663474706,-252420.74100798,-28685.52533949059,25594.918284453295,10.204512945304787,12.435996071915893,0.030392
130.99999999999977,4.17046685465695,4.170619896124357,0.00015304146740735547,0.0019320700892876829,0.003669648332930923,0.04742568353381119,29777.437386745612,29776.725777400774,-0.7116093448385072,12.833403102918732,-0.0023897601919070956,0.04419217205800208,-234298.23921513555,-207962.76262447773,-26335.47659065781,25594.918284453295,11.240151304114688,12.435996071915893,0.030392
131.99999999999977,4.170095306442853,4.17021395057545,0.00011864413259665696,0.0019320700892876829,0.0028451180099733015,0.04742568353381119,29775.698470490337,29775.0693912634,-0.6290792269355734,12.833403102918732,-0.002112727019851548,0.04419217205800208,-196548.02284238575,-172307.78144083582,-24240.241401549923,25594.918284453295,12.332986641635397,12.435996071915893,0.030392
132.99999999999977,4.169785070986691,4.16987920227319,9.413128649882196e-5,0.0019320700892876829,0.0022574613534348856,0.04742568353381119,29774.26008862135,29773.705794411977,-0.5542942093743477,12.833403102918732,-0.0018616556976546964,0.04419217205800208,-165491.7364773313,-143122.0482890303,-22369.688188300992,25594.918284453295,13.517102826076844,12.435996071915893,0.030392
133.9999999999998,4.169525468306919,4.169599954714537,7.448640761786862e-5,0.0019320700892876829,0.0017864480786614462,0.04742568353381119,29773.051675888542,29772.565143658754,-0.48653222978828126,12.833403102918732,-0.0016341362487282262,0.04419217205800208,-139559.55643735305,-118862.91874542125,-20696.6376919318,25594.918284453295,14.829968094103481,12.435996071915893,0.030392
134.9999999999998,4.169307813148967,4.169368934133492,6.112098452515369e-5,0.0019320700892876829,0.001465974383862789,0.04742568353381119,29772.02383052929,29771.598722459028,-0.42510807026337716,12.833403102918732,-0.0014278776366807024,0.04419217205800208,-117651.67689360527,-98454.41256135146,-19197.264332253806,25594.918284453295,16.317034180153904,12.435996071915893,0.030392
135.9999999999998,4.169125064323232,4.1691750000235235,4.993570029121486e-5,0.0019320700892876829,0.0011977501159303994,0.04742568353381119,29771.14060758603,29770.771222461364,-0.36938512466440443,12.833403102918732,-0.0012407489841698603,0.04419217205800208,-98967.41969971544,-81116.7124902952,-17850.70720942023,25594.918284453295,18.03695323529947,12.435996071915893,0.030392
136.9999999999998,4.168971436078543,4.169014295332781,4.2859254238081235e-5,0.0019320700892876829,0.001028053439444908,0.04742568353381119,29770.37507283399,29770.056296749917,-0.318776084073761,12.833403102918732,-0.0010707828950554607,0.04419217205800208,-82906.56453154163,-66267.9225899137,-16638.64194162794,25594.918284453295,20.06914896985968,12.435996071915893,0.030392
137.9999999999998,4.168842214950521,4.168878660275534,3.6445325013012564e-5,0.0019320700892876829,0.0008742313365161777,0.04742568353381119,29769.706567643057,29769.43383224069,-0.2727354023663793,12.833403102918732,-0.0009161507915661408,0.04419217205800208,-69008.59721261881,-53463.787571511784,-15544.80964110703,25594.918284453295,22.525902958457078,12.435996071915893,0.030392
138.99999999999983,4.168733498725468,4.168766330914834,3.283218936633858e-5,0.0019320700892876829,0.0007875818729207939,0.04742568353381119,29769.118941560806,29768.88817079325,-0.23077076755726011,12.833403102918732,-0.0007752018728208982,0.04419217205800208,-56913.42168721215,-42358.415639512335,-14555.006047699811,25594.918284453295,25.573943045793307,12.435996071915893,0.030392
139.99999999999983,4.168642093719051,4.168671191737872,2.9098018820228333e-5,0.0019320700892876829,0.0006980215179439536,0.04742568353381119,29768.59936598821,29768.406933395614,-0.19243259259746992,12.833403102918732,-0.000646428104431852,0.04419217205800208,-46334.968742199766,-32678.292295244173,-13656.676446955593,25594.918284453295,29.4738009276301,12.435996071915893,0.030392
140.99999999999983,4.168565332991742,4.168592723662721,2.7390670979343668e-5,0.0019320700892876829,0.0006570766868534511,0.04742568353381119,29768.137511822413,29767.980185576944,-0.15732624546944862,12.833403102918732,-0.000528505504944562,0.04419217205800208,-37042.890201010894,-24203.880165991246,-12839.010035019648,25594.918284453295,34.65984961040992,12.435996071915893,0.030392
141.99999999999983,4.1685010237896085,4.168526213352872,2.518956326369448e-5,0.0019320700892876829,0.0006042834851170194,0.04742568353381119,29767.724964930352,29767.599868762994,-0.12509616735769669,12.833403102918732,-0.00042024094049872366,0.04419217205800208,-28849.539073124444,-16757.045648987136,-12092.493424137308,25594.918284453295,41.91572486994218,12.435996071915893,0.030392
142.99999999999986,4.168447317950968,4.168471857130271,2.453917930278493e-5,0.0019320700892876829,0.0005886887234272964,0.04742568353381119,29767.35480072089,29767.259364874455,-0.0954358464332472,12.833403102918732,-0.00032060573427550906,0.04419217205800208,-21600.489613660815,-10191.475172202856,-11409.014441457959,25594.918284453295,52.81831405452285,12.435996071915893,0.030392
143.99999999999986,4.168402689678462,4.168425925499725,2.32358212626238e-5,0.0019320700892876829,0.0005574274606471895,0.04742568353381119,29767.021269129084,29766.953199150335,-0.06806997874809895,12.833403102918732,-0.0002286758158724241,0.04419217205800208,-15167.51440276533,-4386.093984355482,-10781.420418409849,25594.918284453295,71.08231534920573,12.435996071915893,0.030392
144.99999999999986,4.1683658402426484,4.1683890129675385,2.317272489005262e-5,0.0019320700892876829,0.0005559186927964964,0.04742568353381119,29766.719556902783,29766.676793485778,-0.04276341700460762,12.833403102918732,-0.00014366183993792139,0.04419217205800208,-9443.283810286954,760.3538111004891,-8682.929999186465,25594.918284453295,91.94820545081781,12.435996071915893,0.030392
145.99999999999986,4.168335693661858,4.1683581010333395,2.240737148184735e-5,0.0019320700892876829,0.0005375615864125043,0.04742568353381119,29766.44560611418,29766.42630199333,-0.019304120847664308,12.833403102918732,-6.485195143251885e-5,0.04419217205800208,-4337.317724317232,5332.956838806271,995.6391144890385,25594.918284453295,-22.955180546423286,12.435996071915893,0.030392
146.9999999999999,4.1683113244311825,4.168333992466108,2.2668034925565905e-5,0.0019320700892876829,0.000543818183462082,0.04742568353381119,29766.195973308262,29766.198461545708,0.0024882374455046374,12.833403102918732,8.359272537666125e-6,0.04419217205800208,227.1562279134361,9403.91384753922,9176.757619625783,25594.918284453295,4039.84416536571,12.435996071915893,0.030392
147.9999999999999,4.168291963578029,4.168314196704973,2.2233126943937975e-5,0.0019320700892876829,0.0005333869877208226,0.04742568353381119,29765.967719390876,29765.990496919196,0.02277752832014812,12.833403102918732,7.652204871978622e-5,0.04419217205800208,4315.659531790783,13034.648544123937,8718.989012333153,25594.918284453295,202.03143802484362,12.435996071915893,0.030392
148.9999999999999,4.168276942252204,4.1682996106092265,2.266835702258163e-5,0.0019320700892876829,0.0005438303965075186,0.04742568353381119,29765.7583222133,29765.800025071392,0.04170285809232155,12.833403102918732,0.00014010346264620426,0.04419217205800208,7984.412868752704,16277.903600742613,8293.49073198991,25594.918284453295,103.87101554388293,12.435996071915893,0.030392
149.9999999999999,4.168265703562992,4.168288145371728,2.2441808736672897e-5,0.0019320700892876829,0.0005383967897605439,0.04742568353381119,29765.56560693814,29765.624998814677,0.05939187653711997,12.833403102918732,0.0001995321618322487,0.04419217205800208,11281.890004292514,19179.003440427492,7897.113436134978,25594.918284453295,69.99814244891856,12.435996071915893,0.030392
150.9999999999999,4.168257757373102,4.168280723804468,2.296643136645571e-5,0.0019320700892876829,0.0005509839530876204,0.04742568353381119,29765.38768970309,29765.463642590308,0.07595288721859106,12.833403102918732,0.00025517183921936913,0.04419217205800208,14250.074524948493,21777.255335243422,7527.180810294929,25594.918284453295,52.8220452259153,12.435996071915893,0.030392
151.99999999999991,4.168252695108098,4.168275569796751,2.2874688652585462e-5,0.0019320700892876829,0.0005487836349132916,0.04742568353381119,29765.222932055738,29765.314418402886,0.09148634714802029,12.833403102918732,0.0003073598587077734,0.04419217205800208,16925.47666472851,24106.718963724885,7181.242298996374,25594.918284453295,42.42859708619948,12.435996071915893,0.030392
152.99999999999991,4.16825015266772,4.168273592290292,2.343962257178589e-5,0.0019320700892876829,0.0005623372329701543,0.04742568353381119,29765.06990348692,29765.175980987202,0.1060775002806622,12.833403102918732,0.00035638250010706484,0.04419217205800208,19339.969025470415,26197.181426488452,6857.212401018038,25594.918284453295,35.456170544984865,12.435996071915893,0.030392
153.99999999999991,4.168249826500951,4.168273263560294,2.343705934304552e-5,0.0019320700892876829,0.0005622757828486453,0.04742568353381119,29764.92735074613,29765.04715703685,0.11980629072058946,12.833403102918732,0.0004025082584909659,0.04419217205800208,21521.471334362242,28074.631452105714,6553.160117743471,25594.918284453295,30.44940569318963,12.435996071915893,0.030392
154.99999999999991,4.1682514425505754,4.168275456317338,2.4013766762642774e-5,0.0019320700892876829,0.0005761112805600955,0.04742568353381119,29764.794172248083,29764.92691282891,0.13274058082606643,12.833403102918732,0.00044596505542050845,0.04419217205800208,23494.521250006204,29761.96113210277,6267.439882096565,25594.918284453295,26.676176183393864,12.435996071915893,0.030392
155.99999999999994,4.1682547725725225,4.168278843709863,2.407113734026467e-5,0.0019320700892876829,0.0005774871895704369,0.04742568353381119,29764.669396893765,29764.814341599333,0.1449447055674682,12.833403102918732,0.000486968975313378,0.04419217205800208,25280.746994872756,31279.258483833746,5998.51148896099,25594.918284453295,23.727587994838768,12.435996071915893,0.030392
156.99999999999994,4.168259607677888,4.168284250604943,2.464292705450788e-5,0.0019320700892876829,0.0005912042284774172,0.04742568353381119,29764.552166177808,29764.708639473592,0.15647329578496283,12.833403102918732,0.0005257035110468327,0.04419217205800208,26899.26635604045,32644.327326224375,5745.060970183924,25594.918284453295,21.35768646676798,12.435996071915893,0.030392
157.99999999999994,4.168265774301602,4.168290515137702,2.4740836099823582e-5,0.0019320700892876829,0.0005935522694439737,0.04742568353381119,29764.44171925342,29764.60909793218,0.16737867876145174,12.833403102918732,0.0005623444254060414,0.04419217205800208,28367.019984848295,33872.86582285059,5505.845838002293,25594.918284453295,19.409320545278057,12.435996071915893,0.030392
158.99999999999994,4.168273111332095,4.168298409292902,2.5297960807080244e-5,0.0019320700892876829,0.0006069170644865814,0.04742568353381119,29764.337380166213,29764.515085463427,0.17770529721383355,12.833403102918732,0.0005970409989111647,0.04419217205800208,29699.056036228674,34978.86134904317,5279.805312814493,25594.918284453295,17.777687298794522,12.435996071915893,0.030392
159.99999999999994,4.168281485399327,4.168306908519586,2.5423120258771803e-5,0.0019320700892876829,0.0006099185083306875,0.04742568353381119,29764.238547121022,29764.426043252643,0.1874961316207191,12.833403102918732,0.0006299376055728289,0.04419217205800208,30908.76970540512,35974.696390701225,5065.926685296105,25594.918284453295,16.389933127652792,12.435996071915893,0.030392
160.99999999999997,4.1682907708656005,4.168316730847088,2.5959981487133632e-5,0.0019320700892876829,0.0006227967988361498,0.04742568353381119,29764.144683206796,29764.341470892567,0.19678768577068695,12.833403102918732,0.000661156864627514,0.04419217205800208,32008.109995498762,36871.45498887817,4863.344993379407,25594.918284453295,15.19410235113329,12.435996071915893,0.030392
161.99999999999997,4.168300864266786,4.168326967291675,2.6103024889145843e-5,0.0019320700892876829,0.0006262269864662811,0.04742568353381119,29764.055308551677,29764.260924129714,0.2056155780373956,12.833403102918732,0.0006908184247941477,0.04419217205800208,33007.754803923905,37678.98191692775,4671.2271130038425,25594.918284453295,14.151908061461166,12.435996071915893,0.030392
162.99999999999997,4.16831166662999,4.168338283185992,2.66165560018905e-5,0.0019320700892876829,0.0006385452463877188,0.04742568353381119,29763.96999347378,29764.18400352687,0.2140100530887139,12.833403102918732,0.0007190238840303864,0.04419217205800208,33917.26358416532,38406.124973555736,4488.8613893904185,25594.918284453295,13.23473923021932,12.435996071915893,0.030392
163.99999999999997,4.148071449699528,4.148965049161594,0.0008935994620662413,0.0019320700892876829,0.02154252820623354,0.04742568353381119,29763.888352659425,29764.1103535241,0.22200086467637448,12.833403102918732,0.0007458731938716554,0.04419217205800208,34745.20728082993,39060.76399336502,4315.5567125350935,25594.918284453295,12.420581283785081,12.435996071915893,0.4783599999999873
165.0,4.112320274653822,4.114871356527772,0.002551081873949812,0.0019320700892876829,0.06203509706365378,0.04742568353381119,29760.76114665651,29760.99277626323,0.23162960671834298,12.833403102918732,0.0007783053853256893,0.04419217205800208,95442.61015636627,99553.68551071797,4111.075354351706,25594.918284453295,4.307379426879061,12.435996071915893,1.3745
166.0,4.083219610695952,4.087254398711263,0.004034788015310653,0.0019320700892876829,0.0988138870792442,0.04742568353381119,29750.005302754336,29750.264792838694,0.2594900843578216,12.833403102918732,0.0008722354222027561,0.04419217205800208,302607.58876827685,306158.98059139546,3551.391823118611,25594.918284453295,1.1735964182438614,12.435996071915893,2.2717
167.0,4.058275505292952,4.063649357054199,0.005373851761247828,0.0019320700892876829,0.13241712530948313,0.04742568353381119,29732.04721112971,29732.40991548004,0.36270435032929527,12.833403102918732,0.0012199104479879972,0.04419217205800208,639976.8670661907,641511.0112691636,1534.1442029728787,25594.918284453295,0.23971869639691323,12.435996071915893,3.1708
168.0,4.0357501256621475,4.042385747016695,0.006635621354547538,0.0019320700892876829,0.16442101586898492,0.04742568353381119,29709.537827847835,29710.18421417708,0.6463863292447058,12.833403102918732,0.0021756862492785882,0.04419217205800208,1.0498741743647265e6,1.0459480726864826e6,-3926.1016782439547,25594.918284453295,-0.37395925855778084,12.435996071915893,4.0726
169.0,4.014659606136204,4.022507135661312,0.007847529525107255,0.0019320700892876829,0.19547185303363462,0.04742568353381119,29683.549148665967,29684.78683898923,1.2376903232616314,12.833403102918732,0.004169617039602744,0.04419217205800208,1.5096085104432201e6,1.4944615727417085e6,-15146.937701511662,25594.918284453295,-1.0033685950183555,12.435996071915893,4.9781
170.0,4.023224818767036,4.0294008392103775,0.006176020443341201,0.0019320700892876829,0.15350920521597683,0.04742568353381119,29654.717959447553,29656.98620465786,2.2682452103072137,12.833403102918732,0.007648851064471461,0.04419217205800208,2.006093675739492e6,1.9716640654695327e6,-34429.61026995932,25594.918284453295,-1.7162513738182128,12.435996071915893,4.3107
171.0,4.020716879653416,4.026548715819276,0.005831836165859805,0.0019320700892876829,0.14504468582136296,0.04742568353381119,29632.313217879455,29635.67566960882,3.362451729364693,12.833403102918732,0.011347246853937369,0.04419217205800208,2.356963984916948e6,2.302951593485735e6,-54012.39143121289,25594.918284453295,-2.29160868714403,12.435996071915893,4.242
172.0,4.035006454300708,4.039348665962043,0.0043422116613349715,0.0019320700892876829,0.10761349976793294,0.04742568353381119,29617.812370424996,29622.114024183342,4.3016537583462195,12.833403102918732,0.01452387402737974,0.04419217205800208,2.543418146760022e6,2.473693076471491e6,-69725.07028853102,25594.918284453295,-2.741392341536587,12.435996071915893,3.4213
173.0,4.07620974838696,4.077560701799107,0.0013509534121469713,0.0019320700892876829,0.03314239196551579,0.04742568353381119,29608.589315998965,29613.582076124887,4.992760125922359,12.833403102918732,0.016862539692914475,0.04419217205800208,2.626167140926841e6,2.546116919305423e6,-80050.22162141837,25594.918284453295,-3.0481769562148515,12.435996071915893,1.7636
174.0,4.167971356842753,4.165243156020457,-0.0027282008222959675,0.0019320700892876829,-0.06545632368171035,0.04742568353381119,29612.905548767434,29617.957927766034,5.052378998600034,12.833403102918732,0.017061409223352374,0.04419217205800208,2.4469009304420515e6,2.369124506836213e6,-77776.42360583832,25594.918284453295,-3.1785685574032376,12.435996071915893,-0.57323
175.0,4.16324024399478,4.1616393960001465,-0.0016008479946334475,0.0019320700892876829,-0.038451972521705256,0.04742568353381119,29636.2867041874,29640.998491963623,4.711787776221172,12.833403102918732,0.015898711681566466,0.04419217205800208,1.9102074193256032e6,1.8420656483787869e6,-68141.77094681631,25594.918284453295,-3.5672445964466877,12.435996071915893,-0.42559
176.0,4.153962149642261,4.153587390663291,-0.00037475897897021326,0.0019320700892876829,-0.00902172348880183,0.04742568353381119,29660.649448530457,29665.02043486646,4.370986336001806,12.833403102918732,0.014736650805932935,0.04419217205800208,1.3883900959306944e6,1.3291114971847944e6,-59278.59874589997,25594.918284453295,-4.269592452412527,12.435996071915893,-0.15373
177.0,4.103238546367434,4.1055662237699595,0.0023276774025253744,0.0019320700892876829,0.05672781087967819,0.04742568353381119,29671.347861617985,29675.42525368678,4.077392068793415,12.833403102918732,0.013741849840491453,0.04419217205800208,1.1621409554390977e6,1.1102336201115933e6,-51907.335327504436,25594.918284453295,-4.466526636426131,12.435996071915893,1.1013
178.0,4.110812694446331,4.112730910443563,0.0019182159972324087,0.0019320700892876829,0.04666269518491807,0.04742568353381119,29669.190849813538,29673.022463341473,3.831613527934678,12.833403102918732,0.012914452393833174,0.04419217205800208,1.19484651650877e6,1.1489777608065426e6,-45868.755702227354,25594.918284453295,-3.8388826571844206,12.435996071915893,0.92045
179.0,4.1104779028005956,4.112268726095129,0.0017908232945336167,0.0019320700892876829,0.04356727701451633,0.04742568353381119,29662.874074161304,29666.521613379628,3.6475392183238,12.833403102918732,0.012296648022725126,0.04419217205800208,1.3015548223903864e6,1.260235192221653e6,-41319.63016873342,25594.918284453295,-3.174636170364868,12.435996071915893,0.92857
180.0,4.095601123509801,4.098164108558333,0.0025629850485318073,0.0019320700892876829,0.06257897122401924,0.04742568353381119,29661.333213568745,29664.837248157335,3.5040345885900024,12.833403102918732,0.011813476364531929,0.04419217205800208,1.3054155685015859e6,1.2676737494948972e6,-37741.81900668866,25594.918284453295,-2.8911727358982247,12.435996071915893,1.3343
181.0,4.037595838202336,4.044032785514554,0.006436947312218777,0.0019320700892876829,0.15942525131699928,0.04742568353381119,29657.307022547597,29660.721637034185,3.414614486588107,12.833403102918732,0.011513568929208825,0.04419217205800208,1.3575228651693182e6,1.3221775225144615e6,-35345.34265485662,25594.918284453295,-2.6036646278107547,12.435996071915893,3.4217
182.0,4.173222942620579,4.171582014708673,-0.0016409279119056208,0.0019320700892876829,-0.03932039899299506,0.04742568353381119,29638.854363488474,29642.369916570147,3.5155530816737155,12.833403102918732,0.011861298815936883,0.04419217205800208,1.6898788534110521e6,1.653131915888837e6,-36746.93752221507,25594.918284453295,-2.1745308811954587,12.435996071915893,-0.58854
183.0,4.2487737407549675,4.242670145567084,-0.006103595187883393,0.0019320700892876829,-0.1436554535567912,0.04742568353381119,29641.198514445838,29644.760063494385,3.561549048547022,12.833403102918732,0.012015536574242357,0.04419217205800208,1.5942536479042983e6,1.5573391773820957e6,-36914.47052220255,25594.918284453295,-2.3154703500743374,12.435996071915893,-2.973
184.0,4.202707501106083,4.2008992427231515,-0.0018082583829315269,0.0019320700892876829,-0.04302603458498178,0.04742568353381119,29681.798653412632,29685.288789161845,3.490135749212641,12.833403102918732,0.011758504900481718,0.04419217205800208,756064.7186004705,721325.4180505265,-34739.30054994393,25594.918284453295,-4.594752234206729,12.435996071915893,-1.2641
185.0,4.266158389347568,4.260757375757926,-0.0054010135896422895,0.0019320700892876829,-0.12660133770767656,0.04742568353381119,29706.90286710177,29710.25303260906,3.3501655072905123,12.833403102918732,0.01127739745296901,0.04419217205800208,272577.4356091344,241248.62640478948,-31328.8092043449,25594.918284453295,-11.493544626808074,12.435996071915893,-3.3805
186.0,4.215119872237316,4.213809962342242,-0.0013099098950739574,0.0019320700892876829,-0.031076456536897466,0.04742568353381119,29726.841219393064,29729.710848084138,2.8696286910744675,12.833403102918732,0.009653325322713372,0.04419217205800208,-90002.8881324366,-111390.53504220404,21387.64690976744,25594.918284453295,-23.763289549437737,12.435996071915893,-1.4032
187.0,4.170475349196202,4.1716436171717275,0.0011682679755251613,0.0019320700892876829,0.02801282534256743,0.04742568353381119,29743.23605581447,29745.66663823233,2.4305824178627518,12.833403102918732,0.008171882888942073,0.04419217205800208,-371766.05055489944,-384551.9463338416,12785.895778942155,25594.918284453295,-3.4392316780560996,12.435996071915893,-0.20697
188.0,4.0985692805749485,4.102747228571945,0.004177947996996778,0.0019320700892876829,0.10193674209188174,0.04742568353381119,29735.76727992229,29737.997943434442,2.2306635121531144,12.833403102918732,0.0075016174667847475,0.04419217205800208,-177667.0861675009,-186909.5191778257,9242.433010324807,25594.918284453295,-5.20210761019136,12.435996071915893,1.5836
189.0,4.1152879155427,4.117931414302953,0.002643498760253493,0.0019320700892876829,0.06423605867938123,0.04742568353381119,29716.180858546486,29718.21636388287,2.0355053363855404,12.833403102918732,0.0068498214695719255,0.04419217205800208,234231.16261784063,228410.1955245566,-5820.967093284038,25594.918284453295,-2.4851377708359093,12.435996071915893,1.0826
190.0,4.069727719209271,4.074577310426469,0.004849591217197968,0.0019320700892876829,0.11916254727085823,0.04742568353381119,29698.85498497111,29700.7742843711,1.9192993999895407,12.833403102918732,0.006462536690255528,0.04419217205800208,574196.9206466937,570188.5600693412,-4008.3605773524614,25594.918284453295,-0.6980811692333728,12.435996071915893,2.4753
191.0,4.032170530195195,4.039526706348954,0.007356176153758831,0.0019320700892876829,0.18243712905174977,0.04742568353381119,29683.02501232784,29684.969201449443,1.9441891216047225,12.833403102918732,0.0065498348662148455,0.04419217205800208,866883.7804266438,861936.8903800916,-4946.890046552173,25594.918284453295,-0.5706520479732037,12.435996071915893,4.007
192.0,4.016756640428981,4.024631729662202,0.007875089233221111,0.0019320700892876829,0.19605592118670323,0.04742568353381119,29654.125270688357,29656.30151742667,2.1762467383123294,12.833403102918732,0.007338765579652563,0.04419217205800208,1.4036560289170053e6,1.393855940441141e6,-9800.08847586438,25594.918284453295,-0.6981830501184586,12.435996071915893,4.6195
193.0,3.985929699326476,3.9959405795991048,0.010010880272628864,0.0019320700892876829,0.25115546504295994,0.04742568353381119,29622.981252319467,29625.77718086229,2.7959285428223666,12.833403102918732,0.009438376640782726,0.04419217205800208,1.9583992969622477e6,1.9364673264297608e6,-21931.970532486914,25594.918284453295,-1.119892688202374,12.435996071915893,6.1285
194.0,3.9560520439272224,3.968308097344717,0.012256053417494694,0.0019320700892876829,0.3098051613428209,0.04742568353381119,29589.516859170235,29593.673839713414,4.156980543179088,12.833403102918732,0.014048828721888298,0.04419217205800208,2.5352464221190964e6,2.4873045800623065e6,-47941.8420567899,25594.918284453295,-1.8910131038353861,12.435996071915893,7.7414
195.0,3.9450051803360813,3.957123158377361,0.012117978041279898,0.0019320700892876829,0.30717267753365907,0.04742568353381119,29548.57747939132,29555.35226495049,6.774785559169686,12.833403102918732,0.022927619997594694,0.04419217205800208,3.2366284034038004e6,3.139352686529093e6,-97275.71687470749,25594.918284453295,-3.005464475699697,12.435996071915893,8.1
196.0,3.9397664705470175,3.9511423927820863,0.011375922235068892,0.0019320700892876829,0.28874610513372384,0.04742568353381119,29508.944033073134,29519.268442535416,10.324409462282347,12.833403102918732,0.03498739043562833,0.04419217205800208,3.8844712851222637e6,3.722057694231246e6,-162413.59089101758,25594.918284453295,-4.181099021456806,12.435996071915893,8.0412
197.0,4.003447258735416,4.007085351393062,0.0036380926576464745,0.0019320700892876829,0.09087399989367295,0.04742568353381119,29476.870386345454,29490.94626425795,14.075877912495343,12.833403102918732,0.04775228078152999,0.04419217205800208,4.361696251432502e6,4.1332147418947364e6,-228481.5095377653,25594.918284453295,-5.238363617428097,12.435996071915893,3.9809
198.0,3.9498634254485308,3.9593497531256125,0.009486327677081796,0.0019320700892876829,0.24016849838306922,0.04742568353381119,29471.252432277994,29486.708137539805,15.45570526181109,12.833403102918732,0.05244332692452336,0.04419217205800208,4.30786115438319e6,4.0626261019043038e6,-245235.0524788862,25594.918284453295,-5.692733439873356,12.435996071915893,6.8127
199.0,3.984764753632448,3.9907699027025947,0.006005149070146487,0.0019320700892876829,0.15070272503972257,0.04742568353381119,29464.23858092621,29480.839918023532,16.601337097323267,12.833403102918732,0.0563440220989461,0.04419217205800208,4.300550239468482e6,4.0427143569973703e6,-257835.88247111207,25594.918284453295,-5.995416123844161,12.435996071915893,4.6643
200.0,3.9566890495720624,3.9655329388441376,0.008843889272075245,0.0019320700892876829,0.2235174197737818,0.04742568353381119,29449.405217129013,29467.491713482734,18.086496353720577,12.833403102918732,0.0614154894483258,0.04419217205800208,4.456913753925973e6,4.179505196778461e6,-277408.55714751175,25594.918284453295,-6.224229869899326,12.435996071915893,6.1143
201.0,3.9618466125410725,3.9702101895855226,0.008363577044450121,0.0019320700892876829,0.21110299974702557,0.04742568353381119,29439.258488008996,29458.197073709758,18.938585700761905,12.833403102918732,0.06433105544582872,0.04419217205800208,4.518814711548798e6,4.234610280451938e6,-284204.4310968602,25594.918284453295,-6.289357923229624,12.435996071915893,5.6994
202.0,3.944664177393688,3.954682031865948,0.010017854472260002,0.0019320700892876829,0.25395962803806993,0.04742568353381119,29422.161958551653,29442.569489440375,20.40753088872225,12.833403102918732,0.06936108542081738,0.04419217205800208,4.720827283103177e6,4.417312781077739e6,-303514.5020254385,25594.918284453295,-6.429265122911401,12.435996071915893,6.6014
203.0,3.9821093307044526,3.9879418350769957,0.005832504372543124,0.0019320700892876829,0.14646771065703834,0.04742568353381119,29405.06991955117,29426.98665611646,21.916736565290194,12.833403102918732,0.0745338699253286,0.04419217205800208,4.916832330710072e6,4.593732923302553e6,-323099.4074075194,25594.918284453295,-6.571291955380926,12.435996071915893,4.3592
204.0,3.985792163132722,3.99141320541686,0.005621042284138067,0.0019320700892876829,0.14102697918197732,0.04742568353381119,29397.357907012873,29420.01715497314,22.65924796026593,12.833403102918732,0.07707919885841327,0.04419217205800208,4.923730910394128e6,4.596603201476542e6,-327127.70891758613,25594.918284453295,-6.643899004046114,12.435996071915893,4.0983
205.0,3.991167124526242,3.9968682194427223,0.005701094916480187,0.0019320700892876829,0.14284280108057154,0.04742568353381119,29400.64541561944,29422.95326205985,22.307846440409776,12.833403102918732,0.07587536302369223,0.04419217205800208,4.7209902588234395e6,4.410898498013151e6,-310091.7608102886,25594.918284453295,-6.568362648720427,12.435996071915893,3.8153
206.0,4.05750098042086,4.0586323763024925,0.0011313958816323577,0.0019320700892876829,0.02788405688850887,0.04742568353381119,29400.359446753908,29422.474200411336,22.114753657428082,12.833403102918732,0.07521933089790768,0.04419217205800208,4.605320439720465e6,4.307649088572105e6,-297671.3511483595,25594.918284453295,-6.4636403708408965,12.435996071915893,1.2973
207.0,4.085098147378058,4.085474778267574,0.0003766308895167825,0.0019320700892876829,0.009219628903127232,0.04742568353381119,29413.962089740337,29435.109827725522,21.147737985185813,12.833403102918732,0.07189693765384364,0.04419217205800208,4.224778156355848e6,3.953844802709084e6,-270933.3536467636,25594.918284453295,-6.412960482650802,12.435996071915893,0.56509
208.0,4.073417790561513,4.0754096369764365,0.0019918464149233372,0.0019320700892876829,0.04889865261399482,0.04742568353381119,29438.858027836504,29458.611267582255,19.75323974575076,12.833403102918732,0.0670992051630287,0.04419217205800208,3.644915566984814e6,3.407521295021138e6,-237394.27196367597,25594.918284453295,-6.513025270433241,12.435996071915893,0.92339
209.0,4.089397633601699,4.091147368486793,0.001749734885094334,0.0019320700892876829,0.04278710562937533,0.04742568353381119,29453.963267800296,29472.709608982197,18.74634118190079,12.833403102918732,0.06364624350025821,0.04419217205800208,3.288127656312321e6,3.074903994984742e6,-213223.66132757906,25594.918284453295,-6.484652775516393,12.435996071915893,0.55629
210.0,4.064481833460839,4.067934022431757,0.0034521889709182574,0.0019320700892876829,0.08493552468356774,0.04742568353381119,29463.917577468,29481.818280682037,17.900703214036184,12.833403102918732,0.06075466090675405,0.04419217205800208,3.045682351004853e6,2.852486198905395e6,-193196.15209945804,25594.918284453295,-6.3432797591553625,12.435996071915893,1.275
211.0,4.065808190915668,4.069367276724937,0.0035590858092691136,0.0019320700892876829,0.08753698261568915,0.04742568353381119,29469.033644317427,29486.196462089214,17.16281777178665,12.833403102918732,0.05824017841554228,0.04419217205800208,2.9046764006672716e6,2.7286945940941125e6,-175981.80657315906,25594.918284453295,-6.05856840137965,12.435996071915893,1.275
212.0,4.0666531703962665,4.070181775881275,0.0035286054850081072,0.0019320700892876829,0.0867692753022326,0.04742568353381119,29468.860930433882,29485.393816946642,16.532886512759433,12.833403102918732,0.05610290316883317,0.04419217205800208,2.8688946111323433e6,2.7074721745005962e6,-161422.43663174706,25594.918284453295,-5.626642261635193,12.435996071915893,1.275
213.0,4.06738755509095,4.07092194959942,0.003534394508469596,0.0019320700892876829,0.08689593653414628,0.04742568353381119,29470.14670925794,29486.10003928125,15.953330023308808,12.833403102918732,0.054133866996655046,0.04419217205800208,2.8008840886396435e6,2.6526384880263116e6,-148245.6006133319,25594.918284453295,-5.292814551470176,12.435996071915893,1.275
214.0,4.045041502268524,4.049990771634852,0.004949269366328224,0.0019320700892876829,0.12235398236464555,0.04742568353381119,29471.40120629459,29486.83441843474,15.433212140149408,12.833403102918732,0.05236674032605255,0.04419217205800208,2.7336200758491014e6,2.5970454996823575e6,-136574.57616674388,25594.918284453295,-4.996106714804611,12.435996071915893,2.0026
215.0,4.04492884913129,4.049791846721039,0.00486299758974873,0.0019320700892876829,0.12022455205344669,0.04742568353381119,29467.726509012427,29482.696623808737,14.970114796309645,12.833403102918732,0.05080172978981319,0.04419217205800208,2.7639030558845657e6,2.63760707175988e6,-126295.98412468564,25594.918284453295,-4.569479521207938,12.435996071915893,2.0145
216.0,4.01572264609358,4.0225611657891704,0.0068385196955906835,0.0019320700892876829,0.1702936257872059,0.04742568353381119,29461.200681498798,29475.765450550265,14.56476905146701,12.833403102918732,0.04943711971865923,0.04419217205800208,2.8455222040058644e6,2.7281550093975384e6,-117367.19460832607,25594.918284453295,-4.12462761468173,12.435996071915893,3.133
217.0,4.005648304040837,4.01302390104205,0.007375597001213485,0.0019320700892876829,0.18412991958812497,0.04742568353381119,29450.318054719424,29464.577597437255,14.25954271783121,12.833403102918732,0.04841897697449862,0.04419217205800208,3.006432667706016e6,2.895864662528903e6,-110568.00517711276,25594.918284453295,-3.677714334493276,12.435996071915893,3.549
218.0,4.003190158709143,4.010327829329699,0.007137670620556591,0.0019320700892876829,0.17829956453675394,0.04742568353381119,29434.03169294597,29448.13123373546,14.099540789491584,12.833403102918732,0.04790217302399188,0.04419217205800208,3.2639160202477174e6,3.157227648875549e6,-106688.37137216842,25594.918284453295,-3.2687229300731584,12.435996071915893,3.6042
219.0,4.018217613383497,4.023797810861339,0.005580197477842219,0.0019320700892876829,0.13887245576885207,0.04742568353381119,29420.477256985167,29434.55642802004,14.07917103487489,12.833403102918732,0.04785500558639693,0.04419217205800208,3.4540577875269805e6,3.3485722771610166e6,-105485.51036596391,25594.918284453295,-3.0539590491764446,12.435996071915893,2.8938
220.0,4.007455069461293,4.0138405955709935,0.006385526109700557,0.0019320700892876829,0.1593411778552751,0.04742568353381119,29413.886371468456,29427.972922775858,14.08655130740226,12.833403102918732,0.047890819762825526,0.04419217205800208,3.4996948939810283e6,3.3950391030124375e6,-104655.79096859088,25594.918284453295,-2.9904261411068656,12.435996071915893,3.3107
221.0,3.9971540714720972,4.004403036840416,0.0072489653683187605,0.0019320700892876829,0.1813531637435498,0.04742568353381119,29408.501567907046,29422.607612484364,14.106044577318244,12.833403102918732,0.04796587321780416,0.04419217205800208,3.522939635482133e6,3.419009731549475e6,-103929.90393265802,25594.918284453295,-2.950090398538284,12.435996071915893,3.7442
222.0,4.0126585912109,4.018408684358591,0.00575009314769126,0.0019320700892876829,0.14329883833840085,0.04742568353381119,29397.54925343868,29411.75783774199,14.20858430330918,12.833403102918732,0.04833254697803484,0.04419217205800208,3.6570559076961377e6,3.5523196500968393e6,-104736.25759929838,25594.918284453295,-2.863950134830721,12.435996071915893,3.0116
223.0,4.001906998102483,4.008495024458465,0.006588026355982102,0.0019320700892876829,0.1646221753555451,0.04742568353381119,29390.74757061844,29405.00444139207,14.25687077362818,12.833403102918732,0.048508023619925185,0.04419217205800208,3.7037234624830317e6,3.599411576891988e6,-104311.88559104363,25594.918284453295,-2.8164058857977308,12.435996071915893,3.4409
224.0,3.9833677991091063,3.99161623634301,0.008248437233903783,0.0019320700892876829,0.2070719464004447,0.04742568353381119,29385.665339039,29399.963612557916,14.298273518917995,12.833403102918732,0.048657307411456394,0.04419217205800208,3.7167532667050036e6,3.6130581674078237e6,-103695.09929717984,25594.918284453295,-2.7899376648455383,12.435996071915893,4.2896
225.0,3.9580396842545755,3.9685166767617317,0.010476992507156169,0.0019320700892876829,0.2647015528630133,0.04742568353381119,29372.5530830522,29387.063223324236,14.510140272035642,12.833403102918732,0.04940033721620171,0.04419217205800208,3.889253687495415e6,3.7828605413784576e6,-106393.14611695753,25594.918284453295,-2.7355671464432585,12.435996071915893,5.5916
226.0,3.96126621676651,3.9708117335098474,0.00954551674333759,0.0019320700892876829,0.24097135160810715,0.04742568353381119,29350.865902811336,29365.962687957002,15.096785145666217,12.833403102918732,0.051435569893085134,0.04419217205800208,4.222005334357341e6,4.1057678822563803e6,-116237.45210096054,25594.918284453295,-2.7531337100656175,12.435996071915893,5.3019
227.0,3.9900685390201907,3.996331063954898,0.006262524934707248,0.0019320700892876829,0.1569528160597734,0.04742568353381119,29330.19673600959,29346.094056165613,15.897320156022033,12.833403102918732,0.0542012053281061,0.04419217205800208,4.51855267799248e6,4.388860657856804e6,-129692.02013567556,25594.918284453295,-2.8702115340458008,12.435996071915893,3.7188
228.00000000000003,4.007166499485742,4.012091776500845,0.0049252770151024805,0.0019320700892876829,0.1229117136943165,0.04742568353381119,29324.549553209345,29340.86292277354,16.313369564195455,12.833403102918732,0.05563041824255433,0.04419217205800208,4.5082658579544155e6,4.373379468636439e6,-134886.3893179763,25594.918284453295,-2.991979478760815,12.435996071915893,2.9153999999999765
228.99999999999997,4.028594403348661,4.032390813724496,0.003796410375835002,0.0019320700892876829,0.0942365995613591,0.04742568353381119,29329.465680326917,29345.782572012828,16.316891685910377,12.833403102918732,0.05563310243614538,0.04419217205800208,4.297730848635108e6,4.165880135516265e6,-131850.71311884327,25594.918284453295,-3.067914621985157,12.435996071915893,2.0874000000000237
229.99999999999997,4.0551426782296875,4.057763697348428,0.002621019118740797,0.0019320700892876829,0.06463444881512846,0.04742568353381119,29337.64131917427,29353.744717830323,16.103398656054196,12.833403102918732,0.05488988866166777,0.04419217205800208,4.039403983686834e6,3.91452943802407e6,-124874.545662764,25594.918284453295,-3.091410172566816,12.435996071915893,1.244100000000024
231.0,4.087609359697087,4.089048471367229,0.0014391116701419904,0.0019320700892876829,0.03520668301455881,0.04742568353381119,29350.10667020009,29365.82418900154,15.71751880145166,12.833403102918732,0.05355182854381261,0.04419217205800208,3.7121744801543797e6,3.597212184358335e6,-114962.29579604464,25594.918284453295,-3.096899038842152,12.435996071915893,0.3946
232.0,4.044382247734917,4.048822907565142,0.004440659830224902,0.0019320700892876829,0.10979822277461344,0.04742568353381119,29366.928932613664,29382.203937614562,15.27500500089809,12.833403102918732,0.0520143084622455,0.04419217205800208,3.3162273752404014e6,3.211761568827326e6,-104465.80641307542,25594.918284453295,-3.150140041453051,12.435996071915893,1.6469
233.0,4.021395896856453,4.027639863093068,0.0062439662366147175,0.0019320700892876829,0.15526862802778654,0.04742568353381119,29373.62972442334,29388.478481669885,14.848757246545574,12.833403102918732,0.05055131894101346,0.04419217205800208,3.1379415308848904e6,3.0431739583216715e6,-94767.57256321888,25594.918284453295,-3.0200553971601476,12.435996071915893,2.4918
234.0,4.01054069906528,4.0174028336254946,0.00686213456021445,0.0019320700892876829,0.17110247907006101,0.04742568353381119,29365.17295476552,29379.618004438813,14.445049673293397,12.833403102918732,0.04919109346144404,0.04419217205800208,3.261396627958736e6,3.1755073021015082e6,-85889.32585722767,25594.918284453295,-2.6335136646959936,12.435996071915893,2.9308
235.00000000000003,3.9996536699778242,4.007100716352404,0.007447046374580157,0.0019320700892876829,0.18619228035865035,0.04742568353381119,29353.9353823538,29368.034641177128,14.099258823327546,12.833403102918732,0.048031920216746654,0.04419217205800208,3.426704562052417e6,3.348253332004834e6,-78451.23004758311,25594.918284453295,-2.2894074650134097,12.435996071915893,3.3821999999999766
236.00000000000003,4.018898562665902,4.024513904047454,0.0056153413815511755,0.0019320700892876829,0.1397233917202002,0.04742568353381119,29342.010648164167,29355.894197319267,13.8835491550999,12.833403102918732,0.04731628422324408,0.04419217205800208,3.5940349037250644e6,3.5202599192603733e6,-73774.98446469102,25594.918284453295,-2.0527063993793266,12.435996071915893,2.5546000000000255
236.99999999999997,3.997318293222268,4.004557188981881,0.0072388957596127845,0.0019320700892876829,0.1810938041107919,0.04742568353381119,29336.11013884488,29349.854743888805,13.744605043924821,12.833403102918732,0.04685217289842784,0.04419217205800208,3.633653618083146e6,3.5629990972046596e6,-70654.52087848634,25594.918284453295,-1.9444484341289134,12.435996071915893,3.433599999999975
237.99999999999997,4.016824545664812,4.022428199803292,0.005603654138480074,0.0019320700892876829,0.13950457817551082,0.04742568353381119,29330.09867586754,29343.76567976506,13.667003897520772,12.833403102918732,0.046597197126942574,0.04419217205800208,3.675022708272132e6,3.606297390585426e6,-68725.31768670632,25594.918284453295,-1.8700651163872282,12.435996071915893,2.597000000000024
239.0,4.0052401857349444,4.011682287786628,0.006442102051683385,0.0019320700892876829,0.16084184101187146,0.04742568353381119,29324.292261157523,29337.883755104907,13.591493947384151,12.833403102918732,0.04634892404679523,0.04419217205800208,3.7112395403484413e6,3.6444554309406215e6,-66784.10940781981,25594.918284453295,-1.799509535338416,12.435996071915893,3.048
240.0,4.026779504300293,4.031642949761923,0.004863445461629645,0.0019320700892876829,0.12077754583869954,0.04742568353381119,29321.154099845284,29334.65837353428,13.504273688995454,12.833403102918732,0.04605641934492173,0.04419217205800208,3.6940418440524098e6,3.6294521114503727e6,-64589.732602037024,25594.918284453295,-1.7484840542894686,12.435996071915893,2.1945
241.0,4.039153397151481,4.043265718009655,0.0041123208581739235,0.0019320700892876829,0.1018114553677026,0.04742568353381119,29319.66151185765,29333.067392919045,13.40588106139694,12.833403102918732,0.04572317813415153,0.04419217205800208,3.6465813780796626e6,3.584397666301539e6,-62183.7117781234,25594.918284453295,-1.7052604982826451,12.435996071915893,1.7627
242.0,4.068745148509916,4.071397920147924,0.0026527716380080335,0.0019320700892876829,0.06519876623335698,0.04742568353381119,29324.792484890277,29338.041422223057,13.24893733278077,12.833403102918732,0.045179986660118195,0.04419217205800208,3.472112912620816e6,3.413459170117203e6,-58653.74250361277,25594.918284453295,-1.6892809646371731,12.435996071915893,0.8885
243.00000000000003,4.040602964674547,4.0452563515401465,0.0046533868655993516,0.0019320700892876829,0.11516565488572228,0.04742568353381119,29334.366106279937,29347.428822812108,13.06271653217118,12.833403102918732,0.044530420343307495,0.04419217205800208,3.2202688259466146e6,3.1656252469975646e6,-54643.57894905005,25594.918284453295,-1.6968638925039834,12.435996071915893,1.7514
244.00000000000003,4.041301635406395,4.0460909166377395,0.004789281231344589,0.0019320700892876829,0.11850838327396904,0.04742568353381119,29338.907907314548,29351.724259137067,12.81635182251921,12.833403102918732,0.0436838067149866,0.04419217205800208,3.0800313759406256e6,3.030466532865439e6,-49564.84307518648,25594.918284453295,-1.609231758557967,12.435996071915893,1.7514
244.99999999999997,4.041589147181324,4.046311152169698,0.004722004988374273,0.0019320700892876829,0.1168353540257174,0.04742568353381119,29336.06469692879,29348.59535689864,12.530659969848784,12.833403102918732,0.04271418167127449,0.04419217205800208,3.089272055241369e6,3.0453915296723917e6,-43880.525568977464,25594.918284453295,-1.4204163564852827,12.435996071915893,1.7514
245.99999999999997,4.041832962101853,4.046539834305524,0.004706872203671608,0.0019320700892876829,0.11645390217273895,0.04742568353381119,29334.94493262912,29347.20931984294,12.264387213817827,12.833403102918732,0.04180811398141132,0.04419217205800208,3.060350830995753e6,3.0215872320766305e6,-38763.59891912248,25594.918284453295,-1.2666390574086528,12.435996071915893,1.7514
247.0,4.042043271614408,4.046731081806038,0.004687810191629893,0.0019320700892876829,0.1159762495505785,0.04742568353381119,29333.983155641174,29346.01228671134,12.029131070165022,12.833403102918732,0.041007492935209236,0.04419217205800208,3.027929046984001e6,2.9935372198100365e6,-34391.827173964586,25594.918284453295,-1.135820114682704,12.435996071915893,1.7514
248.0,4.056175562703668,4.060005850989868,0.003830288286200023,0.0019320700892876829,0.09443102811967344,0.04742568353381119,29332.95905777812,29344.767448174083,11.808390395963215,12.833403102918732,0.04025638999701268,0.04419217205800208,2.9968807480472275e6,2.966486880095988e6,-30393.86795123946,25594.918284453295,-1.0141834295890537,12.435996071915893,1.3155
249.0,4.088660237422622,4.09083284331907,0.0021726058964484096,0.0019320700892876829,0.0531373547883245,0.04742568353381119,29334.659672998947,29346.27692238009,11.617249381142756,12.833403102918732,0.03960246858372739,0.04419217205800208,2.912492533083924e6,2.885442974153917e6,-27049.558930007275,25594.918284453295,-0.9287426018347781,12.435996071915893,0.44259
250.0,4.089915243813953,4.092285575654493,0.0023703318405399187,0.0019320700892876829,0.05795552472939566,0.04742568353381119,29343.68078686234,29355.147561989823,11.466775127482833,12.833403102918732,0.03907749409752542,0.04419217205800208,2.687634312027271e6,2.663090661356841e6,-24543.65067042969,25594.918284453295,-0.9132064790435169,12.435996071915893,0.43275
251.00000000000003,4.143610943171515,4.143554126355013,-5.6816816502269774e-5,0.0019320700892876829,-0.0013711909076768258,0.04742568353381119,29354.17454997969,29365.47658275545,11.3020327757622,12.833403102918732,0.03850230145807326,0.04419217205800208,2.4449543572510118e6,2.4231973470290136e6,-21757.010221998207,25594.918284453295,-0.8898738807730029,12.435996071915893,-0.8793899999999835
252.00000000000003,4.122595421631527,4.123999264325906,0.0014038426943789872,0.0019320700892876829,0.034052400267388185,0.04742568353381119,29370.02125747394,29381.087531433168,11.066273959226237,12.833403102918732,0.037678808136409316,0.04419217205800208,2.1073053602801124e6,2.0897002630791767e6,-17605.097200935706,25594.918284453295,-0.8354317097449777,12.435996071915893,-0.29769999999999197
252.99999999999997,4.112832907719417,4.115009089522868,0.002176181803450916,0.0019320700892876829,0.05291199161936335,0.04742568353381119,29385.15639364615,29395.959730525177,10.803336879027484,12.833403102918732,0.03676460568834492,0.04419217205800208,1.7982616312654247e6,1.7852269728188708e6,-13034.658446553862,25594.918284453295,-0.7248477207057717,12.435996071915893,-0.013865000000008069
254.0,4.081829829612965,4.085514811806277,0.0036849821933122584,0.0019320700892876829,0.09027770257785746,0.04742568353381119,29389.500608270497,29400.040088282945,10.539480012448621,12.833403102918732,0.0358613783640907,0.04419217205800208,1.7125019606347675e6,1.703926445402048e6,-8575.515232719481,25594.918284453295,-0.5007594402718711,12.435996071915893,0.78989
255.0,4.099181085228734,4.101851528356913,0.0026704431281787677,0.0019320700892876829,0.06514577113466938,0.04742568353381119,29387.244421310625,29397.491343846777,10.246922536152852,12.833403102918732,0.03486860621992219,0.04419217205800208,1.7538380082329444e6,1.7501725018131325e6,-3665.5064198118635,25594.918284453295,-0.20899914374104567,12.435996071915893,0.36725
256.0,4.06859356859683,4.072680497205866,0.0040869286090359225,0.0019320700892876829,0.1004506481202893,0.04742568353381119,29385.527702516283,29395.52533082216,9.997628305878607,12.833403102918732,0.03402228609637155,0.04419217205800208,1.776465961232251e6,1.7767246812525229e6,258.7200202718377,25594.918284453295,0.014563747683202203,12.435996071915893,1.1847
257.0,4.020539362477155,4.027591027709431,0.007051665232276072,0.0019320700892876829,0.1753910258431437,0.04742568353381119,29383.003446875216,29392.76928434603,9.765837470815313,12.833403102918732,0.033236348654663746,0.04419217205800208,1.8103342761913117e6,1.8141040916883978e6,3769.8154970861506,25594.918284453295,0.20823864115401447,12.435996071915893,2.8391
258.0,4.041381255851484,4.046428317267808,0.005047061416323828,0.0019320700892876829,0.12488456537022403,0.04742568353381119,29366.15646059857,29375.54083612279,9.38437552421965,12.833403102918732,0.031956430991610836,0.04419217205800208,2.1215796537471926e6,2.1317512986769406e6,10171.644929748029,25594.918284453295,0.4794373339592783,12.435996071915893,2.0262
259.0,4.040184662523385,4.044905842848066,0.004721180324681384,0.0019320700892876829,0.11685555782820752,0.04742568353381119,29351.769283843663,29360.889965242102,9.120681398439046,12.833403102918732,0.031073702270681916,0.04419217205800208,2.364817443643e6,2.378846772016197e6,14029.328373197,25594.918284453295,0.5932520673386452,12.435996071915893,2.0323
260.0,4.052022456721116,4.055911235883836,0.003888779162720013,0.0019320700892876829,0.09597131319619588,0.04742568353381119,29347.1488908518,29356.26096387754,9.112073025738937,12.833403102918732,0.031049261581179988,0.04419217205800208,2.4040679557959116e6,2.4168903284744895e6,12822.3726785779,25594.918284453295,0.5333614903715488,12.435996071915893,1.6202
261.0,4.096994073346223,4.0984575085794015,0.0014634352331786005,0.0019320700892876829,0.03571973029444338,0.04742568353381119,29344.603581571755,29353.743697077993,9.140115506237635,12.833403102918732,0.031147517398999985,0.04419217205800208,2.403736893991879e6,2.414864652058597e6,11127.758066718001,25594.918284453295,0.4629357769784098,12.435996071915893,0.37023
262.0,4.113747248639473,4.114670777144895,0.000923528505422766,0.0019320700892876829,0.022449811561179454,0.04742568353381119,29352.195168884362,29361.389004898174,9.19383601381196,12.833403102918732,0.03132248188223466,0.04419217205800208,2.2061719222919773e6,2.2152975861896286e6,9125.663897651248,25594.918284453295,0.41364246391870746,12.435996071915893,-0.026224
263.0,4.115164431270949,4.1164078717829975,0.0012434405120487213,0.0019320700892876829,0.030216058989037547,0.04742568353381119,29365.846199941334,29375.063746461317,9.217546519983443,12.833403102918732,0.031388663065332875,0.04419217205800208,1.9020551963514832e6,1.9099456037424004e6,7890.407390917186,25594.918284453295,0.41483587889839063,12.435996071915893,-0.032187
264.0,4.116653201788071,4.118070132215214,0.0014169304271431926,0.0019320700892876829,0.03441947518260095,0.04742568353381119,29375.825995346313,29384.981167289272,9.155171942958987,12.833403102918732,0.031165666437462353,0.04419217205800208,1.6861886912675845e6,1.6946406699510606e6,8451.978683476103,25594.918284453295,0.5012475013767509,12.435996071915893,-0.038006
265.0,4.1296016636544195,4.130528946005452,0.0009272823510322326,0.0019320700892876829,0.02245452289487045,0.04742568353381119,29382.54135652128,29391.581823558252,9.040467036971677,12.833403102918732,0.030768158980112176,0.04419217205800208,1.542750253175094e6,1.5527820759282622e6,10031.822753168177,25594.918284453295,0.6502557839496019,12.435996071915893,-0.32219
266.0,4.025226051110822,4.032064952506327,0.006838901395505026,0.0019320700892876829,0.16990105173392006,0.04742568353381119,29389.886614530038,29398.78966654181,8.903052011770342,12.833403102918732,0.030292910376077363,0.04419217205800208,1.3904205139455975e6,1.4024208290669497e6,12000.315121352207,25594.918284453295,0.8630709199836892,12.435996071915893,2.7272
267.0,4.119102373351847,4.1202083610790945,0.0011059877272474594,0.0019320700892876829,0.026850212182210984,0.04742568353381119,29377.27382093422,29385.873069284495,8.599248350274138,12.833403102918732,0.02927177110677411,0.04419217205800208,1.6348979654115504e6,1.6520722682603393e6,17174.30284878891,25594.918284453295,1.0504816332354814,12.435996071915893,-0.046469
268.0,4.073007385363086,4.076154602580119,0.003147217217033038,0.0019320700892876829,0.07727010828271506,0.04742568353381119,29370.259709006117,29378.67891816199,8.419209155872522,12.833403102918732,0.028665763392248283,0.04419217205800208,1.7504474741232742e6,1.7701201814262876e6,19672.70730301342,25594.918284453295,1.1238673307159162,12.435996071915893,1.1104
269.0,4.088540365852799,4.091040346432553,0.002499980579754535,0.0019320700892876829,0.061146041277571735,0.04742568353381119,29376.24772455581,29384.70128400867,8.453559452860645,12.833403102918732,0.028776852415341853,0.04419217205800208,1.6035034716185597e6,1.6214179684316812e6,17914.496813121485,25594.918284453295,1.1172097304559485,12.435996071915893,0.70643
270.0,4.0889195067279065,4.091305929133188,0.0023864224052818628,0.0019320700892876829,0.05836315440681198,0.04742568353381119,29373.232217023666,29381.648903204117,8.416686180451507,12.833403102918732,0.028654273109152417,0.04419217205800208,1.6428867146327929e6,1.6606425579778922e6,17755.84334509936,25594.918284453295,1.0807710103777928,12.435996071915893,0.69949
271.0,4.048574465009743,4.053255826110579,0.004681361100836057,0.0019320700892876829,0.11562986283925966,0.04742568353381119,29374.5632000251,29382.94245678917,8.379256764070306,12.833403102918732,0.02852555357848911,0.04419217205800208,1.5928190278571812e6,1.6104813947448651e6,17662.36688768398,25594.918284453295,1.1088746793441535,12.435996071915893,1.8847
272.0,4.0367734139976585,4.042018628281523,0.005245214283864819,0.0019320700892876829,0.12993581125155174,0.04742568353381119,29367.208233891546,29375.493960529537,8.285726637990592,12.833403102918732,0.028214212845837895,0.04419217205800208,1.715819496646711e6,1.7345343158668657e6,18714.81922015478,25594.918284453295,1.0907219119918987,12.435996071915893,2.2901
273.0,4.025023290010097,4.030722890770253,0.005699600760156187,0.0019320700892876829,0.1416041684603989,0.04742568353381119,29352.859361752875,29361.033262568137,8.173900815261732,12.833403102918732,0.027847034302601614,0.04419217205800208,1.967981152677991e6,1.9880778317267373e6,20096.67904874636,25594.918284453295,1.0211824956453055,12.435996071915893,2.7052
274.0,4.013558487329284,4.0197800139542395,0.0062215266249552315,0.0019320700892876829,0.15501273108630295,0.04742568353381119,29339.08404719628,29347.251841092282,8.167793896001967,12.833403102918732,0.027839294106328804,0.04419217205800208,2.194727595530837e6,2.214086711303267e6,19359.11577243032,25594.918284453295,0.8820737394404498,12.435996071915893,3.1323
275.0,4.002268938802616,4.009048054410006,0.006779115607390196,0.0019320700892876829,0.16938181094392787,0.04742568353381119,29324.291494789824,29332.58085834089,8.289363551066344,12.833403102918732,0.02826790735093856,0.04419217205800208,2.4312277226599804e6,2.4474291694180816e6,16201.446758101229,25594.918284453295,0.6663895202862937,12.435996071915893,3.5738
276.0,3.999774107645337,4.006377126646095,0.0066030190007579925,0.0019320700892876829,0.16508479786737715,0.04742568353381119,29308.237238538466,29316.78637593487,8.549137396403239,12.833403102918732,0.029169742713702578,0.04419217205800208,2.6827798359526712e6,2.693316517686107e6,10536.681733435951,25594.918284453295,0.39275238289146874,12.435996071915893,3.6188
277.0,3.9972548582765026,4.0037500339004595,0.00649517562395685,0.0019320700892876829,0.16249090574018032,0.04742568353381119,29293.25555646007,29302.18275421411,8.927197754041117,12.833403102918732,0.030475266693504793,0.04419217205800208,2.903456452681375e6,2.9063202515903995e6,2863.7989090243354,25594.918284453295,0.09863412645226982,12.435996071915893,3.6641
278.0,3.9621718226324667,3.9717532435462206,0.009581420913753913,0.0019320700892876829,0.241822448461814,0.04742568353381119,29280.660518027624,29290.038043786906,9.377525759282435,12.833403102918732,0.032026346378043094,0.04419217205800208,3.0699964161496256e6,3.064150836274058e6,-5845.579875567462,25594.918284453295,-0.1904099902142218,12.435996071915893,5.3994
279.0,3.9911791214827566,3.9974654766334545,0.006286355150697975,0.0019320700892876829,0.15750621456354336,0.04742568353381119,29259.66074389865,29269.855363124247,10.194619225596398,12.833403102918732,0.0348418914177678,0.04419217205800208,3.397946438770774e6,3.3765715429507783e6,-21374.895819995552,25594.918284453295,-0.6290533475191575,12.435996071915893,3.7926
280.0,4.0184326951306755,4.022212076245219,0.0037793811145432343,0.0019320700892876829,0.09405112394000997,0.04742568353381119,29243.446325906807,29254.405342101272,10.959016194465221,12.833403102918732,0.03747511860377624,0.04419217205800208,3.618141012672855e6,3.583018615119214e6,-35122.39755364088,25594.918284453295,-0.9707304781826251,12.435996071915893,2.5475
281.0,3.9967858310686157,4.002667833708291,0.005882002639674866,0.0019320700892876829,0.1471683219538987,0.04742568353381119,29245.91037832125,29257.134116868034,11.223738546785171,12.833403102918732,0.038377121455945004,0.04419217205800208,3.465426427984013e6,3.4269183119039536e6,-38508.11608005967,25594.918284453295,-1.1112085880426983,12.435996071915893,3.425
282.0,4.0405358691824835,4.0433770382580425,0.0028411690755589802,0.0019320700892876829,0.0703166403552762,0.04742568353381119,29244.158887121157,29255.67001351093,11.51112638977429,12.833403102918732,0.03936213872385873,0.04419217205800208,3.411436722057951e6,3.3689892217922257e6,-42447.50026572542,25594.918284453295,-1.244270485548357,12.435996071915893,1.7234
283.0,4.069539854936265,4.07094815697358,0.0014083020373156785,0.0019320700892876829,0.034605928127413185,0.04742568353381119,29245.27148727448,29256.898072120228,11.626584845747857,12.833403102918732,0.039755434825786945,0.04419217205800208,3.3068860220313887e6,3.263892845967602e6,-42993.17606378673,25594.918284453295,-1.3001106109298688,12.435996071915893,0.86004
284.0,4.127846245761781,4.126918869519664,-0.0009273762421164733,0.0019320700892876829,-0.022466346537704653,0.04742568353381119,29259.41980517214,29270.865587092376,11.445781920236186,12.833403102918732,0.039118280527944485,0.04419217205800208,2.9536599586904463e6,2.9157954302877774e6,-37864.52840266889,25594.918284453295,-1.2819528629645218,12.435996071915893,-0.58487
285.0,4.140859428055461,4.139948289484543,-0.0009111385709177355,0.0019320700892876829,-0.02200361028303741,0.04742568353381119,29280.90611900673,29292.170160673806,11.264041667076526,12.833403102918732,0.038468897175845417,0.04419217205800208,2.476975683285155e6,2.4438333786279876e6,-33142.30465716729,25594.918284453295,-1.3380149381689297,12.435996071915893,-0.87977
286.0,4.163366731246014,4.161844124160129,-0.0015226070858851415,0.0019320700892876829,-0.036571534149465984,0.04742568353381119,29304.763362214806,29315.811536421028,11.04817420622203,12.833403102918732,0.037700950079902054,0.04419217205800208,1.9780076311479216e6,1.949953016468178e6,-28054.614679743536,25594.918284453295,-1.4183269183578557,12.435996071915893,-1.4534
287.0,4.183079904264084,4.180826486124779,-0.002253418139305019,0.0019320700892876829,-0.053869832536738396,0.04742568353381119,29325.90715071984,29336.667816362515,10.760665642676031,12.833403102918732,0.036693376908587455,0.04419217205800208,1.554538851823753e6,1.532701250824013e6,-21837.600999739952,25594.918284453295,-1.4047639255925015,12.435996071915893,-2.005
288.0,4.177017453220031,4.175721531580509,-0.0012959216395218576,0.0019320700892876829,-0.03102504727440968,0.04742568353381119,29348.836131782813,29359.20313899328,10.367007210468728,12.833403102918732,0.035323401459323826,0.04419217205800208,1.1113446347201974e6,1.0975014748155202e6,-13843.159904677188,25594.918284453295,-1.2456225973649004,12.435996071915893,-1.705
289.0,4.059225966739268,4.064375853624721,0.00514988688545337,0.0019320700892876829,0.12686869190458538,0.04742568353381119,29367.17265583033,29377.082745118165,9.910089287834126,12.833403102918732,0.03374546608206307,0.04419217205800208,774273.1137654982,769291.9344667447,-4981.179298753501,25594.918284453295,-0.643336209174136,12.435996071915893,1.4865
290.0,4.060012450710312,4.064708849797245,0.0046963990869324235,0.0019320700892876829,0.11567449962156579,0.04742568353381119,29357.681948896123,29367.165911857748,9.483962961625366,12.833403102918732,0.03230487672062941,0.04419217205800208,993085.1894809094,995976.5305367719,2891.341055862489,25594.918284453295,0.2911473342356266,12.435996071915893,1.4865
291.0,4.118508956742318,4.119563377877458,0.0010544211351399824,0.0019320700892876829,0.025602011461303573,0.04742568353381119,29335.331153113628,29344.489257420293,9.158104306665336,12.833403102918732,0.03121868391007852,0.04419217205800208,1.4415518349448948e6,1.4500549226349967e6,8503.087690101936,25594.918284453295,0.5898565340473503,12.435996071915893,-0.058571
292.0,4.179243139041698,4.176999912622645,-0.002243226419052391,0.0019320700892876829,-0.053675422664371794,0.04742568353381119,29335.59800191085,29344.63021784699,9.032215936138527,12.833403102918732,0.030789268163376765,0.04419217205800208,1.4151298457766445e6,1.42517217589525e6,10042.330118605401,25594.918284453295,0.7096401894551252,12.435996071915893,-1.6788
293.0,4.076670647204789,4.0801617641427175,0.0034911169379281404,0.0019320700892876829,0.08563647250537298,0.04742568353381119,29356.41108580818,29365.334029038913,8.922943230732926,12.833403102918732,0.03039521147408431,0.04419217205800208,988162.2808363561,999504.3398015096,11342.058965153527,25594.918284453295,1.1477931494768134,12.435996071915893,1.0316
294.0,4.051983929082155,4.056883261689954,0.004899332607799067,0.0019320700892876829,0.12091194569246111,0.04742568353381119,29359.75362191949,29368.49432924819,8.7407073286995,12.833403102918732,0.02977105135573698,0.04419217205800208,929423.2861445528,943550.3241404777,14127.03799592494,25594.918284453295,1.5199789166599134,12.435996071915893,1.7999
295.0,4.076936000580919,4.0798373915172,0.0029013909362811674,0.0019320700892876829,0.07116596718387903,0.04742568353381119,29339.925588249098,29348.47414342229,8.548555173190834,12.833403102918732,0.029136253762738266,0.04419217205800208,1.3242177257378583e6,1.341259152338563e6,17041.426600704668,25594.918284453295,1.286905187076327,12.435996071915893,1.0316
296.0,4.120738247974874,4.121259034130708,0.0005207861558345073,0.0019320700892876829,0.012638176086298282,0.04742568353381119,29330.939055843653,29339.37822872015,8.439172876496741,12.833403102918732,0.028772256014133274,0.04419217205800208,1.478886797425303e6,1.4971446798127196e6,18257.88238741667,25594.918284453295,1.2345693003144724,12.435996071915893,-0.077192
297.0,4.077418982839331,4.080211486109017,0.002792503269686719,0.0019320700892876829,0.06848703264098079,0.04742568353381119,29337.398798371254,29345.87744498583,8.478646614574245,12.833403102918732,0.02890047162274305,0.04419217205800208,1.3227402880466143e6,1.339319805034275e6,16579.516987660667,25594.918284453295,1.2534219406097347,12.435996071915893,1.0116
298.0,4.064505228498367,4.068050193822688,0.0035449653243206924,0.0019320700892876829,0.08721763474346374,0.04742568353381119,29339.408709484127,29347.887701002634,8.478991518506518,12.833403102918732,0.02889966734662119,0.04419217205800208,1.2654039531707563e6,1.2812562857381518e6,15852.33256739541,25594.918284453295,1.2527487785757108,12.435996071915893,1.3895
299.0,4.0641849692270275,4.067512188614253,0.0033272193872253553,0.0019320700892876829,0.08186682969447041,0.04742568353381119,29330.467649377508,29338.88358068672,8.415931309213192,12.833403102918732,0.028693478091856496,0.04419217205800208,1.4258123412731776e6,1.4422656396630253e6,16453.298389847623,25594.918284453295,1.1539595999818368,12.435996071915893,1.3895
300.0,4.120887665197166,4.121203028119513,0.00031536292234690677,0.0019320700892876829,0.007652791048159233,0.04742568353381119,29323.295544284036,29331.67182157429,8.37627729025553,12.833403102918732,0.028565265720579314,0.04419217205800208,1.540822311468417e6,1.5574073241437918e6,16585.012675374746,25594.918284453295,1.0763741251623677,12.435996071915893,-0.082977
301.0,4.132196208867111,4.132128023799949,-6.818506716133044e-5,0.0019320700892876829,-0.001650092679892956,0.04742568353381119,29328.387582321804,29336.787921876934,8.400339555129904,12.833403102918732,0.02864235045841168,0.04419217205800208,1.4089848094380205e6,1.424474098623292e6,15489.289185271598,25594.918284453295,1.099322652843189,12.435996071915893,-0.34729
302.0,4.133425557713859,4.133647071191045,0.00022151347718590841,0.0019320700892876829,0.005359077455078796,0.04742568353381119,29341.538096769582,29349.958358673182,8.420261903600476,12.833403102918732,0.028697411416641186,0.04419217205800208,1.1280205479748752e6,1.1425889864034909e6,14568.438428615686,25594.918284453295,1.2915047030632791,12.435996071915893,-0.35004
303.0,4.173097289498011,4.17144732792064,-0.001649961577371073,0.0019320700892876829,-0.039538056817495136,0.04742568353381119,29350.24270020651,29358.62045598974,8.377755783232715,12.833403102918732,0.028544076683814847,0.04419217205800208,950095.485048563,965036.0675295459,14940.582480982877,25594.918284453295,1.572534836350602,12.435996071915893,-1.3653
304.0,4.1900924381487155,4.187708148961536,-0.002384289187179256,0.0019320700892876829,-0.05690302117135852,0.04742568353381119,29363.358476780762,29371.60685501006,8.248378229298396,12.833403102918732,0.028090718014497033,0.04419217205800208,692152.6245682351,709155.3435503348,17002.718982099672,25594.918284453295,2.456498520496974,12.435996071915893,-1.8437
305.0,4.191487021425168,4.189457264099776,-0.002029757325392012,0.0019320700892876829,-0.04842570942046874,0.04742568353381119,29382.438137565216,29390.457329156918,8.01919159170211,12.833403102918732,0.027292464819145275,0.04419217205800208,327933.65478033945,348854.06913487986,20920.414354540408,25594.918284453295,6.379465495407471,12.435996071915893,-1.8126
306.0,4.199935316481006,4.197678362644437,-0.0022569538365688757,0.0019320700892876829,-0.05373782371629253,0.04742568353381119,29398.154976071364,29405.88879777073,7.733821699366672,12.833403102918732,0.026307166914595895,0.04419217205800208,45717.94457041912,71468.29106039542,25750.346489976306,25594.918284453295,56.324374885911986,12.435996071915893,-2.0148
307.0,4.201016924157817,4.1989276980715955,-0.0020892260862215295,0.0019320700892876829,-0.0497314370291512,0.04742568353381119,29411.314654862563,29418.71631194756,7.401657084996259,12.833403102918732,0.02516601917273543,0.04419217205800208,-177149.78879849808,-145862.6099108304,-31287.178887667687,25594.918284453295,17.66142601685842,12.435996071915893,-1.9724
308.0,4.195206921595238,4.1936756885389235,-0.0015312330563146404,0.0019320700892876829,-0.03649958357077617,0.04742568353381119,29423.325792282296,29430.37925332376,7.053461041465198,12.833403102918732,0.02397234456519294,0.04419217205800208,-372085.7141293545,-335172.3879479402,-36913.326181414304,25594.918284453295,9.920651285359881,12.435996071915893,-1.7075
309.0,4.202717810977984,4.20077530872977,-0.0019425022482142396,0.0019320700892876829,-0.04622014457264295,0.04742568353381119,29431.506042274195,29438.274644182453,6.768601908257551,12.833403102918732,0.022997810232800904,0.04419217205800208,-487619.11365958035,-446531.02443345357,-41088.08922612679,25594.918284453295,8.426267157117934,12.435996071915893,-1.8882
310.0,4.236453047283868,4.232135074162216,-0.004317973121652052,0.0019320700892876829,-0.10192425298848641,0.04742568353381119,29439.07918486752,29445.581556248195,6.502371380673139,12.833403102918732,0.022087550156852504,0.04419217205800208,-591392.4747704895,-546600.3406101408,-44792.13416034868,25594.918284453295,7.574011518785699,12.435996071915893,-3.0867
311.0,4.220821071427615,4.218042545140387,-0.002778526287228189,0.0019320700892876829,-0.06582904700787053,0.04742568353381119,29455.594762395198,29461.607547723306,6.0127853281082935,12.833403102918732,0.020413050140765044,0.04419217205800208,-870815.2743812673,-818008.6432539921,-52806.63112727518,25594.918284453295,6.06404511735229,12.435996071915893,-2.3685
312.0,4.23602442079453,4.232414598092704,-0.003609822701826637,0.0019320700892876829,-0.08521723066812632,0.04742568353381119,29470.718912272485,29476.258312566995,5.539400294510415,12.833403102918732,0.01879628491927845,0.04419217205800208,-1.1117854763750841e6,-1.051621214473299e6,-60164.261901785154,25594.918284453295,5.411499176796898,12.435996071915893,-2.8514
313.0,4.215523785096829,4.213518323739766,-0.002005461357062366,0.0019320700892876829,-0.04757324259804411,0.04742568353381119,29481.25136870763,29486.38528409376,5.1339153861299565,12.833403102918732,0.01741417052459063,0.04419217205800208,-1.2552779735538482e6,-1.189343531129078e6,-65934.44242477021,25594.918284453295,5.252577023884327,12.435996071915893,-2.0018
314.0,4.210055250961827,4.2084276996028605,-0.001627551358966528,0.0019320700892876829,-0.038658669826119235,0.04742568353381119,29488.75295412521,29493.570632607352,4.817678482140764,12.833403102918732,0.016337342205129817,0.04419217205800208,-1.3380568840082756e6,-1.268248757246782e6,-69808.1267614935,25594.918284453295,5.217126984345888,12.435996071915893,-1.7549
315.0,4.192284931088302,4.191505365894281,-0.0007795651940210035,0.0019320700892876829,-0.018595234027154524,0.04742568353381119,29489.523280352096,29494.258747118172,4.73546676607657,12.833403102918732,0.016058132649542207,0.04419217205800208,-1.2900577085792741e6,-1.2210141110976113e6,-69043.59748166287,25594.918284453295,5.351977436552029,12.435996071915893,-1.1898
316.0,4.185748860774738,4.185094291471533,-0.000654569303205399,0.0019320700892876829,-0.01563804530509375,0.04742568353381119,29487.98443120633,29492.72468063443,4.740249428101379,12.833403102918732,0.016075189673136498,0.04419217205800208,-1.2047845863501932e6,-1.138003856765394e6,-66780.72958479915,25594.918284453295,5.542960155815612,12.435996071915893,-0.99389
317.0,4.124730106722765,4.126626329352703,0.0018962226299379381,0.0019320700892876829,0.045972041342713446,0.04742568353381119,29484.51056124339,29489.338477986515,4.827916743124661,12.833403102918732,0.016374417113339604,0.04419217205800208,-1.0896878249591629e6,-1.0265634022814333e6,-63124.42267772951,25594.918284453295,5.792890517070351,12.435996071915893,0.4469
318.0,4.158176710430196,4.1581795922917095,2.8818615138703763e-6,0.0019320700892876829,6.930589329312618e-5,0.04742568353381119,29473.160620993858,29478.114981072522,4.95436007866374,12.833403102918732,0.01680973460014576,0.04419217205800208,-828117.173080322,-769144.65890141,-58972.51417891204,25594.918284453295,7.121276565193521,12.435996071915893,-0.32885
319.0,4.18880653382069,4.18701518227585,-0.001791351544840225,0.0019320700892876829,-0.042765201266201695,0.04742568353381119,29463.50476429399,29468.617049602057,5.11228530806693,12.833403102918732,0.017351246394360958,0.04419217205800208,-615494.9845076408,-561043.3683738501,-54451.616133790696,25594.918284453295,8.846800949539618,12.435996071915893,-1.1074
320.0,4.212993312469206,4.209925487747863,-0.0030678247213433707,0.0019320700892876829,-0.0728181721120592,0.04742568353381119,29468.496490710924,29473.717496162513,5.221005451589008,12.833403102918732,0.017717244085509336,0.04419217205800208,-701133.4646492231,-649996.7283028463,-51136.73634637683,25594.918284453295,7.2934382574308465,12.435996071915893,-1.8155
321.0,4.2546138342068724,4.248871177562118,-0.005742656644754263,0.0019320700892876829,-0.13497480308514967,0.04742568353381119,29480.128703422215,29485.356039689254,5.227336267038481,12.833403102918732,0.017731728106165502,0.04419217205800208,-909262.8771356484,-859285.8468680975,-49977.03026755084,25594.918284453295,5.49643359739793,12.435996071915893,-3.3544
322.0,4.265157710669443,4.259159681288546,-0.005998029380896774,0.0019320700892876829,-0.14062854852688078,0.04742568353381119,29501.03006860511,29505.98991538989,4.959846784782712,12.833403102918732,0.016812452898249692,0.04419217205800208,-1.2871563337397575e6,-1.2329432875257565e6,-54213.04621400102,25594.918284453295,4.211846284164114,12.435996071915893,-3.7144
323.0,4.201226327145154,4.200319654119834,-0.0009066730253195487,0.0019320700892876829,-0.02158115166186863,0.04742568353381119,29525.74210212582,29530.161573624075,4.419471498255007,12.833403102918732,0.01496819786262649,0.04419217205800208,-1.7202320914326352e6,-1.656702381959555e6,-63529.709473080235,25594.918284453295,3.6930894261001566,12.435996071915893,-1.2401
324.0,4.184398808814594,4.18425814475083,-0.00014066406376400664,0.0019320700892876829,-0.0033616313881863384,0.04742568353381119,29529.018890227493,29533.24626046971,4.227370242217148,12.833403102918732,0.01431598610821499,0.04419217205800208,-1.7122482234870975e6,-1.6467636386593822e6,-65484.5848277153,25594.918284453295,3.824479647837039,12.435996071915893,-0.75275
325.0,4.165966185803613,4.166131593734163,0.00016540793054975467,0.0019320700892876829,0.003970457828328425,0.04742568353381119,29516.871823088466,29521.26405105645,4.3922279679827625,12.833403102918732,0.01488039787653618,0.04419217205800208,-1.4097102049032121e6,-1.3492805883171984e6,-60429.6165860137,25594.918284453295,4.2866694428279795,12.435996071915893,-0.32267
326.0,4.199304184217965,4.197506385589942,-0.001797798628023095,0.0019320700892876829,-0.04281182189134266,0.04742568353381119,29507.542990986305,29512.070450254756,4.527459268450912,12.833403102918732,0.015343396330334647,0.04419217205800208,-1.1849895189258137e6,-1.1286467872497402e6,-56342.73167607351,25594.918284453295,4.7547029552757465,12.435996071915893,-1.1542
327.0,4.195526655832207,4.193801399788565,-0.001725256043642709,0.0019320700892876829,-0.041121322426695306,0.04742568353381119,29506.00834357356,29510.642943199447,4.63459962588604,12.833403102918732,0.01570730805712478,0.04419217205800208,-1.1264034175000358e6,-1.0733575115645365e6,-53045.90593549935,25594.918284453295,4.709316849662138,12.435996071915893,-1.0565
328.0,4.228261429666019,4.224729169686555,-0.0035322599794636034,0.0019320700892876829,-0.08353929950217408,0.04742568353381119,29509.908282821016,29514.61605324357,4.707770422555768,12.833403102918732,0.015953185545128798,0.04419217205800208,-1.1761116161006496e6,-1.1255381890785904e6,-50573.427022059215,25594.918284453295,4.300053356307573,12.435996071915893,-2.0254
329.0,4.190000618620989,4.188763731253415,-0.001236887367573658,0.0019320700892876829,-0.02951998054789648,0.04742568353381119,29517.69497178394,29522.400516098693,4.705544314751023,12.833403102918732,0.015941435532988154,0.04419217205800208,-1.2980941316072256e6,-1.248415744677877e6,-49678.38692934858,25594.918284453295,3.8270249991685623,12.435996071915893,-0.87715
330.0,4.205028184055876,4.20307038954949,-0.0019577945063860014,0.0019320700892876829,-0.04655841579871766,0.04742568353381119,29521.443974491463,29526.15865259518,4.714678103715414,12.833403102918732,0.015970350595957354,0.04419217205800208,-1.33372495670827e6,-1.2851636762355252e6,-48561.28047274472,25594.918284453295,3.64102660211124,12.435996071915893,-1.2532
331.0,4.196160556792364,4.194543513662917,-0.0016170431294471044,0.0019320700892876829,-0.0385362549302262,0.04742568353381119,29519.999680309753,29524.77212029863,4.772439988875703,12.833403102918732,0.016166802305418,0.04419217205800208,-1.2668085868376645e6,-1.2202919495926697e6,-46516.63724499475,25594.918284453295,3.6719546842600965,12.435996071915893,-1.0066
332.0,4.174480852407367,4.173858676548218,-0.0006221758591484772,0.0019320700892876829,-0.014904269085092983,0.04742568353381119,29521.521137150958,29526.326425133604,4.805287982646405,12.833403102918732,0.01627723707163333,0.04419217205800208,-1.263552259208268e6,-1.2185042230693828e6,-45048.03613888519,25594.918284453295,3.56518979018026,12.435996071915893,-0.46804
333.0,4.154101440476744,4.154205563715931,0.00010412323918718158,0.0019320700892876829,0.002506516527801303,0.04742568353381119,29517.98796751127,29522.873060242422,4.8850927311505075,12.833403102918732,0.01654954509950761,0.04419217205800208,-1.1613167944404024e6,-1.1186175574697808e6,-42699.23697062163,25594.918284453295,3.6767949258149564,12.435996071915893,-0.013265
334.0,4.151510028892324,4.151486332331769,-2.3696560555563906e-5,0.0019320700892876829,-0.0005707937687889062,0.04742568353381119,29510.35458441134,29515.338368242756,4.983783831416076,12.833403102918732,0.016888254653669017,0.04419217205800208,-984768.0445235411,-944693.3222218408,-40074.72230170027,25594.918284453295,4.069458033753478,12.435996071915893,0.030392
335.0,4.150713275394599,4.150523046480232,-0.0001902289143673741,0.0019320700892876829,-0.004583041558063041,0.04742568353381119,29503.192118978764,29508.284430881835,5.092311903070367,12.833403102918732,0.017260206565223136,0.04419217205800208,-826986.3401399053,-789628.074442206,-37358.26569769939,25594.918284453295,4.5173981581581275,12.435996071915893,0.030392
336.0,4.150015520604282,4.149741239964223,-0.0002742806400588549,0.0019320700892876829,-0.0066091473320301465,0.04742568353381119,29498.515750095117,29503.72504757095,5.209297475834319,12.833403102918732,0.017659524024755454,0.04419217205800208,-725020.3142734692,-690446.8412653591,-34573.47300811007,25594.918284453295,4.768621282392008,12.435996071915893,0.030392
337.0,4.149420464930971,4.149101794270991,-0.00031867065998003596,0.0019320700892876829,-0.007679883556590531,0.04742568353381119,29495.053751711253,29500.38084681532,5.327095104064938,12.833403102918732,0.018060977779217877,0.04419217205800208,-649971.3664356532,-618103.3928741671,-31867.973561486113,25594.918284453295,4.902981147653529,12.435996071915893,0.030392
338.0,4.148908451778189,4.148565336239108,-0.0003431155390805074,0.0019320700892876829,-0.008270019526062352,0.04742568353381119,29492.252724785674,29497.691123390578,5.438398604903341,12.833403102918732,0.01844009223592757,0.04419217205800208,-589576.0943651111,-560200.7789220075,-29375.31544310355,25594.918284453295,4.9824468332177805,12.435996071915893,0.030392
339.0,4.148464482586813,4.148109481798721,-0.0003550007880921413,0.0019320700892876829,-0.008557402132337345,0.04742568353381119,29489.893375462012,29495.435027643714,5.541652181702375,12.833403102918732,0.018791699621109787,0.04419217205800208,-538970.970885841,-511860.3742447101,-27110.596641130862,25594.918284453295,5.030066201259871,12.435996071915893,0.030392
340.0,4.148077121895283,4.147715867995906,-0.0003612538993769121,0.0019320700892876829,-0.00870894847808068,0.04742568353381119,29487.8575609909,29493.494403083,5.636842092102597,12.833403102918732,0.019115807516513178,0.04419217205800208,-495533.66556504206,-470473.067051912,-25060.59851313004,25594.918284453295,5.057294842834582,12.435996071915893,0.030392
341.0,4.147737259486409,4.14737621817115,-0.0003610413152586034,0.0019320700892876829,-0.008704536779248866,0.04742568353381119,29486.071593962104,29491.796049749,5.724455786894396,12.833403102918732,0.019414101226243374,0.04419217205800208,-457627.48297610943,-434422.6177659018,-23204.865210207645,25594.918284453295,5.070688731213956,12.435996071915893,0.030392
342.0,4.147437620373589,4.147078210156689,-0.0003594102169000024,0.0019320700892876829,-0.008665837796678611,0.04742568353381119,29484.48544974183,29490.290531190072,5.805081448241253,12.833403102918732,0.01968859676434368,0.04419217205800208,-424140.80380293017,-402617.5956413295,-21523.20816160069,25594.918284453295,5.074543163171135,12.435996071915893,0.030392
343.0,4.147172204890062,4.146818747504481,-0.00035345738558056894,0.0019320700892876829,-0.008522852877047068,0.04742568353381119,29483.063196407602,29488.942539965705,5.879343558102846,12.833403102918732,0.019941427113378173,0.04419217205800208,-394274.9937680035,-374278.5413718566,-19996.452396146895,25594.918284453295,5.071701911664493,12.435996071915893,0.030392
344.0,4.146936135209757,4.1465882483303185,-0.00034788687943887453,0.0019320700892876829,-0.008389009815828234,0.04742568353381119,29481.777956355065,29487.725780841356,5.947824486291211,12.833403102918732,0.020174578667190263,0.04419217205800208,-367432.653330534,-348825.0330849495,-18607.62024558452,25594.918284453295,5.06422607705623,12.435996071915893,0.030392
345.0,4.146725326316635,4.146386116780255,-0.0003392095363796699,0.0019320700892876829,-0.008180178567095393,0.04742568353381119,29480.608996128645,29486.620066247157,6.01107011851127,12.833403102918732,0.020389911617160406,0.04419217205800208,-343153.02129219624,-325811.51599649247,-17341.50529570377,25594.918284453295,5.053577914133359,12.435996071915893,0.030392
346.0,4.146536430527798,4.146204635338169,-0.00033179518962889176,0.0019320700892876829,-0.00800174302548353,0.04742568353381119,29479.539931413157,29485.609512049654,6.069580636496539,12.833403102918732,0.020589129445771452,0.04419217205800208,-321072.09798868746,-304887.45740670856,-16184.640581978892,25594.918284453295,5.040811918371411,12.435996071915893,0.030392
347.0,4.144249957032811,4.14401871097407,-0.00023124605874080828,0.0019320700892876829,-0.005579925466329141,0.04742568353381119,29478.557559372763,29484.681365717417,6.12380634465444,12.833403102918732,0.020773765243840312,0.04419217205800208,-300896.68878516706,-285771.47718601784,-15125.211599149217,25594.918284453295,5.026712543835353,12.435996071915893,0.07764
348.0,4.115067435501497,4.116128122533722,0.0010606870322247275,0.0019320700892876829,0.025775690164247897,0.04742568353381119,29477.333568601,29483.50823313529,6.174664534290059,12.833403102918732,0.020947161044672164,0.04419217205800208,-276143.93885227165,-262001.19446907763,-14142.744383194018,25594.918284453295,5.121511789096318,12.435996071915893,0.74987
349.0,4.081963292681463,4.084633342911421,0.002670050229958143,0.0019320700892876829,0.06541093190978141,0.04742568353381119,29471.496884729877,29477.731111907684,6.234227177807043,12.833403102918732,0.02115341206519169,0.04419217205800208,-161208.80971637118,-148210.5457180576,-12998.263998313574,25594.918284453295,8.062998555217026,12.435996071915893,1.6462
350.0,4.054661047732369,4.058757795579356,0.004096747846987547,0.0019320700892876829,0.10103798563578369,0.04742568353381119,29457.586145442467,29463.927993492478,6.341848050011322,12.833403102918732,0.021528743117984573,0.04419217205800208,106708.643155664,117638.41555521046,10929.772399546462,25594.918284453295,10.242630846315206,12.435996071915893,2.5439
351.0,4.030941585229883,4.036347293520918,0.0054057082910352605,0.0019320700892876829,0.13410534925246195,0.04742568353381119,29437.584667560324,29444.160619534985,6.575951974660711,12.833403102918732,0.02233862610986318,0.04419217205800208,480718.66320438386,487167.37319136615,6448.709986982285,25594.918284453295,1.341472774116226,12.435996071915893,3.4437
352.0,4.0147800983921895,4.02093445828507,0.006154359892880379,0.0019320700892876829,0.15329257747753192,0.04742568353381119,29413.45525377795,29420.50376841097,7.048514633021114,12.833403102918732,0.023963572358999822,0.04419217205800208,918344.8365469159,915828.413723532,-2516.4228233839385,25594.918284453295,-0.2740172017350239,12.435996071915893,4.0769
353.0,4.008071961027803,4.01415297125007,0.006081010222266592,0.0019320700892876829,0.15171908791545793,0.04742568353381119,29387.663093609997,29395.48667681435,7.823583204353781,12.833403102918732,0.026621998419652935,0.04419217205800208,1.3698934527575355e6,1.3528968968490413e6,-16996.555908494163,25594.918284453295,-1.2407210118626995,12.435996071915893,4.2553
354.0,3.999628676871449,4.005914574695727,0.0062858978242781305,0.0019320700892876829,0.15716203508159224,0.04742568353381119,29364.137137535516,29372.947348291007,8.810210755491426,12.833403102918732,0.030003302035493944,0.04419217205800208,1.7594918319618118e6,1.7245405361994489e6,-34951.29576236289,25594.918284453295,-1.9864426266413882,12.435996071915893,4.5258
355.0,4.038740166926515,4.041301326914172,0.0025611599876569358,0.0019320700892876829,0.06341482447002728,0.04742568353381119,29343.009573399966,29352.950776338854,9.941202938887727,12.833403102918732,0.033879288741737075,0.04419217205800208,2.089683020539544e6,2.0347240568038984e6,-54958.96373564564,25594.918284453295,-2.6300143703831003,12.435996071915893,2.6161
356.0,4.01938088059773,4.02349432402242,0.004113443424690111,0.0019320700892876829,0.10234022469844642,0.04742568353381119,29335.17330860607,29345.746461447565,10.573152841494448,12.833403102918732,0.0360425784101047,0.04419217205800208,2.150067674291053e6,2.0857213508558124e6,-64346.323435240425,25594.918284453295,-2.992758051509123,12.435996071915893,3.3372
357.0,4.017975385011646,4.022388191245087,0.004412806233440314,0.0019320700892876829,0.10982661192752735,0.04742568353381119,29331.546734135623,29342.4890070458,10.942272910175234,12.833403102918732,0.037305475259648606,0.04419217205800208,2.134664688730885e6,2.0662044389003622e6,-68460.24983052257,25594.918284453295,-3.2070727637896153,12.435996071915893,3.3417
358.0,4.007588615143921,4.012786123192638,0.00519750804871677,0.0019320700892876829,0.12969165620134682,0.04742568353381119,29320.193905109318,29331.717842668837,11.523937559519254,12.833403102918732,0.03930375630125386,0.04419217205800208,2.2794796971747237e6,2.2025927572260057e6,-76886.93994871806,25594.918284453295,-3.373003937872961,12.435996071915893,3.7456
359.0,3.983507389689226,3.990792022375126,0.007284632685899961,0.0019320700892876829,0.18286981730610705,0.04742568353381119,29307.860808968828,29319.97029310846,12.109484139633423,12.833403102918732,0.04131821226586303,0.04419217205800208,2.4401121154849855e6,2.3549263506560167e6,-85185.7648289688,25594.918284453295,-3.49105945945593,12.435996071915893,4.8804
360.0,4.031986108772173,4.034711804215174,0.0027256954430008307,0.0019320700892876829,0.06760180639190902,0.04742568353381119,29288.231500487618,29301.359883115005,13.1283826273866,12.833403102918732,0.0448247707519248,0.04419217205800208,2.740331990931741e6,2.6385152894244576e6,-101816.70150728337,25594.918284453295,-3.7154878257164987,12.435996071915893,2.5459
361.0,4.028643840552542,4.0316590043076985,0.003015163755156536,0.0019320700892876829,0.0748431451002379,0.04742568353381119,29280.653893390205,29294.292671705054,13.638778314849333,12.833403102918732,0.04657948679871572,0.04419217205800208,2.791834297034756e6,2.6840610599028594e6,-107773.23713189643,25594.918284453295,-3.8603020690147627,12.435996071915893,2.6183
362.0,4.046685630470257,4.048873750868936,0.0021881203986788833,0.0019320700892876829,0.05407191461088629,0.04742568353381119,29284.65642259653,29298.21337019851,13.556947601980937,12.833403102918732,0.04629368842968624,0.04419217205800208,2.6201021306507536e6,2.5179762421263317e6,-102125.88852442196,25594.918284453295,-3.8977827363949737,12.435996071915893,1.9433
363.0,4.031426986592758,4.034961986546142,0.0035349999533833554,0.0019320700892876829,0.08768607158556112,0.04742568353381119,29286.246649941088,29299.773307557218,13.526657616130251,12.833403102918732,0.046187747367611075,0.04419217205800208,2.5112960553465663e6,2.4131592676312686e6,-98136.78771529766,25594.918284453295,-3.9078143537224044,12.435996071915893,2.483
364.0,4.023082835607747,4.027429834155473,0.004346998547726244,0.0019320700892876829,0.1080514303422133,0.04742568353381119,29285.378726060542,29298.85426485171,13.47553879116822,12.833403102918732,0.04601456213771473,0.04419217205800208,2.459114685975752e6,2.364994073060838e6,-94120.6129149138,25594.918284453295,-3.8274186011608355,12.435996071915893,2.8012
365.0,4.01430300506159,4.019287373942899,0.0049843688813089315,0.0019320700892876829,0.12416523802573438,0.04742568353381119,29277.66320741491,29291.273926674836,13.610719259926555,12.833403102918732,0.04648840709554812,0.04419217205800208,2.545387706823455e6,2.451303455806309e6,-94084.25101714628,25594.918284453295,-3.6962640608710946,12.435996071915893,3.1415
366.0,4.073219437647932,4.074182186427774,0.0009627487798420375,0.0019320700892876829,0.023636064655479842,0.04742568353381119,29267.759466980177,29281.587853546083,13.82838656590684,12.833403102918732,0.047247848204807055,0.04419217205800208,2.6702399893844263e6,2.574530074529793e6,-95709.91485463316,25594.918284453295,-3.584318834079677,12.435996071915893,1.0687
367.0,4.054715223633799,4.057006512833204,0.002291289199404467,0.0019320700892876829,0.05650925090988349,0.04742568353381119,29271.093972444116,29284.833848768878,13.739876324762008,12.833403102918732,0.04694008477338347,0.04419217205800208,2.5294040601579547e6,2.4381328045687643e6,-91271.2555891904,25594.918284453295,-3.6084094679396834,12.435996071915893,1.6105
368.0,4.093445660116068,4.094052107533705,0.0006064474176374901,0.0019320700892876829,0.01481508411230002,0.04742568353381119,29279.526635304323,29292.994295685436,13.467660381113092,12.833403102918732,0.04599685148213501,0.04419217205800208,2.2994526349247694e6,2.2159042293800996e6,-83548.40554466983,25594.918284453295,-3.633404066503125,12.435996071915893,0.54526
369.0,4.11592380697709,4.11576292218158,-0.00016088479550990797,0.0019320700892876829,-0.0039088380411023355,0.04742568353381119,29285.93383265084,29299.186397665373,13.252565014532593,12.833403102918732,0.04525232178103649,0.04419217205800208,2.123120928257489e6,2.0457153002652302e6,-77405.62799225887,25594.918284453295,-3.645841692860522,12.435996071915893,0.014916
370.0,4.065810212203845,4.06859747549414,0.0027872632902949945,0.0019320700892876829,0.06855369888955486,0.04742568353381119,29299.66966851054,29312.61211415469,12.942445644148393,12.833403102918732,0.044172667441565484,0.04419217205800208,1.811034293774437e6,1.7413474313755652e6,-69686.86239887169,25594.918284453295,-3.8479040755012415,12.435996071915893,1.3365
371.0,4.019875812342383,4.025822622433581,0.005946810091198351,0.0019320700892876829,0.147935169363681,0.04742568353381119,29301.889188875324,29314.606158327904,12.716969452580088,12.833403102918732,0.04339982780840008,0.04419217205800208,1.7409559477876802e6,1.6769623602724003e6,-63993.58751527988,25594.918284453295,-3.6757729336345206,12.435996071915893,2.978
372.0,4.038879526807021,4.043002604402837,0.004123077595815872,0.0019320700892876829,0.10208468879673208,0.04742568353381119,29285.182725679184,29297.847483950998,12.664758271814208,12.833403102918732,0.04324630100637518,0.04419217205800208,2.0423464965638302e6,1.9804310230383677e6,-61915.47352546244,25594.918284453295,-3.031585170764748,12.435996071915893,2.2154
373.0,4.082221676219332,4.083456423631323,0.001234747411991144,0.0019320700892876829,0.03024694663653544,0.04742568353381119,29271.258094457447,29283.93468266398,12.67658820653378,12.833403102918732,0.04330728855461839,0.04419217205800208,2.268224348090962e6,2.207131460604337e6,-61092.887486625,25594.918284453295,-2.6934234939345165,12.435996071915893,0.85065
374.0,4.082182626175258,4.083638230869628,0.0014556046943701162,0.0019320700892876829,0.035657510397420024,0.04742568353381119,29275.55171358855,29288.131852254555,12.58013866600595,12.833403102918732,0.0429714827890562,0.04419217205800208,2.1243307639943785e6,2.0662336741089285e6,-58097.08988544997,25594.918284453295,-2.7348419968371602,12.435996071915893,0.85065
375.0,4.082706158535377,4.084447487346299,0.0017413288109224823,0.0019320700892876829,0.0426513381885696,0.04742568353381119,29284.00781830661,29296.451987799643,12.44416949303195,12.833403102918732,0.042494762227363564,0.04419217205800208,1.9102413306814185e6,1.8558064752336456e6,-54434.85544777289,25594.918284453295,-2.849632377515095,12.435996071915893,0.85065
376.0,4.083159020482219,4.085029226432099,0.0018702059498805212,0.0019320700892876829,0.045802917312283635,0.04742568353381119,29287.41614897344,29299.72273445476,12.306585481321235,12.833403102918732,0.04202004512355248,0.04419217205800208,1.807962483409398e6,1.7570815054014642e6,-50880.97800793382,25594.918284453295,-2.8142717824533667,12.435996071915893,0.85065
377.0,4.08354834922352,4.085492747850189,0.0019443986266693969,0.0019320700892876829,0.04761541826825979,0.04742568353381119,29289.32612701272,29301.482274594695,12.156147581976256,12.833403102918732,0.04150367792437869,0.04419217205800208,1.7388929564370732e6,1.6916964573213528e6,-47196.49911572039,25594.918284453295,-2.7141693191065803,12.435996071915893,0.85065
378.0,4.073648558248449,4.0761697778249415,0.0025212195764927614,0.0019320700892876829,0.06189094470085591,0.04742568353381119,29290.507840821618,29302.519573083122,12.011732261504221,12.833403102918732,0.041008958693313266,0.04419217205800208,1.6859750229095616e6,1.6422206354601898e6,-43754.38744937186,25594.918284453295,-2.5951978442636108,12.435996071915893,1.1292
379.0,4.054987648563233,4.058571610835611,0.003583962272378116,0.0019320700892876829,0.08838404905247958,0.04742568353381119,29289.388534588652,29301.271121409754,11.88258682110245,12.833403102918732,0.040569596757098474,0.04419217205800208,1.6794338708645683e6,1.6387172415983481e6,-40716.629266220145,25594.918284453295,-2.42442587187189,12.435996071915893,1.6943
380.0,4.073012256512703,4.075415267402778,0.002403010890074775,0.0019320700892876829,0.05899837119891761,0.04742568353381119,29283.278553129065,29295.06599679666,11.787443667595653,12.833403102918732,0.040253155555002244,0.04419217205800208,1.769687800760613e6,1.7312608575506678e6,-38426.943209945224,25594.918284453295,-2.171396739776886,12.435996071915893,1.1457
381.0,4.093899696592073,4.095172252515414,0.0012725559233404127,0.0019320700892876829,0.031084198872770124,0.04742568353381119,29279.6318241635,29291.34241629372,11.710592130217265,12.833403102918732,0.03999569461987874,0.04419217205800208,1.805141890933779e6,1.7686065476554309e6,-36535.34327834821,25594.918284453295,-2.023959637845915,12.435996071915893,0.58575
382.0,4.12533176179937,4.125284352468374,-4.740933099611766e-5,0.0019320700892876829,-0.0011492246862453276,0.04742568353381119,29284.01736541342,29295.644950586917,11.62758517349721,12.833403102918732,0.03970625009678571,0.04419217205800208,1.6809071042367544e6,1.6463611778903152e6,-34545.92634643917,25594.918284453295,-2.055195451275421,12.435996071915893,-0.16687
383.0,4.16342228135042,4.161771467252113,-0.0016508140983066966,0.0019320700892876829,-0.0396504122510304,0.04742568353381119,29294.225726572884,29305.751069401118,11.525342828233988,12.833403102918732,0.03934339461916317,0.04419217205800208,1.4498673607565186e6,1.4176522585943919e6,-32215.102162126685,25594.918284453295,-2.221934435803654,12.435996071915893,-1.1121
384.0,4.170775646008223,4.1691637027319,-0.001611943276322414,0.0019320700892876829,-0.03864852519375328,0.04742568353381119,29311.25354902184,29322.630697844557,11.377148822717572,12.833403102918732,0.0388149514100097,0.04419217205800208,1.0969569959845725e6,1.0679166233199548e6,-29040.372664617607,25594.918284453295,-2.6473574416244507,12.435996071915893,-1.2719
385.0,4.144864834046133,4.145016232242842,0.00015139819670917376,0.0019320700892876829,0.0036526690922604084,0.04742568353381119,29328.998228825996,29340.165931633754,11.16770280775745,12.833403102918732,0.03807734147830961,0.04419217205800208,747211.3216043724,722443.1199882651,-24768.201616107253,25594.918284453295,-3.314751918229276,12.435996071915893,-0.52887
386.0,4.226605795951217,4.221790935659382,-0.004814860291834755,0.0019320700892876829,-0.11391789356005338,0.04742568353381119,29336.82467006914,29347.765215539715,10.940545470573852,12.833403102918732,0.03729287540016534,0.04419217205800208,607019.4092554579,586710.006569087,-20309.402686370886,25594.918284453295,-3.3457583689591517,12.435996071915893,-3.1005
387.0,4.235573777221946,4.230539651636907,-0.0050341255850385735,0.0019320700892876829,-0.11885345055517807,0.04742568353381119,29356.4941769922,29367.007235626632,10.513058634431218,12.833403102918732,0.035811696625105534,0.04419217205800208,234813.73814196073,222748.3401026754,-12065.398039285326,25594.918284453295,-5.138284554709903,12.435996071915893,-3.377
388.0,4.2606655312232835,4.25428251736208,-0.006383013861203324,0.0019320700892876829,-0.14981260121046608,0.04742568353381119,29388.87331646346,29398.721197218976,9.84788075551478,12.833403102918732,0.03350887476859502,0.04419217205800208,-371468.2868952845,-370976.4601430458,-491.8267522386741,25594.918284453295,0.13240073771824248,12.435996071915893,-4.3765
389.0,4.238345408810683,4.234733047962703,-0.0036123608479803337,0.0019320700892876829,-0.08523044961061808,0.04742568353381119,29418.13423859562,29427.000698762356,8.866460166736942,12.833403102918732,0.03013943744639128,0.04419217205800208,-889059.044857465,-870352.619678967,-18706.425178497913,25594.918284453295,2.104070059992129,12.435996071915893,-3.1279
390.0,4.234056774680419,4.231216608882229,-0.0028401657981902417,0.0019320700892876829,-0.06707906741294496,0.04742568353381119,29438.313241171738,29446.246399447988,7.933158276249742,12.833403102918732,0.02694841314873507,0.04419217205800208,-1.209710817715462e6,-1.174550649531079e6,-35160.168184383074,25594.918284453295,2.9064936569537356,12.435996071915893,-2.7857
391.0,4.230385703078266,4.227794672432318,-0.0025910306459477894,0.0019320700892876829,-0.061248094802854744,0.04742568353381119,29446.05156305633,29453.4083356627,7.356772606370214,12.833403102918732,0.02498390179958859,0.04419217205800208,-1.2800174179266228e6,-1.236025110300732e6,-43992.30762589071,25594.918284453295,3.4368522654285147,12.435996071915893,-2.5347
392.0,4.226790145538152,4.22441139521446,-0.002378750323691392,0.0019320700892876829,-0.056277937673400426,0.04742568353381119,29452.82778542675,29459.709922363953,6.882136937201722,12.833403102918732,0.023366642372475356,0.04419217205800208,-1.338930483788637e6,-1.2882219774524998e6,-50708.50633613719,25594.918284453295,3.787239662559062,12.435996071915893,-2.3162
393.0,4.206122629003125,4.204988932445828,-0.0011336965572965596,0.0019320700892876829,-0.026953483226551864,0.04742568353381119,29458.315054155413,29464.86744777388,6.55239361846543,12.833403102918732,0.022242934147522278,0.04419217205800208,-1.3773278870960893e6,-1.3227988365757577e6,-54529.0505203316,25594.918284453295,3.959046428319895,12.435996071915893,-1.5639
394.0,4.210374746579691,4.208783154493316,-0.0015915920863749378,0.0019320700892876829,-0.037801672824203394,0.04742568353381119,29458.92036993099,29465.354591095154,6.4342211641633185,12.833403102918732,0.021841333909611946,0.04419217205800208,-1.3239477423700807e6,-1.2696814322593813e6,-54266.310110699385,25594.918284453295,4.098825684279193,12.435996071915893,-1.6575
395.0,4.192730709110066,4.191921052065997,-0.0008096570440692119,0.0019320700892876829,-0.019310971780514538,0.04742568353381119,29458.35289143108,29464.762771530313,6.409880099232396,12.833403102918732,0.021759125918737018,0.04419217205800208,-1.255785185194222e6,-1.203366686444868e6,-52418.49874935392,25594.918284453295,4.174161263197796,12.435996071915893,-1.1207
396.0,4.172105735763605,4.172126014385853,2.0278622248071088e-5,0.0019320700892876829,0.00048605245246402095,0.04742568353381119,29457.610399156456,29464.02769615005,6.417296993593482,12.833403102918732,0.02178485256148695,0.04419217205800208,-1.1914514176892743e6,-1.14122904986328e6,-50222.36782599427,25594.918284453295,4.215225822920801,12.435996071915893,-0.58236
397.0,4.150035098154117,4.150748596923997,0.0007134987698798056,0.0019320700892876829,0.01719259603845666,0.04742568353381119,29451.83350368656,29458.37132552635,6.537821839789103,12.833403102918732,0.02219835257105724,0.04419217205800208,-1.0338924565519758e6,-987854.8609126733,-46037.59563930251,25594.918284453295,4.452841816143778,12.435996071915893,-0.0742
398.0,4.144827359679851,4.145436796941935,0.0006094372620841781,0.0019320700892876829,0.014703562035241235,0.04742568353381119,29443.058624871108,29449.739583061153,6.680958190045203,12.833403102918732,0.022691114653426908,0.04419217205800208,-827796.7643928267,-786078.2810189507,-41718.48337387596,25594.918284453295,5.039701188549062,12.435996071915893,0.030392
399.0,4.144046407596644,4.144409281854257,0.000362874257612944,0.0019320700892876829,0.008756520123610159,0.04742568353381119,29434.72272676111,29441.541400568756,6.8186738076474285,12.833403102918732,0.02316540866018795,0.04419217205800208,-641922.7095309084,-604148.7195052697,-37773.99002563872,25594.918284453295,5.884507506089394,12.435996071915893,0.030392
400.0,4.1433575871958395,4.143573184054972,0.00021559685913263849,0.0019320700892876829,0.00520343355830292,0.04742568353381119,29429.197969984638,29436.147363971166,6.949393986527866,12.833403102918732,0.023613942838726615,0.04419217205800208,-520169.5246764302,-485989.192471647,-34180.33220478322,25594.918284453295,6.570998603973384,12.435996071915893,0.030392
401.0,4.142794979819207,4.142922249811275,0.0001272699920678022,0.0019320700892876829,0.003072080387462387,0.04742568353381119,29425.389557008948,29432.46470405121,7.0751470422619605,12.833403102918732,0.024044361514924117,0.04419217205800208,-436509.3668086905,-405650.8828058508,-30858.484002839657,25594.918284453295,7.069374989234549,12.435996071915893,0.030392
402.0,4.14233260907329,4.142400993986847,6.838491355676268e-5,0.0019320700892876829,0.0016508793477127744,0.04742568353381119,29422.46984976265,29429.660615031957,7.190765269308031,12.833403102918732,0.024439706476123858,0.04419217205800208,-372599.96802921506,-344716.8163969521,-27883.151632262976,25594.918284453295,7.483401509598814,12.435996071915893,0.030392
403.0,4.129538475604459,4.130112195339511,0.0005737197350521583,0.0019320700892876829,0.013893071548829204,0.04742568353381119,29420.126243888848,29427.421401216885,7.295157328037021,12.833403102918732,0.024796485465633827,0.04419217205800208,-321505.8757806738,-296257.24469876604,-25248.631081907777,25594.918284453295,7.8532409464055934,12.435996071915893,0.31331
404.0,4.094192170573513,4.096361643771849,0.002169473198335936,0.0019320700892876829,0.05298904174378402,0.04742568353381119,29416.279228538522,29423.670571551655,7.391343013132428,12.833403102918732,0.0251267094512811,0.04419217205800208,-241914.84401063237,-219042.31285937774,-22872.531151254632,25594.918284453295,9.454786143776015,12.435996071915893,1.1844
405.0,4.064265828002047,4.067924821224589,0.0036589932225421506,0.0019320700892876829,0.0900283932545051,0.04742568353381119,29405.896001584035,29413.385517381816,7.4895157977807685,12.833403102918732,0.025469435780420782,0.04419217205800208,-36798.649376950845,-16260.066749959793,-20538.582626991054,25594.918284453295,55.81341428214367,12.435996071915893,2.0813
406.0,4.038932182938622,4.043919422655726,0.004987239717103797,0.0019320700892876829,0.12347916457154304,0.04742568353381119,29387.962940408706,29395.59826603295,7.6353256242437055,12.833403102918732,0.025981132614486407,0.04419217205800208,306662.9413125298,324009.8285783412,17346.88726581144,25594.918284453295,5.656662390168849,12.435996071915893,2.9799
407.0,4.0164085183809,4.022642599518869,0.006234081137968417,0.0019320700892876829,0.1552153151114595,0.04742568353381119,29365.329056854218,29373.26285346016,7.933796605942916,12.833403102918732,0.027017564116452744,0.04419217205800208,725953.1311247591,737234.5531995859,11281.422074826784,25594.918284453295,1.554015209955477,12.435996071915893,3.881
408.0,3.995631036507623,4.003057794050028,0.007426757542404516,0.0019320700892876829,0.1858719555070797,0.04742568353381119,29339.205771548477,29347.724712739357,8.51894119087956,12.833403102918732,0.02903603204944543,0.04419217205800208,1.195280791394631e6,1.195143960172702e6,-136.83122192882,25594.918284453295,-0.011447621589331151,12.435996071915893,4.7856
409.0,3.9759989567704332,3.984585495133726,0.008586538363292817,0.0019320700892876829,0.21595927103228835,0.04742568353381119,29310.260177004377,29319.78693793339,9.526760929013108,12.833403102918732,0.032503160570670785,0.04419217205800208,1.7008795565685772e6,1.6815692452471547e6,-19310.311321422458,25594.918284453295,-1.1353132705280942,12.435996071915893,5.6946
410.0,3.9802137555650847,3.987489172630185,0.007275417065100154,0.0019320700892876829,0.18278960658652457,0.04742568353381119,29278.94305037929,29290.038247103417,11.095196724127163,12.833403102918732,0.03789479936156176,0.04419217205800208,2.2337350056725363e6,2.185151092687583e6,-48583.91298495326,25594.918284453295,-2.1750079065589762,12.435996071915893,5.2363
411.0,4.057568303199491,4.057980747083316,0.0004124438838246647,0.0019320700892876829,0.010164804459346814,0.04742568353381119,29252.948261437654,29265.732047458318,12.783786020663683,12.833403102918732,0.04370084651438622,0.04419217205800208,2.64265482990799e6,2.563809983443789e6,-78844.84646420088,25594.918284453295,-2.9835469079004175,12.435996071915893,1.7063
412.0,3.9898240915820655,3.9959440577340697,0.006119966152004164,0.0019320700892876829,0.15338937285271248,0.04742568353381119,29254.863596528026,29268.077347505598,13.21375097757118,12.833403102918732,0.04516770667541035,0.04419217205800208,2.492146155295493e6,2.409029453196514e6,-83116.70209897915,25594.918284453295,-3.3351455701089905,12.435996071915893,4.4486
413.0,4.00032722805285,4.005740841164685,0.0054136131118349695,0.0019320700892876829,0.13532925691356587,0.04742568353381119,29252.57104471887,29266.21880000217,13.647755283302104,12.833403102918732,0.04665489150488196,0.04419217205800208,2.4459369353858638e6,2.3580707281855503e6,-87866.20720031345,25594.918284453295,-3.5923333070912533,12.435996071915893,3.8734
414.0,4.019895511406696,4.0233747935328505,0.0034792821261548923,0.0019320700892876829,0.08655155628503824,0.04742568353381119,29233.390238187647,29248.013272785807,14.623034598160302,12.833403102918732,0.05002168574706808,0.04419217205800208,2.740833076034699e6,2.637419710571183e6,-103413.36546351621,25594.918284453295,-3.7730632473659984,12.435996071915893,2.9184
415.0,4.079446578350118,4.079309123098165,-0.00013745525195307806,0.0019320700892876829,-0.003369458315315656,0.04742568353381119,29228.490266716348,29243.382165709616,14.891898993268114,12.833403102918732,0.05094994252996405,0.04419217205800208,2.7420122951293574e6,2.637509594581696e6,-104502.70054766117,25594.918284453295,-3.811168196922003,12.435996071915893,0.89817
416.0,4.09758362863107,4.097156256844861,-0.00042737178620910754,0.0019320700892876829,-0.010429849026702716,0.04742568353381119,29239.454277586996,29254.085297355894,14.631019768898113,12.833403102918732,0.050038621206803004,0.04419217205800208,2.4380774361033747e6,2.3425543604693427e6,-95523.07563403202,25594.918284453295,-3.917967256474861,12.435996071915893,0.43639
417.0,4.117152572085997,4.116548696583247,-0.0006038755027502063,0.0019320700892876829,-0.014667309315774193,0.04742568353381119,29257.404923446535,29271.54223554174,14.137312095204834,12.833403102918732,0.048320458127423874,0.04419217205800208,2.0191281723307204e6,1.936361785198526e6,-82766.38713219436,25594.918284453295,-4.099115066908083,12.435996071915893,-0.0089279
418.0,4.125128186675319,4.1246862470130035,-0.00044193966231542703,0.0019320700892876829,-0.01071335585989661,0.04742568353381119,29271.675783263083,29285.453894201848,13.778110938765167,12.833403102918732,0.04706977161397502,0.04419217205800208,1.6969537875298127e6,1.62345932402505e6,-73494.46350476262,25594.918284453295,-4.330964345926329,12.435996071915893,-0.16693
419.0,4.132999027830013,4.132605985967996,-0.00039304186201682967,0.0019320700892876829,-0.009509846466699803,0.04742568353381119,29284.08858002718,29297.542974934786,13.454394907606911,12.833403102918732,0.045944386730148404,0.04419217205800208,1.4262241395362457e6,1.360809947274451e6,-65414.192261794815,25594.918284453295,-4.586529595766415,12.435996071915893,-0.32043
420.0,4.152513452090976,4.151477851131789,-0.0010356009591871995,0.0019320700892876829,-0.024939135565370127,0.04742568353381119,29294.36523414941,29307.521513373405,13.156279223996535,12.833403102918732,0.044910613760832836,0.04419217205800208,1.2081947504107584e6,1.149979636574955e6,-58215.113835803466,25594.918284453295,-4.818355138193711,12.435996071915893,-0.76828
421.0,4.240724722650513,4.234056215341379,-0.006668507309133709,0.0019320700892876829,-0.15724923793133636,0.04742568353381119,29305.90136671292,29318.77282192804,12.871455215121387,12.833403102918732,0.04392103506408923,0.04419217205800208,972605.3073232515,921026.3368475119,-51578.97047573957,25594.918284453295,-5.303175922172607,12.435996071915893,-3.8207
422.0,4.242627199017107,4.236731386482108,-0.005895812534999045,0.0019320700892876829,-0.13896607593438642,0.04742568353381119,29337.098899749963,29349.572335121826,12.473435371863161,12.833403102918732,0.042517617077568196,0.04419217205800208,358737.4874302145,315766.75045173446,-42970.73697848001,25594.918284453295,-11.978323560857058,12.435996071915893,-3.7461
423.0,4.235843046336698,4.231647737815456,-0.004195308521242502,0.0019320700892876829,-0.099043058851549,0.04742568353381119,29375.684002183945,29387.518956029962,11.834953846017015,12.833403102918732,0.040288266462619696,0.04419217205800208,-370343.3259325605,-400336.7117268409,29993.385794280388,25594.918284453295,-8.098805539091094,12.435996071915893,-3.221
424.0,4.2271512080436775,4.224158117091738,-0.0029930909519393367,0.0019320700892876829,-0.07080633752215684,0.04742568353381119,29397.636747435892,29408.669844457207,11.033097021314461,12.833403102918732,0.03753055769789654,0.04419217205800208,-740259.0944234355,-754646.2047449725,14387.11032153701,25594.918284453295,-1.943523616247184,12.435996071915893,-2.6921
425.0,4.216069586431804,4.214024082754256,-0.002045503677547522,0.0019320700892876829,-0.0485168386245422,0.04742568353381119,29409.999525779545,29420.284328270995,10.284802491449227,12.833403102918732,0.03497042726040852,0.04419217205800208,-914312.8394900062,-914814.4922557747,501.6527657684637,25594.918284453295,-0.054866643461802436,12.435996071915893,-2.1599
426.0,4.202261881754909,4.2010346023228795,-0.0012272794320296043,0.0019320700892876829,-0.02920521058809118,0.04742568353381119,29416.420986475132,29426.169358918283,9.748372443151311,12.833403102918732,0.03313921991949105,0.04419217205800208,-973900.932815893,-965177.9027504231,-8723.03006546991,25594.918284453295,0.8956794034736713,12.435996071915893,-1.625
427.0,4.185311849252656,4.184845565771266,-0.00046628348138977316,0.0019320700892876829,-0.011140949544130967,0.04742568353381119,29418.27594221706,29427.702289867866,9.426347650805837,12.833403102918732,0.03204248838144332,0.04419217205800208,-949956.7070516377,-936422.2344627654,-13534.472588872304,25594.918284453295,1.424746253003359,12.435996071915893,-1.0881
428.0,4.164985617401883,4.165251574481498,0.0002659570796152977,0.0019320700892876829,0.0063855461710141895,0.04742568353381119,29416.31487329512,29425.587127961073,9.27225466595337,12.833403102918732,0.03152078941870098,0.04419217205800208,-859485.2841694603,-844413.1180189457,-15072.166150514618,25594.918284453295,1.7536270170209125,12.435996071915893,-0.5497
429.0,4.143892397856139,4.14479372148582,0.0009013236296810945,0.0019320700892876829,0.02175065236122922,0.04742568353381119,29411.03393468003,29420.261379252574,9.22744457254521,12.833403102918732,0.03137409107425042,0.04419217205800208,-713754.5097263183,-699135.0242942186,-14619.485432099667,25594.918284453295,2.0482512170333407,12.435996071915893,-0.05413
430.0,4.139887124774022,4.140633923749054,0.0007467989750322701,0.0019320700892876829,0.018039114413609395,0.04742568353381119,29403.113872660997,29412.348080602394,9.234207941397472,12.833403102918732,0.03140554426102275,0.04419217205800208,-527239.6684208498,-513879.2085248011,-13360.459896048706,25594.918284453295,2.534039203852963,12.435996071915893,0.030392
431.0,4.139373927417103,4.139874315325834,0.0005003879087306373,0.0019320700892876829,0.012088492547540169,0.04742568353381119,29395.841363965315,29405.09688712327,9.255523157953576,12.833403102918732,0.03148582496196007,0.04419217205800208,-365016.59611127165,-353005.1333093421,-12011.462801929563,25594.918284453295,3.2906621041055324,12.435996071915893,0.030392
432.0,4.138931463428718,4.1392880896603925,0.00035662623167453944,0.0019320700892876829,0.008616384079457744,0.04742568353381119,29391.36558015477,29400.650609861594,9.285029706825298,12.833403102918732,0.0315910115897936,0.04419217205800208,-266246.77456344845,-255586.96454176624,-10659.810021682206,25594.918284453295,4.0037330176715065,12.435996071915893,0.030392
433.0,4.1385851106509195,4.138852768862243,0.0002676582113236847,0.0019320700892876829,0.006467384484490818,0.04742568353381119,29388.449652621588,29397.77069839971,9.321045778120606,12.833403102918732,0.03171669784659472,0.04419217205800208,-202097.71360675775,-192786.9367328597,-9310.776873898052,25594.918284453295,4.6070669023079525,12.435996071915893,0.030392
434.0,4.1383138809516895,4.138523474998062,0.00020959404637288515,0.0019320700892876829,0.005064720859807877,0.04742568353381119,29386.323956011558,29395.68058307837,9.356627066812507,12.833403102918732,0.0318400732286844,0.04419217205800208,-155515.15708317116,-147433.65242014473,-8081.504663026426,25594.918284453295,5.196602578554032,12.435996071915893,0.030392
435.0,4.138102178206794,4.138269003826139,0.0001668256193445572,0.0019320700892876829,0.004031452394364254,0.04742568353381119,29384.69378824554,29394.083173858355,9.389385612816113,12.833403102918732,0.031953321278345444,0.04419217205800208,-119962.57275959614,-112964.60785719662,-6997.964902399515,25594.918284453295,5.833456836928106,12.435996071915893,0.030392
436.0,4.137938136291094,4.13807464353339,0.00013650724229563593,0.0019320700892876829,0.003298919360307057,0.04742568353381119,29383.4043904622,29392.823219776637,9.418829314436152,12.833403102918732,0.03205492865725759,0.04419217205800208,-92003.69120457354,-85951.59462669352,-6052.096577880016,25594.918284453295,6.5781019203055235,12.435996071915893,0.030392
437.0,4.137812572275008,4.137924511324608,0.00011193904960027368,0.0019320700892876829,0.002705271146168144,0.04742568353381119,29382.36203831198,29391.80698732685,9.444949014869053,12.833403102918732,0.03214496166970402,0.04419217205800208,-69555.19922359368,-64325.0467063141,-5230.152517279581,25594.918284453295,7.519427125018529,12.435996071915893,0.030392
438.0,4.137718198686031,4.137812468505881,9.426981984983485e-5,0.0019320700892876829,0.002278304498353007,0.04742568353381119,29381.505268477165,29390.973187137293,9.467918660127907,12.833403102918732,0.032224076246651155,0.04419217205800208,-51249.51978777869,-46731.75803951637,-4517.7617482623245,25594.918284453295,8.815227473291683,12.435996071915893,0.030392
439.0,4.137649227593183,4.137728298293819,7.907070063595256e-5,0.0019320700892876829,0.0019110054112041529,0.04742568353381119,29380.79159672588,29390.279590033966,9.487993308084697,12.833403102918732,0.03229318473890953,0.04419217205800208,-36140.543679889466,-32239.314787369345,-3901.228892520121,25594.918284453295,10.794604882192111,12.435996071915893,0.030392
440.0,4.137600979784622,4.137669265272628,6.828548800541512e-5,0.0019320700892876829,0.0016503642651633757,0.04742568353381119,29380.190516425602,29389.695959734978,9.50544330937555,12.833403102918732,0.032353239180192984,0.04419217205800208,-23548.398429536843,-20180.087493867595,-3368.3109356692476,25594.918284453295,14.30377928141543,12.435996071915893,0.030392
441.0,4.137569704660164,4.137628124147112,5.841948694751409e-5,0.0019320700892876829,0.0014119275593524369,0.04742568353381119,29379.67947228444,29389.200024676607,9.52055239216861,12.833403102918732,0.03240522893093474,0.04419217205800208,-12970.106241299885,-10062.253209058656,-2907.85303224123,25594.918284453295,22.41965469012072,12.435996071915893,0.030392
442.0,4.137552338569598,4.137603889595598,5.155102600085115e-5,0.0019320700892876829,0.001245930486976582,0.04742568353381119,29379.24139440142,29388.774978754718,9.533584353299375,12.833403102918732,0.0324500698480122,0.04419217205800208,-4024.8191094596787,-1514.6502570541536,-2510.1688524055253,25594.918284453295,62.36724643116964,12.435996071915893,0.030392
443.0,4.137546413880248,4.137591207728544,4.479384829636501e-5,0.0019320700892876829,0.0010826186298743348,0.04742568353381119,29378.863115227414,29388.407912550276,9.544797322861996,12.833403102918732,0.032488654463673966,0.04419217205800208,3581.368654320602,5747.895444888599,2166.5267905679966,25594.918284453295,60.494380771280696,12.435996071915893,0.030392
444.0,4.137549896364805,4.1375900708970095,4.017453220406253e-5,0.0019320700892876829,0.0009709739631021568,0.04742568353381119,29378.534313362758,29388.08873162631,9.554418263553089,12.833403102918732,0.032521766272074655,0.04419217205800208,10078.915426689608,11948.411633218731,1869.4962065291238,25594.918284453295,18.548585114412006,12.435996071915893,0.030392
445.0,4.137561141923973,4.137596405022488,3.526309851498155e-5,0.0019320700892876829,0.0008522677322560158,0.04742568353381119,29378.246787469194,29387.80944869381,9.562661224616022,12.833403102918732,0.03255014260651802,0.04419217205800208,15650.996585096842,17263.437174249048,1612.4405891522056,25594.918284453295,10.302478697667087,12.435996071915893,0.030392
446.0,4.137578782541463,4.1376107368954145,3.195435395131341e-5,0.0019320700892876829,0.0007722959641552925,0.04742568353381119,29377.993943417772,29387.563650845328,9.56970742755584,12.833403102918732,0.0325744073812091,0.04419217205800208,20444.928525489235,21834.74441229915,1389.8158868099163,25594.918284453295,6.797851531137396,12.435996071915893,0.030392
447.0,4.137601709995154,4.137629883612551,2.817361739637647e-5,0.0019320700892876829,0.000680916612353427,0.04742568353381119,29377.77042461844,29387.34614918438,9.575724565940618,12.833403102918732,0.032595137165059344,0.04419217205800208,24580.40858956594,25777.101261307685,1196.6926717417446,25594.918284453295,4.868481609576355,12.435996071915893,0.030392
448.0,4.11925504921276,4.120096222448521,0.0008411732357611612,0.0019320700892876829,0.020420518411986163,0.04742568353381119,29377.57183988356,29387.15269075236,9.580850868798734,12.833403102918732,0.032612807215712726,0.04419217205800208,28155.58322149114,29184.596353848658,1029.0131323575188,25594.918284453295,3.6547391835665253,12.435996071915893,0.45558
449.0,4.083797694809328,4.086325354990806,0.0025276601814780975,0.0019320700892876829,0.06189484324090921,0.04742568353381119,29374.522692886774,29384.11353518554,9.590842298766802,12.833403102918732,0.03265020643582844,0.04419217205800208,87722.07436789184,88494.36704917274,772.2926812809019,25594.918284453295,0.8803857943919958,12.435996071915893,1.3745
450.0,4.055416682682804,4.059411944235529,0.003995261552725005,0.0019320700892876829,0.09851667202991322,0.04742568353381119,29363.847149999412,29373.474669436986,9.627519437573937,12.833403102918732,0.03278698253806341,0.04419217205800208,293902.8965109214,293905.3021069531,2.4055960316909477,25594.918284453295,0.0008185002802793255,12.435996071915893,2.2717
450.99999999999994,4.031098063355175,4.036409177799775,0.0053111144445994185,0.0019320700892876829,0.1317535411227098,0.04742568353381119,29345.859137188476,29355.607607560676,9.748470372200245,12.833403102918732,0.03321923657653804,0.04419217205800208,632608.9137549326,630224.2237001236,-2384.690054808976,25594.918284453295,-0.3769611845420163,12.435996071915893,3.1707999999999488
451.9999999999999,4.009273912023845,4.015824815906671,0.006550903882826198,0.0019320700892876829,0.1633937722034901,0.04742568353381119,29323.419863765102,29333.479582116837,10.059718351734773,12.833403102918732,0.03430608843876887,0.04419217205800208,1.0418758558489846e6,1.0334896483371491e6,-8386.207511835499,25594.918284453295,-0.8049142769511537,12.435996071915893,4.072599999999898
452.9999999999999,3.9890139324100957,3.996753912803743,0.0077399803936470946,0.0019320700892876829,0.1940324231700722,0.04742568353381119,29297.545345242146,29308.236468006042,10.691122763895692,12.833403102918732,0.03649153073375789,0.04419217205800208,1.500237604226978e6,1.4798704464529038e6,-20367.157774074236,25594.918284453295,-1.357595471323274,12.435996071915893,4.978099999999897
453.99999999999983,3.9697942761683978,3.9786901055464794,0.008895829378081643,0.0019320700892876829,0.22408791890011492,0.04742568353381119,29268.856993469304,29280.632970254508,11.775976785203966,12.833403102918732,0.04023381161700819,0.04419217205800208,1.9949322851423717e6,1.9542783039670158e6,-40653.981175355846,25594.918284453295,-2.037862712340359,12.435996071915893,5.887999999999845
454.9999999999998,3.9513068643807316,3.9613355594865958,0.010028695105864127,0.0019320700892876829,0.25380704283608896,0.04742568353381119,29237.792518925857,29251.244163369887,13.451644444030535,12.833403102918732,0.04600772932950795,0.04419217205800208,2.5172299514332004e6,2.4456672128884266e6,-71562.73854477378,25594.918284453295,-2.842916218441986,12.435996071915893,6.803399999999791
455.9999999999997,4.007692810638061,4.011204677801211,0.0035118671631497733,0.0019320700892876829,0.08762815238303287,0.04742568353381119,29204.686032081594,29220.544573467087,15.858541385492572,12.833403102918732,0.05430135892600191,0.04419217205800208,3.06066287851877e6,2.9452753206698266e6,-115387.5578489434,25594.918284453295,-3.7700185361409697,12.435996071915893,3.5019000000009384
456.9999999999997,4.005957800427915,4.009602329407944,0.0036445289800290936,0.0019320700892876829,0.09097771772932273,0.04742568353381119,29192.705216456085,29209.851683828536,17.146467372451298,12.833403102918732,0.0587354520429499,0.04419217205800208,3.169897104845408e6,3.034695243160291e6,-135201.86168511678,25594.918284453295,-4.265181399057128,12.435996071915893,3.4646000000000106
457.99999999999966,3.952359499569666,3.9617984795740786,0.009438980004412567,0.0019320700892876829,0.2388188626424364,0.04742568353381119,29196.15854200412,29213.432307036896,17.273765032776282,12.833403102918732,0.05916451305717069,0.04419217205800208,2.983399090365748e6,2.8515455049315463e6,-131853.58543420164,25594.918284453295,-4.419575840858661,12.435996071915893,6.261999999999045
458.9999999999996,3.982519470265299,3.988481322115604,0.005961851850305067,0.0019320700892876829,0.14970050729991566,0.04742568353381119,29175.85033375908,29194.66983310351,18.81949934443037,12.833403102918732,0.0645036875674349,0.04419217205800208,3.2850166647384223e6,3.1277255314667127e6,-157291.13327170955,25594.918284453295,-4.788138062131695,12.435996071915893,4.448300000000721
459.99999999999955,4.029167503073741,4.030918628344357,0.0017511252706157165,0.0019320700892876829,0.043461217963259934,0.04742568353381119,29155.109733102076,29175.364662696196,20.254929594120767,12.833403102918732,0.06947300071768814,0.04419217205800208,3.5822211525306813e6,3.402745652545879e6,-179475.4999848022,25594.918284453295,-5.0101736420715035,12.435996071915893,2.2988000000009774
460.99999999999955,3.9897657263673683,3.995314645322527,0.005548918955158744,0.0019320700892876829,0.1390788165452252,0.04742568353381119,29161.155738290698,29181.192364737784,20.036626447086746,12.833403102918732,0.06870998744668139,0.04419217205800208,3.3427879684397243e6,3.1743631878663353e6,-168424.78057338903,25594.918284453295,-5.038452398522984,12.435996071915893,3.9447999999992516
461.9999999999995,4.0478066413700855,4.049294741215694,0.0014880998456083816,0.0019320700892876829,0.036763115866243444,0.04742568353381119,29161.114561756116,29181.194107817908,20.079546061791916,12.833403102918732,0.06885726544939955,0.04419217205800208,3.245496305960833e6,3.081719637924721e6,-163776.6680361121,25594.918284453295,-5.0462749791245205,12.435996071915893,1.6216000000011885
462.99999999999943,4.030872461995002,4.033798696725103,0.0029262347301015623,0.0019320700892876829,0.07259556727957796,0.04742568353381119,29161.972356098682,29181.994529736905,20.02217363822274,12.833403102918732,0.06865850290827628,0.04419217205800208,3.1390721327472115e6,2.981373674407965e6,-157698.45833924646,25594.918284453295,-5.02372840350228,12.435996071915893,2.186899999999679
463.9999999999994,4.030215492089003,4.033707679621628,0.003492187532624591,0.0019320700892876829,0.08665014412950078,0.04742568353381119,29170.318618529855,29189.814769111566,19.496150581711845,12.833403102918732,0.06683557638389082,0.04419217205800208,2.8932332488829307e6,2.7503075703024035e6,-142925.6785805272,25594.918284453295,-4.939998482172511,12.435996071915893,2.222499999999978
464.9999999999994,4.084891290913106,4.085345397741636,0.0004541068285304206,0.0019320700892876829,0.011116742067055424,0.04742568353381119,29168.87194258774,29188.18098340176,19.30904081401968,12.833403102918732,0.06619742049684033,0.04419217205800208,2.8549023857673765e6,2.719142147133144e6,-135760.23863423243,25594.918284453295,-4.755337321200251,12.435996071915893,0.5754200000010299
465.9999999999993,4.06484018847426,4.066762202609679,0.0019220141354185927,0.0019320700892876829,0.047283879471286705,0.04742568353381119,29177.75985484084,29196.6480138281,18.888158987261704,12.833403102918732,0.06473478115259762,0.04419217205800208,2.61385028326784e6,2.48950999718053e6,-124340.28608730994,25594.918284453295,-4.756978120868481,12.435996071915893,1.1291999999996223
466.99999999999926,4.06557450565458,4.0678625114305795,0.002288005775999302,0.0019320700892876829,0.05627755124932634,0.04742568353381119,29188.343410968802,29206.75910262763,18.41569165882902,12.833403102918732,0.06309262365300428,0.04419217205800208,2.3527544032883015e6,2.2402653047027686e6,-112489.09858553298,25594.918284453295,-4.78116621217726,12.435996071915893,1.1332999999999969
467.9999999999992,4.097985775415069,4.098763585519017,0.0007778101039486174,0.0019320700892876829,0.018980302679792393,0.04742568353381119,29190.2306728545,29208.30777643055,18.077103576048103,12.833403102918732,0.06192860816567282,0.04419217205800208,2.275082304407179e6,2.1712691310794456e6,-103813.1733277333,25594.918284453295,-4.5630513290280295,12.435996071915893,0.29941000000066365
468.99999999999915,4.110173023544576,4.110624997312114,0.00045197376753858265,0.0019320700892876829,0.010996465719314284,0.04742568353381119,29197.587937930784,29215.298081615798,17.710143685013463,12.833403102918732,0.060656187499673886,0.04419217205800208,2.090191772168615e6,1.9953034981422403e6,-94888.27402637457,25594.918284453295,-4.53969225646344,12.435996071915893,0.02290500000023576
469.99999999999915,4.0501907143529134,4.054081964851407,0.0038912504984933705,0.0019320700892876829,0.09607573501918572,0.04742568353381119,29209.33448874863,29226.678701536777,17.34421278814625,12.833403102918732,0.059379007059634316,0.04419217205800208,1.8267897904061237e6,1.7404826351222538e6,-86307.15528386994,25594.918284453295,-4.7245258177561045,12.435996071915893,1.671799999998594
470.9999999999991,4.07878687146972,4.081018021959812,0.0022311504900915935,0.0019320700892876829,0.05470132567352402,0.04742568353381119,29207.311924999376,29224.363231195406,17.051306196030055,12.833403102918732,0.05838026532470916,0.04419217205800208,1.8457360768253366e6,1.76627994062783e6,-79456.13619750645,25594.918284453295,-4.304848195532424,12.435996071915893,0.8506500000007468
471.99999999999903,4.119808369548092,4.119935443623598,0.00012707407550660577,0.0019320700892876829,0.0030844656864597014,0.04742568353381119,29202.1811973969,29218.970602095716,16.789404698814906,12.833403102918732,0.057493666604299824,0.04419217205800208,1.9195775334253118e6,1.8461751707775227e6,-73402.36264778906,25594.918284453295,-3.823881107673167,12.435996071915893,-0.16758999999901603
472.999999999999,4.090770232680758,4.092538317278696,0.001768084597937758,0.0019320700892876829,0.04322131279368138,0.04742568353381119,29212.223929834254,29228.745008584116,16.521078749861772,12.833403102918732,0.05655536117189935,0.04419217205800208,1.6880677504885406e6,1.620695325953952e6,-67372.42453458859,25594.918284453295,-3.991097188788214,12.435996071915893,0.5626999999992527
473.999999999999,4.091728699728648,4.093607303918156,0.0018786041895078043,0.0019320700892876829,0.045912237280843864,0.04742568353381119,29219.137954497903,29235.414145293988,16.276190796084848,12.833403102918732,0.05570387059820614,0.04419217205800208,1.5306677296970761e6,1.4687054043434882e6,-61962.32535358798,25594.918284453295,-4.048058514034951,12.435996071915893,0.5601800000000026
474.9999999999989,4.103303848931073,4.104601674797736,0.0012978258666622722,0.0019320700892876829,0.03162880241004724,0.04742568353381119,29218.74142113016,29234.777489808686,16.036068678527954,12.833403102918732,0.054882818008482485,0.04419217205800208,1.5227487847674594e6,1.465974354463857e6,-56774.43030360248,25594.918284453295,-3.728417377280821,12.435996071915893,0.28527000000029695
475.99999999999886,4.0824927774486675,4.084849995646874,0.0023572181982061124,0.0019320700892876829,0.057739678346209924,0.04742568353381119,29221.59504606854,29237.40263321763,15.80758714908734,12.833403102918732,0.054095565708053586,0.04419217205800208,1.4475601654625856e6,1.3956212829375379e6,-51938.88252504775,25594.918284453295,-3.5880292760370374,12.435996071915893,0.8243099999993871
476.9999999999988,4.082866256869833,4.0851831792629545,0.0023169223931214233,0.0019320700892876829,0.05674744768391491,0.04742568353381119,29221.860595448732,29237.464990561028,15.604395112295606,12.833403102918732,0.053399731551405635,0.04419217205800208,1.4252585940119214e6,1.3775499516027016e6,-47708.64240921987,25594.918284453295,-3.3473674608708106,12.435996071915893,0.82431
477.9999999999988,4.082980693088633,4.085195505726478,0.002214812637845398,0.0019320700892876829,0.054244994143481225,0.04742568353381119,29218.94049903681,29234.362010129018,15.421511092208675,12.833403102918732,0.05277915909619324,0.04419217205800208,1.4644176069446066e6,1.420460376693181e6,-43957.230251425644,25594.918284453295,-3.0016868168595012,12.435996071915893,0.82431
478.99999999999875,4.083088116543566,4.085255031335531,0.002166914791964736,0.0019320700892876829,0.053070488074577295,0.04742568353381119,29217.698102823222,29232.96202694441,15.263924121187301,12.833403102918732,0.052242048868703976,0.04419217205800208,1.4664152993758882e6,1.4256509185288132e6,-40764.38084707502,25594.918284453295,-2.779866035523804,12.435996071915893,0.82431
479.9999999999987,4.0831897444261855,4.085323441241142,0.002133696814956565,0.0019320700892876829,0.05225563710011755,0.04742568353381119,29216.847276634937,29231.9772589823,15.129982347363693,12.833403102918732,0.051785130011147096,0.04419217205800208,1.4597286989103104e6,1.4216537574926273e6,-38074.94141768315,25594.918284453295,-2.6083573917609586,12.435996071915893,0.82431
480.99999999999864,4.104817175105918,4.105884351459398,0.0010671763534801926,0.0019320700892876829,0.025998145787154477,0.04742568353381119,29216.128790217193,29231.138269023024,15.00947880583044,12.833403102918732,0.05137394797785891,0.04419217205800208,1.450096598893596e6,1.4144258912087942e6,-35670.70768480189,25594.918284453295,-2.459884928494981,12.435996071915893,0.2818200000007401
481.99999999999864,4.073866555465267,4.07654595987302,0.0026794044077522727,0.0019320700892876829,0.06577054921344286,0.04742568353381119,29219.13909056942,29234.033899518025,14.894808948603895,12.833403102918732,0.05097620741814137,0.04419217205800208,1.3670070372783572e6,1.3336095528598723e6,-33397.48441848485,25594.918284453295,-2.4431099114879156,12.435996071915893,1.0886999999988993
482.9999999999986,4.0739012937862675,4.07656263581134,0.0026613420250720665,0.0019320700892876829,0.06532662018913635,0.04742568353381119,29218.698063175918,29233.481085499414,14.78302232349597,12.833403102918732,0.05059439093258878,0.04419217205800208,1.3559584741385342e6,1.3247583439927567e6,-31200.130145777483,25594.918284453295,-2.3009650177966927,12.435996071915893,1.0926999999999945
483.9999999999985,4.055251264457105,4.058826746295048,0.00357548183794254,0.0019320700892876829,0.08816918126086093,0.04742568353381119,29213.11592403595,29227.794788274536,14.678864238587266,12.833403102918732,0.05024751305802952,0.04419217205800208,1.4451762186933479e6,1.41599996644643e6,-29176.252246917924,25594.918284453295,-2.0188715998452804,12.435996071915893,1.6437999999991855
484.99999999999847,4.115631627995561,4.115945512991319,0.00031388499575779605,0.0019320700892876829,0.0076266542812692805,0.04742568353381119,29206.42420017624,29221.027643557904,14.603443381663965,12.833403102918732,0.050000791885970904,0.04419217205800208,1.5499684917673524e6,1.522231554790254e6,-27736.936977098463,25594.918284453295,-1.7895161820658305,12.435996071915893,0.019472000002492974
485.9999999999984,4.104858618485091,4.105772407683677,0.0009137891985862012,0.0019320700892876829,0.02226116130945912,0.04742568353381119,29209.34216592751,29223.88777975493,14.545613827416673,12.833403102918732,0.04979781381171955,0.04419217205800208,1.459986225697172e6,1.4333526166749091e6,-26633.609022262972,25594.918284453295,-1.824237006725519,12.435996071915893,0.28181999999958246
486.9999999999984,4.084234089772825,4.086408724930117,0.002174635157292215,0.0019320700892876829,0.053244625785227054,0.04742568353381119,29218.72166314715,29233.201426617743,14.479763470593753,12.833403102918732,0.04955645779964673,0.04419217205800208,1.2493718222217963e6,1.2240195502649862e6,-25352.27195681003,25594.918284453295,-2.0292015159846732,12.435996071915893,0.8178099999991469
487.99999999999835,4.084501910089506,4.086639157007891,0.002137246918384683,0.0019320700892876829,0.052325766162705706,0.04742568353381119,29217.90956650303,29232.303831369492,14.394264866463345,12.833403102918732,0.04926521123525448,0.04419217205800208,1.25092236794873e6,1.2272364461450754e6,-23685.921803654637,25594.918284453295,-1.8934765586208964,12.435996071915893,0.81781
488.9999999999983,4.105991017284915,4.107007314362709,0.0010162970777933822,0.0019320700892876829,0.02475156602912902,0.04742568353381119,29214.582947129267,29228.882040299206,14.299093169938715,12.833403102918732,0.048945053214746626,0.04419217205800208,1.2991226622629378e6,1.27726398961133e6,-21858.672651607776,25594.918284453295,-1.6825718838229042,12.435996071915893,0.27840000000091986
489.99999999999824,4.106388347299983,4.107437438433127,0.0010490911331437758,0.0019320700892876829,0.025547781758965153,0.04742568353381119,29216.62454499013,29230.844393067422,14.219848077293136,12.833403102918732,0.048670400153160265,0.04419217205800208,1.2375023612986745e6,1.2171210215395142e6,-20381.3397591603,25594.918284453295,-1.6469738076112814,12.435996071915893,0.275020000000006
490.99999999999824,4.096153965000755,4.097795275533955,0.0016413105332002687,0.0019320700892876829,0.0400695517606103,0.04742568353381119,29221.04875504714,29235.194027933176,14.145272886034945,12.833403102918732,0.04840782069326562,0.04419217205800208,1.132227779072341e6,1.1132179745623572e6,-19009.804509983864,25594.918284453295,-1.678973512340336,12.435996071915893,0.5379099999995367
491.9999999999982,4.167687378232,4.165831416876894,-0.0018559613551065723,0.0019320700892876829,-0.044532163443936165,0.04742568353381119,29221.66536421143,29235.72815381542,14.062789603991405,12.833403102918732,0.048124531674414724,0.04419217205800208,1.106855738178007e6,1.0893610550823445e6,-17494.68309566262,25594.918284453295,-1.5805748203881187,12.435996071915893,-1.2532999999967418
492.9999999999981,4.19495241036328,4.191698651065768,-0.0032537592975119267,0.0019320700892876829,-0.07756367603774922,0.04742568353381119,29233.03179238403,29246.967974554118,13.936182170087704,12.833403102918732,0.04767272265519324,0.04419217205800208,869644.8044807392,854509.9185506151,-15134.885930124088,25594.918284453295,-1.740352595926915,12.435996071915893,-2.083699999998442
493.99999999999807,4.212510644945787,4.208638035306768,-0.0038726096390195863,0.0019320700892876829,-0.09193115378037044,0.04742568353381119,29257.4019055841,29271.111876509032,13.70997092493053,12.833403102918732,0.04685983727869504,0.04419217205800208,389089.090009924,378201.91100938094,-10887.179000543081,25594.918284453295,-2.798119834268649,12.435996071915893,-2.6434999999989177
494.99999999999807,4.219173099667594,4.215405449387918,-0.0037676502796761824,0.0019320700892876829,-0.08929831013505977,0.04742568353381119,29281.281049870893,29294.599503606638,13.318453735744697,12.833403102918732,0.04548453229577338,0.04419217205800208,-57513.975150626364,-61074.51628777329,3560.5411371469236,25594.918284453295,-6.190740820508469,12.435996071915893,-2.789999999999717
495.999999999998,4.23087616160727,4.226697753274461,-0.004178408332808914,0.0019320700892876829,-0.09875988266273376,0.04742568353381119,29302.368648566302,29315.143664595536,12.775016029234393,12.833403102918732,0.043597212848045463,0.04419217205800208,-430878.4559115288,-424451.22769363393,-6427.228217894852,25594.918284453295,1.4916568999250541,12.435996071915893,-3.1451999999992934
496.99999999999795,4.24140002642553,4.236794793663816,-0.004605232761713651,0.0019320700892876829,-0.10857812828361639,0.04742568353381119,29321.67368404714,29333.781312013205,12.107627966066502,12.833403102918732,0.04129241767209838,0.04419217205800208,-756926.0039614831,-738506.3110674578,-18419.692894025357,25594.918284453295,2.4334866020751296,12.435996071915893,-3.4662999999993427
497.9999999999979,4.227170647003377,4.224150048484837,-0.003020598518539863,0.0019320700892876829,-0.07145674425708723,0.04742568353381119,29341.51095385333,29352.819464958295,11.308511104965874,12.833403102918732,0.038540997846877284,0.04419217205800208,-1.0843209255419893e6,-1.0518101519258278e6,-32510.77361616143,25594.918284453295,2.9982612020432216,12.435996071915893,-2.7220000000015654
498.99999999999784,4.234918334346807,4.231498045452178,-0.0034202888946284205,0.0019320700892876829,-0.08076398703815774,0.04742568353381119,29354.75382929196,29365.413102038434,10.659272746474016,12.833403102918732,0.03631191325419171,0.04419217205800208,-1.272759909278944e6,-1.229662999952708e6,-43096.909326236,25594.918284453295,3.3860989030249753,12.435996071915893,-2.916899999999579
499.99999999999784,4.223734685486825,4.221202744067867,-0.0025319414189581835,0.0019320700892876829,-0.05994556020902988,0.04742568353381119,29363.927602758286,29374.065383742818,10.137780984532583,12.833403102918732,0.03452460829381794,0.04419217205800208,-1.3801459272214079e6,-1.3292699790396392e6,-50875.94818176865,25594.918284453295,3.686273109119348,12.435996071915893,-2.3860000000011468
500.9999999999978,4.203750553756599,4.202522009661153,-0.00122854409544626,0.0019320700892876829,-0.029224952330922583,0.04742568353381119,29371.674154069515,29381.388232090045,9.714078020529996,12.833403102918732,0.03307294630048893,0.04419217205800208,-1.4617406810253488e6,-1.4051434793455438e6,-56597.20167980506,25594.918284453295,3.871904395525514,12.435996071915893,-1.6347000000016656
501.9999999999977,4.1939138054199425,4.193020499692645,-0.0008933057272972889,0.0019320700892876829,-0.02130004975645514,0.04742568353381119,29371.767760203187,29381.3647606094,9.59700040621101,12.833403102918732,0.03267423494752779,0.04419217205800208,-1.3950437625874511e6,-1.3387973449026106e6,-56246.417684840504,25594.918284453295,4.03187478366397,12.435996071915893,-1.304400000000751
502.99999999999767,4.177837033947242,4.177488652805372,-0.0003483811418698579,0.0019320700892876829,-0.008338792036143777,0.04742568353381119,29368.475630091067,29378.102656693936,9.627026602869591,12.833403102918732,0.03278013719243125,0.04419217205800208,-1.2714771246075348e6,-1.2181971478166163e6,-53279.9767909185,25594.918284453295,4.190399949772148,12.435996071915893,-0.8545000000010485
503.99999999999767,4.156722819697862,4.157081502795444,0.0003586830975823574,0.0019320700892876829,0.008628987621754122,0.04742568353381119,29364.11325400001,29373.82646971718,9.713215717169078,12.833403102918732,0.03307852559057248,0.04419217205800208,-1.1375116000870026e6,-1.0879593617149955e6,-49552.23837200715,25594.918284453295,4.356196312039116,12.435996071915893,-0.338290000001203
504.9999999999976,4.141223881464958,4.141950424401873,0.0007265429369152088,0.0019320700892876829,0.01754415983562314,0.04742568353381119,29356.850869756996,29366.70564467102,9.854774914023437,12.833403102918732,0.03356891022727401,0.04419217205800208,-955785.9398718622,-910738.8478258644,-45047.092045997735,25594.918284453295,4.713094236564831,12.435996071915893,0.009849799999168843
505.99999999999756,4.139640931133728,4.140119985653797,0.0004790545200688001,0.0019320700892876829,0.011572368909242592,0.04742568353381119,29347.96637662487,29357.970538466023,10.004161841152381,12.833403102918732,0.034088092213164445,0.04419217205800208,-752882.5894605858,-712191.142278773,-40691.44718181284,25594.918284453295,5.404753377411323,12.435996071915893,0.030391999999949786
506.9999999999975,4.138902289870831,4.139177838740407,0.0002755488695758146,0.0019320700892876829,0.006657535024447606,0.04742568353381119,29340.761507937026,29350.905199209185,10.143691272158321,12.833403102918732,0.034572010918715694,0.04419217205800208,-593515.5826286374,-556734.0561439681,-36781.5264846693,25594.918284453295,6.197230125242305,12.435996071915893,0.030392
507.9999999999975,4.138290101217974,4.138448881004299,0.00015877978632516943,0.0019320700892876829,0.003836845229348171,0.04742568353381119,29336.114128663783,29346.39188142401,10.277752760226576,12.833403102918732,0.03503447223838133,0.04419217205800208,-491224.91870785074,-458046.5113319757,-33178.407375875046,25594.918284453295,6.75421911884064,12.435996071915893,0.030392
508.99999999999744,4.137787732945272,4.137872396504981,8.466355970870865e-5,0.0019320700892876829,0.002046106885440574,0.04742568353381119,29332.705957836286,29343.109873163445,10.403915327158757,12.833403102918732,0.03546865175723528,0.04419217205800208,-416456.4705066644,-386559.1593949049,-29897.31111175951,25594.918284453295,7.17897625059978,12.435996071915893,0.030392
509.9999999999974,4.137373049396407,4.137408488751702,3.543935529481956e-5,0.0019320700892876829,0.0008565665912091186,0.04742568353381119,29330.02546738645,29340.543992816216,10.51852542976485,12.833403102918732,0.03586265358501285,0.04419217205800208,-357868.31754374685,-330886.23840250773,-26982.07914123911,25594.918284453295,7.539666916152964,12.435996071915893,0.030392
510.9999999999973,4.13451067767375,4.134622085503731,0.00011140782998086962,0.0019320700892876829,0.0026945831965671054,0.04742568353381119,29327.841291710458,29338.463002071785,10.621710361327132,12.833403102918732,0.036217157122741823,0.04419217205800208,-310324.584861204,-285920.7864332804,-24403.79842792364,25594.918284453295,7.863959099095709,12.435996071915893,0.08803999999984598
511.9999999999973,4.117031263055092,4.117876568225847,0.000845305170754429,0.0019320700892876829,0.020531910416613165,0.04742568353381119,29325.63097696987,29336.34611233992,10.71513537005012,12.833403102918732,0.03653846486189837,0.04419217205800208,-263211.3739897025,-241102.8967192884,-22108.477270414092,25594.918284453295,8.399514403689498,12.435996071915893,0.4875699999989326
512.9999999999973,4.103735484515868,4.105094476381736,0.0013589918658682976,0.0019320700892876829,0.033115971314331014,0.04742568353381119,29320.79767277505,29331.602409544263,10.804736769212468,12.833403102918732,0.03685007785188901,0.04419217205800208,-165689.99132666845,-145726.725533419,-19963.265793249448,25594.918284453295,12.048564692052272,12.435996071915893,0.8021499999991417
513.9999999999973,4.111158476432785,4.111984760262142,0.0008262838293564556,0.0019320700892876829,0.020098564287733676,0.04742568353381119,29312.864278496392,29323.764201848866,10.899923352473706,12.833403102918732,0.03718477747147274,0.04419217205800208,-11435.830871712848,6339.941008127189,-5095.8898635856585,25594.918284453295,44.56073127306054,12.435996071915893,0.5981000000005567
514.9999999999972,4.083153401385932,4.08527628817442,0.002122886788487932,0.0019320700892876829,0.05199135520520408,0.04742568353381119,29307.009782548805,29318.013324371026,11.00354182222145,12.833403102918732,0.0375457677322428,0.04419217205800208,94932.98220219064,110426.85727698573,15493.875074795083,25594.918284453295,16.320855739890106,12.435996071915893,1.3175999999979553
515.9999999999972,4.095297445963342,4.096623730113979,0.0013262841506369583,0.0019320700892876829,0.032385538978231036,0.04742568353381119,29299.072805715005,29310.20372693814,11.130921223135374,12.833403102918732,0.03799069443919128,0.04419217205800208,238973.7823043795,251794.68144601485,12820.899141635338,25594.918284453295,5.364981471191444,12.435996071915893,0.9578700000010225
516.999999999997,4.096271656508907,4.097403019768298,0.001131363259391449,0.0019320700892876829,0.027619341544248704,0.04742568353381119,29290.956868367837,29302.222298074652,11.265429706814757,12.833403102918732,0.038460435954486095,0.04419217205800208,381036.52262103953,391140.7481078468,10104.225486807292,25594.918284453295,2.651773488090659,12.435996071915893,0.9064800000001518
517.999999999997,4.0765073113471555,4.078675902154613,0.002168590807457349,0.0019320700892876829,0.05319727506488144,0.04742568353381119,29287.521632759795,29298.912722028563,11.391089268767246,12.833403102918732,0.038894002065458656,0.04419217205800208,426176.3369736009,433830.8997437837,7654.562770182791,25594.918284453295,1.7961022483181524,12.435996071915893,1.4384999999984274
518.999999999997,4.0480376547765,4.051872190495638,0.003834535719138721,0.0019320700892876829,0.09472579175774572,0.04742568353381119,29280.51179336001,29292.050136878494,11.538343518484908,12.833403102918732,0.03940622213134088,0.04419217205800208,542657.1687961016,547510.2017582378,4853.032962136203,25594.918284453295,0.894309195786131,12.435996071915893,2.3577999999972827
519.9999999999969,4.039895176029497,4.043975221877069,0.004080045847572045,0.0019320700892876829,0.10099385429059593,0.04742568353381119,29265.76438286558,29277.532291989988,11.767909124409925,12.833403102918732,0.04021049636858199,0.04419217205800208,807270.0699792948,807795.0443707108,524.9743914160645,25594.918284453295,0.06503082561075617,12.435996071915893,2.614099999999213
520.9999999999969,4.0398369516352615,4.043532390726581,0.003695439091319308,0.0019320700892876829,0.09147495642920572,0.04742568353381119,29248.50501115252,29260.602374778675,12.09736362615513,12.833403102918732,0.041360622095188725,0.04419217205800208,1.1090282419463338e6,1.1034363375600837e6,-5591.904386250069,25594.918284453295,-0.5042165902318531,12.435996071915893,2.547800000000204
521.9999999999968,4.047207797466012,4.050144357258753,0.0029365597927411002,0.0019320700892876829,0.0725576728375475,0.04742568353381119,29235.12307341363,29247.592636450136,12.46956303650586,12.833403102918732,0.04265267844158884,0.04419217205800208,1.3220346221048755e6,1.3097444351440896e6,-12290.186960785883,25594.918284453295,-0.9296418380645796,12.435996071915893,2.211300000001071
522.9999999999968,4.050232728479803,4.052890880940648,0.002658152460845109,0.0019320700892876829,0.06562962276596902,0.04742568353381119,29226.650302529444,29239.454171248373,12.803868718929152,12.833403102918732,0.04380888191562969,0.04419217205800208,1.4326230810247632e6,1.414641053916921e6,-17982.027107842267,25594.918284453295,-1.2551820046749227,12.435996071915893,2.056800000000492
523.9999999999968,4.055367042390829,4.057720189570013,0.002353147179183779,0.0019320700892876829,0.058025504339959524,0.04742568353381119,29221.30475758639,29234.37504964915,13.070292062759108,12.833403102918732,0.044728639501854614,0.04419217205800208,1.4816556977178715e6,1.459494301238454e6,-22161.39647941757,25594.918284453295,-1.4957183719235032,12.435996071915893,1.8477000000006654
524.9999999999967,4.047166456279628,4.0501074489171724,0.0029409926375443263,0.0019320700892876829,0.07266794359251148,0.04742568353381119,29217.315857997906,29230.592883323414,13.277025325507566,12.833403102918732,0.04544231711782358,0.04419217205800208,1.5064248762184381e6,1.4813429056733225e6,-25081.970545115648,25594.918284453295,-1.6649997581079945,12.435996071915893,2.100399999999167
525.9999999999967,4.043580991909973,4.046771446018456,0.003190454108482399,0.0019320700892876829,0.07890169913414787,0.04742568353381119,29212.02052560041,29225.49586510482,13.47533950440993,12.833403102918732,0.04612943323314663,0.04419217205800208,1.559500133886883e6,1.5316866153822786e6,-27813.518504604464,25594.918284453295,-1.7834893309872517,12.435996071915893,2.2005999999996697
526.9999999999967,4.05042998617727,4.053106280743602,0.002676294566332338,0.0019320700892876829,0.06607433224288815,0.04742568353381119,29204.49240757049,29218.190088827312,13.697681256820943,12.833403102918732,0.04690265136493241,0.04419217205800208,1.6565312125696698e6,1.625544370936777e6,-30986.841632892843,25594.918284453295,-1.870586041347507,12.435996071915893,1.9315000000008873
527.9999999999966,4.053308321503162,4.055804831975123,0.0024965104719605336,0.0019320700892876829,0.061591921313173315,0.04742568353381119,29199.158908793863,29213.03163965252,13.872730858656723,12.833403102918732,0.047510720777914926,0.04419217205800208,1.7076878356600942e6,1.6745252537452506e6,-33162.581914843526,25594.918284453295,-1.9419580805308467,12.435996071915893,1.8103000000004135
528.9999999999966,4.069752761485536,4.071345006239751,0.0015922447542147111,0.0019320700892876829,0.03912386937317322,0.04742568353381119,29196.215276363553,29210.211079738758,13.99580337520456,12.833403102918732,0.047937046780632465,0.04419217205800208,1.7121301803108493e6,1.6778248327365417e6,-34305.34757430758,25594.918284453295,-2.0036646727458076,12.435996071915893,1.284000000001795
529.9999999999965,4.090070638678982,4.090746064748182,0.0006754260692005687,0.0019320700892876829,0.01651379961052993,0.04742568353381119,29196.42806220106,29210.476132801443,14.048070600383653,12.833403102918732,0.048115716657034784,0.04419217205800208,1.6571019795533803e6,1.6230097392556507e6,-34092.240297729615,25594.918284453295,-2.0573411122783223,12.435996071915893,0.7226200000019785
530.9999999999965,4.097794396920336,4.098357821903575,0.0005634249832384697,0.0019320700892876829,0.013749469316027841,0.04742568353381119,29201.64518510393,29215.654452223313,14.009267119381548,12.833403102918732,0.04797423922720567,0.04419217205800208,1.50897258429825e6,1.4767879170596043e6,-32184.66723864572,25594.918284453295,-2.132886148731009,12.435996071915893,0.5321200000006714
531.9999999999965,4.098241291214274,4.099042700939632,0.0008014097253585817,0.0019320700892876829,0.019554966836057883,0.04742568353381119,29207.997761418887,29221.934725189785,13.936963770898728,12.833403102918732,0.04771625869304945,0.04419217205800208,1.34813589468899e6,1.3183486217092937e6,-29787.27297969628,25594.918284453295,-2.209515605737068,12.435996071915893,0.53212
532.9999999999964,4.098696752431922,4.099648105197743,0.000951352765820701,0.0019320700892876829,0.023211103999246224,0.04742568353381119,29212.15956642983,29226.01814347011,13.858577040282398,12.833403102918732,0.04744112467538506,0.04419217205800208,1.2390326258156102e6,1.2115987922302037e6,-27433.83358540642,25594.918284453295,-2.2141332692791464,12.435996071915893,0.53212
533.9999999999964,4.099081608505824,4.100116922025288,0.001035313519463621,0.0019320700892876829,0.025257206817138923,0.04742568353381119,29214.520539959525,29228.297186778975,13.776646819449525,12.833403102918732,0.04715684722809629,0.04419217205800208,1.1698522832118364e6,1.1447056922705378e6,-25146.59094129852,25594.918284453295,-2.149552665936455,12.435996071915893,0.53212
534.9999999999962,4.0994079094932925,4.100494455335517,0.0010865458422246732,0.0019320700892876829,0.02650494574371292,0.04742568353381119,29216.071115598625,29229.76750809618,13.696392497557099,12.833403102918732,0.04687965210436703,0.04419217205800208,1.1186557566849075e6,1.0956471064324928e6,-23008.650252414634,25594.918284453295,-2.0568123942435936,12.435996071915893,0.53212
535.9999999999962,4.057663799717168,4.061021258244194,0.0033574585270264024,0.0019320700892876829,0.08274363507544484,0.04742568353381119,29217.13188902636,29230.753151118268,13.621262091906829,12.833403102918732,0.046620805025091555,0.04419217205800208,1.0783370107881925e6,1.057268418003449e6,-21068.592784743523,25594.918284453295,-1.9538041052067558,12.435996071915893,1.7062999999955948
536.9999999999962,4.083357471086428,4.085108159490765,0.0017506884043365645,0.0019320700892876829,0.042873748299846304,0.04742568353381119,29210.119467945453,29223.712387352236,13.59291940678304,12.833403102918732,0.046534966834694436,0.04419217205800208,1.1976281967337816e6,1.177499725034e6,-20128.471699781716,25594.918284453295,-1.6806945389793653,12.435996071915893,0.9448800000028567
537.9999999999961,4.082614733004095,4.084266674120406,0.001651941116310951,0.0019320700892876829,0.040462821606862945,0.04742568353381119,29203.675776579956,29217.258263088355,13.582486508399597,12.833403102918732,0.046509510009326106,0.04419217205800208,1.297498593503272e6,1.2779393800803532e6,-19559.213422918692,25594.918284453295,-1.5074554624455065,12.435996071915893,0.9530799999999684
538.9999999999961,4.127568229388277,4.127151236458245,-0.00041699293003194526,0.0019320700892876829,-0.010102629607984586,0.04742568353381119,29204.25238690114,29217.819766872442,13.567379971304035,12.833403102918732,0.04645686454000567,0.04419217205800208,1.2541350783995837e6,1.2352330337292766e6,-18902.044670307077,25594.918284453295,-1.5071777351470144,12.435996071915893,-0.1570599999957089
539.9999999999961,4.1279390365552215,4.127709644242988,-0.00022939231223340073,0.0019320700892876829,-0.0055570663762716166,0.04742568353381119,29210.707264055603,29224.246921395665,13.53965734006124,12.833403102918732,0.046351692951721424,0.04419217205800208,1.0991064250380108e6,1.0810944523724262e6,-18011.972665584646,25594.918284453295,-1.63878331117587,12.435996071915893,-0.15563000000000551
540.999999999996,4.115985280614448,4.116586092921746,0.0006008123072973603,0.0019320700892876829,0.014597047033357444,0.04742568353381119,29220.928635513937,29234.402201712575,13.473566198637855,12.833403102918732,0.04610930188667114,0.04419217205800208,879284.7881748243,862886.8189756608,-16397.96919916349,25594.918284453295,-1.8649212882667494,12.435996071915893,0.1488199999987886
541.999999999996,4.100738442264141,4.102130750814393,0.001392308550252075,0.0019320700892876829,0.03395262999225426,0.04742568353381119,29224.53082158556,29237.92330209535,13.392480509792222,12.833403102918732,0.04582616087680829,0.04419217205800208,800863.3361401974,786302.3700690042,-14560.966071193106,25594.918284453295,-1.818158656303389,12.435996071915893,0.5321199999984749
542.9999999999959,4.100985598986046,4.102313783535279,0.0013281845492327804,0.0019320700892876829,0.03238695960213001,0.04742568353381119,29222.93126401585,29236.2390836088,13.307819592952,12.833403102918732,0.045538962100420126,0.04419217205800208,826021.2278355114,813290.9108952254,-12730.31694028608,25594.918284453295,-1.5411609909401884,12.435996071915893,0.53212
543.9999999999959,4.140641061746152,4.140063365855241,-0.0005776958909109453,0.0019320700892876829,-0.01395184664152765,0.04742568353381119,29220.3892936995,29233.629142985326,13.239849285826494,12.833403102918732,0.0453103110733753,0.04419217205800208,865597.7877827447,854301.2254924703,-11296.562290274422,25594.918284453295,-1.3050590527975947,12.435996071915893,-0.41547999999612173
544.9999999999959,4.1742675227029915,4.17211416901115,-0.002153353691841886,0.0019320700892876829,-0.05158638444062901,0.04742568353381119,29225.75525604886,29238.93182082423,13.176564775370935,12.833403102918732,0.045085455140269744,0.04419217205800208,746092.6911283312,736097.8936006944,-9994.797527636867,25594.918284453295,-1.3396187426151476,12.435996071915893,-1.2849999999964412
545.9999999999958,4.235073856622739,4.22911200157202,-0.0059618550507192225,0.0019320700892876829,-0.14077334309993608,0.04742568353381119,29240.87393913375,29253.95497440907,13.081035275317845,12.833403102918732,0.04473544567288459,0.04419217205800208,441333.8445422632,433242.9509605795,-8090.893581683689,25594.918284453295,-1.8332819206456499,12.435996071915893,-3.4442999999909176
546.9999999999958,4.225851316317569,4.221454978085905,-0.004396338231663854,0.0019320700892876829,-0.10403438035521914,0.04742568353381119,29269.448884432444,29282.216159181313,12.767274748868658,12.833403102918732,0.043619798921663996,0.04419217205800208,-112069.6591976536,-114032.32058312907,1962.6613854754687,25594.918284453295,-1.751287011602299,12.435996071915893,-2.9169000000022183
547.9999999999957,4.215973403032578,4.213058101261758,-0.002915301770819667,0.0019320700892876829,-0.06914896020744986,0.04742568353381119,29297.52601842065,29309.801378061504,12.275359640854731,12.833403102918732,0.04189896318595867,0.04419217205800208,-628016.8639356514,-620654.5623415398,-7362.301594111603,25594.918284453295,1.1723095376728558,12.435996071915893,-2.386000000002294
548.9999999999957,4.203488938274447,4.201617728724429,-0.0018712095500177384,0.0019320700892876829,-0.044515629218852645,0.04742568353381119,29310.353761779177,29322.16279495361,11.809033174431534,12.833403102918732,0.04028963031429038,0.04419217205800208,-822976.1667783746,-807234.8971028633,-15741.269675511285,25594.918284453295,1.9127248529118548,12.435996071915893,-1.8522000000023062
549.9999999999957,4.188053096459648,4.1870624499603855,-0.0009906464992628372,0.0019320700892876829,-0.02365410553415084,0.04742568353381119,29316.087314503817,29327.531529678858,11.444215175040881,12.833403102918732,0.03903732122321446,0.04419217205800208,-878047.5302315138,-856247.8762887235,-21799.65394279023,25594.918284453295,2.482741900890302,12.435996071915893,-1.316100000002316
550.9999999999956,4.1693221202557345,4.169122773550013,-0.00019934670572130386,0.0019320700892876829,-0.004781273789156797,0.04742568353381119,29316.9033972113,29328.14771148614,11.2443142748416,12.833403102918732,0.038354372296738506,0.04419217205800208,-841885.7273152018,-817433.6006467717,-24452.12666843005,25594.918284453295,2.904447227821357,12.435996071915893,-0.7782400000023848
551.9999999999956,4.14750464364202,4.1480589362734035,0.0005542926313832908,0.0019320700892876829,0.013364484889317773,0.04742568353381119,29313.788836877342,29324.960737835023,11.171900957680919,12.833403102918732,0.03811141923635078,0.04419217205800208,-736692.9752118527,-712067.3121028858,-24625.663108966895,25594.918284453295,3.3427308169845427,12.435996071915893,-0.23930000000238955
552.9999999999956,4.135769806302611,4.136536111940403,0.0007663056377920086,0.0019320700892876829,0.018528730410097165,0.04742568353381119,29307.33880938754,29318.51402730031,11.175217912768858,12.833403102918732,0.038131124717435225,0.04419217205800208,-575879.6890939925,-552435.9216804632,-23443.767413529218,25594.918284453295,4.07094882099633,12.435996071915893,0.03039199999880424
553.9999999999955,4.135364670690709,4.1358603420731805,0.0004956713824713077,0.0019320700892876829,0.011986158947102438,0.04742568353381119,29299.82445158007,29311.032437174912,11.207985594843194,12.833403102918732,0.03825273975059183,0.04419217205800208,-405259.7576179519,-383410.64556488895,-21849.11205306294,25594.918284453295,5.391384573066992,12.435996071915893,0.030392
554.9999999999955,4.134917691174991,4.135235045064646,0.00031735388965525857,0.0019320700892876829,0.007674974772353408,0.04742568353381119,29294.395181633132,29305.647103281906,11.251921648774442,12.833403102918732,0.03840981040574315,0.04419217205800208,-285453.70084792696,-265268.3733656715,-20185.327482255467,25594.918284453295,7.0713139897278925,12.435996071915893,0.030392
555.9999999999953,4.1345652288545764,4.1347833028233625,0.0002180739687860367,0.0019320700892876829,0.005274411134310512,0.04742568353381119,29291.182629679723,29302.48778287187,11.305153192148282,12.833403102918732,0.038595755368010194,0.04419217205800208,-214809.62820912947,-196344.10457019435,-18465.52363893512,25594.918284453295,8.596227177004318,12.435996071915893,0.030392
556.9999999999953,4.134286176468726,4.134440833204498,0.0001546567357717521,0.0019320700892876829,0.003740832858935062,0.04742568353381119,29288.922666392602,29300.283027102796,11.360360710194072,12.833403102918732,0.038787226282069605,0.04419217205800208,-165324.36614043475,-148506.00971832967,-16818.356422105076,25594.918284453295,10.172944747792789,12.435996071915893,0.030392
557.9999999999953,4.134065047375316,4.134177280833121,0.00011223345780564387,0.0019320700892876829,0.002714844989604118,0.04742568353381119,29287.21892887955,29298.63146212725,11.412533247701504,12.833403102918732,0.03896762364298042,0.04419217205800208,-128210.77131414948,-112886.1865195581,-15324.58479459137,25594.918284453295,11.952650028945058,12.435996071915893,0.030392
558.9999999999952,4.13389018930108,4.133971959929563,8.17706284834685e-5,0.0019320700892876829,0.0019780551669006364,0.04742568353381119,29285.88375502769,29297.344417964912,11.460662937221059,12.833403102918732,0.0391337445476732,0.04419217205800208,-99304.31659923993,-85318.21891740017,-13986.097681839761,25594.918284453295,14.084078276559845,12.435996071915893,0.030392
559.9999999999952,4.133752664268783,4.1338121161030355,5.945183425204448e-5,0.0019320700892876829,0.001438204921303894,0.04742568353381119,29284.809787936832,29296.31434591332,11.504557976488286,12.833403102918732,0.039285069835855,0.04419217205800208,-76219.97818193393,-63427.648241964314,-12792.329939969612,25594.918284453295,16.783434271569657,12.435996071915893,0.030392
560.9999999999952,4.133645443661116,4.133688027727934,4.258406681767468e-5,0.0019320700892876829,0.0010301818914579795,0.04742568353381119,29283.92914065491,29295.473504919228,11.544364264318574,12.833403102918732,0.03942218344017068,0.04419217205800208,-57447.999741539716,-45718.941369129556,-11729.05837241016,25594.918284453295,20.416826391135544,12.435996071915893,0.030392
561.9999999999951,4.133562946007544,4.133592649817376,2.970380983224885e-5,0.0019320700892876829,0.0007186006411475762,0.04742568353381119,29283.196062938034,29294.77640946192,11.580346523885964,12.833403102918732,0.03954604715617947,0.04419217205800208,-41969.97068175505,-31187.901948344417,-10782.06873341063,25594.918284453295,25.6899601268908,12.435996071915893,0.030392
562.9999999999951,4.133500687270876,4.1335205238764585,1.983660558213529e-5,0.0019320700892876829,0.0004798984464481198,0.04742568353381119,29282.5783017685,29294.191128801856,11.612827033357462,12.833403102918732,0.03965780237546949,0.04419217205800208,-29067.355699940515,-19129.54042361637,-9937.815276324145,25594.918284453295,34.18892099753155,12.435996071915893,0.030392
563.999999999995,4.133455057911842,4.133467147539862,1.2089628019573695e-5,0.0019320700892876829,0.0002924823870150215,0.04742568353381119,29282.05233512862,29293.694466315894,11.642131187272753,12.833403102918732,0.0397585901904359,0.04419217205800208,-18215.77905521439,-9031.675805209128,-9184.10325000526,25594.918284453295,50.41839397682115,12.435996071915893,0.030392
564.999999999995,4.133423128286808,4.133429254244126,6.125957317415498e-6,0.0019320700892876829,0.0001482054250747501,0.04742568353381119,29281.60054443885,29293.26912544152,11.668581002668361,12.833403102918732,0.03984953276361955,0.04419217205800208,-9022.256151656402,-512.3505401282792,-8509.905611528122,25594.918284453295,94.3212592114865,12.435996071915893,0.030392
565.999999999995,4.13340252125983,4.133403807874898,1.2866150678192412e-6,0.0019320700892876829,3.112726285914904e-5,0.04742568353381119,29281.20944445091,29292.901922016186,11.692477565276931,12.833403102918732,0.03993167559372373,0.04419217205800208,-1185.8650517651336,6719.62185518685,5533.7568034217165,25594.918284453295,-466.64304637233755,12.435996071915893,0.030392
566.9999999999949,4.133391292152662,4.1333888303351225,-2.461817539156641e-6,0.0019320700892876829,-5.955926659618358e-5,0.04742568353381119,29280.868526665177,29292.582627593863,11.714100928686094,12.833403102918732,0.04000598861341297,0.04419217205800208,5527.971881555655,12890.197109591143,7362.225228035488,25594.918284453295,133.1813074628673,12.435996071915893,0.030392
567.9999999999949,4.133387852560112,4.133382218282254,-5.634277858490577e-6,0.0019320700892876829,-0.00013631137603021824,0.04742568353381119,29280.569477286866,29292.303182005602,11.73370471873568,12.833403102918732,0.04007334873673681,0.04419217205800208,11304.891753096774,18177.475205988056,6872.583452891282,25594.918284453295,60.79300539086241,12.435996071915893,0.030392
568.9999999999948,4.115187220950499,4.115993068412048,0.0008058474615486588,0.0019320700892876829,0.01958227945125008,0.04742568353381119,29280.305632890217,29292.05714985473,11.75151696451212,12.833403102918732,0.04013454337481977,0.04419217205800208,16293.713410504863,22723.695638336252,6429.9822278313895,25594.918284453295,39.46296381821629,12.435996071915893,0.45557999999777643
569.9999999999948,4.0799610959570956,4.082451224256034,0.0024901282989384654,0.0019320700892876829,0.06103313831609759,0.04742568353381119,29277.205424490978,29288.979504261883,11.774079770904791,12.833403102918732,0.04021585940390176,0.04419217205800208,76975.4238576203,82879.24193856744,5903.818080947138,25594.918284453295,7.669744166485263,12.435996071915893,1.3744999999951946
570.9999999999948,4.051703643238826,4.055658534118295,0.003954890879469097,0.0019320700892876829,0.0976105665099351,0.04742568353381119,29266.497953937745,29278.323057726113,11.825103788367414,12.833403102918732,0.04040491556925885,0.04419217205800208,283892.255957501,288725.2054103555,4832.949452854518,25594.918284453295,1.7023886180178214,12.435996071915893,2.271699999995308
571.9999999999947,4.0323019689702235,4.037195042847594,0.0048930738773700355,0.0019320700892876829,0.12134691089664688,0.04742568353381119,29248.491027967313,29260.454337173185,11.963309205872065,12.833403102918732,0.04090231251394401,0.04419217205800208,623096.5907038511,625189.7319395702,2093.1412357190857,25594.918284453295,0.335925644105141,12.435996071915893,2.967299999996283
572.9999999999947,4.056345002148901,4.059013228206336,0.002668226057434886,0.0019320700892876829,0.06577907096219278,0.04742568353381119,29227.27386871382,29239.54420358181,12.270334867989732,12.833403102918732,0.041982481579044724,0.04419217205800208,1.0084839549581837e6,1.0046534725377521e6,-3830.4824204315664,25594.918284453295,-0.37982581692044826,12.435996071915893,1.9811000000052696
573.9999999999947,4.055222168480882,4.057738743297364,0.002516574816481487,0.0019320700892876829,0.062057631171024495,0.04742568353381119,29214.769883948178,29227.361844298626,12.591960350448062,12.833403102918732,0.04310135044865308,0.04419217205800208,1.2055153211307507e6,1.1957737251175568e6,-9741.59601319395,25594.918284453295,-0.808085624665186,12.435996071915893,1.9604000000001105
574.9999999999945,4.064946395286172,4.0668966406933915,0.001950245407219775,0.0019320700892876829,0.047977149452237196,0.04742568353381119,29210.174818442207,29223.022529046117,12.847710603909945,12.833403102918732,0.043983682685111436,0.04419217205800208,1.2430066531835115e6,1.228900449034356e6,-14106.204149155412,25594.918284453295,-1.134845426050414,12.435996071915893,1.6067000000019303
575.9999999999945,4.110734049089165,4.110374921124228,-0.00035912796493686727,0.0019320700892876829,-0.008736346371433126,0.04742568353381119,29206.23171220045,29219.294443178296,13.062730977846513,12.833403102918732,0.04472583490594496,0.04419217205800208,1.2720512657329512e6,1.2545155634898313e6,-17535.702243119944,25594.918284453295,-1.3785373841058157,12.435996071915893,0.3484400000068663
576.9999999999944,4.11062661200806,4.110573289927262,-5.332208079789069e-5,0.0019320700892876829,-0.0012971764606915393,0.04742568353381119,29211.771100630933,29224.892006697224,13.120906066291354,12.833403102918732,0.04491650308052688,0.04419217205800208,1.1174106619025334e6,1.099610100956744e6,-17800.56094578933,25594.918284453295,-1.593018713055916,12.435996071915893,0.34844
577.9999999999944,4.084658268752289,4.086209975757583,0.0015517070052943893,0.0019320700892876829,0.03798866155254594,0.04742568353381119,29220.65462566811,29233.75517868579,13.100553017680795,12.833403102918732,0.044833194825734536,0.04419217205800208,909390.364605088,892773.3015818918,-16617.063023196184,25594.918284453295,-1.827275026210808,12.435996071915893,1.0168999999962762
578.9999999999944,4.099537213205792,4.100407703246318,0.0008704900405254179,0.0019320700892876829,0.021233861171483414,0.04742568353381119,29219.946943093597,29233.05391200381,13.106968910211435,12.833403102918732,0.04485623788344827,0.04419217205800208,902724.9830500006,886622.0113269441,-16102.971723056515,25594.918284453295,-1.7838181091045082,12.435996071915893,0.6317900000021452
579.9999999999943,4.110409583281272,4.11077861869696,0.0003690354156882236,0.0019320700892876829,0.008978069173185138,0.04742568353381119,29217.79349829259,29230.896139467877,13.102641175286408,12.833403102918732,0.04484473194751031,0.04419217205800208,923396.2300336155,907949.4048985909,-15446.825135024614,25594.918284453295,-1.6728273987497526,12.435996071915893,0.36328000000152627
580.9999999999943,4.122105402856277,4.122070204347741,-3.5198508535394524e-5,0.0019320700892876829,-0.0008538963732224043,0.04742568353381119,29220.688471413912,29233.76521483172,13.076743417808757,12.833403102918732,0.04475166090149281,0.04419217205800208,843147.2294168037,828716.1619511582,-14431.067465645494,25594.918284453295,-1.711571474370771,12.435996071915893,0.0905110000015505
581.9999999999942,4.13507861527726,4.134612443767308,-0.0004661715099523178,0.0019320700892876829,-0.011273582761643836,0.04742568353381119,29225.277835584744,29238.32224976977,13.044414185027563,12.833403102918732,0.044634012577785195,0.04419217205800208,734465.4812303067,721102.101820899,-13363.379409407615,25594.918284453295,-1.8194700433058546,12.435996071915893,-0.204589999998289
582.9999999999942,4.117766419655604,4.118258071726715,0.0004916520711111261,0.0019320700892876829,0.01193977562117878,0.04742568353381119,29231.444729186554,29244.43986180175,12.99513261519678,12.833403102918732,0.04445600529015798,0.04419217205800208,600427.5865977159,588399.1023341576,-12028.48426355829,25594.918284453295,-2.0033197228190196,12.435996071915893,0.21706999999755522
583.9999999999942,4.128377312214529,4.1284632679123545,8.595569782521295e-5,0.0019320700892876829,0.0020820698139895773,0.04742568353381119,29234.203232372605,29247.141347873396,12.938115500790445,12.833403102918732,0.04425677483990183,0.04419217205800208,539761.804555347,529146.351407269,-10615.45314807794,25594.918284453295,-1.9666921702292177,12.435996071915893,-0.020476999998622694
584.9999999999941,4.092447221141332,4.094223047681867,0.001775826540534986,0.0019320700892876829,0.04339277807569942,0.04742568353381119,29235.19233005819,29248.070024199213,12.877694141021493,12.833403102918732,0.044048604146794956,0.04419217205800208,515196.18576676777,505990.556551118,-9205.629215649795,25594.918284453295,-1.786820141525123,12.435996071915893,0.8609399999947894
585.9999999999941,4.107566252903952,4.108526877328299,0.0009606244243469675,0.0019320700892876829,0.023386705538050147,0.04742568353381119,29232.033279437073,29244.867427587964,12.834148150890542,12.833403102918732,0.04390439771399197,0.04419217205800208,571767.1694769862,563576.1045363549,-8191.064940631273,25594.918284453295,-1.432587489786079,12.435996071915893,0.48059000000224855
586.9999999999941,4.118276497219262,4.118628947947184,0.0003524507279220046,0.0019320700892876829,0.00855820943931244,0.04742568353381119,29227.358599952684,29240.168182353133,12.809582400448562,12.833403102918732,0.04382736933493983,0.04419217205800208,653496.8307957895,645911.3791920105,-7585.451603778987,25594.918284453295,-1.1607480321736032,12.435996071915893,0.21840000000155002
587.999999999994,4.132353013976106,4.13212854025191,-0.0002244737241960948,0.0019320700892876829,-0.00543210426207292,0.04742568353381119,29228.998918374185,29241.78983800323,12.790919629045675,12.833403102918732,0.04376105957226245,0.04419217205800208,606104.6644358108,598996.799168795,-7107.865267015761,25594.918284453295,-1.1727125171742538,12.435996071915893,-0.10986999999802204
588.999999999994,4.119006237781434,4.119497501107144,0.000491263325709923,0.0019320700892876829,0.01192674391225311,0.04742568353381119,29233.238186714047,29246.00867768836,12.77049097431518,12.833403102918732,0.04368483194625742,0.04419217205800208,511086.8224371108,504483.40118696156,-6603.421250149258,25594.918284453295,-1.2920351220680921,12.435996071915893,0.21175999999806205
589.9999999999939,4.114006141623731,4.114780580218747,0.0007744385950161359,0.0019320700892876829,0.018824439447979957,0.04742568353381119,29235.388380754226,29248.128435671064,12.740054916837835,12.833403102918732,0.04357751212644968,0.04419217205800208,462442.70339414314,456527.82674121246,-5914.876652930689,25594.918284453295,-1.2790507039072898,12.435996071915893,0.33796999999922517
590.9999999999939,4.108741491883781,4.109714264098351,0.000972772214569595,0.0019320700892876829,0.02367567335377912,0.04742568353381119,29233.849302397764,29246.557959800874,12.7086574031091,12.833403102918732,0.043472405127527064,0.04419217205800208,487958.7108466094,482726.28904005635,-5232.4218065530295,25594.918284453295,-1.072308310159023,12.435996071915893,0.46626999999921237
591.9999999999939,4.0929681721785185,4.094642645623695,0.001674473445176794,0.0019320700892876829,0.040910981340114866,0.04742568353381119,29231.67814210335,29244.363077053884,12.684934950535535,12.833403102918732,0.04339448077141013,0.04419217205800208,523204.80168023345,518480.79957663314,-4724.002103600302,25594.918284453295,-0.9028973144798211,12.435996071915893,0.8609399999975771
592.9999999999937,4.081879549989645,4.084008399881937,0.0021288498922924504,0.0019320700892876829,0.0521536675989827,0.04742568353381119,29226.990885531326,29239.671869757807,12.680984226481087,12.833403102918732,0.04338792274629525,0.04419217205800208,605462.657988576,600846.1798435453,-4616.478145030676,25594.918284453295,-0.7624711588931354,12.435996071915893,1.1528999999981744
593.9999999999937,4.065561431201965,4.068433363240055,0.002871932038090108,0.0019320700892876829,0.07064047823872224,0.04742568353381119,29219.624582987206,29232.328024730745,12.70344174353886,12.833403102918732,0.04347571854477314,0.04419217205800208,735699.2042774167,730680.6462942194,-5018.557983197272,25594.918284453295,-0.6821480781845292,12.435996071915893,1.6197999999970805
594.9999999999936,4.071826762666173,4.074114677079244,0.0022879144130714124,0.0019320700892876829,0.05618889374294793,0.04742568353381119,29209.97465642963,29222.74478157079,12.770125141159951,12.833403102918732,0.04371837117752864,0.04419217205800208,904172.9804385144,897916.814813025,-6256.165625489433,25594.918284453295,-0.6919213204596381,12.435996071915893,1.402600000001383
595.9999999999936,4.054609415268225,4.057771225087974,0.0031618098197485622,0.0019320700892876829,0.07798062639134375,0.04742568353381119,29201.86923503572,29214.735217407637,12.865982371917198,12.833403102918732,0.044058763048226014,0.04419217205800208,1.0344027358142887e6,1.0264098809666955e6,-7992.854847593233,25594.918284453295,-0.7727024079553699,12.435996071915893,1.921399999996697
596.9999999999936,4.060624236373598,4.063263603693764,0.0026393673201665635,0.0019320700892876829,0.0649990535081791,0.04742568353381119,29193.694137604274,29206.698348193375,13.004210589100694,12.833403102918732,0.04454458736124808,0.04419217205800208,1.1613977129871687e6,1.1509246820881204e6,-10473.030899048317,25594.918284453295,-0.9017609370102165,12.435996071915893,1.6940000000014477
597.9999999999935,4.098657479557312,4.099124412245504,0.00046693268819186784,0.0019320700892876829,0.011392332502063585,0.04742568353381119,29185.34504351604,29198.50688535367,13.161841837627435,12.833403102918732,0.04509743440758647,0.04419217205800208,1.2875905430033768e6,1.2743750845925952e6,-13215.458410781575,25594.918284453295,-1.0263711925031525,12.435996071915893,0.5991600000070947
598.9999999999935,4.098222485028202,4.098869665407741,0.0006471803795387032,0.0019320700892876829,0.015791733657775038,0.04742568353381119,29187.27975862566,29200.51717452942,13.237415903760848,12.833403102918732,0.045353373158554866,0.04419217205800208,1.2075512214110468e6,1.1933256816861236e6,-14225.539724923205,25594.918284453295,-1.1780485558451415,12.435996071915893,0.6022199999999802
599.9999999999935,4.079348827701409,4.081188784122339,0.0018399564209294894,0.0019320700892876829,0.045104169774229624,0.04742568353381119,29193.116347998548,29206.373930519887,13.257582521338918,12.833403102918732,0.04541338568757441,0.04419217205800208,1.0589398962823048e6,1.0447995100684218e6,-14140.386213882943,25594.918284453295,-1.3353341642454493,12.435996071915893,1.103399999996752
600.9999999999934,4.078499641387639,4.08041135601487,0.0019117146272309427,0.0019320700892876829,0.04687298750332892,0.04742568353381119,29191.609404688927,29204.893951033246,13.284546344319097,12.833403102918732,0.04550809844072953,0.04419217205800208,1.0646448191770278e6,1.050408379172631e6,-14236.440004396718,25594.918284453295,-1.3372008906596202,12.435996071915893,1.1249999999998577
601.9999999999934,4.077416239962609,4.079325306384058,0.0019090664214491682,0.0019320700892876829,0.046820493888715044,0.04742568353381119,29187.03434348592,29200.344983537074,13.310640051153314,12.833403102918732,0.04560463353182039,0.04419217205800208,1.1296910964965723e6,1.1153547065939775e6,-14336.389902594732,25594.918284453295,-1.2690539871523394,12.435996071915893,1.1465999999998577
602.9999999999933,4.096070528828765,4.097002808581158,0.0009322797523934057,0.0019320700892876829,0.02276034423313465,0.04742568353381119,29183.701078811522,29197.040747913095,13.339669101573236,12.833403102918732,0.045709312419110346,0.04419217205800208,1.166559100617241e6,1.1520508604278474e6,-14508.24018939375,25594.918284453295,-1.2436781112690525,12.435996071915893,0.6425100000033812
603.9999999999933,4.102862472712107,4.10353911848231,0.0006766457702029882,0.0019320700892876829,0.01649204122008278,0.04742568353381119,29184.07765674336,29197.433302197667,13.355645454306796,12.833403102918732,0.045763465994687,0.04419217205800208,1.1292579551203477e6,1.1148290247296374e6,-14428.930390710244,25594.918284453295,-1.2777355541562263,12.435996071915893,0.4711300000011495
604.9999999999933,4.103061141393479,4.10387348978997,0.0008123483964901368,0.0019320700892876829,0.019798593501198655,0.04742568353381119,29187.672637794687,29201.019768586084,13.347130791396921,12.833403102918732,0.045728657289769374,0.04419217205800208,1.0318803655580198e6,1.0179944181487749e6,-13885.947409244953,25594.918284453295,-1.3456935389729716,12.435996071915893,0.47113
605.9999999999932,4.089452121152072,4.091020502265649,0.0015683811135769332,0.0019320700892876829,0.03835186394443205,0.04742568353381119,29190.03498610958,29203.362079183295,13.327093073716242,12.833403102918732,0.04565631072404708,0.04419217205800208,964678.3919450319,951521.2048197077,-13157.187125324272,25594.918284453295,-1.3638936287145507,12.435996071915893,0.820929999997614
606.9999999999932,4.0423692351813765,4.046676587845567,0.004307352664190134,0.0019320700892876829,0.10655515153594988,0.04742568353381119,29188.808651100426,29202.11383135394,13.305180253515573,12.833403102918732,0.04558315624510411,0.04419217205800208,971141.914852328,958705.9940390104,-12435.920813317643,25594.918284453295,-1.2805461923872015,12.435996071915893,2.271099999990108
607.9999999999932,4.019684498869033,4.02534665633474,0.005662157465707196,0.0019320700892876829,0.1408607433568551,0.04742568353381119,29176.443583127122,29189.798612163715,13.355029036592896,12.833403102918732,0.045773327371250186,0.04419217205800208,1.1951941434214893e6,1.1820298643929823e6,-13164.27902850695,25594.918284453295,-1.101434365367746,12.435996071915893,3.1426999999940546
608.9999999999931,4.038900278802091,4.042565962568116,0.003665683766024941,0.0019320700892876829,0.0907594521524596,0.04742568353381119,29154.790261930706,29168.361033204117,13.570771273411083,12.833403102918732,0.04654731229924613,0.04419217205800208,1.588413626094595e6,1.571307544398761e6,-17106.081695834175,25594.918284453295,-1.0769286673706393,12.435996071915893,2.3133000000057518
609.9999999999931,4.0592291017520346,4.061305424237934,0.0020763224858990625,0.0019320700892876829,0.051150660232576806,0.04742568353381119,29141.17498987829,29155.008926754897,13.833936876606458,12.833403102918732,0.04747213137909315,0.04419217205800208,1.8030213727077376e6,1.781263817565864e6,-21757.555141873658,25594.918284453295,-1.2067275225472587,12.435996071915893,1.5727000000051359
610.999999999993,4.057498519750594,4.059796457769367,0.0022979380187724274,0.0019320700892876829,0.05663435260880088,0.04742568353381119,29140.090084185547,29154.088814329298,13.998730143750436,12.833403102918732,0.048039419587613444,0.04419217205800208,1.764482771760104e6,1.740230981932931e6,-24251.789827172877,25594.918284453295,-1.3744418599781099,12.435996071915893,1.604899999999773
611.999999999993,4.152442312867774,4.1501480360226655,-0.0022942768451086337,0.0019320700892876829,-0.055251263527467336,0.04742568353381119,29140.34589134682,29154.46105191317,14.115160566350824,12.833403102918732,0.04843854846123257,0.04419217205800208,1.7074430296775638e6,1.681714529134253e6,-25728.500543310773,25594.918284453295,-1.5068438651314404,12.435996071915893,-0.8650099999825905
612.999999999993,4.237696826344145,4.230059169617347,-0.00763765672679817,0.0019320700892876829,-0.18023131525874553,0.04742568353381119,29154.506228453232,29168.637329038604,14.131100585371314,12.833403102918732,0.04846969615825673,0.04419217205800208,1.3831847827476382e6,1.3579696939785625e6,-25215.088769075694,25594.918284453295,-1.8229732631230213,12.435996071915893,-3.920099999978466
613.9999999999928,4.229963411985197,4.224330047127902,-0.005633364857295042,0.0019320700892876829,-0.13317762610743727,0.04742568353381119,29196.845246108307,29210.86844020102,14.023194092711492,12.833403102918732,0.048029826423047074,0.04419217205800208,525059.3241187725,502706.23603736167,-22353.088081410853,25594.918284453295,-4.257250001021677,12.435996071915893,-3.39650000000375
614.9999999999928,4.222176720505898,4.218349802943055,-0.003826917562842702,0.0019320700892876829,-0.0906384980111435,0.04742568353381119,29236.6235273743,29250.303038209662,13.679510835361725,12.833403102918732,0.046788955716974556,0.04419217205800208,-235288.76738527894,-250338.78339605316,15050.016010774212,25594.918284453295,-6.396402249891607,12.435996071915893,-2.8688000000037794
615.9999999999927,4.212075247046527,4.209457542024881,-0.002617705021645378,0.0019320700892876829,-0.06214763194178194,0.04742568353381119,29256.442389088792,29269.50219687768,13.059807788886246,12.833403102918732,0.04463908364250367,0.04419217205800208,-569700.9469540054,-572436.8751166937,2735.928162688273,25594.918284453295,-0.480239356686405,12.435996071915893,-2.337600000003865
616.9999999999927,4.199406824028809,4.197756148180984,-0.0016506758478254113,0.0019320700892876829,-0.039307357372006003,0.04742568353381119,29267.45164067858,29279.915339974246,12.46369929566572,12.833403102918732,0.04258552964803581,0.04419217205800208,-725711.6443275777,-717234.900457676,-8476.743869901635,25594.918284453295,1.1680595090569241,12.435996071915893,-1.803500000003886
617.9999999999927,4.183790978962937,4.1829752517181085,-0.0008157272448281461,0.0019320700892876829,-0.019497323095962735,0.04742568353381119,29272.60429596126,29284.658604408036,12.054308446775394,12.833403102918732,0.04117948756762488,0.04419217205800208,-769288.082698485,-753744.8485604426,-15543.234138042433,25594.918284453295,2.020469897768383,12.435996071915893,-1.267200000003902
618.9999999999926,4.164912296610333,4.164868804389678,-4.3492220655139135e-5,0.0019320700892876829,-0.0010442529772004042,0.04742568353381119,29273.208356789335,29285.029693316577,11.821336527242238,12.833403102918732,0.04038278409103905,0.04419217205800208,-729851.8569006427,-710899.6206353507,-18952.236265292042,25594.918284453295,2.596723716751751,12.435996071915893,-0.7292800000039751
619.9999999999926,4.143093567132186,4.143787426010581,0.0006938588783951261,0.0019320700892876829,0.016747362017107647,0.04742568353381119,29270.01737063234,29281.737331844168,11.719961211827467,12.833403102918732,0.0400408413272297,0.04419217205800208,-624439.7118367596,-604657.4713443252,-19782.240492434357,25594.918284453295,3.167998466056209,12.435996071915893,-0.1908500000039788
620.9999999999926,4.133532736511595,4.134339589529767,0.0008068530181724043,0.0019320700892876829,0.019519695853511744,0.04742568353381119,29263.551156662088,29275.247755694854,11.696599032766244,12.833403102918732,0.03996985523099583,0.04419217205800208,-464772.0507698896,-445578.24449631287,-19193.806273576745,25594.918284453295,4.129724720275762,12.435996071915893,0.0303919999983651
621.9999999999925,4.133179532291639,4.133717656219613,0.0005381239279733663,0.0019320700892876829,0.013019611748512743,0.04742568353381119,29256.380899524887,29268.086180992166,11.705281467278837,12.833403102918732,0.04000932824698398,0.04419217205800208,-302466.3446430478,-284341.60887793807,-18124.73576510971,25594.918284453295,5.992314876056512,12.435996071915893,0.030392
622.9999999999925,4.1328045455067395,4.13317188616803,0.0003673406612909602,0.0019320700892876829,0.008888411180498233,0.04742568353381119,29251.48551338268,29263.214092223116,11.728578840436967,12.833403102918732,0.04009566910737266,0.04419217205800208,-194360.97541068422,-177456.50605015116,-16904.469360533054,25594.918284453295,8.697460652692216,12.435996071915893,0.030392
623.9999999999924,4.132514261973482,4.13278360953018,0.00026934755669838495,0.0019320700892876829,0.00651776472199658,0.04742568353381119,29248.614518391678,29260.37834139676,11.763823005083395,12.833403102918732,0.04022010340929566,0.04419217205800208,-131158.84536497638,-115593.48409655935,-15565.361268417037,25594.918284453295,11.867565031624993,12.435996071915893,0.030392
624.9999999999924,4.132289473327877,4.132496049044201,0.00020657571632387572,0.0019320700892876829,0.004999062085491147,0.04742568353381119,29246.63028573184,29258.43304607723,11.802760345388378,12.833403102918732,0.040355966585136585,0.04419217205800208,-87658.6991283461,-73401.93045424216,-14256.768674103936,25594.918284453295,16.263951913351793,12.435996071915893,0.030392
625.9999999999924,4.132116095309787,4.132279680200191,0.00016358489040424473,0.0019320700892876829,0.003958864819648314,0.04742568353381119,29245.164273060407,29257.004800567982,11.840527507574734,12.833403102918732,0.04048712941743262,0.04419217205800208,-55690.061004862946,-42632.2896728855,-13057.771331977448,25594.918284453295,23.447220377146333,12.435996071915893,0.030392
626.9999999999923,4.1319835745172275,4.132115944159007,0.0001323696417792064,0.0019320700892876829,0.003203537463109887,0.04742568353381119,29244.039591137353,29255.9154460196,11.87585488224795,12.833403102918732,0.040609488457425784,0.04419217205800208,-31327.400367844915,-19350.466177573755,-11976.93419027116,25594.918284453295,38.231497186611534,12.435996071915893,0.030392
627.9999999999923,4.131883798603625,4.131992877623921,0.00010907902029622107,0.0019320700892876829,0.0026399343643953507,0.04742568353381119,29243.154685446276,29255.063021623926,11.908336177650199,12.833403102918732,0.04072179046940081,0.04419217205800208,-12314.509657900011,-1305.4212436192336,-11009.088414280777,25594.918284453295,89.3993242127852,12.435996071915893,0.030392
628.9999999999922,4.131810419952507,4.131901346439764,9.092648725683716e-5,0.0019320700892876829,0.002200645189763627,0.04742568353381119,29242.445411778728,29254.38332191465,11.93791013592272,12.833403102918732,0.04082391184396016,0.04419217205800208,2775.250965635252,12920.267510868132,10145.01654523288,25594.918284453295,365.5531218925527,12.435996071915893,0.030392
629.9999999999922,4.131758394171058,4.131835301165058,7.690699399987011e-5,0.0019320700892876829,0.0018613623223557275,0.04742568353381119,29241.8687005349,29253.833388052815,11.9646875179169,12.833403102918732,0.040916289039003996,0.04419217205800208,14900.766344417923,24275.011961552944,9374.24561713502,25594.918284453295,62.91116443582629,12.435996071915893,0.030392
630.9999999999922,4.1317236966471205,4.131789202332942,6.550568582142091e-5,0.0019320700892876829,0.0015854323916814318,0.04742568353381119,29241.394346776844,29253.383198078143,11.988851301299292,12.833403102918732,0.04099958832031815,0.04419217205800208,24735.11087389324,33421.65369183305,8686.542817939811,25594.918284453295,35.11826917706705,12.435996071915893,0.030392
631.999999999992,4.131703085687788,4.131759630315592,5.6544627804022696e-5,0.0019320700892876829,0.0013685549670762447,0.04742568353381119,29241.000458460705,29253.011077490253,12.010619029548252,12.833403102918732,0.041074583089625624,0.04419217205800208,32766.50108384629,40838.78716266948,8072.286078823192,25594.918284453295,24.635789027845835,12.435996071915893,0.030392
632.999999999992,4.131693952350339,4.1317429146352955,4.896228495621102e-5,0.0019320700892876829,0.0011850414266128915,0.04742568353381119,29240.670750650017,29252.700967732835,12.030217082818126,12.833403102918732,0.04114206950109274,0.04419217205800208,39358.35750220127,46881.05560615839,7522.698103957126,25594.918284453295,19.11334359808178,12.435996071915893,0.030392
633.999999999992,4.131694177642555,4.131737078640018,4.2900997462957946e-5,0.0019320700892876829,0.0010383391320467048,0.04742568353381119,29240.39285038094,29252.440718334303,12.047867953362584,12.833403102918732,0.04120282519803979,0.04419217205800208,44786.96452651347,51816.851024374075,7029.886497860607,25594.918284453295,15.696278084885568,12.435996071915893,0.030392
634.9999999999919,4.131702045936513,4.131739593053256,3.754711674286426e-5,0.0019320700892876829,0.0009087566413408602,0.04742568353381119,29240.157190275764,29252.220973757787,12.0637834820227,12.833403102918732,0.041257587650844384,0.04419217205800208,49266.07144287578,55852.88648053364,6586.815037657863,25594.918284453295,13.369880822129899,12.435996071915893,0.030392
635.9999999999919,4.131716153793528,4.131749338651619,3.318485809078453e-5,0.0019320700892876829,0.0008031737141554583,0.04742568353381119,29239.956261516807,29252.034419897653,12.078158380845707,12.833403102918732,0.041307032995606674,0.04419217205800208,52963.515907733825,59150.821139325155,6187.30523159133,25594.918284453295,11.682202598426532,12.435996071915893,0.030392
636.9999999999918,4.131735359345405,4.131764522820795,2.916347539017039e-5,0.0019320700892876829,0.0007058408357206785,0.04742568353381119,29239.784095399707,29251.875266196326,12.091170796618826,12.833403102918732,0.041351778649149226,0.04419217205800208,56012.76963303815,61838.69247930024,5825.922846262089,25594.918284453295,10.4010619086148,12.435996071915893,0.030392
637.9999999999918,4.1317587221480565,4.131784545143019,2.5822994962787504e-5,0.0019320700892876829,0.0006249879699984614,0.04742568353381119,29239.635894697512,29251.738873462647,12.102978765135049,12.833403102918732,0.04139237167221317,0.04419217205800208,58521.15307412536,64019.12198749832,5497.968913372963,25594.918284453295,9.394840368932929,12.435996071915893,0.030392
638.9999999999918,4.131785473877084,4.131808100452314,2.26265752303334e-5,0.0019320700892876829,0.0005476222174018543,0.04742568353381119,29239.507766309445,29251.62149027948,12.113723970036517,12.833403102918732,0.04142930198022786,0.04419217205800208,60575.796709453796,65775.13570987698,5199.339000423184,25594.918284453295,8.583195406180677,12.435996071915893,0.030392
639.9999999999917,4.131814977505401,4.131834902273644,1.9924768242418622e-5,0.0019320700892876829,0.00048222798820600325,0.04742568353381119,29239.396523744836,29251.52005335092,12.123529606084048,12.833403102918732,0.04146299529895813,0.04419217205800208,62248.047170799175,67174.5626363479,4926.51546554872,25594.918284453295,7.914329347603647,12.435996071915893,0.030392
640.9999999999917,4.131846710840624,4.1318639748757295,1.7264035105490905e-5,0.0019320700892876829,0.00041782854770956734,0.04742568353381119,29239.299539050036,29251.432044202727,12.13250515269101,12.833403102918732,0.0414938296879775,0.04419217205800208,63596.7719043934,68273.2015433984,4676.429639005008,25594.918284453295,7.353250014065495,12.435996071915893,0.030392
641.9999999999916,4.131880238036298,4.1318952204720425,1.4982435744492761e-5,0.0019320700892876829,0.0003626057601227391,0.04742568353381119,29239.214630130653,29251.355374893923,12.14074476327005,12.833403102918732,0.041522130183206635,0.04419217205800208,64670.87457125629,69117.33675094089,4446.462179684597,25594.918284453295,6.8755250476555,12.435996071915893,0.030392
642.9999999999916,4.131915200916593,4.131927891070726,1.2690154132855014e-5,0.0019320700892876829,0.00030712523166109325,0.04742568353381119,29239.13997407569,29251.288306058614,12.148331982923992,12.833403102918732,0.041548185048175396,0.04419217205800208,65511.230619290924,69745.55187585803,4234.321256567106,25594.918284453295,6.463504374042755,12.435996071915893,0.030392
643.9999999999916,4.131951298530938,4.13196200065212,1.0702121182148971e-5,0.0019320700892876829,0.0002590088897212795,0.04742568353381119,29239.074039626437,29251.229377892923,12.15533826648607,12.833403102918732,0.041572240796724516,0.04419217205800208,66152.1955054887,70190.24762382287,4038.052118334177,25594.918284453295,6.104184581446185,12.435996071915893,0.030392
644.9999999999915,4.13198828319727,4.131996962465498,8.67926822856191e-6,0.0019320700892876829,0.00021005064955910337,0.04742568353381119,29239.015534150592,29251.177361368187,12.161827217594691,12.833403102918732,0.04159451676267937,0.04419217205800208,66622.7892661286,70478.72361664481,3855.9343505162105,25594.918284453295,5.787710771329998,12.435996071915893,0.030392
645.9999999999915,4.125236863172747,4.12554514767979,0.00030828450704323274,0.0019320700892876829,0.007473134689437665,0.04742568353381119,29238.963361521586,29251.1312146351,12.167853113514866,12.833403102918732,0.04161520011180606,0.04419217205800208,66947.63746453772,70634.13618555643,3686.49872101871,25594.918284453295,5.506540425674401,12.435996071915893,0.1880399999986558
646.9999999999915,4.103380862059494,4.1046655944526265,0.0012847323931328702,0.0019320700892876829,0.03130911890270066,0.04742568353381119,29237.85234341276,29250.02823610856,12.17589269579912,12.833403102918732,0.04164427863164283,0.04419217205800208,88075.34302454544,91555.9486816335,3480.605657088061,25594.918284453295,3.95185024271556,12.435996071915893,0.7127199999955263
647.9999999999914,4.0679524760144306,4.070998785490302,0.003046309475871034,0.0019320700892876829,0.07488557188985774,0.04742568353381119,29232.65030890287,29244.84620044125,12.195891538380238,12.833403102918732,0.0417201020417432,0.04419217205800208,188414.46725862,191459.24576356393,3044.778504943941,25594.918284453295,1.6160003789754855,12.435996071915893,1.7005999999914643
648.9999999999914,4.062268802497761,4.065336068615545,0.003067266117783518,0.0019320700892876829,0.07550623227831582,0.04742568353381119,29219.70765781551,29231.970119758465,12.26246194295527,12.833403102918732,0.04196640872166762,0.04419217205800208,435354.35120640823,437065.14042546274,1710.7892190545099,25594.918284453295,0.3929647686565554,12.435996071915893,1.852699999998686
649.9999999999912,4.049579872003736,4.053108119144567,0.003528247140830665,0.0019320700892876829,0.08712625142234531,0.04742568353381119,29204.60164745384,29216.998454155546,12.396806701704918,12.833403102918732,0.04244812804281381,0.04419217205800208,711719.6290979539,710830.5828514979,-889.0462464559823,25594.918284453295,-0.12491523489141017,12.435996071915893,2.2431999999965813
650.9999999999912,4.060937111281458,4.06343879085165,0.0025016795701917616,0.0019320700892876829,0.061603504354745806,0.04742568353381119,29191.126490795657,29203.74583522687,12.619344431212085,12.833403102918732,0.04323007005293587,0.04419217205800208,943432.324486115,938338.482561829,-5093.841924285982,25594.918284453295,-0.539926584247639,12.435996071915893,1.8007000000038735
651.9999999999912,4.060719234866818,4.063078174622373,0.002358939755555234,0.0019320700892876829,0.058091673398655966,0.04742568353381119,29181.384625622613,29194.244610764446,12.859985141833022,12.833403102918732,0.044069139647819715,0.04419217205800208,1.0933280069641492e6,1.0838758630414868e6,-9452.143922662362,25594.918284453295,-0.8645295704907616,12.435996071915893,1.764600000000316
652.9999999999911,4.023793010114989,4.028713723757083,0.004920713642094121,0.0019320700892876829,0.1222904267124193,0.04742568353381119,29175.976219637065,29189.043113842577,13.066894205512654,12.833403102918732,0.04478648497361299,0.04419217205800208,1.1548356424217403e6,1.1418703082811476e6,-12965.33414059272,25594.918284453295,-1.1226995136211637,12.435996071915893,3.110199999988068
653.9999999999911,4.016254683112864,4.021484748246144,0.005230065133280171,0.0019320700892876829,0.13022244717873624,0.04742568353381119,29161.84632154219,29175.286412411973,13.44009086978258,12.833403102918732,0.046087928458268534,0.04419217205800208,1.3892933895505466e6,1.369657706933523e6,-19635.682617023587,25594.918284453295,-1.4133575215078198,12.435996071915893,3.3765999999976373
654.9999999999911,4.032758691456326,4.036249850287412,0.003491158831085528,0.0019320700892876829,0.08656999087204958,0.04742568353381119,29141.702621720477,29155.689131447783,13.986509727306839,12.833403102918732,0.04799482689416415,0.04419217205800208,1.7322161334180504e6,1.7027964508143752e6,-29419.682603675174,25594.918284453295,-1.6983840547439972,12.435996071915893,2.6051000000068414
655.999999999991,4.035414153456645,4.038572785485103,0.0031586320284580083,0.0019320700892876829,0.0782728093906395,0.04742568353381119,29130.59659138436,29145.016837615465,14.420246231104102,12.833403102918732,0.049502062842643677,0.04419217205800208,1.8827423351946073e6,1.8461889490535047e6,-36553.38614110253,25594.918284453295,-1.9414970098563293,12.435996071915893,2.4425000000014605
656.999999999991,4.035459787681051,4.038680625397725,0.0032208377166735858,0.0019320700892876829,0.07981340135034322,0.04742568353381119,29125.822743214216,29140.549984982972,14.727241768756357,12.833403102918732,0.05056420860141208,0.04419217205800208,1.9072539809941244e6,1.8662821622350444e6,-40971.81875908002,25594.918284453295,-2.1482098958694604,12.435996071915893,2.400600000000376
657.9999999999909,4.026575791776218,4.030482148407843,0.003906356631624419,0.0019320700892876829,0.09701435744988753,0.04742568353381119,29120.43777983636,29135.445009896684,15.007230060324218,12.833403102918732,0.05153504275514552,0.04419217205800208,1.9485194842504815e6,1.9037218822201728e6,-44797.602030308684,25594.918284453295,-2.2990584591223913,12.435996071915893,2.7091999999971934
658.9999999999909,4.0429738530231685,4.045685961797622,0.00271210877445327,0.0019320700892876829,0.06708202607902763,0.04742568353381119,29112.674317499994,29127.979760603244,15.305443103250582,12.833403102918732,0.052573126523282984,0.04419217205800208,2.0384444839857665e6,1.9895135652297118e6,-48930.918756054714,25594.918284453295,-2.400404776311601,12.435996071915893,2.060600000005899
659.9999999999909,4.071801548159348,4.0728316173053685,0.0010300691460205513,0.0019320700892876829,0.025297626464290544,0.04742568353381119,29107.763862854434,29123.276204490747,15.512341636313067,12.833403102918732,0.053292797445388715,0.04419217205800208,2.070563361102756e6,2.019380007594415e6,-51183.353508341126,25594.918284453295,-2.471953018674179,12.435996071915893,1.130300000008461
660.9999999999908,4.064238316024319,4.065995929824066,0.0017576137997465935,0.0019320700892876829,0.04324583508837911,0.04742568353381119,29112.222588335393,29127.715186057616,15.492597722222854,12.833403102918732,0.05321681529197426,0.04419217205800208,1.920193097432865e6,1.8711953337865875e6,-48997.7636462776,25594.918284453295,-2.551710227048699,12.435996071915893,1.3454999999980182
661.9999999999908,4.085479668170437,4.086371802013447,0.0008921338430107895,0.0019320700892876829,0.021836697657837217,0.04742568353381119,29116.585922236438,29132.016958704324,15.43103646788586,12.833403102918732,0.05299741016717597,0.04419217205800208,1.7833884845614685e6,1.7371458281506654e6,-46242.65641080309,25594.918284453295,-2.59296596401283,12.435996071915893,0.7590400000054005
662.9999999999907,4.085570698626429,4.086667931437344,0.0010972328109151164,0.0019320700892876829,0.026856292348190338,0.04742568353381119,29120.04385002885,29135.40181151319,15.357961484340194,12.833403102918732,0.052740172931865205,0.04419217205800208,1.672801577450426e6,1.6293173970757164e6,-43484.18037470966,25594.918284453295,-2.5994822674058797,12.435996071915893,0.7623899999999688
663.9999999999907,4.093769755083102,4.094685443677106,0.0009156885940040382,0.0019320700892876829,0.022367857715179445,0.04742568353381119,29125.080446862972,29140.3220367906,15.241589927627501,12.833403102918732,0.05233149469040919,0.04419217205800208,1.5368613555647242e6,1.4968045454401413e6,-40056.810124582844,25594.918284453295,-2.60640362772762,12.435996071915893,0.5627200000018614
664.9999999999907,4.078604703644291,4.080434697230169,0.00182999358587832,0.0019320700892876829,0.04486812816753718,0.04742568353381119,29128.761357390078,29143.893455738722,15.132098348643922,12.833403102918732,0.051948993515321076,0.04419217205800208,1.4342609453287574e6,1.3972998554854468e6,-36961.08984331065,25594.918284453295,-2.577012918303965,12.435996071915893,0.9695399999962074
665.9999999999906,4.08625810170502,4.087757443909608,0.0014993422045872506,0.0019320700892876829,0.03669230301340093,0.04742568353381119,29129.451613483034,29144.484176745573,15.032563262539043,12.833403102918732,0.05160606338219213,0.04419217205800208,1.3945130243870756e6,1.3602993178452114e6,-34213.7065418642,25594.918284453295,-2.453451917876637,12.435996071915893,0.7724700000018595
666.9999999999906,4.094263348636265,4.095379569523304,0.001116220887038999,0.0019320700892876829,0.027263045680996426,0.04742568353381119,29128.63589973288,29143.581343897386,14.945444164506625,12.833403102918732,0.05130842452064047,0.04419217205800208,1.3846664041020635e6,1.3528362751094578e6,-31830.12899260572,25594.918284453295,-2.2987579461962255,12.435996071915893,0.5705100000019057
667.9999999999906,4.13033835791583,4.129858370448863,-0.0004799874669672022,0.0019320700892876829,-0.011621020492117842,0.04742568353381119,29130.861660596176,29145.714691846963,14.853031250786444,12.833403102918732,0.05098727055807408,0.04419217205800208,1.3141174619488844e6,1.2846832137675162e6,-29434.248181368224,25594.918284453295,-2.2398491028127845,12.435996071915893,-0.29809999999180375
668.9999999999905,4.130891318801703,4.130611915725369,-0.0002794030763340061,0.0019320700892876829,-0.006763747936487854,0.04742568353381119,29139.082815556336,29153.83339610271,14.750580546373385,12.833403102918732,0.05062129319492022,0.04419217205800208,1.1288724777046856e6,1.1019418680998802e6,-26930.609604805475,25594.918284453295,-2.385620177361659,12.435996071915893,-0.29373000000004174
669.9999999999905,4.195515322158067,4.191942816227368,-0.0035725059306983553,0.0019320700892876829,-0.08515058714791557,0.04742568353381119,29149.39168253667,29164.020706235686,14.629023699017125,12.833403102918732,0.05018637732938124,0.04419217205800208,912024.2029871366,887880.8353642278,-24143.367622908787,25594.918284453295,-2.6472288283394723,12.435996071915893,-2.1093999999826605
670.9999999999903,4.2026688994806465,4.199100011577914,-0.003568887902732243,0.0019320700892876829,-0.08491955916806283,0.04742568353381119,29168.013513439982,29182.45389034173,14.440376901748095,12.833403102918732,0.04950757752184353,0.04419217205800208,541456.8368380914,521316.5617948168,-20140.275043274567,25594.918284453295,-3.7196455327605356,12.435996071915893,-2.2957999999981986
671.9999999999903,4.2181631181453785,4.2141155968906086,-0.004047521254769926,0.0019320700892876829,-0.09595459306347358,0.04742568353381119,29193.06656190709,29207.20848960998,14.141927702890825,12.833403102918732,0.048442761821206146,0.04419217205800208,61928.976230793596,47784.614239679075,-14144.361991114522,25594.918284453295,-22.839650922699047,12.435996071915893,-2.7807999999953137
672.9999999999903,4.190793050442342,4.18911429873859,-0.0016787517037517574,0.0019320700892876829,-0.04005809123823386,0.04742568353381119,29213.850370232743,29227.537925105164,13.68755487242015,12.833403102918732,0.04685296425823757,0.04419217205800208,-312288.0898492839,-317634.64493236726,5346.555083083338,25594.918284453295,-1.7120585948902776,12.435996071915893,-1.6913000000105283
673.9999999999902,4.181423709203902,4.180461892223736,-0.0009618169801663967,0.0019320700892876829,-0.0230021410661948,0.04742568353381119,29225.563874602994,29238.826610660748,13.2627360577535,12.833403102918732,0.04538059937751556,0.04419217205800208,-495597.5245332404,-493122.6200301014,-2474.904503139027,25594.918284453295,0.4993778985215717,12.435996071915893,-1.332700000003506
674.9999999999902,4.198494183667898,4.196376054704854,-0.002118128963044086,0.0019320700892876829,-0.05044972960266534,0.04742568353381119,29227.302369334928,29240.298285166584,12.99591583165602,12.833403102918732,0.04446498574323178,0.04419217205800208,-481730.5172540361,-474828.8880915129,-6901.629162523197,25594.918284453295,1.4326742681497355,12.435996071915893,-1.817599999995259
675.9999999999901,4.186843127676482,4.1854288246931945,-0.0014143029832878184,0.0019320700892876829,-0.0337796984543984,0.04742568353381119,29233.344782031105,29246.05242587156,12.707643840454693,12.833403102918732,0.043469688245409796,0.04419217205800208,-561243.7527408741,-549564.1289545092,-11679.623786364915,25594.918284453295,2.0810251747706117,12.435996071915893,-1.4091000000040403
676.9999999999901,4.1737037872794165,4.173020038607831,-0.0006837486715856045,0.0019320700892876829,-0.016382299905171243,0.04742568353381119,29239.96546405357,29252.426157697162,12.460693643592094,12.833403102918732,0.042615281672992285,0.04419217205800208,-652448.2382224803,-636917.6482094267,-15530.590013053617,25594.918284453295,2.3803558816198067,12.435996071915893,-0.9989900000040564
677.9999999999901,4.154156628494287,4.15429210490443,0.00013547641014266532,0.0019320700892876829,0.003261225376371281,0.04742568353381119,29240.707671325807,29253.0394977292,12.331826403395098,12.833403102918732,0.042173488213789044,0.04419217205800208,-627233.148070748,-610239.5042785001,-16993.643792247865,25594.918284453295,2.709302568672772,12.435996071915893,-0.4819100000051143
678.99999999999,4.140673653567495,4.141201561492352,0.0005279079248570184,0.0019320700892876829,0.012749324603309098,0.04742568353381119,29237.4287290648,29249.703540289058,12.274811224258883,12.833403102918732,0.0419832104184201,0.04419217205800208,-528673.9647490889,-511569.6854258434,-17104.279323245457,25594.918284453295,3.235317126191986,12.435996071915893,-0.15567000000326384
679.99999999999,4.13661392698525,4.137071661044449,0.000457734059199133,0.0019320700892876829,0.01106542856738695,0.04742568353381119,29231.78076926293,29244.046647218922,12.265877955993346,12.833403102918732,0.041960761996719866,0.04419217205800208,-391998.72101556323,-375623.06302561203,-16375.6579899512,25594.918284453295,4.1774774028665895,12.435996071915893,-0.06389900000091811
680.99999999999,4.132289111874244,4.132740578917115,0.00045146704287102324,0.0019320700892876829,0.010925349864164163,0.04742568353381119,29226.87419235632,29239.149215664027,12.275023307705851,12.833403102918732,0.041999097224417276,0.04419217205800208,-278899.7306423683,-263485.49287210824,-15414.237770260079,25594.918284453295,5.52680267376295,12.435996071915893,0.03039199999905667
681.9999999999899,4.132002855324129,4.132323749920052,0.00032089459592299363,0.0019320700892876829,0.007766078755476115,0.04742568353381119,29223.167386094865,29235.465613396962,12.298227302097075,12.833403102918732,0.042083827326496064,0.04419217205800208,-195587.3343945413,-181302.54162362596,-14284.792770915345,25594.918284453295,7.303536711687003,12.435996071915893,0.030392
682.9999999999899,4.131736183225831,4.1319679792886985,0.00023179606286749532,0.0019320700892876829,0.005610137060748196,0.04742568353381119,29220.3386669855,29232.668901482113,12.330234496614139,12.833403102918732,0.04219743869890671,0.04419217205800208,-133377.23232713435,-120296.34406154204,-13080.888265592308,25594.918284453295,9.807437174516272,12.435996071915893,0.030392
683.9999999999898,4.131528303367717,4.131704577299134,0.00017627393141683712,0.0019320700892876829,0.004266555097133223,0.04742568353381119,29218.48007031119,29230.84502367957,12.364953368378337,12.833403102918732,0.04231894793508554,0.04419217205800208,-92708.5824777283,-80796.75741804007,-11911.825059688228,25594.918284453295,12.848675647208657,12.435996071915893,0.030392
684.9999999999898,4.131366767852732,4.131505911406794,0.00013914355406186019,0.0019320700892876829,0.0033679787315077743,0.04742568353381119,29217.106531239668,29229.505936432528,12.399405192860286,12.833403102918732,0.04243885403095111,0.04419217205800208,-62831.58534212601,-52008.54832242545,-10823.037019700561,25594.918284453295,17.225471808116477,12.435996071915893,0.030392
685.9999999999898,4.1312422142292515,4.131353969633286,0.00011175540403485229,0.0019320700892876829,0.0027051283425099785,0.04742568353381119,29216.042237189933,29228.47375656831,12.431519378376834,12.833403102918732,0.04255031970946564,0.04419217205800208,-39845.32206086658,-30002.4407883814,-9842.881272485181,25594.918284453295,24.702727355169767,12.435996071915893,0.030392
686.9999999999897,4.131147375870901,4.131239388588268,9.201271736714034e-5,0.0019320700892876829,0.0022272920570339818,0.04742568353381119,29215.194584334626,29227.655435826116,12.460851491490757,12.833403102918732,0.04265195446677718,0.04419217205800208,-21692.56491009335,-12723.84946109586,-8968.715448997491,25594.918284453295,41.34465189418163,12.435996071915893,0.030392
687.9999999999897,4.131076575278364,4.1311526528312665,7.607755290273133e-5,0.0019320700892876829,0.001841591447566062,0.04742568353381119,29214.506516988557,29226.993883210154,12.487366221597767,12.833403102918732,0.04274371779765038,0.04419217205800208,-7104.320845021784,1087.7026213990284,-6016.618223622756,25594.918284453295,84.68956223787085,12.435996071915893,0.030392
688.9999999999897,4.131025279020831,4.131089572829631,6.429380880046409e-5,0.0019320700892876829,0.0015563644484815047,0.04742568353381119,29213.939921794663,29226.45111277553,12.51119098086565,12.833403102918732,0.04282609950714606,0.04419217205800208,4767.985761326113,12270.896039566303,7502.910278240191,25594.918284453295,157.36016535740276,12.435996071915893,0.030392
689.9999999999895,4.130989874187276,4.1310440306659935,5.415647871753748e-5,0.0019320700892876829,0.0013109806696922038,0.04742568353381119,29213.468002882862,29226.000530737118,12.532527854255022,12.833403102918732,0.04289982912339706,0.04419217205800208,14521.491687832602,21412.9474664911,6891.455778658497,25594.918284453295,47.456941248210555,12.435996071915893,0.030392
690.9999999999895,4.130967432732465,4.131014066865495,4.663413302985475e-5,0.0019320700892876829,0.001128891326044858,0.04742568353381119,29213.071224001607,29225.62282534895,12.551601347342512,12.833403102918732,0.04296570275373872,0.04419217205800208,22591.88970859827,28940.333964902,6348.44425630373,25594.918284453295,28.100545541737347,12.435996071915893,0.030392
691.9999999999894,4.1309556016278846,4.130995358444521,3.9756816636149495e-5,0.0019320700892876829,0.0009624121019476107,0.04742568353381119,29212.73494466681,29225.303587456772,12.568642789963633,12.833403102918732,0.04302453301195687,0.04419217205800208,29305.90114226354,35171.330866156335,5865.429723892794,25594.918284453295,20.01450047694987,12.435996071915893,0.030392
692.9999999999894,4.130952455217432,4.130987113655099,3.465843766647936e-5,0.0019320700892876829,0.0008389938650275536,0.04742568353381119,29212.44795191896,29225.03182272203,12.583870803071477,12.833403102918732,0.043077084206648436,0.04419217205800208,34913.896648562106,40348.83773255448,5434.941083992373,25594.918284453295,15.566698666435464,12.435996071915893,0.030392
693.9999999999894,4.127601813304401,4.127780626455696,0.0001788131512947544,0.0019320700892876829,0.0043321318136451585,0.04742568353381119,29212.201504337958,29224.798997521444,12.597493183486222,12.833403102918732,0.04312408012663995,0.04419217205800208,39611.15462659695,44661.45081721655,5050.2961906196,25594.918284453295,12.74968184650839,12.435996071915893,0.10841999999917502
694.9999999999893,4.114542869294345,4.115292412030318,0.0007495427359724971,0.0019320700892876829,0.018216913999514254,0.04742568353381119,29211.461640202615,29224.07255814295,12.61091794033564,12.833403102918732,0.04317112952328177,0.04419217205800208,53916.31715505901,58597.95124796542,4681.63409290641,25594.918284453295,8.683148886898943,12.435996071915893,0.4152399999967211
695.9999999999893,4.113966395445239,4.114668196300112,0.000701800854873369,0.0019320700892876829,0.017058983652622074,0.04742568353381119,29208.398649941577,29221.02823661478,12.629586673203448,12.833403102918732,0.04323957237288909,0.04419217205800208,113220.95077492134,117442.31859812375,4221.36782320241,25594.918284453295,3.728433469521307,12.435996071915893,0.4239999999999064
696.9999999999892,4.090558643497264,4.0922995754923726,0.0017409319951084967,0.0019320700892876829,0.042559761314656754,0.04742568353381119,29204.500875094513,29217.15702273812,12.656147643607255,12.833403102918732,0.043336291545391106,0.04419217205800208,185731.44200864318,189354.3499657096,3622.9079570664326,25594.918284453295,1.9506163942332595,12.435996071915893,1.0071999999937014
697.9999999999892,4.063236781555848,4.066359103604041,0.0031223220481928493,0.0019320700892876829,0.07684322169866963,0.04742568353381119,29198.029193201466,29210.731974023452,12.70278082198638,12.833403102918732,0.043505610388745425,0.04419217205800208,305444.87285774975,308098.5003929472,2653.627535197418,25594.918284453295,0.8687746205624647,12.435996071915893,1.8004999999914322
698.9999999999892,4.060016681575806,4.063018810487078,0.0030021289112722727,0.0019320700892876829,0.07394375803665572,0.04742568353381119,29184.805929979946,29197.609380486134,12.8034505061878,12.833403102918732,0.043870260905300454,0.04419217205800208,552218.8909776694,552883.2556497463,664.3646720768884,25594.918284453295,0.12030821164061806,12.435996071915893,1.8701999999992471
699.9999999999891,4.04488986070738,4.04857236883728,0.0036825081298994533,0.0019320700892876829,0.09104099880869061,0.04742568353381119,29170.934033690748,29183.899171850844,12.965138160096103,12.833403102918732,0.04444539946894438,0.04419217205800208,799459.4436938751,797030.843093306,-2428.6006005691597,25594.918284453295,-0.3037803380429023,12.435996071915893,2.353699999994723
700.9999999999891,4.069543239156402,4.071394360680715,0.0018511215243135482,0.0019320700892876829,0.0454872061931274,0.04742568353381119,29157.755823410327,29170.96898705057,13.213163640244602,12.833403102918732,0.04531612007545502,0.04419217205800208,1.0226794008188547e6,1.0156059675686822e6,-7073.433250172529,25594.918284453295,-0.6916569596013046,12.435996071915893,1.4766000000095725
701.9999999999891,4.0393820403249725,4.043078676428122,0.003696636103149409,0.0019320700892876829,0.09151489178904233,0.04742568353381119,29150.306923302873,29163.743298933685,13.436375630812108,12.833403102918732,0.04609342764782698,0.04419217205800208,1.1253417165094542e6,1.114327361211889e6,-11014.355297565227,25594.918284453295,-0.9787565088877335,12.435996071915893,2.462699999989238
702.999999999989,4.094486258383412,4.094857471764306,0.00037121338089374234,0.0019320700892876829,0.009066177231238409,0.04742568353381119,29142.369261579395,29156.063731787017,13.694470207621634,12.833403102918732,0.04699161583157927,0.04419217205800208,1.237179374174317e6,1.2216834096855652e6,-15495.964488751953,25594.918284453295,-1.2525236689379684,12.435996071915893,0.7207700000192093
703.999999999989,4.119847298343747,4.119114503895775,-0.0007327944479724735,0.0019320700892876829,-0.01778693225516077,0.04742568353381119,29140.226174801286,29154.090578214815,13.864403413528635,12.833403102918732,0.0475782285640519,0.04419217205800208,1.2330784547733932e6,1.215002200535634e6,-18076.25423775916,25594.918284453295,-1.4659451852218999,12.435996071915893,0.08478400000701342
704.9999999999889,4.109628478158787,4.109805849891883,0.0001773717330957325,0.0019320700892876829,0.004316004087435157,0.04742568353381119,29151.829318469878,29165.672123424796,13.842804954918392,12.833403102918732,0.0474852017130463,0.04419217205800208,963101.3301593275,946255.9294562663,-16845.40070306114,25594.918284453295,-1.7490787496134363,12.435996071915893,0.33796999999717914
705.9999999999889,4.034253191949869,4.03898561187833,0.004732419928460629,0.0019320700892876829,0.11730597221572293,0.04742568353381119,29158.581170680503,29172.40989697938,13.828726298877882,12.833403102918732,0.04742592315425458,0.04419217205800208,806955.1371364519,791028.2092130247,-15926.927923427196,25594.918284453295,-1.973706739131154,12.435996071915893,2.623699999974534
706.9999999999889,4.0558311071503095,4.058804540863672,0.002973433713362894,0.0019320700892876829,0.07331256245164694,0.04742568353381119,29145.614618014064,29159.552790971,13.938172956935887,12.833403102918732,0.047822539135342526,0.04419217205800208,1.0465381376162871e6,1.0289998367232865e6,-17538.30089300056,25594.918284453295,-1.6758396337994683,12.435996071915893,1.8225000000089264
707.9999999999887,4.056325169962395,4.058896229838033,0.0025710598756383263,0.0019320700892876829,0.06338396868863849,0.04742568353381119,29129.274736197294,29143.368403443725,14.093667246430414,12.833403102918732,0.048383172509671224,0.04419217205800208,1.336628475933902e6,1.3166395104148265e6,-19988.965519075515,25594.918284453295,-1.4954765575459725,12.435996071915893,1.7653000000006438
708.9999999999887,4.030407557883103,4.03470615225241,0.004298594369307018,0.0019320700892876829,0.10665408665432277,0.04742568353381119,29124.342841014473,29138.55214303944,14.209302024966746,12.833403102918732,0.048788403922221515,0.04419217205800208,1.3875361449680813e6,1.3659811933447176e6,-21554.951623363653,25594.918284453295,-1.5534695583630724,12.435996071915893,2.670199999989815
709.9999999999886,4.0431893967940065,4.046380592643929,0.0031911958499222237,0.0019320700892876829,0.07892768645596074,0.04742568353381119,29113.486899191295,29127.953005135467,14.466105944171431,12.833403102918732,0.049688675198068646,0.04419217205800208,1.5564847309623158e6,1.5306215390853824e6,-25863.191876933444,25594.918284453295,-1.6616412202735333,12.435996071915893,2.1505000000059082
710.9999999999886,4.099355167959815,4.099247135033237,-0.00010803292657790564,0.0019320700892876829,-0.0026353639085064185,0.04742568353381119,29102.895242706065,29117.619292830066,14.724050124001224,12.833403102918732,0.05059307674102098,0.04419217205800208,1.7135643489670327e6,1.6835651663500182e6,-29999.182617014507,25594.918284453295,-1.7506890030186815,12.435996071915893,0.4711300000190922
711.9999999999886,4.124604738976555,4.123629955989818,-0.0009747829867370328,0.0019320700892876829,-0.02363336727821603,0.04742568353381119,29108.597545536726,29123.359966565597,14.762421028870449,12.833403102918732,0.05071498551510943,0.04419217205800208,1.5450792111985618e6,1.5154170664986381e6,-29662.144699923694,25594.918284453295,-1.9197814898379173,12.435996071915893,-0.1422299999930269
712.9999999999885,4.062202352849554,4.064853826222648,0.0026514733730937934,0.0019320700892876829,0.06527181914593294,0.04742568353381119,29123.73901657158,29138.424044529358,14.685027957777493,12.833403102918732,0.05042287993798332,0.04419217205800208,1.2050953216268015e6,1.1779288065204544e6,-27166.515106347157,25594.918284453295,-2.2543042545110956,12.435996071915893,1.5018999999811216
713.9999999999885,4.061081315348817,4.063865737632058,0.0027844222832413834,0.0019320700892876829,0.06856356883861661,0.04742568353381119,29123.773066436745,29138.441523975504,14.668457538758958,12.833403102918732,0.05036592444700581,0.04419217205800208,1.1827867671258887e6,1.1567165135392866e6,-26070.253586602164,25594.918284453295,-2.204138083988845,12.435996071915893,1.543799999999519
714.9999999999885,4.084738765051528,4.08601761211861,0.001278847067082367,0.0019320700892876829,0.03130792789061591,0.04742568353381119,29113.243969181436,29127.92592010657,14.681950925132696,12.833403102918732,0.05043048772124003,0.04419217205800208,1.3665476681135239e6,1.3409029374289839e6,-25644.73068454,25594.918284453295,-1.8766071087693375,12.435996071915893,0.852390000007939
715.9999999999884,4.154332074711618,4.152330582283183,-0.002001492428435725,0.0019320700892876829,-0.048178441021103566,0.04742568353381119,29111.882728339817,29126.546711428076,14.663983088259556,12.833403102918732,0.050371125856399766,0.04419217205800208,1.3579129964962553e6,1.333281420728205e6,-24631.575768050272,25594.918284453295,-1.8139288622765752,12.435996071915893,-0.879059999979922
716.9999999999884,4.149448465911035,4.1481180728409335,-0.001330393070101188,0.0019320700892876829,-0.03206192536262991,0.04742568353381119,29126.01091487937,29140.62567986307,14.614764983700297,12.833403102918732,0.05017770894343162,0.04419217205800208,1.0466642530056644e6,1.0235975493402315e6,-23066.703665432986,25594.918284453295,-2.203830273097915,12.435996071915893,-0.7269900000017634
717.9999999999883,4.158345704279759,4.157033763645172,-0.001311940634586506,0.0019320700892876829,-0.03154958071995457,0.04742568353381119,29143.264035265503,29157.786880510008,14.522845244504424,12.833403102918732,0.049832596743215544,0.04419217205800208,692797.2375486536,672049.6547744792,-20747.5827741744,25594.918284453295,-2.9947554132268523,12.435996071915893,-0.9190199999977513
718.9999999999883,4.203313138536738,4.199579196259787,-0.003733942276951119,0.0019320700892876829,-0.08883331205371443,0.04742568353381119,29153.73024769688,29168.106399272547,14.376151575666881,12.833403102918732,0.049311533905005464,0.04419217205800208,489935.6044475698,472465.3860707344,-17470.2183768354,25594.918284453295,-3.5658193073218394,12.435996071915893,-2.274499999984128
719.9999999999883,4.208587021887881,4.20496204709855,-0.0036249747893313256,0.0019320700892876829,-0.08613282250025188,0.04742568353381119,29171.971209824595,29186.105258704072,14.134048879477632,12.833403102918732,0.04845078441157086,0.04419217205800208,140475.64541928488,128000.31163090096,-12475.333788383912,25594.918284453295,-8.880780544661777,12.435996071915893,-2.388699999998663
720.9999999999882,4.199113424477278,4.1966677231891385,-0.002445701288139368,0.0019320700892876829,-0.058243277590050296,0.04742568353381119,29193.868281426214,29207.659008891882,13.79072746566817,12.833403102918732,0.04723843833481339,0.04419217205800208,-265809.3170159862,-271536.25218574866,5726.935169762466,25594.918284453295,-2.154527626816798,12.435996071915893,-1.952600000005156
721.9999999999882,4.18785343907324,4.18633719721697,-0.001516241856269751,0.0019320700892876829,-0.036205704863570665,0.04742568353381119,29206.966322022567,29220.391982694557,13.425660671990045,12.833403102918732,0.0459673234253941,0.04419217205800208,-482480.34072462434,-481339.0560866147,-1141.2846380096162,25594.918284453295,0.2365453142185133,12.435996071915893,-1.5143000000051823
722.9999999999881,4.171877019273689,4.171234977210143,-0.000642042063545567,0.0019320700892876829,-0.015389764860742339,0.04742568353381119,29212.76288440998,29225.884116066674,13.121231656692544,12.833403102918732,0.04491609269760297,0.04419217205800208,-551746.5927834675,-545206.5418744709,-6540.050908996607,25594.918284453295,1.1853359847685085,12.435996071915893,-1.0081000000060427
723.9999999999881,4.148346467717718,4.148701767138289,0.00035529942057088704,0.0019320700892876829,0.00856484441055766,0.04742568353381119,29213.705841287825,29226.627465617028,12.921624329203041,12.833403102918732,0.04423137687290897,0.04419217205800208,-529231.0033789993,-519520.3388955047,-9710.664483494591,25594.918284453295,1.834863116766512,12.435996071915893,-0.3881400000074005
724.9999999999881,4.1417581499686245,4.142160962435058,0.00040281246643392166,0.0019320700892876829,0.009725639495318508,0.04742568353381119,29209.80426211105,29222.628647679066,12.824385568015714,12.833403102918732,0.043904387215119495,0.04419217205800208,-418393.45326757274,-407562.28877122904,-10831.1644963437,25594.918284453295,2.5887509500338446,12.435996071915893,-0.22325000000196832
725.999999999988,4.134790633533966,4.135257456420039,0.000466822886072471,0.0019320700892876829,0.011290121494579326,0.04742568353381119,29204.57496670276,29217.354844003876,12.779877301116358,12.833403102918732,0.043759846927021465,0.04419217205800208,-291466.7922038006,-280491.4241871787,-10975.368016621855,25594.918284453295,3.7655638001284255,12.435996071915893,-0.0607460000019583
726.999999999988,4.134816244284812,4.135101066199767,0.0002848219149553799,0.0019320700892876829,0.0068883814449811126,0.04742568353381119,29200.63590545994,29213.39406169169,12.758156231750036,12.833403102918732,0.043691364369789334,0.04419217205800208,-198717.24772140247,-187960.44604018933,-10756.80168121314,25594.918284453295,5.413119296163942,12.435996071915893,-0.0645129999999546
727.999999999988,4.130208977058874,4.130572465099999,0.0003634880411249597,0.0019320700892876829,0.008800717909043913,0.04742568353381119,29197.758874005558,29210.514916782286,12.756042776727554,12.833403102918732,0.04368843112847307,0.04419217205800208,-132234.06496848946,-122002.38901800629,-10231.675950483172,25594.918284453295,7.737549286502926,12.435996071915893,0.039161999998750634
728.9999999999878,4.112763103873272,4.113821315447744,0.0010582115744721676,0.0019320700892876829,0.025729942322123465,0.04742568353381119,29195.519866616734,29208.284733509703,12.764866892968712,12.833403102918732,0.04372200581214704,0.04419217205800208,-81622.58012900881,-72053.96158289874,-9568.618546110069,25594.918284453295,11.723004260569024,12.435996071915893,0.447239999995036
729.9999999999878,4.078236006820603,4.0808758209901965,0.0026398141695933575,0.0019320700892876829,0.06472931348696907,0.04742568353381119,29190.70982488595,29203.49503963402,12.785214748069848,12.833403102918732,0.0437989169320236,0.04419217205800208,17285.88194624644,26034.061148976813,8748.17920273037,25594.918284453295,50.608810299262764,12.435996071915893,1.34739999998905
730.9999999999877,4.054078831467257,4.057864456005343,0.003785624538085841,0.0019320700892876829,0.09337816790098635,0.04742568353381119,29179.195031719828,29192.01980347265,12.824771752821107,12.833403102918732,0.04395176679438786,0.04419217205800208,242979.30415846265,250595.23722013074,7615.933061668096,25594.918284453295,3.1343957824083857,12.435996071915893,2.0933999999908406
731.9999999999877,4.036478295193132,4.041028497144445,0.004550201951312616,0.0019320700892876829,0.11272702634698309,0.04742568353381119,29161.666150010275,29174.59315710398,12.92700709370547,12.833403102918732,0.04432876718088659,0.04419217205800208,575139.3299787642,580464.0734600538,5324.743481289595,25594.918284453295,0.9258180068273545,12.435996071915893,2.6943999999926205
732.9999999999877,4.059299569058755,4.061822218469248,0.002522649410493294,0.0019320700892876829,0.062144943174968235,0.04742568353381119,29142.10506047872,29155.26965240092,13.164591922199179,12.833403102918732,0.04517378512938119,0.04419217205800208,931120.0131761517,931622.6179190067,502.60474285506643,25594.918284453295,0.05397851359038316,12.435996071915893,1.800700000010973
733.9999999999876,4.035074028396677,4.039014485515425,0.003940457118748242,0.0019320700892876829,0.09765513819616264,0.04742568353381119,29130.563279001377,29143.99990272053,13.436623719153431,12.833403102918732,0.04612551975209884,0.04419217205800208,1.114147387373075e6,1.1094092360467187e6,-4738.151326356223,25594.918284453295,-0.4252715017828823,12.435996071915893,2.6140999999899206
734.9999999999876,4.025091496012056,4.029636288218302,0.004544792206245596,0.0019320700892876829,0.11291152538391847,0.04742568353381119,29120.96785367134,29134.73024603659,13.76239236524998,12.833403102918732,0.047259392044948556,0.04419217205800208,1.255325042388491e6,1.2445321161042263e6,-10792.926284264773,25594.918284453295,-0.8597714472204911,12.435996071915893,2.9626999999956802
735.9999999999876,4.029873229494908,4.033730255279202,0.0038570257842938105,0.0019320700892876829,0.09571084658604108,0.04742568353381119,29104.97233772769,29119.180073710606,14.207735982916347,12.833403102918732,0.048815493854633865,0.04419217205800208,1.5202816478843607e6,1.5013434015463076e6,-18938.24633805314,25594.918284453295,-1.2457064363309125,12.435996071915893,2.6996000000032603
736.9999999999875,4.011141187639583,4.016274357443304,0.005133169803721138,0.0019320700892876829,0.12797280284072549,0.04742568353381119,29092.52122708958,29107.150560622613,14.629333533033787,12.833403102918732,0.050285547336514934,0.04419217205800208,1.705494087582338e6,1.679232140387403e6,-26261.947194934823,25594.918284453295,-1.5398439306326208,12.435996071915893,3.427599999990896
737.9999999999875,4.0145070344858125,4.019134642715071,0.004627608229258229,0.0019320700892876829,0.11527214149846281,0.04742568353381119,29079.03248281086,29094.188727118653,15.156244307792804,12.833403102918732,0.05212086859063118,0.04419217205800208,1.9068154737921748e6,1.871423886046824e6,-35391.587745350786,25594.918284453295,-1.8560572971943554,12.435996071915893,3.2091000000027323
738.9999999999874,4.01627806215225,4.0205292879213745,0.004251225769124289,0.0019320700892876829,0.10584988647041373,0.04742568353381119,29064.715805859123,29080.451654640903,15.735848781780078,12.833403102918732,0.054140728183579574,0.04419217205800208,2.118867354248853e6,2.0736635470252438e6,-45203.80722360918,25594.918284453295,-2.13339485989835,12.435996071915893,3.0634000000018387
739.9999999999874,4.030098838559726,4.033240965248836,0.0031421266891094035,0.0019320700892876829,0.07796649201368805,0.04742568353381119,29055.06703304251,29071.27562806887,16.208595026360854,12.833403102918732,0.05578577742714492,0.04419217205800208,2.2330584024857585e6,2.1805036681934586e6,-52554.73429229995,25594.918284453295,-2.3534867800053036,12.435996071915893,2.4535000000076965
740.9999999999874,4.026476649944322,4.029964759258204,0.003488109313882326,0.0019320700892876829,0.0866293193065098,0.04742568353381119,29050.129037215524,29066.65920223598,16.53016502045648,12.833403102918732,0.05690220859012372,0.04419217205800208,2.254460843958147e6,2.1977163858106155e6,-56744.458147531375,25594.918284453295,-2.5169857484819023,12.435996071915893,2.5556999999987102
741.9999999999873,4.046380002180112,4.048630672480457,0.0022506703003450923,0.0019320700892876829,0.05562182244703845,0.04742568353381119,29046.603007978727,29063.35877427553,16.755766296802904,12.833403102918732,0.05768580336984779,0.04419217205800208,2.252374377860723e6,2.1933409211977515e6,-59033.45666297153,25594.918284453295,-2.6209433584056643,12.435996071915893,1.8141000000094427
742.9999999999873,4.051136985325095,4.053264831659928,0.0021278463348330945,0.0019320700892876829,0.05252467005043374,0.04742568353381119,29045.47541584033,29062.34613444425,16.870718603920977,12.833403102918732,0.05808380948283707,0.04419217205800208,2.2072354954656786e6,2.1480286803757264e6,-59206.8150899522,25594.918284453295,-2.6823968358419705,12.435996071915893,1.6438000000021684
743.9999999999872,4.064114990717659,4.065738342331566,0.0016233516139072535,0.0019320700892876829,0.039943545338036686,0.04742568353381119,29047.897919467152,29064.745220461762,16.847300994610123,12.833403102918732,0.05799834824990725,0.04419217205800208,2.0978105792002673e6,2.0410072834295372e6,-56803.295770730125,25594.918284453295,-2.7077418873721584,12.435996071915893,1.2433000000051453
744.9999999999872,4.056378574906848,4.05867658537069,0.0022980104638419263,0.0019320700892876829,0.05665177501078529,0.04742568353381119,29050.764782757182,29067.553221569193,16.78843881201101,12.833403102918732,0.05779000634770082,0.04419217205800208,1.9877650742725583e6,1.9338131734141519e6,-53951.90085840644,25594.918284453295,-2.714199054843071,12.435996071915893,1.476799999997
745.9999999999872,4.063040357727917,4.065113878569,0.002073520841083365,0.0019320700892876829,0.05103372495770369,0.04742568353381119,29052.027126692647,29068.745789516168,16.7186628235213,12.833403102918732,0.057547319333735567,0.04419217205800208,1.915989448600978e6,1.864882788067015e6,-51106.660533963004,25594.918284453295,-2.667376930038952,12.435996071915893,1.2784000000025488
746.999999999987,4.086851638810553,4.08776224409459,0.0009106052840373025,0.0019320700892876829,0.022281339390688697,0.04742568353381119,29051.625289564145,29068.28340545943,16.658115895286755,12.833403102918732,0.05733970381777794,0.04419217205800208,1.8805591366253458e6,1.8319322532026174e6,-48626.883422728395,25594.918284453295,-2.5857673112045334,12.435996071915893,0.6267000000084463
747.999999999987,4.113060086086598,4.112932822473796,-0.00012726361280179788,0.0019320700892876829,-0.0030941345406622495,0.04742568353381119,29056.316867989393,29072.858324960587,16.54145697119384,12.833403102918732,0.05692895299272133,0.04419217205800208,1.7463124894597551e6,1.7011302642665538e6,-45182.22519320133,25594.918284453295,-2.5872932516893954,12.435996071915893,-0.0136169999917013
748.999999999987,4.096915613913921,4.097874103165223,0.0009584892513023746,0.0019320700892876829,0.02339538671597626,0.04742568353381119,29066.754333066525,29083.143398951408,16.389065884883166,12.833403102918732,0.05638423092267601,0.04419217205800208,1.5063739553496747e6,1.4651579382976315e6,-41216.01705204323,25594.918284453295,-2.736107917006289,12.435996071915893,0.4000499999946388
749.9999999999869,4.106616307081598,4.1073221025155275,0.000705795433929346,0.0019320700892876829,0.017186787884523,0.04742568353381119,29073.76198004143,29089.996554294845,16.234574253416213,12.833403102918732,0.0558392624406877,0.04419217205800208,1.3462216671245992e6,1.3088228020386077e6,-37398.865085991565,25594.918284453295,-2.7780614440615836,12.435996071915893,0.18120000000286127
750.9999999999869,4.127515921915726,4.127335195291189,-0.00018072662453683108,0.0019320700892876829,-0.00437858091781629,0.04742568353381119,29077.093333305136,29093.170312106384,16.076978801247606,12.833403102918732,0.05529087318653308,0.04419217205800208,1.2642180245778626e6,1.2305347325736163e6,-33683.292004246265,25594.918284453295,-2.664357836180473,12.435996071915893,-0.31051999999357127
751.9999999999868,4.139802941724998,4.139218446060635,-0.0005844956643628052,0.0019320700892876829,-0.014118924803682903,0.04742568353381119,29084.830802800603,29100.744479856392,15.913677055788867,12.833403102918732,0.05471469703119788,0.04419217205800208,1.0967304581930751e6,1.0667304278847014e6,-30000.030308373738,25594.918284453295,-2.735405959072247,12.435996071915893,-0.5942099999962588
752.9999999999868,4.170641175726714,4.168650504103714,-0.00199067162300004,0.0019320700892876829,-0.047730589593413655,0.04742568353381119,29095.160472600834,29110.90511264848,15.744640047647408,12.833403102918732,0.05411429183377171,0.04419217205800208,885067.5484433594,858729.7700597909,-26337.77838356851,25594.918284453295,-2.975793026180986,12.435996071915893,-1.4088999999892562
753.9999999999868,4.1973154948955855,4.193964209573853,-0.0033512853217327887,0.0019320700892876829,-0.07984354108735295,0.04742568353381119,29109.535419530293,29125.06907174876,15.533652218466159,12.833403102918732,0.05336276238900142,0.04419217205800208,602487.506779044,580511.2003489378,-21976.306430106284,25594.918284453295,-3.647595374648302,12.435996071915893,-2.2353999999891006
754.9999999999867,4.194641244576947,4.191972858454278,-0.002668386122668842,0.0019320700892876829,-0.06361416786521784,0.04742568353381119,29130.221082811473,29145.440130136525,15.219047325052088,12.833403102918732,0.05224487408381605,0.04419217205800208,207641.43584480553,191903.7658579792,-15737.669986826339,25594.918284453295,-7.579253111401579,12.435996071915893,-2.0566000000023785
755.9999999999867,4.2064412098594675,4.20335749748283,-0.0030837123766378483,0.0019320700892876829,-0.07330929455069864,0.04742568353381119,29148.371301486943,29163.201780014704,14.830478527761443,12.833403102918732,0.050879269974871286,0.04419217205800208,-120345.55100450852,-128647.44605037979,8301.895045871264,25594.918284453295,-6.898381349851686,12.435996071915893,-2.3917999999955413
756.9999999999866,4.200718505816615,4.1983135079564935,-0.002404997860121938,0.0019320700892876829,-0.05725205954152381,0.04742568353381119,29163.07152417864,29177.44750920693,14.375985028291325,12.833403102918732,0.0492951677479254,0.04419217205800208,-369483.87278720783,-369351.9497663439,-131.92302086390555,25594.918284453295,0.0357046763282906,12.435996071915893,-2.097800000003944
757.9999999999866,4.171081271772552,4.170635165990672,-0.0004461057818803127,0.0019320700892876829,-0.010695207137278688,0.04742568353381119,29175.592716229192,29189.51374414435,13.921027915159357,12.833403102918732,0.04771463617058123,0.04419217205800208,-569826.0409989484,-561576.9862246288,-8249.054774319637,25594.918284453295,1.447644400360927,12.435996071915893,-1.104000000013332
758.9999999999866,4.1875496855482535,4.186047705306811,-0.0015019802414428796,0.0019320700892876829,-0.03586775929194099,0.04742568353381119,29178.0219719571,29191.680105104864,13.658133147764602,12.833403102918732,0.046809660918383664,0.04419217205800208,-568143.9083067497,-555832.2987837526,-12311.609522997052,25594.918284453295,2.1669878604682364,12.435996071915893,-1.5446999999940878
759.9999999999865,4.191594271533457,4.18972692957213,-0.00186734196132754,0.0019320700892876829,-0.04454968301701561,0.04742568353381119,29179.738045571237,29193.192913671675,13.454868100438034,12.833403102918732,0.04611031147512358,0.04419217205800208,-559973.2173727999,-544797.7991466803,-15175.418226119597,25594.918284453295,2.7100257218224466,12.435996071915893,-1.6383999999987324
760.9999999999865,4.178261668702511,4.17720755186293,-0.0010541168395814537,0.0019320700892876829,-0.025228597995127288,0.04742568353381119,29187.119976438684,29200.32456545349,13.204589014807425,12.833403102918732,0.04524115097846871,0.04419217205800208,-668537.8099834659,-649563.6649088791,-18974.14507458685,25594.918284453295,2.8381558666152498,12.435996071915893,-1.2013000000059133
761.9999999999865,4.160358014220385,4.160172461841318,-0.00018555237906703326,0.0019320700892876829,-0.004460009894167826,0.04742568353381119,29190.95081116777,29203.991613036706,13.040801868934068,12.833403102918732,0.04467412505092148,0.04419217205800208,-704378.4181048294,-683378.7881293979,-20999.629975431482,25594.918284453295,2.9812994600164204,12.435996071915893,-0.6966500000068273
762.9999999999864,4.1369787095891954,4.137687209334086,0.0007084997448902897,0.0019320700892876829,0.017126018638869044,0.04742568353381119,29189.104121234872,29202.080971962605,12.976850727733108,12.833403102918732,0.044457858911444076,0.04419217205800208,-630403.9773771936,-609316.0621872977,-21087.915189895895,25594.918284453295,3.345143106113087,12.435996071915893,-0.12186000000784153
763.9999999999864,4.12925266686906,4.130030426780718,0.0007777599116582934,0.0019320700892876829,0.018835367423713924,0.04742568353381119,29182.900167957967,29195.87482930311,12.974661345142522,12.833403102918732,0.04445980786854196,0.04419217205800208,-478268.19673703343,-458191.5056512109,-20076.69108582253,25594.918284453295,4.197789278650554,12.435996071915893,0.05671399999756382
764.9999999999862,4.131743821141077,4.132145009535946,0.00040118839486869007,0.0019320700892876829,0.009709904878804722,0.04742568353381119,29175.71809930538,29188.717887720417,12.999788415036164,12.833403102918732,0.04455687558670806,0.04419217205800208,-317305.2029461445,-298632.6461188,-18672.556827344524,25594.918284453295,5.884730743136845,12.435996071915893,-0.010688999999072798
765.9999999999862,4.1297824684433815,4.130110526622896,0.00032805817951420124,0.0019320700892876829,0.00794371572887844,0.04742568353381119,29171.40949638728,29184.444568132745,13.035071745463938,12.833403102918732,0.044684408365931925,0.04419217205800208,-221937.17091599107,-204732.9276935068,-17204.243222484278,25594.918284453295,7.751852991311909,12.435996071915893,0.026771999999484684
766.9999999999862,4.1144407298125865,4.115366776290882,0.000926046478295639,0.0019320700892876829,0.022507226111817647,0.04742568353381119,29168.92151841931,29182.000800461377,13.079282042068371,12.833403102918732,0.04483978618753248,0.04419217205800208,-166456.93760857446,-150780.58356254117,-15676.354046033288,25594.918284453295,9.417663373632662,12.435996071915893,0.3822999999951093
767.9999999999861,4.079111211103127,4.081654254712489,0.0025430436093616393,0.0019320700892876829,0.0623430810721612,0.04742568353381119,29164.44710681186,29177.575733382673,13.128626570814959,12.833403102918732,0.04501585962776075,0.04419217205800208,-73645.49871764873,-59494.89062509324,-14150.608092555492,25594.918284453295,19.214491501792732,12.435996071915893,1.2929999999873687
768.9999999999861,4.050386933332974,4.054367880383456,0.003980947050481909,0.0019320700892876829,0.09828559878367164,0.04742568353381119,29153.186059666987,29166.374225952255,13.18816628526838,12.833403102918732,0.04523747853245453,0.04419217205800208,148435.51602590055,160949.998086098,12514.48206019745,25594.918284453295,8.430921652210104,12.435996071915893,2.1900999999875577
769.9999999999861,4.025881736460655,4.031151807381187,0.0052700709205319995,0.0019320700892876829,0.1309047623730043,0.04742568353381119,29134.678870909007,29147.983603810866,13.304732901859097,12.833403102918732,0.045666310450203314,0.04419217205800208,501676.41589071916,511520.11883935437,9843.702948635211,25594.918284453295,1.9621617913128047,12.435996071915893,3.0888999999875337
770.999999999986,4.014567784906527,4.020150298209375,0.005582513302847758,0.0019320700892876829,0.13905639665211775,0.04742568353381119,29111.81888819454,29125.40899377081,13.590105576269707,12.833403102918732,0.04668243378561545,0.04419217205800208,923284.6889960807,927276.5720830021,3991.8830869214144,25594.918284453295,0.4323566863501145,12.435996071915893,3.4942999999943307
771.999999999986,4.035508787947793,4.038893481340279,0.0033846933924852607,0.0019320700892876829,0.08387277962555258,0.04742568353381119,29088.54281406146,29102.644608510105,14.101794448644796,12.833403102918732,0.0484788617249949,0.04419217205800208,1.3343502935996512e6,1.328345678932316e6,-6004.614667335292,25594.918284453295,-0.4500028737683835,12.435996071915893,2.5175000000136594
772.9999999999859,4.059621802784078,4.061217927798956,0.001596125014877714,0.0019320700892876829,0.03931708647793485,0.04742568353381119,29075.186984395754,29089.783228377713,14.59624398195956,12.833403102918732,0.05020172007764958,0.04419217205800208,1.534448043843608e6,1.5192863971293257e6,-15161.646714282222,25594.918284453295,-0.988084723696745,12.435996071915893,1.6107000000127834
773.9999999999859,4.047072739953197,4.049651412140449,0.002578672187251385,0.0019320700892876829,0.06371697157292029,0.04742568353381119,29074.457785294457,29089.32522516951,14.867439875051787,12.833403102918732,0.05113574252989707,0.04419217205800208,1.4838897558351636e6,1.46433998251397e6,-19549.773321193643,25594.918284453295,-1.3174680426438168,12.435996071915893,1.992899999994612
774.9999999999859,4.03859756267632,4.0418865204200625,0.0032889577437424933,0.0019320700892876829,0.08143811540268817,0.04742568353381119,29072.714921381074,29087.8008604435,15.085939062428224,12.833403102918732,0.05189036903923103,0.04419217205800208,1.463971776006395e6,1.4411380949774948e6,-22833.681028900202,25594.918284453295,-1.5597077350212836,12.435996071915893,2.2700999999960922
775.9999999999858,4.029568486616681,4.033436299247157,0.00386781263047542,0.0019320700892876829,0.09598577721960806,0.04742568353381119,29064.59812606254,29079.947832518865,15.349706456323474,12.833403102918732,0.05281238154316411,0.04419217205800208,1.574856570726238e6,1.5478821133957019e6,-26974.457330536097,25594.918284453295,-1.712819937506877,12.435996071915893,2.577799999995627
776.9999999999858,4.029039717936385,4.032812015363419,0.0037722974270337772,0.0019320700892876829,0.09362770513877913,0.04742568353381119,29054.2776759097,29069.923034030235,15.645358120535093,12.833403102918732,0.053848725117359955,0.04419217205800208,1.7255221264789982e6,1.6938857107515836e6,-31636.415727414656,25594.918284453295,-1.8334401652658094,12.435996071915893,2.5581000000002803
777.9999999999857,3.998242595141106,4.004354409749722,0.006111814608616317,0.0019320700892876829,0.15286252555169477,0.04742568353381119,29044.30133912881,29060.25965722188,15.958318093067646,12.833403102918732,0.054944747703634444,0.04419217205800208,1.864191498421676e6,1.8276896544027077e6,-36501.84401896829,25594.918284453295,-1.958052273592745,12.435996071915893,3.84399999998158
778.9999999999857,4.003753549200182,4.009063540696072,0.005309991495890287,0.0019320700892876829,0.1326253334686659,0.04742568353381119,29028.31423108382,29044.81766123919,16.50343015537146,12.833403102918732,0.056852871386170324,0.04419217205800208,2.1172008390233223e6,2.07141056769225e6,-45790.27133107232,25594.918284453295,-2.162774097151579,12.435996071915893,3.519600000004647
779.9999999999857,4.022320821680734,4.025807409558178,0.0034865878774441583,0.0019320700892876829,0.08668099915479346,0.04742568353381119,29010.715553429185,29027.876608900886,17.16105547170082,12.833403102918732,0.05915419576637196,0.04419217205800208,2.3915751812656745e6,2.334676875672065e6,-56898.305593609344,25594.918284453295,-2.3791142356435353,12.435996071915893,2.6585000000123347
780.9999999999856,4.04883169143959,4.050564175105894,0.0017324836663039633,0.0019320700892876829,0.042789718080080696,0.04742568353381119,29004.344572281403,29021.87740735958,17.532835078178323,12.833403102918732,0.06044899595812255,0.04419217205800208,2.435018215355934e6,2.3730783308227547e6,-61939.88453317946,25594.918284453295,-2.5437133957589517,12.435996071915893,1.669800000014275
781.9999999999856,4.061641867925582,4.06295161867125,0.0013097507456683033,0.0019320700892876829,0.03224682993375872,0.04742568353381119,29007.672002450927,29025.28051344565,17.608510994723474,12.833403102918732,0.06070294435636093,0.04419217205800208,2.2920499560648357e6,2.230935137516244e6,-61114.81854859181,25594.918284453295,-2.6663824838058217,12.435996071915893,1.2634000000058678
782.9999999999856,4.040262273285072,4.043270497374454,0.003008224089382061,0.0019320700892876829,0.0744561586823947,0.04742568353381119,29014.580780432352,29032.103921926377,17.523141494024458,12.833403102918732,0.060394260481068864,0.04419217205800208,2.091770837848156e6,2.0343906743431163e6,-57380.16350503964,25594.918284453295,-2.743138132859128,12.435996071915893,1.9452999999901546
783.9999999999854,4.084593244643749,4.085243509713202,0.0006502650694528711,0.0019320700892876829,0.015919946748812343,0.04742568353381119,29014.3724313113,29031.883513917433,17.511082606131822,12.833403102918732,0.0603531323918434,0.04419217205800208,2.0448048408433981e6,1.9893728872271886e6,-55431.95361620956,25594.918284453295,-2.7108676832624354,12.435996071915893,0.6349800000190676
784.9999999999854,4.0847409609655,4.085600491988617,0.0008595310231171993,0.0019320700892876829,0.021042485468014453,0.04742568353381119,29017.50599013027,29034.942002919557,17.436012789286906,12.833403102918732,0.06008790967499902,0.04419217205800208,1.934226817339962e6,1.8818168740223339e6,-52409.94331762823,25594.918284453295,-2.7096069006893826,12.435996071915893,0.63498
785.9999999999853,4.09413253905588,4.094880314282253,0.0007477752263733706,0.0019320700892876829,0.018264558346364868,0.04742568353381119,29026.732465983012,29043.98761502275,17.25514903973817,12.833403102918732,0.059445716323598644,0.04419217205800208,1.7099979284426183e6,1.6624866888235654e6,-47511.23961905297,25594.918284453295,-2.7784384313449935,12.435996071915893,0.4119100000032715
786.9999999999853,4.112070694147756,4.112186310432709,0.00011561628495293519,0.0019320700892876829,0.0028116317435271415,0.04742568353381119,29032.636946244882,29049.74075330254,17.103807057657832,12.833403102918732,0.05891234437066889,0.04419217205800208,1.563117824879752e6,1.5196415819472005e6,-43476.24293255154,25594.918284453295,-2.7813797680860106,12.435996071915893,-0.013005999993768351
787.9999999999853,4.1047410288728114,4.105440748264812,0.0006997193920001976,0.0019320700892876829,0.017046614806594633,0.04742568353381119,29040.655183905623,29057.588350637507,16.93316673188383,12.833403102918732,0.05830848727293252,0.04419217205800208,1.380388058706101e6,1.3411343291382317e6,-39253.72956786933,25594.918284453295,-2.84367351052454,12.435996071915893,0.18475999999709966
788.9999999999852,4.08810854730004,4.0897688531417815,0.0016603058417414829,0.0019320700892876829,0.04061305668701041,0.04742568353381119,29047.151669399584,29063.91489905278,16.763229653195594,12.833403102918732,0.057710407698443,0.04419217205800208,1.2352259137052554e6,1.1999936662247744e6,-35232.24748048093,25594.918284453295,-2.852291802622262,12.435996071915893,0.6184899999935898
789.9999999999852,4.088546838892643,4.090181036498018,0.0016341976053748652,0.0019320700892876829,0.039970132904664904,0.04742568353381119,29047.435003126964,29064.04009622811,16.60509310114503,12.833403102918732,0.05716543680830162,0.04419217205800208,1.2170425615247055e6,1.1854382649302382e6,-31604.296594467247,25594.918284453295,-2.596811121779794,12.435996071915893,0.61849
790.9999999999851,4.097435197014548,4.0985859116531795,0.0011507146386318112,0.0019320700892876829,0.028083778834873067,0.04742568353381119,29045.841725152444,29062.306934348475,16.465209196030628,12.833403102918732,0.05668697554656323,0.04419217205800208,1.2331493414788228e6,1.204684062928837e6,-28465.278549985727,25594.918284453295,-2.3083399222230025,12.435996071915893,0.4000500000032532
791.9999999999851,4.132922508023225,4.132425566181933,-0.00049694184129212,0.0019320700892876829,-0.012023981585123094,0.04742568353381119,29047.049994346813,29063.39449906769,16.344504720877012,12.833403102918732,0.0562690694031167,0.04419217205800208,1.1908918269508146e6,1.1650908691441566e6,-25800.957806658,25594.918284453295,-2.166524047168863,12.435996071915893,-0.45994999998719205
792.9999999999851,4.09895922491106,4.100244953571816,0.001285728660755936,0.0019320700892876829,0.031367198115610284,0.04742568353381119,29055.169673247416,29071.393082848947,16.223409601530875,12.833403102918732,0.055836568101230534,0.04419217205800208,1.0138629517860707e6,990664.0303185406,-23198.921467530075,25594.918284453295,-2.28817133781856,12.435996071915893,0.3865299999873934
793.999999999985,4.091196220023793,4.092939298333977,0.0017430783101843872,0.0019320700892876829,0.04260559055205253,0.04742568353381119,29059.802787193734,29075.903918406504,16.10113121277027,12.833403102918732,0.05540688397192366,0.04419217205800208,914265.4276992676,893621.2664782716,-20644.16122099606,25594.918284453295,-2.2580052351915696,12.435996071915893,0.596899999996843
794.999999999985,4.091334039121453,4.092944554464115,0.0016105153426613228,0.0019320700892876829,0.03936406383007422,0.04742568353381119,29056.075902635162,29072.062075356105,15.986172720942704,12.833403102918732,0.055018347193582604,0.04419217205800208,981876.1171614402,963571.8342203544,-18304.282941085752,25594.918284453295,-1.8642151103545133,12.435996071915893,0.5969
795.999999999985,4.091377254098596,4.092905362110215,0.001528108011618734,0.0019320700892876829,0.03734947712504218,0.04742568353381119,29053.679665204323,29069.567801563873,15.888136359550117,12.833403102918732,0.054685453073877906,0.04419217205800208,1.0164861311246065e6,1.0001297168296089e6,-16356.41429499758,25594.918284453295,-1.6091133753985787,12.435996071915893,0.5969
796.9999999999849,4.091421518638402,4.092902482097723,0.0014809634593211385,0.0019320700892876829,0.03619679499104735,0.04742568353381119,29052.49984999368,29068.317072470305,15.81722247662401,12.833403102918732,0.05444358509007083,0.04419217205800208,1.024148465391564e6,1.0091687958603723e6,-14979.6695311917,25594.918284453295,-1.4626462898096033,12.435996071915893,0.5969
797.9999999999849,4.091466110052103,4.09291869675718,0.0014525867050769747,0.0019320700892876829,0.035502840937828926,0.04742568353381119,29051.67392691309,29067.43396511665,15.760038203559816,12.833403102918732,0.054248296477539364,0.04419217205800208,1.0239615621511376e6,1.0100792758979244e6,-13882.286253213184,25594.918284453295,-1.3557429073850475,12.435996071915893,0.5969
798.9999999999848,4.0832914621976055,4.085129949163306,0.0018384869657008807,0.0019320700892876829,0.04502463227818219,0.04742568353381119,29050.991907445976,29066.702360664018,15.710453218041948,12.833403102918732,0.05407888745449427,0.04419217205800208,1.0205748026918443e6,1.0076385409788652e6,-12936.26171297906,25594.918284453295,-1.2675466490901672,12.435996071915893,0.8099499999967543
799.9999999999848,4.0603618000437995,4.063387755442925,0.003025955399125202,0.0019320700892876829,0.07452428005535272,0.04742568353381119,29048.947203541033,29064.616417377594,15.66921383656154,12.833403102918732,0.05394072882149574,0.04419217205800208,1.0438088102336227e6,1.0316534689642418e6,-12155.341269380879,25594.918284453295,-1.1645179797495961,12.435996071915893,1.4594999999901048
800.9999999999848,4.052280276550673,4.055611186637212,0.003330910086539518,0.0019320700892876829,0.08219841321969985,0.04742568353381119,29041.888322804047,29057.53739127605,15.649068472004728,12.833403102918732,0.05388447300004555,0.04419217205800208,1.1639271545153428e6,1.1521398487047434e6,-11787.305810599355,25594.918284453295,-1.0127185163497254,12.435996071915893,1.702499999996298
801.9999999999847,3.994268997967663,4.001686095931777,0.007417097964113495,0.0019320700892876829,0.18569350156154762,0.04742568353381119,29031.819394558304,29047.48739896766,15.66800440935549,12.833403102918732,0.05396838619178061,0.04419217205800208,1.336212955694432e6,1.3240450447320477e6,-12167.910962384194,25594.918284453295,-0.9106266265814279,12.435996071915893,4.016099999964491
802.9999999999847,4.014548357965744,4.0196520014814086,0.005103643515664835,0.0019320700892876829,0.1271287093986074,0.04742568353381119,29009.645521547096,29025.57569979362,15.9301782465227,12.833403102918732,0.05491338470403046,0.04419217205800208,1.7377903593831128e6,1.7205126549717986e6,-17277.704411314102,25594.918284453295,-0.9942341041325264,12.435996071915893,3.0236000000152323
803.9999999999845,4.01026322825359,4.015157919745258,0.004894691491667658,0.0019320700892876829,0.12205411996855933,0.04742568353381119,28987.64768683408,29003.964663383886,16.316976549805986,12.833403102918732,0.056289412394152305,0.04419217205800208,2.1151243236044184e6,2.0906014395933247e6,-24522.88401109376,25594.918284453295,-1.1594062692874672,12.435996071915893,3.129499999998363
804.9999999999845,4.006502288197325,4.011567324664416,0.005065036467090778,0.0019320700892876829,0.1264204061984881,0.04742568353381119,28977.32332663416,28994.03692261529,16.71359598113122,12.833403102918732,0.05767819129715517,0.04419217205800208,2.246930908925487e6,2.215349251787791e6,-31581.657137696166,25594.918284453295,-1.4055464283411785,12.435996071915893,3.2361999999983504
805.9999999999845,4.078035031404163,4.078308622798865,0.0002735913947020663,0.0019320700892876829,0.006708902512979697,0.04742568353381119,28965.765492884,28982.969468663818,17.203975779819302,12.833403102918732,0.05939416924453729,0.04419217205800208,2.40293282513953e6,2.3627599089702033e6,-40172.91616932675,25594.918284453295,-1.6718285150977557,12.435996071915893,0.7546500000383682
806.9999999999844,4.028148732479558,4.0317475665324105,0.003598834052852773,0.0019320700892876829,0.08934213436149571,0.04742568353381119,28970.56882742084,28987.916097932903,17.347270512062096,12.833403102918732,0.0598789434042551,0.04419217205800208,2.233988017950322e6,2.1924189563007923e6,-41569.06164952973,25594.918284453295,-1.8607558015315244,12.435996071915893,2.2987999999759494
807.9999999999844,4.041777759996244,4.044763504547019,0.002985744550774605,0.0019320700892876829,0.07387206145588221,0.04742568353381119,28974.9317242385,28992.317579934424,17.385855695923965,12.833403102918732,0.060003094610849815,0.04419217205800208,2.0890080405950036e6,2.0480144186345749e6,-40993.621960428776,25594.918284453295,-1.962348692001814,12.435996071915893,1.818100000007487
808.9999999999844,4.048759553994711,4.051279090743256,0.0025195367485446596,0.0019320700892876829,0.06222984385572507,0.04742568353381119,28968.32420656293,28985.836674464546,17.51246790161531,12.833403102918732,0.06045385220332409,0.04419217205800208,2.169785500484394e6,2.1274888868643143e6,-42296.61362007959,25594.918284453295,-1.949345389700368,12.435996071915893,1.5776000000037458
809.9999999999843,4.085665675147681,4.086325415285552,0.0006597401378707346,0.0019320700892876829,0.016147678012026462,0.04742568353381119,28968.260786757775,28985.76764947767,17.506862719896162,12.833403102918732,0.060434635164217564,0.04419217205800208,2.117022846380209e6,2.0760325019100613e6,-40990.34447014774,25594.918284453295,-1.936225891007037,12.435996071915893,0.5306300000164258
810.9999999999843,4.096506158163546,4.096927615361368,0.0004214571978220505,0.0019320700892876829,0.010288211015676558,0.04742568353381119,28974.886038452925,28992.32905325081,17.443014797885553,12.833403102918732,0.06020046040815041,0.04419217205800208,1.9371404351405923e6,1.8984641862610413e6,-38676.248879550956,25594.918284453295,-1.9965640166271135,12.435996071915893,0.26508000000416615
811.9999999999842,4.076880417637664,4.0786396296931136,0.0017592120554494883,0.0019320700892876829,0.04315093589300955,0.04742568353381119,28985.853077469365,29003.168130830723,17.315053361358878,12.833403102918732,0.059736221373514885,0.04419217205800208,1.6827533721744681e6,1.647490333901413e6,-35263.03827305511,25594.918284453295,-2.095555941598733,12.435996071915893,0.785819999991771
812.9999999999842,4.087484778762551,4.088854418961764,0.0013696401992131513,0.0019320700892876829,0.033508141885431005,0.04742568353381119,28989.77032951429,29006.964803033105,17.194473518815357,12.833403102918732,0.05931221021544203,0.04419217205800208,1.58025989937873e6,1.5480683583521505e6,-32191.54102657945,25594.918284453295,-2.0371042155303294,12.435996071915893,0.5234400000041463
813.9999999999842,4.108565783948815,4.108984630923691,0.00041884697487581946,0.0019320700892876829,0.010194481405461598,0.04742568353381119,28990.945885759273,29008.013758827325,17.067873068051995,12.833403102918732,0.05887311554203534,0.04419217205800208,1.5341620475167464e6,1.505013035943781e6,-29149.01157296542,25594.918284453295,-1.899995611294591,12.435996071915893,0.009477000008121884
814.9999999999841,4.123722506627436,4.1235955839031995,-0.00012692272423642237,0.0019320700892876829,-0.003077867728307098,0.04742568353381119,28997.493290862156,29014.427343065618,16.93405220346176,12.833403102918732,0.05839833130954844,0.04419217205800208,1.3822019034797207e6,1.3561072464572298e6,-26094.657022490865,25594.918284453295,-1.8879048680802022,12.435996071915893,-0.3471099999943245
815.9999999999841,4.090200166903249,4.0918967911706385,0.0016966242673897014,0.0019320700892876829,0.0414802258607857,0.04742568353381119,29007.31388736586,29024.10738975465,16.7935023887876,12.833403102918732,0.057894027878610345,0.04419217205800208,1.1725696204591487e6,1.1495423006348365e6,-23027.319824312115,25594.918284453295,-1.9638339099468736,12.435996071915893,0.5022899999864808
816.9999999999841,4.125212208814853,4.125284117869927,7.190905507403755e-5,0.0019320700892876829,0.0017431601438680064,0.04742568353381119,29010.074081757375,29026.722269122336,16.648187364960904,12.833403102918732,0.05738760720859348,0.04419217205800208,1.1109445454100757e6,1.0909655301486554e6,-19979.01526142028,25594.918284453295,-1.798380967255711,12.435996071915893,-0.3439799999865306
817.999999999984,4.125701042962033,4.12578651775704,8.547479500631283e-5,0.0019320700892876829,0.0020717641466563097,0.04742568353381119,29013.0505263942,29029.550036751672,16.4995103574729,12.833403102918732,0.05686927109737293,0.04419217205800208,1.0444770098753496e6,1.027506671484869e6,-16970.33839048061,25594.918284453295,-1.624768973374138,12.435996071915893,-0.34122000000004427
818.999999999984,4.0932162450156895,4.09499658274324,0.0017803377275509291,0.0019320700892876829,0.04349483684666909,0.04742568353381119,29021.51793953088,29037.871261228687,16.353321697806678,12.833403102918732,0.056348953669068565,0.04419217205800208,870748.7998620297,856640.842471482,-14107.95739054773,25594.918284453295,-1.6202098002068035,12.435996071915893,0.47731999998687896
819.9999999999839,4.1131506993682025,4.113926527575583,0.0007758282073808687,0.0019320700892876829,0.01886213912609716,0.04742568353381119,29021.377423271268,29037.598045402137,16.220622130869742,12.833403102918732,0.05589197884819544,0.04419217205800208,873639.9021441604,862043.431068485,-11596.471075675334,25594.918284453295,-1.3273742473545795,12.435996071915893,-0.000978779992278569
820.9999999999839,4.0943068971869545,4.095897556888449,0.0015906597014945234,0.0019320700892876829,0.03885052443399899,0.04742568353381119,29020.480904962697,29036.57959106426,16.098686101562635,12.833403102918732,0.05547353317225577,0.04419217205800208,887424.0328697033,878062.8663574326,-9361.16651227069,25594.918284453295,-1.0548696187547528,12.435996071915893,0.4684799999924213
821.9999999999839,4.152915236188018,4.151634823869157,-0.0012804123188603356,0.0019320700892876829,-0.030831650684872456,0.04742568353381119,29020.892556335006,29036.89190931548,15.999352980474214,12.833403102918732,0.05513046488634511,0.04419217205800208,872360.4902680469,864740.2385948229,-7620.251673223916,25594.918284453295,-0.8735209535776284,12.435996071915893,-0.9938899999763922
822.9999999999837,4.1344098751703635,4.134219080322061,-0.00019079484830264448,0.0019320700892876829,-0.004614802452182672,0.04742568353381119,29028.381522638967,29044.264944266393,15.883421627426287,12.833403102918732,0.05471686947148243,0.04419217205800208,717512.718215809,711936.3968278726,-5576.321387936361,25594.918284453295,-0.7771738739074379,12.435996071915893,-0.49016000000818927
823.9999999999837,4.0976170680501385,4.09937094571495,0.0017538776648118315,0.0019320700892876829,0.0428023808883249,0.04742568353381119,29039.336466144938,29055.09574256894,15.759276424003474,12.833403102918732,0.05426872078284634,0.04419217205800208,502179.5787846822,498761.64692431054,-3417.9318603716674,25594.918284453295,-0.6806194446702426,12.435996071915893,0.43430999998497066
824.9999999999836,4.088902310928563,4.090933977882141,0.0020316669535782594,0.0019320700892876829,0.04968734391497069,0.04742568353381119,29036.5253043829,29052.183767545455,15.658463162555563,12.833403102918732,0.053926780144702806,0.04419217205800208,567293.748945113,565520.0769389771,-1773.6720061359229,25594.918284453295,-0.3126549533524879,12.435996071915893,0.663009999996256
825.9999999999836,4.088758519668287,4.090559284028282,0.0018007643599942114,0.0019320700892876829,0.04404183693734751,0.04742568353381119,29029.036756172107,29044.6068878189,15.570131646793016,12.833403102918732,0.053636404740444996,0.04419217205800208,716386.8255070999,715986.2335492618,-400.5919578380417,25594.918284453295,-0.05591838704661823,12.435996071915893,0.66301
826.9999999999836,4.088555424237792,4.090211069898302,0.001655645660510352,0.0019320700892876829,0.04049463658228396,0.04742568353381119,29024.214343193667,29039.73310114739,15.518757953723252,12.833403102918732,0.05346831363021023,0.04419217205800208,802576.5389145816,802807.977803912,231.43888933036942,25594.918284453295,0.028836986643463482,12.435996071915893,0.66301
827.9999999999835,4.115629914581912,4.115917110536905,0.0002871959549928249,0.0019320700892876829,0.006978177361751436,0.04742568353381119,29021.270358408507,29036.77104318782,15.500684779311996,12.833403102918732,0.05341146196524402,0.04419217205800208,847135.1831660095,847367.940036741,232.75687073147856,25594.918284453295,0.0274757648314869,12.435996071915893,-0.009294999988917326
828.9999999999835,4.097902282512773,4.0990742773822415,0.0011719948694688398,0.0019320700892876829,0.02859987351260582,0.04742568353381119,29023.60982412621,29039.09863257097,15.488808444759343,12.833403102918732,0.053366237138028544,0.04419217205800208,785982.81436989,786145.0452107994,162.2308409094112,25594.918284453295,0.020640507393214328,12.435996071915893,0.42605999999282335
829.9999999999835,4.089179565918774,4.090821897916439,0.0016423319976652806,0.0019320700892876829,0.04016287304556836,0.04742568353381119,29025.82063326503,29041.29356974418,15.472936479149212,12.833403102918732,0.053307490164176304,0.04419217205800208,731607.4638876294,731818.6046972437,211.14080961421132,25594.918284453295,0.028859849036018213,12.435996071915893,0.6517099999962802
830.9999999999834,4.107414705862737,4.108097097665977,0.0006823918032408116,0.0019320700892876829,0.016613657302896555,0.04742568353381119,29022.44211331347,29037.89454397813,15.452430664659914,12.833403102918732,0.05324304069357215,0.04419217205800208,789841.1436046953,790216.6449986924,375.5013939971104,25594.918284453295,0.04754138183830086,12.435996071915893,0.19710000000754574
831.9999999999834,4.1225090678563,4.122489585276825,-1.948257947503862e-5,0.0019320700892876829,-0.0004725903364760708,0.04742568353381119,29022.35612269364,29037.788116150237,15.43199345659741,12.833403102918732,0.05317277960258565,0.04419217205800208,778992.1236563331,779543.9428896286,551.8192332955077,25594.918284453295,0.07083758828079667,12.435996071915893,-0.16617999999397018
832.9999999999833,4.141296333178799,4.140509205557674,-0.0007871276211250944,0.0019320700892876829,-0.019006792989404518,0.04742568353381119,29027.53699832622,29042.94711800831,15.410119682088407,12.833403102918732,0.05308793399514737,0.04419217205800208,665268.750992837,666036.8738067165,768.1228138795123,25594.918284453295,0.11546052820505658,12.435996071915893,-0.620109999992414
833.9999999999833,4.129677273167657,4.129638892376705,-3.838079095253022e-5,0.0019320700892876829,-0.00092938959666188,0.04742568353381119,29035.723837422996,29051.08572084383,15.361883420831873,12.833403102918732,0.05290683816544828,0.04419217205800208,498822.1953408036,500333.261949948,1511.0666091443854,25594.918284453295,0.3029268992555553,12.435996071915893,-0.3120900000051476
834.9999999999833,4.141957389493029,4.141445740926165,-0.0005116485668636983,0.0019320700892876829,-0.012352820629241762,0.04742568353381119,29041.602017901336,29056.895982905393,15.2939650040571,12.833403102918732,0.05266226358528655,0.04419217205800208,385940.3725272912,388557.5368838593,2617.1643565681297,25594.918284453295,0.6781266078565183,12.435996071915893,-0.5979699999952224
835.9999999999832,4.18135346849645,4.178757230124624,-0.0025962383718258764,0.0019320700892876829,-0.06209086104264329,0.04742568353381119,29045.787462618544,29060.999324437995,15.21186181945086,12.833403102918732,0.052372006918484405,0.04419217205800208,310119.2628785655,314080.826591561,3961.5637129954994,25594.918284453295,1.277432325945758,12.435996071915893,-1.6929999999815755
836.9999999999832,4.191443554706678,4.1885050722609405,-0.002938482445737911,0.0019320700892876829,-0.07010669253647027,0.04742568353381119,29058.712950186266,29073.769805618667,15.05685543240179,12.833403102918732,0.051815286720416416,0.04419217205800208,63918.94194269592,70611.31978160678,6692.377838910863,25594.918284453295,10.470101092897718,12.435996071915893,-1.9828999999951225
837.9999999999831,4.185615823430142,4.183451118922735,-0.0021647045074075777,0.0019320700892876829,-0.05171770651501376,0.04742568353381119,29076.219833007857,29091.036136810882,14.816303803025221,12.833403102918732,0.05095677460178466,0.04419217205800208,-260705.66439507666,-249720.96064333952,-10984.703751737135,25594.918284453295,4.213450358750463,12.435996071915893,-1.7237000000043905
838.9999999999831,4.1763069941697415,4.174910141959387,-0.00139685221035446,0.0019320700892876829,-0.033447067284673046,0.04742568353381119,29088.09485889453,29102.65344300373,14.558584109203366,12.833403102918732,0.05004997467117258,0.04419217205800208,-460222.6748334398,-444801.1606126444,-15421.51422079542,25594.918284453295,3.3508810113227585,12.435996071915893,-1.379300000005834
839.9999999999831,4.16717155760611,4.166297427307834,-0.0008741302982766541,0.0019320700892876829,-0.020976585345548155,0.04742568353381119,29093.824297444375,29108.167131963353,14.342834518978634,12.833403102918732,0.0492985534398739,0.04419217205800208,-533714.6181996951,-514856.12250307406,-18858.495696621074,25594.918284453295,3.5334418532948932,12.435996071915893,-1.078700000005092
840.999999999983,4.108305460642559,4.110127279685252,0.0018218190426928516,0.0019320700892876829,0.0443447805949636,0.04742568353381119,29095.92561352832,29110.116687171834,14.191073643512937,12.833403102918732,0.04877340501899934,0.04419217205800208,-537703.725284575,-516765.58889980655,-20938.13638476847,25594.918284453295,3.8939913190460307,12.435996071915893,0.3957899999748554
841.999999999983,4.0588807580985655,4.062944688044588,0.004063929946022782,0.0019320700892876829,0.1001243985281938,0.04742568353381119,29087.72780484754,29101.86513401562,14.137329168082942,12.833403102918732,0.048602384012019405,0.04419217205800208,-343604.35656398296,-322534.84437209286,-21069.5121918901,25594.918284453295,6.131910666844738,12.435996071915893,1.7652999999766459
842.999999999983,4.060204235804431,4.063544399998662,0.003340164194231221,0.0019320700892876829,0.0822659157087808,0.04742568353381119,29066.305259211247,29080.424841011318,14.119581800070591,12.833403102918732,0.04857714688589817,0.04419217205800208,96064.29775804783,116635.05016729486,20570.752409247027,25594.918284453295,21.41352499245611,12.435996071915893,1.6856000000013591
843.9999999999828,4.072902839094356,4.074983565992778,0.0020807268984217586,0.0019320700892876829,0.05108707427168642,0.04742568353381119,29046.73076494206,29060.890619359663,14.15985441760131,12.833403102918732,0.048748530539249324,0.04419217205800208,473674.2858815759,492691.91019596433,19017.624314388435,25594.918284453295,4.01491592033414,12.435996071915893,1.252600000007433
844.9999999999828,4.0650162158032614,4.067342126533791,0.0023259107305291238,0.0019320700892876829,0.057217747901886676,0.04742568353381119,29037.560072745844,29051.880307607735,14.32023486189064,12.833403102918732,0.049316247046980254,0.04419217205800208,629092.8671178423,644323.7571722217,15230.890054379357,25594.918284453295,2.421087704293791,12.435996071915893,1.4531999999965564
845.9999999999827,4.062764983492726,4.065118575409337,0.0023535919166111086,0.0019320700892876829,0.057930791620335,0.04742568353381119,29031.019380854857,29045.533055510536,14.513674655678187,12.833403102918732,0.04999367905506463,0.04419217205800208,729965.9174793935,740994.5078267481,11028.590347354533,25594.918284453295,1.5108363395152435,12.435996071915893,1.4948999999992794
846.9999999999827,4.060530939393171,4.062894950516841,0.002364011123670018,0.0019320700892876829,0.05821926144523625,0.04742568353381119,29023.256507510723,29037.956496897845,14.699989387121605,12.833403102918732,0.0506490006843908,0.04419217205800208,853980.4611306349,861164.7800831097,7184.3189524748595,25594.918284453295,0.8412743943770232,12.435996071915893,1.5367999999992759
847.9999999999827,4.047078019817209,4.050177249773412,0.0030992299562031533,0.0019320700892876829,0.0765794467274227,0.04742568353381119,29016.25212678249,29031.13171183169,14.879585049202433,12.833403102918732,0.05128017562084913,0.04419217205800208,959854.4419470476,963495.3467959486,3640.904848900973,25594.918284453295,0.37931843514892344,12.435996071915893,1.9486999999928822
848.9999999999826,4.033533628021588,4.037397976866412,0.003864348844824228,0.0019320700892876829,0.09580554424978618,0.04742568353381119,29007.273436594525,29022.35839705342,15.084960458894784,12.833403102918732,0.05200406198765357,0.04419217205800208,1.102243015299847e6,1.1019705748291966e6,-272.44047065032646,25594.918284453295,-0.02471691513293133,12.435996071915893,2.402699999992103
849.9999999999826,4.029735305512618,4.033627475135299,0.0038921696226807967,0.0019320700892876829,0.09658623526355109,0.04742568353381119,28994.701138145403,29010.053795054737,15.352656909333746,12.833403102918732,0.0529498712064178,0.04419217205800208,1.3106154078203456e6,1.3053547197922105e6,-5260.688028135104,25594.918284453295,-0.4013906746971664,12.435996071915893,2.5045999999982276
850.9999999999825,4.048910292677196,4.051290397646938,0.0023801049697427246,0.0019320700892876829,0.05878384053228718,0.04742568353381119,28981.966124033304,28997.637663400397,15.671539367092919,12.833403102918732,0.054073416896644876,0.04419217205800208,1.5139819290474541e6,1.5029285031444598e6,-11053.42590299435,25594.918284453295,-0.7300896854131402,12.435996071915893,1.7780000000127212
851.9999999999825,4.090012550272055,4.090134348226861,0.00012179795480538047,0.0019320700892876829,0.0029779359673915633,0.04742568353381119,28976.00010314166,28991.922451245526,15.922348103864351,12.833403102918732,0.054950124403602564,0.04419217205800208,1.5772569789671241e6,1.5619790652274094e6,-15277.913739714772,25594.918284453295,-0.9686382081960798,12.435996071915893,0.5731200000210946
852.9999999999825,4.074228084857975,4.075465314281576,0.0012372294236016046,0.0019320700892876829,0.030367210618370024,0.04742568353381119,28981.858561545538,28997.864252982577,16.005691437039786,12.833403102918732,0.05522658735998689,0.04419217205800208,1.409634122888558e6,1.3935432443616162e6,-16090.878526941873,25594.918284453295,-1.141493261667728,12.435996071915893,0.9861099999927695
853.9999999999824,4.074080635306997,4.075594900368747,0.0015142650617505637,0.0019320700892876829,0.03716826438405676,0.04742568353381119,28987.32074473107,29003.353080979745,16.032336248674255,12.833403102918732,0.05530809966832964,0.04419217205800208,1.2635810230056795e6,1.2477164891662116e6,-15864.533839467913,25594.918284453295,-1.2555216919712004,12.435996071915893,0.9944299999998534
854.9999999999824,4.073737865877693,4.075339098616187,0.0016012327384942182,0.0019320700892876829,0.03930622909997255,0.04742568353381119,28986.250522129874,29002.314733408017,16.064211278142466,12.833403102918732,0.055420107771020834,0.04419217205800208,1.2552660514916442e6,1.2394259037549635e6,-15840.147736680694,25594.918284453295,-1.2618956529460588,12.435996071915893,1.0027999999998525
855.9999999999824,4.045340916589518,4.048634785758406,0.003293869168887298,0.0019320700892876829,0.08142377210730216,0.04742568353381119,28985.16810360945,29001.24254641153,16.07444280208074,12.833403102918732,0.055457476543249826,0.04419217205800208,1.2469838573610561e6,1.231536245335901e6,-15447.61202515522,25594.918284453295,-1.2387980753693482,12.435996071915893,1.8648999999848086
856.9999999999823,4.064460266939091,4.066498497666627,0.0020382307275363942,0.0019320700892876829,0.050147635692632024,0.04742568353381119,28978.2779970587,28994.417448653043,16.139451594342972,12.833403102918732,0.0556949988401006,0.04419217205800208,1.353341092455992e6,1.3371440852277826e6,-16197.007228209404,25594.918284453295,-1.1968163324454806,12.435996071915893,1.2533000000108467
857.9999999999823,4.036223634285707,4.039905501628323,0.0036818673426157744,0.0019320700892876829,0.09122059816854912,0.04742568353381119,28972.204788733947,28988.41302571197,16.208236978021887,12.833403102918732,0.055944092264336664,0.04419217205800208,1.4375627754591708e6,1.4205572566692205e6,-17005.518789950293,25594.918284453295,-1.1829409525798673,12.435996071915893,2.1528999999840455
858.9999999999822,4.07767663880126,4.07883000350089,0.0011533646996300106,0.0019320700892876829,0.028284849481568314,0.04742568353381119,28965.71090239277,28982.02680619544,16.315903802671528,12.833403102918732,0.056328338902684134,0.04419217205800208,1.5266213369021849e6,1.5080572524005198e6,-18564.084501665086,25594.918284453295,-1.216024173966759,12.435996071915893,0.855280000023161
859.9999999999822,4.077180436107749,4.0783813387107335,0.0012009026029842218,0.0019320700892876829,0.029454242258913976,0.04742568353381119,28963.186357750405,28979.583221124205,16.396863373800443,12.833403102918732,0.05661277447608151,0.04419217205800208,1.5343219221722032e6,1.514781730151858e6,-19540.192020345246,25594.918284453295,-1.273539257829373,12.435996071915893,0.858809999999937
860.9999999999822,4.077172102895779,4.078605093441704,0.0014329905459247172,0.0019320700892876829,0.03514667788752275,0.04742568353381119,28968.33621951725,28984.72594844191,16.38972892465972,12.833403102918732,0.05657808166979654,0.04419217205800208,1.3928535035306015e6,1.3740854402919158e6,-18768.063238685718,25594.918284453295,-1.3474542147549962,12.435996071915893,0.8623599999999366
861.999999999982,4.09455773523635,4.095228964930603,0.0006712296942525953,0.0019320700892876829,0.016393216011493118,0.04742568353381119,28969.534712587883,28985.925434724133,16.39072213624968,12.833403102918732,0.05657916945807058,0.04419217205800208,1.3387959000543936e6,1.3205565651942117e6,-18239.3348601819,25594.918284453295,-1.3623685925121867,12.435996071915893,0.4159200000080192
862.999999999982,4.148335776156639,4.146560561135319,-0.0017752150213201645,0.0019320700892876829,-0.04279342649945445,0.04742568353381119,28972.676754352462,28989.03373987353,16.356985521066235,12.833403102918732,0.056456590669030894,0.04419217205800208,1.2490876740271552e6,1.2320111797217051e6,-17076.494305450004,25594.918284453295,-1.367117349768897,12.435996071915893,-0.9235099999759404
863.999999999982,4.131424728337471,4.130873831804627,-0.0005508965328440141,0.0019320700892876829,-0.013334299159934124,0.04742568353381119,28986.115132318773,29002.40704841385,16.291916095076886,12.833403102918732,0.05620593177356085,0.04419217205800208,961447.520048658,946073.9182688566,-15373.601779801422,25594.918284453295,-1.5990058177094657,12.435996071915893,-0.4586300000083504
864.9999999999819,4.126502334391147,4.12651307360171,1.073921056260474e-5,0.0019320700892876829,0.0002602497149487079,0.04742568353381119,28999.27252976729,29015.466468789487,16.19393902219599,12.833403102918732,0.05584256986299629,0.04419217205800208,694821.0531838861,681703.2214804013,-13117.831703484757,25594.918284453295,-1.8879439020125792,12.435996071915893,-0.3064900000027501
865.9999999999819,4.164194252202178,4.162356977038758,-0.0018372751634201379,0.0019320700892876829,-0.04412078428974632,0.04742568353381119,29003.5307330147,29019.59594884804,16.065215833339607,12.833403102918732,0.055390552209743836,0.04419217205800208,614835.9094818207,604464.2893373001,-10371.620144520537,25594.918284453295,-1.6868923861753073,12.435996071915893,-1.2813999999823775
866.9999999999818,4.144007859684167,4.143451058825543,-0.0005568008586234185,0.0019320700892876829,-0.013436288672142018,0.04742568353381119,29013.560798169146,29029.461783251478,15.900985082331317,12.833403102918732,0.05480535530590483,0.04419217205800208,420912.91112902766,413857.8520478734,-7055.059081154235,25594.918284453295,-1.6761327330706566,12.435996071915893,-0.6955600000106563
867.9999999999818,4.128771910319127,4.129112938634732,0.0003410283156046745,0.0019320700892876829,0.008259800323489297,0.04742568353381119,29023.21284312349,29038.95126403768,15.73842091419283,12.833403102918732,0.05422701132111828,0.04419217205800208,241941.16243221916,238024.4998740341,-3916.662558185053,25594.918284453295,-1.6188491940813596,12.435996071915893,-0.28468000000747384
868.9999999999818,4.074553180942218,4.0774053053142945,0.002852124372076048,0.0019320700892876829,0.06999845738708728,0.04742568353381119,29023.700442259316,29039.305565022947,15.605122763630789,12.833403102918732,0.0537668268547497,0.04419217205800208,249058.45409583647,247584.42084159428,-1474.033254242182,25594.918284453295,-0.5918422884271903,12.435996071915893,1.0916999999749637
869.9999999999817,4.073900822043462,4.076469332957639,0.002568510914176869,0.0019320700892876829,0.06304794903888966,0.04742568353381119,29014.188969874638,29029.684568269793,15.495598395154957,12.833403102918732,0.05340696722987501,0.04419217205800208,447587.66819870076,448015.5152481614,427.84704946062993,25594.918284453295,0.09558955258586185,12.435996071915893,1.1060999999997365
870.9999999999817,4.065919763936059,4.06854672717067,0.0026269632346105354,0.0019320700892876829,0.06460932303463544,0.04742568353381119,29001.11282059828,29016.55231597251,15.439495374230319,12.833403102918732,0.053237596328594296,0.04419217205800208,701781.1144075391,703016.4379889762,1235.3235814371146,25594.918284453295,0.1760269058365877,12.435996071915893,1.3174999999961305
871.9999999999816,4.0785666623683765,4.080288829966432,0.0017221675980554352,0.0019320700892876829,0.04222482407717697,0.04742568353381119,28992.414657647663,29007.86901091128,15.454353263616213,12.833403102918732,0.053304815918599736,0.04419217205800208,855341.6564620683,856004.4673679133,662.8109058450209,25594.918284453295,0.07749077819810526,12.435996071915893,0.9407900000069379
872.9999999999816,4.057006794052197,4.0598124424371544,0.0028056483849576708,0.0019320700892876829,0.06915562451290225,0.04742568353381119,28987.36264220495,29002.872617447185,15.509975242235669,12.833403102918732,0.053505989605461705,0.04419217205800208,930852.5326637926,930223.7126734306,-628.8199903620407,25594.918284453295,-0.06755312665504229,12.435996071915893,1.5533999999887174
873.9999999999816,4.042911278826772,4.046477063722409,0.003565784895637414,0.0019320700892876829,0.08819844537058906,0.04742568353381119,28981.40065857442,28996.991293997475,15.590635423053754,12.833403102918732,0.053795313783225024,0.04419217205800208,1.0227092782487125e6,1.0203979271564317e6,-2311.35109228082,25594.918284453295,-0.22600274989572577,12.435996071915893,2.0000999999917735
874.9999999999815,4.046664339802751,4.049732614233171,0.003068274430419571,0.0019320700892876829,0.07582231123644739,0.04742568353381119,28969.800139251856,28985.51445631033,15.71431705847499,12.833403102918732,0.05424378830002108,0.04419217205800208,1.2224136981094442e6,1.2176765425427086e6,-4737.155566735659,25594.918284453295,-0.38752474502388434,12.435996071915893,1.8431000000029092
875.9999999999815,4.065146073833088,4.066944423717544,0.001798349884456485,0.0019320700892876829,0.04423825987538976,0.04742568353381119,28960.083161014845,28975.949570880017,15.86640986517159,12.833403102918732,0.05478716955664842,0.04419217205800208,1.3758104230304698e6,1.3682180650421008e6,-7592.357988368953,25594.918284453295,-0.5518462326841092,12.435996071915893,1.2383000000112074
876.9999999999815,4.043330287488924,4.046460226248291,0.003129938759366624,0.0019320700892876829,0.0774099204571894,0.04742568353381119,28957.3958949739,28973.390290326755,15.994395352856372,12.833403102918732,0.05523423242499683,0.04419217205800208,1.385703083153305e6,1.3758662395065946e6,-9836.843646710506,25594.918284453295,-0.7098810536183401,12.435996071915893,1.908599999987579
877.9999999999814,4.041543401150954,4.044767691457667,0.003224290306713229,0.0019320700892876829,0.07977868815648528,0.04742568353381119,28952.97229285332,28969.107954056737,16.13566120341784,12.833403102918732,0.05573058627697692,0.04419217205800208,1.4330276602307942e6,1.420769929843492e6,-12257.730387302116,25594.918284453295,-0.8553729092240944,12.435996071915893,1.9526999999991779
878.9999999999814,4.0686279754501316,4.070112503606481,0.0014845281563493629,0.0019320700892876829,0.036487193356259676,0.04742568353381119,28944.086293243166,28960.390209173795,16.303915930628136,12.833403102918732,0.056329005398364204,0.04419217205800208,1.5677837590410735e6,1.552664710537685e6,-15119.048503388418,25594.918284453295,-0.9643580255376483,12.435996071915893,1.0877000000161274
879.9999999999812,4.093594239006279,4.093897897165962,0.000303658159682918,0.0019320700892876829,0.0074178861399959144,0.04742568353381119,28942.80370775738,28959.202500446667,16.398792689287802,12.833403102918732,0.056659309356724565,0.04419217205800208,1.5473569628302546e6,1.5309300803571036e6,-16426.882473150967,25594.918284453295,-1.0616091094523352,12.435996071915893,0.4179300000125638
880.9999999999812,4.093873752732941,4.094453680086184,0.0005799273532431926,0.0019320700892876829,0.014165736128429737,0.04742568353381119,28949.892359358906,28966.306095708558,16.413736349652027,12.833403102918732,0.056697054848792214,0.04419217205800208,1.3665118161314013e6,1.3503612061429638e6,-16150.6099884375,25594.918284453295,-1.181885864270089,12.435996071915893,0.4159200000000377
881.9999999999812,4.094366258457017,4.095167824318619,0.0008015658616020715,0.0019320700892876829,0.01957728769248274,0.04742568353381119,28956.559589516495,28972.95479427577,16.395204759275657,12.833403102918732,0.05662000248541757,0.04419217205800208,1.2061319670666512e6,1.1908476329352986e6,-15284.334131352603,25594.918284453295,-1.2672190563462602,12.435996071915893,0.41391000000003775
882.9999999999811,4.118402604619379,4.118206259599042,-0.00019634502033749612,0.0019320700892876829,-0.004767504277441623,0.04742568353381119,28959.84147724117,28976.19622423351,16.354746992339642,12.833403102918732,0.056473882998263086,0.04419217205800208,1.1208088462566857e6,1.1067411596473402e6,-14067.686609345488,25594.918284453295,-1.2551370072005776,12.435996071915893,-0.1653499999890682
883.9999999999811,4.11892805072029,4.118886257264356,-4.1793455933358814e-5,0.0019320700892876829,-0.0010146682685086054,0.04742568353381119,28965.8797968656,28982.171052820275,16.291255954674853,12.833403102918732,0.056242917767123125,0.04419217205800208,984269.8955593022,971788.9584351977,-12480.937124104472,25594.918284453295,-1.268040115868046,12.435996071915893,-0.16444000000001716
884.999999999981,4.096673343565056,4.097860353286254,0.0011870097211978958,0.0019320700892876829,0.02897496631168845,0.04742568353381119,28973.40476121141,28989.617208965097,16.212447753689048,12.833403102918732,0.05595630850880774,0.04419217205800208,824578.9888736546,813896.6555879876,-10682.333285667002,25594.918284453295,-1.2954893866818857,12.435996071915893,0.3961499999893568
885.999999999981,4.088577305485193,4.09015805170809,0.001580746222897389,0.0019320700892876829,0.03866250054209997,0.04742568353381119,28974.381288614473,28990.51162037108,16.1303317566053,12.833403102918732,0.05567101363073364,0.04419217205800208,800431.4011325014,791523.4370029245,-8907.964129576925,25594.918284453295,-1.1128953857848867,12.435996071915893,0.6103399999959335
886.999999999981,4.120111573442414,4.120101047151179,-1.0526291235102292e-5,0.0019320700892876829,-0.0002554855869184004,0.04742568353381119,28970.826979920108,28986.883811703774,16.056831783665984,12.833403102918732,0.05542414027323104,0.04419217205800208,863580.625678402,856199.4385018776,-7381.187176524429,25594.918284453295,-0.8547189407735958,12.435996071915893,-0.163189999985314
887.9999999999809,4.120369568749026,4.120398312068749,2.8743319723467664e-5,0.0019320700892876829,0.000697590816645953,0.04742568353381119,28973.41055804621,28989.403897740198,15.993339693988673,12.833403102918732,0.055200058902099676,0.04419217205800208,800249.0938647717,794141.7439062885,-6107.34995848313,25594.918284453295,-0.7631811151435264,12.435996071915893,-0.16211000000002065
888.9999999999809,4.132564289144486,4.1321646115804915,-0.00039967756399406085,0.0019320700892876829,-0.009671417938831417,0.04742568353381119,28979.997900477865,28995.930238608253,15.932338130387507,12.833403102918732,0.05497701616508672,0.04419217205800208,661247.2976062298,656326.7975240467,-4920.500082183047,25594.918284453295,-0.7441240364982461,12.435996071915893,-0.44654999999456735
889.9999999999809,4.061429249977019,4.064633379191708,0.0032041292146889333,0.0019320700892876829,0.07889166639323,0.04742568353381119,28985.775727802484,29001.632318748612,15.856590946128563,12.833403102918732,0.05470473205558991,0.04419217205800208,544961.4219608883,541484.1972531467,-3477.2247077416396,25594.918284453295,-0.6380680480518856,12.435996071915893,1.40219999996469
890.9999999999808,4.05382550056704,4.057269455166377,0.003443954599337218,0.0019320700892876829,0.08495566962256972,0.04742568353381119,28979.320422141867,28995.10513413483,15.784711992961093,12.833403102918732,0.05446888251009732,0.04419217205800208,673579.9247162357,671419.3738307776,-2160.5508854581276,25594.918284453295,-0.3207564249139877,12.435996071915893,1.6372999999954831
891.9999999999808,4.066118294949713,4.068419295271653,0.0023010003219399167,0.0019320700892876829,0.056589605983619666,0.04742568353381119,28963.051928461307,28978.80963592048,15.757707459171797,12.833403102918732,0.05440623970876173,0.04419217205800208,984931.5923645116,983163.5465848672,-1768.0457796443952,25594.918284453295,-0.17950950028924065,12.435996071915893,1.2383000000076658
892.9999999999807,4.072550835785304,4.074331166213059,0.0017803304277554943,0.0019320700892876829,0.04371536414258647,0.04742568353381119,28955.23891796316,28971.032076935528,15.793158972366655,12.833403102918732,0.05454335575372837,0.04419217205800208,1.1116889690569735e6,1.1090990356482724e6,-2589.933408701094,25594.918284453295,-0.2329728440948811,12.435996071915893,1.0364000000039022
893.9999999999807,4.105503043742976,4.105653448257362,0.00015040451438608216,0.0019320700892876829,0.003663485638265628,0.04742568353381119,28953.03247473334,28968.89785617313,15.865381439791236,12.833403102918732,0.05479695936388216,0.04419217205800208,1.1239939230395646e6,1.1199356643466048e6,-4058.258692959789,25594.918284453295,-0.36105699592976703,12.435996071915893,0.17885000001657367
894.9999999999807,4.072237399298583,4.074181131429086,0.0019437321305026956,0.0019320700892876829,0.047731306893785,0.04742568353381119,28957.010101747615,28972.91860435289,15.908502605274407,12.833403102918732,0.05493834670560237,0.04419217205800208,1.0168986560978162e6,1.012040794913926e6,-4857.861183890142,25594.918284453295,-0.47771340386380257,12.435996071915893,1.0363999999834264
895.9999999999806,4.0882746030195065,4.08946242583135,0.0011878228118433753,0.0019320700892876829,0.029054379345410813,0.04742568353381119,28957.77930839977,28973.71189353516,15.932585135389672,12.833403102918732,0.055020051661102735,0.04419217205800208,980847.2262611673,975603.9824842676,-5243.243776899762,25594.918284453295,-0.5345627368378426,12.435996071915893,0.6103400000082828
896.9999999999806,4.088150211686841,4.089306485566622,0.0011562738797810113,0.0019320700892876829,0.02828354683434963,0.04742568353381119,28954.85573338582,28970.800642796443,15.94490941062395,12.833403102918732,0.055068170801621324,0.04419217205800208,1.0193437954970866e6,1.0139585773192315e6,-5385.218177855131,25594.918284453295,-0.5283024433605357,12.435996071915893,0.61034
897.9999999999804,4.113538225846475,4.113555978412389,1.775256591418639e-5,0.0019320700892876829,0.0004315643842238346,0.04742568353381119,28955.80993209718,28971.753784056422,15.943851959240419,12.833403102918732,0.055062704157229754,0.04419217205800208,979002.17408623,973738.4161303157,-5263.757955914247,25594.918284453295,-0.5376656043514177,12.435996071915893,-0.015335999987765447
898.9999999999804,4.1138632611010255,4.113993643894937,0.0001303827939116431,0.0019320700892876829,0.0031693516686489894,0.04742568353381119,28959.919697257803,28975.853855618203,15.934158360400033,12.833403102918732,0.0550214176246795,0.04419217205800208,879285.1962112578,874301.4255118183,-4983.77069943957,25594.918284453295,-0.566797976460207,12.435996071915893,-0.016131999999984433
899.9999999999804,4.126287014191172,4.126004496023769,-0.00028251816740354485,0.0019320700892876829,-0.006846789048650886,0.04742568353381119,28966.038524340176,28981.9406552627,15.90213092252452,12.833403102918732,0.05489922589573977,0.04419217205800208,745592.7374666035,741311.9857505776,-4280.751716025872,25594.918284453295,-0.5741407474771192,12.435996071915893,-0.30566999999433836
900.9999999999803,4.115037885687941,4.115408305951689,0.00037042026374844994,0.0019320700892876829,0.009001624627485638,0.04742568353381119,28971.504380494443,28987.35468925949,15.850308765046066,12.833403102918732,0.05470999557661063,0.04419217205800208,631268.1990206891,628042.5829177544,-3225.6161029346986,25594.918284453295,-0.5109739581272622,12.435996071915893,-0.01805200000565682
901.9999999999803,4.099687113032743,4.1008412927750895,0.0011541797423468836,0.0019320700892876829,0.02815287387854044,0.04742568353381119,28975.176226080155,28990.962127634506,15.785901554350858,12.833403102918732,0.05448077841246117,0.04419217205800208,556693.0430804458,554718.8913472099,-1974.1517332359217,25594.918284453295,-0.35462123297104753,12.435996071915893,0.3677799999924115
902.9999999999803,4.091765422181416,4.09322393860234,0.0014585164209242052,0.0019320700892876829,0.035645162183970854,0.04742568353381119,28973.5200032801,28989.247286756497,15.727283476397133,12.833403102918732,0.054281576676277664,0.04419217205800208,588724.0837908005,587832.0877994669,-891.9959913336206,25594.918284453295,-0.15151341959548337,12.435996071915893,0.5705099999960127
903.9999999999802,4.0917183358220495,4.093057770994241,0.0013394351721913722,0.0019320700892876829,0.032735273111663785,0.04742568353381119,28969.555096233387,28985.238454149905,15.683357916517707,12.833403102918732,0.05413737927427423,0.04419217205800208,661979.9701000254,661841.8990671085,-138.07103291689418,25594.918284453295,-0.02085728256944566,12.435996071915893,0.57051
904.9999999999802,4.1081393340584755,4.108612115632098,0.00047278157362207196,0.0019320700892876829,0.011508411355537103,0.04742568353381119,28966.363082168078,28982.024519611285,15.661437443206523,12.833403102918732,0.054067669450873615,0.04419217205800208,714719.4816463583,714884.9583506667,165.4767043084139,25594.918284453295,0.02315267857638886,12.435996071915893,0.16214000000807818
905.9999999999801,4.100007785162863,4.100878978733873,0.0008711935710099539,0.0019320700892876829,0.021248583335930122,0.04742568353381119,28967.146461248358,28982.797481710953,15.651020462595625,12.833403102918732,0.05403024589782508,0.04419217205800208,686254.0189584002,686504.2594849083,250.24052650807425,25594.918284453295,0.03646470834340476,12.435996071915893,0.3622799999960182
906.9999999999801,4.092117333698532,4.093396471599589,0.001279137901057048,0.0019320700892876829,0.031258583191722394,0.04742568353381119,28968.488261400653,28984.13033525888,15.642073858227377,12.833403102918732,0.05399685933583843,0.04419217205800208,648885.6016438067,649206.605578912,321.00393510528374,25594.918284453295,0.04947003513286349,12.435996071915893,0.5627199999960123
907.9999999999801,4.115849964809893,4.11596257393776,0.00011260912786692501,0.0019320700892876829,0.0027359871917033377,0.04742568353381119,28966.332270486382,28981.965294225694,15.633023739312193,12.833403102918732,0.053969634793013074,0.04419217205800208,682247.0579117576,682650.8391832632,403.78127150563523,25594.918284453295,0.05918402532090664,12.435996071915893,-0.01949399998841674
908.99999999998,4.11601439682742,4.116160587051068,0.0001461902236483681,0.0019320700892876829,0.003551742281587984,0.04742568353381119,28967.792981088714,28983.41185798464,15.618876895925496,12.833403102918732,0.05391807690051533,0.04419217205800208,641928.0699770189,642521.2417864446,593.1718094256939,25594.918284453295,0.09240471591263014,12.435996071915893,-0.020045999999988955
909.99999999998,4.093188091367179,4.094509823212321,0.001321731845141727,0.0019320700892876829,0.032291011691579774,0.04742568353381119,28972.25070744364,28987.8504044897,15.59969704606192,12.833403102918732,0.05384358020225884,0.04419217205800208,545005.4796916384,545886.2088980066,880.7292063682107,25594.918284453295,0.16160006443724628,12.435996071915893,0.547299999988648
910.99999999998,4.070875048669043,4.073279235761753,0.00240418709270962,0.0019320700892876829,0.05905823843686039,0.04742568353381119,28970.812749285695,28986.39219961638,15.579450330686086,12.833403102918732,0.05377636611548018,0.04419217205800208,569108.5858323743,570290.7381124455,1182.1522800711682,25594.918284453295,0.20771998692343754,12.435996071915893,1.1447999999880447
911.9999999999799,4.100645231190736,4.101354907169646,0.0007096759789098073,0.0019320700892876829,0.01730644664190404,0.04742568353381119,28962.709959912478,28978.281520850072,15.571560937594768,12.833403102918732,0.05376417109844863,0.04419217205800208,721420.7112046117,722652.9511792109,1232.2399745992152,25594.918284453295,0.17080740204168096,12.435996071915893,0.355040000015892
912.9999999999799,4.115852110638097,4.115793940410631,-5.8170227466014524e-5,0.0019320700892876829,-0.0014133216136620651,0.04742568353381119,28959.698670388123,28975.2794245512,15.580754163078382,12.833403102918732,0.05380150650189609,0.04419217205800208,764187.0421867559,765140.6613623553,953.6191755994223,25594.918284453295,0.1247887130970708,12.435996071915893,-0.020220999992448783
913.9999999999798,4.148202264014818,4.146752246059989,-0.0014500179548297965,0.0019320700892876829,-0.034955333962582706,0.04742568353381119,28964.966224200518,28980.558512147094,15.592287946576107,12.833403102918732,0.05383154195964018,0.04419217205800208,642976.3765925227,643630.7167100885,654.3401175658219,25594.918284453295,0.10176736523875446,12.435996071915893,-0.8199399999838167
914.9999999999798,4.157292435143038,4.155632317635722,-0.0016601175073160945,0.0019320700892876829,-0.03993266129855442,0.04742568353381119,28974.93938326544,28990.511256683618,15.571873418179166,12.833403102918732,0.053742557360353785,0.04419217205800208,437338.3463114441,438343.9485452707,1005.6022338265902,25594.918284453295,0.22993689949850987,12.435996071915893,-1.0449999999954456
915.9999999999798,4.165283403538904,4.163495170648721,-0.001788232890183039,0.0019320700892876829,-0.042931842012568035,0.04742568353381119,28987.379100181686,29002.87842643269,15.499326251003367,12.833403102918732,0.05346922257937497,0.04419217205800208,194308.65238672844,196672.09646387823,2363.4440771497902,25594.918284453295,1.2163349640477548,12.435996071915893,-1.2378999999960965
916.9999999999797,4.133716773478574,4.133748751061798,3.1977583224040984e-5,0.0019320700892876829,0.0007735794437878589,0.04742568353381119,28998.035054543125,29013.412585336126,15.377530793000915,12.833403102918732,0.05302956136192309,0.04419217205800208,-2274.7080805275746,2342.8815464394725,68.17346591189789,25594.918284453295,-2.9970204306869292,12.435996071915893,-0.37304000001759985
917.9999999999797,4.100404137101862,4.101974132376398,0.0015699952745364953,0.0019320700892876829,0.03828879354429092,0.04742568353381119,29001.232445869413,29016.495899315487,15.263453446073981,12.833403102918732,0.052630361397789226,0.04419217205800208,-45021.19957796015,-38412.763090692235,-6608.436487267914,25594.918284453295,14.678499349677555,12.435996071915893,0.4500299999832506
918.9999999999795,4.0937017300900065,4.095325922159937,0.0016241920699302526,0.0019320700892876829,0.0396753886095786,0.04742568353381119,28993.859144789178,29009.054439743715,15.19529495453753,12.833403102918732,0.0524086665340252,0.04419217205800208,117933.27622501082,125549.4415064947,7616.165281483874,25594.918284453295,6.4580290866783105,12.435996071915893,0.6176099999965707
919.9999999999795,4.046383708352423,4.0503475723108995,0.003963863958476921,0.0019320700892876829,0.0979606543565019,0.04742568353381119,28984.901623453537,29000.06206933748,15.160445883942884,12.833403102918732,0.05230463115208781,0.04419217205800208,299306.3031709211,307258.8961206892,7952.592949768121,25594.918284453295,2.657008177080298,12.435996071915893,1.9951999999718095
920.9999999999795,4.048364109926354,4.051790245793303,0.003426135866948954,0.0019320700892876829,0.08463013142884722,0.04742568353381119,28970.1899948977,28985.373398565585,15.183403667884704,12.833403102918732,0.05241043869770561,0.04419217205800208,583018.5851418532,590187.4026856419,7168.817543788697,25594.918284453295,1.2296036055256223,12.435996071915893,1.8973000000020035
921.9999999999794,4.056425164352225,4.058928672787157,0.0025035084349323,0.0019320700892876829,0.06171711133569225,0.04742568353381119,28953.156660281653,28968.440469008867,15.28380872721391,12.833403102918732,0.05278805660655459,0.04419217205800208,897403.7013204463,902337.3299311864,4933.6286107400665,25594.918284453295,0.5497669113110063,12.435996071915893,1.5929000000062639
922.9999999999794,4.079987470751674,4.081042963315897,0.001055492564223215,0.0019320700892876829,0.02586999523380293,0.04742568353381119,28944.546392483022,28959.99337230327,15.446979820248089,12.833403102918732,0.05336749662886309,0.04419217205800208,1.0316342972794453e6,1.033237960447577e6,1603.6631681316067,25594.918284453295,0.15544880316219384,12.435996071915893,0.8802100000146652
923.9999999999794,4.079180241947191,4.080346934758728,0.0011666928115365849,0.0019320700892876829,0.028601158623470523,0.04742568353381119,28943.488094189717,28959.08145609996,15.593361910243402,12.833403102918732,0.05387519935226364,0.04419217205800208,1.0150160881643124e6,1.013798584130613e6,-1217.5040336993989,25594.918284453295,-0.11994923508072589,12.435996071915893,0.8882099999998355
924.9999999999793,4.058684675825742,4.061099388927796,0.002414713102053767,0.0019320700892876829,0.059494966840765766,0.04742568353381119,28944.831996949375,28960.525523581382,15.693526632006979,12.833403102918732,0.054218751843717695,0.04419217205800208,956628.0891051273,953620.4251423378,-3007.663962789462,25594.918284453295,-0.3144026395464684,12.435996071915893,1.4705999999879498
925.9999999999793,4.077525813335119,4.078860500983199,0.0013346876480797576,0.0019320700892876829,0.03273278230918372,0.04742568353381119,28939.93588017638,28955.733623394688,15.797743218307005,12.833403102918732,0.054588038078993574,0.04419217205800208,1.0268351604940164e6,1.0220084214573476e6,-4826.7390366687905,25594.918284453295,-0.47005977418484757,12.435996071915893,0.9164000000114669
926.9999999999792,4.084176942689045,4.085158230827232,0.0009812881381865424,0.0019320700892876829,0.024026582392398913,0.04742568353381119,28936.09266724045,28951.972091717445,15.879424476996064,12.833403102918732,0.05487756989033184,0.04419217205800208,1.0732795990402459e6,1.067132752626881e6,-6146.846413364867,25594.918284453295,-0.5727162259360501,12.435996071915893,0.7291800000038952
927.9999999999792,4.083959927063347,4.085068119706841,0.0011081926434934886,0.0019320700892876829,0.02713524773222632,0.04742568353381119,28937.54232350268,28953.46852210616,15.926198603479861,12.833403102918732,0.05503645895506758,0.04419217205800208,1.0146191212250268e6,1.0078660654586948e6,-6753.055766331963,25594.918284453295,-0.6655754484676462,12.435996071915893,0.7324799999999313
928.9999999999792,4.076422783552842,4.077993717326395,0.001570933773552774,0.0019320700892876829,0.03853706685898789,0.04742568353381119,28938.172943159385,28954.13619778732,15.963254627935385,12.833403102918732,0.055163312000693854,0.04419217205800208,977142.2755061644,969964.8562023982,-7177.419303766219,25594.918284453295,-0.734531652521971,12.435996071915893,0.9326399999958358
929.9999999999791,4.114149196789531,4.113915177626758,-0.00023401916277254742,0.0019320700892876829,-0.0056881545023978195,0.04742568353381119,28936.398440899575,28952.39070916843,15.992268268855696,12.833403102918732,0.05526696178696428,0.04419217205800208,989591.6998381168,982137.4451957848,-7454.254642331973,25594.918284453295,-0.753265679527363,12.435996071915893,-0.020720999980057234
930.9999999999791,4.107331502374383,4.107552681122335,0.00022117874795135606,0.0019320700892876829,0.00538497435192402,0.04742568353381119,28939.981170246345,28955.977284950888,15.996114704543288,12.833403102918732,0.05527341089284864,0.04419217205800208,896012.5303115048,888764.4732063749,-7248.057105129934,25594.918284453295,-0.8089236321963152,12.435996071915893,0.14881999999645348
931.999999999979,4.092243432966241,4.093370115159382,0.0011266821931403825,0.0019320700892876829,0.027532140049735816,0.04742568353381119,28946.493271302497,28962.46795677153,15.974685469031101,12.833403102918732,0.05518694551118002,0.04419217205800208,750610.5289938322,744032.0561760941,-6578.472817738075,25594.918284453295,-0.8764162723051985,12.435996071915893,0.5321199999919384
932.999999999979,4.092425747446142,4.093546705622761,0.001120958176619169,0.0019320700892876829,0.027391044964436985,0.04742568353381119,28946.171394607893,28962.12042543959,15.949030831696291,12.833403102918732,0.055098930405239305,0.04419217205800208,747290.1857290313,741411.7147728559,-5878.470956175472,25594.918284453295,-0.7866383191478197,12.435996071915893,0.53212
933.999999999979,4.115028205571855,4.115048463478545,2.025790668991334e-5,0.0019320700892876829,0.0004922908344220729,0.04742568353381119,28943.978484022413,28959.899532441803,15.92104841938999,12.833403102918732,0.05500642708181492,0.04419217205800208,779000.6980041087,773823.0146448738,-5177.683359234943,25594.918284453295,-0.6646570885624077,12.435996071915893,-0.021469999988356858
934.9999999999789,4.108417601668948,4.108820347276971,0.0004027456080235581,0.0019320700892876829,0.009802937458449993,0.04742568353381119,28946.690018711313,28962.583276598816,15.893257887502841,12.833403102918732,0.05490526853754037,0.04419217205800208,711392.3527203068,706873.8274280044,-4518.525292302482,25594.918284453295,-0.6351664134459706,12.435996071915893,0.14397999999650143
935.9999999999789,4.108856598744845,4.109336416014102,0.0004798172692570546,0.0019320700892876829,0.011677634829203505,0.04742568353381119,28950.5342068099,28966.39701016071,15.862803350806644,12.833403102918732,0.05479278288092974,0.04419217205800208,625199.4602721966,621361.9501248782,-3837.5101473183604,25594.918284453295,-0.6138057357963173,12.435996071915893,0.14208000000004017
936.9999999999789,4.093951437308217,4.095149513239402,0.0011980759311853717,0.0019320700892876829,0.02926453695242437,0.04742568353381119,28951.63965945907,28967.466330563824,15.826671104754496,12.833403102918732,0.05466588867129538,0.04419217205800208,596900.7946176548,593826.29162499,-3074.502992664813,25594.918284453295,-0.5150777181716081,12.435996071915893,0.5146699999921213
937.9999999999787,4.079479349053248,4.081346491900032,0.00186714284678402,0.0019320700892876829,0.04576914569299978,0.04742568353381119,28950.199416806445,28965.991922689907,15.792505883462582,12.833403102918732,0.054550594474643124,0.04419217205800208,618766.6581881928,616383.8058213516,-2382.8523668411653,25594.918284453295,-0.3850970855182117,12.435996071915893,0.8922199999919735
938.9999999999787,4.058914426144281,4.06175560167211,0.0028411755278288098,0.0019320700892876829,0.06999840916892036,0.04742568353381119,28944.71851182004,28960.49563885187,15.777127031829878,12.833403102918732,0.0545077922432966,0.04419217205800208,717619.275406895,715532.3738144891,-2086.901592405862,25594.918284453295,-0.29080902143028065,12.435996071915893,1.476999999987568
939.9999999999786,4.092562188871332,4.093409966285311,0.0008477774139787897,0.0019320700892876829,0.020715077129044048,0.04742568353381119,28935.401355738497,28951.20082351777,15.799467779273982,12.833403102918732,0.054602552717453894,0.04419217205800208,885669.8939045076,883134.5571221921,-2535.336782315513,25594.918284453295,-0.28626204862156823,12.435996071915893,0.5321200000201951
940.9999999999786,4.120210030701432,4.119716120761422,-0.0004939099400100844,0.0019320700892876829,-0.011987494237666332,0.04742568353381119,28932.131381688025,28947.96808336417,15.836701676144003,12.833403102918732,0.05473741794967621,0.04419217205800208,925771.1153841018,922532.4024016472,-3238.71298245457,25594.918284453295,-0.34983949365398276,12.435996071915893,-0.15333999998534958
941.9999999999786,4.092890186156778,4.093908699463786,0.0010185133070086394,0.0019320700892876829,0.024884940975292157,0.04742568353381119,28939.788010686087,28955.641930058417,15.853919372329983,12.833403102918732,0.0547824309095695,0.04419217205800208,750870.2748342745,747366.5189285853,-3503.755905689206,25594.918284453295,-0.4666259969423512,12.435996071915893,0.5221099999855635
942.9999999999785,4.126061184513734,4.1256275655958765,-0.0004336189178575367,0.0019320700892876829,-0.01050927018448079,0.04742568353381119,28942.76573149955,28958.622735582143,15.857004082594358,12.833403102918732,0.0547874526909381,0.04419217205800208,679743.2250050659,676263.4241811266,-3479.8008239392657,25594.918284453295,-0.5119287248377256,12.435996071915893,-0.28093999998274505
943.9999999999785,4.066011558957256,4.068578879145793,0.0025673201885370034,0.0019320700892876829,0.06314099582135478,0.04742568353381119,28945.378039375006,28961.209979356918,15.831939981912,12.833403102918732,0.05469591711801269,0.04419217205800208,618860.2084834785,615951.518715408,-2908.6897680704715,25594.918284453295,-0.47000756038237407,12.435996071915893,1.2616999999668537
944.9999999999785,4.052654383841078,4.055909890587769,0.0032555067466910614,0.0019320700892876829,0.08033023392450049,0.04742568353381119,28942.160356839893,28957.975816041722,15.815459201829071,12.833403102918732,0.054645054159170287,0.04419217205800208,674919.3742905637,672377.0598451083,-2542.314445455442,25594.918284453295,-0.3766841703318676,12.435996071915893,1.670699999991212
945.9999999999784,4.0568536732424025,4.059495774391276,0.0026421011488730883,0.0019320700892876829,0.06512685350964147,0.04742568353381119,28927.801425705704,28943.64512673592,15.843701030215016,12.833403102918732,0.054769807069181733,0.04419217205800208,945485.7640509354,942412.198847953,-3073.5652029823978,25594.918284453295,-0.32507789327400366,12.435996071915893,1.515100000003361
946.9999999999784,4.1250071350132895,4.124045395347965,-0.0009617396653247567,0.0019320700892876829,-0.023314860649850933,0.04742568353381119,28918.18875833412,28934.1044416868,15.91568335267948,12.833403102918732,0.055036930167670466,0.04419217205800208,1.106876521032145e6,1.1024473031788361e6,-4429.217853308888,25594.918284453295,-0.40015464861235933,12.435996071915893,-0.29015999996100544
947.9999999999783,4.154922512407784,4.152689376592705,-0.0022331358150786684,0.0019320700892876829,-0.05374674999136296,0.04742568353381119,28924.23156751719,28940.203865156076,15.97229763888754,12.833403102918732,0.05522116500002347,0.04419217205800208,953952.802643353,948547.5429681346,-5405.2596752183745,25594.918284453295,-0.5666170968040226,12.435996071915893,-1.065599999983162
948.9999999999783,4.189087659572952,4.185343117450657,-0.0037445421222948028,0.0019320700892876829,-0.08938801062655569,0.04742568353381119,28942.651852156258,28958.619009221773,15.967157065515494,12.833403102918732,0.05516825875900492,0.04419217205800208,569829.9630981394,564706.7752521397,-5123.187845999724,25594.918284453295,-0.8990730880744121,12.435996071915893,-2.1014999999775066
949.9999999999783,4.182604119363217,4.179865364661238,-0.0027387547019790404,0.0019320700892876829,-0.06547965391465267,0.04742568353381119,28964.12212032711,28979.98593441846,15.863814091349923,12.833403102918732,0.054770567619643655,0.04419217205800208,148157.49761537358,145215.02515978922,-2942.472455584357,25594.918284453295,-1.9860435704868644,12.435996071915893,-1.8141000000062408
950.9999999999782,4.2133676482741675,4.208940579985968,-0.00442706828819972,0.0019320700892876829,-0.10507196755101791,0.04742568353381119,28982.3351688618,28997.984448453106,15.649279591307277,12.833403102918732,0.05399592372432652,0.04419217205800208,-189063.30835168727,-187770.7839535002,-1292.524398187059,25594.918284453295,0.6836463454785007,12.435996071915893,-2.8746999999768494
951.9999999999782,4.204933997759677,4.201570137154225,-0.003363860605452018,0.0019320700892876829,-0.07999794068692233,0.04742568353381119,29000.327486122726,29015.590351684194,15.262865561468061,12.833403102918732,0.05262997657102896,0.04419217205800208,-509199.8789645432,-500517.563935234,-8682.315029309248,25594.918284453295,1.7050897669034633,12.435996071915893,-2.450500000009259
952.9999999999781,4.192497072147958,4.190355087253058,-0.0021419848948998066,0.0019320700892876829,-0.05109090973800955,0.04742568353381119,29017.966248031957,29032.768357249028,14.80210921707112,12.833403102918732,0.05101015381488019,0.04419217205800208,-811373.574419624,-794210.3538242495,-17163.220595374587,25594.918284453295,2.115329009531947,12.435996071915893,-1.917000000011706
953.9999999999781,4.177381620128905,4.176183161264847,-0.0011984588640583382,0.0019320700892876829,-0.02868923581899985,0.04742568353381119,29025.60032238233,29040.060983651027,14.460661268694821,12.833403102918732,0.04982036928808622,0.04419217205800208,-907311.3207485585,-884391.42480004,-22919.895948518533,25594.918284453295,2.5261335799942346,12.435996071915893,-1.3812000000117561
954.9999999999781,4.159210548067934,4.158836535393797,-0.00037401267413716965,0.0019320700892876829,-0.00899239578796771,0.04742568353381119,29027.323536069347,29041.567019493672,14.24348342432495,12.833403102918732,0.04906922750430642,0.04419217205800208,-889764.5405245358,-863707.0587640567,-26057.48176047916,25594.918284453295,2.928581728500632,12.435996071915893,-0.8435000000117979
955.999999999978,4.138119117978408,4.138502043461042,0.0003829254826337447,0.0019320700892876829,0.00925361188782828,0.04742568353381119,29024.807029361775,29038.959818979165,14.152789617390226,12.833403102918732,0.048761011927049604,0.04419217205800208,-796119.3874673672,-769437.4775460984,-26681.909921268816,25594.918284453295,3.351496062186088,12.435996071915893,-0.30467000001188405
956.999999999978,4.124077006314866,4.1247946084764875,0.0007176021616217554,0.0019320700892876829,0.017400309463740594,0.04742568353381119,29018.81198015124,29032.95728382352,14.145303672281443,12.833403102918732,0.04874528868361937,0.04419217205800208,-643497.6799140734,-617733.678698346,-25764.001215727418,25594.918284453295,4.003744227821877,12.435996071915893,0.028559999992650527
957.999999999978,4.1236638132632075,4.124101266888677,0.00043745362546943056,0.0019320700892876829,0.010608372682138153,0.04742568353381119,29011.22618541899,29025.40237160739,14.176186188400607,12.833403102918732,0.04886448472669364,0.04419217205800208,-470360.61245495285,-446125.04273974086,-24235.569715211983,25594.918284453295,5.152550845769014,12.435996071915893,0.030391999999959594
958.9999999999778,4.123258515011251,4.123502304555729,0.0002437895444780125,0.0019320700892876829,0.0059125457108853445,0.04742568353381119,29005.402324144223,29019.625532613707,14.223208469484234,12.833403102918732,0.049036411598555124,0.04419217205800208,-341942.0796208585,-319410.3536595883,-22531.72596127016,25594.918284453295,6.589339921618621,12.435996071915893,0.030392
959.9999999999778,4.116280291228569,4.116716974797737,0.0004366835691680393,0.0019320700892876829,0.010608693730078915,0.04742568353381119,29001.99029115865,29016.272160883284,14.281869724632998,12.833403102918732,0.04924444695434185,0.04419217205800208,-267032.06035411655,-246308.66827596098,-20723.392078155564,25594.918284453295,7.760638198527121,12.435996071915893,0.18803999999650514
960.9999999999777,4.082847463429696,4.0847758536596865,0.0019283902299909172,0.0019320700892876829,0.04723150319142759,0.04742568353381119,28998.526904271126,29012.873684348855,14.346780077728909,12.833403102918732,0.04947416855031972,0.04419217205800208,-193677.60021613855,-174774.23249873408,-18903.36771740447,25594.918284453295,9.7602240508499,12.435996071915893,1.0213999999814305
961.9999999999777,4.052656970659589,4.056072959322731,0.0034159886631419667,0.0019320700892876829,0.0842901012316865,0.04742568353381119,28989.511223982146,29003.933003509184,14.42177952703787,12.833403102918732,0.04974826728057136,0.04419217205800208,-13832.44944302508,3149.5968147211893,-10682.85262830389,25594.918284453295,77.23037537426639,12.435996071915893,1.9180999999800192
962.9999999999777,4.0272725994214404,4.03201081441541,0.004738214993969869,0.0019320700892876829,0.11765319771625499,0.04742568353381119,28972.70426631319,28987.246578319875,14.54231200668437,12.833403102918732,0.05019314687718965,0.04419217205800208,310336.6755166509,324593.82393187797,14257.148415227071,25594.918284453295,4.594090721469405,12.435996071915893,2.816299999979986
963.9999999999776,4.004984227379207,4.0109559505046795,0.005971723125472117,0.0019320700892876829,0.14910728198747264,0.04742568353381119,28950.933903576268,28965.73668267131,14.802779095043661,12.833403102918732,0.05113057542235311,0.04419217205800208,716117.6158323494,725027.2640749523,8909.64824260294,25594.918284453295,1.2441599041307176,12.435996071915893,3.71689999997983
964.9999999999776,4.013606406295618,4.018218306752675,0.004611900457057061,0.0019320700892876829,0.11490664480261388,0.04742568353381119,28925.56540744219,28940.90195170259,15.336544260400842,12.833403102918732,0.05302072420840195,0.04419217205800208,1.1743040191610479e6,1.1727574901146134e6,-1546.5290464344434,25594.918284453295,-0.13169750091967858,12.435996071915893,3.2264000000109854
965.9999999999775,4.045917818888158,4.047785246394135,0.001867427505976238,0.0019320700892876829,0.046155843731136834,0.04742568353381119,28905.433888482174,28921.419305119012,15.985416636838636,12.833403102918732,0.055302462154730975,0.04419217205800208,1.5103961359602257e6,1.4966532981289874e6,-13742.837831238285,25594.918284453295,-0.9098830104263578,12.435996071915893,1.897300000029918
966.9999999999775,4.02864821015842,4.0317790354583005,0.003130825299880513,0.0019320700892876829,0.07771404045620052,0.04742568353381119,28900.501458918166,28916.886696462152,16.385237543985568,12.833403102918732,0.05669533993130553,0.04419217205800208,1.5375708328686412e6,1.517074839388342e6,-20495.993480299134,25594.918284453295,-1.3330113346426986,12.435996071915893,2.475299999986989
967.9999999999775,4.03619102524886,4.0389233139411465,0.0027322886922860334,0.0019320700892876829,0.06769473186957418,0.04742568353381119,28897.022961586077,28913.731966706426,16.709005120348593,12.833403102918732,0.05782258311716233,0.04419217205800208,1.5439715943929753e6,1.5183820106835903e6,-25589.583709385013,25594.918284453295,-1.6573869494953863,12.435996071915893,2.163700000007014
968.9999999999774,4.041687314875285,4.044056554734148,0.002369239858862393,0.0019320700892876829,0.058620068161693024,0.04742568353381119,28889.59448882088,28906.633416942554,17.038928121673962,12.833403102918732,0.05897946448596691,0.04419217205800208,1.6337213320786995e6,1.6030049435833073e6,-30716.388495392166,25594.918284453295,-1.8801485842331218,12.435996071915893,1.9398000000050655
969.9999999999774,4.033646088591407,4.0366542686607305,0.003008180069323352,0.0019320700892876829,0.07457719401391114,0.04742568353381119,28885.96672974726,28903.20187411832,17.235144371061324,12.833403102918732,0.059666150460916646,0.04419217205800208,1.6477026725900017e6,1.614601657200383e6,-33101.0153896187,25594.918284453295,-2.008919202491045,12.435996071915893,2.2005999999941
970.9999999999774,4.007050609846648,4.012075800961792,0.00502519111514399,0.0019320700892876829,0.12540872587921484,0.04742568353381119,28880.806396815547,28898.24930322078,17.442906405231042,12.833403102918732,0.06039618896221101,0.04419217205800208,1.6951154391080188e6,1.6593647940043432e6,-35750.645103675546,25594.918284453295,-2.1090389644783,12.435996071915893,3.239399999976498
971.9999999999773,3.988520735978575,3.9949068767652527,0.006386140786677874,0.0019320700892876829,0.16011301455879354,0.04742568353381119,28867.52974884196,28885.372444839533,17.842695997573173,12.833403102918732,0.0618088771460916,0.04419217205800208,1.9024662019400683e6,1.8603004754847519e6,-42165.72645531641,25594.918284453295,-2.216371907806682,12.435996071915893,4.056099999981431
972.9999999999773,4.008689990950699,4.01291272478986,0.0042227338391613856,0.0019320700892876829,0.10533949616193504,0.04742568353381119,28846.8184450564,28865.359158628118,18.540713571717788,12.833403102918732,0.06427299290225605,0.04419217205800208,2.2468527649427997e6,2.1926496464052023e6,-54203.11853759736,25594.918284453295,-2.412401888691503,12.435996071915893,3.06170000002261
973.9999999999771,4.038135241276781,4.040060172770593,0.0019249314938116768,0.0019320700892876829,0.047668821839732395,0.04742568353381119,28833.469970529506,28852.58834736583,19.118376836322568,12.833403102918732,0.06630619504299458,0.04419217205800208,2.430948369589504e6,2.367610262850027e6,-63338.10673947679,25594.918284453295,-2.6054895912977463,12.435996071915893,1.8867000000268501
974.9999999999771,4.057034327534906,4.058107289695729,0.0010729621608236428,0.0019320700892876829,0.02644695790571694,0.04742568353381119,28834.845589751203,28854.107773024636,19.26218327343304,12.833403102918732,0.06680175627602256,0.04419217205800208,2.3216689262358267e6,2.258016490593651e6,-63652.43564217584,25594.918284453295,-2.741667208570386,12.435996071915893,1.2684000000141287
975.9999999999771,4.072126701534552,4.07281833129282,0.0006916297582675313,0.0019320700892876829,0.016984485232419105,0.04742568353381119,28842.38913712385,28861.577782064258,19.188644940408267,12.833403102918732,0.06652931852899115,0.04419217205800208,2.1037822593442793e6,2.0438567756883218e6,-59925.483655957505,25594.918284453295,-2.848464159719432,12.435996071915893,0.8412100000097618
976.999999999977,4.080613741192808,4.081272622684361,0.0006588814915531316,0.0019320700892876829,0.016146627280643654,0.04742568353381119,28850.49702825945,28869.5455848402,19.0485565807503,12.833403102918732,0.06602505517354514,0.04419217205800208,1.8903084309124916e6,1.8350407886800708e6,-55267.642232420854,25594.918284453295,-2.923736747327631,12.435996071915893,0.6239600000049891
977.999999999977,4.081069764726575,4.082034072536134,0.0009643078095589175,0.0019320700892876829,0.023628799926274344,0.04742568353381119,28857.956010183396,28876.841441997123,18.885431813727337,12.833403102918732,0.06544272160877591,0.04419217205800208,1.7018363476977008e6,1.6513368862383298e6,-50499.46145937103,25594.918284453295,-2.967351210219968,12.435996071915893,0.62396
978.9999999999769,4.13651461970705,4.135028962882,-0.0014856568250500857,0.0019320700892876829,-0.03591566721345955,0.04742568353381119,28863.214490651506,28881.94195553727,18.727464885763766,12.833403102918732,0.06488350385169121,0.04419217205800208,1.5657516209427244e6,1.5196295321393078e6,-46122.088803416584,25594.918284453295,-2.9456836056568734,12.435996071915893,-0.7611999999680327
979.9999999999769,4.100187618773369,4.100822486883818,0.000634868110449105,0.0019320700892876829,0.015483879506934247,0.04742568353381119,28875.79935946763,28894.358956777527,18.55959730989707,12.833403102918732,0.06427388235682507,0.04419217205800208,1.2908250988137866e6,1.2490477353604706e6,-41777.36345331604,25594.918284453295,-3.2364852133497912,12.435996071915893,0.17538999997838495
980.9999999999769,4.10897466101877,4.109462217617829,0.0004875565990589692,0.0019320700892876829,0.011865651148554065,0.04742568353381119,28886.080713382675,28904.454818733673,18.374105350998434,12.833403102918732,0.06360885553603632,0.04419217205800208,1.0744613289207865e6,1.037172077496641e6,-37289.251424145536,25594.918284453295,-3.470506608329935,12.435996071915893,-0.016638999995568275
981.9999999999768,4.115462008524151,4.115675345814234,0.0002133372900825492,0.0019320700892876829,0.005183799282818656,0.04742568353381119,28888.03865634479,28906.218090693852,18.17943434906192,12.833403102918732,0.06293066332860608,0.04419217205800208,1.0298667199329692e6,997049.4374397384,-32817.28249323077,25594.918284453295,-3.1865562657823086,12.435996071915893,-0.16095999999665286
982.9999999999768,4.11031726718903,4.110872643938537,0.0005553767495065642,0.0019320700892876829,0.01351177326236853,0.04742568353381119,28893.221806905,28911.214165071597,17.992358166597114,12.833403102918732,0.062271899917707485,0.04419217205800208,919571.7276986829,890895.901394072,-28675.826304610935,25594.918284453295,-3.1183892937177355,12.435996071915893,-0.018271000003309258
983.9999999999768,4.122332829741506,4.122376660116422,4.383037491617614e-5,0.0019320700892876829,0.0010632420216036887,0.04742568353381119,28897.153349289492,28914.979687506773,17.826338217280863,12.833403102918732,0.061688907560575226,0.04419217205800208,837037.6830343746,811939.1442949048,-25098.538739469834,25594.918284453295,-2.998495676859403,12.435996071915893,-0.2980999999935101
984.9999999999767,4.111607490351201,4.112212708594988,0.0006052182437876752,0.0019320700892876829,0.01471974757337499,0.04742568353381119,28901.424370314206,28919.0909258188,17.666555504594726,12.833403102918732,0.061126937130270786,0.04419217205800208,749321.0744087392,727565.1046152615,-21755.969793477678,25594.918284453295,-2.9034242511655615,12.435996071915893,-0.019866000006484467
985.9999999999767,4.123250939262482,4.123342258301007,9.131903852566126e-5,0.0019320700892876829,0.0022147339531557913,0.04742568353381119,28904.85947107302,28922.37762982799,17.5181587549705,12.833403102918732,0.060606275469016084,0.04419217205800208,680137.9925054396,661401.3708223033,-18736.62168313621,25594.918284453295,-2.7548265042680087,12.435996071915893,-0.2910599999936796
986.9999999999766,4.1581679159947535,4.156511026735825,-0.0016568892589283735,0.0019320700892876829,-0.03984661736614833,0.04742568353381119,28907.79894004525,28925.178067677993,17.379127632742893,12.833403102918732,0.06011916600356598,0.04419217205800208,621797.340775043,605814.2950459614,-15983.045729081612,25594.918284453295,-2.5704590034366257,12.435996071915893,-1.1983999999787505
987.9999999999766,4.187470634960714,4.184245881962253,-0.0032247529984603673,0.0019320700892876829,-0.0770095668620879,0.04742568353381119,28918.48760641997,28935.697998300675,17.210391880704265,12.833403102918732,0.05951345767087597,0.04419217205800208,411769.68617198133,399056.5486577435,-12713.137514237838,25594.918284453295,-3.0874389109177938,12.435996071915893,-2.10149999997885
988.9999999999766,4.1249450142782775,4.125586608761437,0.00064159448315948,0.0019320700892876829,0.015554012985352165,0.04742568353381119,28937.42314652257,28954.36985503527,16.946708512699843,12.833403102918732,0.058563295103684236,0.04419217205800208,49324.66816024005,41649.10062775127,-7675.567532488778,25594.918284453295,-15.561316109726917,12.435996071915893,-0.2550700000432425
989.9999999999765,4.097175554503244,4.099127643898289,0.0019520893950444318,0.0019320700892876829,0.04764475842141721,0.04742568353381119,28943.035112245027,28959.768952210507,16.73383996548,12.833403102918732,0.05781646569056734,0.04419217205800208,-34075.238745871764,-37911.51578892291,3836.2770430511446,25594.918284453295,-11.25825433436152,12.435996071915893,0.4477099999834614
990.9999999999765,4.077787195376179,4.080299046754369,0.0025118513781903218,0.0019320700892876829,0.061598392898936004,0.04742568353381119,28932.108805978394,28948.7355069678,16.626700989407254,12.833403102918732,0.05746798859670952,0.04419217205800208,206001.38012587055,203815.61042481844,-2185.769701052108,25594.918284453295,-1.0610461443105688,12.435996071915893,0.9504599999881687
991.9999999999765,4.053501627495673,4.056997754826168,0.003496127330494758,0.0019320700892876829,0.0862495603006512,0.04742568353381119,28920.608491218427,28937.146769524476,16.538278306048596,12.833403102918732,0.05718509799359978,0.04419217205800208,438563.06320144306,437676.3109150952,-886.7522863478516,25594.918284453295,-0.20219493175615294,12.435996071915893,1.654699999983427
992.9999999999764,4.062482374041072,4.065057185719791,0.00257481167871898,0.0019320700892876829,0.06338025477160997,0.04742568353381119,28906.755903734807,28923.27065829657,16.514754561761947,12.833403102918732,0.057131124006994535,0.04419217205800208,703464.188522448,702614.5856417351,-849.6028807128314,25594.918284453295,-0.12077414807672475,12.435996071915893,1.351400000007172
993.9999999999764,4.107879660073997,4.107904669694377,2.5009620379989883e-5,0.0019320700892876829,0.0006088206678269484,0.04742568353381119,28895.735221862262,28912.294959981988,16.559738119725807,12.833403102918732,0.05730858894082354,0.04419217205800208,899106.801034078,897020.2240740409,-2086.576960037113,25594.918284453295,-0.23207220295045097,12.435996071915893,0.12861000002891515
994.9999999999762,4.0934911918219505,4.094295652074752,0.0008044602528016753,0.0019320700892876829,0.019652179890086007,0.04742568353381119,28897.958534786125,28914.584749368732,16.626214582607645,12.833403102918732,0.0575342184209785,0.04419217205800208,826506.94281206,822887.0378171346,-3619.9049949253676,25594.918284453295,-0.43797635656988065,12.435996071915893,0.4782599999916921
995.9999999999762,4.079917822419082,4.081550739715401,0.0016329172963187588,0.0019320700892876829,0.04002328888454333,0.04742568353381119,28902.667535785706,28919.339040172963,16.6715043872573,12.833403102918732,0.05768154225424194,0.04419217205800208,713177.5390325729,708558.1497005066,-4619.38933206629,25594.918284453295,-0.647719407755396,12.435996071915893,0.8326899999915786
996.9999999999762,4.113930653884183,4.113888520758163,-4.213312602008301e-5,0.0019320700892876829,-0.0010241574193843752,0.04742568353381119,28899.464952987895,28916.161442323493,16.696489335598017,12.833403102918732,0.05777438912021026,0.04419217205800208,763290.9564209582,758136.6466209425,-5154.309800015646,25594.918284453295,-0.6752745799824494,12.435996071915893,-0.023435999979657975
997.9999999999761,4.09364853006755,4.094626325660452,0.0009777955929024529,0.0019320700892876829,0.023885675228848192,0.04742568353381119,28901.012174869593,28917.708021969866,16.69584710027266,12.833403102918732,0.05776907396617154,0.04419217205800208,716630.4645117144,711476.877677059,-5153.586834655376,25594.918284453295,-0.7191414668879366,12.435996071915893,0.4758799999880793
998.9999999999761,4.093840165254604,4.0948927130258435,0.0010525477712395315,0.0019320700892876829,0.025710524318285674,0.04742568353381119,28903.657422832974,28920.347421974602,16.689999141628505,12.833403102918732,0.05774355437953652,0.04419217205800208,651559.6379199009,646510.2909622316,-5049.346957669361,25594.918284453295,-0.774963129052831,12.435996071915893,0.47588
999.999999999976,4.04425582675284,4.047966636232749,0.003710809479908761,0.0019320700892876829,0.09175506295525807,0.04742568353381119,28901.493939098924,28918.17615296492,16.682213865995436,12.833403102918732,0.057720939620450454,0.04419217205800208,684587.1942514069,679679.0253823763,-4908.168869030662,25594.918284453295,-0.7169530645979615,12.435996071915893,1.9058999999656967
1000.999999999976,4.059046198797248,4.061601904926284,0.002555706129035329,0.0019320700892876829,0.06296321854608652,0.04742568353381119,28891.074359928898,28907.78216311379,16.70780318489051,12.833403102918732,0.05783032841472921,0.04419217205800208,877227.1826641354,871801.6177246795,-5425.564939455828,25594.918284453295,-0.6184902892519141,12.435996071915893,1.413900000011802
1001.999999999976,4.051170000308878,4.053911114350847,0.002741114041969084,0.0019320700892876829,0.06766228131033972,0.04742568353381119,28878.987154201102,28895.7612888395,16.77413463839912,12.833403102918732,0.05808422071325635,0.04419217205800208,1.0914189373271526e6,1.084711581405955e6,-6707.355921197683,25594.918284453295,-0.614553742087687,12.435996071915893,1.635299999994689
1002.9999999999759,4.0753769347031525,4.076674557485258,0.0012976227821051012,0.0019320700892876829,0.03184055862552059,0.04742568353381119,28872.791507023514,28889.6681916277,16.876684604187176,12.833403102918732,0.05845186323629913,0.04419217205800208,1.1794386862943673e6,1.170812556543311e6,-8626.1297510562,25594.918284453295,-0.7313758528778043,12.435996071915893,0.9042800000176188
1003.9999999999759,4.067723590179876,4.069445332211678,0.001721742031802087,0.0019320700892876829,0.04232691808161801,0.04742568353381119,28870.575477972532,28887.5490928558,16.973614883267146,12.833403102918732,0.05879209057061421,0.04419217205800208,1.1876252969886682e6,1.177291691940036e6,-10333.60504863225,25594.918284453295,-0.8701065121157358,12.435996071915893,1.1060999999951358
1004.9999999999759,4.060283724206821,4.062506179264818,0.00222245505799723,0.0019320700892876829,0.05473644722774609,0.04742568353381119,28870.802426669794,28887.84000436259,17.03757769279764,12.833403102918732,0.05901317684561115,0.04419217205800208,1.1502504218388654e6,1.1389320014944936e6,-11318.420344371814,25594.918284453295,-0.9839961915664808,12.435996071915893,1.3174999999949049
1005.9999999999758,4.080536384207429,4.081645075862813,0.0011086916553839643,0.0019320700892876829,0.02717024310026604,0.04742568353381119,28866.683701220867,28883.79205006881,17.10834884794167,12.833403102918732,0.05926676242071445,0.04419217205800208,1.202389118400719e6,1.1899774727854652e6,-12411.64561525383,25594.918284453295,-1.0322486643726771,12.435996071915893,0.7423900000139265
1006.9999999999758,4.095732557235009,4.096155962805161,0.00042340557015219105,0.0019320700892876829,0.010337725040280174,0.04742568353381119,28865.86456639486,28883.01259984519,17.14803345033215,12.833403102918732,0.05940592359840694,0.04419217205800208,1.1874468007331963e6,1.1745885770074078e6,-12858.223725788528,25594.918284453295,-1.0828462982804063,12.435996071915893,0.3496700000095098
1007.9999999999757,4.121938821375261,4.121317690127906,-0.0006211312473549668,0.0019320700892876829,-0.01506890990555095,0.04742568353381119,28870.60807112336,28887.759745238272,17.151674114913476,12.833403102918732,0.05940877335406292,0.04419217205800208,1.0652712258842743e6,1.0526735778927435e6,-12597.64799153083,25594.918284453295,-1.1825765763149765,12.435996071915893,-0.28925999998445545
1008.9999999999757,4.14270836988794,4.1413337561748875,-0.0013746137130521419,0.0019320700892876829,-0.03318152257696395,0.04742568353381119,28879.18604182516,28896.311175217757,17.12513339259749,12.833403102918732,0.05929922459655025,0.04419217205800208,875488.5058611842,863709.4812172623,-11779.024643921875,25594.918284453295,-1.3454231055078565,12.435996071915893,-0.8046999999874598
1009.9999999999757,4.117771030814912,4.117927344718791,0.00015631390387937927,0.0019320700892876829,0.0037960805180671875,0.04742568353381119,28891.506498355055,28908.564207780084,17.057709425029316,12.833403102918732,0.0590405676007255,0.04419217205800208,622294.509281255,612081.5968144379,-10212.91246681707,25594.918284453295,-1.641170268176221,12.435996071915893,-0.1496300000159372
1010.9999999999756,4.1235848310017005,4.1236073934531845,2.2562451484020585e-5,0.0019320700892876829,0.0005471562344102356,0.04742568353381119,28897.92879853136,28914.893979307755,16.965180776394845,12.833403102918732,0.05870725509316447,0.04419217205800208,497357.80826704873,489116.1353473352,-8241.672919713543,25594.918284453295,-1.657091289755785,12.435996071915893,-0.27227999999700214
1011.9999999999756,4.113884448536452,4.114357775138576,0.00047332660212351385,0.0019320700892876829,0.011505588162348692,0.04742568353381119,28899.458281759365,28916.32036378709,16.862082027724682,12.833403102918732,0.058347398291433095,0.04419217205800208,471787.0819524468,465626.49640886596,-6160.585543580819,25594.918284453295,-1.3057978438251872,12.435996071915893,-0.023311000006085464
1012.9999999999754,4.119282308847649,4.119499819410521,0.00021751056287211412,0.0019320700892876829,0.00528030240619662,0.04742568353381119,28901.001686322303,28917.76992782487,16.768241502566525,12.833403102918732,0.05801958591110795,0.04419217205800208,443766.31366889394,439413.84522891894,-4352.468439974997,25594.918284453295,-0.9808019008902266,12.435996071915893,-0.14416999999703214
1013.9999999999754,4.124384113297983,4.124342946690481,-4.116660750153045e-5,0.0019320700892876829,-0.0009981273899489537,0.04742568353381119,28901.99816202105,28918.68893185361,16.690769832559454,12.833403102918732,0.05774953599745267,0.04419217205800208,425675.1046612172,422743.75416333386,-2931.350497883337,25594.918284453295,-0.6886356438947295,12.435996071915893,-0.2602499999971495
1014.9999999999754,4.119858057923942,4.12005890135689,0.00020084343294790585,0.0019320700892876829,0.004875008559132589,0.04742568353381119,28904.952208468305,28921.570237095028,16.618028626722662,12.833403102918732,0.057491977522986765,0.04419217205800208,368212.23203318706,366570.0172401252,-1642.2147930618376,25594.918284453295,-0.44599680569922634,12.435996071915893,-0.1397200000029598
1015.9999999999753,4.151000296818211,4.149702260829431,-0.0012980359887793114,0.0019320700892876829,-0.031270438351311866,0.04742568353381119,28907.131179471013,28923.683481816715,16.55230234570263,12.833403102918732,0.05726027340083329,0.04419217205800208,327810.0148889148,327286.46609774657,-523.5487911682576,25594.918284453295,-0.1597110421857224,12.435996071915893,-0.9190199999807745
1016.9999999999753,4.207176369843937,4.202486455020183,-0.004689914823754471,0.0019320700892876829,-0.11147416726740268,0.04742568353381119,28913.52542613871,28929.991921656543,16.46649551783412,12.833403102918732,0.056950839702680826,0.04419217205800208,205117.60361671456,206084.1344634936,966.530846779031,25594.918284453295,0.4712081409575666,12.435996071915893,-2.750099999954827
1017.9999999999753,4.203922561567017,4.200035941968092,-0.003886619598925556,0.0019320700892876829,-0.09245221675721861,0.04742568353381119,28934.97200797322,28951.19523421297,16.22322623974833,12.833403102918732,0.056067882959340384,0.04419217205800208,-208103.94365396042,-202595.70436376752,-5508.239290192898,25594.918284453295,2.646869248836588,12.435996071915893,-2.547200000005006
1018.9999999999752,4.191874242945033,4.189398937833449,-0.002475305111584447,0.0019320700892876829,-0.05905008042048042,0.04742568353381119,28958.419700614657,28974.26937076625,15.849670151594182,12.833403102918732,0.05473251066686407,0.04419217205800208,-639192.3531192511,-626798.1304766518,-12394.222642599256,25594.918284453295,1.9390442614207752,12.435996071915893,-2.01420000001321
1019.9999999999752,4.1773425923281415,4.175932585716559,-0.001410006611582304,0.0019320700892876829,-0.03375367426583202,0.04742568353381119,28969.5415303089,28985.04721772165,15.505687412751286,12.833403102918732,0.05352410357108593,0.04419217205800208,-809136.7333782085,-790757.781890686,-18378.951487522456,25594.918284453295,2.2714271555548975,12.435996071915893,-1.4787000000132715
1020.9999999999751,4.159840117333229,4.159312296844972,-0.0005278204882577242,0.0019320700892876829,-0.012688480166783353,0.04742568353381119,28973.129058363378,28988.383937325863,15.254878962485236,12.833403102918732,0.05265181724678704,0.04419217205800208,-829579.9354786006,-807271.438521466,-22308.496957134572,25594.918284453295,2.689131692205691,12.435996071915893,-0.9413700000133781
1021.9999999999751,4.139373171459468,4.139634460967121,0.0002612895076534727,0.0019320700892876829,0.006312296495880963,0.04742568353381119,28971.887972842345,28987.017126022325,15.129153179979767,12.833403102918732,0.052220114871911444,0.04419217205800208,-760832.0943654932,-737141.2923543832,-23690.802011110005,25594.918284453295,3.1138016109674354,12.435996071915893,-0.4027000000134115
1022.9999999999751,4.122293946309364,4.123055275375795,0.0007613290664307826,0.0019320700892876829,0.018468577843954833,0.04742568353381119,28966.86576912034,28981.962070414265,15.096301293924625,12.833403102918732,0.05211575672096977,0.04419217205800208,-626375.8086128618,-603079.7056738442,-23296.102939017583,25594.918284453295,3.719189441656101,12.435996071915893,0.009849799989728576
1023.999999999975,4.121185122360822,4.12169748570808,0.0005123633472585709,0.0019320700892876829,0.01243242737334409,0.04742568353381119,28959.528310447924,28974.639546922386,15.111236474462203,12.833403102918732,0.052180533855623684,0.04419217205800208,-456685.52595449076,-434603.1511960679,-22082.37475842284,25594.918284453295,4.835356827276232,12.435996071915893,0.030391999999486215
1024.999999999975,4.120822005368711,4.121123612859102,0.00030160749039076507,0.0019320700892876829,0.007319109876568878,0.04742568353381119,28953.413731315548,28968.560168748794,15.14643743324632,12.833403102918732,0.05231313161827331,0.04419217205800208,-321424.7675931642,-300821.78159173887,-20602.986001425306,25594.918284453295,6.409893722783383,12.435996071915893,0.030392
1025.999999999975,4.120526259299761,4.120710403168992,0.000184143869231157,0.0019320700892876829,0.004468940558637533,0.04742568353381119,28949.877485612018,28965.072511260336,15.195025648317824,12.833403102918732,0.052487357350198445,0.04419217205800208,-243674.61652392577,-224694.25011704606,-18980.366406879708,25594.918284453295,7.789225926622552,12.435996071915893,0.030392
1026.999999999975,4.120290308711522,4.120401857248112,0.0001115485365899005,0.0019320700892876829,0.002707297987087309,0.04742568353381119,28947.46974268122,28962.71966443859,15.24992175737134,12.833403102918732,0.052681363493702144,0.04419217205800208,-190976.45981851115,-173634.3432997472,-17342.11651876394,25594.918284453295,9.080761333226363,12.435996071915893,0.030392
1027.9999999999748,4.120101344486884,4.12016690866095,6.556417406589077e-5,0.0019320700892876829,0.0015913243045252348,0.04742568353381119,28945.673351784768,28960.977002065785,15.303650281017326,12.833403102918732,0.05287025143629528,0.04419217205800208,-151868.80261717355,-136047.3938661663,-15821.408751007257,25594.918284453295,10.41781358538093,12.435996071915893,0.030392
1028.9999999999748,4.119949828547292,4.119983761468169,3.3932920876722505e-5,0.0019320700892876829,0.0008236246141057346,0.04742568353381119,28944.26928173628,28959.623431478878,15.354149742597656,12.833403102918732,0.05304728750670539,0.04419217205800208,-121492.69304712891,-107051.07566743638,-14441.617379692529,25594.918284453295,11.886819707001145,12.435996071915893,0.030392
1029.9999999999748,4.11982845412058,4.119841281530618,1.2827410037274944e-5,0.0019320700892876829,0.00031135786793368045,0.04742568353381119,28943.138659220775,28958.539420983772,15.400761762997718,12.833403102918732,0.05321040659870282,0.04419217205800208,-97208.18479104475,-84006.92420021245,-13201.260590832302,25594.918284453295,13.580400271036087,12.435996071915893,0.030392
1030.9999999999748,4.1197315273035615,4.119728612439939,-2.9148636224718416e-6,0.0019320700892876829,-7.075372759495501e-5,0.04742568353381119,28942.208533332076,28957.65188927991,15.443355947834789,12.833403102918732,0.053359286420899876,0.04419217205800208,-77393.41149475037,-65302.130562336795,-12091.280932413574,25594.918284453295,15.623139875716335,12.435996071915893,0.030392
1031.9999999999748,4.119654523666815,4.119641010705673,-1.3512961142048141e-5,0.0019320700892876829,-0.0003280119986862526,0.04742568353381119,28941.430682325274,28956.912748747403,15.48206642212972,12.833403102918732,0.053494475073012616,0.04419217205800208,-60975.2314301225,-49875.523791379215,-11099.707638743283,25594.918284453295,18.20363347282007,12.435996071915893,0.030392
1032.9999999999745,4.119593847254202,4.119571861333922,-2.1985920279909976e-5,0.0019320700892876829,-0.000533691453456366,0.04742568353381119,28940.77155480431,28956.2887071144,15.51715231009075,12.833403102918732,0.05361692683523093,0.04419217205800208,-47206.35040438157,-36992.39923958445,-10213.951164797123,25594.918284453295,21.63681597349049,12.435996071915893,0.030392
1033.9999999999745,4.119546593086659,4.119519054834306,-2.753825235224383e-5,0.0019320700892876829,-0.0006684777494314054,0.04742568353381119,28940.206902871792,28955.755821059327,15.548918187534582,12.833403102918732,0.05372773677713974,0.04419217205800208,-35546.31502770785,-26124.320487269593,-9421.99454043826,25594.918284453295,26.506248349776758,12.435996071915893,0.030392
1034.9999999999745,4.119510430190946,4.119478097238917,-3.233295202864639e-5,0.0019320700892876829,-0.0007848736537158786,0.04742568353381119,28939.718676970493,28955.296360542045,15.57768357155146,12.833403102918732,0.053828040781708754,0.04419217205800208,-25592.598697016507,-16879.91165694869,-8712.687040067816,25594.918284453295,34.043776262093736,12.435996071915893,0.030392
1035.9999999999745,4.119483453255084,4.1194481646663474,-3.528858873647067e-5,0.0019320700892876829,-0.0008566265440048499,0.04742568353381119,28939.29311824386,28954.89687087509,15.603752631232055,12.833403102918732,0.053918914216308775,0.04419217205800208,-17038.22835706935,-8962.12077848459,-8076.107578584761,25594.918284453295,47.39992568085222,12.435996071915893,0.030392
1036.9999999999745,4.119464123382754,4.1194260032468515,-3.812013590209773e-5,0.0019320700892876829,-0.0009253663767993897,0.04742568353381119,28938.919531440933,28954.546945952927,15.627414511993265,12.833403102918732,0.054001375189611796,0.04419217205800208,-9644.503772804586,-2141.140085969357,-7503.36368683523,25594.918284453295,77.79937530838124,12.435996071915893,0.030392
1037.9999999999743,4.1194511690244004,4.119411471869059,-3.969715534157814e-5,0.0019320700892876829,-0.0009636515572772166,0.04742568353381119,28938.58946493654,28954.23839321729,15.648928280748805,12.833403102918732,0.05407633395438931,0.04419217205800208,-3222.753444916958,3763.993410949544,541.2399660325859,25594.918284453295,-16.794333643060686,12.435996071915893,0.030392
1038.9999999999743,4.119443557918253,4.119402108111975,-4.144980627796002e-5,0.0019320700892876829,-0.0010061991551816901,0.04742568353381119,28938.29614599493,28953.96467792744,15.668531932511542,12.833403102918732,0.05414462500992848,0.04419217205800208,2378.2403306441133,8897.671978374343,6519.431647730229,25594.918284453295,274.1283781847452,12.435996071915893,0.030392
1039.9999999999743,4.119440427780536,4.119398141323586,-4.22864569502579e-5,0.0019320700892876829,-0.0010265097333387319,0.04742568353381119,28938.034081186932,28953.7205142446,15.686433057668182,12.833403102918732,0.05420697554526061,0.04419217205800208,7281.144617098803,13376.718169503629,6095.573552404826,25594.918284453295,83.71724327642359,12.435996071915893,0.030392
1040.9999999999743,4.119441075802214,4.11939764238093,-4.343342128443339e-5,0.0019320700892876829,-0.0010543522891870768,0.04742568353381119,28937.79876758599,28953.501587416402,15.70281983041059,12.833403102918732,0.054264043912005296,0.04419217205800208,11586.514872636075,17296.527803977093,5710.012931341018,25594.918284453295,49.28153973915298,12.435996071915893,0.030392
1041.9999999999743,4.119444908153249,4.119401036469481,-4.387168376851491e-5,0.0019320700892876829,-0.0010649901806353476,0.04742568353381119,28937.58647965938,28953.304333783,15.717854123617144,12.833403102918732,0.05431639620210011,0.04419217205800208,15377.548402398344,20735.906531347242,5358.3581289488975,25594.918284453295,34.84533417637096,12.435996071915893,0.030392
1042.999999999974,4.119451439419605,4.119406768694199,-4.467072540670358e-5,0.0019320700892876829,-0.001084385289246116,0.04742568353381119,28937.39410961204,28953.125791795992,15.731682183952216,12.833403102918732,0.05436454341521608,0.04419217205800208,18723.647338704355,23760.370369660766,5036.723030956411,25594.918284453295,26.900330581129943,12.435996071915893,0.030392
1043.999999999974,4.119460254425836,4.119415359222142,-4.48952036942174e-5,0.0019320700892876829,-0.0010898321848349724,0.04742568353381119,28937.21904570577,28952.96347459624,15.744428890469862,12.833403102918732,0.05440892183040066,0.04419217205800208,21683.134746963344,26424.94295415175,4741.8082071884055,25594.918284453295,21.86864704999576,12.435996071915893,0.030392
1044.999999999974,4.119471013206465,4.119425525037769,-4.5488168695762e-5,0.0019320700892876829,-0.0011042235410792575,0.04742568353381119,28937.059078547376,28952.815285897934,15.756207350557816,12.833403102918732,0.054449926330760935,0.04419217205800208,24305.347257088997,28776.02437575715,4470.677118668154,25594.918284453295,18.393800637282474,12.435996071915893,0.030392
1045.999999999974,4.119483421155308,4.119437822588208,-4.559856709995813e-5,0.0019320700892876829,-0.0011069001240735672,0.04742568353381119,28936.91232780345,28952.679441585085,15.767113781635999,12.833403102918732,0.054487892844346374,0.04419217205800208,26632.271596185303,30853.109273700175,4220.837677514872,25594.918284453295,15.84858303307273,12.435996071915893,0.030392
1046.999999999974,4.119497236940791,4.11945117265881,-4.606428198172807e-5,0.0019320700892876829,-0.0011182015506323339,0.04742568353381119,28936.7771845179,28952.554420382105,15.777235864203249,12.833403102918732,0.05452312731165022,0.04419217205800208,28699.833136989648,32689.88719801409,3990.0540610244425,25594.918284453295,13.902708221260978,12.435996071915893,0.030392
1047.999999999974,4.119512248460362,4.119466134133659,-4.611432670298399e-5,0.0019320700892876829,-0.001119412297419892,0.04742568353381119,28936.65226503918,28952.438913095553,15.786648056371632,12.833403102918732,0.054555889574844904,0.04419217205800208,30538.924945518538,34315.35252441306,3776.4275788945197,25594.918284453295,12.365948001220307,12.435996071915893,0.030392
1048.9999999999739,4.11952828216917,4.119481784940515,-4.649722865490702e-5,0.0019320700892876829,-0.0011287027414319277,0.04742568353381119,28936.536374115643,28952.33179288885,15.79541877320662,12.833403102918732,0.054586418253346876,0.04419217205800208,32176.23233672786,35754.47112584531,3578.2387891174512,25594.918284453295,11.120751341147663,12.435996071915893,0.030392
1049.9999999999739,4.119545183207166,4.11949866742539,-4.651578177661264e-5,0.0019320700892876829,-0.001129148478968714,0.04742568353381119,28936.428474888868,28952.23208096315,15.80360607428156,12.833403102918732,0.05461491589397767,0.04419217205800208,33634.90310220263,37028.9289464518,3394.0258442491686,25594.918284453295,10.090785259395933,12.435996071915893,0.030392
1050.9999999999739,4.11956282523998,4.119515983741184,-4.684149879530253e-5,0.0019320700892876829,-0.001137050235241256,0.04742568353381119,28936.32766451115,28952.138928325447,15.811263814295671,12.833403102918732,0.054641570269773156,0.04419217205800208,34935.0923293573,38157.543901293684,3222.4515719363844,25594.918284453295,9.224110649418362,12.435996071915893,0.030392
1051.9999999999739,4.11958109367657,4.119534249653359,-4.684402321064596e-5,0.0019320700892876829,-0.0011371064713970576,0.04742568353381119,28936.233154013033,28952.051591700394,15.818437687361438,12.833403102918732,0.054666540745534634,0.04419217205800208,36094.41205091441,39156.78980330106,3062.3777523866447,25594.918284453295,8.484354165589082,12.435996071915893,0.030392
1052.9999999999739,4.11717969494204,4.117241798762294,6.21038202535118e-5,0.0019320700892876829,0.0015084068429125502,0.04742568353381119,28936.144251749432,28951.969422252572,15.825170503139816,12.833403102918732,0.05468997654095899,0.04419217205800208,37128.30114403553,40041.053700528006,2912.7525564924726,25594.918284453295,7.845100547942499,12.435996071915893,0.08803999999849262
1053.9999999999736,4.094705654045663,4.095797351179777,0.0010916971341137227,0.0019320700892876829,0.026661187063228852,0.04742568353381119,28935.672957516894,28951.505523759337,15.832566242443136,12.833403102918732,0.05471642655654967,0.04419217205800208,45668.92896664424,48420.56961902599,2751.6406523817495,25594.918284453295,6.025191995177943,12.435996071915893,0.6362499999855407
1054.9999999999736,4.061254236953881,4.064003509079545,0.002749272125663893,0.0019320700892876829,0.06769514946018172,0.04742568353381119,28931.326208068003,28947.178154985384,15.851946917380701,12.833403102918732,0.05479163590143375,0.04419217205800208,129970.99694614831,132327.99338220066,2356.9964360523445,25594.918284453295,1.8134787694434118,12.435996071915893,1.5646999999755118
1055.9999999999736,4.034512459556287,4.038681952366556,0.0041694928102691264,0.0019320700892876829,0.103345642182691,0.04742568353381119,28919.140532162055,28935.057742792716,15.91721063066143,12.833403102918732,0.055040400017971856,0.04419217205800208,363663.37266281975,364738.17478156736,1074.8021187476115,25594.918284453295,0.29554863083342275,12.435996071915893,2.4621999999763284
1056.9999999999736,4.0114163557785645,4.016868507033501,0.005452151254936588,0.0019320700892876829,0.13591586540456221,0.04742568353381119,28900.239143283095,28916.337681587538,16.098538304442627,12.833403102918732,0.055703823849444514,0.04419217205800208,716891.3077291189,714464.2100881061,-2427.0976410127478,25594.918284453295,-0.3385586650089276,12.435996071915893,3.361799999976273
1057.9999999999736,3.9959783300092546,4.002161225894285,0.006182895885030071,0.0019320700892876829,0.15472796332746258,0.04742568353381119,28877.155181214417,28893.663090455193,16.507909240775916,12.833403102918732,0.0571659816806154,0.04419217205800208,1.1350925495275883e6,1.12485875061814e6,-10233.79890944832,25594.918284453295,-0.9015827752289892,12.435996071915893,3.9992999999831857
1058.9999999999734,4.030532019921978,4.033353718492124,0.00282169857014658,0.0019320700892876829,0.07000809213770251,0.04742568353381119,28852.309805006487,28869.5282316599,17.21842665341319,12.833403102918732,0.05967781009486258,0.04419217205800208,1.5694561932189558e6,1.5458916837968233e6,-23564.509422132513,25594.918284453295,-1.5014442278762612,12.435996071915893,2.41150000004224
1059.9999999999734,4.023628763725025,4.026807367780042,0.003178604055016798,0.0019320700892876829,0.0789984424923458,0.04742568353381119,28840.21834714881,28857.991579255588,17.77323210677787,12.833403102918732,0.06162655182718115,0.04419217205800208,1.7358205650992268e6,1.7026419165535304e6,-33178.6485456964,25594.918284453295,-1.911410039308975,12.435996071915893,2.616799999994538
1060.9999999999734,4.005730056803049,4.010434304434954,0.004704247631904579,0.0019320700892876829,0.1174379592532756,0.04742568353381119,28836.447865319107,28854.572887470196,18.12502215108907,12.833403102918732,0.06285455904881958,0.04419217205800208,1.738505500761341e6,1.7000453805768406e6,-38460.12018450047,25594.918284453295,-2.212251854691152,12.435996071915893,3.325899999981136
1061.9999999999734,4.023561260324368,4.026738885496675,0.003177625172306797,0.0019320700892876829,0.07897543908777534,0.04742568353381119,28824.11700713723,28842.793902327623,18.676895190394134,12.833403102918732,0.06479607054665193,0.04419217205800208,1.9170097155735567e6,1.8694059515730583e6,-47603.76400049846,25594.918284453295,-2.483230189903118,12.435996071915893,2.53500000002104
1062.9999999999734,4.028654091065736,4.0314257215893,0.002771630523564106,0.0019320700892876829,0.06879792756868092,0.04742568353381119,28814.520787154746,28833.626428304517,19.105641149770236,12.833403102918732,0.06630560088400761,0.04419217205800208,2.0362932360054879e6,1.9822974044443418e6,-53995.83156114607,25594.918284453295,-2.6516726867426748,12.435996071915893,2.3014000000062147
1063.9999999999732,4.035860237589248,4.038300488629772,0.002440251040523478,0.0019320700892876829,0.06046421077210344,0.04742568353381119,28811.771073461692,28831.08877329886,19.31769983716731,12.833403102918732,0.06704794296717392,0.04419217205800208,2.0195652645208454e6,1.9635786912117063e6,-55986.573309139116,25594.918284453295,-2.772209162669585,12.435996071915893,2.0174000000076195
1064.9999999999732,4.033414185115419,4.036178800269037,0.002764615153618699,0.0019320700892876829,0.06854280336051301,0.04742568353381119,28809.835765572032,28829.30648488001,19.47071930797756,12.833403102918732,0.06758358314296681,0.04419217205800208,1.9929048615854757e6,1.9359868299934352e6,-56918.031592040556,25594.918284453295,-2.8560335563012695,12.435996071915893,2.086599999998143
1065.9999999999732,4.025512769823527,4.028946477056229,0.003433707232701977,0.0019320700892876829,0.08529862974083935,0.04742568353381119,28807.31817686633,28826.90018694448,19.582010078149324,12.833403102918732,0.06797581766523002,0.04419217205800208,1.9825605460341389e6,1.9254222658870285e6,-57138.280147110345,25594.918284453295,-2.8820446498548673,12.435996071915893,2.3605999999926484
1066.9999999999732,4.060414490301812,4.061668644317386,0.0012541540155739384,0.0019320700892876829,0.0308873396686336,0.04742568353381119,28801.53382802141,28821.276009579517,19.742181558107404,12.833403102918732,0.06854559092578592,0.04419217205800208,2.0393072089784497e6,1.9808751173704031e6,-58432.091608046554,25594.918284453295,-2.8652912788611653,12.435996071915893,1.1888000000314396
1067.9999999999732,4.039535381164817,4.04221950976922,0.0026841286044030355,0.0019320700892876829,0.06644646849532125,0.04742568353381119,28802.166512117696,28821.925641189722,19.759129072026553,12.833403102918732,0.0686029263240092,0.04419217205800208,1.9683220485000573e6,1.9113939434471184e6,-56928.10505293892,25594.918284453295,-2.8922149755077164,12.435996071915893,1.835799999982641
1068.9999999999732,4.044679566280165,4.047224425953115,0.0025448596729500395,0.0019320700892876829,0.06291869680273612,0.04742568353381119,28803.59203035145,28823.31653027531,19.724499923861003,12.833403102918732,0.06847930599446257,0.04419217205800208,1.8880394824118265e6,1.8334554168051125e6,-54584.06560671399,25594.918284453295,-2.8910447114690108,12.435996071915893,1.663300000004628
1069.999999999973,4.050309969973695,4.052534770036628,0.002224800062933241,0.0019320700892876829,0.05492913084248933,0.04742568353381119,28799.74891317029,28819.505371333427,19.756458163137722,12.833403102918732,0.06859941113619564,0.04419217205800208,1.9168765695895927e6,1.8631411469153967e6,-53735.422674196074,25594.918284453295,-2.8032802699289574,12.435996071915893,1.476800000005046
1070.999999999973,4.105566277348765,4.1050504004096595,-0.0005158769391053752,0.0019320700892876829,-0.01256530535024053,0.04742568353381119,28798.909103424565,28818.6356848437,19.726581419134163,12.833403102918732,0.06849766895089932,0.04419217205800208,1.8849830973961474e6,1.833244685740643e6,-51738.41165550449,25594.918284453295,-2.7447679359551924,12.435996071915893,-0.014497999959649253
1071.999999999973,4.117886710676654,4.117126205161902,-0.0007605055147514861,0.0019320700892876829,-0.0184683447647961,0.04742568353381119,28808.18693555502,28827.799090537894,19.612154982874927,12.833403102918732,0.06807840780382342,0.04419217205800208,1.6566848997225184e6,1.6084762874744446e6,-48208.6122480738,25594.918284453295,-2.909944567983227,12.435996071915893,-0.3105199999919904
1072.999999999973,4.118728293060708,4.118397965933362,-0.00033032712734648584,0.0019320700892876829,-0.008020124267556702,0.04742568353381119,28823.967240138674,28843.400484740247,19.43324460157237,12.833403102918732,0.06742043674859129,0.04419217205800208,1.3140614297126292e6,1.2704512404548284e6,-43610.18925780081,25594.918284453295,-3.31873292006888,12.435996071915893,-0.306490000000109
1073.999999999973,4.084011595418024,4.085610733860273,0.0015991384422493482,0.0019320700892876829,0.039156070076869276,0.04742568353381119,28834.616631732333,28853.868147128174,19.251515395841125,12.833403102918732,0.06676528993506693,0.04419217205800208,1.0900538609778513e6,1.050864068027623e6,-39189.79295022832,25594.918284453295,-3.5952161955623416,12.435996071915893,0.583619999975916
1074.9999999999727,4.131268072850415,4.130637726132766,-0.0006303467176493882,0.0019320700892876829,-0.015257947597055191,0.04742568353381119,28835.915227523954,28854.980767697696,19.065540173742193,12.833403102918732,0.06611734021032245,0.04419217205800208,1.0581154574265038e6,1.0232339335325231e6,-34881.52389398066,25594.918284453295,-3.2965706765892806,12.435996071915893,-0.5847399999681215
1075.9999999999727,4.180944730711988,4.177571184866323,-0.0033735458456654044,0.0019320700892876829,-0.08068860181012034,0.04742568353381119,28840.41632372617,28859.29959524315,18.883271516977402,12.833403102918732,0.06547503096008599,0.04419217205800208,960015.7577605135,929196.9770041907,-30818.780756322783,25594.918284453295,-3.2102369682155643,12.435996071915893,-2.045399999960146
1076.9999999999727,4.185518053246408,4.182371203624787,-0.0031468496216211506,0.0019320700892876829,-0.07518423243164281,0.04742568353381119,28861.68806691253,28880.34098715375,18.652920241220272,12.833403102918732,0.06462865303642533,0.04419217205800208,534611.6155720926,508656.86549172585,-25954.750080366735,25594.918284453295,-4.854879565718438,12.435996071915893,-2.146199999997249
1077.9999999999727,4.145488630765413,4.14523761561885,-0.000251015146562672,0.0019320700892876829,-0.006055140151628523,0.04742568353381119,28884.7358062809,28903.067958415675,18.332152134775242,12.833403102918732,0.06346657368695396,0.04419217205800208,95874.3642591857,76378.3476672937,-19496.01659189201,25594.918284453295,-20.33496309731629,12.435996071915893,-0.8423500000355754
1078.9999999999727,4.141380845861589,4.141392740070364,1.1894208775231618e-5,0.0019320700892876829,0.0002872039355452493,0.04742568353381119,28892.17371992421,28910.202712856735,18.028992932526307,12.833403102918732,0.06240095711487921,0.04419217205800208,-17201.28820917478,-30849.253538050045,13647.965328875263,25594.918284453295,-79.34269319198863,12.435996071915893,-0.6952400000040139
1079.9999999999725,4.196531190247006,4.193092322940794,-0.0034388673062117903,0.0019320700892876829,-0.08194547235116297,0.04742568353381119,28890.808251262413,28908.608469107643,17.80021784522978,12.833403102918732,0.061612045223594536,0.04419217205800208,40506.507046884966,31040.167522388743,-9466.339524496223,25594.918284453295,-23.36992304357234,12.435996071915893,-2.382999999953566
1080.9999999999725,4.198157367978713,4.194845390779158,-0.003311977199555116,0.0019320700892876829,-0.0788912112922945,0.04742568353381119,28903.648399175123,28921.089647101766,17.441247926642973,12.833403102918732,0.06034272104950158,0.04419217205800208,-191027.32097286778,-193846.1730984259,2818.852125558129,25594.918284453295,-1.475627732830164,12.435996071915893,-2.3886999999998433
1081.9999999999725,4.182313724365384,4.1804813328127555,-0.0018323915526288204,0.0019320700892876829,-0.043812867072922985,0.04742568353381119,28923.72934657093,28940.71578716984,16.98644059891012,12.833403102918732,0.05872839008889412,0.04419217205800208,-555050.6647987717,-549583.1478046861,-5467.5169940856285,25594.918284453295,0.9850482741188724,12.435996071915893,-1.7567000000173876
1082.9999999999725,4.1422943136078425,4.142722371740829,0.00042805813298674167,0.0019320700892876829,0.010333841600306592,0.04742568353381119,28933.25487323547,28949.893052157353,16.638178921883082,12.833403102918732,0.057505382629018095,0.04419217205800208,-695638.4123578068,-684297.5530485965,-11340.859309210326,25594.918284453295,1.6302807762974811,12.435996071915893,-0.5699000000326514
1083.9999999999725,4.12472446418846,4.125707312744697,0.0009828485562373146,0.0019320700892876829,0.02382822330971604,0.04742568353381119,28930.38256199065,28946.86109035164,16.478528360989003,12.833403102918732,0.056959248035104944,0.04419217205800208,-591844.6423370684,-578487.0907179188,-13357.551619149628,25594.918284453295,2.2569354630640066,12.435996071915893,-0.12297000001229602
1084.9999999999723,4.126641525214629,4.127144805839612,0.0005032806249829491,0.0019320700892876829,0.012195889124553244,0.04742568353381119,28921.412494414337,28937.85478885288,16.442294438544195,12.833403102918732,0.05685163005686439,0.04419217205800208,-380460.07329598133,-367445.1910429067,-13014.882253074611,25594.918284453295,3.4208273526114787,12.435996071915893,-0.17031999999868652
1085.9999999999723,4.123889662033598,4.124263154202993,0.00037349216939475127,0.0019320700892876829,0.009056793464512153,0.04742568353381119,28915.832569484555,28932.25108901387,16.418519529313926,12.833403102918732,0.056780379710182405,0.04419217205800208,-250993.07858138252,-238405.01230529402,-12588.066276088502,25594.918284453295,5.015304145929635,12.435996071915893,-0.10805000000172733
1086.9999999999723,4.121466644992081,4.121800502091019,0.0003338570989379619,0.0019320700892876829,0.008100444033524465,0.04742568353381119,28913.14873605834,28929.563374543108,16.41463848476633,12.833403102918732,0.05677222717806312,0.04419217205800208,-186000.67505587498,-174112.62366121222,-11888.051394662762,25594.918284453295,6.391402284476423,12.435996071915893,-0.05242700000154296
1087.9999999999723,4.121216502697942,4.121448920437211,0.00023241773926852005,0.0019320700892876829,0.005639542089486647,0.04742568353381119,28910.84029246961,28927.264282529573,16.423990059964126,12.833403102918732,0.05680910652825983,0.04419217205800208,-131387.4389902353,-120353.29082740273,-11034.148162832571,25594.918284453295,8.39817584362279,12.435996071915893,-0.049051000000093645
1088.9999999999723,4.114150481065323,4.114622882130202,0.0004724010648793353,0.0019320700892876829,0.011482347742346343,0.04742568353381119,28909.10739117076,28925.5452104921,16.437819321337884,12.833403102918732,0.0568603488821596,0.04419217205800208,-90583.64507450473,-80396.830906709,-10186.814167795732,25594.918284453295,11.245754307432774,12.435996071915893,0.11818999999536081
1089.9999999999723,4.105691868163693,4.106470735085097,0.0007788669214034982,0.0019320700892876829,0.018970418297655965,0.04742568353381119,28906.877366317585,28923.33469114631,16.457324828723358,12.833403102918732,0.056932212428795585,0.04419217205800208,-41694.10904472783,-32387.488160428285,-9306.620884299547,25594.918284453295,22.321189006139363,12.435996071915893,0.319489999994416
1090.999999999972,4.105165498867599,4.105856289566375,0.0006907906987754231,0.0019320700892876829,0.016827353220375065,0.04742568353381119,28903.03603844566,28919.52070586703,16.484667421369522,12.833403102918732,0.05703438005420011,0.04419217205800208,36658.41816532916,45000.523263341485,8342.105098012325,25594.918284453295,22.756314962608318,12.435996071915893,0.3262599999998107
1091.999999999972,4.118457945832595,4.118444299037847,-1.364679474757935e-5,0.0019320700892876829,-0.00033135690413904395,0.04742568353381119,28899.314953336627,28915.83423498062,16.519281643992144,12.833403102918732,0.057161499055135484,0.04419217205800208,108831.42570286214,116132.39312661286,7300.967423750728,25594.918284453295,6.708510319146469,12.435996071915893,-0.0015534999908320523
1092.999999999972,4.113355516579787,4.113571953983127,0.00021643740333932016,0.0019320700892876829,0.005261820974795916,0.04742568353381119,28898.960609874932,28915.51447260619,16.55386273125987,12.833403102918732,0.05728186198365669,0.04419217205800208,111780.38858762373,118104.96719421922,6324.578606595489,25594.918284453295,5.658039559987487,12.435996071915893,0.11818999999665114
1093.999999999972,4.123775763596653,4.1235382343017495,-0.00023752929490328256,0.0019320700892876829,-0.005759995414884429,0.04742568353381119,28899.507930251624,28916.092153960664,16.58422370904009,12.833403102918732,0.057385834212353284,0.04419217205800208,98206.26535461286,103691.7855492771,5485.520194664248,25594.918284453295,5.585713065104952,12.435996071915893,-0.13223999999299624
1094.999999999972,4.129801743954232,4.129312905436658,-0.0004888385175743082,0.0019320700892876829,-0.011836851933387281,0.04742568353381119,28900.30759460046,28916.911075606455,16.60348100599367,12.833403102918732,0.05745087989684841,0.04419217205800208,81203.12633437337,86110.14571457081,4907.019380197438,25594.918284453295,6.042894654069854,12.435996071915893,-0.2764199999959677
1095.9999999999718,4.1405210725522865,4.139607433067995,-0.000913639484291906,0.0019320700892876829,-0.022065809309568935,0.04742568353381119,28903.25352552365,28919.860945517743,16.607419994092197,12.833403102918732,0.05745865246425165,0.04419217205800208,23246.698202967225,27901.81250698393,4655.114304016704,25594.918284453295,20.024840789745024,12.435996071915893,-0.5345999999927207
1096.9999999999718,4.123488429997441,4.123463852334131,-2.4577663309877096e-5,0.0019320700892876829,-0.0005960405546692015,0.04742568353381119,28907.55191745765,28924.14643686407,16.59451940641884,12.833403102918732,0.057405481632628985,0.04419217205800208,-57964.754432240916,-53222.85678095602,-4741.897651284897,25594.918284453295,8.18065684523521,12.435996071915893,-0.1093300000119902
1097.9999999999718,4.128275495001359,4.128051666561184,-0.00022382844017521109,0.0019320700892876829,-0.005421838742260038,0.04742568353381119,28909.078053818364,28925.654094651112,16.57604083274782,12.833403102918732,0.05733853152248287,0.04419217205800208,-80603.61065593768,-75674.4304275152,-4929.180228422483,25594.918284453295,6.115334273873964,12.435996071915893,-0.2176999999969446
1098.9999999999718,4.1235448470199385,4.123497551930919,-4.72950890193502e-5,0.0019320700892876829,-0.0011469522164535226,0.04742568353381119,28908.449696984633,28925.00874967626,16.559052691627585,12.833403102918732,0.05728101252470421,0.04419217205800208,-60845.60310439473,-55768.98657357369,-5076.61653082104,25594.918284453295,8.343440235296754,12.435996071915893,-0.10100000000329029
1099.9999999999718,4.119033883252492,4.11917568284455,0.00014179959205762316,0.0019320700892876829,0.003442544928658238,0.04742568353381119,28908.618460644608,28925.1633685516,16.544907906991284,12.833403102918732,0.05723174882782815,0.04419217205800208,-58900.90291613184,-53737.362618501065,-5163.540297630774,25594.918284453295,8.766487510357976,12.435996071915893,0.009849799996874664
1100.9999999999716,4.11817233726967,4.118303677122351,0.00013133985268076742,0.0019320700892876829,0.0031892752882664724,0.04742568353381119,28907.45167243981,28923.992481162666,16.540808722857037,12.833403102918732,0.057219878494606094,0.04419217205800208,-31204.97798000048,-26151.67884882484,-5053.299131175641,25594.918284453295,16.193887829096823,12.435996071915893,0.03096299999939993
1101.9999999999716,4.1173503777095934,4.117474356796133,0.00012397908653927203,0.0019320700892876829,0.003011137628958343,0.04742568353381119,28906.162505091244,28922.704453434944,16.541948343699914,12.833403102918732,0.057226372891200555,0.04419217205800208,-3022.9832371544785,1828.9403090891658,-1194.0429280653127,25594.918284453295,39.49882729714573,12.435996071915893,0.04999799999945899
1102.9999999999716,4.113798571828047,4.114051869758993,0.00025329793094552855,0.0019320700892876829,0.006157275970684452,0.04742568353381119,28905.235404447023,28921.783953890405,16.54854944338149,12.833403102918732,0.0572510453965565,0.04419217205800208,16452.64523461096,21010.977657677973,4558.332423067011,25594.918284453295,27.705772282002272,12.435996071915893,0.13433999999760285
1103.9999999999716,4.099678274340937,4.100546409510923,0.00086813516998685,0.0019320700892876829,0.021175690185747838,0.04742568353381119,28903.957030578247,28920.51695422076,16.55992364251142,12.833403102918732,0.05729292921724263,0.04419217205800208,41966.022336355345,46155.30160316248,4189.279266807134,25594.918284453295,9.982550247984651,12.435996071915893,0.4761999999902838
1104.9999999999716,4.063499737613037,4.066135622193469,0.0026358845804326236,0.0019320700892876829,0.06486734959114292,0.04742568353381119,28900.28881229951,28916.86937712102,16.580564821510052,12.833403102918732,0.05737162327060768,0.04419217205800208,113294.94980702961,116953.07527994216,3658.1254729125503,25594.918284453295,3.2288513116809505,12.435996071915893,1.4559999999721525
1105.9999999999714,4.040544998794302,4.044333306797126,0.003788308002824259,0.0019320700892876829,0.09375735213825584,0.04742568353381119,28889.367424166703,28906.004015013674,16.63659084697065,12.833403102918732,0.05758724517122417,0.04419217205800208,323538.2531928665,325995.62359593593,2457.3704030694207,25594.918284453295,0.7595300953808827,12.435996071915893,2.1960999999787965
1106.9999999999714,4.026297982920255,4.030653597937386,0.004355615017130887,0.0019320700892876829,0.10817915205500464,0.04742568353381119,28871.781846940605,28888.56120194298,16.77935500237436,12.833403102918732,0.05811679754068376,0.04419217205800208,653648.8498144017,653260.4158242295,-388.4339901722269,25594.918284453295,-0.05942548361899812,12.435996071915893,2.69139999998581
1107.9999999999714,4.058240717657999,4.060052164502659,0.0018114468446599474,0.0019320700892876829,0.04463625917452548,0.04742568353381119,28852.951625721907,28870.01354706142,17.061921339511173,12.833403102918732,0.059134058660053224,0.04419217205800208,992010.5528075085,986173.428749162,-5837.124058346497,25594.918284453295,-0.5884135044558486,12.435996071915893,1.5118000000337946
1108.9999999999714,4.080493409738208,4.08099075276247,0.0004973430242616317,0.0019320700892876829,0.012188306028744196,0.04742568353381119,28844.254578187352,28861.57789144865,17.32331326129861,12.833403102918732,0.06005810694237483,0.04419217205800208,1.1168109301089158e6,1.1062165515634867e6,-10594.378545429092,25594.918284453295,-0.9486277631967558,12.435996071915893,0.8399500000192479
1109.9999999999714,4.039840536038493,4.042927385009536,0.0030868489710433877,0.0019320700892876829,0.07641016875558118,0.04742568353381119,28847.558233080486,28865.00851061712,17.45027753663453,12.833403102918732,0.060491350413927565,0.04419217205800208,1.0052174623453676e6,992703.3840413538,-12514.07830401382,25594.918284453295,-1.2449125460689912,12.435996071915893,2.071199999964726
1110.9999999999711,4.01286473955973,4.017886698087841,0.005021958528110382,0.0019320700892876829,0.1251464690200688,0.04742568353381119,28842.503681286777,28860.141451258987,17.637769972210663,12.833403102918732,0.06115200735383514,0.04419217205800208,1.0698856819954982e6,1.0542733173340992e6,-15612.364661399042,25594.918284453295,-1.4592554068281038,12.435996071915893,3.10249999997022
1111.9999999999711,4.0099545981184015,4.014797439642246,0.004842841523844399,0.0019320700892876829,0.120770482691171,0.04742568353381119,28823.787221823626,28841.801564057085,18.014342233458592,12.833403102918732,0.06249817935034999,0.04419217205800208,1.4016106764607849e6,1.3792791078403e6,-22331.568620484788,25594.918284453295,-1.5932790036156375,12.435996071915893,3.1751999999979006
1112.9999999999711,4.038584234521592,4.0409553630425235,0.002371128520931798,0.0019320700892876829,0.058711874836323195,0.04742568353381119,28805.068992404536,28823.572521551414,18.503529146877554,12.833403102918732,0.06423705894180173,0.04419217205800208,1.7165825741458172e6,1.6856186077903647e6,-30963.966355452547,25594.918284453295,-1.8038145570049502,12.435996071915893,2.0008000000339123
1113.9999999999711,4.078484142357266,4.0785675064616,8.336410433429364e-5,0.0019320700892876829,0.002043997265270993,0.04742568353381119,28798.31629304426,28817.144119592132,18.827826547872974,12.833403102918732,0.06537821988023831,0.04419217205800208,1.783519988216339e6,1.7475363512532187e6,-35983.636963120196,25594.918284453295,-2.0175628644962194,12.435996071915893,0.7628900000357464
1114.9999999999711,4.084334651151935,4.084530152551609,0.00019550139967350333,0.0019320700892876829,0.0047866156025771454,0.04742568353381119,28805.625127921045,28824.490281552884,18.86515363183935,12.833403102918732,0.06549121412245804,0.04419217205800208,1.5769895456838005e6,1.5417466442255848e6,-35242.90145821567,25594.918284453295,-2.2348215024427414,12.435996071915893,0.6052900000045509
1115.9999999999711,4.084505925527018,4.085107325748523,0.0006014002215053438,0.0019320700892876829,0.014723940483150259,0.04742568353381119,28815.1847490308,28833.99351046176,18.808761430962477,12.833403102918732,0.06527378392600836,0.04419217205800208,1.343178119223574e6,1.310316057170984e6,-32862.06205258984,25594.918284453295,-2.446590037632969,12.435996071915893,0.6083599999999114
1116.999999999971,4.072114875599613,4.073583119982394,0.0014682443827807035,0.0019320700892876829,0.036056064910607574,0.04742568353381119,28819.919329342705,28838.67420863524,18.754879292533587,12.833403102918732,0.06507609920142456,0.04419217205800208,1.218820402084902e6,1.188059020786904e6,-30761.381297997897,25594.918284453295,-2.523864980055945,12.435996071915893,0.9458299999901782
1117.999999999971,4.043347136534799,4.046550892641464,0.003203756106664457,0.0019320700892876829,0.07923524739481354,0.04742568353381119,28820.07938109655,28838.785696891093,18.706315794541297,12.833403102918732,0.06490723202799713,0.04419217205800208,1.1902088937945778e6,1.1612806881350132e6,-28928.205659564584,25594.918284453295,-2.4305149970218087,12.435996071915893,1.820699999974538
1118.999999999971,4.057816125020717,4.0600109534726165,0.0021948284518993333,0.0019320700892876829,0.05408890852313145,0.04742568353381119,28812.337688232823,28831.068125680315,18.730437447491568,12.833403102918732,0.06500839206511598,0.04419217205800208,1.3169933977241528e6,1.288347230144027e6,-28646.167580125853,25594.918284453295,-2.175118541188455,12.435996071915893,1.3514000000136583
1119.999999999971,4.039357035764103,4.042558536880075,0.003201501115972505,0.0019320700892876829,0.07925769095493919,0.04742568353381119,28805.29987887914,28824.071991699202,18.77211282006101,12.833403102918732,0.06516895466804445,0.04419217205800208,1.4216500614912787e6,1.3929237468513527e6,-28726.314639925957,25594.918284453295,-2.020631899371404,12.435996071915893,1.9314999999831168
1120.999999999971,4.042498301626203,4.045424218139404,0.0029259165132007325,0.0019320700892876829,0.07237891756253068,0.04742568353381119,28799.582817726765,28818.426019044768,18.843201318002684,12.833403102918732,0.06542873012175818,0.04419217205800208,1.4953598063118593e6,1.465973122731902e6,-29386.683579957346,25594.918284453295,-1.9651914847461611,12.435996071915893,1.8103000000035274
1121.9999999999707,4.052280792883267,4.054490019640276,0.002209226757009297,0.0019320700892876829,0.05451810646708405,0.04742568353381119,28791.90238748616,28810.86016666203,18.95777917587111,12.833403102918732,0.06584413534310515,0.04419217205800208,1.6052692029012213e6,1.5743937878456546e6,-30875.4150555667,25594.918284453295,-1.9233792687086508,12.435996071915893,1.477000000009776
1122.9999999999707,4.093206177437079,4.0932962874612775,9.011002419878622e-5,0.0019320700892876829,0.0022014533422601186,0.04742568353381119,28788.927291503893,28807.955459892095,19.028168388202175,12.833403102918732,0.0660954407766965,0.04419217205800208,1.6182378677052923e6,1.5868102132726468e6,-31427.654432645533,25594.918284453295,-1.942091151111848,12.435996071915893,0.3391100000333757
1123.9999999999707,4.093387413614755,4.093724448513214,0.00033703489845926526,0.0019320700892876829,0.008233642809822373,0.04742568353381119,28794.926980257173,28813.94263717137,19.01565691419819,12.833403102918732,0.06603821891000454,0.04419217205800208,1.4564643559838084e6,1.4261165133161263e6,-30347.842667682096,25594.918284453295,-2.0836653188936314,12.435996071915893,0.337370000000051
1124.9999999999707,4.071806590882537,4.07352336102216,0.001716770139623236,0.0019320700892876829,0.04216236948649217,0.04742568353381119,28803.99649573853,28822.942097346906,18.945601608375,12.833403102918732,0.06577421161392638,0.04419217205800208,1.2454333712483428e6,1.2172087107476378e6,-28224.66050070501,25594.918284453295,-2.266252145822495,12.435996071915893,0.912349999983135
1125.9999999999707,4.058049380836181,4.060570124946094,0.002520744109912876,0.0019320700892876829,0.06211713740638278,0.04742568353381119,28804.555405815696,28823.443160855917,18.887755040221236,12.833403102918732,0.06557211098772162,0.04419217205800208,1.213394317086923e6,1.1869224653754267e6,-26471.851711496245,25594.918284453295,-2.18163636822109,12.435996071915893,1.3118999999882808
1126.9999999999704,4.057159995032529,4.059623045734576,0.0024630507020475534,0.0019320700892876829,0.0607087397357571,0.04742568353381119,28798.891089661658,28817.74209420634,18.851004544681928,12.833403102918732,0.06545739725183078,0.04419217205800208,1.3031586441133053e6,1.2779366038343608e6,-25222.04027894442,25594.918284453295,-1.9354543203836851,12.435996071915893,1.334299999999338
1127.9999999999704,4.070097547724215,4.071744858465124,0.0016473107409087362,0.0019320700892876829,0.04047349533010151,0.04742568353381119,28793.167867476193,28812.009089375635,18.841221899441734,12.833403102918732,0.06543643265013625,0.04419217205800208,1.3873907863377668e6,1.3628379373990276e6,-24552.84893873916,25594.918284453295,-1.7697139969878433,12.435996071915893,0.9530800000112684
1128.9999999999704,4.055617349721592,4.058071480834249,0.00245413111265691,0.0019320700892876829,0.06051189994108739,0.04742568353381119,28791.682143198363,28810.51611287896,18.833969680596056,12.833403102918732,0.06541462074679551,0.04419217205800208,1.3836498026056783e6,1.3597015594052882e6,-23948.243200390134,25594.918284453295,-1.730802342853733,12.435996071915893,1.3680999999877328
1129.9999999999704,4.068897499416211,4.0706112268399535,0.0017137274237422062,0.0019320700892876829,0.04211773395589554,0.04742568353381119,28789.470213294153,28808.311363557303,18.841150263149757,12.833403102918732,0.0654445883288587,0.04419217205800208,1.3954682975595188e6,1.3718253328949644e6,-23642.964664554456,25594.918284453295,-1.694267415884885,12.435996071915893,0.9778100000115364
1130.9999999999704,4.061161248630789,4.063286867091429,0.0021256184606395223,0.0019320700892876829,0.05234016406898814,0.04742568353381119,28787.164748513438,28806.010907048687,18.846158535248833,12.833403102918732,0.06546722714755035,0.04419217205800208,1.4089757759798903e6,1.3856801384406667e6,-23295.637539223535,25594.918284453295,-1.6533738859365616,12.435996071915893,1.1937999999936155
1131.9999999999702,4.0755234290160605,4.076914069239266,0.0013906402232057857,0.0019320700892876829,0.03412175754665023,0.04742568353381119,28786.117876213157,28804.961134535766,18.843258322609472,12.833403102918732,0.06545953297224642,0.04419217205800208,1.3974513817485096e6,1.374651432678724e6,-22799.949069785653,25594.918284453295,-1.6315379101960639,12.435996071915893,0.7894100000120451
1132.9999999999702,4.083284718536787,4.084329461927593,0.0010447433908060688,0.0019320700892876829,0.025585857044532624,0.04742568353381119,28785.852598496993,28804.68744895142,18.834850454426487,12.833403102918732,0.0654309278836852,0.04419217205800208,1.3717364140688232e6,1.3495233977665955e6,-22213.01630222774,25594.918284453295,-1.6193356153854543,12.435996071915893,0.5836200000061297
1133.9999999999702,4.083437374641765,4.084601673972599,0.0011642993308340621,0.0019320700892876829,0.028512726509885674,0.04742568353381119,28788.947041859243,28807.74762432373,18.80058246448607,12.833403102918732,0.06530486313775195,0.04419217205800208,1.2816689453176348e6,1.2605304165196342e6,-21138.528798000654,25594.918284453295,-1.6492971040007458,12.435996071915893,0.58362
1134.9999999999702,4.091797103140205,4.092647578451782,0.0008504753115765595,0.0019320700892876829,0.020784884737414556,0.04742568353381119,28791.34489352596,28810.1025480684,18.757654542441742,12.833403102918732,0.06515032420961898,0.04419217205800208,1.2104517947121703e6,1.1905103504269726e6,-19941.44428519765,25594.918284453295,-1.647438119577448,12.435996071915893,0.37520000000620796
1135.9999999999702,4.09211559115558,4.093038424620977,0.0009228334653963444,0.0019320700892876829,0.022551500436373148,0.04742568353381119,28793.883344301677,28812.584535188707,18.701190887029952,12.833403102918732,0.06494848459101965,0.04419217205800208,1.1396139217148866e6,1.1210871411033785e6,-18526.78061150806,25594.918284453295,-1.625706764237228,12.435996071915893,0.3733300000000557
1136.9999999999702,4.084359744965965,4.085739522763659,0.0013797777976938264,0.0019320700892876829,0.03378198503191163,0.04742568353381119,28796.698018962266,28815.334376750998,18.636357788731402,12.833403102918732,0.06471699559602144,0.04419217205800208,1.0661798506665814e6,1.0491760858337465e6,-17003.764832834946,25594.918284453295,-1.5948308179153923,12.435996071915893,0.578359999993893
1137.99999999997,4.108370398195679,4.108616558102358,0.00024615990667875565,0.0019320700892876829,0.005991667810352849,0.04742568353381119,28797.023897965897,28815.59690451694,18.573006551043363,12.833403102918732,0.0644962709231744,0.04419217205800208,1.0444721765613457e6,1.0289050141296659e6,-15567.162431679782,25594.918284453295,-1.4904334247495836,12.435996071915893,-0.018270999982093118
1138.99999999997,4.0931839749089765,4.094224169025173,0.0010401941161966022,0.0019320700892876829,0.025412835645134517,0.04742568353381119,28800.179585932696,28818.68327444968,18.503688516982947,12.833403102918732,0.06424851783223248,0.04419217205800208,966698.0830851877,952637.5113033545,-14060.57178183319,25594.918284453295,-1.4544946377631474,12.435996071915893,0.3659399999884685
1139.99999999997,4.114732666144698,4.1148287210326675,9.605488796982087e-5,0.0019320700892876829,0.0023344138189132853,0.04742568353381119,28803.437366189417,28821.870941525198,18.433575335780915,12.833403102918732,0.06399783158318095,0.04419217205800208,890208.5202604993,877621.2890678939,-12587.231192605454,25594.918284453295,-1.4139643584766057,12.435996071915893,-0.1584299999842619
1140.99999999997,4.120577456449066,4.120456780271654,-0.0001206761774117382,0.0019320700892876829,-0.00292862295848533,0.04742568353381119,28806.5300200433,28824.88771434856,18.35769430525761,12.833403102918732,0.06372754473546278,0.04419217205800208,819741.4332552137,808696.4507875944,-11044.982467619237,25594.918284453295,-1.3473739425076192,12.435996071915893,-0.2937299999959392
1141.99999999997,4.14166009585156,4.140646412849115,-0.0010136830024451982,0.0019320700892876829,-0.024475282350199152,0.04742568353381119,28813.222164661875,28831.49101720538,18.26885254350418,12.833403102918732,0.06340440662658725,0.04419217205800208,680689.7836886783,671395.3412466887,-9294.442441989551,25594.918284453295,-1.3654446804861224,12.435996071915893,-0.8199399999842067
1142.9999999999698,4.150716563982125,4.149408722653164,-0.0013078413289608903,0.0019320700892876829,-0.03150880839009085,0.04742568353381119,28821.960624959604,28840.11831368023,18.15768872062472,12.833403102918732,0.06299949180036107,0.04419217205800208,507505.2116767534,500344.21845969575,-7160.993217057665,25594.918284453295,-1.411018656024903,12.435996071915893,-1.0449999999931938
1143.9999999999698,4.184099720401362,4.181019412369891,-0.0030803080314711906,0.0019320700892876829,-0.07361937423364542,0.04742568353381119,28832.89071485376,28850.90077992273,18.010065068971016,12.833403102918732,0.06246361229293191,0.04419217205800208,298455.7862049263,294071.0307983877,-4384.755406538607,25594.918284453295,-1.4691473944244247,12.435996071915893,-2.0565999999694085
1144.9999999999698,4.163810382443659,4.1623376732697706,-0.0014727091738881981,0.0019320700892876829,-0.03536926609573162,0.04742568353381119,28848.66877606601,28866.4352111615,17.766435095491033,12.833403102918732,0.06158493909511265,0.04419217205800208,2517.9130041765948,2693.3306026816595,175.4175985050647,25594.918284453295,6.966785516977366,12.435996071915893,-1.3474000000214466
1145.9999999999698,4.19173951224502,4.188745189150351,-0.002994323094668516,0.0019320700892876829,-0.07143390198559382,0.04742568353381119,28861.38357425385,28878.88960391834,17.50602966448787,12.833403102918732,0.06065554556471207,0.04419217205800208,-220599.32296533656,-215730.4694451234,-4868.853520213161,25594.918284453295,2.207102657780241,12.435996071915893,-2.2156999999737423
1146.9999999999698,4.157993885918623,4.1572306358798,-0.0007632500388234931,0.0019320700892876829,-0.01835620878155449,0.04742568353381119,28872.34936789222,28889.541831976614,17.192464084393578,12.833403102918732,0.059546467332210334,0.04419217205800208,-402533.15956852457,-392103.55396602774,-10429.605602496827,25594.918284453295,2.5909929044544615,12.435996071915893,-1.0891000000340691
1147.9999999999695,4.169100746283707,4.16777118942108,-0.001329556862627257,0.0019320700892876829,-0.03189073480204119,0.04742568353381119,28879.79267105494,28896.718069043673,16.925397988732584,12.833403102918732,0.058606369448407546,0.04419217205800208,-510881.1212478408,-496017.4991347035,-14863.622113137331,25594.918284453295,2.9094091550755556,12.435996071915893,-1.373399999991338
1148.9999999999695,4.188887946699601,4.186238329052463,-0.002649617647137781,0.0019320700892876829,-0.06325348590967678,0.04742568353381119,28881.489722228107,28898.252209764094,16.76248753598702,12.833403102918732,0.05803886052001702,0.04419217205800208,-505899.8103490641,-488777.3467164064,-17122.463632657717,25594.918284453295,3.384556246590297,12.435996071915893,-1.981799999981463
1149.9999999999695,4.173624214850667,4.172050681176045,-0.0015735336746223183,0.0019320700892876829,-0.03770185320047122,0.04742568353381119,28891.21150544272,28907.705293380528,16.49378793780852,12.833403102918732,0.05708929144318267,0.04419217205800208,-664102.6782390221,-642640.2524307497,-21462.42580827244,25594.918284453295,3.2317932921432577,12.435996071915893,-1.4462000000163187
1150.9999999999695,4.1560113169287325,4.155457308430744,-0.0005540084979882565,0.0019320700892876829,-0.013330293296642546,0.04742568353381119,28898.99373620866,28915.264805086532,16.271068877871585,12.833403102918732,0.0563032368060793,0.04419217205800208,-778326.0997278584,-753569.8834557391,-24756.216272119316,25594.918284453295,3.1806997453606303,12.435996071915893,-0.9087500000163751
1151.9999999999695,4.135507432783006,4.135791445898408,0.0002840131154018266,0.0019320700892876829,0.006867672710497315,0.04742568353381119,28898.650133965715,28914.829039934204,16.178905968488834,12.833403102918732,0.05598498854959711,0.04419217205800208,-730414.0525300398,-705000.6625010271,-25413.39002901269,25594.918284453295,3.479312855630952,12.435996071915893,-0.37002000001641405
1152.9999999999693,4.119511304743667,4.120271362836082,0.0007600580924149725,0.0019320700892876829,0.018450200428865346,0.04742568353381119,28893.84102948996,28909.99932013022,16.15829064026184,12.833403102918732,0.05592295819642041,0.04419217205800208,-601677.9510476666,-576936.3181041928,-24741.632943473756,25594.918284453295,4.112105637308564,12.435996071915893,0.01821499998808295
1153.9999999999693,4.118758313445746,4.119268713377827,0.0005103999320805741,0.0019320700892876829,0.012392082594755953,0.04742568353381119,28886.672502314337,28902.853816725907,16.181314411569474,12.833403102918732,0.056016539842977976,0.04419217205800208,-436338.67883054074,-413003.54184818594,-23335.1369823548,25594.918284453295,5.347941430472494,12.435996071915893,0.03039199999962622
1154.9999999999693,4.11841381713414,4.118725058518357,0.0003112413842165651,0.0019320700892876829,0.007557312063243491,0.04742568353381119,28880.796183920418,28897.01850542405,16.222321503631974,12.833403102918732,0.05616992481898357,0.04419217205800208,-306420.6260466264,-284710.5944394203,-21710.031607206096,25594.918284453295,7.085042507517948,12.435996071915893,0.030392
1155.9999999999693,4.118136446151374,4.118335528960207,0.00019908280883296214,0.0019320700892876829,0.004834293652873401,0.04742568353381119,28877.401514575686,28893.67669654782,16.275181972134305,12.833403102918732,0.05635957918138691,0.04419217205800208,-231735.64032438674,-211761.7383437784,-19973.901980608352,25594.918284453295,8.61926199726922,12.435996071915893,0.030392
1156.9999999999693,4.117915286500229,4.11804505081773,0.00012976431750111317,0.0019320700892876829,0.0031512138660676147,0.04742568353381119,28875.05978018621,28891.392851978086,16.333071791876137,12.833403102918732,0.05656463368807893,0.04419217205800208,-180432.2735196872,-162183.1734993336,-18249.100020353595,25594.918284453295,10.1140996920168,12.435996071915893,0.030392
1157.999999999969,4.117738411761253,4.117822418977572,8.400721631929287e-5,0.0019320700892876829,0.0020401299917291497,0.04742568353381119,28873.299984042464,28889.689016757307,16.38903271484378,12.833403102918732,0.056761896713924564,0.04419217205800208,-142070.75370411074,-125412.56499133172,-16658.188712779025,25594.918284453295,11.725276510796064,12.435996071915893,0.030392
1158.999999999969,4.11759684179887,4.117650580754118,5.3738955247517595e-5,0.0019320700892876829,0.0013051048296423419,0.04742568353381119,28871.91810352477,28888.359437323823,16.44133379905179,12.833403102918732,0.05694576210731417,0.04419217205800208,-112124.31075962556,-96906.35785233771,-15217.95290728785,25594.918284453295,13.572393715679034,12.435996071915893,0.030392
1159.999999999969,4.11748372957273,4.1175154759031605,3.174633043023789e-5,0.0019320700892876829,0.0007710128931956265,0.04742568353381119,28870.802061642255,28887.291489971736,16.489428329481598,12.833403102918732,0.05711454878972501,0.04419217205800208,-88103.38025745287,-74178.61332301234,-13924.76693444053,25594.918284453295,15.80503142302829,12.435996071915893,0.030392
1160.999999999969,4.1173936741060855,4.117410547068317,1.6872962231850863e-5,0.0019320700892876829,0.000409797157312486,0.04742568353381119,28869.882426905733,28886.41569031915,16.533263413417444,12.833403102918732,0.05726820486809123,0.04419217205800208,-68463.93625215584,-55695.89873974343,-12768.037512412404,25594.918284453295,18.64928926287138,12.435996071915893,0.030392
1161.999999999969,4.117322426027507,4.11732749435401,5.068326502488674e-6,0.0019320700892876829,0.00012309763428895994,0.04742568353381119,28869.11291485923,28885.685934085668,16.57301922643819,12.833403102918732,0.05740744190968157,0.04419217205800208,-52175.64790699605,-40440.800393152276,-11734.847513843772,25594.918284453295,22.491043206135803,12.435996071915893,0.030392
1162.999999999969,4.1172665603804495,4.117263775123101,-2.785257348314474e-6,0.0019320700892876829,-6.764821532607076e-5,0.04742568353381119,28868.4610710396,28885.070061576323,16.60899053672256,12.833403102918732,0.05753334234149545,0.04419217205800208,-38515.42400157709,-27703.582890748665,-10811.841110828427,25594.918284453295,28.071458100489078,12.435996071915893,0.030392
1163.9999999999688,4.117223350009045,4.117213697043827,-9.652965218265308e-6,0.0019320700892876829,-0.0002344532807102656,0.04742568353381119,28867.903274068787,28884.544786793977,16.641512725189386,12.833403102918732,0.05764711266764559,0.04419217205800208,-26956.595719727837,-16970.274571028378,-9986.321148699459,25594.918284453295,37.045928397372144,12.435996071915893,0.030392
1164.9999999999688,4.11719056711025,4.117176557300278,-1.4009809972570508e-5,0.0019320700892876829,-0.000340275965958108,0.04742568353381119,28867.42182757731,28884.092751846158,16.670924268848466,12.833403102918732,0.05774995899676286,0.04419217205800208,-17104.36852298436,-7857.677309486462,-9246.6912134979,25594.918284453295,54.06040685496492,12.435996071915893,0.030392
1165.9999999999688,4.117166425901648,4.117148130384403,-1.8295517245192627e-5,0.0019320700892876829,-0.0004443715738594647,0.04742568353381119,28867.003164331163,28883.700716236457,16.69755190529395,12.833403102918732,0.05784303902362088,0.04419217205800208,-8655.924156255507,-73.41319837587783,-8582.51095787963,25594.918284453295,99.15187336382998,12.435996071915893,0.030392
1166.9999999999688,4.117149450122226,4.117128626499205,-2.0823623021470894e-5,0.0019320700892876829,-0.0005057776812268182,0.04742568353381119,28866.636683637702,28883.35837793197,16.721694294268673,12.833403102918732,0.05792740760736747,0.04419217205800208,-1374.5699825336453,6610.065029214889,5235.495046681244,25594.918284453295,-380.8823932726244,12.435996071915893,0.030392
1167.9999999999688,4.11713845114125,4.117114760613576,-2.3690527674702366e-5,0.0019320700892876829,-0.0005754124607622916,0.04742568353381119,28866.313970535943,28883.057597827144,16.743627291201847,12.833403102918732,0.05800403649836342,0.04419217205800208,4927.637472864089,12372.594059864254,7444.956587000164,25594.918284453295,151.08572065211067,12.435996071915893,0.030392
1168.9999999999686,4.10990953719279,4.110213060192343,0.0003035229995527189,0.0019320700892876829,0.007385150373894496,0.04742568353381119,28866.02825440999,28882.79184738774,16.763592977749795,12.833403102918732,0.058073777348252774,0.04419217205800208,10401.949239807587,17358.46224447479,6956.513004667204,25594.918284453295,66.87701357015932,12.435996071915893,0.2039999999945526
1169.9999999999686,4.076797113674268,4.078669213469358,0.0018720997950900653,0.0019320700892876829,0.04592084773634492,0.04742568353381119,28864.607857174648,28881.392928651698,16.785071477050224,12.833403102918732,0.05815104629207042,0.04419217205800208,38106.33424897321,44555.23937727037,6448.905128297163,25594.918284453295,16.923446601193167,12.435996071915893,1.0485999999734985
1170.9999999999686,4.047225731561288,4.050618233804841,0.0033925022435532526,0.0019320700892876829,0.08382290656776724,0.04742568353381119,28856.965180867108,28873.792994479092,16.82781361198431,12.833403102918732,0.058314564634612286,0.04419217205800208,186778.50050785032,192313.62478779964,5535.124279949319,25594.918284453295,2.9634697060418245,12.435996071915893,1.9452999999718639
1171.9999999999686,4.022306026795136,4.027040964977194,0.004734938182057391,0.0019320700892876829,0.11771700488513202,0.04742568353381119,28841.210634759045,28858.148459466873,16.93782470782753,12.833403102918732,0.058727856199678005,0.04419217205800208,486796.29724753747,490129.33155708713,3333.0343095496646,25594.918284453295,0.6846876873130376,12.435996071915893,2.8435999999718136
1172.9999999999686,4.0004157637409286,4.006396226429909,0.005980462688980559,0.0019320700892876829,0.14949602846750157,0.04742568353381119,28820.312095372006,28837.51723039281,17.205135020802118,12.833403102918732,0.05969794832154137,0.04419217205800208,872516.0803028271,870657.7125599394,-1858.3677428876981,25594.918284453295,-0.21298951215233858,12.435996071915893,3.744299999971738
1173.9999999999684,3.9804862608410283,3.9876497653062772,0.007163504465248938,0.0019320700892876829,0.17996556188929982,0.04742568353381119,28795.662037923576,28813.417151003363,17.755113079787407,12.833403102918732,0.0616589854972048,0.04419217205800208,1.3141196300293005e6,1.3017711638539778e6,-12348.466175322654,25594.918284453295,-0.9396759543914067,12.435996071915893,4.648299999971429
1174.9999999999684,3.986431730331651,3.9923441771258794,0.005912446794228199,0.0019320700892876829,0.1483142618307504,0.04742568353381119,28768.001227129127,28786.721848580757,18.720621451629995,12.833403102918732,0.06507446000098145,0.04419217205800208,1.7962018454497594e6,1.7657153632682404e6,-30486.482181519037,25594.918284453295,-1.6972748501928738,12.435996071915893,4.225300000013369
1175.9999999999684,3.9955057706384,4.000136145075134,0.004630374436733753,0.0019320700892876829,0.11588956949482553,0.04742568353381119,28745.250998659547,28765.064724424028,19.813725764481205,12.833403102918732,0.06892869283140078,0.04419217205800208,2.162713669034484e6,2.112463713866323e6,-50249.95516816061,25594.918284453295,-2.3234677751213395,12.435996071915893,3.6810000000172027
1176.9999999999684,4.054070876325306,4.054413624061695,0.00034274773638909295,0.0019320700892876829,0.008454409082748119,0.04742568353381119,28732.35543613239,28753.030071521298,20.67463538890661,12.833403102918732,0.07195593634800719,0.04419217205800208,2.32491506423573e6,2.260313124455577e6,-64601.93978015287,25594.918284453295,-2.7786795644248397,12.435996071915893,1.3826000000726408
1177.9999999999684,4.116048077723603,4.113713009056768,-0.0023350686668344167,0.0019320700892876829,-0.05673084042608744,0.04742568353381119,28736.382566318982,28757.268725060258,20.88615874127572,12.833403102918732,0.0726819344539063,0.04419217205800208,2.1555056345827333e6,2.0897614132787057e6,-65744.2213040276,25594.918284453295,-3.050060285124445,12.435996071915893,-0.27031999994775957
1178.9999999999682,4.11650220500966,4.115042225777084,-0.00145997923257557,0.0019320700892876829,-0.035466499466435826,0.04742568353381119,28758.270558041113,28778.855530953137,20.58497291202366,12.833403102918732,0.07157931444618071,0.04419217205800208,1.653093997185843e6,1.5959673376286207e6,-57126.65955722239,25594.918284453295,-3.45574175784755,12.435996071915893,-0.2653300000001588
1179.9999999999682,4.19175312120222,4.186698316958853,-0.00505480424336735,0.0019320700892876829,-0.12058926413866668,0.04742568353381119,28777.919775134273,28798.2556058526,20.33583071832618,12.833403102918732,0.07066470014937448,0.04419217205800208,1.2275123705052848e6,1.1772304349415612e6,-50281.93556372356,25594.918284453295,-4.096246748456461,12.435996071915893,-2.508799999928585
1180.9999999999682,4.204712821651797,4.199514973810035,-0.005197847841762027,0.0019320700892876829,-0.12361956838041752,0.04742568353381119,28803.467706192452,28823.63247643894,20.164770246487024,12.833403102918732,0.07000813392392959,0.04419217205800208,707928.2980854219,662486.5881615075,-45441.7099239144,25594.918284453295,-6.418970684857578,12.435996071915893,-2.9489999999859875
1181.9999999999682,4.194325039274432,4.190864299057863,-0.003460740216568503,0.0019320700892876829,-0.08251006262421592,0.04742568353381119,28836.611888039934,28856.509617939217,19.89772989928315,12.833403102918732,0.0690016218844898,0.04419217205800208,63732.933555058466,24743.76264271836,-38989.17091234011,25594.918284453295,-61.175861109009865,12.435996071915893,-2.418300000016893
1182.9999999999682,4.182063085957672,4.179942630686847,-0.002120455270825161,0.0019320700892876829,-0.05070356967940351,0.04742568353381119,28857.51664218357,28876.931595721773,19.4149535382021,12.833403102918732,0.06727867050701637,0.04419217205800208,-310658.66671164084,-339295.92758006544,28637.260868424608,25594.918284453295,-9.218239803689832,12.435996071915893,-1.884600000016989
1183.9999999999682,4.167144320809383,4.1660527698588865,-0.0010915509504965115,0.0019320700892876829,-0.02619421998527039,0.04742568353381119,28867.615391837655,28886.51244226604,18.897050428386137,12.833403102918732,0.06546107176462278,0.04419217205800208,-462441.6244636568,-480567.658839531,18126.03437587421,25594.918284453295,-3.9196372940902364,12.435996071915893,-1.3486000000170622
1184.999999999968,4.1492868834530245,4.1490656639111,-0.00022121954192488857,0.0019320700892876829,-0.005331507512943774,0.04742568353381119,28871.515766548713,28890.010351440265,18.494584891552222,12.833403102918732,0.06405824010452728,0.04419217205800208,-494208.1137121266,-504562.22920012433,10354.115487997711,25594.918284453295,-2.095092168808245,12.435996071915893,-0.8108700000172395
1185.999999999968,4.128682985559953,4.129244540083402,0.0005615545234487485,0.0019320700892876829,0.013601299140979881,0.04742568353381119,28870.78675248802,28889.01735904462,18.230606556600833,12.833403102918732,0.06314551353551098,0.04419217205800208,-441151.2529285927,-446720.94216180017,5569.689233207493,25594.918284453295,-1.262535059400372,12.435996071915893,-0.27199000001727636
1186.999999999968,4.116406209295639,4.117253051374917,0.0008468420792775433,0.0019320700892876829,0.020572364247367293,0.04742568353381119,28866.261640584707,28884.33293656231,18.07129597760286,12.833403102918732,0.06260352034014478,0.04419217205800208,-322031.15264684195,-324964.7415404338,2933.5888935918338,25594.918284453295,-0.9109643180419187,12.435996071915893,0.030606999990298835
1187.999999999968,4.116333641485107,4.116908074663815,0.0005744331787083112,0.0019320700892876829,0.013954971310368929,0.04742568353381119,28860.10749085486,28878.08211917527,17.974628320407646,12.833403102918732,0.06228191743950855,0.04419217205800208,-180998.20793386985,-182519.33276202422,1521.1248281543667,25594.918284453295,-0.8404087783621207,12.435996071915893,0.03039200000000689
1188.999999999968,4.11617162446163,4.116559009564781,0.00038738510315017294,0.0019320700892876829,0.009411296187166164,0.04742568353381119,28855.650801034626,28873.56518101683,17.91437998220499,12.833403102918732,0.06208274457480844,0.04419217205800208,-82681.99373767097,-83460.94446858458,778.9507309136097,25594.918284453295,-0.9421044361666255,12.435996071915893,0.030392
1189.9999999999677,4.116055181639462,4.116336610505937,0.00028142886647497534,0.0019320700892876829,0.006837344351707153,0.04742568353381119,28853.340314109406,28871.220367099006,17.88005298959979,12.833403102918732,0.06196874536864755,0.04419217205800208,-31940.543298984954,-32431.643218088993,491.09991910403915,25594.918284453295,-1.5375440377047247,12.435996071915893,0.030392
1190.9999999999677,4.115972778931323,4.11618685982368,0.00021408089235652739,0.0019320700892876829,0.005201222259106185,0.04742568353381119,28851.87095551647,28869.731477312263,17.86052179579201,12.833403102918732,0.06190420657062131,0.04419217205800208,126.96391538060843,-308.825135463052,181.86122008244357,25594.918284453295,143.23850956964088,12.435996071915893,0.030392
1191.9999999999677,4.115916553802197,4.116086032682025,0.0001694788798278779,0.0019320700892876829,0.004117646157605331,0.04742568353381119,28850.856960515917,28868.7046734961,17.847712980183132,12.833403102918732,0.06186198560621187,0.04419217205800208,22068.77046303638,21609.233077686356,-459.5373853500241,25594.918284453295,-2.0822971815295124,12.435996071915893,0.030392
1192.9999999999677,4.115880689403931,4.116019196844629,0.00013850744069809906,0.0019320700892876829,0.003365195717521101,0.04742568353381119,28850.125601185806,28867.964284670215,17.838683484409557,12.833403102918732,0.06183225588340713,0.04419217205800208,37715.371443724034,37201.42046391649,-513.9509798075451,25594.918284453295,-1.3627095800300497,12.435996071915893,0.030392
1193.9999999999677,4.115860794525475,4.115976882166602,0.00011608764112658321,0.0019320700892876829,0.0028204948350292096,0.04742568353381119,28849.582876988825,28867.41468149423,17.831804505403852,12.833403102918732,0.0618095747915543,0.04419217205800208,49153.42568160358,48578.28992297429,-575.135758629287,25594.918284453295,-1.170082757516818,12.435996071915893,0.030392
1194.9999999999675,4.115853454722903,4.115952889936653,9.943521374999875e-5,0.0019320700892876829,0.002415907535189276,0.04742568353381119,28849.17203608126,28866.998174496555,17.826138415293826,12.833403102918732,0.061790814630655326,0.04419217205800208,57644.08007237043,57012.73514912267,-631.3449232477578,25594.918284453295,-1.0952467668061021,12.435996071915893,0.030392
1195.9999999999675,4.115856005778282,4.115942433180832,8.642740255027093e-5,0.0019320700892876829,0.0020998645829430093,0.04742568353381119,28848.85647988305,28866.677615848475,17.821135965426947,12.833403102918732,0.061774150312869494,0.04419217205800208,64001.49630821668,63324.30365671517,-677.1926515015075,25594.918284453295,-1.0580887800502374,12.435996071915893,0.030392
1196.9999999999675,4.115786912872185,4.115866800901087,7.988802890235291e-5,0.0019320700892876829,0.0019410146976390327,0.04742568353381119,28848.61147742609,28866.427967387193,17.816489961103798,12.833403102918732,0.061758570165656404,0.04419217205800208,68776.38732454866,68065.39346175882,-710.9938627898373,25594.918284453295,-1.0337761119012123,12.435996071915893,0.032303999999937834
1197.9999999999675,4.111734069337905,4.1119906036338545,0.0002565342959490735,0.0019320700892876829,0.006239078005119678,0.04742568353381119,28848.406844205845,28866.218910808653,17.812066602808045,12.833403102918732,0.06174367513256826,0.04419217205800208,72607.78532760427,71874.18474333202,-733.6005842722516,25594.918284453295,-1.0103607773770629,12.435996071915893,0.13033999999681242
1198.9999999999675,4.0982610552107905,4.099116989347836,0.0008559341370455442,0.0019320700892876829,0.020885300509523544,0.04742568353381119,28847.576281418114,28865.386069370936,17.809787952821353,12.833403102918732,0.06173755389042286,0.04419217205800208,88617.99090405776,87832.35476775632,-785.6361363014439,25594.918284453295,-0.886542482273168,12.435996071915893,0.45904999998931223
1199.9999999999673,4.067712020659061,4.0700269387948,0.002314918135738253,0.0019320700892876829,0.05690958760062823,0.04742568353381119,28844.223398998012,28862.04005790814,17.816658910127444,12.833403102918732,0.061768551240475957,0.04419217205800208,153370.29739172084,152365.18356648416,-1005.11382523668,25594.918284453295,-0.6553510310210415,12.435996071915893,1.2726999999733597
1200.9999999999673,4.03747429342392,4.041404307852469,0.003930014428548567,0.0019320700892876829,0.09733843841308465,0.04742568353381119,28834.71866278991,28852.573413731097,17.854750941187376,12.833403102918732,0.06192101663966724,0.04419217205800208,335546.0483450416,333727.0802696666,-1818.9680753749562,25594.918284453295,-0.5420919377076119,12.435996071915893,2.244499999968182
1201.9999999999673,4.04120065435615,4.044455330667367,0.0032546763112177857,0.0019320700892876829,0.08053735979948083,0.04742568353381119,28817.55522612997,28835.53756013653,17.98233400655954,12.833403102918732,0.06240062304193756,0.04419217205800208,658593.1708492101,654250.086583852,-4343.084265358164,25594.918284453295,-0.6594487245833507,12.435996071915893,2.0712000000056743
1202.9999999999673,4.070067556658895,4.0712609308587,0.0011933741998051417,0.0019320700892876829,0.029320746724528047,0.04742568353381119,28801.829529004037,28820.02197692668,18.192447922643623,12.833403102918732,0.06316420942747214,0.04419217205800208,937121.5636019913,928771.515668033,-8350.047933958238,25594.918284453295,-0.8910314582734989,12.435996071915893,1.1183000000311998
1203.9999999999673,4.097842997556928,4.097664598951108,-0.0001783986058194742,0.0019320700892876829,-0.004353475863419676,0.04742568353381119,28797.824928894945,28816.190628940178,18.365700045233098,12.833403102918732,0.06377460829274456,0.04419217205800208,974010.2435333317,962582.0776876201,-11428.1658457116,25594.918284453295,-1.1733106424276034,12.435996071915893,0.36591000002463464
1204.999999999967,4.1159945947870415,4.115243814347856,-0.0007507804391853057,0.0019320700892876829,-0.01824055940540297,0.04742568353381119,28803.408458578484,28821.8568431209,18.448384542414715,12.833403102918732,0.06404931058400574,0.04419217205800208,826163.7004524317,813560.0451744881,-12603.655277943588,25594.918284453295,-1.525563913185904,12.435996071915893,-0.0807739999852732
1205.999999999967,4.094401780844715,4.09496727870701,0.0005654978622953166,0.0019320700892876829,0.0138114892617756,0.04742568353381119,28811.963629722286,28830.43523706345,18.47160734116551,12.833403102918732,0.06411089358071481,0.04419217205800208,632348.218357196,619742.6374003016,-12605.580956894322,25594.918284453295,-1.9934555978734139,12.435996071915893,0.45676999998227763
1206.999999999967,4.090345303389532,4.091242906151551,0.0008976027620191118,0.0019320700892876829,0.021944425114312438,0.04742568353381119,28815.035582108863,28833.50518166474,18.469599555875902,12.833403102918732,0.06409709092062896,0.04419217205800208,558471.3562239805,546310.0775784157,-12161.278645564802,25594.918284453295,-2.177601144630128,12.435996071915893,0.5650899999964287
1207.999999999967,4.102157000231901,4.102476218918938,0.00031921868703754797,0.0019320700892876829,0.007781727686665871,0.04742568353381119,28812.566646830943,28831.027098218743,18.460451387800276,12.833403102918732,0.06407083275182886,0.04419217205800208,596574.384438525,584939.903936547,-11634.48050197796,25594.918284453295,-1.950214559233536,12.435996071915893,0.2692500000097536
1208.999999999967,4.0662926548514635,4.068439656137553,0.002147001286089356,0.0019320700892876829,0.05279996961182282,0.04742568353381119,28812.734292762216,28831.178840285702,18.444547523486108,12.833403102918732,0.06401526261295998,0.04419217205800208,579433.5993535048,568411.1177038302,-11022.481649674592,25594.918284453295,-1.9022855529905025,12.435996071915893,1.2158999999687896
1209.999999999967,4.041305186877141,4.044851364134553,0.003546177257412353,0.0019320700892876829,0.08774831628473496,0.04742568353381119,28808.215969791996,28826.675574930305,18.45960513830869,12.833403102918732,0.06407757133473743,0.04419217205800208,655418.5711019366,644355.952057174,-11062.61904476257,25594.918284453295,-1.6878708557438802,12.435996071915893,2.003499999974033
1210.9999999999668,4.034823111154602,4.038464488612286,0.003641377457683781,0.0019320700892876829,0.09024875087130566,0.04742568353381119,28794.19427268047,28812.74535047932,18.551077798849292,12.833403102918732,0.06442645216313726,0.04419217205800208,913746.8798176345,901141.1719898516,-12605.70782778284,25594.918284453295,-1.3795623390034106,12.435996071915893,2.2069999999932444
1211.9999999999668,4.024573425796479,4.028603466123602,0.004030040327123174,0.0019320700892876829,0.10013583803171917,0.04742568353381119,28779.54231919058,28798.267837063682,18.725517873102945,12.833403102918732,0.06506537757070766,0.04419217205800208,1.170335551052045e6,1.1546388052640979e6,-15696.745787947206,25594.918284453295,-1.3412175485771574,12.435996071915893,2.5550999999884443
1212.9999999999668,4.038135769850911,4.04095598633327,0.0028202164823589726,0.0019320700892876829,0.06983956565836558,0.04742568353381119,28766.071469682352,28785.070846293893,18.999376611540356,12.833403102918732,0.06604786695174736,0.04419217205800208,1.3922652769626218e6,1.3716787954284654e6,-20586.481534156483,25594.918284453295,-1.4786321166515142,12.435996071915893,2.0142000000179565
1213.9999999999668,4.025168676077607,4.028761673031447,0.0035929969538397444,0.0019320700892876829,0.08926326429979575,0.04742568353381119,28757.07300106264,28776.339881217533,19.266880154893443,12.833403102918732,0.06699875246059113,0.04419217205800208,1.5182044214789146e6,1.493088292021468e6,-25116.129457446514,25594.918284453295,-1.6543312021829293,12.435996071915893,2.45519999998536
1214.9999999999668,4.059892324647666,4.0612216333155375,0.0013293086678718424,0.0019320700892876829,0.03274246116828247,0.04742568353381119,28749.507946870584,28769.04824288988,19.540296019295056,12.833403102918732,0.06796741027848457,0.04419217205800208,1.613979803116627e6,1.5843971061214656e6,-29582.696995161474,25594.918284453295,-1.832903790867562,12.435996071915893,1.2587000000397195
1215.9999999999666,4.070136690341737,4.071005027262215,0.0008683369204778302,0.0019320700892876829,0.021334342960479855,0.04742568353381119,28747.180749501465,28766.89365133987,19.712901838403923,12.833403102918732,0.0685733394525854,0.04419217205800208,1.6058328839815436e6,1.573926285784407e6,-31906.59819713654,25594.918284453295,-1.9869189699258427,12.435996071915893,0.9504600000103025
1216.9999999999666,4.088859987010226,4.089089907707722,0.00022992069749605548,0.0019320700892876829,0.005623100282877954,0.04742568353381119,28752.677932914346,28772.39846911936,19.72053620501174,12.833403102918732,0.06858678085924251,0.04419217205800208,1.4483340133671216e6,1.417374384838043e6,-30959.62852907856,25594.918284453295,-2.137602807318104,12.435996071915893,0.4546800000165709
1217.9999999999666,4.108296398478372,4.107882366304839,-0.00041403217353330746,0.0019320700892876829,-0.010077952839202556,0.04742568353381119,28758.780312928786,28778.47811303628,19.697800107493094,12.833403102918732,0.06849316936656649,0.04419217205800208,1.290668131476044e6,1.261106093064097e6,-29562.038411946967,25594.918284453295,-2.2904445915263283,12.435996071915893,-0.023866999984005075
1218.9999999999666,4.108815700646039,4.108692274584199,-0.00012342606183946003,0.0019320700892876829,-0.003003932783357829,0.04742568353381119,28767.689754368275,28787.314225347705,19.624470979430043,12.833403102918732,0.06821705582545132,0.04419217205800208,1.0870657189225797e6,1.0597671739811916e6,-27298.54494138807,25594.918284453295,-2.5112138545261455,12.435996071915893,-0.023890999999999198
1219.9999999999666,4.071853594095943,4.073763531584631,0.0019099374886879517,0.0019320700892876829,0.0469058487627674,0.04742568353381119,28775.580213823418,28795.112337482973,19.53212365955551,12.833403102918732,0.06787742771620128,0.04419217205800208,914073.3690330177,889260.4929513695,-24812.876081648166,25594.918284453295,-2.714538780174427,12.435996071915893,0.9365999999678966
1220.9999999999663,4.071544830077655,4.07344917530287,0.0019043452252152093,0.0019320700892876829,0.04677205593187312,0.04742568353381119,28774.05790526098,28793.510293420793,19.45238815981429,12.833403102918732,0.0676039098269058,0.04419217205800208,933594.6849572386,910879.3108825388,-22715.374074699823,25594.918284453295,-2.4331087612972273,12.435996071915893,0.9504599999995336
1221.9999999999663,4.0771527357673,4.078623484856017,0.001470749088716694,0.0019320700892876829,0.03607294560771235,0.04742568353381119,28767.756121666014,28787.1520337358,19.3959120697873,12.833403102918732,0.0674224016213053,0.04419217205800208,1.0427925535200693e6,1.0216168353245388e6,-21175.718195530586,25594.918284453295,-2.0306740898800486,12.435996071915893,0.7937000000052751
1222.9999999999663,4.096650049621082,4.097139064550166,0.0004890149290845969,0.0019320700892876829,0.011936946606650673,0.04742568353381119,28765.550557181476,28784.906397986928,19.355840805452317,12.833403102918732,0.06728826819071616,0.04419217205800208,1.0636549295940893e6,1.0436369563260955e6,-20017.973267993773,25594.918284453295,-1.8819988241518335,12.435996071915893,0.2894600000169683
1223.9999999999663,4.1036326072581835,4.103882409433539,0.0002498021753556401,0.0019320700892876829,0.0060873425879746056,0.04742568353381119,28768.108730196895,28787.427107466578,19.31837726968297,12.833403102918732,0.067152058728856,0.04419217205800208,989994.8102404122,971047.8912056067,-18946.919034805498,25594.918284453295,-1.9138402382336117,12.435996071915893,0.11953000000571837
1224.9999999999663,4.104041007653196,4.104421962862034,0.0003809552088380741,0.0019320700892876829,0.009282441577159455,0.04742568353381119,28773.344217850485,28792.61009410658,19.265876256096817,12.833403102918732,0.0669573759317994,0.04419217205800208,868284.0553397394,850671.7875754341,-17612.267764305347,25594.918284453295,-2.0283993073458055,12.435996071915893,0.11795000000005317
1225.9999999999661,4.091158446733394,4.0922463541507055,0.0010879074173111292,0.0019320700892876829,0.02659167156382746,0.04742568353381119,28777.17047177193,28796.37192935663,19.2014575846988,12.833403102918732,0.06672461979378366,0.04419217205800208,780666.0777470595,764574.0250764956,-16092.05267056392,25594.918284453295,-2.0613234171778427,12.435996071915893,0.44770999998882816
1226.9999999999661,4.097988792079025,4.098753731956975,0.0007649398779498995,0.0019320700892876829,0.018666226697067755,0.04742568353381119,28777.429345936816,28796.563931925342,19.13458598852594,12.833403102918732,0.06649164440126622,0.04419217205800208,766562.4655797537,751981.5853374057,-14580.880242348067,25594.918284453295,-1.9021124692454774,12.435996071915893,0.2816700000056252
1227.9999999999661,4.153013936224724,4.151075488694631,-0.0019384475300929793,0.0019320700892876829,-0.04667568083951857,0.04742568353381119,28777.02866571238,28796.10114764177,19.07248192939005,12.833403102918732,0.06627675897656096,0.04419217205800208,764324.6072410363,751108.3191709408,-13216.28807009547,25594.918284453295,-1.7291459603534132,12.435996071915893,-1.1267999999522829
1228.9999999999661,4.124016708486282,4.123805936893384,-0.00021077159289806247,0.0019320700892876829,-0.005110832661379445,0.04742568353381119,28787.752042186028,28806.73758878651,18.98554660048103,12.833403102918732,0.065950083815712,0.04419217205800208,542175.202805455,530771.9525842919,-11403.250221163034,25594.918284453295,-2.103240827348348,12.435996071915893,-0.3392800000266802
1229.9999999999661,4.112066221534511,4.112628062421976,0.000561840887464804,0.0019320700892876829,0.013663225667974292,0.04742568353381119,28797.818317937534,28816.702981172333,18.88466323479952,12.833403102918732,0.06557671496606628,0.04419217205800208,345008.7561163263,335628.1762751399,-9380.579841186409,25594.918284453295,-2.718939642802447,12.435996071915893,-0.02324700001070678
1230.9999999999661,4.07249634096461,4.074892253027534,0.0023959120629237773,0.0019320700892876829,0.05883153383892992,0.04742568353381119,28797.036895441415,28815.82370383023,18.78680838881337,12.833403102918732,0.0652386856919551,0.04419217205800208,369511.07106649614,362020.4388171331,-7490.632249363058,25594.918284453295,-2.0271739701176816,12.435996071915893,0.9967799999654429
1231.999999999966,4.083001551467737,4.084627333389128,0.0016257819213914004,0.0019320700892876829,0.03981830280732988,0.04742568353381119,28789.446707451883,28808.152879312518,18.70617186063464,12.833403102918732,0.06497579495264395,0.04419217205800208,522491.58426173683,516490.9163229686,-6000.667938768223,25594.918284453295,-1.1484716920841829,12.435996071915893,0.7097600000097891
1232.999999999966,4.0823428013853595,4.083771540643828,0.0014287392584684255,0.0019320700892876829,0.03499802265462805,0.04742568353381119,28781.324289365257,28799.99387173783,18.66958237257495,12.833403102918732,0.06486700259123722,0.04419217205800208,675003.9605571339,669591.2942115704,-5412.666345563484,25594.918284453295,-0.8018717906626777,12.435996071915893,0.7172899999997432
1233.999999999966,4.120198841188695,4.11976753267251,-0.00043130851618489174,0.0019320700892876829,-0.010468148087252445,0.04742568353381119,28778.493751919556,28797.163663932366,18.669912012810528,12.833403102918732,0.064874528089453,0.04419217205800208,714913.1152853356,709377.7731619444,-5535.342123391223,25594.918284453295,-0.7742678103173365,12.435996071915893,-0.23345999996757366
1234.999999999966,4.173054712903028,4.1699389700950675,-0.003115742807960231,0.0019320700892876829,-0.07466335867407627,0.04742568353381119,28782.310543121548,28800.97962214136,18.66907901981176,12.833403102918732,0.06486303103373796,0.04419217205800208,623376.7023299697,617788.6669850497,-5588.035344920005,25594.918284453295,-0.8964138897128866,12.435996071915893,-1.6944999999501695
1235.999999999966,4.168475558910854,4.166101982860208,-0.0023735760506466974,0.0019320700892876829,-0.05694110513789048,0.04742568353381119,28799.74746689949,28818.34569387917,18.598226979680476,12.833403102918732,0.06457774326339506,0.04419217205800208,270405.5773827567,266173.31147946254,-4232.265903294145,25594.918284453295,-1.5651548108800322,12.435996071915893,-1.5115000000062415
1236.9999999999657,4.175485015208696,4.173125474800451,-0.002359540408244598,0.0019320700892876829,-0.05650937315426254,0.04742568353381119,28817.705179081262,28836.158101763867,18.452922682605276,12.833403102918732,0.06403328289998689,0.04419217205800208,-72819.63778222329,-74288.42680782109,1468.7890255977982,25594.918284453295,-2.0170232513246016,12.435996071915893,-1.6829999999941119
1237.9999999999657,4.176250699750203,4.174080836755629,-0.00216986299457389,0.0019320700892876829,-0.051957201580443375,0.04742568353381119,28829.256430886133,28847.495082331832,18.23865144569936,12.833403102918732,0.06326438383668972,0.04419217205800208,-274411.1872261939,-271888.5915570169,-2522.5956691770116,25594.918284453295,0.9192758118486131,12.435996071915893,-1.660600000000769
1238.9999999999657,4.148616790884402,4.148147337198633,-0.00046945368576878366,0.0019320700892876829,-0.011315908637314884,0.04742568353381119,28839.546619501223,28857.529891331404,17.983271830180456,12.833403102918732,0.06235629175259023,0.04419217205800208,-445709.43993370136,-438566.28840456717,-7143.151529134193,25594.918284453295,1.6026475746613593,12.435996071915893,-0.8158100000290045
1239.9999999999657,4.142313741299069,4.142096732189559,-0.00021700910950972485,0.0019320700892876829,-0.005238838076076505,0.04742568353381119,28842.363653964156,28860.16983688595,17.80618292179497,12.833403102918732,0.061736212522053996,0.04419217205800208,-465912.79761618003,-455879.89805509744,-10032.899561082595,25594.918284453295,2.153385700589345,12.435996071915893,-0.628470000006432
1240.9999999999657,4.135248323173714,4.135179966282461,-6.835689125317401e-5,0.0019320700892876829,-0.0016530299007705435,0.04742568353381119,28839.99981924609,28857.708094073896,17.708274827804416,12.833403102918732,0.061401785502047654,0.04419217205800208,-388545.68048446026,-377250.05105289444,-11295.629431565816,25594.918284453295,2.9071560948719855,12.435996071915893,-0.4406200000064495
1241.9999999999654,4.12522801957763,4.1254761766089,0.00024815703126979116,0.0019320700892876829,0.006015595503862578,0.04742568353381119,28838.375553708767,28856.013298184767,17.63774447600008,12.833403102918732,0.061160672670870234,0.04419217205800208,-333913.9246609564,-321875.2856261725,-12038.639034783933,25594.918284453295,3.605312071668623,12.435996071915893,-0.18947000000867995
1242.9999999999654,4.121726523982023,4.121979364498478,0.00025284051645524386,0.0019320700892876829,0.0061343350895336265,0.04742568353381119,28835.71607003596,28853.320614669814,17.604544633853948,12.833403102918732,0.06105117900001571,0.04419217205800208,-263789.5442893794,-251712.29954428066,-12077.244745098724,25594.918284453295,4.578363701879663,12.435996071915893,-0.1034300000029736
1243.9999999999654,4.116481529329262,4.116833861369191,0.00035233203992923734,0.0019320700892876829,0.008559057958086994,0.04742568353381119,28832.735725934293,28850.329155193325,17.593429259031836,12.833403102918732,0.061018938425627806,0.04419217205800208,-192277.6796723505,-180540.65721766886,-11737.022454681632,25594.918284453295,6.104204333379738,12.435996071915893,0.021599999995678864
1244.9999999999654,4.116005519651469,4.116265545127469,0.0002600254759999032,0.0019320700892876829,0.006317422917885722,0.04742568353381119,28830.024852401053,28847.62273758767,17.597885186616622,12.833403102918732,0.061040131864995656,0.04419217205800208,-130325.49186855798,-119173.60241703773,-11151.889451520241,25594.918284453295,8.556951745685849,12.435996071915893,0.03039199999969614
1245.9999999999654,4.115873664547688,4.1160510475485586,0.00017738300087088987,0.0019320700892876829,0.00430972899870053,0.04742568353381119,28827.678758224327,28845.29270246047,17.613944236141833,12.833403102918732,0.06110080656812059,0.04419217205800208,-78741.52271467593,-68340.96292769934,-10400.559786976592,25594.918284453295,13.208481914508525,12.435996071915893,0.030392
1246.9999999999652,4.115770277348441,4.11589761356687,0.00012733621842908605,0.0019320700892876829,0.0030938611693148627,0.04742568353381119,28826.198266399384,28843.833798921696,17.635532522312133,12.833403102918732,0.06117883586080999,0.04419217205800208,-46517.46398993676,-36916.36011515172,-9601.10387478504,25594.918284453295,20.639783537774267,12.435996071915893,0.030392
1247.9999999999652,4.1156922650737355,4.115786670447818,9.440537408256233e-5,0.0019320700892876829,0.002293790886254976,0.04742568353381119,28825.151048340802,28842.81050219655,17.659453855747415,12.833403102918732,0.06126404620094405,0.04419217205800208,-23926.858806514712,-15116.686766537468,-8810.172039977244,25594.918284453295,36.82126480212457,12.435996071915893,0.030392
1248.9999999999652,4.115634364619624,4.1157064035559445,7.203893632024005e-5,0.0019320700892876829,0.0017503726020836172,0.04742568353381119,28824.355426136397,28842.038284025108,17.682857888710714,12.833403102918732,0.06134693257590362,0.04419217205800208,-6940.970230307022,1135.6989835998952,-5805.271246707127,25594.918284453295,83.63774881729094,12.435996071915893,0.030392
1249.9999999999652,4.115592534999981,4.115648400072341,5.586507236010618e-5,0.0019320700892876829,0.0013574004687056914,0.04742568353381119,28823.729037929115,28841.433863027203,17.704825098087895,12.833403102918732,0.061424477987529424,0.04419217205800208,6268.9181824656225,13679.59685708738,7410.678674621757,25594.918284453295,118.21303866031745,12.435996071915893,0.030392
1250.9999999999652,4.115563620623116,4.1156077634089225,4.414278580622266e-5,0.0019320700892876829,0.0010725817864902603,0.04742568353381119,28823.22445245712,28840.949496168938,17.725043711816397,12.833403102918732,0.061495700250515775,0.04419217205800208,16757.283541809607,23568.77979472256,6811.496252912952,25594.918284453295,40.6479739745299,12.435996071915893,0.030392
1251.999999999965,4.113871681986605,4.113983054393275,0.00011137240667036252,0.0019320700892876829,0.002707240655026468,0.04742568353381119,28822.81115962382,28840.554604029574,17.743444405754417,12.833403102918732,0.06156042277586776,0.04419217205800208,25203.219746324114,31478.109113073308,6274.889366749194,25594.918284453295,24.89717357507223,12.435996071915893,0.07073599999858732
1252.999999999965,4.114790903685832,4.11484615688756,5.525320172772297e-5,0.0019320700892876829,0.0013427948836532567,0.04742568353381119,28822.196848733747,28839.957736471704,17.76088773795709,12.833403102918732,0.061622255344277774,0.04419217205800208,37410.35906906064,43189.704822226435,5779.345753165791,25594.918284453295,15.448517194119804,12.435996071915893,0.04793500000079839
1253.999999999965,4.114765993645901,4.114810662764184,4.466911828338027e-5,0.0019320700892876829,0.0010855810112254053,0.04742568353381119,28821.645038811766,28839.422317307097,17.777278495330393,12.833403102918732,0.06168030475495475,0.04419217205800208,47925.80029046668,53249.742735192,5323.942444725319,25594.918284453295,11.108718920619356,12.435996071915893,0.047935
1254.999999999965,4.114757954811382,4.114799373774166,4.141896278397894e-5,0.0019320700892876829,0.0010065953632958603,0.04742568353381119,28821.38086046545,28839.173254256508,17.792393791056384,12.833403102918732,0.06173331485120608,0.04419217205800208,52438.526043918406,57349.077995416446,4910.551951498041,25594.918284453295,9.364397365756135,12.435996071915893,0.047935
1255.999999999965,4.1147551287373485,4.114792790046336,3.766130898785747e-5,0.0019320700892876829,0.0009152746107497822,0.04742568353381119,28821.114347409803,28838.920655715116,17.806308305312996,12.833403102918732,0.061782164598758044,0.04419217205800208,56991.33971997531,61526.57773504679,4535.238015071482,25594.918284453295,7.957766982413809,12.435996071915893,0.047935
1256.999999999965,4.112050225531521,4.112208415797725,0.0001581902662035617,0.0019320700892876829,0.003846992559122113,0.04742568353381119,28820.87501791687,28838.69366945795,17.818651541077998,12.833403102918732,0.06182550505493259,0.04419217205800208,60932.073396388514,65135.282787162934,4203.20939077442,25594.918284453295,6.898188682060419,12.435996071915893,0.11321999999771402
1257.9999999999648,4.103575505890401,4.1041093407546,0.000533834864199001,0.0019320700892876829,0.013009017707428988,0.04742568353381119,28820.223393353983,28838.054468428247,17.831075074263936,12.833403102918732,0.06187000992634855,0.04419217205800208,72906.90061568837,76786.58724594633,3879.6866302579583,25594.918284453295,5.321425814970268,12.435996071915893,0.31855999999276324
1258.9999999999648,4.101714937796856,4.1022831849163195,0.0005682471194639049,0.0019320700892876829,0.013853891069502897,0.04742568353381119,28817.979952290625,28835.828124532047,17.848172241421707,12.833403102918732,0.061934154548549565,0.04419217205800208,115622.7579115132,119096.81416696827,3474.0562554550706,25594.918284453295,3.0046474571327795,12.435996071915893,0.3612599999984951
1259.9999999999648,4.097689683780943,4.09838084778801,0.0006911640070672576,0.0019320700892876829,0.016867163216457128,0.04742568353381119,28814.986937495916,28832.85889599598,17.871958500065375,12.833403102918732,0.06202313587312174,0.04419217205800208,170809.5534233236,173761.0109474669,2951.457524143276,25594.918284453295,1.7279229791255117,12.435996071915893,0.45591999999666394
1260.9999999999648,4.0880255878681755,4.08912449817768,0.0010989103095049302,0.0019320700892876829,0.026881199392834284,0.04742568353381119,28812.123841187,28830.027428999223,17.903587812223122,12.833403102918732,0.06213907697644247,0.04419217205800208,220838.9548158966,223134.0762611374,2295.121445240802,25594.918284453295,1.039273821574704,12.435996071915893,0.6953099999915632
1261.9999999999648,4.072972665909672,4.074750786598628,0.0017781206889555534,0.0019320700892876829,0.04365658291395436,0.04742568353381119,28807.818133245917,28825.76554447851,17.94741123259155,12.833403102918732,0.062300487838331566,0.04419217205800208,297290.7664852278,298716.0000328285,1425.2335476006847,25594.918284453295,0.4794072700106896,12.435996071915893,1.0923999999860055
1262.9999999999645,4.05623066498389,4.0587948856975755,0.002564220713685117,0.0019320700892876829,0.06321683665135698,0.04742568353381119,28800.639443208842,28818.653235479364,18.013792270521662,12.833403102918732,0.06254650111516637,0.04419217205800208,426913.6533343515,427060.9157966598,147.2624623083393,25594.918284453295,0.03449467150046988,12.435996071915893,1.5757999999828536
1263.9999999999645,4.089734764101445,4.090291392359269,0.0005566282578239878,0.0019320700892876829,0.013610375487181125,0.04742568353381119,28790.12021076386,28808.245265805715,18.125055041855376,12.833403102918732,0.0629558157769654,0.04419217205800208,616232.367437763,614273.6556558033,-1958.711781959748,25594.918284453295,-0.3178527914890108,12.435996071915893,0.6087200000343026
1264.9999999999645,4.129250057936371,4.127941107122114,-0.0013089508142574147,0.0019320700892876829,-0.03169948043571801,0.04742568353381119,28786.284391121822,28804.509647928877,18.225256807054393,12.833403102918732,0.06331229331103035,0.04419217205800208,665493.2305323285,661742.5757746091,-3750.6547577193705,25594.918284453295,-0.5635902193504236,12.435996071915893,-0.3773899999650224
1265.9999999999645,4.127866680680058,4.126925160339329,-0.0009415203407288075,0.0019320700892876829,-0.02280888443261675,0.04742568353381119,28795.138679025087,28813.40812385688,18.269444831792498,12.833403102918732,0.06344628180276937,0.04419217205800208,465857.2853325597,461483.34640874725,-4373.938923812471,25594.918284453295,-0.9389010457762972,12.435996071915893,-0.33712000000142833
1266.9999999999645,4.125136193177111,4.124605418261533,-0.0005307749155782915,0.0019320700892876829,-0.012866845862111948,0.04742568353381119,28804.610843407365,28822.889161930638,18.2783185232729,12.833403102918732,0.06345622450044777,0.04419217205800208,268272.4702082497,263965.4372046885,-4307.033003561199,25594.918284453295,-1.6054696183390764,12.435996071915893,-0.25589000000288126
1267.9999999999643,4.078016729349941,4.079834936484,0.0018182071340584471,0.0019320700892876829,0.044585573202106,0.04742568353381119,28808.892036218524,28827.143111076548,18.251074858024367,12.833403102918732,0.06335222762152438,0.04419217205800208,183635.84569406512,180070.13630769477,-3565.7093863703485,25594.918284453295,-1.941728409773968,12.435996071915893,0.9333899999575456
1268.9999999999643,4.046553399876112,4.050024097339487,0.0034706974633751386,0.0019320700892876829,0.08576922433499572,0.04742568353381119,28803.607783032054,28821.839007354432,18.231224322378694,12.833403102918732,0.06329493325873763,0.04419217205800208,289770.0711566827,286735.60575742245,-3034.4653992602252,25594.918284453295,-1.047197658180319,12.435996071915893,1.8832999999660904
1269.9999999999643,4.012985608978086,4.018426154052523,0.005440545074436365,0.0019320700892876829,0.13557350074379682,0.04742568353381119,28787.505683730193,28805.78743008564,18.281746355445648,12.833403102918732,0.06350583672060871,0.04419217205800208,600501.480533074,596574.0781423455,-3927.402390728472,25594.918284453295,-0.6540204342613875,12.435996071915893,3.1415999999550817
1270.9999999999643,3.9951442042318197,4.001476080273901,0.006331876042080964,0.0019320700892876829,0.15848929896883276,0.04742568353381119,28764.678071688464,28783.20718187881,18.52911019034582,12.833403102918732,0.06441619177578431,0.04419217205800208,1.0256313932156209e6,1.0169869021353993e6,-8644.491080221604,25594.918284453295,-0.8428457960046326,12.435996071915893,3.8929999999731764
1271.9999999999643,3.9934696720881275,3.999261661336652,0.00579198924852431,0.0019320700892876829,0.1450365152139934,0.04742568353381119,28738.147873513655,28757.24238948223,19.09451596857616,12.833403102918732,0.06644309874323706,0.04419217205800208,1.5024701112572572e6,1.4831101871959723e6,-19359.924061284866,25594.918284453295,-1.2885397131184597,12.435996071915893,3.883000000000357
1272.999999999964,4.0170398618540375,4.020402264851561,0.0033624029975234393,0.0019320700892876829,0.0837035009150132,0.04742568353381119,28715.708562456002,28735.579778257732,19.871215801729704,12.833403102918732,0.06919981012660813,0.04419217205800208,1.8779025716693664e6,1.8442276814195998e6,-33674.89024976664,25594.918284453295,-1.7932181763738286,12.435996071915893,2.7543000000405486
1273.999999999964,4.0427131749507454,4.044235211254186,0.0015220363034407214,0.0019320700892876829,0.03764888176760809,0.04742568353381119,28705.190193099654,28725.65233954148,20.462146441826917,12.833403102918732,0.07128378632636875,0.04419217205800208,2.0062712576588895e6,1.962607156479605e6,-43664.10117928451,25594.918284453295,-2.1763807367821233,12.435996071915893,1.7614000000356702
1274.999999999964,4.062307648177851,4.062993957608988,0.0006863094311375662,0.0019320700892876829,0.016894570539122276,0.04742568353381119,28706.79338946013,28727.47471004923,20.681320589101233,12.833403102918732,0.07204329758646781,0.04419217205800208,1.8983596630031646e6,1.852347846783752e6,-46011.81621941249,25594.918284453295,-2.4237670614335944,12.435996071915893,1.1358000000224746
1275.999999999964,4.038930687067845,4.041418322233225,0.0024876351653801976,0.0019320700892876829,0.061591429963017114,0.04742568353381119,28713.231431193,28733.928955524254,20.69752433125541,12.833403102918732,0.07208357715102166,0.04419217205800208,1.7088478950597707e6,1.6643619523828912e6,-44485.942676879466,25594.918284453295,-2.6032710579734464,12.435996071915893,1.863199999973868
1276.999999999964,4.04784755672594,4.049965801041303,0.002118244315362894,0.0019320700892876829,0.05233014054205672,0.04742568353381119,28713.196908604048,28733.950691589587,20.753782985539146,12.833403102918732,0.07227959691008902,0.04419217205800208,1.6611227150207749e6,1.6171060583139884e6,-44016.65670678648,25594.918284453295,-2.649813665707171,12.435996071915893,1.56480000001072
1277.999999999964,4.052162865523822,4.0540721501032655,0.0019092845794430602,0.0019320700892876829,0.04711766636251051,0.04742568353381119,28709.03999455639,28729.874862753462,20.834868197071046,12.833403102918732,0.0725725005121091,0.04419217205800208,1.6978504615946673e6,1.6536841719969204e6,-44166.289597746916,25594.918284453295,-2.6013062161119147,12.435996071915893,1.4202000000051946
1278.9999999999638,4.057222432717699,4.058967953645835,0.0017455209281358464,0.0019320700892876829,0.04302255932679103,0.04742568353381119,28708.396008917993,28729.238091151932,20.842082233939436,12.833403102918732,0.07259925712138372,0.04419217205800208,1.663896464928282e6,1.6209687516513504e6,-42927.71327693155,25594.918284453295,-2.5799509874421087,12.435996071915893,1.2617000000057301
1279.9999999999638,4.084069061362744,4.084530991014096,0.0004619296513519444,0.0019320700892876829,0.01131052497916896,0.04742568353381119,28708.447760341736,28729.2836172802,20.83585693846544,12.833403102918732,0.07257744170776238,0.04419217205800208,1.6194633532245767e6,1.577906493281099e6,-41556.85994347767,25594.918284453295,-2.566088319364077,12.435996071915893,0.5196300000268277
1280.9999999999638,4.116121066335442,4.115283448962484,-0.000837617372957844,0.0019320700892876829,-0.02034967775385601,0.04742568353381119,28713.154812657285,28733.922889309786,20.768076652500895,12.833403102918732,0.0723294837784455,0.04419217205800208,1.486714125050254e6,1.447625266414193e6,-39088.85863606096,25594.918284453295,-2.6292114924743637,12.435996071915893,-0.27998999997109186
1281.9999999999638,4.116595081399021,4.116113013535678,-0.0004820678633432607,0.0019320700892876829,-0.011710354159472745,0.04742568353381119,28725.009632072266,28745.656462671977,20.646830599711393,12.833403102918732,0.07187754108412425,0.04419217205800208,1.2212924318848213e6,1.1855645765968673e6,-35727.85528795398,25594.918284453295,-2.9254136319190285,12.435996071915893,-0.27520000000017314
1282.9999999999638,4.086593862326601,4.08785264234703,0.0012587800204286737,0.0019320700892876829,0.03080266997004734,0.04742568353381119,28736.49202490717,28757.000587794384,20.508562887214794,12.833403102918732,0.07136766335097244,0.04419217205800208,977486.5695192072,945268.5916324458,-32217.977886761422,25594.918284453295,-3.296002102883967,12.435996071915893,0.49508999997215214
1283.9999999999636,4.087056910756859,4.088339251629769,0.001282340872910126,0.0019320700892876829,0.031375654925065784,0.04742568353381119,28738.395660816786,28758.761206999792,20.36554618300579,12.833403102918732,0.07086528567345561,0.04419217205800208,932843.8736813596,904057.9916329352,-28785.882048424333,25594.918284453295,-3.0858199169839864,12.435996071915893,0.49509
1284.9999999999636,4.087215112019511,4.0884166303446765,0.0012015183251659067,0.0019320700892876829,0.02939699262787838,0.04742568353381119,28735.834979104675,28756.069825123977,20.234846019302495,12.833403102918732,0.07041676719683387,0.04419217205800208,974173.686099578,948427.2118938837,-25746.474205694394,25594.918284453295,-2.6429038859362746,12.435996071915893,0.49509
1285.9999999999636,4.087354107641006,4.088529419841973,0.0011753122009672268,0.0019320700892876829,0.02875484164119932,0.04742568353381119,28735.414398778248,28755.54212705697,20.127728278723225,12.833403102918732,0.07004502527577608,0.04419217205800208,968134.931626887,944848.4886912606,-23286.44293562637,25594.918284453295,-2.4052889917415787,12.435996071915893,0.49509
1286.9999999999636,4.087476547031468,4.088635129484227,0.001158582452759127,0.0019320700892876829,0.028344687472287716,0.04742568353381119,28735.36565826058,28755.408888818973,20.04323055839268,12.833403102918732,0.06975108929101388,0.04419217205800208,953876.7555502551,932528.6406606451,-21348.114889609977,25594.918284453295,-2.238037017402218,12.435996071915893,0.49509
1287.9999999999636,4.05452578322298,4.057408450799392,0.002882667576412423,0.0019320700892876829,0.07109752731972922,0.04742568353381119,28735.37696125145,28755.346484904567,19.969523653115175,12.833403102918732,0.06949455954603731,0.04419217205800208,938298.8655734737,918628.441684501,-19670.423888972728,25594.918284453295,-2.096392163593896,12.435996071915893,1.413899999966574
1288.9999999999634,4.079744684947631,4.081118170746809,0.0013734857991778426,0.0019320700892876829,0.033665974349948155,0.04742568353381119,28729.296333583712,28749.224595292526,19.928261708813807,12.833403102918732,0.0693656450106585,0.04419217205800208,1.0425910640934793e6,1.0239209795122574e6,-18670.08458122192,25594.918284453295,-1.790738979472775,12.435996071915893,0.6933600000263769
1289.9999999999634,4.059137899474958,4.061496456702663,0.0023585572277049494,0.0019320700892876829,0.05810488054643387,0.04742568353381119,28724.64124981375,28744.54444455859,19.9031947448384,12.833403102918732,0.06928961991811632,0.04419217205800208,1.1120332212731324e6,1.094040272081134e6,-17992.949191998458,25594.918284453295,-1.6180226316799142,12.435996071915893,1.2616999999791947
1290.9999999999634,4.071633142042321,4.0732866488596455,0.001653506817324235,0.0019320700892876829,0.04061040765806421,0.04742568353381119,28722.334411442665,28742.234006265622,19.899594822956715,12.833403102918732,0.06928265139559456,0.04419217205800208,1.1319336968824524e6,1.1142012010773716e6,-17732.495805080747,25594.918284453295,-1.566566650848827,12.435996071915893,0.9002500000132316
1291.9999999999634,4.06424008088662,4.066226077487827,0.0019859966012072405,0.0019320700892876829,0.04886513989532804,0.04742568353381119,28718.70139299999,28738.611063733322,19.90967073333377,12.833403102918732,0.06932650073859757,0.04419217205800208,1.177799349724171e6,1.160079772005554e6,-17719.57771861693,25594.918284453295,-1.504464892323695,12.435996071915893,1.10129999999264
1292.9999999999634,4.056903337925304,4.059294134483321,0.0023907965580169943,0.0019320700892876829,0.05893156328540095,0.04742568353381119,28716.89531393934,28736.81166314819,19.91634920884826,12.833403102918732,0.06935411711857567,0.04419217205800208,1.1858185207046976e6,1.1682052348795542e6,-17613.285825143335,25594.918284453295,-1.485327266998349,12.435996071915893,1.3118999999922907
1293.9999999999632,4.069643803945199,4.071260267548,0.0016164636028008772,0.0019320700892876829,0.03972002663313784,0.04742568353381119,28712.19181007153,28732.135551712727,19.94374164119654,12.833403102918732,0.06946088188990422,0.04419217205800208,1.251310170488162e6,1.2334087048142129e6,-17901.465673949104,25594.918284453295,-1.4306177713688184,12.435996071915893,0.93671000001382
1294.9999999999632,4.076455525532093,4.077715199843453,0.0012596743113606479,0.0019320700892876829,0.030901215614175623,0.04742568353381119,28709.850182283593,28729.813571568247,19.963389284654113,12.833403102918732,0.06953498244645391,0.04419217205800208,1.267199197949241e6,1.2491939366891847e6,-18005.26126005617,25594.918284453295,-1.420870632588373,12.435996071915893,0.7457100000070354
1295.9999999999632,4.061903476747006,4.064015234983461,0.002111758236454264,0.0019320700892876829,0.05198937514254955,0.04742568353381119,28711.14337285039,28731.11033474817,19.966961897778674,12.833403102918732,0.06954429379033257,0.04419217205800208,1.2118500284807372e6,1.1940722323619258e6,-17777.79611881147,25594.918284453295,-1.466996385773824,12.435996071915893,1.1496999999851192
1296.9999999999632,4.068442008198441,4.070201540339756,0.0017595321413148568,0.0019320700892876829,0.04324830334976313,0.04742568353381119,28709.38646350284,28729.362147269807,19.97568376696654,12.833403102918732,0.06957892949875774,0.04419217205800208,1.2205787091018402e6,1.2029205805388358e6,-17658.128563004313,25594.918284453295,-1.4467013418575851,12.435996071915893,0.9613000000069397
1297.9999999999632,4.029123828546521,4.0332095904835885,0.004085761937067112,0.0019320700892876829,0.10140571774238623,0.04742568353381119,28706.430424966904,28726.41246904625,19.982044079344632,12.833403102918732,0.0696082507770301,0.04419217205800208,1.2523297454374908e6,1.234838746357109e6,-17490.999080381822,25594.918284453295,-1.3966768052987106,12.435996071915893,2.2084999999540598
1298.999999999963,4.026774814889074,4.030822389917137,0.004047575028063299,0.0019320700892876829,0.100516547712013,0.04742568353381119,28697.36365912428,28717.414147710668,20.050488586388383,12.833403102918732,0.06986874761233812,0.04419217205800208,1.4026141312728412e6,1.384066014995953e6,-18548.116276888177,25594.918284453295,-1.3223962216932874,12.435996071915893,2.2786999999973987
1299.999999999963,4.04289097019967,4.045563332003267,0.002672361803597312,0.0019320700892876829,0.06610026892378276,0.04742568353381119,28683.14512735482,28703.343394320666,20.198266965846415,12.833403102918732,0.07041859209011056,0.04419217205800208,1.6460456334318921e6,1.624946844830052e6,-21098.788601840148,25594.918284453295,-1.2817863717332443,12.435996071915893,1.6894000000218405
1300.999999999963,4.028420108970134,4.031970728901716,0.003550619931582233,0.0019320700892876829,0.08813926640064235,0.04742568353381119,28677.08724605223,28697.41778353493,20.330537482699583,12.833403102918732,0.07089470875567512,0.04419217205800208,1.7169266699108635e6,1.693722635965888e6,-23204.033944975585,25594.918284453295,-1.3514866040365168,12.435996071915893,2.1690999999822216
1301.999999999963,4.069452845523668,4.070522317118009,0.0010694715943406763,0.0019320700892876829,0.026280476391736,0.04742568353381119,28671.79194240808,28692.284328394726,20.492385986646696,12.833403102918732,0.0714722889584612,0.04419217205800208,1.7726440796691396e6,1.7468443398052538e6,-25799.7398638858,25594.918284453295,-1.4554382439085725,12.435996071915893,0.8623600000484304
1302.999999999963,4.086083925285697,4.086435351594427,0.000351426308729863,0.0019320700892876829,0.008600565117009715,0.04742568353381119,28671.976704134668,28692.557219512237,20.5805153775691,12.833403102918732,0.07177919956457439,0.04419217205800208,1.7203926505782846e6,1.6935585673382087e6,-26834.08324007597,25594.918284453295,-1.559765047302201,12.435996071915893,0.41592000001654594
1303.999999999963,4.143850965056681,4.141692947177174,-0.0021580178795073124,0.0019320700892876829,-0.052077593950770724,0.04742568353381119,28681.340937957404,28701.886836680704,20.545898723299615,12.833403102918732,0.07163507022821518,0.04419217205800208,1.4931722322865343e6,1.467728548226984e6,-25443.684059550287,25594.918284453295,-1.7040019570004794,12.435996071915893,-1.0734999999447992
1304.9999999999627,4.226669229462946,4.219005498450623,-0.00766373101232265,0.0019320700892876829,-0.18131844713328626,0.04742568353381119,28698.092796965968,28718.574477481674,20.481680515706103,12.833403102918732,0.07136948319391968,0.04419217205800208,1.1349035752731715e6,1.1113139594007758e6,-23589.61587239569,25594.918284453295,-2.078556838339122,12.435996071915893,-4.2194999998826885
1305.9999999999627,4.218696489778872,4.21292278718597,-0.005773702592902552,0.0019320700892876829,-0.13685987145297546,0.04742568353381119,28737.479606359877,28757.68607589196,20.206469532084157,12.833403102918732,0.0703139934638258,0.04419217205800208,350534.092191876,332837.2630674777,-17696.829124398355,25594.918284453295,-5.0485329440399855,12.435996071915893,-3.6985000000194277
1306.9999999999627,4.210663287363759,4.206678506799044,-0.003984780564715074,0.0019320700892876829,-0.09463545984960228,0.04742568353381119,28777.447560646837,28797.073219268997,19.6256586221607,12.833403102918732,0.06819805189741285,0.04419217205800208,-404493.02853967814,-410609.605057953,6116.576518274844,25594.918284453295,-1.5121586990898774,12.435996071915893,-3.1731000000195917
1307.9999999999627,4.2007927494088815,4.198006220744121,-0.002786528664760368,0.0019320700892876829,-0.0663334001695865,0.04742568353381119,28797.903176790285,28816.76848127306,18.865304482773354,12.833403102918732,0.06550929894777158,0.04419217205800208,-743307.9668429949,-734912.3567029801,-8395.610140014789,25594.918284453295,1.1294928232335428,12.435996071915893,-2.6438000000197373
1308.9999999999627,4.188871167377758,4.187041884762415,-0.0018292826153425423,0.0019320700892876829,-0.0436700615093798,0.04742568353381119,28809.714532244852,28827.87341765763,18.158885412776726,12.833403102918732,0.0630304246591984,0.04419217205800208,-907199.1908938474,-886027.7593708641,-21171.431522983243,25594.918284453295,2.333713669003982,12.435996071915893,-2.1113000000198565
1309.9999999999625,4.17456640732353,4.173552228296637,-0.0010141790268933804,0.0019320700892876829,-0.024294236285574106,0.04742568353381119,28815.749726884067,28833.42336975656,17.673642872494383,12.833403102918732,0.06133327447665019,0.04419217205800208,-960257.1159825749,-931146.2806745046,-29110.835308070295,25594.918284453295,3.031566735986422,12.435996071915893,-1.5763000000200713
1310.9999999999625,4.157520448232787,4.157247181089966,-0.0002732671428207212,0.0019320700892876829,-0.00657283941770815,0.04742568353381119,28817.278513835052,28834.676381540427,17.397867705374665,12.833403102918732,0.0603730421560177,0.04419217205800208,-931057.5167809564,-898298.5576829363,-32758.959098020103,25594.918284453295,3.518467818323525,12.435996071915893,-1.0392000000201502
1311.9999999999625,4.137646358254134,4.138071435440172,0.00042507718603790323,0.0019320700892876829,0.010273405439542279,0.04742568353381119,28815.03048108885,28832.31591295937,17.28543187052128,12.833403102918732,0.05998755365490804,0.04419217205800208,-836118.4989464608,-802874.8042534421,-33243.69469301868,25594.918284453295,3.975954931616383,12.435996071915893,-0.5007100000202023
1312.9999999999625,4.118465746154175,4.119442242104894,0.000976495950718359,0.0019320700892876829,0.02371018750441742,0.04742568353381119,28809.498847346207,28826.777870946913,17.27902360070584,12.833403102918732,0.0599768281019491,0.04419217205800208,-686617.2040624914,-654798.3115027829,-31818.89255970856,25594.918284453295,4.634153116386611,12.435996071915893,-0.028015000017733938
1313.9999999999625,4.115812259161631,4.116558518280308,0.000746259118677095,0.0019320700892876829,0.01813151503730406,0.04742568353381119,28801.52022571124,28818.84299103125,17.322765320011968,12.833403102918732,0.060145315886999125,0.04419217205800208,-500072.0471119945,-470440.7938062737,-29631.253305720806,25594.918284453295,5.925396845683855,12.435996071915893,0.030391999997808762
1314.9999999999623,4.115441705328555,4.115926532488711,0.000484827160155632,0.0019320700892876829,0.011780683456842354,0.04742568353381119,28794.462575614234,28811.84397413448,17.381398520246876,12.833403102918732,0.06036368442232023,0.04419217205800208,-342973.4202602058,-315610.19221126306,-27363.22804894275,25594.918284453295,7.978235756048652,12.435996071915893,0.030392
1315.9999999999623,4.115130540911105,4.115460271402843,0.0003297304917380117,0.0019320700892876829,0.008012637471884626,0.04742568353381119,28790.202856488017,28807.650976614157,17.448120126140566,12.833403102918732,0.06060436674626815,0.04419217205800208,-248912.87749786512,-223799.89806284552,-25112.979435019603,25594.918284453295,10.08906396786763,12.435996071915893,0.030392
1316.9999999999623,4.114885238678196,4.115117550338092,0.0002323116598956787,0.0019320700892876829,0.005645641285741009,0.04742568353381119,28787.376208093086,28804.895861821835,17.51965372874838,12.833403102918732,0.06085880700660391,0.04419217205800208,-186673.586093928,-163755.95957999415,-22917.62651393385,25594.918284453295,12.276844835670781,12.435996071915893,0.030392
1317.9999999999623,4.114691325339431,4.114860145435848,0.00016882009641783213,0.0019320700892876829,0.004102861747567559,0.04742568353381119,28785.29971456886,28802.888354252496,17.588639683635847,12.833403102918732,0.06110285408886627,0.04419217205800208,-141120.117946359,-120219.50191717561,-20900.616029183395,25594.918284453295,14.810514853118178,12.435996071915893,0.030392
1318.9999999999623,4.114538093649214,4.114662724437325,0.00012463078811109085,0.0019320700892876829,0.003029034736692762,0.04742568353381119,28783.6999004487,28801.352675382637,17.6527749339366,12.833403102918732,0.06132906817049401,0.04419217205800208,-106184.99697714721,-87100.83256298369,-19084.16441416352,25594.918284453295,17.972561997878806,12.435996071915893,0.030392
1319.999999999962,4.114417371093282,4.114511555107528,9.41840142463235e-5,0.0019320700892876829,0.0022891215390065532,0.04742568353381119,28782.430594659934,28800.142094646624,17.711499986689887,12.833403102918732,0.061535803685655165,0.04419217205800208,-78621.30814501095,-61161.5319067425,-17459.776238268445,25594.918284453295,22.207435427130306,12.435996071915893,0.030392
1320.999999999962,4.114322812552303,4.114394228591149,7.141603884530667e-5,0.0019320700892876829,0.0017357908481907384,0.04742568353381119,28781.402427246663,28799.16723311856,17.764805871895078,12.833403102918732,0.0617232114272429,0.04419217205800208,-56441.49119707642,-40429.51536102523,-16011.975836051191,25594.918284453295,28.369158036846105,12.435996071915893,0.030392
1321.999999999962,4.114249403979407,4.114304653790767,5.524981135973661e-5,0.0019320700892876829,0.0013428892110015883,0.04742568353381119,28780.556392857165,28798.369350900113,17.812958042948594,12.833403102918732,0.06189233383747043,0.04419217205800208,-38331.8387408393,-23608.859452338183,-14722.97928850112,25594.918284453295,38.409269610161026,12.435996071915893,0.030392
1322.999999999962,4.114193176197214,4.114235533208667,4.235701145294257e-5,0.0019320700892876829,0.001029533851205634,0.04742568353381119,28779.85147892407,28797.707831441796,17.85635251772692,12.833403102918732,0.06204463053189626,0.04419217205800208,-23378.35602290324,-9803.454467184252,-13574.901555718989,25594.918284453295,58.06610842276492,12.435996071915893,0.030392
1323.999999999962,4.1141509423700695,4.11418399969141,3.30573213407348e-5,0.0019320700892876829,0.0008035028807594314,0.04742568353381119,28779.258090178693,28797.153517822928,17.895427644234587,12.833403102918732,0.06218168511557858,0.04419217205800208,-10920.94393759296,1630.0493272823048,-9290.894610310655,25594.918284453295,85.07409857062615,12.435996071915893,0.030392
1324.999999999962,4.11412015509359,4.11414528841185,2.5133318259484838e-5,0.0019320700892876829,0.0006109038460718727,0.04742568353381119,28778.754244766245,28796.684873173053,17.930628406807955,12.833403102918732,0.06230508886627312,0.04419217205800208,-468.9688430867512,11166.967108889565,10697.998265802813,25594.918284453295,-2281.174628870572,12.435996071915893,0.030392
1325.9999999999618,4.1140987458346165,4.114118114820302,1.9368985685552786e-5,0.0019320700892876829,0.0004707953523274865,0.04742568353381119,28778.32323416937,28796.28560696097,17.9623727916005,12.833403102918732,0.06241632858676503,0.04419217205800208,8350.72405270302,19166.915023540798,10816.190970837777,25594.918284453295,129.52398980704814,12.435996071915893,0.030392
1326.9999999999618,4.114085050018666,4.114099149170307,1.4099151640856178e-5,0.0019320700892876829,0.0003427044280669941,0.04742568353381119,28777.952115163378,28795.94316606861,17.991050905231532,12.833403102918732,0.06251678657756844,0.04419217205800208,15827.34371179732,25907.101011690967,10079.757299893647,25594.918284453295,63.68571684192615,12.435996071915893,0.030392
1327.9999999999618,4.114077702239565,4.114087946306719,1.0244067153664105e-5,0.0019320700892876829,0.0002490003323974066,0.04742568353381119,28777.63070055224,28795.647710904203,18.01701035196311,12.833403102918732,0.06260769185427542,0.04419217205800208,22188.61407053336,31604.880531332947,9416.266460799587,25594.918284453295,42.43737995923079,12.435996071915893,0.030392
1328.9999999999618,4.1140755981821115,4.114082059637562,6.461455450690323e-6,0.0019320700892876829,0.00015705728532420382,0.04742568353381119,28777.35086308004,28795.39142875567,18.040565675630205,12.833403102918732,0.06269015435599178,0.04419217205800208,27616.277842140997,36432.91001111236,8816.632168971366,25594.918284453295,31.925490536301186,12.435996071915893,0.030392
1329.9999999999618,4.114077822962186,4.114081502695768,3.679733581840594e-6,0.0019320700892876829,8.944248845519264e-5,0.04742568353381119,28777.106042583222,28795.16803329809,18.061990714868443,12.833403102918732,0.06276513937204466,0.04419217205800208,32257.08118553063,40530.16333684095,8273.082151310322,25594.918284453295,25.64733648319467,12.435996071915893,0.030392
1330.9999999999616,4.1140836338595115,4.11408440425998,7.704004687525412e-7,0.0019320700892876829,1.8725931150549113e-5,0.04742568353381119,28776.890889594688,28794.97241989243,18.081530297742574,12.833403102918732,0.06283350889821317,0.04419217205800208,36230.7224779076,44009.5453663394,7778.822888431801,25594.918284453295,21.470239499571374,12.435996071915893,0.030392
1331.9999999999616,4.114092409247737,4.11409102728963,-1.3819581070606546e-6,0.0019320700892876829,-3.35908377739465e-5,0.04742568353381119,28776.701002458976,28794.80039763955,18.099395180572174,12.833403102918732,0.06289600458032203,0.04419217205800208,39635.7184697482,46963.78465936448,7328.066189616278,25594.918284453295,18.488541327210694,12.435996071915893,0.030392
1332.9999999999616,4.11410364323103,4.114099892514276,-3.750716754069572e-6,0.0019320700892876829,-9.116728889999303e-5,0.04742568353381119,28776.53273044944,28794.648503703167,18.11577325372855,12.833403102918732,0.06295328705309805,0.04419217205800208,42553.79999713347,49469.54068446492,6915.740687331447,25594.918284453295,16.25175821618118,12.435996071915893,0.030392
1333.9999999999616,4.114116907821552,4.1141113928423145,-5.5149792377306994e-6,0.0019320700892876829,-0.00013405013424013057,0.04742568353381119,28776.383023917613,28794.513849322157,18.13082540454343,12.833403102918732,0.06300592186819975,0.04419217205800208,45053.25868201181,51590.78698905004,6537.528307038228,25594.918284453295,14.51066692684859,12.435996071915893,0.030392
1334.9999999999616,4.114131854347615,4.114124326394575,-7.527953040487034e-6,0.0019320700892876829,-0.00018297792358141994,0.04742568353381119,28776.249318998518,28794.394014401634,18.144695403116202,12.833403102918732,0.06305441408285546,0.04419217205800208,47191.52298030226,53381.148031066674,6189.6250507644145,25594.918284453295,13.11596799566728,12.435996071915893,0.030392
1335.9999999999613,4.1141481844249626,4.114139146613744,-9.037811218526315e-6,0.0019320700892876829,-0.00021967636588154484,0.04742568353381119,28776.129447645286,28794.28695375088,18.15750610559553,12.833403102918732,0.06309919525011497,0.04419217205800208,49017.16856945395,54885.95665704331,5868.788087589361,25594.918284453295,11.972923485520573,12.435996071915893,0.030392
1336.9999999999613,4.114165655121153,4.114154854754463,-1.080036668987816e-5,0.0019320700892876829,-0.0002625165731096483,0.04742568353381119,28776.021566918273,28794.19093482116,18.169367902886734,12.833403102918732,0.0631406529239426,0.04419217205800208,50571.49904443617,56143.638609041074,5572.139564604906,25594.918284453295,11.018339716821085,12.435996071915893,0.030392
1337.9999999999613,4.110490284881226,4.110646962852005,0.0001566779707795618,0.0019320700892876829,0.003811661381510578,0.04742568353381119,28775.92410267288,28794.104477775327,18.180375102445396,12.833403102918732,0.0631791182016521,0.04419217205800208,51889.8047219934,57187.02560863924,5297.220886645839,25594.918284453295,10.208596688745335,12.435996071915893,0.11976999999654522
1338.9999999999613,4.080141841561375,4.081728667183218,0.001586825621843424,0.0019320700892876829,0.038891432784998056,0.04742568353381119,28775.235641245614,28793.428023238685,18.19238199307074,12.833403102918732,0.06322235626454538,0.04419217205800208,64804.09650776159,69811.0629676549,5006.966459893309,25594.918284453295,7.726311652680204,12.435996071915893,0.8856399999703964
1339.9999999999613,4.04971204567076,4.0528475812322755,0.003135535561515468,0.0019320700892876829,0.0774261361339859,0.04742568353381119,28769.12369445026,28787.346367365648,18.222672915388102,12.833403102918732,0.06334107743053491,0.04419217205800208,183675.83621726686,188038.126812609,4362.290595342143,25594.918284453295,2.374994275339554,12.435996071915893,1.7820999999653486
1340.9999999999611,4.024214687999735,4.0287168822987764,0.004502194299041307,0.0019320700892876829,0.11187758725862498,0.04742568353381119,28754.792743426508,28773.104591946725,18.31184852021761,12.833403102918732,0.06368276997720247,0.04419217205800208,457467.30749824713,460051.4261703561,2584.118672108976,25594.918284453295,0.56487504784566,12.435996071915893,2.6800999999650847
1341.9999999999611,4.042403101534695,4.045161777806213,0.002758676271518823,0.0019320700892876829,0.06824347305867379,0.04742568353381119,28734.838224735304,28753.379305655562,18.541080920258537,12.833403102918732,0.06452474440694135,0.04419217205800208,827427.1522904005,825564.156273914,-1862.9960164864315,25594.918284453295,-0.22515529147544575,12.435996071915893,1.956400000028138
1342.9999999999611,4.030029803079699,4.033343997683136,0.0033141946034369596,0.0019320700892876829,0.08223747131855684,0.04742568353381119,28720.873680897505,28739.696190704173,18.822509806668677,12.833403102918732,0.06553599314490105,0.04419217205800208,1.062021144334571e6,1.0549109644694086e6,-7110.179865162354,25594.918284453295,-0.6694951322854659,12.435996071915893,2.357499999984405
1343.9999999999611,4.027606595574086,4.03098123862059,0.0033746430465040334,0.0019320700892876829,0.08378780217046049,0.04742568353381119,28711.84592325461,28730.97852477303,19.132601518420415,12.833403102918732,0.06663661253115159,0.04419217205800208,1.192273814024406e6,1.179588675644789e6,-12685.138379617129,25594.918284453295,-1.063945062820734,12.435996071915893,2.4114999999979005
1344.9999999999611,4.027299814295312,4.030531367394603,0.003231553099290352,0.0019320700892876829,0.08024118511911192,0.04742568353381119,28700.495904591877,28719.99410208135,19.49819748947266,12.833403102918732,0.06793679647309887,0.04419217205800208,1.366915158427865e6,1.347787921766519e6,-19127.23666134593,25594.918284453295,-1.399299476885223,12.435996071915893,2.3841000000010655
1345.999999999961,4.033173579113246,4.035908359366223,0.0027347802529771315,0.0019320700892876829,0.06780715482070608,0.04742568353381119,28690.968806288496,28710.808504077304,19.839697788807825,12.833403102918732,0.06914962656980532,0.04419217205800208,1.5008309961663e6,1.4759878016091473e6,-24843.19455715269,25594.918284453295,-1.6552959407562722,12.435996071915893,2.1329000000098235
1346.999999999961,4.0470016391457735,4.048842572830016,0.0018409336842424295,0.0019320700892876829,0.04548882971618977,0.04742568353381119,28684.179991568715,28704.311368386236,20.131376817520504,12.833403102918732,0.07018285627630917,0.04419217205800208,1.5784810538724512e6,1.5490878074652827e6,-29393.24640716845,25594.918284453295,-1.8621222177522294,12.435996071915893,1.635200000019464
1347.999999999961,4.03475060786018,4.037494175520042,0.002743567659861945,0.0019320700892876829,0.06799844467504745,0.04742568353381119,28681.960760423633,28702.270637528276,20.30987710464251,12.833403102918732,0.07081062997850128,0.04419217205800208,1.566725289604878e6,1.535119530495626e6,-31605.759109252132,25594.918284453295,-2.0173133936724144,12.435996071915893,2.0305999999845366
1348.999999999961,4.051994292339373,4.053734200548682,0.0017399082093092488,0.0019320700892876829,0.04293955232362217,0.04742568353381119,28678.455154211446,28698.932536568696,20.477382357250463,12.833403102918732,0.07140336621041231,0.04419217205800208,1.5851131278566183e6,1.5514933425790477e6,-33619.7852775706,25594.918284453295,-2.120970717278148,12.435996071915893,1.446300000022851
1349.999999999961,4.0741087103396385,4.0747188361944735,0.0006101258548349975,0.0019320700892876829,0.01497568911910881,0.04742568353381119,28675.521566463223,28696.1247860043,20.603219541077124,12.833403102918732,0.07184950234758113,0.04419217205800208,1.5939112619753168e6,1.559094929903274e6,-34816.33207204286,25594.918284453295,-2.1843331496946297,12.435996071915893,0.7975700000253707
1350.999999999961,4.067501100035545,4.06871835049847,0.0012172504629246461,0.0019320700892876829,0.029926247909656586,0.04742568353381119,28679.880628242532,28700.47304243524,20.5924141927062,12.833403102918732,0.07180090621586412,0.04419217205800208,1.4610588661910254e6,1.4277005216118167e6,-33358.34457920864,25594.918284453295,-2.283162256574488,12.435996071915893,0.9783099999929316
1351.9999999999607,4.111127217605928,4.1104223626358545,-0.000704854970073221,0.0019320700892876829,-0.017145053722849423,0.04742568353381119,28683.45503332542,28704.01863163718,20.56359831176087,12.833403102918732,0.07169149702457175,0.04419217205800208,1.3532075486487667e6,1.321492976604876e6,-31714.5720438906,25594.918284453295,-2.343659113900074,12.435996071915893,-0.1417299999559425
1352.9999999999607,4.111428512843083,4.11098724755821,-0.0004412652848726495,0.0019320700892876829,-0.01073265127909305,0.04742568353381119,28690.853243771617,28711.35416780348,20.500924031864997,12.833403102918732,0.07145456378616227,0.04419217205800208,1.1763633440545285e6,1.146819735002703e6,-29543.60905182548,25594.918284453295,-2.511435705740252,12.435996071915893,-0.1397200000000791
1353.9999999999607,4.116605564951591,4.116254402388431,-0.00035116256316047867,0.0019320700892876829,-0.008530391304676966,0.04742568353381119,28701.953153283237,28722.34404828829,20.390895005053608,12.833403102918732,0.07104357984334972,0.04419217205800208,936156.6462336517,909571.3639806175,-26585.28225303418,25594.918284453295,-2.8398326668931073,12.435996071915893,-0.2508599999956283
1354.9999999999607,4.121458672762107,4.121070475746623,-0.000388197015483982,0.0019320700892876829,-0.009418922917982853,0.04742568353381119,28709.054230942795,28729.326515251993,20.272284309197858,12.833403102918732,0.07061286013158966,0.04419217205800208,786385.7962388507,762759.0141611516,-23626.782077699085,25594.918284453295,-3.004477215979988,12.435996071915893,-0.3555499999958819
1355.9999999999607,4.117477337892596,4.117433633565799,-4.370432679667857e-5,0.0019320700892876829,-0.0010614345437793542,0.04742568353381119,28715.6140249734,28735.751020120402,20.13699514700056,12.833403102918732,0.07012559484010272,0.04419217205800208,652268.2110457716,631781.6298264738,-20486.581219297834,25594.918284453295,-3.14082165470735,12.435996071915893,-0.23900000000458455
1356.9999999999604,4.11363191129282,4.113855652997095,0.0002237417042749712,0.0019320700892876829,0.005439030742170958,0.04742568353381119,28720.41451516719,28740.41634800101,20.001832833819208,12.833403102918732,0.0696432595819823,0.04419217205800208,556938.2526309232,539447.211407077,-17491.041223846143,25594.918284453295,-3.140570995297977,12.435996071915893,-0.12877000000436103
1357.9999999999604,4.1416775621601225,4.140561795734167,-0.0011157664259551225,0.0019320700892876829,-0.026939963558466545,0.04742568353381119,28722.877681643142,28742.75179361309,19.87411196994799,12.833403102918732,0.06919262126249133,0.04419217205800208,509571.5401009913,494808.2289978383,-14763.311103153042,25594.918284453295,-2.897200871977097,12.435996071915893,-0.8332099999721302
1358.9999999999604,4.137046103227176,4.136286683793141,-0.0007594194340345695,0.0019320700892876829,-0.018356562027243808,0.04742568353381119,28729.534416390332,28749.274255397875,19.739839007543196,12.833403102918732,0.06870922000142657,0.04419217205800208,379314.7041337757,367310.16572852543,-12004.538405250292,25594.918284453295,-3.1647964801851085,12.435996071915893,-0.6919300000055895
1359.9999999999604,4.136416518300532,4.135841136238882,-0.0005753820616503091,0.0019320700892876829,-0.01391015771996549,0.04742568353381119,28737.95732216053,28757.55766360668,19.600341446148377,12.833403102918732,0.06820366954555285,0.04419217205800208,219396.78331523537,210158.13187459914,-9238.651440636226,25594.918284453295,-4.210932950353186,12.435996071915893,-0.6535200000015197
1360.9999999999604,4.135621535682175,4.135130541041055,-0.0004909946411197907,0.0019320700892876829,-0.011872330117335088,0.04742568353381119,28742.66353979579,28762.126122651673,19.46258285588192,12.833403102918732,0.06771321951055409,0.04419217205800208,138755.03288766695,132155.3172229797,-6599.715664687246,25594.918284453295,-4.756379301953128,12.435996071915893,-0.6148100000015314
1361.9999999999602,4.149143535994732,4.147989269870461,-0.0011542661242707197,0.0019320700892876829,-0.027819382825809893,0.04742568353381119,28746.461768143286,28765.78868774805,19.326919604762224,12.833403102918732,0.06723234240319705,0.04419217205800208,76897.62635246587,72813.24513682404,-4084.381215641828,25594.918284453295,-5.311452913931009,12.435996071915893,-0.9581899999863368
1362.9999999999602,4.177952236236267,4.1752163829135345,-0.0027358533227328508,0.0019320700892876829,-0.0654831163220157,0.04742568353381119,28752.15021694197,28771.33705167841,19.186834736439778,12.833403102918732,0.0667318255910269,0.04419217205800208,-21774.150082555225,-23329.353676751547,1555.2035941963222,25594.918284453295,-7.142430764460943,12.435996071915893,-1.8066999999662374
1363.9999999999602,4.165294569754495,4.163571983326449,-0.0017225864280465686,0.0019320700892876829,-0.041355692837543985,0.04742568353381119,28764.570526586896,28783.551003671528,18.980477084631275,12.833403102918732,0.0659856091614083,0.04419217205800208,-249920.38696970537,-247715.16752825142,-2205.2194414539554,25594.918284453295,0.8823687687876643,12.435996071915893,-1.367800000017464
1364.9999999999602,4.14910546924504,4.1484429157810645,-0.0006625534639752573,0.0019320700892876829,-0.015968585732187082,0.04742568353381119,28775.563310630965,28794.325238370013,18.761927739047678,12.833403102918732,0.06520090514480456,0.04419217205800208,-439761.93574116845,-433698.5711179263,-6063.364623242174,25594.918284453295,1.3787834122166729,12.435996071915893,-0.8718000000197361
1365.9999999999602,4.134574998344813,4.134558566055019,-1.6432289793755217e-5,0.0019320700892876829,-0.0003974360073365104,0.04742568353381119,28777.729533137845,28796.34090866406,18.611375526215852,12.833403102918732,0.06467284190986877,0.04419217205800208,-449577.4389932827,-441127.32121712505,-8450.117776157625,25594.918284453295,1.8795689114381655,12.435996071915893,-0.475800000015757
1366.99999999996,4.1204733042741255,4.12094360178787,0.00047029751374427775,0.0019320700892876829,0.011413676998136182,0.04742568353381119,28775.6688799729,28794.182159861914,18.513279889011756,12.833403102918732,0.06433657534159529,0.04419217205800208,-380676.25355431996,-370911.1221618502,-9765.131392469746,25594.918284453295,2.565206340372982,12.435996071915893,-0.1207200000142095
1367.99999999996,4.114268853838395,4.11481582965703,0.0005469758186356088,0.0019320700892876829,0.013294605629024691,0.04742568353381119,28771.429553761947,28789.892152227203,18.462598465255724,12.833403102918732,0.06416990310042375,0.04419217205800208,-276155.613057319,-265996.0815570673,-10159.53150025173,25594.918284453295,3.678915444728988,12.435996071915893,0.030391999993952833
1368.99999999996,4.114129648277801,4.114493290242987,0.00036364196518601233,0.0019320700892876829,0.008838855268895936,0.04742568353381119,28766.7927707072,28785.236596175706,18.443825468504656,12.833403102918732,0.06411498708081817,0.04419217205800208,-171369.31800684196,-161393.58007324726,-9975.737933594704,25594.918284453295,5.821192527122283,12.435996071915893,0.030392
1369.0,4.113972945466777,4.114214763946113,0.00024181847933579803,0.0019320700892876829,0.0058779793290147896,0.04742568353381119,28763.61475782175,28782.059714687042,18.444956865292625,12.833403102918732,0.06412600440032264,0.04419217205800208,-101470.07423287307,-92004.88539790202,-9465.18883497105,25594.918284453295,9.328059436764095,12.435996071915893,0.030392
