Time (s),Voltage (P2D) (V),Voltage (sP2D) (V),Voltage Error (V),Voltage Error Percentage (%),Concentration (P2D) (mol/m³),Concentration (sP2D) (mol/m³),Concentration Error (mol/m³),Concentration Error Percentage (%),Stress (P2D) (Pa),Stress (sP2D) (Pa),Stress Error (Pa),Stress Error Percentage (%),Current (A)
0.0,4.180342177569225,4.180368532393318,2.63548240937439e-5,0.0006304465752865389,29866.0,29866.0,0.0,0.0,-5.942940940055923,-5.942940940055923,0.0,-0.0,0.012859
1.0,4.180342176890543,4.180368531789036,2.6354898492897405e-5,0.0006304483551272573,29865.999991315017,29865.999991323788,8.77116690389812e-9,2.9368401883241013e-11,-5.766328286780287,-5.766506830754811,0.00017854397452410353,-0.003096319974244757,0.012859
2.0,4.180324436376905,4.1803483218776805,2.3885500775477908e-5,0.00057137911516216,29865.824375054475,29865.82455264874,0.0001775942655513063,5.946404268674481e-7,3446.8351613908562,3443.343666200492,-3.491495190364276,-0.10129568218038597,0.012859
3.0,4.180308631220202,4.180331404802414,2.2773582212032295e-5,0.0005447823168354164,29865.73025090806,29865.730827259926,0.0005763518674939405,1.9298100620741285e-6,5094.996580305789,5083.870102558852,-11.12647774693778,-0.21838047526756132,0.012859
4.0,4.180294400039293,4.1803164221622175,2.2022122924347798e-5,0.0005268079426209981,29865.658891677616,29865.660172715627,0.0012810380103474017,4.289334499512337e-6,6239.191309732831,6214.822060698287,-24.369249034543827,-0.3905834558483405,0.012859
5.0,4.180281455064827,4.1803028030099005,2.134794507391291e-5,0.0005106820031949704,29865.598466230273,29865.60046844182,0.0020022115459141787,6.7040730765135206e-6,7141.486884569213,7104.216708597022,-37.27017597219037,-0.521882579560861,0.012859
6.0,4.180231865716922,4.180254506219093,2.264050217082314e-5,0.0005416087647315283,29865.544780402008,29865.54749555727,0.002715155264013447,9.091263139439371e-6,7894.8197336609655,7845.352774546761,-49.466959114204656,-0.6265749033292489,0.013668
7.0,4.179761090240581,4.179803480785615,4.239054503329953e-5,0.0010141858378527465,29865.490266153633,29865.493674216836,0.0034080632030963898,1.1411375379157011e-5,8653.10618465059,8592.282462145788,-60.8237225048033,-0.7029120087847315,0.023524
8.0,4.17938260444788,4.179439667754533,5.7063306653226675e-5,0.0013653525425620864,29865.36900249667,29865.373150499472,0.004148002801230177,1.3889005693796766e-5,10708.963032150525,10636.225973941591,-72.73705820893338,-0.679216633679299,0.03126
9.0,4.1784530732397585,4.17854739533488,9.432209512194589e-5,0.002257344846733276,29865.164878876516,29865.16995015725,0.005071280735137407,1.6980588440428464e-5,14301.726506118921,14213.859419161909,-87.86708695701236,-0.6143809764465771,0.050602
10.0,4.154340345868195,4.155515115189668,0.0011747693214729793,0.028278119356334782,29864.843619701838,29864.850039870893,0.006420169054763392,2.149741393766417e-5,20029.611271051148,19918.803441371267,-110.80782967988125,-0.5532200709258502,0.58049
11.0,4.084301034350091,4.089548834711566,0.005247800361475541,0.12848710996912574,29860.89024208104,29860.902844956283,0.012602875242009759,4.220528972793093e-5,96897.44297860298,96669.62368031622,-227.8192982867622,-0.23511383921355858,2.6467
12.0,4.05448757809754,4.061759360206024,0.007271782108484004,0.17935144622877583,29841.615509598872,29841.707391160133,0.09188156126037939,0.0003078974100139609,470586.2161099958,468810.6688050174,-1775.5473049783614,-0.37730542123727256,3.8424
13.0,4.0451790995151775,4.052501408661988,0.007322309146810646,0.18101322504331735,29810.015390311153,29810.417083177876,0.401692866722442,0.0013475097595991184,1.0656559339761867e6,1.057889368479734e6,-7766.565496452618,-0.7288061041872987,4.1121
14.0,4.180175199450576,4.178445415687262,-0.0017297837633138968,-0.041380652264078596,29781.652542398035,29782.6523186334,0.9997762353668804,0.003357020682259219,1.5670801913104106e6,1.5479870500037316e6,-19093.141306678997,-1.2183895509975844,-0.23677
15.0,4.059570904427117,4.064891142663213,0.005320238236095953,0.13105420157322611,29787.626005328177,29788.887168936348,1.2611636081710458,0.004233850686675933,1.373592030249342e6,1.3503753757785417e6,-23216.654470800422,-1.6902147041859297,3.1954
16.0,4.0384388073547495,4.04565204217003,0.007213234815280245,0.17861443888028217,29790.077952013475,29791.552370594003,1.474418580528436,0.00494936127023052,1.2717585083828487e6,1.2454316668483391e6,-26326.841534509556,-2.0701132613601634,4.134
17.0,4.064544584698424,4.068842248666689,0.004297663968265475,0.10573543674350784,29760.44367060542,29762.55880480658,2.115134201161709,0.0071071998273024425,1.810918625309208e6,1.7731158094365878e6,-37802.81587262009,-2.0874939019507517,2.8259
18.0,4.068873934190687,4.072516196039339,0.0036422618486513514,0.08951522970631945,29745.0274566251,29747.593876197647,2.566419572547602,0.008628062543529387,2.040961381494616e6,1.9959552038354797e6,-45006.17765913624,-2.205145970286698,2.5489
19.0,4.063509086924281,4.067514168325974,0.004005081401692756,0.09856213720748071,29741.40678003897,29744.23452482288,2.8277447839100205,0.009507770781736757,2.0337240395616207e6,1.9854584565610522e6,-48265.58300056844,-2.373261173181211,2.6931
20.0,4.072138266988458,4.075422487611748,0.003284220623290146,0.0806510095669955,29735.460142154643,29738.570052181967,3.1099100273240765,0.010458590559744844,2.080128038503464e6,2.0281745866095962e6,-51953.451893867925,-2.4976083650718697,2.3144
21.0,4.041566043221377,4.047201671918881,0.00563562869750367,0.1394417074281366,29730.240980895178,29733.559846622313,3.3188657271348347,0.011163265475269968,2.1141695708079184e6,2.060015650093861e6,-54153.920714057516,-2.5614747966201636,3.5036
22.0,4.058960157504029,4.062986624117132,0.004026466613102464,0.09919946136102142,29719.35149112896,29723.027052869627,3.6755617406670353,0.012367570475971415,2.2615973428362417e6,2.2023128619847586e6,-59284.480851483066,-2.6213543732384794,2.7033
23.0,4.107939622534316,4.108619289591332,0.0006796670570166086,0.01654520561325341,29708.228633191393,29712.26459702551,4.035963834117865,0.013585339886635657,2.4082464908903837e6,2.34392918454789e6,-64317.30634249374,-2.670711099789215,1.057
24.0,4.171568468956489,4.169355665658214,-0.0022128032982751122,-0.05304487544054721,29714.391618362537,29718.370874542547,3.9792561800095427,0.01339167979986671,2.210631982209712e6,2.1496268908687886e6,-61005.091340923216,-2.7596222180746484,-0.44999
25.0,4.173042772188204,4.171254589531459,-0.0017881826567451853,-0.04285081065218803,29734.970988711713,29738.71950442751,3.7485157157971116,0.012606421298410416,1.74570886745016e6,1.6910857729313748e6,-54623.09451878513,-3.128992212691766,-0.4451
26.0,4.226779053096286,4.222480697055836,-0.004298356040449924,-0.1016934168182083,29754.569654048686,29758.112753611393,3.5430995627066295,0.011907749310111505,1.3280557094287588e6,1.2788773185161343e6,-49178.39091262454,-3.703036744880063,-1.8319
27.0,4.188866416590946,4.187259074308774,-0.001607342282171409,-0.03837177227244987,29775.511540050884,29778.87787771948,3.366337668594497,0.01130572572721867,904166.0242175119,859566.8887065314,-44599.1355109805,-4.93262678716309,-0.6912
28.0,4.1800147068486035,4.179216139512776,-0.0007985673358277268,-0.019104414501684437,29790.833240042313,29793.99004754381,3.156807501498406,0.010596573368935828,609035.1309905774,569444.4630025871,-39590.66798799031,-6.500555710734991,-0.41631
29.0,4.145329891848719,4.146236582392799,0.0009066905440802131,0.021872578726800696,29792.854927969674,29795.759942036784,2.9050140671097324,0.009750707255592654,584479.8137265964,550503.6770190385,-33976.13670755795,-5.813055628205331,0.39479
30.0,4.106049717945901,4.108970118391895,0.0029204004459941757,0.07112433230484945,29789.966715781247,29792.663009635424,2.6962938541764743,0.009051013315661448,650015.3224787676,620565.1075038251,-29450.2149749425,-4.5306955015517305,1.4094
31.0,4.166099594630626,4.1658317168554,-0.00026787777522585543,-0.006429941703052493,29778.155062273334,29780.696334199387,2.541271926053014,0.008534014013758067,882294.1516848379,856157.1060537711,-26137.04563106678,-2.9623958836353173,-0.067283
32.0,4.144982310774689,4.145643257299466,0.0006609465247766622,0.015945701940839708,29775.975459925103,29778.407897150875,2.4324372257724463,0.008169126915913184,909201.6280761901,885385.9548788568,-23815.67319733335,-2.619405032052761,0.40082
33.0,4.229913587158551,4.226351364797237,-0.0035622223613138715,-0.08421501498584509,29780.85703088851,29783.213499816797,2.356468928286631,0.007912696823474613,796575.4488889792,774400.2577976204,-22175.191091358778,-2.783815534647415,-1.6765
34.0,4.268629287221082,4.262554603716151,-0.006074683504931677,-0.1423099336153961,29794.012955256512,29796.264341343674,2.2513860871622455,0.007556505028521299,528181.3674730603,508210.411969372,-19970.955503688252,-3.7810791393936976,-3.0094
35.0,4.271557386377207,4.265982901109639,-0.005574485267568541,-0.13050240845052472,29824.40008858166,29826.418091778673,2.018003197012149,0.006766282610944273,-64632.28665872939,-79931.90355725428,15299.616898524888,-23.67178648546003,-2.9658
36.0,4.272312158694625,4.267374650228109,-0.004937508466515972,-0.11556993691267617,29850.835017608446,29852.460807083924,1.6257894754780864,0.005446378550278623,-548984.5407259479,-556690.4107883027,7705.870062354719,-1.4036588447763734,-2.8139
37.0,4.2570114740132,4.253690162266201,-0.0033213117469985676,-0.07801979786226597,29868.231165614867,29869.37980722212,1.1486416072548309,0.003845696790297977,-836379.2722562428,-835165.2648462302,-1214.0074100126512,0.14515034629417667,-2.1029
38.0,4.25040863651591,4.247780786633649,-0.0026278498822609464,-0.061825817397524706,29877.49940145691,29878.25692160593,0.7575201490217296,0.0025354201797249164,-957846.2884506417,-949776.6341780972,-8069.654272544431,0.842479045943525,-1.7886
39.0,4.226605289848721,4.22543926732491,-0.0011660225238108168,-0.02758768429622041,29880.983341513453,29881.48632905657,0.5029875431173423,0.0016833031810520942,-968085.5076418086,-956055.0135207026,-12030.494121105992,1.242709866653357,-1.0515
40.0,4.19721162495877,4.197409821855072,0.00019819689630207193,0.004722108723884487,29880.068077472588,29880.437197207564,0.36911973497626605,0.0012353376639545064,-898629.6588179579,-885048.4016495642,-13581.257168393699,1.5113297268930843,-0.33154
41.0,4.181923931085034,4.182596793257641,0.0006728621726068695,0.016089775512303256,29872.846404384327,29873.196710024124,0.3503056397967157,0.001172655712330455,-714316.8535798767,-701371.4375936314,-12945.415986245265,1.812279231739795,-0.00027238
42.0,4.180689403593384,4.181172488723371,0.00048308512998751496,0.011555154744868009,29863.856474990276,29864.214930799015,0.358455808738654,0.0012002997973113276,-508918.5730904414,-496975.4721213307,-11943.100969110732,2.3467606805123005,0.012859
43.0,4.179975228467169,4.180292977677547,0.00031774921037719395,0.007601700799880461,29857.41637099317,29857.788970160236,0.3725991670653457,0.0012479283620378157,-365969.0222913021,-355006.74286257563,-10962.27942872647,2.995411841169653,0.012859
44.0,4.179390889418321,4.179591353111575,0.00020046369325399382,0.004796481079612391,29853.629815184555,29854.02758937703,0.39777419247548096,0.001332414835107119,-282079.42596755765,-272206.5065191909,-9872.919448366738,3.5000494681601615,0.012859
45.0,4.1789154833261355,4.179028768036736,0.00011328471060068068,0.002710863884485974,29851.027540689676,29851.455292505907,0.42775181623073877,0.0014329550821916396,-224479.7893214041,-215694.23848973078,-8785.550831673318,3.9137380065402696,0.012859
46.0,4.178525928597889,4.17857388342498,4.79548270915231e-5,0.0011476493842797434,29849.092242121802,29849.55043929302,0.45819717121776193,0.0015350455802845926,-181704.8240868855,-173933.43100343886,-7771.39308344663,4.276932724543733,0.012859
47.0,4.178205178043371,4.178205792015293,6.139719213038575e-7,1.4694633105389452e-5,29847.59145856044,29848.07924811749,0.48778955704983673,0.0016342677355627507,-148597.81299291694,-141755.56094033815,-6842.252052578784,4.604544249184157,0.012859
48.0,4.177940329316343,4.177905266499821,-3.5062816521325146e-5,-0.000839236890850058,29846.395284747097,29846.910946788925,0.5156620418274542,0.0017277196690180592,-122274.20322970147,-116270.6007180579,-6003.602511643563,4.909950220951623,0.012859
49.0,4.17710034716433,4.177066570919363,-3.377624496714304e-5,-0.0008086050647567615,29845.42274968552,29845.96405308103,0.5413033955082938,0.0018136898245611128,-100934.29588539895,-95678.48186780908,-5255.814017589873,5.207163701381875,0.026246
50.0,4.119070933777001,4.121830360745006,0.0027594269680051298,0.06699148940061735,29844.528259742518,29845.09282235689,0.5645626143741538,0.001891678801087622,-81576.08354987799,-76982.36725375692,-4593.716296121071,5.631204755389291,1.4175
51.0,4.0894774339017745,4.0939132593169365,0.004435825415161965,0.10846924788944828,29834.344382053194,29834.933871832196,0.5894897790021787,0.0019758764310463125,119958.20905762307,123889.13695225929,3930.9278946362174,3.276914456723807,2.3404
52.0,4.099341926887756,4.102650454727016,0.003308527839259945,0.08070875516773002,29813.34296248686,29814.00947038533,0.6665078984697175,0.002235602694096943,522960.6749220704,525235.8549501991,2275.1800281287287,0.43505757454282146,1.9203
53.0,4.072568202672332,4.07741192866537,0.004843725993038284,0.11893541745623644,29797.498862690118,29798.318994111,0.8201314208818076,0.002752349868896903,803643.9205317722,802845.3075462104,-798.6129855618346,-0.09937398456687029,2.8051
54.0,4.038195563752066,4.045598675149279,0.007403111397212392,0.18332721336392716,29782.915581316152,29784.009285185122,1.0937038689698966,0.003672252523376236,1.0492118384769177e6,1.0431394356861224e6,-6072.402790795313,-0.5787585088260424,4.2382
55.0,4.033955340053716,4.041062839828641,0.007107499774924975,0.17619183098914357,29757.29302587334,29758.94838834557,1.6553624722291715,0.005562879899021288,1.5040307812186952e6,1.487283889120856e6,-16746.892097839154,-1.113467377593787,4.2743
56.0,4.061298990829062,4.065340266752075,0.0040412759230124,0.09950697873114299,29730.92170797376,29733.35891739706,2.4372094233003736,0.00819755757066462,1.953632530746354e6,1.9224222355677155e6,-31210.29517863854,-1.5975519800909104,2.8574
56.99999999999999,4.027061768209667,4.033761517093203,0.006699748883535861,0.16636816788917555,29719.70334537773,29722.697383122726,2.9940377449966036,0.010074251785767784,2.0883419376205015e6,2.0477688312605303e6,-40573.10635997122,-1.9428382693976367,4.2757999999999905
57.999999999999986,4.011240745737476,4.019151156532517,0.007910410795040512,0.1972060840139418,29707.36419861178,29711.02447350637,3.6602748945915664,0.012321102842111489,2.2479757283466584e6,2.196174991079053e6,-51800.737267605495,-2.3043281390633124,4.96619999999999
58.99999999999998,4.009561516149895,4.016999790560025,0.007438274410129786,0.18551341287992626,29683.166438699147,29687.920266260186,4.753827561038634,0.016015230621895096,2.639494218333713e6,2.568464539392903e6,-71029.6789408098,-2.6910337006023126,4.866200000000002
59.99999999999997,4.025538516582502,4.030916616148123,0.005378099565620964,0.1335995058416861,29662.003162458113,29667.875839860775,5.872677402661793,0.019798654091219912,2.9556189675982506e6,2.865702958751146e6,-89916.00884710439,-3.0422057048906592,3.878800000000028
60.99999999999997,4.054704111680496,4.057454363053255,0.0027502513727588607,0.0678286577024483,29650.833860466762,29657.48631546762,6.652455000858026,0.022435979480926828,3.066147136766007e6,2.9647188003704264e6,-101428.33639558079,-3.308006167719709,2.5210000000000385
61.999999999999964,4.028421855321493,4.033430721881734,0.005008866560240577,0.12433818354013566,29652.361019671152,29659.19712992801,6.8361102568560455,0.023054185305247773,2.930216899924224e6,2.8292139491887903e6,-101002.9507354335,-3.4469445158836347,3.5650999999999633
62.99999999999996,4.031442805058583,4.036237400178808,0.004794595120225509,0.11893000476676333,29649.581477686188,29656.649952700183,7.068475013995339,0.023840049881698883,2.8944016245691776e6,2.792431146502743e6,-101970.47806643462,-3.5230244897894085,3.3848000000000074
63.99999999999995,4.0233204672269185,4.0286867453835935,0.005366278156675008,0.13337933680370548,29639.27691936453,29646.7722913113,7.4953719467703195,0.0252886464375023,3.0122257671144223e6,2.905262439935212e6,-106963.32717921026,-3.550973115858987,3.686899999999985
64.99999999999994,4.034711724199158,4.039001207074537,0.004289482875378781,0.10631448213887429,29630.010901158406,29637.877489560306,7.866588401899207,0.02654939422108568,3.1054095176999997e6,2.9946433929336434e6,-110766.12476635631,-3.566876578918792,3.1176000000000323
65.99999999999994,4.0399482628005705,4.043765552566423,0.003817289765852827,0.09448858048510274,29623.100428623915,29631.260567171674,8.160138547758834,0.027546537768457,3.150573458676788e6,3.0375480462898305e6,-113025.41238695756,-3.587455232179452,2.848700000000015
66.99999999999993,4.056712950443823,4.059350546013803,0.0026375955699800002,0.06501804791713042,29620.801306338693,29629.05809658585,8.25679024715646,0.027874972597009214,3.10628226086164e6,2.994809834640522e6,-111472.42622111784,-3.5886122657184707,2.1836000000000477
67.99999999999993,4.127884038445528,4.1266261075271995,-0.0012579309183289311,-0.030473988770349292,29621.946547396954,29630.157394923117,8.21084752616298,0.02771879799669854,3.0001763633846026e6,2.8928064842154267e6,-107369.87916917587,-3.5787855833931106,0.18726000000014187
68.99999999999991,4.0991593754145494,4.099772222170982,0.0006128467564323614,0.014950547180673696,29637.191623692644,29645.057103755847,7.865480063202995,0.026539221944751175,2.625028806634992e6,2.527306766725556e6,-97722.0399094359,-3.7227035247169407,0.9150099999999379
69.99999999999991,4.138517235909989,4.1375633977918165,-0.0009538381181721789,-0.023047822778064286,29651.684747639447,29659.16049391137,7.475746271924436,0.025211876949148986,2.287115856997809e6,2.1993119652246884e6,-87803.8917731205,-3.839066197913411,0.005340200000077563
70.99999999999991,4.156352270358715,4.154806978962385,-0.001545291396330306,-0.037179028528227694,29660.918317178297,29668.09499299264,7.176675814342161,0.024195730346574424,2.0688991194229648e6,1.988714698643612e6,-80184.42077935277,-3.875704717865459,-0.37206999999996787
71.9999999999999,4.158506386115033,4.157225037856678,-0.0012813482583551306,-0.03081270387448398,29676.02957034936,29682.89395720556,6.864386856199417,0.023131082410896134,1.7426225548456588e6,1.6699982605032085e6,-72624.29434245033,-4.167528656191561,-0.37225
72.9999999999999,4.129778159996909,4.130155535677337,0.0003773756804283934,0.009137916512897533,29688.178955338786,29694.75660762522,6.577652286432567,0.022155795733809117,1.4885648616904144e6,1.4226975326938243e6,-65867.3289965901,-4.424888071171528,0.3374099999999294
73.99999999999989,4.102680627003647,4.104544148670769,0.0018635216671221144,0.04542205052122519,29692.046610608624,29698.342239486872,6.295628878247953,0.021203081622533215,1.4056622536606856e6,1.346220673112543e6,-59441.58054814255,-4.228724246762852,1.0425999999999198
74.99999999999989,4.131585865851919,4.131940751392205,0.00035488554028528796,0.008589571941816868,29686.885269668895,29692.926756485966,6.041486817070108,0.020350692779625146,1.4985320075778991e6,1.4447531367321005e6,-53778.870845798636,-3.5887702480724633,0.33741000000008015
75.99999999999987,4.162869845688447,4.161746248783307,-0.0011235969051401895,-0.026990920850045726,29685.864796250782,29691.692789503802,5.827993253020395,0.019632216521300233,1.4997252420428013e6,1.4506434312256465e6,-49081.81081715482,-3.272720191753234,-0.37218999999990926
76.99999999999987,4.1883179638360195,4.186089093484418,-0.002228870351601131,-0.053216359666249914,29695.428016278933,29701.071782653627,5.643766374694678,0.01900550607184643,1.2907712518397912e6,1.2456985907705466e6,-45072.66106924461,-3.491917022865254,-0.9656499999999242
77.99999999999987,4.143823389771074,4.144048168672785,0.0002247789017104651,0.0054244324761843436,29709.829307973396,29715.27863746512,5.449329491722892,0.018341840457024857,997354.6189924743,956409.9332542894,-40944.68573818484,-4.1053287324770285,0.13473999999985925
78.99999999999986,4.130661171654274,4.131601074589818,0.0009399029355439126,0.022754297592690088,29715.22481188807,29720.468592056764,5.243780168693775,0.017646779393019816,894523.1346055563,857824.3045209087,-36698.83008464752,-4.102613858145773,0.46978999999995236
79.99999999999986,4.13110663459912,4.1319381302713145,0.0008314956721946487,0.02012767390777693,29710.4082687733,29715.457496940347,5.049228167048568,0.016994812462255822,992858.014751621,960077.1547761543,-32780.85997546674,-3.301666450632156,0.4679900000000003
80.99999999999984,4.117377844260735,4.118823664280531,0.0014458200197955406,0.035115067756312124,29707.416961757437,29712.29999279941,4.883031041972572,0.016437077138879264,1.0450253560395675e6,1.0155125216892848e6,-29512.834350282676,-2.8241261496400707,0.8047199999999474
81.99999999999984,4.117234225274231,4.118611781675568,0.0013775564013371877,0.03345829568987989,29704.071979897824,29708.820861853506,4.748881955682009,0.015987309614977387,1.0993295618101738e6,1.0723971713110823e6,-26932.390499091474,-2.449892319346363,0.8071699999999997
82.99999999999983,4.09192245582162,4.094588902324072,0.002666446502452402,0.06516366160993158,29700.03903070291,29704.67516868241,4.636137979501655,0.015609871672925983,1.1631021632008262e6,1.138303403849781e6,-24798.759351045126,-2.132122193187192,1.493199999999883
83.99999999999983,4.069430401301869,4.073381181383346,0.003950780081477312,0.09708435067997234,29693.030360734698,29697.57149849782,4.541137763120787,0.015293615060340462,1.2813828300214335e6,1.2583567706788913e6,-23026.059342542198,-1.7969695553168168,2.2073999999998777
84.99999999999983,4.039929987604506,4.045824134575029,0.005894146970523373,0.14589725536353498,29679.546840313636,29684.02322000342,4.476379689782334,0.01508237209235985,1.520315865531224e6,1.4984651440312155e6,-21850.7215000086,-1.4372487977933184,3.32389999999981
85.99999999999982,4.019617098357343,4.02681449628767,0.007197397930327476,0.17905680452172335,29659.726741769613,29664.254642055406,4.527900285793294,0.015266156445793141,1.8711278777957277e6,1.8481875403135999e6,-22940.337482127827,-1.226016551533216,4.170799999999843
86.99999999999982,4.009628361364273,4.017126631894295,0.007498270530022388,0.1870066214184276,29635.01650353976,29639.83305629447,4.816552754709846,0.016252910654308336,2.3008433157067746e6,2.272291381094677e6,-28551.934612097684,-1.2409334619696641,4.525099999999935
87.9999999999998,4.010590729756508,4.01736135851073,0.006770628754221519,0.1688187404410766,29611.141368380966,29616.517800659592,5.376432278626453,0.01815678839170804,2.694734552820737e6,2.6556090683355434e6,-39125.48448519362,-1.451923509283639,4.3083000000000435
88.9999999999998,4.008602362628379,4.015071443053956,0.006469080425577367,0.16137994843009798,29592.528367553336,29598.591764132125,6.063396578789252,0.020489619891477236,2.9702234094344797e6,2.918615304602188e6,-51608.1048322916,-1.7375159278714865,4.25680000000001
89.99999999999979,3.995201649690727,4.00260533906373,0.007403689373002731,0.1853145353395581,29578.29194977533,29585.055374990716,6.763425215387542,0.022866179111599837,3.1526948289574375e6,3.088951226726208e6,-63743.602231229655,-2.0218767019803496,4.815599999999881
90.99999999999979,3.9854919579882098,3.993476304824114,0.007984346835904432,0.20033528909527037,29562.076174799167,29569.67088555661,7.594710757442954,0.02569072183068532,3.3719911518795397e6,3.2940367483727797e6,-77954.40350676002,-2.3118211168291003,5.202799999999917
91.99999999999979,3.99576743831631,4.002277938122607,0.006510499806296366,0.16293490316442652,29542.788069530678,29551.40346852782,8.61539899714262,0.02916244389955943,3.646292368064501e6,3.5509846662566643e6,-95307.70180783654,-2.6138250087287185,4.503400000000149
92.99999999999977,3.9907984743689693,3.997503865089613,0.006705390720643578,0.16802128104711786,29528.817670348635,29538.30613107405,9.48846072541346,0.032132883989260765,3.8073541320977467e6,3.6983044656712296e6,-109049.66642651707,-2.864185012557099,4.6357999999999695
93.99999999999977,4.014800433829893,4.0191652975581365,0.004364863728243407,0.10871931993091802,29518.647223542062,29528.870831590895,10.22360804883283,0.03463440574159908,3.892258225776322e6,3.772602688038371e6,-119655.53773795115,-3.07419320089138,3.3841000000002848
94.99999999999976,4.061285527127735,4.062262181445408,0.0009766543176725762,0.02404791072060614,29514.19723630927,29524.854864947316,10.657628638047754,0.03611017624066161,3.8667309240394537e6,3.742627536953649e6,-124103.38708580472,-3.209517018995409,1.5935000000004325
95.99999999999976,4.068796384419135,4.069714169701309,0.0009177852821746768,0.02255667758871401,29525.23443578721,29535.673544846977,10.439109059767361,0.0353565662026183,3.5438682129526325e6,3.4280509693031413e6,-115817.24364949111,-3.2681024431491497,1.370300000000054
96.99999999999974,4.113874740072471,4.112833151100396,-0.0010415889720745142,-0.025318927723505878,29539.769727697156,29549.807692830484,10.037965133327816,0.03398118951454112,3.174792615919107e6,3.070091583098451e6,-104701.03282065596,-3.2978857357693854,0.2213400000002939
97.99999999999974,4.212429191874153,4.206030867732123,-0.006398324142030454,-0.15189155355710024,29555.19895061604,29564.868304174113,9.669353558074363,0.0327162526438443,2.808865452637973e6,2.713900666480763e6,-94964.78615720989,-3.380894804627356,-2.500799999999304
98.99999999999974,4.197776700696122,4.193295738811747,-0.004480961884374857,-0.10674607545541367,29590.377837599313,29599.803045904686,9.425208305372507,0.03185227426665796,2.0721281140420137e6,1.9839250694534404e6,-88203.04458857328,-4.256640503589292,-1.848500000000167
99.99999999999973,4.197008988280989,4.193371756227921,-0.0036372320530677626,-0.08666247947583025,29625.136383121095,29634.299160925035,9.162777803940116,0.03092906539043177,1.380975837010354e6,1.299604082865927e6,-81371.75414442713,-5.892337285248028,-1.6727000000000476
100.99999999999973,4.180169559121842,4.177973610781811,-0.0021959483400317836,-0.05253251833385204,29642.582230125743,29651.240398153535,8.658168027792271,0.029208548569000778,1.0592857884550071e6,989221.6877374828,-70064.1007175243,-6.61427741985611,-1.0737000000001617
101.99999999999972,4.1827337888296405,4.1806388516033754,-0.002094937226265081,-0.050085358811497775,29652.696942918257,29660.852474764622,8.155531846365193,0.027503507900359537,886520.9196312319,827193.5429527472,-59327.376678484725,-6.692157552600481,-1.0650000000000024
102.99999999999972,4.1993224308023995,4.196410685707854,-0.0029117450945452816,-0.06933845025062556,29659.154461890535,29666.872904266205,7.718442375669838,0.026023811250544496,784129.6781699018,733818.2626298688,-50311.41554003302,-6.416211111592663,-1.4700999999998847
103.9999999999997,4.209736722608667,4.206395914817079,-0.003340807791587963,-0.07935906712754591,29669.655105091086,29676.95496445548,7.299859364393342,0.024603789085302655,599141.1200359601,557184.2662223418,-41956.853813618305,-7.00283329094489,-1.7156999999999267
104.9999999999997,4.207070578134448,4.204180716780646,-0.002889861353801315,-0.06869058410431456,29683.208060701483,29690.07924319654,6.871182495055109,0.023148382348038992,357874.59404050757,324217.02892496274,-33657.56511554483,-9.404848982304442,-1.5508000000000493
105.9999999999997,4.212744711848893,4.209717903504948,-0.0030268083439457527,-0.07184884323591836,29694.405787625918,29700.868830492265,6.463042866347678,0.021765186724298485,170052.89079614237,144041.23362683342,-26011.65716930895,-15.296215811168686,-1.6472999999999711
106.99999999999969,4.205580901829479,4.203169370354921,-0.002411531474558082,-0.057341221839509404,29703.650082499953,29709.727871192023,6.077788692069589,0.020461420314301194,24140.238867333628,5117.10459890007,-19023.134268433558,-78.8025933503728,-1.3644000000000884
107.99999999999969,4.214788813649427,4.211941558033433,-0.002847255615994193,-0.06755393311222303,29710.937603253456,29716.67664857092,5.739045317463024,0.019316271314287228,-81868.09840792,-94988.46814910856,13120.369741188566,-16.02622999231565,-1.5765999999999336
108.99999999999967,4.211471579125548,4.208937051930919,-0.0025345271946290993,-0.06018151012087223,29717.741452322203,29723.171365626473,5.429913304269576,0.018271621727987245,-178609.68368027775,-186523.42046660057,7913.736786322814,-4.43074340834111,-1.4219000000000506
109.99999999999967,4.2159380624875356,4.213242535747315,-0.002695526740220444,-0.06393658303959994,29724.84890772592,29729.98915952409,5.140251798173267,0.017292776875435158,-281298.6327689596,-284475.58947955765,3176.956710598024,-1.1293893181512082,-1.4996999999999745
110.99999999999966,4.208649426670412,4.206464103961362,-0.0021853227090504745,-0.051924560292477204,29730.949354963384,29735.835217852244,4.885862888859265,0.01643359191301304,-363262.92659446876,-362470.25906958146,-792.6675248873071,0.2182076581055042,-1.242000000000088
111.99999999999966,4.216437049053326,4.213851558932909,-0.002585490120416978,-0.061319310364125364,29735.70795071399,29740.378541472706,4.670590758716571,0.01570701046182566,-418859.48668359144,-414907.5492248589,-3951.9374587325146,0.9434995707087394,-1.421299999999939
112.99999999999966,4.235695314699617,4.23194604563526,-0.0037492690643574633,-0.08851602359938276,29740.273379811853,29744.753002792622,4.479622980768909,0.015062480843937852,-471780.3994797577,-465156.45754970354,-6623.941930054163,1.4040307603619235,-1.9788999999998098
113.99999999999966,4.250918718275998,4.246272803428597,-0.0046459148474014,-0.10929201792137762,29750.063036149484,29754.27988566632,4.216849516837101,0.014174254056918068,-628119.4685691823,-617410.4129424323,-10709.055626749992,1.7049392930208906,-2.4494999999998397
114.99999999999967,4.2336766991998145,4.230508405540519,-0.003168293659295607,-0.07483551259108731,29764.364906040693,29768.225282410225,3.8603763695318776,0.012969792507645314,-867448.3114620541,-850908.9534817731,-16539.357980280998,1.9066678396554237,-1.7710000000002217
115.99999999999967,4.195580372851343,4.194657968202654,-0.0009224046486888682,-0.02198515024661525,29773.260631200046,29776.84474742524,3.5841162251927017,0.012038037316735233,-990851.447930718,-970251.472811553,-20599.975119164912,2.0790175118768457,-0.67000000000036
116.99999999999967,4.195658041225576,4.194602414275508,-0.0010556269500678894,-0.02515998538716789,29769.380058572267,29772.907718490376,3.5276599181088386,0.011849960970527595,-861615.5119125905,-841343.7232811449,-20271.788631445612,2.3527650502074704,-0.6540700000000051
117.99999999999969,4.201625107412257,4.200099539368178,-0.0015255680440784403,-0.03630899961510426,29762.890840199925,29766.432448326545,3.541608126619394,0.011899409051475069,-693843.342873422,-675103.6392759504,-18739.703597471584,2.7008551411424686,-0.797889999999955
118.99999999999969,4.285931090112366,4.278641387642047,-0.007289702470319348,-0.1700844534606885,29761.98512597719,29765.510297448516,3.5251714713267575,0.011844544160630865,-647698.1692683598,-629696.6588843118,-18001.510384047986,2.7793054293147845,-3.667599999999103
119.9999999999997,4.2790348279575685,4.272797607767047,-0.00623722019052142,-0.14576231419687966,29781.79988048849,29784.96845938744,3.1685788989525463,0.010639312975265935,-1.0115802346176463e6,-987520.9092967891,-24059.325320857228,2.3783902153793157,-3.248100000000125
120.9999999999997,4.254772637110837,4.25103551405398,-0.00373712305685725,-0.08783367233918539,29809.09828747185,29811.718768356935,2.6204808850852714,0.00879087606010077,-1.5014000376524134e6,-1.467822880936013e6,-33577.15671640029,2.236389761179271,-2.1471000000003286
121.99999999999972,4.240356716967376,4.237714372494474,-0.002642344472902458,-0.06231420253700291,29816.994081241042,29819.34079185551,2.346710614467156,0.007870379583110147,-1.585824978903328e6,-1.5485652952318473e6,-37259.68367148074,2.349545767481072,-1.5972000000001563
122.99999999999972,4.231562420554551,4.22937420171174,-0.0021882188428108407,-0.0517118412854246,29815.568294528992,29817.823362319756,2.25506779076386,0.007563390268089084,-1.4905766802968844e6,-1.4532439806454228e6,-37332.69965146156,2.5045809548037377,-1.3075000000000823
123.99999999999973,4.212928378326881,4.211602950106725,-0.0013254282201557999,-0.03146097206338408,29813.139974887777,29815.38185833224,2.241883444461564,0.007519783043147916,-1.3871937232351683e6,-1.351175921916325e6,-36017.80131884315,2.596450713087398,-0.8083700000001348
124.99999999999973,4.190581567617438,4.190114559412249,-0.0004670082051889679,-0.011144233745448514,29808.920479063683,29811.20962173265,2.2891426689675427,0.007679388022707242,-1.2575274055027447e6,-1.223828751259546e6,-33698.65424319869,2.679755057085723,-0.2940800000001389
125.99999999999974,4.178293020945838,4.178125981601907,-0.00016703934393103026,-0.003997789123301306,29801.29714385053,29803.676708440868,2.379564590337395,0.007984768511421712,-1.0697042563012678e6,-1.0389728723501683e6,-30731.383951099473,2.872886012191803,-0.03914300000006521
126.99999999999974,4.176137083127129,4.175830107692822,-0.00030697543430679985,-0.007350703010853606,29792.743096255308,29795.21683624233,2.473739987020963,0.008303162884427015,-874411.0637926954,-846518.3078914327,-27892.755901262746,3.189890551050431,-0.012101000000006919
127.99999999999974,4.174668927957838,4.174237561954438,-0.00043136600339988007,-0.010332939230486365,29786.144625814588,29788.71026063001,2.565634815422527,0.008613517619191921,-727295.2775290124,-702030.941802187,-25264.335726825404,3.4737384536114484,-0.00027238000000302576
128.99999999999974,4.173271294375637,4.172761929890157,-0.0005093644854801127,-0.012205400740819048,29781.611167346276,29784.26971949857,2.6585521522938507,0.008926824466799805,-626640.1254620994,-603888.8541882823,-22751.27127381717,3.6306757817399316,0.012858999999996642
129.99999999999977,4.172592698199015,4.1720064683828575,-0.0005862298161574131,-0.014049533672683728,29778.082613469218,29780.830908837113,2.74829536789548,0.0092292556359971,-548720.4529811292,-528301.641001497,-20418.811979632126,3.72116837794168,0.012859
130.99999999999977,4.172009903539732,4.171368450074807,-0.000641453464925057,-0.015375166400751284,29775.22658449401,29778.05881240253,2.832227908522327,0.009512028062944319,-485963.46214678854,-467662.6019815817,-18300.860165206832,3.7658922101593992,0.012859
131.99999999999977,4.171513620497482,4.170833948746002,-0.0006796717514800932,-0.01629316869877648,29772.90289094995,29775.81275986631,2.9098689163583913,0.009773547870076527,-435032.4087184101,-418642.43912875524,-16389.96958965488,3.7675284096509367,0.012859
132.99999999999977,4.17108883731307,4.170382879059293,-0.0007059582537767284,-0.01692503519612141,29770.94777493716,29773.928715104343,2.980940167180961,0.01001291658470639,-392292.34298612113,-377614.76171555003,-14677.5812705711,3.7414906339608,0.012859
133.9999999999998,4.170723577289982,4.170000083161633,-0.0007234941283487117,-0.017346969055638487,29769.272079972103,29772.317579459264,3.045499487161578,0.010230345837748922,-355761.85876371275,-342611.2243617376,-13150.634401975141,3.6964711303438045,0.012859
134.9999999999998,4.17040816496526,4.169673266139512,-0.000734898825748509,-0.017621748200146035,29767.816916786014,29770.92082997216,3.1039131861471105,0.010427076983253077,-324131.18884033634,-312339.30562577676,-11791.88321455958,3.6379970890021753,0.012859
135.9999999999998,4.164566103558624,4.164059223892965,-0.000506879665659099,-0.012171247929669555,29766.540320181466,29769.69697895868,3.1566587772140338,0.010604721755567426,-296466.5001573167,-285882.8492650764,-10583.650892240286,3.5699314717258743,0.13366999999997597
136.9999999999998,4.115161979230094,4.116955752321556,0.0017937730914621142,0.04358936781870519,29764.59111917929,29767.796208002204,3.2050888229132397,0.01076812649661426,-255952.00415068012,-246459.48220680436,-9492.521943875763,3.7087117076401057,1.3163999999997649
137.9999999999998,4.066253282423366,4.071103495545514,0.0048502131221477285,0.11927966079026797,29754.390283406134,29757.656150042367,3.2658666362331132,0.010976083210330374,-54460.058935057634,-46273.981157215516,-8186.077777842118,15.031342121028231,2.950599999999675
138.99999999999983,4.033446298963368,4.040591907669336,0.00714560870596781,0.17715889034655785,29730.111876508854,29733.55031118314,3.438434674284508,0.011565495241211574,413204.54646712163,417928.09656302916,4723.550095907529,1.1431505621837048,4.334499999999765
139.99999999999983,4.00400634310248,4.0132456633933,0.009239320290819641,0.23075188946031014,29696.94674550669,29700.889384363094,3.942638856402482,0.013276243144420309,1.0313124327630344e6,1.0262192910323399e6,-5093.1417306944495,-0.49385051211388875,5.720499999999764
140.99999999999983,4.00346129383228,4.011672235705764,0.008210941873484146,0.20509607239450264,29659.438197606785,29664.510693538283,5.072495931497542,0.01710246801608953,1.7058305632808248e6,1.6791315121367057e6,-26699.05114411912,-1.5651643087440537,5.455200000000045
141.99999999999983,3.991935533518759,4.000388348630585,0.008452815111825718,0.2117472850162698,29627.052805247622,29633.606852056717,6.554046809094871,0.02212183186825117,2.2513349060487417e6,2.19722875578003e6,-54106.150268711615,-2.4032919368567818,5.823699999999937
142.99999999999986,3.9840623126192525,3.9925837057058273,0.008521393086574847,0.2138870433723865,29601.33206972109,29609.52636896161,8.194299240520195,0.027682197616039253,2.6480891683400106e6,2.564723725741463e6,-83365.44259854779,-3.148135780140912,6.015099999999974
143.99999999999986,4.021280887687727,4.025405491462557,0.004124603774830149,0.10256940238765151,29576.11703066898,29586.172984800818,10.055954131839826,0.03400025135622873,3.02633449626521e6,2.910563330088527e6,-115771.16617668327,-3.825458366203607,3.7866000000003166
144.99999999999986,4.041831314065559,4.044068139584472,0.0022368255189135766,0.055341882060476695,29565.977396766324,29577.03563644257,11.058239676247467,0.03740190803723243,3.099574842571497e6,2.969562210355542e6,-130012.63221595483,-4.194531147636125,2.765500000000145
145.99999999999986,4.050366513522117,4.052253720115778,0.0018872065936612614,0.04659347709301953,29571.12092510826,29582.195173541182,11.074248432923923,0.03744953889631217,2.881007994685898e6,2.7562357008187473e6,-124772.29386715079,-4.330855523389621,2.394400000000053
146.9999999999999,4.035809898255486,4.039091791800339,0.003281893544852643,0.08131932939337083,29575.915857502685,29586.886622390775,10.970764888090343,0.03709357620892517,2.6913149471470127e6,2.5732180990885333e6,-118096.84805847937,-4.3880723875765835,2.947999999999937
147.9999999999999,4.063727911431454,4.065116911508859,0.001389000077405278,0.03418043992310501,29573.57008084827,29584.602548647217,11.032467798948346,0.037305160549733325,2.6570899772464037e6,2.5417013094610847e6,-115388.66778531903,-4.342670695137643,1.89240000000012
148.9999999999999,4.043647367787407,4.046602328567504,0.00295496078009716,0.073076618986043,29573.069288187824,29584.063460027726,10.994171839902265,0.037176296219931404,2.5900238340916866e6,2.4789808446454406e6,-111042.98944624607,-4.28733465633101,2.599899999999919
149.9999999999999,4.065508362544973,4.067089647670069,0.0015812851250958104,0.038895138912122165,29572.550746551162,29583.4609250793,10.910178528138204,0.03689292351425107,2.5287963169214847e6,2.4226221493570027e6,-106174.16756448196,-4.198604958968647,1.8149000000000892
150.9999999999999,4.081080904381131,4.08181653166722,0.0007356272860894464,0.018025305141579875,29570.74777210874,29581.609993123882,10.862221015140676,0.03673299403468576,2.4973525295075593e6,2.3949907222436834e6,-102361.80726387585,-4.098812885021887,1.3287000000000553
151.99999999999991,4.080942402979919,4.081923990542134,0.0009815875622152248,0.024052962901374594,29576.141796081636,29586.751669269037,10.609873187400808,0.03587308060852767,2.326773431314128e6,2.2320027186248037e6,-94770.71268932428,-4.0730528986571395,1.3424999999999987
152.99999999999991,4.058850179141226,4.061403643695369,0.002553464554143403,0.06291103247086756,29580.41089062778,29590.793366445036,10.382475817255909,0.03509916023697115,2.188803640822391e6,2.1006931322857826e6,-88110.50853660842,-4.025509958650425,2.056999999999939
153.99999999999991,4.106198599799035,4.1060664689792405,-0.00013213081979479568,-0.0032178380217961792,29577.247280110874,29587.520289266075,10.27300915520027,0.03473281018314481,2.2038273364936966e6,2.1197335984717244e6,-84093.73802197212,-3.815804288722809,0.6787900000001176
154.99999999999991,4.106481627431635,4.106462955455113,-1.867197652227759e-5,-0.00045469524075177276,29579.620009247345,29589.725959859195,10.105950611850858,0.03416524826448575,2.1073075200034156e6,2.028219951931335e6,-79087.56807208061,-3.7530150356010887,0.67879
155.99999999999994,4.0589240229325565,4.061897882648505,0.0029738597159481017,0.07326719345191143,29588.983086809018,29598.829519896157,9.846433087139303,0.03327736224746741,1.8784865710493466e6,1.8060138760921068e6,-72472.69495723979,-3.858036361513919,2.0955999999999197
156.99999999999994,4.017709571191232,4.023861129921243,0.00615155873001072,0.15311108533379658,29584.19455585537,29593.92368062584,9.729124770470662,0.03288622494724992,1.9400525841075128e6,1.871107287394238e6,-68945.2967132749,-3.5537849477926384,3.7767999999999047
157.99999999999994,4.064817014557412,4.066969573233521,0.0021525586761095283,0.0529558567679806,29562.629167684907,29572.49861620357,9.869448518664285,0.03338488083276653,2.324725109216373e6,2.254157519635962e6,-70567.58958041109,-3.0355240411283844,1.8459000000001098
158.99999999999994,4.0323035529961535,4.036614537135488,0.004310984139334728,0.10691120057495435,29552.081571657003,29562.035857560946,9.954285903942946,0.033683873942368804,2.4694308185064285e6,2.398531442295271e6,-70899.37621115753,-2.871081695418347,3.005099999999934
159.99999999999994,4.0786370497202915,4.079759397764939,0.0011223480446478362,0.027517722978679986,29547.981217761644,29558.006855766303,10.025638004659413,0.03393002699836861,2.482861163884287e6,2.41195572185443e6,-70905.44202985661,-2.855795686897342,1.350900000000094
160.99999999999997,4.028689346785322,4.033251607251417,0.00456226046609487,0.1132442855077746,29545.932874436312,29555.995617940323,10.06274350401145,0.03405796509040986,2.4588652802472357e6,2.3886516764827385e6,-70213.60376449721,-2.855528699703195,3.1005999999999503
161.99999999999997,4.0757512577421755,4.077030653652907,0.0012793959107311181,0.03139043159959322,29541.828056518785,29551.931473683166,10.103417164380517,0.03420037901869471,2.4790310790904905e6,2.409415341230818e6,-69615.7378596724,-2.8081833441641684,1.4034000000000482
162.99999999999997,4.074813602070774,4.076114202459264,0.00130060038848967,0.03191803393972965,29537.352900987025,29547.495489018787,10.142588031761989,0.03433817534618365,2.5065911676476467e6,2.437586996406004e6,-69004.1712416429,-2.752908896044705,1.4140999999999997
163.99999999999997,4.074730255537829,4.076236678270451,0.001506422732622248,0.03696987624088538,29543.62913432219,29553.631057621184,10.00192329899437,0.033854755126798815,2.322406364829965e6,2.257533048950006e6,-64873.31587995915,-2.7933662627861793,1.4247999999999998
165.0,4.1519479343088035,4.14969882429631,-0.002249110012493283,-0.05416999557986278,29544.929302040426,29554.84149863339,9.912196592962573,0.033549569510318705,2.2481019873911976e6,2.1861353635948435e6,-61966.62379635405,-2.7563973584785186,-0.50076
166.0,4.183550731567661,4.179920309666479,-0.0036304219011817906,-0.08677848397505625,29558.045190715824,29567.806452784924,9.761262069099757,0.033024044743546734,1.944631021439399e6,1.886664088352736e6,-57966.93308666302,-2.980870532639986,-1.2951
167.0,4.1172252368832645,4.11738420448714,0.00015896760387512643,0.003861037342602727,29583.221019420205,29592.796680374413,9.575660954207706,0.03236855428258359,1.4205592768169122e6,1.3671073921821397e6,-53451.88463477255,-3.762735248510271,0.40453
168.0,4.127183908537603,4.127047795715374,-0.0001361128222292507,-0.0032979587351967543,29591.380633388202,29600.740878295946,9.360244907744345,0.03163165998812202,1.257665139524054e6,1.209135536972202e6,-48529.60255185212,-3.85870618710299,0.21185
169.0,4.14194563623289,4.141108572560015,-0.0008370636728747272,-0.02020943166303937,29588.442880235532,29597.56341410975,9.120533874218381,0.030824649715888598,1.3143689734306564e6,1.2710517961430375e6,-43317.17728761886,-3.2956634067948194,-0.11201
170.0,4.091875931972531,4.093537449134563,0.0016615171620317781,0.04060526735547494,29592.95466999446,29601.873122542096,8.918452547637571,0.03013708042029465,1.2150135851225615e6,1.1759805807825888e6,-39033.004339972744,-3.212557029643038,1.1354
171.0,4.165105447008216,4.163228445755404,-0.0018770012528115387,-0.04506491556317701,29590.10454611027,29598.8435151905,8.738969080230163,0.02953341738489712,1.2631102531217537e6,1.22779701273819e6,-35313.240383563796,-2.795736975160147,-0.62707
172.0,4.080647027784052,4.08294313708073,0.002296109296677784,0.05626826532763504,29593.34636353514,29601.92085265236,8.574489117221674,0.02897438164609576,1.1852682598796957e6,1.1532913408193942e6,-31976.9190603015,-2.6978634409350626,1.4858
173.0,4.138987132343078,4.138373250905648,-0.0006138814374301305,-0.014831682675046457,29593.114976086625,29601.54162142257,8.426645335945068,0.02847501975629942,1.178596529489111e6,1.1495579689019895e6,-29038.560587121407,-2.463825394064992,0.011324
174.0,4.115605978662499,4.1159802335118885,0.00037425484938946596,0.009093553934215353,29589.138628130204,29597.439654308822,8.301026178618486,0.02805430155620263,1.2437126992179225e6,1.2171217201942226e6,-26590.97902369988,-2.1380322835346903,0.55864
175.0,4.131821434586241,4.131529651003524,-0.00029178358271675364,-0.007061863329192316,29593.522973883424,29601.72922091272,8.2062470292949,0.027729875339739016,1.1390247966017926e6,1.1142434921735693e6,-24781.304428223288,-2.1756597838920384,0.18866
176.0,4.09528724544041,4.096759531669318,0.0014722862289078265,0.03595074388364413,29594.375017220707,29602.488075289024,8.113058068316604,0.02741418956675276,1.109465243260264e6,1.0864593710682786e6,-23005.87219198537,-2.0736000818178435,1.1018
177.0,4.095114108388246,4.0965408903108225,0.0014267819225768363,0.03484107853439984,29591.570113894504,29599.579991039835,8.009877145330393,0.027068104580126397,1.1517766787673603e6,1.1307291394987497e6,-21047.539268610533,-1.8273975898813788,1.1079
178.0,4.1238369473863346,4.123714052096332,-0.0001228952900023117,-0.002980120008871885,29584.108970858073,29592.027872605417,7.918901747343625,0.02676741677481031,1.281674543502052e6,1.2623138083017257e6,-19360.735200326424,-1.5105812390893778,0.37419
179.0,4.1318695094513265,4.131396240367619,-0.0004732690837077058,-0.011454114962370908,29584.838046424487,29592.70333688968,7.865290465193539,0.026585545112166358,1.2424011070257844e6,1.2239750924481412e6,-18426.014577643247,-1.4830970830148207,0.18726
180.0,4.117057590718656,4.117358640222885,0.000301049504228601,0.007312249041822392,29590.491436587272,29598.317269877094,7.825833289822185,0.026447121726900096,1.1095717602013315e6,1.0918244438268102e6,-17747.316374521237,-1.5994744108574817,0.5484
181.0,4.117520349140793,4.117820618859448,0.00030026971865559915,0.007292489002956762,29591.872345802156,29599.638331614507,7.765985812351573,0.026243644611603095,1.068364198949322e6,1.0517217137788376e6,-16642.48517048452,-1.5577539182660274,0.54637
182.0,4.1775729174031415,4.175060642415732,-0.0025122749874091355,-0.0601371905908183,29590.49071971075,29598.18755738882,7.696837678071461,0.026011186333400216,1.0821798006999448e6,1.0668152770839091e6,-15364.523616035702,-1.419775494432446,-0.86914
183.0,4.152986487998704,4.151821427252612,-0.001165060746092017,-0.02805356457235795,29599.85429277311,29607.480033909513,7.625741136402212,0.025762765792614252,882466.1111081886,868397.6136847159,-14068.497423472698,-1.5942252338512666,-0.24991
184.0,4.087529393960235,4.089675581047956,0.0021461870877210742,0.05250572854331756,29610.312777937015,29617.860854709506,7.548076772491186,0.025491378051620397,672137.0100873698,659473.3487102373,-12663.661377132521,-1.8840892834463014,1.3988
185.0,4.230013589357439,4.22448689321324,-0.005526696144198873,-0.13065433544005248,29601.442098570722,29608.881194819398,7.439096248675924,0.025130857557223923,851249.7417088583,840578.5289266384,-10671.212782219867,-1.2535936587537435,-2.4102
186.0,4.001081059691734,4.010001748980245,0.00892068928851053,0.2229569747631614,29613.233762957305,29620.503745680562,7.269982723257272,0.024549776567634334,609521.4667647699,601963.790142367,-7557.676622402854,-1.2399360866677331,5.0098
187.0,4.054523095728879,4.05844118108704,0.003918085358161072,0.09663492513554718,29597.69180158871,29604.915952916683,7.224151327973232,0.024407819962452146,919010.6527172396,912022.5177335305,-6988.134983709082,-0.7603976039937358,2.5027
188.0,4.035883282270533,4.040365473899534,0.004482191629000987,0.11105850480590128,29557.747099410997,29565.02655655432,7.279457143322361,0.024627916054763933,1.6868399548397595e6,1.678475559036502e6,-8364.39580325759,-0.4958618498014034,3.1156
189.0,4.0457510833544585,4.0492525701405,0.0035014867860416743,0.08654726190268934,29546.220887937583,29553.716090922433,7.495202984850039,0.025367721351836233,1.852609933258728e6,1.839852089122788e6,-12757.844135939842,-0.6886416782565169,2.6317
190.0,4.095626530292566,4.095774631225744,0.0001481009331785188,0.0036160751495068425,29534.026748273445,29541.85737946875,7.830631195305614,0.026513930057855694,2.031195406924317e6,2.0119739553109421e6,-19221.451613374753,-0.946312282306719,0.96709
191.0,4.027661410603597,4.032404259480047,0.004742848876450267,0.11775689147960158,29537.000146821523,29544.968990880574,7.9688440590507525,0.02697919226542808,1.9077914890305805e6,1.8863358265904048e6,-21455.662440175656,-1.1246335128100435,3.2753
192.0,4.066113506732401,4.067963842644192,0.001850335911791845,0.04550625329883639,29530.765179442864,29538.956307836797,8.191128393933468,0.027737609723826346,1.9785974952135554e6,1.9533057519687277e6,-25291.743244827725,-1.2782662115974184,1.7871
193.0,4.032069519888589,4.036162130135532,0.0040926102469427406,0.10150148023875898,29519.946858788375,29528.34463035206,8.397771563686547,0.02844778686038335,2.1375899898191723e6,2.108930750228373e6,-28659.239590799436,-1.3407266934864268,2.998
194.0,4.068027409661376,4.069530953390479,0.0015035437291031073,0.03696001962848778,29513.5242242931,29522.105214980555,8.580990687452868,0.02907477474475821,2.203437521128586e6,2.171990578331516e6,-31446.942797069903,-1.4271765137666799,1.6541
195.0,4.060409472117159,4.062340259319438,0.0019307872022791273,0.047551539211447696,29508.0566260361,29516.812129991078,8.75550395497703,0.02967157094056716,2.2503003477332178e6,2.216318408619761e6,-33981.939113456756,-1.5101068240818427,1.8721
196.0,4.053504383121206,4.0559957592302975,0.0024913761090914477,0.06146227741767195,29509.479980819513,29518.282055979784,8.80207516027076,0.029827957544463365,2.162014585947263e6,2.1280826969814003e6,-33931.8889658628,-1.5694569863873475,2.0978
197.0,4.092848216053222,4.093001729884039,0.00015351383081707581,0.0037507824066124514,29504.95146044291,29513.851115456415,8.899655013505253,0.03016325929373909,2.1985240197655144e6,2.163559925687766e6,-34964.09407774825,-1.590343965469951,0.89478
198.0,4.0779829038655775,4.079048544653053,0.001065640787475175,0.026131565840186312,29507.3766547658,29516.28025161813,8.90359685232761,0.030174139017843087,2.0969697880605222e6,2.062828617244833e6,-34141.17081568926,-1.628119346786883,1.3038
199.0,4.133409431827524,4.13191438676928,-0.001495045058244493,-0.03616977903840224,29512.033240537065,29520.8938069277,8.86056639063463,0.030023571464618565,1.958742014291164e6,1.9262558770743685e6,-32486.13721679547,-1.6585204677172178,-0.078976
200.0,4.0725463965087725,4.074273329731868,0.0017269332230958057,0.042404261485547094,29520.192437573853,29528.994318127,8.801880553146475,0.029816474170213325,1.7595274490435154e6,1.7288879504105656e6,-30639.498632949777,-1.7413481471747145,1.4977
201.0,4.053862134209437,4.056862657293088,0.0030005230836511743,0.07401640668365553,29522.9696478869,29531.695617852758,8.725969965857075,0.029556545530241514,1.67636460904005e6,1.6478051625346867e6,-28559.446505363332,-1.7036536294880118,2.1259
202.0,4.126941104159269,4.125829851425404,-0.0011112527338648093,-0.02692678925669309,29510.26571735433,29518.960306930552,8.694589576221915,0.02946293218603186,1.8996071914869333e6,1.87214746738835e6,-27459.724098583218,-1.4455474911678394,0.089321
203.0,4.086226867598273,4.087168615024725,0.000941747426451478,0.023046870792198595,29513.2694558801,29521.915192670538,8.645736790436786,0.029294405363531298,1.798586963440835e6,1.7725361584521004e6,-26050.804988734657,-1.4484039703533413,1.1053
204.0,4.079445129187936,4.080916815047247,0.0014716858593111226,0.036075638051395485,29519.996509169792,29528.58567186624,8.589162696447602,0.029096083035712934,1.6315306855965753e6,1.6069865815907768e6,-24544.104005798465,-1.5043605506459612,1.3141
205.0,4.026571751975191,4.03157581458216,0.005004062606968951,0.12427600736319333,29514.767964384577,29523.301837450723,8.533873066146043,0.02891390871323757,1.708664304200555e6,1.6855448282440258e6,-23119.475956529146,-1.353073034866625,3.1926
206.0,4.108250323662376,4.107899506130549,-0.00035081753182719666,-0.008539341670749358,29499.094139653,29507.651174107985,8.557034454985114,0.02900778720348113,1.9844187356741992e6,1.9611321666592401e6,-23286.569014959037,-1.1734705279854913,0.52137
207.0,4.0763227905175885,4.077562789846531,0.001239999328942254,0.030419556857144914,29495.349927350664,29503.935506020112,8.585578669448296,0.029108244827049833,2.0092043803087578e6,1.9856913025587855e6,-23513.07774997223,-1.1702680912112553,1.3521
208.0,4.076408021340973,4.077826734416541,0.0014187130755676236,0.034803019426424456,29502.564019568938,29511.13445818311,8.570438614173327,0.029049809394493944,1.8199924274363555e6,1.797146504638563e6,-22845.92279779259,-1.2552757062826574,1.3591
209.0,4.076040487595097,4.077440747725941,0.0014002601308442664,0.03435344018553735,29499.020686574695,29507.585837444873,8.565150870177604,0.0290353736186086,1.8550839023011567e6,1.8326847467736644e6,-22399.155527492287,-1.2074470324337914,1.3661
210.0,4.06199049349746,4.064223597552747,0.002233104055286539,0.05497561008233155,29496.68388606057,29505.219342633507,8.5354565729358,0.028937003921886466,1.8632402201673228e6,1.841758583560498e6,-21481.636606824817,-1.1529182536053093,1.7966
211.0,4.061120787364731,4.063342952626748,0.0022221652620171284,0.05471802929208358,29491.723535098514,29500.25570278937,8.532167690857023,0.028930719090400972,1.922463013825711e6,1.9013427996542682e6,-21120.2141714429,-1.0986018466703071,1.8134
212.0,4.04176862545182,4.045204862106991,0.003436236655170788,0.08501814362979916,29485.223505256905,29493.77082144742,8.547316190513811,0.02898847346023989,2.0086000607684173e6,1.9874794362796256e6,-21120.624488791684,-1.0515097007769532,2.4758
213.0,4.087314448385751,4.0878007781537695,0.00048632976801865624,0.011898516107825469,29476.165112378378,29484.774335113387,8.609222735009098,0.029207404362766632,2.1407741943237535e6,2.1187518025323236e6,-22022.391791429836,-1.0287115684513595,0.995
214.0,4.057929332241273,4.060123513611833,0.0021941813705597113,0.05407145346584491,29475.00302631042,29483.65276559094,8.649739280521317,0.029346016598540317,2.11139498979393e6,2.0889566879567348e6,-22438.30183719541,-1.0627240258529438,1.8602
215.0,4.219891948469901,4.213195680995982,-0.006696267473919271,-0.15868338705561602,29476.08996489487,29484.759986209825,8.670021314956102,0.029413742885443205,2.0418506309574293e6,2.019418167933953e6,-22432.463023476303,-1.098633890421145,-2.6906
216.0,4.132031120478184,4.130933094502524,-0.0010980259756605548,-0.0265735165986234,29500.476121082997,29509.170260066287,8.694138983290031,0.029471181914506876,1.5192479883306152e6,1.4967446856732157e6,-22503.30265739956,-1.481213260129224,-0.067612
217.0,4.071736242692656,4.074072124396005,0.0023358817033489743,0.05736819784289972,29525.517419946373,29534.12149265044,8.604072704067221,0.02914114114137292,1.0142003076111341e6,993878.2782413703,-20322.029369763797,-2.003749083613539,1.5503
218.0,4.078519421837597,4.080229832278288,0.0017104104406913123,0.041937042926245977,29512.059829090864,29520.466729714317,8.406900623453112,0.02848632278512188,1.2897107152264272e6,1.2735484666479859e6,-16162.24857844133,-1.2531685119483416,1.3521
219.0,4.126848971043804,4.125990922039769,-0.0008580490040355215,-0.02079186832510847,29499.008539818904,29507.25787433359,8.24933451468678,0.02796478567593724,1.532310756325029e6,1.5193109569756002e6,-12999.799349428853,-0.8483787832049503,0.10446
220.0,4.052389961245303,4.055571711127734,0.0031817498824313617,0.07851539246863615,29502.067274166413,29510.26261525931,8.195341092898161,0.02777887060163557,1.4423122557237514e6,1.4303165052836346e6,-11995.750440116739,-0.8317027323668742,2.1829
221.0,4.100630781782125,4.100956013175472,0.0003252313933472806,0.007931252791453116,29497.12350662256,29505.28328080946,8.159774186900904,0.027662948846754187,1.5162646192097175e6,1.5049238718753548e6,-11340.747334362706,-0.7479398510448357,0.73539
222.0,4.117324900006556,4.116745829573934,-0.0005790704326225082,-0.014064239443955129,29489.885684166395,29498.006088209706,8.120404043311282,0.027536234389919187,1.6302658892960877e6,1.6196700081228584e6,-10595.88117322931,-0.6499480387094633,0.31463
223.0,4.07086522136433,4.072808179520708,0.0019429581563779053,0.04772838329751267,29497.521089886734,29505.624355872504,8.103265985770122,0.027471006668924252,1.4454721919989411e6,1.4351833782647357e6,-10288.81373420544,-0.7117960339297192,1.5617
224.0,4.152368317193459,4.150322955791253,-0.002045361402205792,-0.0492577065896753,29494.794927497143,29502.870822082506,8.07589458536313,0.027380744993192704,1.4765225707073195e6,1.4667622020160966e6,-9760.368691222975,-0.6610375543766546,-0.49752
225.0,4.052908763589914,4.0560226730293865,0.0031139094394720956,0.07683147144703824,29499.075489751413,29507.108601472682,8.033111721269961,0.02723174061526379,1.3664447059522816e6,1.3575147984586344e6,-8929.907493647188,-0.6535140027802219,2.1685
226.0,4.101356542712637,4.101671712527468,0.00031516981483115103,0.007684526120781925,29497.060881301517,29505.056552570997,7.995671269480226,0.027106671073621313,1.3861244256866155e6,1.3778994873421665e6,-8224.938344449038,-0.5933766256499536,0.7278
227.0,4.085105569855389,4.08607978355562,0.0009742137002310969,0.023847944283740596,29487.675361202815,29495.6342060153,7.95884481248504,0.026990411129378344,1.5479705348227653e6,1.540426584811567e6,-7543.950011198176,-0.48734454832901064,1.1428
228.00000000000003,4.1092082234036384,4.109044960965885,-0.00016326243775388605,-0.0039730874873665206,29489.00715569867,29496.955190384117,7.948034685447055,0.02695253401880341,1.4889292860705133e6,1.4815440207999006e6,-7385.265270612668,-0.4960118213607973,0.5191800000000235
228.99999999999997,4.077993193984118,4.079430051614139,0.0014368576300212155,0.03523442933011456,29489.816458992616,29497.760190427984,7.943731435367226,0.026937202021631666,1.4449628318938785e6,1.4376278645276665e6,-7334.967366212048,-0.5076232553745538,1.3485999999999763
229.99999999999997,4.146458438129722,4.144640055613835,-0.0018183825158866185,-0.0438538705504741,29488.27380395651,29496.197160047315,7.923356090806919,0.02686951478910856,1.449700251102296e6,1.4427505479927214e6,-6949.703109574504,-0.4793889705330615,-0.3549499999999516
231.0,4.0863109312836805,4.087371383861699,0.001060452578018456,0.025951343298424027,29493.126760362702,29501.027926709685,7.901166346982791,0.026789856535664326,1.3278291965675224e6,1.3212952880271398e6,-6533.908540382516,-0.49207447443337304,1.124
232.0,4.0594499841873235,4.062156137499406,0.002706153312082904,0.06666305343394097,29496.699222244817,29504.567549797404,7.868327552587289,0.026675281506255526,1.2379748206649786e6,1.2320603171994993e6,-5914.50346547924,-0.47775636198337723,1.9596
233.0,4.085414361954954,4.086355481584943,0.0009411196299886626,0.023036087569299032,29483.24733377189,29491.069978133866,7.822644361975108,0.026532505980148863,1.48649262557806e6,1.481431644557356e6,-5060.981020704145,-0.34046458984188066,1.1428
234.0,4.070315774361487,4.0719941108820406,0.0016783365205537137,0.04123357040565226,29476.29914721947,29484.108772483374,7.809625263904309,0.026494592231199415,1.5906789324138428e6,1.5857992836714832e6,-4879.648742359597,-0.3067651581299797,1.5655
235.00000000000003,4.056548544853153,4.059050818473915,0.0025022736207622742,0.06168479418142539,29473.634552259213,29481.480161377964,7.845609118750872,0.026619075787344626,1.6062908606140697e6,1.6006430981901274e6,-5647.762423942331,-0.35160272416561256,1.9997999999999885
236.00000000000003,4.068161134291748,4.0697892542704075,0.0016281199786591927,0.04002102977031273,29464.99907387681,29472.896859923836,7.897786047025875,0.026803958239482596,1.7403224336075974e6,1.733651671233245e6,-6670.762374352431,-0.3833061187704332,1.5963999999999283
236.99999999999997,4.166950802389151,4.163698493032656,-0.003252309356494898,-0.07805010211856026,29458.84583360475,29466.801891024574,7.956057419822173,0.027007362965817266,1.8188935600022217e6,1.8111443873669666e6,-7749.172635255149,-0.42603771906508275,-0.9306399999999282
237.99999999999997,4.076176566596344,4.077531928249338,0.0013553616529939916,0.03325080822310243,29473.457084993566,29481.454788131963,7.997703138396901,0.027135273325194477,1.486835104197185e6,1.478393052897942e6,-8442.051299243001,-0.5677866547145641,1.3555999999999349
239.0,4.168648872963614,4.165764425103625,-0.002884447859988981,-0.06919383109228729,29480.94580383116,29488.941002267456,7.99519843629605,0.027119884448405462,1.3163830741147748e6,1.3081456605593406e6,-8237.413555434207,-0.6257611266366062,-0.92625
240.0,4.052866587015981,4.055897995148664,0.003031408132683211,0.07479664251458021,29485.41894668638,29493.360431326197,7.941484639817645,0.026933599465474516,1.212634014228868e6,1.2055839331765778e6,-7050.081052290276,-0.5813857247583086,2.1543
241.0,4.140717877801225,4.139222847370661,-0.0014950304305640927,-0.036105585424669726,29483.558890366112,29491.439420886887,7.88053052077521,0.026728559296653326,1.236374985326856e6,1.2305819006334215e6,-5793.084693434415,-0.4685540197905993,-0.21363
242.0,4.052980980366859,4.055892251851407,0.0029112714845487275,0.0718303761762339,29478.4220515441,29486.25779610634,7.835744562238688,0.02658128901383392,1.32031880299262e6,1.3154033706114648e6,-4915.432381155202,-0.37229132615652655,2.1543
243.00000000000003,4.109528350805125,4.109294446512604,-0.00023390429252057032,-0.0056917551736744825,29475.812095929334,29483.631359648352,7.819263719018636,0.02652772956202449,1.3483000310931676e6,1.3436757278679698e6,-4624.303225197829,-0.34297286349897665,0.5126299999999834
244.00000000000003,4.133863976085255,4.132437399699505,-0.0014265763857501668,-0.0345095144398323,29468.83257969531,29476.647364889155,7.8147851938447275,0.02651881499788115,1.4605804796617907e6,1.4560167479215863e6,-4563.731740204385,-0.31246013511430426,-0.07258999999996625
244.99999999999997,4.086365450050125,4.087349574738224,0.0009841246880988308,0.024083129620400424,29479.247460472332,29487.054043406122,7.806582933790196,0.026481622179323826,1.2244142052357392e6,1.2199986334632158e6,-4415.571772523457,-0.360627290474249,1.1145999999999663
245.99999999999997,4.102256538980119,4.102458389275819,0.00020185029570018997,0.004920469838543372,29479.54705243184,29487.333665011272,7.786612579431676,0.02641360997027035,1.2021749668917055e6,1.1981433889320772e6,-4031.57795962831,-0.3353570046506786,0.7053800000000116
247.0,4.0723267013461335,4.074022681196101,0.0016959798499671663,0.0416464585075296,29474.846916399114,29482.592697419903,7.745781020788854,0.026279291772943133,1.2773832773918856e6,1.2741339575444176e6,-3249.319847468054,-0.25437313177470083,1.5276
248.0,4.085925591659404,4.0867907863913295,0.0008651947319258113,0.021174999703664023,29469.75440770032,29477.48027950992,7.725871809601813,0.026216274837984655,1.3545419148159802e6,1.3516300096676366e6,-2911.9051483436488,-0.21497342507405848,1.124
249.0,4.101045690271211,4.101061497334071,1.5807062860417886e-5,0.000385439813506992,29463.660854545753,29471.387626884094,7.726772338341107,0.026224753184901646,1.446904678679169e6,1.4439189961534045e6,-2985.6825257644523,-0.20634963517361643,0.7128
250.0,4.151997558911126,4.149784502434766,-0.0022130564763598315,-0.053301006201463476,29464.835949280066,29472.57492780381,7.738978523742844,0.026265133588608817,1.391710355699471e6,1.3884486632950057e6,-3261.692404465284,-0.23436574938942406,-0.49887
251.00000000000003,4.094708599786838,4.095259642044403,0.000551042257565193,0.013457423016472505,29475.26467571444,29483.007034029575,7.742358315135789,0.02626730718219793,1.1591607645742777e6,1.1558235523305926e6,-3337.212243685033,-0.28789899948957326,0.8947800000000233
252.00000000000003,4.066889483699512,4.06903382147445,0.0021443377749381654,0.052726728462449725,29478.968536430242,29486.68236170669,7.713825276448915,0.02616721567756394,1.0724723952755684e6,1.0696968024996305e6,-2775.5927759378683,-0.25880319047509737,1.7141999999999713
252.99999999999997,4.102339504754772,4.102379311997701,3.9807242928624476e-5,0.0009703546691463815,29466.71449294365,29474.3815477046,7.667054760950123,0.02601937437845723,1.302005109520585e6,1.3001200593351652e6,-1885.050185419852,-0.14478055206050242,0.7004800000000289
254.0,4.140665827490864,4.1389506818643245,-0.001715145626539183,-0.04142197651285751,29462.11471048986,29469.765742012492,7.651031522633275,0.02596905075489764,1.365281867355506e6,1.3636405049650187e6,-1641.362390487222,-0.12022150368600971,-0.21884
255.0,4.080389666276385,4.0816528807021175,0.0012632144257320732,0.030958181179907666,29471.492900184985,29479.156561679458,7.663661494472763,0.026003641961499208,1.1513087761488962e6,1.1493516089093192e6,-1957.1672395770438,-0.16999499006024493,1.2937
256.0,4.103261457882513,4.103372308710094,0.00011085082758111042,0.002701529715299082,29471.39120523571,29479.044437135533,7.653231899825187,0.025968342812624196,1.137427346532242e6,1.1356405074419877e6,-1786.8390902541578,-0.15709478901679522,0.68831
257.0,4.095154873792389,4.095557572865318,0.00040269907292955764,0.009833549287883983,29465.48638826251,29473.111999246557,7.6256109840469435,0.02587980691567536,1.2365638185646026e6,1.235280715346389e6,-1283.103218213655,-0.10376360677470534,0.88929
258.0,4.087525294990061,4.088322763681623,0.0007974686915614981,0.01950981667413601,29465.050490874564,29472.666002313737,7.615511439173133,0.025845913420483313,1.2212499628595342e6,1.2201037774447778e6,-1146.1854147564154,-0.09385346567975678,1.093
259.0,4.119589789773548,4.118825763551376,-0.0007640262221721983,-0.018546172341450444,29461.356366316224,29468.973022351292,7.616656035068445,0.02585303928429013,1.271347451937495e6,1.2701206450652448e6,-1226.8068722502794,-0.09649658481484844,0.28185
260.0,4.066912858640502,4.068847505278185,0.0019346466376832794,0.04757039811101332,29462.988093043685,29470.604235064115,7.616142020429834,0.02584986287330453,1.213733829064003e6,1.212473198738707e6,-1260.6303252959624,-0.10386382047768451,1.698
261.0,4.072796365213658,4.074318627456166,0.0015222622425081767,0.0373763406270453,29459.10339703597,29466.72581156133,7.622414525358181,0.025874563874625965,1.268444473642193e6,1.2670244851259515e6,-1419.9885162415449,-0.11194723503853586,1.5089
262.0,4.1340826643829685,4.132499478222469,-0.0015831861604995723,-0.0382959483161634,29448.471399485126,29456.108610244475,7.637210759348818,0.025934150047198533,1.4521765388669767e6,1.4504428445663447e6,-1733.6943006319925,-0.11938591860082404,-0.078194
263.0,4.094185288871193,4.094507004262043,0.00032171539085013023,0.007857861043187673,29453.929695185903,29461.589144611044,7.6594494251403376,0.026004847245874416,1.3091905802542123e6,1.307017514174996e6,-2173.0660792163108,-0.16598546552285423,0.88929
264.0,4.087021360857509,4.087811390998926,0.0007900301414167643,0.019330218064996997,29459.19075596561,29466.86547783043,7.67472186481973,0.026052045789022794,1.1807171156542297e6,1.1782671401834607e6,-2449.9754707689863,-0.20749893757671722,1.093
265.0,4.134685461026836,4.133219250553896,-0.0014662104729401548,-0.035461233672077826,29453.64960682432,29461.316343123653,7.666736299332115,0.026029834678130193,1.271676053869838e6,1.2694181299930392e6,-2257.9238767987117,-0.17755495748525127,-0.081297
266.0,4.038142564569557,4.041995144098343,0.0038525795287860376,0.09540474282875401,29457.52754467471,29465.1810776009,7.653532926189655,0.025981586250178178,1.1705017501658818e6,1.1685226086371476e6,-1979.1415287342388,-0.16908488419207898,2.7118
267.0,4.093703978670984,4.093991546425159,0.0002875677541753774,0.007024634797085057,29448.5866147525,29456.268600583753,7.68198583125195,0.02608609347452892,1.327521145286444e6,1.3249856000739129e6,-2535.5452125312295,-0.19099848025276656,0.90306
268.0,4.13327009616759,4.131595985896466,-0.001674110271124185,-0.040503287522304365,29437.071719599084,29444.78435450072,7.712634901636193,0.026200414820816403,1.5248637074505074e6,1.5217638492821387e6,-3099.8581683686934,-0.20328755633849369,-0.078194
269.0,4.0591443316373885,4.061402067600731,0.0022577359633428884,0.05562098262300904,29448.017791617644,29455.74793522595,7.730143608307117,0.026250132226242735,1.2702477988751747e6,1.2668713630683662e6,-3376.4358068085276,-0.2658092231923895,1.9111
270.0,4.126761421291855,4.125558485358454,-0.0012029359334011502,-0.029149636012265022,29445.23809734999,29453.0012038608,7.763106510810758,0.0263645567583623,1.3032147436706575e6,1.2992665592973332e6,-3948.1843733242713,-0.3029573132516707,0.084907
271.0,4.118203254877241,4.11734019412444,-0.0008630607528017364,-0.020957216032977545,29442.689697360274,29450.454252235162,7.7645548748878355,0.0263717579973136,1.328263680967244e6,1.324389261240308e6,-3874.4197269361466,-0.2916905568113394,0.28185
272.0,4.1106498986487425,4.1103007943914385,-0.0003491042573040559,-0.008492677944157052,29451.620926435997,29459.37190338033,7.75097694433498,0.02631765824942302,1.1259130765993875e6,1.1223935642002455e6,-3519.5123991419096,-0.3125918396624317,0.47868
273.0,4.103012717086838,4.103042750447996,3.003336115803279e-5,0.0007319831360249023,29453.015801229605,29460.745771321246,7.7299700916410075,0.026245088597407047,1.0837363716217733e6,1.0806926384802342e6,-3043.7331415391527,-0.280855494125782,0.67631
274.0,4.0736622606051,4.0751866257024485,0.0015243650973486567,0.03742001667860968,29451.637196086594,29459.329782112207,7.6925860256124,0.026119383361936012,1.0963012393119824e6,1.0940281798949493e6,-2273.0594170331024,-0.20733894439995626,1.4829
275.0,4.094700262035111,4.09499981875102,0.00029955671590897737,0.007315717799575746,29444.522849986777,29452.19291452106,7.670064534282574,0.026049206412207215,1.2192561651803225e6,1.2174214913557777e6,-1834.6738245447632,-0.15047484498660896,0.88383
276.0,4.0942822855598635,4.094524693012064,0.00024240745220005522,0.0059206335883337305,29439.241148213794,29446.909011003376,7.667862789581704,0.026046400961822844,1.2981605966512517e6,1.2963502821729043e6,-1810.3144783473108,-0.13945227447337535,0.88383
277.0,4.102134790261431,4.102026271141723,-0.0001085191197081059,-0.002645430373612612,29439.43742381371,29447.119529960815,7.6821061471055145,0.02609460920231927,1.265579722683101e6,1.2634804110565681e6,-2099.3116265328135,-0.16587747013535847,0.6811
278.0,4.06604801770757,4.067860153779634,0.0018121360720639856,0.044567502994853084,29439.739245696903,29447.432686520482,7.693440823579294,0.026132842955474942,1.2340415531138093e6,1.2317345448275849e6,-2307.0082862244453,-0.1869473746976559,1.694
279.0,4.1097514034651645,4.109226191255973,-0.000525212209191217,-0.01277965885596829,29433.88096706824,29441.589147924715,7.708180856476247,0.026188122677741538,1.3256927060334883e6,1.3231243243857191e6,-2568.381647769129,-0.1937388382752593,0.48492
280.0,4.093489724479183,4.093696036997038,0.00020631251785463434,0.005040015530535712,29431.59564179904,29439.319401884582,7.7237600855442,0.02624308983973278,1.3415264133334677e6,1.3386945027156698e6,-2831.9106177978683,-0.21109615059766484,0.88656
281.0,4.078811040866783,4.079848656223137,0.0010376153563544932,0.025439162196000897,29434.600222999117,29442.336406179067,7.736183179949876,0.026282616788880678,1.2533899213322399e6,1.250369584263647e6,-3020.3370685928967,-0.24097346062768335,1.2937
282.0,4.071420602093684,4.07280092495627,0.0013803228625857145,0.033902733160899624,29429.840200414747,29437.59068575786,7.750485343112814,0.026335465263598642,1.3237548246234509e6,1.3205161532440232e6,-3238.6713794276584,-0.2446579471654742,1.5051
283.0,4.100303699197228,4.100092113945756,-0.00021158525147235707,-0.005160233655711452,29422.90033534172,29430.67212038294,7.771785041219118,0.02641406847265812,1.4322591660022778e6,1.4286727839990715e6,-3586.382003206294,-0.2504003526971033,0.69559
284.0,4.024996919814771,4.0294698141547345,0.004472894339963673,0.11112789473065024,29422.27833993287,29430.077297248692,7.798957315822918,0.026506979594567697,1.41075455291502e6,1.4067206190072915e6,-4033.9339077284094,-0.2859415834875851,3.1671
285.0,4.049155545585201,4.051608561545698,0.0024530159604969626,0.06058092688416203,29410.128296506566,29418.04657397589,7.918277469325403,0.026923641371078152,1.618720063992905e6,1.6124458970037543e6,-6274.16698915069,-0.38760049552200954,2.1829
286.0,4.052851382654922,4.054749738168297,0.0018983555133749164,0.04683999816769375,29392.931078106674,29401.006675385892,8.075597279217618,0.027474623941920264,1.9143783840937328e6,1.9052375772082342e6,-9140.806885498576,-0.4774817226023912,1.9998
287.0,4.064319393024427,4.065481902652567,0.0011625096281404623,0.02860281182959372,29388.786201099647,29396.99769625214,8.211495152492716,0.027940912892093057,1.9389491932187772e6,1.9274990077308065e6,-11450.18548797071,-0.5905356121767525,1.5964
288.0,4.032945027122779,4.036213145585784,0.0032681184630050097,0.08103553212419017,29386.96965515726,29395.312394601977,8.342739444717154,0.028389247148023128,1.9212791273401144e6,1.9076963141947852e6,-13582.813145329244,-0.7069671945134679,2.6805
289.0,4.068639705152923,4.0694694002126734,0.0008296950597506125,0.020392443663660012,29379.247047290304,29387.756158564753,8.509111274448514,0.028962999837102103,2.0238573294211966e6,2.007520716173374e6,-16336.613247822504,-0.8072018224967772,1.4233
290.0,4.024703769009123,4.028440457037565,0.003736688028442181,0.0928438027468081,29374.35161459561,29382.988706634325,8.637092038716219,0.029403515529597583,2.066652578676152e6,2.0484203927020489e6,-18232.185974103166,-0.8822085609465267,2.9549
291.0,4.065870309320969,4.066754920824927,0.0008846115039577995,0.021757002478161588,29367.790067163063,29376.595399493508,8.805332330444799,0.029982958575729822,2.142219238609916e6,2.1213435914347623e6,-20875.647175153717,-0.9744869618807038,1.4636
292.0,4.057829362433655,4.059134298165283,0.0013049357316274879,0.032158467374410776,29361.89754181076,29370.852630371683,8.955088560924196,0.030499011680605207,2.2023538181049707e6,2.1792894158892073e6,-23064.40221576346,-1.0472614357492007,1.6914
293.0,4.026551863003121,4.030117888795831,0.00356602579271037,0.08856276819568203,29364.39957466173,29373.386772247883,8.987197586153343,0.030605759751029655,2.0962475279031924e6,2.0733652060203918e6,-22882.321882800665,-1.0915849191573812,2.8152
294.0,4.078079082887066,4.07824610516147,0.00016702227440390516,0.004095611463367262,29354.987416871423,29364.134712535237,9.147295663813566,0.031160959239779025,2.2328495075222356e6,2.207552068607166e6,-25297.43891506968,-1.1329665895460157,1.0654
295.0,4.041986695224487,4.044319324333493,0.0023326291090057794,0.05770996504668672,29352.781387640553,29362.00358467032,9.222197029768722,0.03141847754724829,2.220078105422908e6,2.194138435000955e6,-25939.670421952847,-1.1684125147935522,2.1852
296.0,4.054418841074266,4.0560239793464765,0.0016051382722102048,0.039589848388355074,29353.36017983598,29362.620028170077,9.259848334095295,0.031546127180547674,2.1553694618115155e6,2.1294984384630783e6,-25871.023348437157,-1.2003057390770226,1.757
297.0,4.053601045973777,4.055199521044619,0.001598475070841765,0.039433458120636804,29347.43915949776,29356.776477096042,9.337317598281516,0.03181646462417033,2.2234213361947597e6,2.196785474497995e6,-26635.861696764827,-1.1979673516289253,1.7695
298.0,3.9545414768952534,3.9647048559983498,0.010163379103096393,0.2570052473207527,29345.712269823536,29355.074150272078,9.361880448541342,0.03190203857538755,2.2051879896625043e6,2.178840089726012e6,-26347.89993649209,-1.1948142317120336,6.4018
299.0,4.040964028837318,4.042797410117445,0.001833381280127,0.0453698985450882,29316.304006330578,29326.38694657845,10.082940247870283,0.03439362699231448,2.7334516399106127e6,2.6936443412263445e6,-39807.29868426826,-1.4563015530638765,2.1159
300.0,3.927088730893134,3.9392373125203632,0.012148581627229316,0.3093533775201045,29296.909204589938,29307.542773603007,10.633569013069064,0.036295873188572074,3.034574318059404e6,2.9854204121186184e6,-49153.90594078554,-1.6197957535019025,7.9136
301.0,4.208909319899515,4.200533515268324,-0.00837580463119103,-0.19900178394413587,29274.41583387728,29286.442100706143,12.0262668288633,0.04108115050735231,3.385672444156976e6,3.3109843214103435e6,-74688.12274663243,-2.2060055713756324,-2.9379
302.0,4.100742985499621,4.098876173744598,-0.0018668117550229013,-0.04552374439519903,29291.38100575201,29304.528209610322,13.147203858312423,0.044884206230258246,2.9475069183710003e6,2.853913990001272e6,-93592.92836972838,-3.1753251463597727,0.26072
303.0,4.067884212034957,4.068708079274465,0.0008238672395082247,0.02025296681431563,29339.04030338433,29351.460248051386,12.41994466705728,0.042332484425622506,1.939579299933697e6,1.8641162890012742e6,-75463.01093242294,-3.890689642594277,1.1932
304.0,4.086138020021527,4.086053346459487,-8.467356204011622e-5,-0.0020722149282581047,29334.948677651082,29346.85259390068,11.903916249597387,0.04057929802572459,2.0079501290909597e6,1.9449541381516578e6,-62995.990939301904,-3.1373284638210355,0.72206
305.0,4.033325762752079,4.036371314317811,0.003045551565731941,0.07550968468398285,29333.707832625958,29345.25765079411,11.549818168150523,0.03937387743156158,2.0054528722315526e6,1.9509488996932507e6,-54503.972538301954,-2.717788749513374,2.3667
306.0,4.046025072923606,4.048148917269509,0.0021238443459026257,0.05249212023216561,29326.6629237566,29338.037170202355,11.37424644575367,0.0387846598002794,2.112871704763357e6,2.0629202391333221e6,-49951.465630034916,-2.3641504364615225,1.9156
307.0,4.07650499695406,4.076739070950155,0.00023407399609531865,0.005742026472927602,29315.35890781313,29326.645644495813,11.286736682683113,0.0385011035279359,2.2952330814781426e6,2.2479393797098533e6,-47293.70176828932,-2.0605184784907298,0.97617
308.0,4.1412719156422515,4.13863937373032,-0.0026325419119315185,-0.0635684390099569,29317.462246250543,29328.626114063853,11.16386781330948,0.03807924341997659,2.2029579606024255e6,2.1589530028792014e6,-44004.95772322407,-1.997539604032679,-0.62823
309.0,4.1065896054085025,4.1058453250771105,-0.0007442803313919555,-0.018124049464590175,29333.924215021994,29344.951171592675,11.02695657068034,0.03759114017562438,1.835390750220443e6,1.794832133280444e6,-40558.61693999893,-2.209808289331717,0.24381
310.0,4.098801573270348,4.098640294481999,-0.00016127878834915066,-0.003934779116922941,29346.859190974264,29357.718315270406,10.85912429614109,0.03700267965807003,1.5582837451814718e6,1.5216536349445223e6,-36630.11023694952,-2.350670110640454,0.46769
311.0,4.073303975169896,4.074386277609285,0.0010823024393893377,0.026570627824165645,29347.41867427681,29358.08199154519,10.663317268379615,0.03633477065472227,1.5362929134649877e6,1.5039906901669276e6,-32302.22329806001,-2.102608364260751,1.156
312.0,4.09086853878079,4.091028017923717,0.0001594791429271325,0.003898417693340554,29343.503867946878,29353.983387595883,10.479519649004942,0.035713252569173085,1.59806886993249e6,1.5696935858387558e6,-28375.28409373411,-1.7755983254296681,0.69207
313.0,4.06593458482075,4.0673233898714205,0.0013888050506700722,0.034157092833093344,29340.867156321674,29351.20065478747,10.333498465795856,0.03521879026526807,1.6277508350252195e6,1.6024303253490496e6,-25320.509676169837,-1.5555519389905603,1.3812
314.0,4.073840969041931,4.074768248444203,0.0009272794022718855,0.022761796774064043,29338.031946483243,29348.249097471013,10.217150987769855,0.0348256181819128,1.65814880641418e6,1.6352248584877022e6,-22923.947926477762,-1.3825024532057417,1.1527
315.0,4.058080879639895,4.059806584119741,0.001725704479846435,0.04252513764584136,29333.15549166595,29343.275346869348,10.119855203396583,0.03449971553954297,1.7260895629200242e6,1.705144837217315e6,-20944.725702709053,-1.2134205636048734,1.6173
316.0,4.013685967833869,4.018454652616605,0.004768684782736621,0.11881061002164588,29328.49647521041,29338.544504158202,10.048028947792773,0.03426029341901573,1.785401679567185e6,1.7659076473456882e6,-19494.032221496804,-1.09185694427164,3.2663
317.0,4.034710653342844,4.037569671562324,0.0028590182194800917,0.07086055147749774,29311.82535641349,29321.87452942032,10.049173006831552,0.03428368204518103,2.0777968989641464e6,2.0583122423483778e6,-19484.65661576856,-0.9377555922565067,2.3718
318.0,4.003953445213936,4.00893896153712,0.004985516323183781,0.12451484242762964,29296.971648796185,29307.087701109078,10.116052312892862,0.034529344650912175,2.318091633503173e6,2.2973905335477814e6,-20701.099955391604,-0.893023366988623,3.5953
319.0,3.991022338925102,3.9969233099923454,0.005900971067243521,0.14785612723061892,29284.364316366093,29294.693025451477,10.328709085384617,0.035270388572553824,2.503835734053986e6,2.4791683729046257e6,-24667.361149360426,-0.9851828861560836,4.151
320.0,4.0029511434585165,4.007412274651076,0.004461131192559087,0.11144605648883105,29263.657070515874,29274.396837815806,10.739767299932282,0.03670001761588767,2.8426541996717383e6,2.8103696385483425e6,-32284.561123395804,-1.1357189040835123,3.4975
321.0,3.965516088203987,3.973222864765347,0.007706776561360318,0.19434485675862626,29249.606351002098,29260.767894133754,11.1615431316568,0.03815963537326171,3.0355474232976185e6,2.995851339496006e6,-39696.08380161272,-1.3077075817346158,5.3167
322.0,3.9851642159925444,3.9906351293665807,0.005470913374036268,0.13728200589780926,29230.931174777525,29242.83473094593,11.903556168406794,0.040722466544883824,3.314826994026117e6,3.2617582377672223e6,-53068.75625889469,-1.6009510105514897,4.1756
323.0,3.992272559032856,3.9967978447748593,0.004525285742003504,0.11335112207618843,29212.44431376913,29225.137516113275,12.693202344144083,0.043451353155549564,3.5802728984707077e6,3.513540611583366e6,-66732.28688734164,-1.8638882783445345,3.7387
324.0,4.142491303428147,4.1383094177445505,-0.0041818856835966756,-0.10095098280920775,29206.26521895514,29219.429732853703,13.16451389856229,0.04507428046643361,3.595264301389794e6,3.5216979425829793e6,-73566.35880681453,-2.0462016875470477,-0.94696
325.0,4.200625788452939,4.193213588429522,-0.007412200023416915,-0.17645466167903465,29230.47457552681,29243.66784654187,13.193271015061327,0.0451353295033649,3.0192315866072453e6,2.947650875043807e6,-71580.71156343818,-2.3708254736389556,-2.8522
326.0,4.0956494536105765,4.0952694780015335,-0.0003799756090430151,-0.009277542263975798,29282.754794321856,29295.78010210194,13.025307780084404,0.04448115579142884,1.929594092285491e6,1.863514937264736e6,-66079.15502075502,-3.4245106411208037,0.33794
327.0,4.006732449145133,4.012056681317763,0.005324232172630339,0.13288214873858883,29301.78995938047,29314.57026787785,12.780308497382066,0.04361613578931095,1.5539301402005227e6,1.4944224365441755e6,-59507.703656347236,-3.829496713968636,3.3004
328.0,3.984099496049286,3.9909481155345468,0.00684861948526061,0.17189880654466186,29276.479184897355,29288.834881418537,12.355696521182836,0.04220349189924682,2.0587041084475054e6,2.0088830978894436e6,-49821.01055806177,-2.4200180275363814,4.3626
329.0,4.026683418906704,4.029414980898856,0.002731561992152187,0.06783652221891934,29242.411353287505,29254.70868559166,12.297332304155134,0.04205307201101471,2.6952103977785306e6,2.64734134209197e6,-47869.05568656046,-1.7760786217660596,2.4058
330.0,3.9837419047306932,3.9897721113427225,0.006030206612029243,0.1513704139534836,29228.910670348192,29241.296636105446,12.38596575725387,0.042375735096481175,2.889780660034851e6,2.840972491071084e6,-48808.16896376712,-1.6889921660413663,4.2276
331.0,4.022253619583359,4.025002314027706,0.0027486944443468886,0.06833717374170974,29218.205355967177,29230.86964991357,12.664293946392718,0.04334384604428251,3.0244137457343643e6,2.971065180550297e6,-53348.56518406747,-1.7639307868941652,2.4839
332.0,4.020685343195716,4.023439818539934,0.0027544753442185765,0.06850760776095123,29208.110218100264,29221.020884005942,12.910665905677888,0.04420233219223183,3.1443821698680692e6,3.0874131128876875e6,-56969.05698038172,-1.811772675926731,2.505
333.0,4.050095742805236,4.051088957547812,0.0009932147425759652,0.024523241070050123,29209.271090528597,29222.214370633916,12.94328010531899,0.04431223245935768,3.0404045154308695e6,2.9841933121443605e6,-56211.20328650903,-1.8488067295395094,1.4794
334.0,4.019839781151147,4.0229660023674265,0.003126221216279923,0.07776979647145735,29212.746256753107,29225.678251063895,12.931994310787559,0.044268327931674935,2.9009734096769094e6,2.846280617477208e6,-54692.79219970154,-1.88532552615823,2.5263
335.0,4.0496204484804785,4.050882047619692,0.0012615991392133097,0.031153515626055624,29212.30648950035,29225.199918176102,12.893428675750329,0.04413697590220942,2.8479446105982107e6,2.795193949099101e6,-52750.661499109585,-1.8522362163507566,1.4955
336.0,4.122083058930051,4.119888238712872,-0.002194820217178872,-0.05324541465568069,29210.725444277952,29223.574045213736,12.848600935783907,0.04398590154939408,2.8199652920730393e6,2.769166189393437e6,-50799.102679602336,-1.8014087911790724,-0.40618
337.0,4.05165151244399,4.053198199697205,0.001546687253214607,0.038174241996484844,29228.18645955547,29240.886421473486,12.699961918016925,0.043451077389254064,2.4186431423317567e6,2.371742307723717e6,-46900.83460803982,-1.9391382625724534,1.4633
338.0,4.090374166462694,4.090138518802958,-0.00023564765973560498,-0.005761029435099093,29236.597801116823,29249.138616289132,12.540815172309522,0.0428942357028644,2.218252797363158e6,2.1752599256237475e6,-42992.87173941033,-1.938141215938781,0.42687
339.0,4.091347101862837,4.091076805309919,-0.00027029655291777033,-0.006606541713234284,29236.390400824344,29248.744509383763,12.354108559418819,0.042255929648108974,2.1942978942111367e6,2.155585206783472e6,-38712.68742766464,-1.764240285231741,0.41621
340.0,4.14682308510281,4.144161706946115,-0.002661378156694205,-0.06417872434093057,29244.528972472264,29256.698280785607,12.169308313343208,0.04161225617549908,2.0029235978728314e6,1.968279822193819e6,-34643.775679012295,-1.7296603682639262,-0.94842
341.0,4.1484554610861215,4.145956838993212,-0.0024986220929097414,-0.060230177625085764,29259.040356293357,29271.034856580733,11.994500287375558,0.04099416843927914,1.694467915645618e6,1.6635522507934675e6,-30915.664852150483,-1.824505767662833,-0.95058
342.0,4.20686297405808,4.20086602711313,-0.005996946944949677,-0.14255151598543328,29277.571080769223,29289.35781721471,11.786736445486895,0.040258587069843824,1.3208932150353852e6,1.2942378375447665e6,-26655.377490618732,-2.017981255956763,-2.8125
343.0,4.186195821137866,4.182182416799232,-0.0040134043386341745,-0.09587235070009878,29302.685728763598,29314.10790951078,11.42218074718403,0.038979979012544866,833627.3786841847,814171.5735196784,-19455.80516450631,-2.3338731022985075,-1.9414
344.0,4.1933502967302845,4.189255039549163,-0.004095257181121248,-0.09766074597475141,29326.461928692897,29337.443586748173,10.981658055276057,0.037446242516324973,393245.84654073144,382177.4827800556,-11068.363760675828,-2.8146168250830828,-2.0775
345.0,4.24667346808,4.238379329138956,-0.008294138941043805,-0.19530908141128495,29338.962991093624,29349.50610468838,10.543113594754686,0.03593553595590696,189986.29626057687,186930.0458880697,-3056.250372507173,-1.6086688527868105,-4.2071
346.0,4.167680533024062,4.16576278657807,-0.0019177464459918525,-0.04601471803790918,29366.15077656386,29375.86410953763,9.713332973769866,0.033076629782619486,-301402.3803884001,-289031.1861644484,-12371.194223951723,4.104544299885644,-1.091
347.0,4.06339134403673,4.066354298826239,0.0029629547895089203,0.07291827290662599,29378.50602304297,29387.677263676345,9.171240633375419,0.031217518774378707,-481654.3079914497,-460205.2281409902,-21449.07985045953,4.453210423862811,1.6593
348.0,4.1342180546213,4.133363880133384,-0.0008541744879160262,-0.020661089391770596,29351.401849805097,29360.447411636564,9.04556183146633,0.03081815947924271,112866.21626759408,134977.5860935076,22111.369825913513,19.590777964497143,-0.19359
349.0,4.101529603666282,4.101694705913588,0.00016510224730659218,0.004025382314905403,29335.64988720235,29344.589393300233,8.939506097882258,0.0304731823983968,440109.77264400135,462742.94235150027,22633.16970749892,5.142619208732404,0.5667
350.0,4.0627484369177775,4.064779904320971,0.0020314674031931546,0.050002293637809794,29334.559509647628,29343.57217614316,9.012666495531448,0.030723715120274223,460548.5018023422,480337.337973102,19788.83617075981,4.296797425964218,1.6394
351.0,4.091909816927513,4.09214531286344,0.00023549593592697704,0.005755159484521669,29320.435333576832,29329.398134210525,8.962800633693405,0.030568443243506317,738806.4536860866,758473.9049604255,19667.451274338877,2.6620573191007115,0.78484
352.0,4.019718071624038,4.02420348598044,0.004485414356401485,0.11158529718949411,29311.007922338817,29319.95327642112,8.94535408230513,0.03051875290677944,909311.5778943922,928296.6146896636,18985.036795271444,2.0878472524493,3.174
353.0,4.058191118489145,4.0596781987505315,0.001487080261386886,0.03664391887833323,29294.7361142031,29303.711649833433,8.97553563033216,0.030638731802675328,1.2076560265389518e6,1.2251237033202362e6,17467.67678128439,1.4464115938166096,1.6874
354.0,4.020150346608954,4.023937923644134,0.0037875770351796234,0.09421481060713291,29278.18572307089,29287.223524729285,9.037801658396347,0.030868721661515587,1.4973876648628034e6,1.512841151036362e6,15453.486173558515,1.0320297499561961,3.0325
355.0,4.076198207481266,4.0762527669220585,5.455944079280073e-5,0.001338488415324477,29267.24443599584,29276.498680184726,9.254244188887242,0.03161980011177762,1.664984766736662e6,1.6755348424554258e6,10550.07571876375,0.6336439785837618,1.0654
356.0,4.046123147526064,4.047822629731012,0.0016994822049483105,0.04200273058884604,29261.873630821876,29271.331307981767,9.457677159891318,0.03232081882114834,1.719279446411125e6,1.7254738405531694e6,6194.394142044475,0.3602901293896602,1.9606
357.0,4.118251036299788,4.116479121739985,-0.0017719145598027453,-0.043025899688591954,29262.276329641594,29271.895259556255,9.61892991466084,0.03287143421893403,1.6621611143494016e6,1.665043153872723e6,2882.0395233214367,0.17339110501628577,-0.023889
358.0,4.083335701890453,4.083190972058362,-0.00014472983209135037,-0.003544401995269336,29267.20704366737,29276.94122970599,9.734186038618645,0.03325970265661157,1.5231005674693224e6,1.523707297427848e6,606.729958525626,0.039835186952475905,0.83956
359.0,4.083997076490502,4.084004405718772,7.329228269625787e-6,0.00017946213311014432,29275.467539601494,29285.24006930798,9.772529706486239,0.033381293375645486,1.32843204664762e6,1.3283449860793091e6,-87.06056831078604,-0.006553633550958723,0.83676
360.0,4.144446825801957,4.141863101191316,-0.0025837246106412692,-0.06234184486469589,29273.3798613841,29283.16598612817,9.786124744070548,0.03343011565596458,1.3483464436610865e6,1.348035001126589e6,-311.4425344974734,-0.023098109240517712,-0.63943
361.0,4.133167624030225,4.131260304449747,-0.0019073195804777399,-0.04614667862461201,29282.748893324268,29292.52645022295,9.777556898683542,0.03339016065159299,1.139772705906014e6,1.139647449705674e6,-125.25620033987798,-0.010989577105227386,-0.34073
362.0,4.105155359788072,4.104607509922318,-0.0005478498657538466,-0.0133454112631228,29295.546839388957,29305.298993414446,9.75215402548929,0.03328886154252344,875271.6089115301,875629.4307844042,357.8218728740467,0.04088123837571136,0.35759
363.0,4.115052328808967,4.114100478757568,-0.0009518500513987505,-0.02313093431971611,29296.32543709827,29306.015265326412,9.689828228143597,0.03307523412432215,859791.3160066785,861317.7604043103,1526.4443976317998,0.17753661489876493,0.13671
364.0,4.059319458251375,4.060973327168881,0.001653868917506074,0.04074251692963597,29295.238412190218,29304.85944745911,9.62103526889041,0.0328416349903708,877400.377425834,880151.4358094168,2751.0583835828584,0.31354652384058307,1.6315
365.0,4.0520573340269435,4.054002722791427,0.001945388764483802,0.04800990223281146,29287.16363719195,29296.72404927929,9.560412087343138,0.03264369402847298,1.0287111114115608e6,1.0324653723359671e6,3754.2609244063497,0.36494802892280287,1.8602
366.0,4.1139812503011495,4.112655048265229,-0.0013262020359201543,-0.032236462813802914,29271.792638554558,29281.323196856632,9.530558302074496,0.03255884741927823,1.3131584121165485e6,1.3172710562976256e6,4112.644181077136,0.3131872090320296,0.14178
367.0,4.057635673791285,4.059020230061271,0.0013845562699854597,0.034122242145307936,29272.79680561708,29282.35747285917,9.560667242090858,0.032660586911382135,1.2596609135681791e6,1.2629548693638279e6,3293.9557956487406,0.2614954358088412,1.6434
368.0,4.032235786029722,4.035280512270487,0.0030447262407644615,0.07550962796653327,29272.580694133194,29282.19290593849,9.612211805295374,0.03283691282887761,1.2366188946034706e6,1.2387393576947737e6,2120.4630913031287,0.1714726421015157,2.5283
369.0,4.042177105701023,4.044245148431127,0.0020680427301043025,0.0511616061351584,29255.80369589105,29265.477616729666,9.67392083861705,0.033066672647847115,1.541564338576317e6,1.5423817841969621e6,817.4456206450704,0.05302701938473791,2.1238
370.0,4.046783950587305,4.0483614725564,0.001577521969094775,0.038982114893132136,29242.997628409412,29252.7806334428,9.783005033386871,0.03345417989530162,1.7509848369648706e6,1.7496331782784995e6,-1351.6586863710545,-0.07719419710761163,1.9253
371.0,4.059280319477973,4.060065022789082,0.0007847033111092472,0.019331094414542938,29237.382265157456,29247.31489954131,9.932634383854747,0.03397237924303363,1.8105619802963983e6,1.806352657312402e6,-4209.322983996244,-0.23248709681328647,1.4972
372.0,4.04477669934874,4.046452708047219,0.0016760086984781708,0.04143637147504407,29235.396826973447,29245.456357767885,10.059530794438615,0.03440873696353385,1.7997071160027115e6,1.7932211167552634e6,-6485.999247448053,-0.3603919320969269,1.9517
373.0,4.043826482525094,4.045548215943825,0.0017217334187309419,0.04257683721522682,29231.69780228929,29241.87154869159,10.173746402299003,0.034803816292539265,1.8263937509525297e6,1.8179633303371007e6,-8430.420615429059,-0.46158834101530916,1.9695
374.0,4.097800429866341,4.09667316134412,-0.0011272685222207812,-0.027509112303391252,29224.833769919365,29235.12975352376,10.295983604395587,0.03523025549248144,1.915664520991878e6,1.905191391573698e6,-10473.129418179858,-0.5467099955871795,0.41043
375.0,4.0191032550094326,4.022618104893353,0.00351484988392059,0.08745358506377415,29229.559966063087,29239.90443538333,10.344469320243661,0.03539043807793919,1.7734859070930996e6,1.7624863561300982e6,-10999.550963001326,-0.6202220676808514,2.8783
376.0,4.071061173059395,4.071251729607553,0.00019055654815858247,0.004680758653778214,29224.416542278588,29234.873621750132,10.457079471543693,0.0357819957035432,1.835879729010576e6,1.8230680802758378e6,-12811.648734738119,-0.6978479326444109,1.1003
377.0,4.070473875491023,4.07059589322027,0.00012201772924758103,0.0029976295876081994,29216.193802191778,29226.74508811625,10.551285924473632,0.03611451236910292,1.954988278298342e6,1.9407910629772039e6,-14197.215321138036,-0.7262046263262282,1.1003
378.0,4.02879276622988,4.031597190989007,0.002804424759127677,0.0696095560594456,29221.688209454547,29232.23469781517,10.546488360621879,0.03609130411982703,1.7983330197537076e6,1.7847304787396342e6,-13602.541014073417,-0.756397222575403,2.4667
379.0,4.040202349545564,4.042130754658601,0.001928405113036824,0.047730409177494,29213.94247773004,29224.576415902717,10.633938172675698,0.036400216029664645,1.913188555275647e6,1.8982858906052639e6,-14902.664670383092,-0.7789438541898427,2.0372
380.0,4.052866578360848,4.0538746926301785,0.0010081142693305623,0.024874104534136594,29203.07414074409,29213.80826500467,10.734124260579847,0.03675682980787153,2.082187483623749e6,2.0657857286293022e6,-16401.754994446877,-0.7877174905451824,1.5935
381.0,4.045122067911988,4.046627432586209,0.0015053646742204663,0.0372143200859574,29201.20385464029,29212.003358017948,10.799503377656947,0.03698307587391067,2.0656618343353574e6,2.0484994426033427e6,-17162.391732014716,-0.8308422727642082,1.8329
382.0,4.118654029910763,4.1166667038378435,-0.0019873260729195152,-0.04825183320781556,29199.154567269874,29210.026140765658,10.871573495784105,0.037232494080394876,2.0563449967589574e6,2.0382955421584637e6,-18049.454600493656,-0.8777444752189797,-0.15832
383.0,4.045666198494858,4.047360791001174,0.001694592506316539,0.041886612072617166,29208.11522465452,29218.992760049074,10.877535394552979,0.03724148344009294,1.8324624988250919e6,1.8148441038395765e6,-17618.39498551539,-0.9614600569895245,1.8201
384.0,4.094479637419901,4.093786339575495,-0.000693297844405194,-0.016932501948942878,29211.550333729057,29222.40990391498,10.859570185923076,0.03717560369736383,1.731156521329415e6,1.7143818997535813e6,-16774.621575833764,-0.968983530325262,0.44887
385.0,4.11986488833392,4.118107875382394,-0.0017570129515256383,-0.04264734400637535,29209.193611416238,29220.02162572346,10.828014307222475,0.03707056912036904,1.7477590826403913e6,1.7320282285786706e6,-15730.85406172066,-0.9000584930707723,-0.16389
386.0,4.054841931116937,4.0563061506459634,0.0014642195290264226,0.03611039724606706,29221.301858802857,29232.05421306579,10.752354262931476,0.03679628756749711,1.476998889056624e6,1.4631140556694125e6,-13884.83338721143,-0.940070672367251,1.5661
387.0,4.05491381923709,4.056353388690741,0.0014395694536508685,0.035501850787095536,29219.944413583104,29230.63643441539,10.692020832288108,0.036591516674199576,1.4860104112571806e6,1.4735682498715837e6,-12442.161385596963,-0.837286286242824,1.5739
388.0,4.114215460682752,4.112724139597245,-0.0014913210855072023,-0.036248006448833824,29208.549344689083,29219.18358307754,10.63423838845847,0.03640796488372014,1.68828786192192e6,1.6771735150089334e6,-11114.346912986599,-0.658320607738908,-0.0085663
389.0,4.096545190423372,4.095883866608203,-0.0006613238151693679,-0.01614345221225354,29213.218885009897,29223.813997304365,10.595112294467981,0.036268212469748144,1.5610584639484081e6,1.5508528799197823e6,-10205.58402862586,-0.6537605262273604,0.42601
390.0,4.029724379605444,4.032858736728926,0.00313435712348209,0.0777809306101719,29222.061531577117,29232.619220064174,10.557688487057021,0.03612917068033845,1.3603477530136842e6,1.3509937936524507e6,-9353.959361233516,-0.6876153057562643,2.4615
391.0,4.087529446976835,4.087211144280231,-0.0003183026966038227,-0.007787165835324846,29210.370305125114,29220.88790583582,10.517600710707484,0.03600639293799749,1.5740577260405275e6,1.565583323684521e6,-8474.402356006438,-0.5383793882403171,0.66037
392.0,4.087289198557567,4.086881678210173,-0.00040752034739366394,-0.00997043095305027,29203.280772565646,29213.76984577188,10.489073206234025,0.03591744807003926,1.681920142512876e6,1.6740701099728765e6,-7850.032539999578,-0.4667303959075739,0.65518
393.0,4.0415942054739205,4.043771544551315,0.002177339077394258,0.05387327293881405,29210.07520145891,29220.55616350453,10.480962045621709,0.03588132510216281,1.5113316033917097e6,1.5036936691720525e6,-7637.934219657211,-0.5053777875428703,2.0145
394.0,4.0476130162055615,4.049309095652849,0.0016960794472877794,0.04190320172647756,29203.40372285783,29213.888458109795,10.484735251964594,0.035902442576438695,1.6169541541607296e6,1.6093049668056797e6,-7649.187355049886,-0.47306148633633655,1.8031
395.0,4.069124081764789,4.069457561570547,0.0003334798057581523,0.008195370774083676,29192.17366652482,29202.66923857491,10.495572050087503,0.03595337630552315,1.8048004757551472e6,1.7970173225578417e6,-7783.15319730551,-0.4312472930864537,1.1263
396.0,4.068859474227512,4.069228043461744,0.00036856923423211896,0.009058293523447211,29190.86734706795,29201.3909678188,10.523620750849659,0.03605107250061446,1.7871457657464184e6,1.7789089527796e6,-8236.812966818456,-0.4608920617831234,1.1263
397.0,4.01536131671598,4.019188177445211,0.0038268607292311074,0.09530551368565157,29192.577341413205,29203.1283760712,10.551034657994023,0.03614286787561612,1.7136101011784144e6,1.7049659246162733e6,-8644.176562141161,-0.5044424374130813,2.9716
398.0,4.084378125058636,4.083888313428746,-0.0004898116298903687,-0.011992318411590182,29180.474357091356,29191.11004210665,10.635685015295167,0.03644795106872727,1.917028236558992e6,1.9068747456022266e6,-10153.490956765367,-0.5296474388395331,0.68939
399.0,4.059080035681269,4.059800373470706,0.000720337789436698,0.01774633126483296,29176.144262398597,29186.841079389134,10.696816990537627,0.03666288764661541,1.95557015719527e6,1.9444541827800781e6,-11115.974415191915,-0.5684262655723248,1.3775
400.0,4.0841797783403315,4.083824105710429,-0.00035567262990277015,-0.008708544902675737,29181.783611975403,29192.49871194035,10.715099964945694,0.03671845459284576,1.7981889833989725e6,1.786992241003506e6,-11196.74239546666,-0.6226677228498172,0.68671
401.0,4.051996071010867,4.053324354057245,0.001328283046377443,0.03278095593133364,29183.04722332841,29193.77437112064,10.727147792229516,0.03675814835283693,1.737753888318248e6,1.726584710294842e6,-11169.178023406072,-0.642736471400752,1.6054
402.0,4.044636419640605,4.046411809975361,0.0017753903347568212,0.043894930237377866,29181.713953302355,29192.42869580262,10.714742500265857,0.03671731728099308,1.7311620446154494e6,1.7204879394921132e6,-10674.105123336194,-0.6165861339518497,1.8458
403.0,4.058532576446569,4.059378942645198,0.0008463661986288784,0.02085399544507071,29172.98221639508,29183.712757815883,10.730541420802183,0.036782463106468655,1.869543981578492e6,1.858773883310296e6,-10770.098268195987,-0.5760815671799593,1.3922
404.0,4.11119105181044,4.109626961650634,-0.0015640901598059642,-0.03804469653914983,29169.08063014942,29179.831593029387,10.750962879967119,0.03685739367751903,1.904409849908903e6,1.8934588382720584e6,-10951.011636844603,-0.5750343938500655,0.0053429
405.0,4.0376668167093515,4.039912400417483,0.002245583708131882,0.055615874465887824,29177.729488894027,29188.481463382417,10.75197448839026,0.03684993547041693,1.6917972967736893e6,1.6810568944250378e6,-10740.40234865155,-0.6348516083536625,2.074
406.0,4.03077151993916,4.033472265085062,0.002700745145902239,0.06700318121586321,29176.569219580022,29187.322875627084,10.753656047061668,0.036857164274972494,1.685555984543178e6,1.6749979307130824e6,-10558.053830095567,-0.6263840493531294,2.3266
407.0,4.049798125818432,4.051035286351069,0.001237160532636672,0.030548696359689573,29160.68624998889,29171.466516824552,10.780266835663497,0.03696849499098329,1.9673964716044096e6,1.9565187340444266e6,-10877.737559983041,-0.552900125469487,1.6454
408.0,4.016390473468717,4.019801634106574,0.003411160637856625,0.08493100111629856,29154.525715475116,29165.35031857118,10.824603096065402,0.03712838000420546,2.0407332722589157e6,2.0292065869766672e6,-11526.685282248538,-0.564830565509891,2.8354
409.0,4.089475504832206,4.08858712854462,-0.000888376287585757,-0.021723477412593225,29145.856481585324,29156.81684095434,10.96035936901535,0.037605205995371,2.161874030829585e6,2.1479352037945846e6,-13938.827035000548,-0.6447566711207379,0.49679
410.0,4.063123200987819,4.063535330797056,0.00041212980923699405,0.010143177768687835,29146.75283192027,29157.792913373953,11.040081453684252,0.0378775691321389,2.0900806025040946e6,2.074963011877176e6,-15117.59062691871,-0.7233018003615052,1.1966
411.0,4.080758378225062,4.0805290499059,-0.00022932831916211427,-0.005619747554420541,29155.256382788328,29166.286178716655,11.029795928327076,0.03783124313335987,1.8755568548494985e6,1.8610675033045632e6,-14489.351544935256,-0.7725359808459624,0.72483
412.0,4.072421237785322,4.072635053083073,0.00021381529775066355,0.005250323708333799,29156.8739911752,29167.889550756754,11.015559581552225,0.03778031755011275,1.8096958178463413e6,1.7958451011952523e6,-13850.716651089024,-0.765361588091213,0.95438
413.0,4.072855185810911,4.073118030408898,0.00026284459798642246,0.006453570922485173,29159.287838396544,29170.25449194257,10.966653546027374,0.03760946977445257,1.7301920643756478e6,1.7176132469551929e6,-12578.817420454929,-0.7270185593524893,0.9513
414.0,4.016635057932799,4.020331646836836,0.0036965889040372346,0.09203198325764056,29158.933176153332,29169.85564182168,10.922465668347286,0.037458385745332626,1.708237900938392e6,1.6967626573231008e6,-11475.243615291081,-0.6717591038688082,2.8354
415.0,4.047833875046891,4.0492389976983425,0.0014051226514517623,0.03471295252786245,29146.772562880327,29157.705144181877,10.932581301549362,0.037508719972215644,1.9180340071963586e6,1.9065407959192926e6,-11493.211277066031,-0.5992183263666928,1.682
416.0,4.032820412107218,4.034993348558984,0.0021729364517666383,0.0538813095976977,29135.236068164384,29146.210717425234,10.974649260850128,0.037667960661701846,2.102160647468135e6,2.0900380840957598e6,-12122.563372375444,-0.5766715967676395,2.1679
417.0,4.1465388078059275,4.143262628208112,-0.003276179597815343,-0.07900998277522162,29131.468495627054,29142.514539803946,11.046044176891883,0.037917910587137116,2.1244927454772876e6,2.111208936244523e6,-13283.809232764412,-0.6252696913672011,-0.95265
418.0,4.115531555641281,4.113895790744322,-0.0016357648969593797,-0.03974613910363992,29144.963011915286,29156.058429243894,11.095417328608164,0.038069759512379696,1.8089693857357737e6,1.795024148789879e6,-13945.23694589478,-0.7708940270552309,-0.14664
419.0,4.117302645961361,4.115958421644858,-0.001344224316503606,-0.03264817848214651,29165.687028469252,29176.728519425717,11.041490956464258,0.03785781197503224,1.3714566007064418e6,1.3589082839932297e6,-12548.316713212058,-0.9149627269830032,-0.15257
420.0,4.111981750361834,4.110926059664456,-0.0010556906973784308,-0.025673525843968915,29171.57007123532,29182.503043419198,10.9329721838767,0.03747817535079189,1.2487453974491088e6,1.2385722535127774e6,-10173.143936331384,-0.8146691837353481,0.00062616
421.0,4.0605358920409325,4.06181536228586,0.001279470244927694,0.03150988635356203,29176.031734292123,29186.83515560922,10.803421317097673,0.03702841227856166,1.1549688408333666e6,1.1474533055279895e6,-7515.535305377096,-0.6507132521388429,1.363
422.0,4.039131823755338,4.041546396334002,0.002414572578664398,0.05977949430775141,29169.905789283548,29180.585822112298,10.680032828749972,0.036613189311957284,1.2701928479957143e6,1.2650881899431837e6,-5104.658052530605,-0.4018805538533334,2.0601
423.0,4.125374514273844,4.123450064662576,-0.001924449611268031,-0.04664908857630775,29154.362277473978,29164.945474811368,10.58319733738972,0.036300561942206475,1.5600519931546736e6,1.556739853083741e6,-3312.1400709326845,-0.21230959515874914,-0.31705
424.0,4.014775001121296,4.018696416287254,0.003921415165957676,0.09767459359148281,29157.468102778017,29168.023252531966,10.555149753949081,0.03620050176079392,1.4651972497722404e6,1.462273425395834e6,-2923.824376406381,-0.19955158780572915,2.9716
425.0,4.131531624775893,4.129315736970638,-0.0022158878052547237,-0.05363356756043034,29151.774766406917,29162.361304190094,10.586537783176027,0.03631524278712333,1.551220648324835e6,1.5475456810706125e6,-3674.9672542226035,-0.23690809287455042,-0.47505
426.0,4.059852712313612,4.060700762821275,0.0008480505076633449,0.020888701333700882,29149.270881143933,29159.866682449712,10.595801305778878,0.03635014182338634,1.5693224733556423e6,1.5654107850241978e6,-3911.688331444515,-0.2492596899527126,1.3558
427.0,4.155776174260643,4.152569376891751,-0.003206797368891401,-0.07716482395642793,29157.00957867793,29167.59848781528,10.588909137350129,0.036316855844824476,1.3857660147195451e6,1.3819653180671665e6,-3800.696652378654,-0.2742668395679951,-1.1047
428.0,4.09593529711573,4.095394329538933,-0.0005409675767973354,-0.01320742486284569,29164.588258743806,29175.14809435757,10.559835613763425,0.03620773082780447,1.2165883718297533e6,1.213339892024599e6,-3248.4798051542602,-0.2670155231114477,0.41485
429.0,4.121445248012206,4.120064770304002,-0.00138047770820382,-0.033494990837731775,29175.223672529177,29185.715352861313,10.49168033213573,0.03596092509828636,995294.4146362552,993346.0302992109,-1948.384337044321,-0.19575959719982816,-0.17703
430.0,4.064760885585524,4.065781817028503,0.0010209314429792116,0.025116642078495788,29175.374192961273,29185.78787426754,10.413681306265062,0.03569339415285862,990142.3875674633,989627.1051186911,-515.2824487722246,-0.052041247323846726,1.2852
431.0,4.0808112932362155,4.08097568441055,0.00016439117433453276,0.004028394417722884,29171.259240100506,29181.581542210166,10.322302109660086,0.03538517835208996,1.0649718954204004e6,1.0660941078388165e6,1122.2124184160493,0.10537483883300536,0.84237
432.0,4.115655933870078,4.114257814273835,-0.0013981195962431414,-0.033970759915502614,29162.921916488383,29173.1825491987,10.260632710316713,0.03518382945199832,1.2159881595949077e6,1.2180999347779516e6,2111.7751830439083,0.17366741331983215,-0.029129
433.0,4.107896780658316,4.10687913773534,-0.0010176429229762363,-0.024772845504972805,29167.32488084582,29177.564727634242,10.239846788423165,0.035107253854287035,1.106873477974664e6,1.1091524864969656e6,2279.0085223016795,0.2058960276536543,0.16447
434.0,4.059063341105102,4.060334191673278,0.0012708505681766624,0.03130896124007433,29173.368860416453,29183.590099331068,10.221238914615242,0.0350361967571178,972811.9532352,975242.3832686032,2430.430033403216,0.24983554378834846,1.4748
435.0,4.066118633846037,4.06688803183192,0.0007693979858824918,0.01892217259668929,29166.54449444986,29176.71501838588,10.17052393601989,0.034870513844913145,1.0985999538929695e6,1.1018293152558408e6,3229.3613628712483,0.2939524393231376,1.2612
436.0,4.0732664101946225,4.073514591891532,0.00024818169690909997,0.006092940454077536,29156.16634446328,29166.29968995661,10.133345493330125,0.03475541116623666,1.2847560252940382e6,1.2884901927205564e6,3734.1674265181646,0.2906518710946335,1.0436
437.0,4.10754066833387,4.106304101631561,-0.0012365667023095384,-0.030104795111161327,29152.924525836203,29163.072472164935,10.14794632873236,0.03480935958839719,1.3198861739847397e6,1.3231011933999115e6,3215.019415171817,0.2435830815217698,0.16268
438.0,4.09022301588068,4.08976585283856,-0.0004571630421201789,-0.011176971044004199,29157.08874003079,29167.26382100453,10.175080973738659,0.03489745174650764,1.209322757693708e6,1.2118255050138559e6,2502.7473201479297,0.20695445481576016,0.59278
439.0,4.12904850983615,4.127136163473125,-0.0019123463630252857,-0.04631445618693329,29161.143454163917,29171.323896625876,10.180442461958592,0.034910985153790076,1.1086528512570944e6,1.1109235424754834e6,2270.6912183889654,0.20481535007231913,-0.34126
440.0,4.0533569389302375,4.054861307721695,0.0015043687914575443,0.037114145487877455,29166.544026885724,29176.70353802712,10.159511141395342,0.034832756092152375,986788.613330488,989359.2139850021,2570.600654514157,0.2605016535241708,1.6553
441.0,4.109401412567051,4.108258682275102,-0.0011427302919484461,-0.027807706700392846,29162.630297575244,29172.754014865757,10.123717290513014,0.03471469201238258,1.0537586522278353e6,1.0569048067168456e6,3146.1544890103396,0.2985649970568501,0.1452
442.0,4.060361821885387,4.0613207911509255,0.0009589692655387339,0.02361782785883467,29157.79768433352,29167.89647176714,10.0987874336206,0.0346349458314771,1.1327225733564936e6,1.1362027739507363e6,3480.200594242662,0.3072420975888298,1.4342
443.0,4.117214827997844,4.115688275039207,-0.0015265529586372395,-0.03707732101459435,29156.435164709936,29166.536604204073,10.101439494137594,0.034645660339039215,1.138378851364193e6,1.1416429234786641e6,3264.0721144711133,0.2867298624319632,-0.046997
444.0,4.060713172459493,4.061646035227025,0.0009328627675326828,0.022972880080758484,29156.327188072402,29166.433849502886,10.106661430483655,0.03466369877553782,1.1195133487606067e6,1.122535413945333e6,3022.06518472638,0.2699445422488311,1.4233
445.0,4.1236048836818435,4.121838696428045,-0.0017661872537981793,-0.04283114662094404,29155.76919186566,29165.878445374503,10.109253508842812,0.034673252632495294,1.1107736194391611e6,1.1136254007485833e6,2851.7813094221056,0.25673830018235344,-0.19793
446.0,4.238171638058314,4.229259573848976,-0.008912064209337878,-0.21028087039487794,29156.11653397075,29166.223944600726,10.107410629974765,0.03466651883558734,1.0845489055538815e6,1.087330028985843e6,2781.123431961518,0.25643135295417513,-4.0792
447.0,4.082113931571271,4.082609725773707,0.0004957942024352846,0.012145525841422202,29192.48287680731,29202.408832743306,9.925955935996171,0.034001753046782095,351298.4335145872,357548.82609236223,6250.3925777750555,1.779225860827961,0.88656
448.0,4.140678694506151,4.139017720577673,-0.0016609739284776381,-0.04011356714737169,29204.41923016688,29214.158102970447,9.738872803565755,0.03334725723121358,140666.59311341017,150298.4546186698,9631.861505259643,6.847298489339335,-0.50003
449.0,4.10874635159333,4.108001803156707,-0.0007445484366224164,-0.018121061095282463,29191.398706091382,29201.06178681846,9.663080727077613,0.0331024930472455,424319.78119718947,434987.6275011662,10667.846303976723,2.5141053461797416,0.26455
450.0,4.064069661806396,4.065297594248282,0.0012279324418855708,0.03021435516781422,29192.084825091937,29201.67911398156,9.594288889624295,0.03286606265742816,414847.3083091471,426413.68898841215,11566.380679265072,2.7881055143898212,1.4573
450.99999999999994,4.108578496608549,4.1075910502921475,-0.0009874463164010194,-0.024033770249640186,29179.68082951633,29189.234563907303,9.553734390974569,0.032741051716064735,662379.8794254401,674284.0323111777,11904.152885737596,1.7971791196410534,0.2645500000000678
451.9999999999999,4.063179810224298,4.06410950994087,0.0009296997165719745,0.022881087227115668,29173.59119650852,29183.13117134909,9.539974840568902,0.03270072160917454,770047.3466501228,781782.2797845177,11734.93313439493,1.5239235854060793,1.4572999999998644
452.9999999999999,4.083778254820605,4.083624765369099,-0.00015348945150606141,-0.003758515813753556,29169.31619110877,29178.89435887946,9.578167770690925,0.03283644946606767,837502.0475281851,848086.7609289386,10584.713400753564,1.2638432863529625,0.8649300000000673
453.99999999999983,4.055455406615282,4.0566202329972745,0.0011648263819923343,0.02872245568505729,29161.833575485023,29171.450940157167,9.617364672143594,0.03297928659818036,965898.5010092787,975399.862501125,9501.36149184627,0.9836811509613262,1.6699999999998625
454.9999999999998,4.082236270832076,4.081946307199707,-0.0002899636323689947,-0.007103058547610519,29155.351184863124,29165.032642576185,9.681457713060809,0.03320645205634576,1.068714786766732e6,1.0767084082669204e6,7993.621500188252,0.7479658370192473,0.8756900000001806
455.9999999999997,4.081718901222351,4.081394162247711,-0.00032473897464058155,-0.007955936763389855,29150.2933416739,29160.048538608597,9.755196934696869,0.0334651758744075,1.1397929740509428e6,1.1461702305828496e6,6377.25653190678,0.5595100756974617,0.87569
456.9999999999997,4.081576102372406,4.08130424835577,-0.00027185401663576414,-0.006660515688479989,29151.145131353158,29160.965497849185,9.820366496027418,0.033687755495633145,1.092911295672894e6,1.0979175968786713e6,5006.30120577733,0.45807022267941727,0.87569
457.99999999999966,4.053624669507374,4.0547857851041025,0.0011611155967283793,0.028643885198909806,29150.01692179361,29159.893289714095,9.87636792048579,0.03388117388399134,1.0898668207589276e6,1.093736925147234e6,3870.104388306383,0.3550988354349057,1.6859999999997235
458.9999999999996,4.113144273890912,4.111524307229793,-0.0016199666611189656,-0.03938511642788852,29143.19957911472,29153.137947416042,9.938368301322043,0.034101843465548336,1.1996332023541979e6,1.2022865085279979e6,2653.306173800025,0.22117645365209082,0.07625300000064053
459.99999999999955,4.053109599339141,4.054251447888117,0.001141848548975588,0.028172160682794427,29144.147928068604,29154.13495883639,9.987030767784745,0.034267705449594836,1.1508511219842185e6,1.1525923475640656e6,1741.225579847116,0.15129894272032463,1.6859999999992679
460.99999999999955,4.052529065825037,4.053715349066522,0.0011862832414850644,0.029272664605640628,29143.26922995552,29153.30964721814,10.040417262618575,0.03445192501704072,1.1425284011589636e6,1.1432879121508703e6,759.5109919067472,0.06647633364179925,1.7020999999999926
461.9999999999995,4.111944420978381,4.110256802014644,-0.0016876189637375916,-0.04104187194573135,29131.19902883047,29141.314618471053,10.115589640583494,0.03472424746599798,1.3551991601843205e6,1.3545767409950378e6,-622.419189282693,-0.04592824490815341,0.08199700000082882
462.99999999999943,4.051803066512546,4.0529523051327345,0.001149238620188342,0.02836363469109842,29134.69305634536,29144.848814389374,10.155758044013055,0.0348579544818688,1.2497059555799705e6,1.2484417765093425e6,-1264.1790706280153,-0.10115812163520722,1.7020999999990791
463.9999999999994,4.111892618986604,4.110341139822695,-0.0015514791639095193,-0.03773150973703902,29134.619929876837,29144.833053539343,10.213123662506405,0.035054940435427125,1.2232094858004916e6,1.220969821435469e6,-2239.664365022676,-0.18309736729657528,0.08199700000101302
464.9999999999994,4.051739608138132,4.052930031312193,0.0011904231740604843,0.029380544881745525,29133.813333393588,29144.05857166698,10.245238273393625,0.03516614236575199,1.212965007355944e6,1.2102752432477553e6,-2689.764108188683,-0.22175117104589093,1.702099999998987
465.9999999999993,4.079151203595606,4.078945579477538,-0.0002056241180676821,-0.0050408555065679555,29132.750533694933,29143.020933467124,10.270399772191013,0.03525379369967924,1.2084015838192934e6,1.2053952517624616e6,-3006.3320568318013,-0.24878584214776847,0.8975300000005489
466.99999999999926,4.050851957203536,4.052017715618347,0.0011657584148112576,0.02877810463397006,29126.051729093128,29136.358878172297,10.307149079169903,0.035388075167340334,1.31497241982751e6,1.3114155740804917e6,-3556.845747018233,-0.27048823940237454,1.7182999999993933
467.9999999999992,4.1108008982972,4.1092020175462185,-0.0015988807509819125,-0.038894628821459346,29121.734047168065,29132.085902819894,10.351855651828373,0.03554683809371247,1.3685695536541815e6,1.3643173524494765e6,-4252.201204705052,-0.31070406274575973,0.08784300000129754
468.99999999999915,4.111048251645077,4.1095016440167305,-0.0015466076283461305,-0.037620760781079135,29123.625615600246,29134.016007757196,10.390392156950838,0.03567684976483547,1.2982605767962e6,1.2934547945339903e6,-4805.78226220957,-0.3701708538411529,0.08199700000000498
469.99999999999915,4.151940151683959,4.148948836889772,-0.0029913147941877938,-0.0720461925005004,29134.21372338678,29144.59094983219,10.377226445409178,0.035618694034221056,1.0623819278101025e6,1.058050697241548e6,-4331.230568554485,-0.40769053531270905,-0.9151999999991497
470.9999999999991,4.176208587670609,4.172169780235724,-0.004038807434884717,-0.0967099068472887,29146.1555103714,29156.495405313017,10.339894941615057,0.03547601651248892,813620.2304663397,810191.4058449717,-3428.824621368083,-0.4214281421447444,-1.5833999999993922
471.99999999999903,4.133262853039648,4.131549252411186,-0.001713600628462153,-0.04145878666298593,29164.682788575985,29174.922187765154,10.23939918916949,0.03510889956663728,447264.4942989378,445920.24057998334,-1344.2537189544528,-0.3005500629021527,-0.3678700000011746
472.999999999999,4.19383424771491,4.189168936428583,-0.004665311286326634,-0.11124214765685168,29172.504064329773,29182.62077988724,10.116715557465795,0.03467894129059649,308645.36281576625,309703.829325942,1058.4665101757273,0.3429393853577957,-2.0566999999982722
473.999999999999,4.156293776707595,4.153845149030356,-0.002448627677239301,-0.05891372960597072,29182.81142247748,29192.73109068657,9.91966820909147,0.03399147554868906,122755.52684193451,127561.91260363017,4806.385761695667,3.9154129230242996,-0.8767200000012074
474.9999999999989,4.179371452294947,4.175930136880854,-0.0034413154140926494,-0.08234050151735085,29194.33871168443,29204.071472800097,9.732761115665198,0.03333783721489078,-81524.67239154094,-73349.63236038481,-8175.040031156124,10.02768829526063,-1.4814999999993468
475.99999999999886,4.21375722348355,4.208155157423518,-0.005602066060031774,-0.13294705325715223,29199.355762774223,29208.929375047814,9.573612273590697,0.03278706678109638,-151238.6233760948,-140374.00603675417,-10864.61733934062,7.183758418855003,-2.624099999998701
476.9999999999988,4.203945221637151,4.199348274680463,-0.004596946956688441,-0.10934840285331411,29216.609434291353,29225.8653543551,9.255920063747908,0.031680336092949554,-463215.54742402304,-446626.3723701569,-16589.175053866114,3.581307912940267,-2.178000000000533
477.9999999999988,4.128948130905173,4.128154848932619,-0.0007932819725544604,-0.01921268922263144,29232.86275127748,29241.775689132068,8.912937854587653,0.030489445835058204,-741737.30772738,-719185.1396169638,-22552.168110416154,3.040452175651523,-0.03653400000255629
478.99999999999875,4.165396528973076,4.163022451499855,-0.00237407747322127,-0.05699523338793792,29227.809517639747,29236.605919054193,8.796401414445427,0.030095999527903615,-591607.6173174826,-567783.1863537087,-23824.430963773862,4.027066296374042,-0.9061599999989125
479.9999999999987,4.214228226697639,4.208887621682316,-0.00534060501532263,-0.12672794941406496,29220.664480519994,29229.43636132115,8.77188080115593,0.030019443284747063,-416368.60896597395,-393023.5184479064,-23345.090518067533,5.6068325073889795,-2.4372999999979985
480.99999999999864,4.22919049421527,4.222993686714303,-0.006196807500966628,-0.14652467202512362,29234.79536014232,29243.35418761362,8.558827471297263,0.029276166861650292,-672559.8368488398,-645863.6091661452,-26696.22768269456,3.9693461042477676,-2.9693999999992737
481.99999999999864,4.24431684912006,4.237321700666424,-0.006995148453635913,-0.16481211705686302,29256.450942726173,29264.622146180896,8.171203454723582,0.027929578576430615,-1.0621346767696566e6,-1.0287906633433232e6,-33344.01342633343,3.1393394976750857,-3.514699999999256
482.9999999999986,4.204483931184787,4.200798052421546,-0.0036858787632407797,-0.08766542632979289,29277.11939374719,29284.73851945449,7.6191257073005545,0.02602416448432354,-1.4134225089631344e6,-1.3705015501812666e6,-42920.958781867754,3.0366686896301043,-1.8457000000023718
483.9999999999985,4.177314058535302,4.17513322483989,-0.002180833695412332,-0.052206601295785776,29285.055120878547,29292.336475953198,7.281355074650492,0.024863723303902227,-1.5008259399512215e6,-1.4529702695470292e6,-47855.67040419229,3.1886222865889198,-0.9834100000012744
484.99999999999847,4.224237904145222,4.219162070231566,-0.005075833913656069,-0.12015975493887739,29277.917150399844,29285.22574232535,7.3085919255063345,0.02496281374102639,-1.2949689154649326e6,-1.2494552508286212e6,-45513.664636311354,3.5146530617663965,-2.448299999997752
485.9999999999984,4.257672753421546,4.250002041432441,-0.007670711989105072,-0.18016208462570882,29281.811839885013,29288.9763847581,7.164544873088744,0.02446755997294489,-1.3241347818287264e6,-1.2772885586702947e6,-46846.223158431705,3.5378742255930824,-3.829399999997802
486.9999999999984,4.2136891714633435,4.2097635490342915,-0.003925622429052034,-0.09316355025989567,29303.592534589556,29310.21541836926,6.6228837797025335,0.022600927759574094,-1.7050544290666922e6,-1.6490517083945237e6,-56002.720672168536,3.284512196060694,-1.9441000000030007
487.99999999999835,4.144352608850612,4.143587116984217,-0.0007654918663950738,-0.018470722417786117,29313.964095331798,29320.26406715262,6.299971820822975,0.021491367732916874,-1.8415829722965169e6,-1.781179048067888e6,-60403.924228628865,3.280000148638598,-0.04845600000312489
488.9999999999983,4.18621812264214,4.183508473858112,-0.0027096487840285732,-0.06472784514912885,29299.332798332154,29305.804101349982,6.471303017828177,0.02208686137111133,-1.4846987724521954e6,-1.4297061013550446e6,-54992.67109715077,3.703961511756516,-1.064099999998268
489.99999999999824,4.183316287305718,4.1804801395429445,-0.002836147762773855,-0.06779663711730693,29289.44994359579,29296.07593215157,6.62598855577744,0.02262244107874149,-1.2474046844960696e6,-1.1970294813291884e6,-50375.20316688111,4.038400993117309,-1.0035000000001069
490.99999999999824,4.170118385462474,4.167787425466465,-0.0023309599960086302,-0.05589673435014776,29291.269598866187,29297.969909092426,6.700310226238798,0.022874768891882225,-1.2535436061614105e6,-1.2058992701002741e6,-47644.33606113633,3.800772133251301,-0.6656300000005955
491.9999999999982,4.155738270240049,4.153816797032469,-0.0019214732075800711,-0.04623662710763256,29289.353906537686,29296.158102665715,6.804196128028707,0.023230953300441153,-1.1836670726057019e6,-1.1391884564772334e6,-44478.61612846842,3.7576964974242335,-0.3266900000006165
492.9999999999981,4.142211326018281,4.140593473102508,-0.0016178529157730992,-0.03905771068730739,29284.298821038694,29291.213840927074,6.915019888379902,0.023613404338750806,-1.0555491773551856e6,-1.0142112308458888e6,-41337.94650929677,3.9162501753707315,-0.0270360000005621
493.99999999999807,4.139813675609915,4.1381217693647,-0.0016919062452149802,-0.040869139961129126,29277.605865277503,29284.637579755832,7.031714478329377,0.024017382127098075,-901842.327686881,-863616.051714795,-38226.275972086005,4.238687273653687,0.012858999999922897
494.99999999999807,4.139107991130441,4.137312546289958,-0.001795444840483107,-0.043377579041921764,29271.532693023597,29278.682720123004,7.150027099407453,0.024426555228218533,-767569.581408721,-732355.2331656435,-35214.34824307752,4.587772769531669,0.012859
495.999999999998,4.13849223519412,4.136632520699918,-0.0018597144942011923,-0.04493700576229209,29267.313215354738,29274.58039324475,7.267177890011226,0.02483035540890918,-675055.026948278,-642712.4027723622,-32342.624175915727,4.791109299952489,0.012859
496.99999999999795,4.137968135289647,4.136065894536375,-0.0019022407532718333,-0.04597040603210642,29264.12194941273,29271.501518661593,7.379569248863845,0.02521712170835161,-605343.1354159333,-575675.2300171523,-29667.905398781062,4.901006332283944,0.012859
497.9999999999979,4.137518358352632,4.1355884180638185,-0.0019299402888135475,-0.046644875542786964,29261.518831645237,29269.002794459226,7.48396281398891,0.02557612561756461,-548678.7542796661,-521439.9664792351,-27238.78780043102,4.964432755591478,0.012859
498.99999999999784,4.1371296150270025,4.135182111493035,-0.001947503533967776,-0.04707378581744205,29259.321787396722,29266.901869621688,7.580082224965736,0.025906554772676966,-501021.48244521674,-475976.5021815137,-25044.980263703037,4.998783713119833,0.012859
499.99999999999784,4.13679152222057,4.134834476377172,-0.001957045843397509,-0.047308302409858824,29257.428497921253,29265.096777501974,7.668279580720991,0.02620968408507202,-460098.6684695114,-437032.18812088703,-23066.480348624347,5.013376897036784,0.012859
500.9999999999978,4.136460344435173,4.134499905797975,-0.001960438637198081,-0.04739411172732457,29255.772934933997,29263.521978825796,7.749043891799374,0.02648723008971103,-424442.695637322,-403159.6648476025,-21283.030789719487,5.014347286095229,0.013667999999998206
501.9999999999977,4.121802356325227,4.120326781499588,-0.001475574825638759,-0.03579926202367211,29254.303663531668,29262.126623153064,7.822959621396876,0.026741226560620397,-392923.7502756264,-373249.3310793014,-19674.419196324947,5.007185028271725,0.34445999999924787
502.99999999999767,4.080107748308313,4.080356712528014,0.0002489642197005537,0.0061019030638045976,29250.77229290019,29258.66848655632,7.896193656128162,0.026994821118089738,-321248.35476798273,-303136.22240444104,-18112.132363541692,5.6380467307367015,1.4124999999975107
503.99999999999767,4.049078066667166,4.051015326984018,0.0019372603168523739,0.04784447928530435,29239.10639701098,29247.10817672184,8.00177971085941,0.02736670403743052,-92483.07950739571,-76536.45108841007,-15946.628418985638,17.242752408250432,2.4116999999976714
504.9999999999976,4.026868300782853,4.030102214360578,0.003233913577724401,0.080308401868909,29218.670462648148,29226.881765126418,8.211302478270227,0.028102929901506615,297102.1316819223,308908.8959703377,11806.764288415376,3.973974949818167,3.2369999999980297
505.99999999999756,4.020499352101917,4.0237966019776925,0.003297249875775954,0.08201095403863583,29194.436081935368,29203.05301056285,8.616928627481684,0.029515653610495934,742382.9426441485,746371.9133542571,3988.9707101086387,0.5373198225569549,3.413399999999569
506.9999999999975,4.040748774786929,4.042086373642479,0.0013375988555504037,0.03310274729022064,29171.870371225516,29181.066779465724,9.196408240208257,0.0315249180912287,1.1355342498292828e6,1.1286535639988608e6,-6880.685830421979,-0.6059426064389011,2.472200000002354
507.9999999999975,4.095874290419055,4.094053797370452,-0.0018204930486032112,-0.044446995183950185,29159.676163329583,29169.356039629874,9.679876300291653,0.03319610357149577,1.3107501648026817e6,1.2953767769210057e6,-15373.387881675968,-1.172869421991662,0.7120300000044024
508.99999999999744,4.153477053327811,4.149732459148351,-0.003744594179460492,-0.09015564866213194,29164.847722647257,29174.663217332094,9.815494684837176,0.033655223501184925,1.1440033230887153e6,1.127263056685848e6,-16740.26640286739,-1.4633057496432824,-0.6869699999964214
509.9999999999974,4.1661846459229555,4.162321993923175,-0.003862651999780198,-0.09271437365504681,29183.696471280284,29193.466988235028,9.77051695474438,0.03347936737335368,725903.6751887805,711208.4272507861,-14695.247937994427,-2.024407430389816,-0.9945999999991957
510.9999999999973,4.1725340160845885,4.168778301351672,-0.00375571473291636,-0.0900104041917587,29202.88340610081,29212.613703574396,9.730297473586688,0.0333196463454493,328686.04720907594,315674.4425647142,-13011.604644361767,-3.9586726466928894,-1.1240999999996542
511.9999999999973,4.2092366954908655,4.203702338984962,-0.005534356505903837,-0.13148123772256626,29216.543050462344,29226.189425649896,9.646375187552621,0.0330168260183676,61147.397125604075,50503.09564214911,-10644.301483454969,-17.407611744438277,-2.2308999999970434
512.9999999999973,4.19772133233846,4.193288187724754,-0.0044331446137064745,-0.10560835898167792,29233.92119156362,29243.41765628887,9.496464725252736,0.03248440283814285,-268842.380006411,-276002.8697398865,7160.489733475493,-2.66345273885194,-1.7637000000012748
513.9999999999973,4.167890465410063,4.165266515056555,-0.0026239503535085973,-0.06295631747727412,29249.85674735129,29259.155998572576,9.299251221287705,0.03179246757210117,-556495.3739878684,-559457.8974981316,2962.523510263185,-0.5323536634336457,-0.8405800000025188
514.9999999999972,4.12495757842059,4.123918377458243,-0.0010392009623467757,-0.025193009687742695,29252.667390536964,29261.788831202284,9.121440665319824,0.03118156899521083,-575802.1569655405,-575174.6574629557,-627.4995025848038,0.10897831746440596,0.20753999999702108
515.9999999999972,4.086453091374959,4.086800958883082,0.0003478675081227678,0.008512700386968634,29244.72403944967,29253.73629837857,9.012258928902156,0.030816700190930402,-389408.4160549777,-386703.8232315239,-2704.5928234537714,0.6945388727992797,1.1728999999972565
516.999999999997,4.0597333830221265,4.061268883975748,0.001535500953621316,0.03782270431952026,29229.371264771577,29238.33911722064,8.967852449062775,0.03068096254219192,-72392.20136036427,-68947.99933871183,-3444.2020216524397,4.757697593014747,1.9690999999976466
517.999999999997,4.037408470642927,4.04010299945788,0.0026945288149526903,0.06673906875029681,29210.10849132455,29219.11606112827,9.00756980371807,0.03083716654593506,302436.09861721826,304972.542122768,2536.443505549745,0.8386708852371569,2.7370999999977297
518.999999999997,4.022493764767465,4.02592591494843,0.003432150180964655,0.08532394036322546,29188.540066869715,29197.740394260094,9.200327390379243,0.031520341097230904,703595.180622278,702301.144057139,-1294.0365651389584,-0.18391776987364788,3.2786999999983992
519.9999999999969,4.035300084540972,4.03731664061787,0.0020165560768985458,0.0499728901110445,29166.077134678817,29175.666146667892,9.589011989075516,0.03287727706676763,1.10445898089334e6,1.0957127837308105e6,-8746.197162529454,-0.7918987770333585,2.650900000001927
520.9999999999969,4.065732913336625,4.065564023692929,-0.0001688896436959908,-0.0041539778262854,29150.577323347472,29160.59126413871,10.013940791239293,0.03435246129145738,1.3524963085242314e6,1.3359807851095763e6,-16515.523414655123,-1.2211141213890588,1.521400000003467
521.9999999999968,4.123439287482332,4.120855964131663,-0.002583323350668465,-0.06264972443054394,29148.38635824548,29158.635440758386,10.24908251290617,0.03516174921980515,1.3331324383766328e6,1.312927567705509e6,-20204.870671123732,-1.515593656675805,-0.005887499995138291
522.9999999999968,4.177857129724225,4.173272803932624,-0.0045843257916002855,-0.10972911828372865,29159.870495888852,29170.14493491425,10.274439025397442,0.035234858216692005,1.053925852092623e6,1.0342269011085508e6,-19698.950984072173,-1.869102171178258,-1.398499999995567
523.9999999999968,4.19605057884289,4.190899248936022,-0.00515132990686773,-0.12276615379331937,29182.39342051318,29192.636876142136,10.243455628955417,0.03510149246961691,578576.0578857367,560337.6168987957,-18238.440986940986,-3.1522979111145495,-1.9240999999983268
524.9999999999967,4.194972465089004,4.190382722726445,-0.004589742362558269,-0.1094105480013178,29206.474275972112,29216.654787326013,10.180511353901238,0.03485703634648105,100344.54342734288,84040.01744554455,-16304.525981798331,-16.248542695900603,-1.8080000000003829
525.9999999999967,4.1917150466900805,4.187668012539662,-0.004047034150418405,-0.09654840811791535,29223.920600372363,29233.925295502864,10.004695130501204,0.03423460961077799,-224254.5160292421,-236551.92678475226,12297.410755510151,-5.483684776232826,-1.6276000000005946
526.9999999999967,4.170118386360145,4.167364311245677,-0.002754075114467902,-0.06604309180948158,29234.873367188455,29244.643709240107,9.770342051651824,0.033420162040508426,-409739.0325050156,-417119.88429230434,7380.851787288731,-1.8013543259875742,-0.9501500000022335
527.9999999999966,4.141156090855785,4.139581693961204,-0.0015743968945809428,-0.03801829392660222,29238.89606468864,29248.46712916197,9.571064473329898,0.032734014485891354,-455720.47471620876,-459129.52855026565,3409.053834056889,-0.7480580801597322,-0.20711000000253418
528.9999999999966,4.144698148825961,4.1428991353864335,-0.001799013439527819,-0.04340517390964677,29234.943278773968,29244.38961966125,9.44634088728344,0.03231181534099968,-348582.5433744966,-349652.2018667174,1069.6584922207985,-0.3068594548269218,-0.2797999999997521
529.9999999999965,4.133863548410111,4.132347330007372,-0.001516218402739078,-0.03667799831763236,29230.757914023132,29240.124012141234,9.366098118101945,0.0320419270196503,-247498.85614035968,-247164.36281399295,-334.4933263667335,0.13514944334814954,-0.026526000000892613
530.9999999999965,4.130138618813873,4.12868791422985,-0.0014507045840224109,-0.035124840057766296,29228.381893960646,29237.696649225418,9.31475526477152,0.0318688708070295,-189538.9664740448,-188383.47398300582,-1155.4924910389818,0.6096332129136166,0.05969299999969614
531.9999999999965,4.102440516367675,4.101933106552957,-0.000507409814717974,-0.012368486823722128,29225.1644350398,29234.451444623104,9.287009583305917,0.031777441676841905,-118668.59526351574,-117149.60722708616,-1518.9880364295823,1.2800252948613018,0.7168399999976841
532.9999999999964,4.069655075904704,4.0705898643696665,0.0009347884649626437,0.022969722188429832,29218.549055701566,29227.828098904265,9.27904320269954,0.03175737161010353,15011.580955184923,16525.99884132886,1514.417886143936,10.088330407470265,1.6182999999967207
533.9999999999964,4.044375285198294,4.046636739107596,0.0022614539093019914,0.055916025339649296,29204.471278342706,29213.785206621633,9.313928278927051,0.031892131140323104,288256.4865966831,288954.2553990634,697.7688023803057,0.24206525605669918,2.4504999999969725
534.9999999999962,4.0233349482129395,4.026804873594913,0.0034699253819736597,0.08624500387458195,29184.916967292156,29194.36739866431,9.450431372155435,0.032381217266256514,654959.4557346748,652909.4395351241,-2050.016199550708,-0.31299894697316544,3.236299999997052
535.9999999999962,4.016036891206555,4.019663173672761,0.003626282466205666,0.09029504868707035,29162.289075441862,29172.064937529038,9.775862087175483,0.03352227276084417,1.0646769156719507e6,1.0563282227601819e6,-8348.692911768798,-0.784152712327728,3.463399999999148
536.9999999999962,4.056165686480975,4.05652492685494,0.00035924037396473096,0.008856649400739807,29140.578765214053,29150.860965230102,10.282200016048591,0.03528481743239345,1.438783827247332e6,1.4209193079109045e6,-17864.519336427562,-1.2416402657656915,1.813200000006191
537.9999999999961,4.100138320937713,4.098307199669745,-0.0018311212679682498,-0.04465998765498885,29133.214728715884,29143.843624189856,10.62889547397208,0.0364837714373328,1.5172008006404291e6,1.4934302574761312e6,-23770.54316429794,-1.5667367928005376,0.528170000004967
538.9999999999961,4.137878942275567,4.134919959007402,-0.002958983268164239,-0.07150966254554053,29142.72400179525,29153.3984388815,10.674437086250691,0.036628137732056636,1.2682720427360907e6,1.2447098715721138e6,-23562.17116397689,-1.8578168066486223,-0.37845999999649554
539.9999999999961,4.177189321241652,4.172824188320534,-0.004365132921118509,-0.10449928373897574,29158.433118346013,29169.069825515584,10.63670716957131,0.03647900806740835,918207.1532351907,896328.6882931264,-21878.464942064253,-2.3827373665058214,-1.397999999996059
540.999999999996,4.196759060848545,4.191680207480041,-0.005078853368503999,-0.1210184643641921,29178.367312883838,29188.956622329326,10.589309445487743,0.036291644874906985,506718.4509985779,486530.2141490994,-20188.236849478446,-3.9841132308669582,-1.9657999999977407
541.999999999996,4.196612865351204,4.191995100743703,-0.004617764607501407,-0.11003551568045239,29200.209139874292,29210.694270516084,10.48513064179133,0.03590772446719698,79149.83459777366,61631.50232744185,-17518.33227033181,-22.13312555781964,-1.8804000000003398
542.9999999999959,4.188639395194136,4.1848302112382045,-0.003809183955931772,-0.09094084251564517,29217.407339231948,29227.69028114113,10.282941909183137,0.03519457352869096,-237687.9864278323,-250777.71744068805,13089.731012855744,-5.507106694612054,-1.5482000000013598
543.9999999999959,4.157563816284339,4.1553964277793405,-0.0021673885049988684,-0.052131214354657514,29227.510787615724,29237.550375371105,10.039587755381945,0.03434978718624207,-404101.0946181126,-412197.1664851135,8096.071867000894,-2.0034768464688075,-0.641950000003709
544.9999999999959,4.138180149050286,4.136718728213651,-0.001461420836634808,-0.035315544128019766,29228.601472483548,29238.453531149953,9.852058666405355,0.03370691093681065,-391273.1312448412,-395714.2366457348,4441.105400893604,-1.1350397066019233,-0.153520000001999
545.9999999999958,4.131961080794027,4.1305919996586065,-0.0013690811354205579,-0.03313393104751765,29223.19118070387,29232.93005452305,9.738873819180299,0.03332583960101831,-257684.68720169892,-260067.31565126352,2382.628449564596,-0.9246294280962176,-0.00334940000063168
546.9999999999958,4.086825865233336,4.087111943906571,0.0002860786732350462,0.007000021108526303,29218.094319561962,29227.76002622724,9.665706665276957,0.03308123575604183,-141792.92345449718,-142941.95618210104,1149.0327276038588,-0.8103597130308094,1.1078999999953258
547.9999999999957,4.059700113302996,4.061247293305688,0.0015471800026922722,0.038110696837493185,29207.66732374116,29217.29619564678,9.628871905621054,0.03296693227464393,71093.62782528483,70460.94571583685,-632.6821094479819,-0.889928012961754,1.9137999999965183
548.9999999999957,4.046644449947214,4.048690400613864,0.0020459506666501426,0.05055919026137398,29189.462849138436,29199.11252120203,9.649672063595062,0.033058751760757,424734.68188369204,423509.52550232393,-1225.1563813681132,-0.2884521640508759,2.3249999999982234
549.9999999999957,4.026866213111793,4.0300010289616335,0.0031348158498403222,0.07784752916878926,29170.855088105473,29180.632443236133,9.777355130659998,0.033517547226946914,767882.7064833959,764037.7420444215,-3844.9644389743917,-0.5007228846945693,3.0373999999969223
550.9999999999956,4.0173300499813935,4.020850825405699,0.003520775424305178,0.08763968557478828,29151.308070567633,29161.379268909765,10.071198342131538,0.0345480151962712,1.1144872163366547e6,1.1049274367228155e6,-9559.77961383923,-0.8577738240248681,3.3646999999985487
551.9999999999956,4.007143687251579,4.011133248285802,0.003989561034222433,0.09956121730585593,29130.92021321988,29141.448981887534,10.528768667652912,0.03614293194512564,1.4639430964012647e6,1.4457670015754346e6,-18176.094825830078,-1.2415847904547266,3.731199999998375
552.9999999999956,4.116812076694541,4.1141719816751445,-0.002640095019396327,-0.06412959761612691,29111.545756827887,29122.680083050604,11.134326222716481,0.038247114446353335,1.7807202676896856e6,1.7514498642991954e6,-29270.403390490217,-1.6437395542459776,0.08611600001616153
553.9999999999955,4.198252218026994,4.1919339659385315,-0.006318252088462373,-0.15049720122417257,29117.267457854537,29128.619464112184,11.35200625764628,0.0389871964258927,1.5939742962803375e6,1.5617506885944947e6,-32223.607685842784,-2.021588915269153,-2.2016999999895965
554.9999999999955,4.2045638369381155,4.198615711513756,-0.005948125424359851,-0.141468310508313,29153.519786876168,29164.79654023095,11.276753354781249,0.03868058964138397,826400.4641260755,796960.6010823116,-29439.863043763908,-3.5624209232380792,-2.3494999999993276
555.9999999999953,4.198967317544212,4.194083713729056,-0.004883603815155624,-0.11630487798156583,29186.643136379862,29197.867218415122,11.224082035259926,0.03845622801777298,168229.490060827,140825.28168943344,-27404.208371393557,-16.289776757621375,-2.033900000001471
556.9999999999953,4.182081074697247,4.178570190038788,-0.003510884658458835,-0.08395065986885485,29205.81666794837,29216.765754317355,10.949086368986173,0.03748940320166475,-183537.433852591,-204710.33851006016,21172.90465746916,-11.536014323091322,-1.4035000000029385
557.9999999999953,4.166492390825116,4.163894713634687,-0.0025976771904288043,-0.062346860302662656,29214.701498019145,29225.34062367218,10.639125653033261,0.03641702672798019,-322610.0862607813,-337251.01902741706,14640.932766635786,-4.538274961062691,-0.91224000000229
558.9999999999952,4.146253711515977,4.144480317592526,-0.0017733939234512164,-0.04277099393425246,29216.645876746592,29227.04776780575,10.401891059158515,0.03560261880518372,-326319.85578464466,-336193.6687609748,9873.812976330111,-3.025808206671417,-0.37758000000255293
559.9999999999952,4.133148896991458,4.13177455566586,-0.0013743413255982162,-0.03325167710746174,29214.354658660952,29224.596880815112,10.242222154160117,0.035058868401611896,-253344.64917275182,-260165.059070525,6820.409897773177,-2.6921468126695838,-0.05656200000153281
560.9999999999952,4.130268254649166,4.128887060289723,-0.0013811943594426168,-0.03344079062874183,29209.68877673345,29219.827269169633,10.138492436184606,0.03470934768829264,-142184.80304493575,-147132.3066642096,4947.503619273863,-3.479628985180832,0.012858999999668524
561.9999999999951,4.13019886322249,4.128730930152273,-0.0014679330702165316,-0.035541462259548726,29205.80830082405,29215.8766546362,10.068353812148416,0.034473806403311685,-55024.858036244725,-58781.623003321656,3756.7649670769315,-6.8273960190907905,0.012859
562.9999999999951,4.130130973385157,4.128607113492997,-0.0015238598921598623,-0.03689616387421412,29203.659532772224,29213.681565433682,10.02203266145807,0.03431772874290425,-7413.202977797865,-10444.481020206445,3031.2780424085804,-40.89026095045679,0.012859
563.999999999995,4.130093401151148,4.128531906267254,-0.0015614948838944542,-0.037807737797388094,29202.49034622603,29212.48060050332,9.99025427729066,0.03421028192748549,18474.978554841407,15899.435098710663,-2575.5434561307447,-13.940711478963086,0.012859
564.999999999995,4.1300784621334055,4.128488371002305,-0.001590091131100202,-0.03850026447872458,29201.759726163258,29211.726291504885,9.966565341626847,0.03413001625616871,34622.45524582805,32363.260090072996,-2259.1951557550565,-6.525230922284998,0.012859
565.999999999995,4.130080711522298,4.128469642501488,-0.0016110690208099854,-0.039008172801934526,29201.276775820606,29211.224835260375,9.948059439768258,0.03406720711611316,45259.50818406309,43232.8362141368,-2026.6719699262903,-4.477892162866957,0.012859
566.9999999999949,4.13009618537019,4.128468550391442,-0.0016276349787487376,-0.039409130095183216,29200.94888743923,29210.88207804998,9.933190610750898,0.03401667065354734,52439.921648371266,50590.020772311516,-1849.9008760597499,-3.527657589696658,0.012859
567.9999999999949,4.1300486923541655,4.12841147746126,-0.0016372148929058028,-0.03964153972171634,29200.723968690356,29210.644832515078,9.920863824721891,0.0339747186931367,57320.070284536276,55610.57986839288,-1709.4904161433951,-2.982359246346875,0.014560999999991293
568.9999999999948,4.101283158196139,4.100697922218592,-0.000585235977546894,-0.014269582347108591,29200.558629536263,29210.46897475347,9.910345217205759,0.03393888912516036,60834.68835837956,59241.68483300701,-1593.0035253725437,-2.6185776049153024,0.7030899999963993
569.9999999999948,4.055309361407063,4.05699356342646,0.0016842020193967855,0.041530790114922854,29195.799122520293,29205.709353659164,9.910231138870586,0.033944031116539264,154537.66430874701,152866.09065995933,-1671.5736487876857,-1.0816610023612687,2.043399999992991
570.9999999999948,4.017409120216476,4.021580910199831,0.004171789983355545,0.10384279665125941,29179.84550519163,29189.808419235447,9.962914043815545,0.03414313500063926,462934.70918192226,460163.8419991629,-2770.8671827593353,-0.5985438395094395,3.5112999999923233
571.9999999999947,4.0175442537818515,4.021175603799778,0.003631350017926138,0.0903873059894194,29152.944105552757,29163.15639682285,10.212291270094283,0.03503005128099275,969711.91604359,962045.8136097972,-7666.1024337928975,-0.7905546283344108,3.406200000000562
572.9999999999947,4.003254546817528,4.0076201780722185,0.00436563125469025,0.10905205261456084,29127.916260028738,29138.57918582141,10.662925792672468,0.03660723855933644,1.414212807485604e6,1.3979727319271837e6,-16240.07555842027,-1.14834736840591,3.955899999997063
573.9999999999947,3.9446404206894465,3.954561235229246,0.009920814539799316,0.2515011124401892,29107.5034287165,29118.813466871088,11.310038154588256,0.03885609146207348,1.7500827222378124e6,1.7218472715904324e6,-28235.45064737997,-1.6133780585683173,7.172699999982812
574.9999999999945,4.008770281048864,4.011484720569795,0.002714439520930867,0.06771252355773937,29070.413200334428,29083.44306380747,13.029863473042496,0.04482173467315077,2.4038935491739092e6,2.3431378878066665e6,-60755.66136724269,-2.527385681787831,3.4216000000204696
575.9999999999945,3.9947202160579622,3.99825066157781,0.0035304455198477136,0.08837779190782977,29048.07932320007,29062.40642821333,14.327105013260734,0.049322039002482304,2.7388754304995174e6,2.655594116551513e6,-83281.3139480045,-3.0407120024737897,3.941699999997162
576.9999999999944,3.939727684360796,3.9489685975852353,0.009240913224439318,0.23455715635174965,29045.908393969134,29060.67221458619,14.763820617055899,0.050829261102129424,2.671119739028175e6,2.583056568558631e6,-88063.1704695439,-3.2968634532865844,6.974899999983102
577.9999999999944,3.920436081978494,3.931341320061304,0.010905238082810076,0.2781639045957005,29017.864618324198,29034.48527947539,16.620661151191598,0.0572773405962339,3.127855321801142e6,3.0068303846958317e6,-121024.93710531015,-3.869262630588017,8.09999999999373
578.9999999999944,3.9984651099162685,4.000505166196902,0.0020400562806335287,0.05102098491679097,28975.82669540677,28995.539603458867,19.71290805209719,0.06803225412451155,3.8398763297855267e6,3.6631406491660248e6,-176735.68061950197,-4.602639914431135,3.4150000000260983
579.9999999999943,4.103766425024708,4.099819126896439,-0.0039472981282688835,-0.09618720266822002,28966.120409462892,28987.05922097604,20.93881151314781,0.07228724874839416,3.8848102754086745e6,3.691684254785282e6,-193126.02062339243,-4.971311516701442,-0.024226999980450255
580.9999999999943,4.113853821950078,4.110503197146285,-0.003350624803793778,-0.08144734715453479,28998.815113258202,29018.565384825808,19.750271567605523,0.068107167449665,3.1079897221384645e6,2.9459006836731e6,-162089.03846536437,-5.21523727413868,-0.2555499999986851
581.9999999999942,4.120362932954456,4.11759001964996,-0.0027729133044962495,-0.06729779268516925,29033.095686828055,29051.768473378295,18.672786550239834,0.06431552030020499,2.354662885561561e6,2.2188511236652057e6,-135811.76189635554,-5.7677794443159085,-0.3688999999993428
582.9999999999942,4.175919772323866,4.170801743201793,-0.005118029122072265,-0.12256052321676006,29053.07057739627,29071.0936942987,18.023116902430047,0.06203515340802671,1.9241449178943862e6,1.804531089669176e6,-119613.82822521031,-6.216466707513127,-1.90219999999111
583.9999999999942,4.206426637093979,4.199689597422486,-0.0067370396714929726,-0.16016063639581918,29077.54444206551,29095.105073442704,17.560631377193204,0.06039241522674393,1.4218450729020594e6,1.3139395413094123e6,-107905.53159264708,-7.589120196647466,-2.953699999993903
584.9999999999941,4.209861680054053,4.203563155768027,-0.006298524286026286,-0.14961356844259585,29110.96249015467,29128.123500662925,17.16101050825455,0.05895033705621517,764415.7333265108,666493.1672386484,-97922.56608786236,-12.810119130035744,-2.9500000000000224
585.9999999999941,4.208174425425051,4.202604907368607,-0.005569518056444345,-0.13234998109380386,29139.931442460485,29156.51323223791,16.581789777425,0.05690401094514342,222721.8054609959,137931.97079333197,-84789.83466766393,-38.06983985791761,-2.728900000001307
586.9999999999941,4.224530790598737,4.218071549942897,-0.006459240655840581,-0.15289841584809757,29160.080323115384,29175.92857087154,15.848247756155615,0.054349122432260956,-126983.66225386008,-196171.22710899537,69187.5648551353,-54.48540672643273,-3.270999999996795
587.999999999994,4.233483939812775,4.22668571639668,-0.0067982234160952615,-0.16058224178348748,29179.57260194686,29194.59514651728,15.022544570419996,0.05148308638837874,-456965.1298100169,-509398.8042843801,52433.674474363215,-11.474327263474676,-3.52159999999849
588.999999999994,4.208078276492209,4.203703458812962,-0.0043748176792473,-0.10396236457117625,29201.19334906962,29215.30302674774,14.109677678119624,0.0483188392660986,-821603.1726754606,-856234.1691125033,34630.99643704272,-4.215051449262383,-2.3332000000071607
589.9999999999939,4.207440420204677,4.203297328832994,-0.0041430913716835605,-0.09847058919213439,29212.706684936253,29226.102487522356,13.395802586102945,0.04585608150103595,-977503.7963758042,-998918.4247552138,21414.62837940955,-2.190746313089165,-2.208400000000766
590.9999999999939,4.203537320968704,4.199663360109886,-0.00387396085881786,-0.09215954475991442,29216.633653991696,29229.53392693574,12.900272944043536,0.04415386487307051,-986504.4765242157,-999354.5547548367,12850.07823062106,-1.3025869153575635,-2.0047000000012507
591.9999999999939,4.185442219930742,4.182653612172943,-0.002788607757799433,-0.06662635896680892,29221.743768757915,29234.210140154813,12.466371396898467,0.042661285019639186,-1.0273238086504389e6,-1.032926027869411e6,5602.219218972139,-0.5453216572807349,-1.376900000003854
592.9999999999937,4.146975939812312,4.145786695195742,-0.0011892446165697734,-0.028677393691934408,29222.777613427974,29234.977009096765,12.199395668791112,0.04174618795711413,-991865.9008106684,-993584.8487427644,1718.9479320960818,-0.17330446895000193,-0.34366000000646063
593.9999999999937,4.134023506938904,4.133066403078123,-0.0009571038607809612,-0.023151872725795462,29215.38198542353,29227.49444676378,12.112461340249865,0.041459192100562474,-797796.5223124023,-799098.2739303911,1301.7516179888044,-0.16316837458951253,-0.035978000001923874
594.9999999999936,4.131473977170034,4.130345301189211,-0.001128675980823779,-0.027318966234827803,29204.724387074846,29216.81768362639,12.093296551542153,0.04140869946676946,-554314.009658363,-556313.4985894233,1999.488931060303,-0.3607141252469221,0.012858999999689081
595.9999999999936,4.130968097191009,4.129677080069475,-0.0012910171215345656,-0.03125216876916663,29197.540475090987,29209.611570097964,12.071095006976975,0.04134284878301674,-393918.9702005482,-396344.04469340184,2425.0744928536587,-0.615627749945383,0.012859
596.9999999999936,4.130553801891313,4.12915152571842,-0.0014022761728931243,-0.03394886594265023,29193.09809304475,29205.160239152574,12.062146107822628,0.04131848586052068,-295163.2126666722,-298129.8390655846,2966.626398912398,-1.0050799935771837,0.012859
597.9999999999935,4.130231730398326,4.128751478188366,-0.0014802522099603976,-0.03583944695078016,29190.109987218937,29202.16969732456,12.059710105622798,0.041314370212730316,-228702.0116105366,-232215.8554663098,3513.843855773186,-1.5364289238334354,0.012859
598.9999999999935,4.129981601604651,4.128442243643414,-0.0015393579612377195,-0.037272755903794384,29187.913464335306,29199.973381900676,12.059917565369688,0.04131819007927954,-179847.61681898715,-183859.60169664343,4011.984877656272,-2.230768996897107,0.012859
599.9999999999935,4.129788377684966,4.128206445853908,-0.0015819318310583697,-0.03830539694494352,29186.22753962208,29198.288646856246,12.061107234167139,0.04132465293019953,-142366.0220581436,-146812.93586399726,4446.913805853663,-3.123578043107436,0.012859
600.0,4.129640610367257,4.128025722983744,-0.0016148873835133415,-0.03910479230224652,29184.897874484643,29196.96023992089,12.062365436246182,0.0413308468240072,-112829.1733262162,-117644.73763354735,4815.564307331151,-4.268013462624777,0.012859
