Time (s),Voltage (P2D) (V),Voltage (sP2D) (V),Voltage Error (V),Voltage Error Percentage (%),Concentration (P2D) (mol/m³),Concentration (sP2D) (mol/m³),Concentration Error (mol/m³),Concentration Error Percentage (%),Stress (P2D) (Pa),Stress (sP2D) (Pa),Stress Error (Pa),Stress Error Percentage (%),Current (A)
0.0,4.179525193496739,4.179587482378634,6.228888189507842e-5,0.0014903339257769932,29866.0,29866.0,0.0,0.0,-5.942940940055923,-5.942940940055923,0.0,-0.0,0.030392
1.0,4.179525191895803,4.179587480953534,6.22890577304247e-5,0.0014903381334129685,29865.999979473316,29865.999979494078,2.0761945052072406e-8,6.951699278893035e-11,-5.525522314101609,-5.525944564085158,0.00042224998354889465,-0.007641811208892892,0.030392
2.0,4.179483333652704,4.179539786574815,5.645292211120534e-5,0.0013507153302096723,29865.58491639724,29865.585336252305,0.00041985506322816946,1.405815638312359e-6,8154.581009441593,8146.326678526335,-8.254330915257924,-0.10122323765869562,0.030392
3.0,4.179446031000501,4.179499856308454,5.3825307952948265e-5,0.00128785747091136,29865.362457388608,29865.363819975708,0.0013625870997202583,4.562432823858657e-6,12049.950716309622,12023.645953336883,-26.3047629727389,-0.2182976809783576,0.030392
4.0,4.179412443113806,4.179464492865178,5.204975137207413e-5,0.0012453844189949167,29865.19380217773,29865.196830851684,0.003028673952940153,1.0141149503336912e-5,14754.219292746722,14696.604604710503,-57.61468803621938,-0.39049635153886564,0.030392
5.0,4.179381892249167,4.179432349192957,5.04569437893565e-5,0.0012072824424810508,29865.050987486295,29865.0557214096,0.004733923306048382,1.5851047125390597e-5,16886.78955978331,16798.66961334338,-88.11994643992875,-0.521827705189094,0.030392
6.0,4.179353822340646,4.179403415969984,4.9593629338318124e-5,0.0011866339019495418,29864.92410045768,29864.930520359085,0.006419901405024575,2.149645980491941e-5,18667.31409156237,18550.350234899233,-116.96385666313654,-0.6265703576284937,0.030392
7.0,4.179327841406451,4.179376554506871,4.871310042009469e-5,0.0011655726056585569,29864.808311137815,29864.816356575364,0.008045437549299095,2.693952516111955e-5,20202.87029701415,20059.305936959674,-143.5643600544754,-0.7106136798576252,0.030392
8.0,4.179303632663974,4.179352053428388,4.842076441402554e-5,0.0011585845076099712,29864.70083015173,29864.71042146918,0.009591317448212067,3.21158999809185e-5,21555.327833274718,21387.58446303491,-167.74337023980843,-0.7781991140996003,0.030392
9.0,4.179280956430859,4.179328880990013,4.7924559154033375e-5,0.0011467178123138518,29864.59987128269,29864.61091441411,0.011043131416954566,3.6977329227750546e-5,22764.320852949288,22574.93372886809,-189.38712408119682,-0.8319471742846231,0.030392
10.0,4.179259603509648,4.1793075060944656,4.790258481790488e-5,0.001146197876238111,29864.50420681267,29864.516604343913,0.012397531241731485,4.151259688049122e-5,23857.09426454501,23648.514984688365,-208.57927985664355,-0.8742861873443727,0.030392
11.0,4.179239411094458,4.179287005910956,4.759481649774244e-5,0.001138839195749217,29864.41294889099,29864.426604461347,0.01365557035751408,4.5725226144186365e-5,24853.348210604858,24627.882046232928,-225.46616437193006,-0.9071862771219061,0.030392
12.0,4.179220232981719,4.179267927817759,4.7694836039724464e-5,0.0011412376802573039,29864.325430125624,29864.34025168969,0.014821564065641724,4.962966299145159e-5,25767.885490312405,25527.648105744964,-240.23738456744104,-0.9323131486972798,0.030392
13.0,4.179201956004327,4.17924944181006,4.748580573288308e-5,0.0011362409912892449,29864.241133510084,29864.25703531633,0.01590180624407367,5.32469791312747e-5,26612.166547104418,26359.06383011632,-253.1027169880981,-0.9510789605953274,0.030392
14.0,4.179184476149238,4.179232111779469,4.763563023146844e-5,0.0011398307613202233,29864.159648613953,29864.176550770473,0.01690215651979088,5.659679267276934e-5,27395.282111978006,27131.03518192914,-264.2469300488665,-0.9645709395098002,0.030392
15.0,4.1791677136427055,4.179215192118174,4.74784754684876e-5,0.0011360749010741122,29864.080643106903,29864.09847290272,0.01782979581548716,5.9703146494156535e-5,28124.586106692816,27850.717836820142,-273.8682698726734,-0.97376817860975,0.030392
16.0,4.1791515929763206,4.179199232610854,4.763963453324749e-5,0.0011399355460881798,29864.00384330281,29864.022533479256,0.018690176446398254,6.258429561041475e-5,28806.128091938805,28524.00893121758,-282.11916072122403,-0.9793720274408316,0.030392
17.0,4.179136056871755,4.179183564658704,4.750778694884161e-5,0.0011367848833426838,29863.92902065055,29863.948510627313,0.019489976762997685,6.526260074325987e-5,29444.9539186101,29155.78565695879,-289.1682616513099,-0.9820638960774423,0.030392
18.0,4.179121049262861,4.179168709091277,4.765982841625771e-5,0.0011404270863286969,29863.85598190116,29863.876215669297,0.0202337681366771,6.775336764595863e-5,30045.32445199326,29750.190027363293,-295.1344246299668,-0.982297345803457,0.030392
19.0,4.179106528204583,4.17915406630285,4.753809826674171e-5,0.0011375182217995506,29863.784561960776,29863.80548928964,0.02092732886376325,7.007594372489411e-5,30610.87478558713,30310.71935300724,-300.15543257988975,-0.9805516329811501,0.030392
20.0,4.179092451111648,4.179140121785603,4.767067395494706e-5,0.0011406944094349135,29863.71461843042,29863.73619275862,0.021574328202405013,7.224261441706383e-5,31144.7357318065,30840.414082202435,-304.3216496040659,-0.9771206672762935,0.030392
21.0,4.162875854881344,4.163644185172488,0.0007683302911436485,0.018456718814775907,29863.646027508996,29863.66820712549,0.0221796164951229,7.426962024225734e-5,31649.625144699992,31341.881302661543,-307.74384203844966,-0.9723459302644665,0.3823
22.0,4.132538646828346,4.134736780965084,0.0021981341367380836,0.05319089123159476,29861.17826330669,29861.203644715442,0.025381408751854906,8.499801490768197e-5,79320.12484910146,78957.8241074447,-362.30074165675614,-0.45675765431029863,1.1017
23.0,4.11179210839085,4.1150035716636415,0.003211463272791093,0.07810373647630495,29852.574499788137,29852.61821466459,0.04371487645403249,0.0001464358675475133,244857.2994656863,244145.89068486355,-711.4087808227341,-0.2905401563993109,1.665
24.0,4.0869011172358745,4.091490677971048,0.004589560735173137,0.11229928504551709,29839.083973494486,29839.188379963038,0.1044064685520425,0.0003498983703547497,497343.207680564,495469.5471494791,-1873.6605310849263,-0.3767339137540509,2.4526
25.0,4.069646136538129,4.0751556281109105,0.005509491572781577,0.13538011384617,29821.897540770842,29822.159447968254,0.2619071974113467,0.0008782378688454741,809929.1985499726,805053.5366167774,-4875.661933195195,-0.6019861911293185,3.0432
26.0,4.057625126101727,4.063623867296521,0.005998741194793489,0.14783872359733352,29801.71234060922,29802.277828350052,0.5654877408305765,0.0018975008360845637,1.1672957712334702e6,1.1567059925191447e6,-10589.778714325512,-0.9072061233576983,3.4383
27.0,4.130286411065864,4.1309460764948085,0.000659665428944578,0.015971420944978592,29781.51286508576,29782.537761230906,1.0248961451470677,0.003441383753034926,1.5099455147784862e6,1.490869035751749e6,-19076.479026737157,-1.2633885686620776,0.87647
28.0,4.107349495858806,4.109232467779652,0.0018829719208461881,0.04584396635213721,29780.309311113484,29781.559797594033,1.250486480548716,0.004199037919602993,1.4666159549609025e6,1.4440563870345354e6,-22559.567926367046,-1.5382055438615794,1.452
29.0,4.034843362269157,4.042416566635302,0.007573204366144282,0.18769512682854644,29787.228626870263,29788.51235258259,1.2837257123283052,0.00430965138922085,1.2745385307570077e6,1.2523328361960247e6,-22205.694560982985,-1.7422536883050521,4.2781
30.0,4.085184882667572,4.0882159566182885,0.0030310739507166673,0.0741967386488862,29766.508683978424,29768.289472575718,1.780788597294304,0.005982524239575328,1.6416760883801563e6,1.610560024316582e6,-31116.06406357442,-1.8953838874681228,2.0705
31.0,4.095716117160254,4.097740934326603,0.0020248171663483916,0.049437439227411326,29750.059120230602,29752.246991490374,2.187871259771782,0.00735417449400626,1.9043644643429492e6,1.8665560635925692e6,-37808.40075038001,-1.9853552961263015,1.647
32.0,4.132144242349981,4.132323540443466,0.00017929809348515846,0.004339105388615144,29753.788623299453,29756.010000407572,2.2213771081187588,0.007465863040981791,1.7604936139030848e6,1.7235744710817768e6,-36919.14282130799,-2.09709041428766,0.64251
33.0,4.166867099822051,4.165624085386584,-0.001243014435466705,-0.029830911466309756,29760.950284918774,29763.160662174538,2.2103772557638877,0.007427105769818063,1.5640427097104462e6,1.5286656028238353e6,-35377.106886610854,-2.2619015879150948,-0.14223
34.0,4.178275296849384,4.17683938170881,-0.0014359151405747284,-0.03436621664583652,29774.59022343107,29776.69102686775,2.1008034366786887,0.007055692188923778,1.2540926879273737e6,1.2220113994879548e6,-32081.288439418888,-2.55812738151271,-0.37147
35.0,4.179546954356709,4.178382708371046,-0.0011642459856631149,-0.027855793902483113,29787.999381709353,29789.997802504156,1.9984207948036783,0.006708811723793588,966558.4560502481,937388.8397945557,-29169.61625569244,-3.017884337269303,-0.36196
36.0,4.1758666288542745,4.175126019993368,-0.0007406088609061001,-0.017735452942597922,29797.424713969962,29799.31095282759,1.886238857627177,0.006330207646242829,771065.1099770305,744825.0676138188,-26240.042363211745,-3.4030903517335154,-0.24336
37.0,4.181678909220836,4.180841738657793,-0.0008371705630434434,-0.02001996282396134,29803.216832838418,29804.981043603668,1.7642107652500272,0.005919531355105758,653889.3941334923,630619.1114915679,-23270.282641924336,-3.558749056139865,-0.34419
38.0,4.257503656907786,4.252428195008093,-0.005075461899692435,-0.11921215596509271,29807.957406353085,29809.602122218585,1.6447158654991654,0.005517707379535576,559735.7550938075,539245.660281,-20490.09481280751,-3.660672848989882,-2.4679
39.0,4.232601500276042,4.229661925502919,-0.0029395747731228994,-0.06945078039903323,29826.973906249896,29828.46375997622,1.4898537263252365,0.004994987862355875,186614.98483151177,169484.14962376354,-17130.835207748227,-9.179774723458069,-1.5457
40.0,4.158895066923601,4.160020206720334,0.001125139796732455,0.027053815463652424,29846.72383383247,29848.022980266727,1.2991464342558174,0.004352727091551611,-182386.7938751422,-195596.64905934985,13209.855184207641,-7.242769557784323,0.30511
41.0,4.144409216050856,4.146123911403936,0.001714695353079776,0.04137369800354037,29841.59457540687,29842.731812196496,1.1372367896256037,0.0038109116010939512,-46997.8467527225,-57016.24246940183,10018.395716679326,-21.316712166390854,0.65534
42.0,4.143239660257764,4.144758065619886,0.0015184053621215554,0.036647780158270894,29827.77963921149,29828.79860929676,1.018970085267938,0.0034161781319062843,243306.65291166297,235516.06909843054,-7790.583813232428,-3.201960867079514,0.66836
43.0,4.131869090517647,4.133779656023458,0.00191056550581159,0.04623973954538409,29819.560328618674,29820.5123738478,0.9520452291253605,0.0031926870102496306,403533.07835194556,396913.41809594055,-6619.660256005009,-1.6404256828312855,0.92799
44.0,4.102249874850312,4.105666174882979,0.003416300032666797,0.08327869186153503,29812.841758000082,29813.77229487407,0.9305368739878759,0.003121261909687534,525943.4682418267,519608.1541665078,-6335.314075318922,-1.2045617937793212,1.7388
45.0,4.062390967730108,4.068386397813205,0.0059954300830966645,0.14758377838868267,29801.15347344765,29802.09365678613,0.9401833384799829,0.0031548555303997586,740752.3061733769,734131.9844585372,-6620.321714839665,-0.893729477406466,3.1551
46.0,4.051845275140146,4.058180910856393,0.006335635716246735,0.15636420657813976,29779.42942560628,29780.495109742595,1.065684136316122,0.00357859152062792,1.1423998904402405e6,1.1332757115210895e6,-9124.17891915096,-0.7986852060739278,3.5063
47.0,4.0566865710071225,4.0619787085502805,0.005292137543158049,0.13045468143831013,29754.75568462174,29756.13666870851,1.3809840867688763,0.004641221394678146,1.5820209951953704e6,1.5668342069212764e6,-15186.788274093997,-0.9599612344094408,3.1505
48.0,4.124482935458915,4.124955975030501,0.0004730395715855096,0.011469063613252076,29737.87149251843,29739.667544598648,1.7960520802189421,0.006039612084108979,1.8492734215965113e6,1.826408670167109e6,-22864.75142940227,-1.2364181068293685,0.82876
49.0,4.153317528412501,4.1524713411128085,-0.0008461872996923248,-0.020373768533314095,29740.83966926103,29742.81986278729,1.9801935262621555,0.006658162810072933,1.7192523049331745e6,1.693629741044932e6,-25622.56388824247,-1.4903318038150537,0.12776
50.0,4.146424264911362,4.146256870767236,-0.00016739414412558773,-0.004037072268319029,29757.162404802333,29759.106062290688,1.943657488354802,0.00653172994761465,1.342341471896354e6,1.3183390388621497e6,-24002.433034204412,-1.7881018754710505,0.30059
51.0,4.21061702377532,4.207564668849912,-0.0030523549254084514,-0.07249186777551313,29766.839052948624,29768.74981975836,1.9107668097349233,0.006419112242103005,1.1215420326020764e6,1.0988960945916842e6,-22645.938010392245,-2.01917871574119,-1.1905
52.0,4.244037941502139,4.239258745343163,-0.004779196158976262,-0.11260964734176501,29781.107915925517,29782.973983343287,1.8660674177699548,0.006265943574154508,821586.225852544,800410.8069593514,-21175.418893192546,-2.577382413053387,-2.1659
53.0,4.228628865452399,4.225469451761202,-0.0031594136911969883,-0.07471484946359744,29806.22295569678,29808.01178920518,1.788833508398966,0.0060015437415798815,323107.08336151973,303942.7747681252,-19164.308593394526,-5.931256100613512,-1.5575
54.0,4.207651853460675,4.2060993037111265,-0.0015525497495483265,-0.036898246423866986,29823.957570925642,29825.584164250395,1.6265933247523208,0.005453982158082303,-5734.258674943308,-21330.431870670363,15596.173195727057,-271.98237958599327,-0.89464
55.0,4.1558954348967365,4.156894191901596,0.0009987570048597405,0.02403229389443378,29828.692571980948,29830.118733808584,1.4261618276359513,0.004781174448710471,-67875.34410365901,-79341.3403543053,11465.99625064629,-16.892726515147324,0.32348
56.0,4.072277404656563,4.078067421644466,0.005790016987902824,0.1421813008436523,29822.368462953982,29823.641471557527,1.2730086035444401,0.004268636829183437,82834.56613891531,74376.04707451255,-8458.51906440276,-10.211339853241515,2.7903
56.99999999999999,4.055670743148999,4.062268241123814,0.006597497974814459,0.16267341193708132,29797.292572692222,29798.448840981586,1.156268289363652,0.0038804474820753206,587896.2291216026,581625.1603508991,-6271.06877070351,-1.0666965461019107,3.4131999999999953
57.999999999999986,4.054971346209508,4.06084879991928,0.005877453709771885,0.1449443956062967,29764.940458536104,29766.131152494596,1.1906939584914653,0.004000323669889934,1.2046443619455607e6,1.1975344835536913e6,-7109.878391869366,-0.5902055923282252,3.2937000000000016
58.99999999999998,4.05324623426393,4.058664949852996,0.0054187155890659255,0.13368829022177492,29742.34252312758,29743.820019631163,1.4774965035830974,0.004967653447048427,1.597786552808286e6,1.5849933891897271e6,-12793.163618558785,-0.8006803910117649,3.2237000000000013
59.99999999999997,4.073158068118864,4.076616018017026,0.0034579498981619494,0.08489603988678396,29726.581280977443,29728.47689251969,1.8956115422479343,0.0063768232355093215,1.8424245060447177e6,1.8217310628829186e6,-20693.443161799107,-1.1231636951151611,2.3216000000000254
60.99999999999997,4.1041214346664034,4.1054254330496525,0.0013039983832490165,0.03177289960853728,29718.919101149135,29721.14757728274,2.2284761336049996,0.007498510043451855,1.922665891680052e6,1.8961682462827412e6,-26497.645397310844,-1.3781721261075077,1.26730000000003
61.999999999999964,4.109596890455259,4.110694100821799,0.0010972103665407573,0.02669873459095422,29722.32183382345,29724.674881277126,2.3530474536746624,0.007916768638838095,1.7886832386902638e6,1.7607081557339886e6,-27975.082956275204,-1.5640043106100516,1.0965000000000062
62.99999999999996,4.124194871758673,4.124701619377243,0.000506747618569392,0.01228718899874148,29728.191798026084,29730.571556625837,2.3797585997526767,0.008005056667828312,1.6198213425793557e6,1.5922568003178542e6,-27564.54226150154,-1.7017026221921843,0.722620000000016
63.99999999999995,4.162596037296396,4.1614393201353215,-0.0011567171610744609,-0.02778835973297443,29732.832129591945,29735.205862165745,2.3737325738002255,0.007983540092831387,1.4872685132744417e6,1.4606484359919203e6,-26620.077282521408,-1.789863568342032,-0.15333999999995643
64.99999999999994,4.141988992844134,4.1420442268598725,5.523401573892528e-5,0.0013335143051888786,29742.888528598614,29745.212201097285,2.3236724986709305,0.00781253137682527,1.255963640399811e6,1.2310498914473145e6,-24913.748952496564,-1.9836361619963592,0.3321799999999724
65.99999999999994,4.119330843835545,4.120698605966608,0.001367762131063266,0.033203502775458804,29750.558593120506,29752.815595944056,2.2570028235495556,0.007586421668302602,1.084140068795483e6,1.061135742809793e6,-23004.325985690113,-2.121896113594317,0.9002499999999677
66.99999999999993,4.126989777467579,4.127979687188754,0.00098990972117452,0.023986241172178346,29748.121640024878,29750.313612889866,2.1919728649882018,0.00736844124651888,1.1182632069540962e6,1.0970237255730191e6,-21239.481381077087,-1.8993275687687854,0.7160700000000131
67.99999999999993,4.143146797667183,4.14334998230388,0.00020318463669699582,0.0049041138685069,29745.192776887227,29747.32761710245,2.1348402152252675,0.007177093223897654,1.1568067644954612e6,1.137089131000592e6,-19717.63349486934,-1.7044880873833015,0.335630000000027
68.99999999999991,4.1435336126807325,4.143793149610747,0.0002595369300149031,0.006263661750459195,29747.5331776039,29749.617129653634,2.0839520497356716,0.007005461721123895,1.0882177099681858e6,1.069834678488324e6,-18383.03147986182,-1.6892788374487353,0.33391000000000015
69.99999999999991,4.1358824791921815,4.136588763423998,0.000706284231816845,0.017076989865408267,29751.004129571702,29753.03734046487,2.033210893168871,0.006834091663978204,1.0010817888156178e6,983980.8603885812,-17100.92842703662,-1.7082448824954422,0.5221099999999839
70.99999999999991,4.099407074043861,4.102064497381142,0.0026574233372809175,0.06482457802512161,29751.577776190356,29753.556160847274,1.9783846569189336,0.006649679797829744,974944.1924145096,959160.5342000644,-15783.658214445226,-1.6189294051135399,1.483299999999918
71.9999999999999,4.097926115509948,4.100548406517619,0.002622291007671862,0.06399068537978125,29744.469409615227,29746.40611064845,1.9367010332243808,0.00651112987276324,1.0997552388658982e6,1.0849844564048268e6,-14770.782461071387,-1.3430972582866236,1.5150999999999968
72.9999999999999,4.125434968118156,4.126373171204325,0.0009382030861688762,0.022741919177478725,29734.158210963604,29736.083890069538,1.9256791059342504,0.006476319565772043,1.279013507301411e6,1.2646264786637423e6,-14387.028637668584,-1.1248535340352863,0.7457100000000766
73.99999999999989,4.158149335785292,4.157523228030101,-0.0006261077551910077,-0.015057365780557361,29732.707045199964,29734.6381475076,1.9311023076370475,0.006494875507640008,1.274283553695801e6,1.2599658073924128e6,-14317.74630338815,-1.1235918616278482,-0.020391999999912907
74.99999999999989,4.170625990752809,4.169577944299019,-0.0010480464537900858,-0.025129236141381035,29740.583331857517,29742.51084367277,1.9275118152545474,0.006481082747256795,1.0887701135681719e6,1.0747186822350721e6,-14051.431333099725,-1.290578346888093,-0.2883499999999695
75.99999999999987,4.127479770839174,4.128647224893324,0.0011674540541504186,0.028284912803171875,29750.74480075619,29752.6436146435,1.898813887310098,0.006382407902816048,870317.1848650853,857026.7189872559,-13290.465877829352,-1.5270830116826444,0.7226199999998708
76.99999999999987,4.105486259860946,4.10784037550396,0.002354115643013799,0.05734072638434633,29751.2456455196,29753.090465141086,1.8448196214849304,0.006200814727106229,853130.3148971932,841068.3778169473,-12061.93708024593,-1.4138446225181271,1.3118999999999246
77.99999999999987,4.090825443474103,4.093887340468662,0.0030618969945583885,0.07484790140441913,29741.723574908505,29743.514182440696,1.7906075321916433,0.006020523752370164,1.0308286131866755e6,1.0199465884326047e6,-10882.024754070793,-1.0556580031699352,1.7348999999999462
78.99999999999986,4.133188258101578,4.133737662462611,0.0005494043610330124,0.013292507544414642,29730.438747649427,29732.217646426066,1.778898776639835,0.005983425914898346,1.2309141554783916e6,1.2203338338491349e6,-10580.321629256709,-0.8595499192341884,0.5575500000001673
79.99999999999986,4.157987590627013,4.157348924074541,-0.0006386665524722446,-0.015359991788141325,29728.56443919305,29730.360418721782,1.79597952873155,0.0060412588451926605,1.2351919050015956e6,1.2243597934785252e6,-10832.111523070373,-0.8769577811519401,-0.019865999999917946
80.99999999999984,4.102515711069427,4.104800875782066,0.00228516471263962,0.055701546894111297,29737.535266353276,29739.33880877273,1.8035424194531515,0.006064868534998531,1.028616392288246e6,1.0177568948356814e6,-10859.497452564538,-1.055738323244747,1.3511999999997857
81.99999999999984,4.088201230642582,4.091318541331538,0.003117310688955932,0.07625140038583557,29735.764462564654,29737.56226849745,1.797805932797928,0.006045938166685595,1.0466872172265941e6,1.0360757823209495e6,-10611.434905644623,-1.0138114549408304,1.785199999999932
82.99999999999983,4.073359813095793,4.077219761537498,0.003859948441705008,0.09476080235522845,29722.93378048175,29724.731395179366,1.7976146976143355,0.00604790466139914,1.2795668662515962e6,1.2690892452430497e6,-10477.621008546557,-0.818841225487499,2.2522999999999205
83.99999999999983,4.052921511720663,4.058036520369346,0.005115008648683528,0.1262054701501475,29709.980552257355,29711.842119500543,1.861567243187892,0.006265797582443892,1.5007366992720354e6,1.4891343692267204e6,-11602.330045314971,-0.7731089704771616,2.9826999999998756
84.99999999999983,4.071546753209252,4.074913589038464,0.003366835829211823,0.08269181304520289,29693.748815724273,29695.79652196149,2.047706237215607,0.0068960852667119205,1.775852645694538e6,1.7607984560711745e6,-15054.189623363549,-0.847716146937171,2.1935000000001343
85.99999999999982,4.081775636120382,4.084228542698458,0.002452906578076508,0.06009410601529117,29682.852306782133,29685.106202731477,2.253895949343132,0.007593259320392694,1.9337826771794683e6,1.9150783862641635e6,-18704.290915304795,-0.9672385183730193,1.7884000000000748
86.99999999999982,4.095046542139779,4.0966773934474,0.0016308513076204179,0.03982497612269509,29681.05530098503,29683.450924668174,2.39562368314364,0.008071221386337082,1.9088699151226815e6,1.887955411224585e6,-20914.503898096504,-1.0956484636488362,1.3548000000000802
87.9999999999998,4.0940822480721355,4.095821828479418,0.001739580407282837,0.04249011870980337,29682.136738449248,29684.61974115622,2.4830027069729113,0.008365309845623453,1.833692525027901e6,1.8117031081086951e6,-21989.416919205803,-1.1991877928864447,1.370299999999997
88.9999999999998,4.093361235774885,4.095204624863341,0.001843389088456604,0.045033628411435454,29683.098619588203,29685.625172299733,2.5265527115298028,0.008511755271609356,1.7679531346602777e6,1.7457538673214617e6,-22199.267338816077,-1.255647952629796,1.3857999999999968
89.99999999999979,4.119437402041653,4.119907310439657,0.00046990839800375994,0.011407101313661582,29681.898844335337,29684.458257262162,2.5594129268247343,0.008622807254506856,1.749603872066937e6,1.7273698409701379e6,-22234.031096799066,-1.2708037203034053,0.6859600000001492
90.99999999999979,4.139685736535773,4.139286377012404,-0.00039935952336911384,-0.009647097600778537,29684.758824556946,29687.31271116886,2.5538866119131853,0.008603359815072719,1.6527394965286858e6,1.631195246258218e6,-21544.250270467717,-1.3035478558912617,0.21285000000010085
91.99999999999979,4.1304476058486195,4.130685898726484,0.00023829287786458764,0.005769178079566253,29693.162983219852,29695.67549778026,2.5125145604069985,0.008461592865087719,1.4527834437061488e6,1.4325709978464544e6,-20212.445859694388,-1.3912910384035677,0.44477999999995055
92.99999999999977,4.131365523751293,4.131704080861786,0.00033855711049302073,0.008194799238814623,29698.813090892836,29701.271023164525,2.45793227168906,0.008276196978534428,1.3179180479307966e6,1.2992107867178572e6,-18707.261212939397,-1.4194555755808047,0.4426700000000005
93.99999999999977,4.112857386260316,4.114181954924102,0.001324568663785719,0.03220555782485094,29700.7292635791,29703.12040324612,2.3911396670227987,0.008050777628396366,1.2618298168565908e6,1.244786571162882e6,-17043.24569370877,-1.3506770458290545,0.909059999999894
94.99999999999976,4.087671148298441,4.090412766124192,0.002741617825750886,0.06707041066383553,29699.29668406326,29701.623009306724,2.326325243462634,0.007832930416533896,1.2720813241623333e6,1.25658366690272e6,-15497.657259613276,-1.218291391064836,1.6234999999998274
95.99999999999976,4.158466436833045,4.157483541467197,-0.0009828953658477246,-0.02363600574341214,29691.08418716538,29693.367779802196,2.2835926368170476,0.007691172954216945,1.4128850790429255e6,1.398435147948119e6,-14449.931094806409,-1.022725153598101,-0.16858999999956706
96.99999999999974,4.16563846034377,4.16438587917734,-0.0012525811664296782,-0.030069368197793836,29694.05439680559,29696.309177034986,2.254780229395692,0.007593372731337946,1.324441119279063e6,1.3107354712599483e6,-13705.648019114742,-1.034825015594138,-0.3281699999999592
97.99999999999974,4.1599779069298295,4.15925934727302,-0.0007185596568097807,-0.01727316040820265,29707.829358981195,29710.048785794013,2.2194268128187105,0.007470848125589288,1.0296031565335208e6,1.0167566619427456e6,-12846.494590775226,-1.2477132096240793,-0.16728000000004115
98.99999999999974,4.099259160008415,4.101660318961034,0.0024011589526189425,0.05857543665558372,29714.93587325079,29717.09114479774,2.1552715469515533,0.0072531590044308866,882403.6886709252,870958.5308600756,-11445.157810849603,-1.2970432873063211,1.3393999999996145
99.99999999999973,4.0834702747545695,4.086719579969919,0.003249305215349274,0.07957215301498842,29708.733541710848,29710.794483800248,2.0609420893997594,0.006937159022636261,1.0016554823846412e6,992148.7656313019,-9506.716753339279,-0.9491004562473555,1.82169999999987
100.99999999999973,4.088838721950699,4.0914640252541625,0.0026253033034633333,0.06420657506909092,29693.45770106371,29695.446712459638,1.9890113959263545,0.006698483605212141,1.2885602183502633e6,1.2804702930755978e6,-8089.925274665467,-0.6278267138359243,1.617600000000055
101.99999999999972,4.103358341722621,4.104950918578938,0.001592576856316974,0.0388115471204106,29683.453155014904,29685.43983659365,1.9866815787463565,0.006692892394868535,1.4542194857206494e6,1.4461371753099246e6,-8082.31041072472,-0.5557833937783794,1.1622000000001294
102.99999999999972,4.111366995849845,4.11247684187649,0.0011098460266456556,0.026994574499575746,29680.632408107125,29682.660280536664,2.0278724295385473,0.006832308697656468,1.4715159246328596e6,1.4626271570897507e6,-8888.767543108901,-0.6040551375838241,0.9310300000000657
103.9999999999997,4.130521163738484,4.130705152666127,0.0001839889276427087,0.004454375618697534,29681.53570553201,29683.597755072267,2.0620495402581582,0.006947246802576444,1.4176138592497155e6,1.4081301863330938e6,-9483.672916621668,-0.6689884452484816,0.45544000000014195
104.9999999999997,4.165234614763785,4.163885749751607,-0.0013488650121775692,-0.032383890391107416,29685.223685184756,29687.296577272522,2.072892087766377,0.006982908768852943,1.313893201621482e6,1.30431759966266e6,-9575.601958821993,-0.7287960655405399,-0.3314899999997652
105.9999999999997,4.172957638658448,4.171438268654952,-0.0015193700034963342,-0.03640990719438005,29694.969099609727,29697.03012063237,2.061021022644127,0.006940640401849127,1.0975849259846997e6,1.088371853473813e6,-9213.072510886705,-0.8393949563967622,-0.4877599999999534
106.99999999999969,4.115167349441378,4.116597033876966,0.0014296844355881078,0.03474182977715799,29706.488113932686,29708.510742116992,2.022628184306086,0.006808708510237701,858242.2407934135,849895.5907358621,-8346.650057551335,-0.9725284611760852,0.8909499999995689
107.99999999999969,4.098348033313549,4.100675658892926,0.002327625579376935,0.05679423905575511,29705.093142509668,29707.04420966398,1.9510671543139324,0.006568123334788825,883972.4903693004,877102.0535990789,-6870.436770221451,-0.7772229164451898,1.3599999999998533
108.99999999999967,4.081786289588435,4.084908278438666,0.0031219888502311832,0.07648584783075384,29693.38559859532,29695.26208026897,1.876481673651142,0.0063195275170639725,1.1067138086967447e6,1.1013087301365505e6,-5405.078560194233,-0.4883899087298098,1.8484999999998404
109.99999999999967,4.079656815473003,4.08268350842487,0.0030266929518667496,0.07418989117877135,29681.45210393848,29683.305237987945,1.853134049462824,0.006243407643849501,1.3188149118652756e6,1.3138093428080634e6,-5005.569057212211,-0.3795505352705292,1.882199999999989
110.99999999999966,4.070159377616235,4.073591621599558,0.003432243983323424,0.08432701682884916,29670.632279883423,29672.527162999068,1.894883115644916,0.006386392773064157,1.4978295149147543e6,1.4919537079013882e6,-5875.807013366139,-0.3922881045444312,2.161499999999905
111.99999999999966,4.082460258006025,4.08488234337897,0.002422085372945304,0.05932906188603807,29660.89753593919,29662.88834220853,1.990806269339373,0.006711888158229786,1.647864207328681e6,1.640129086214589e6,-7735.121114091948,-0.4694028233449645,1.7077000000001548
112.99999999999966,4.097438026010032,4.098851445327846,0.0014134193178145793,0.03449519697045733,29654.434365560115,29656.53454172825,2.100176168136386,0.0070821656628037915,1.728259167395993e6,1.718515919567824e6,-9743.247828168795,-0.563760806942466,1.229600000000163
113.99999999999966,4.136715860809931,4.136181221459522,-0.0005346393504082059,-0.012924246392487989,29654.445740810723,29656.62504064757,2.179299836847349,0.007348981855520491,1.6802822550684586e6,1.6692288298996773e6,-11053.425168781308,-0.6578314527478579,0.23701000000033853
114.99999999999967,4.162386170424602,4.16082906697287,-0.0015571034517325444,-0.037408913733098084,29661.954436690583,29664.166784495745,2.2123478051616985,0.007458536860353065,1.4907431767107113e6,1.4793343800630094e6,-11408.796647701878,-0.7653093320121788,-0.33949999999981156
115.99999999999967,4.283360117987795,4.273708541449717,-0.009651576538077578,-0.2253272261079842,29675.1868221754,29677.391270237527,2.2044480621261755,0.0074285903416077435,1.2010853404426903e6,1.1901187617647364e6,-10966.57867795392,-0.9130557428926666,-4.4928999999986425
116.99999999999967,4.284337050373919,4.275598330509404,-0.008738719864514799,-0.20396900994874156,29713.39448069048,29715.451193592482,2.056712902001891,0.0069218375683682476,436149.73880020174,428330.02650070185,-7819.712299499894,-1.7928962472867762,-4.313800000000058
117.99999999999969,4.280430977835582,4.273384350704343,-0.007046627131239269,-0.1646242438606597,29761.32461662294,29762.93058893387,1.6059723109283368,0.0053961721516633514,-478899.0752407014,-477804.1529197675,-1094.9223209338961,0.22863320844450843,-3.7936000000001626
118.99999999999969,4.274422135624159,4.268712126985776,-0.005710008638383002,-0.1335855106774384,29787.73138471796,29788.614483235302,0.8830985173408408,0.002964638380598188,-927934.2914052823,-913064.1621132297,-14870.129292052588,1.602498089550389,-3.2689000000001642
119.9999999999997,4.266028514565997,4.261510013791367,-0.004518500774630674,-0.10591820376264788,29803.575954299507,29803.729391908797,0.15343760928953998,0.0005148295275869567,-1.1593415434870957e6,-1.1312506404456736e6,-28090.903041422134,2.4230049547719674,-2.740300000000158
120.9999999999997,4.2550664728088625,4.25163941976206,-0.003427053046802797,-0.08054052900707152,29812.935139912803,29812.559092898413,-0.3760470143897692,-0.0012613552225735967,-1.2640444487234987e6,-1.2272198160579475e6,-36824.63266555127,2.9132387474774957,-2.2084000000001587
121.99999999999972,4.24118931238549,4.238774894178823,-0.0024144182066674347,-0.05692785746716471,29817.391644363273,29816.692808154025,-0.6988362092488387,-0.00234372012677691,-1.2776116797298384e6,-1.236351876255529e6,-41259.80347430939,3.2294478931997648,-1.673700000000152
122.99999999999972,4.223918713874391,4.222453870219221,-0.0014648436551700783,-0.03467973117850201,29817.800971821296,29816.954559362723,-0.846412458573468,-0.002838614622766289,-1.2194126803273486e6,-1.1771605277261767e6,-42252.15260117198,3.4649592613576465,-1.1370000000001526
123.99999999999973,4.202861963588104,4.2022962929262215,-0.0005656706618824003,-0.013459177740861873,29814.710375057522,29813.84656643847,-0.8638086190512695,-0.0028972564488633002,-1.1019062102128959e6,-1.061067257781306e6,-40838.95243158983,3.70620948072336,-0.5986900000001454
124.99999999999973,4.1797496066429245,4.179991447088292,0.0002418404453674583,0.005786003185049613,29808.511779043165,29807.708834582547,-0.8029444606181642,-0.0026936751038429004,-934024.6999419669,-895904.774520915,-38119.925421051914,4.081254534641364,-0.08503300000013869
125.99999999999974,4.173790068110347,4.174024209979419,0.00023414186907189105,0.00560981422762111,29799.69815260215,29798.98193507216,-0.7162175299890805,-0.0024034388748549775,-726382.498071588,-691240.8953170576,-35141.60275453038,4.837892274087671,0.030391999999970474
126.99999999999974,4.172899534114757,4.172927629890704,2.809577594664603e-5,0.0006732914539867133,29791.38492978682,29790.75315022736,-0.6317795594586642,-0.0021206787161713366,-540717.8233348401,-508294.35339375207,-32423.469941088057,5.996375288892556,0.030392
127.99999999999974,4.172103405425674,4.171984217463607,-0.00011918796206700222,-0.002856783509056905,29785.948503350966,29785.401488005,-0.5470153459646099,-0.0018364879194734047,-420829.37884264515,-390963.4288100196,-29865.950032625522,7.096926102156209,0.030392
128.99999999999974,4.17145115030995,4.171226494046829,-0.00022465626312051512,-0.005385566198080075,29782.30990219763,29781.84955940915,-0.4603427884794655,-0.0015456920231882248,-340836.1494639971,-313426.5291496704,-27409.62031432672,8.041875944623659,0.030392
129.99999999999977,4.170913114802767,4.170609153383924,-0.00030396141884292405,-0.007287646864763274,29779.583190152724,29779.20590258823,-0.37728756449359935,-0.001266933664197012,-281106.2663474706,-255961.42682498187,-25144.839522488706,8.94495873365114,0.030392
130.99999999999977,4.17046685465695,4.17010601318128,-0.00036084147567017055,-0.0086523041243509,29777.437386745612,29777.137825592523,-0.2995611530895985,-0.0010060004465761642,-234298.23921513555,-211213.01163873627,-23085.22757639928,9.852924056847964,0.030392
131.99999999999977,4.170095306442853,4.169691771650105,-0.0004035347927482391,-0.009676872183826889,29775.698470490337,29775.47090568922,-0.22756480111638666,-0.0007642635196011213,-196548.02284238575,-175326.59180767805,-21221.431034707697,10.797071742474571,0.030392
132.99999999999977,4.169785070986691,4.169351535733841,-0.00043353525285017014,-0.010397064728028853,29774.26008862135,29774.098680525418,-0.16140809593343874,-0.0005421061529422291,-165491.7364773313,-145950.27111899105,-19541.46535834024,11.808121525763909,0.030392
133.9999999999998,4.169525468306919,4.1690687934430555,-0.00045667486386324896,-0.010952681961880107,29773.051675888542,29772.950720932196,-0.10095495634595864,-0.00033908165493064376,-139559.55643735305,-121528.63426238595,-18030.922174967098,12.919876384861546,0.030392
134.9999999999998,4.169307813148967,4.1688353522682915,-0.0004724608806752073,-0.011331878140183905,29772.02383052929,29771.9779359721,-0.04589455719178659,-0.00015415329993362655,-117651.67689360527,-100977.71390913437,-16673.962984470898,14.172312222586928,0.030392
135.9999999999998,4.169125064323232,4.168640047837749,-0.0004850164854834915,-0.011633531688314165,29771.14060758603,29771.144792458195,0.00418487216666108,1.4056808309167457e-5,-98967.41969971544,-83512.95078037256,-15454.468919342879,15.61571370278669,0.030392
136.9999999999998,4.168971436078543,4.168478470170555,-0.0004929659079877524,-0.011824641054663848,29770.37507283399,29770.424797114385,0.04972428039400256,0.00016702604610237804,-82906.56453154163,-68549.37812898295,-14357.186402558684,17.317309532342907,0.030392
137.9999999999998,4.168842214950521,4.16834269654789,-0.0004995184026315158,-0.011982185385671749,29769.706567643057,29769.79773632866,0.09116868560158764,0.00030624650395674253,-69008.59721261881,-55640.63165124756,-13367.965561371253,19.371449502420557,0.030392
138.99999999999983,4.168733498725468,4.168230488404902,-0.0005030103205658776,-0.012066262348496636,29769.118941560806,29769.247874816847,0.12893325604090933,0.0004331107557936658,-56913.42168721215,-44439.20131485516,-12474.220372356984,21.91788861494478,0.030392
139.99999999999983,4.168642093719051,4.168136015374319,-0.0005060783447321526,-0.012140124610233814,29768.59936598821,29768.762774002276,0.16340801406477112,0.0005489274522316666,-46334.968742199766,-34670.323001875506,-11664.64574032426,25.174605825730566,0.030392
140.99999999999983,4.168565332991742,4.1680583244328355,-0.0005070085589062856,-0.012162663132411796,29768.137511822413,29768.33245135526,0.19493953284836607,0.0006548596893942251,-37042.890201010894,-26113.451754854916,-10929.438446155978,29.504820997627547,0.030392
141.99999999999983,4.1685010237896085,4.16799299538947,-0.0005080284001381941,-0.012187316189653769,29767.724964930352,29767.948810109057,0.22384517870523268,0.0007519727455455427,-28849.539073124444,-18589.652884287898,-10259.886188836546,35.563431924617525,0.030392
142.99999999999986,4.168447317950968,4.167939836445104,-0.0005074815058643267,-0.012174353354039344,29767.35480072089,29767.605201173406,0.25040045251807896,0.0008411914803797578,-21600.489613660815,-11951.961443624272,-9648.528170036543,44.66809939314763,0.030392
143.99999999999986,4.168402689678462,4.167895405018023,-0.0005072846604390335,-0.012169761373946429,29767.021269129084,29767.296124530985,0.27485540190173197,0.0009233554120740332,-15167.51440276533,-6078.770707446887,-9088.743695318442,59.92243326079446,0.030392
144.99999999999986,4.1683658402426484,4.1678599517763635,-0.000505888466284965,-0.012136373957414359,29766.719556902783,29767.016981309833,0.29742440705012996,0.0009991843625279779,-9443.283810286954,-868.3855025499819,-8574.898307736972,90.80419989491352,0.030392
145.99999999999986,4.168335693661858,4.167830729972227,-0.0005049636896305998,-0.012114275978262016,29766.44560611418,29766.763908137138,0.31830202295896015,0.0010693316466833355,-4337.317724317232,3764.6543486509354,-572.6633756662968,13.20316868777336,0.030392
146.9999999999999,4.1683113244311825,4.1678082379855335,-0.0005030864456490036,-0.01206931072303377,29766.195973308262,29766.533627290966,0.33765398270406877,0.0011343538254160778,227.1562279134361,7892.859658197108,7665.703430283672,3374.639339936958,0.030392
147.9999999999999,4.168291963578029,4.167790237443653,-0.0005017261343756019,-0.012036732041795943,29765.967719390876,29766.323350854815,0.3556314639390621,0.0011947586159189037,4315.659531790783,11577.926893288652,7262.2673614978685,168.277115189492,0.030392
148.9999999999999,4.168276942252204,4.167777355351823,-0.0004995869003812103,-0.011985453637139414,29765.7583222133,29766.130685068943,0.37236285564358695,0.0012509772188995557,7984.412868752704,14872.830740825995,6888.417872073292,86.27331759147089,0.030392
149.9999999999999,4.168265703562992,4.1677677342010275,-0.0004979693619642234,-0.011946679923464671,29765.56560693814,29765.95357316549,0.38796622735026176,0.0013034061992083551,11281.890004292514,17823.103944259205,6541.21393996669,57.97977056572879,0.030392
150.9999999999999,4.168257757373102,4.167762057079918,-0.0004957002931833543,-0.011892265834724962,29765.38768970309,29765.790231431383,0.4025417282937269,0.0013523819427118716,14250.074524948493,20468.232532055878,6218.158007107384,43.63596833280322,0.030392
151.99999999999991,4.168252695108098,4.167758758620967,-0.0004939364871310303,-0.011849965039564876,29765.222932055738,29765.639114415815,0.4161823600770731,0.0013982168419402778,16925.47666472851,22842.440159263497,5916.963494534986,34.95891791848626,0.030392
152.99999999999991,4.16825015266772,4.167758534298102,-0.0004916183696179743,-0.011794358582421786,29765.06990348692,29765.4988704709,0.4289669839781709,0.0014411757989115901,19339.969025470415,24975.65552164475,5635.686496174334,29.140100942003734,0.030392
153.99999999999991,4.168249826500951,4.167760047726272,-0.0004897787746784843,-0.011750225995681993,29764.92735074613,29765.368320346795,0.4409696006659942,0.0014815073978500413,21521.471334362242,26893.999457279937,5372.528122917694,24.963572608252164,0.030392
154.99999999999991,4.1682514425505754,4.167763981026412,-0.00048746152416345723,-0.011694628572243158,29764.794172248083,29765.246425209494,0.4522529614114319,0.0015194224384494509,23494.521250006204,28620.47869253823,5125.957442532024,21.817671396605583,0.030392
155.99999999999994,4.1682547725725225,4.167769180796954,-0.0004855917755683947,-0.011649762360104057,29764.669396893765,29765.132273465188,0.4628765714223846,0.0015551208221069315,25280.746994872756,30175.289634405955,4894.5426395332,19.360751644426777,0.030392
156.99999999999994,4.168259607677888,4.167776301269557,-0.00048330640833160743,-0.011594920993917037,29764.552166177808,29765.025057070066,0.4728908922588744,0.0015887720722915222,26899.26635604045,31576.330545380984,4677.064189340534,17.387329927272386,0.030392
157.99999999999994,4.168265774301602,4.167784337768409,-0.0004814365331933246,-0.01155004405336869,29764.44171925342,29764.92406351873,0.4823442653105303,0.0016205385938702866,28367.019984848295,32839.38982118907,4472.369836340775,15.766089771606625,0.030392
158.99999999999994,4.168273111332095,4.167793909073567,-0.0004792022585276001,-0.01149642179695027,29764.337380166213,29764.828657846356,0.49127768014295725,0.0016505580953074582,29699.056036228674,33978.53376280189,4279.4777265732155,14.409473894903776,0.030392
159.99999999999994,4.168281485399327,4.1678041331721,-0.00047735222722700144,-0.011452015150585982,29764.238547121022,29764.7382779066,0.49973078557741246,0.001678963783287342,30908.76970540512,35006.22087422944,4097.451168824318,13.25659742486542,0.030392
160.99999999999997,4.1682907708656005,4.167815590142752,-0.00047518072284891133,-0.011399893840664905,29764.144683206796,29764.652420395312,0.5077371885163302,0.0017058685674337557,32008.109995498762,35933.60194753586,3925.4919520371004,12.264054180609648,0.030392
161.99999999999997,4.168300864266786,4.1678275004102945,-0.0004733638564911047,-0.011356278539034167,29764.055308551677,29764.570638244033,0.5153296923563175,0.001731382659433022,33007.754803923905,36770.586449920156,3762.8316459962516,11.399841244424575,0.030392
162.99999999999997,4.16831166662999,4.167840404732343,-0.000471261897647679,-0.011305822005116192,29763.96999347378,29764.492529558258,0.5225360844779061,0.001755599419675804,33917.26358416532,37526.07922097825,3608.815636812935,10.640055403814339,0.030392
163.99999999999997,4.148071449699528,4.148482702778046,0.0004112530785178592,0.009914320028109663,29763.888352659425,29764.41773637713,0.5293837177050591,0.0017786107494848142,34745.20728082993,38208.01564016431,3462.8083593343836,9.966290692543742,0.4783599999999873
165.0,4.112320274653822,4.114459915969534,0.002139641315712204,0.05203002618496976,29760.76114665651,29761.300370695157,0.5392240386463527,0.0018118623915199567,95442.61015636627,98701.43109054446,3258.8209341781912,3.414429811631487,1.3745
166.0,4.083219610695952,4.086975887824717,0.0037562771287644736,0.09199302234258828,29750.005302754336,29750.57579964343,0.5704968890931923,0.0019176362601870667,302607.58876827685,305245.6207256297,2638.031957352825,0.8717666229358543,2.2717
167.0,4.058275505292952,4.0635307452405405,0.005255239947588919,0.12949441063660763,29732.04721112971,29732.72384576059,0.6766346308795619,0.0022757754488775153,639976.8670661907,640550.7254207951,573.8583546044538,0.08966860899756576,3.1708
168.0,4.0357501256621475,4.04241633028188,0.006666204619732774,0.16517882455963614,29709.537827847835,29710.488110018956,0.9502821711212164,0.0031985760822926105,1.0498741743647265e6,1.0451984455319179e6,-4675.728832808672,-0.44536087723444884,4.0726
169.0,4.014659606136204,4.022661579334532,0.008001973198327406,0.19931884601366434,29683.549148665967,29685.049970364973,1.5008216990063374,0.0050560722758915344,1.5096085104432201e6,1.4945141977325596e6,-15094.31271066051,-0.9998825924894148,4.9781
170.0,4.023224818767036,4.029585492571094,0.006360673804057804,0.15809889058119067,29654.717959447553,29657.15879633501,2.440836887457408,0.008230855173855375,2.006093675739492e6,1.9734531376425093e6,-32640.538096982753,-1.627069487916645,4.3107
171.0,4.020716879653416,4.026693287393792,0.005976407740376111,0.14864035243613755,29632.313217879455,29635.752933001055,3.4397151215998747,0.011607987187191412,2.356963984916948e6,2.3064804791214755e6,-50483.5057954723,-2.1418870257897127,4.242
172.0,4.035006454300708,4.0393366263866595,0.004330172085951212,0.107315121673124,29617.812370424996,29622.119700141455,4.307329716459208,0.01454303802923781,2.543418146760022e6,2.4784193579771053e6,-64998.7887829165,-2.5555683349085303,3.4213
173.0,4.07620974838696,4.077323000768193,0.0011132523812333872,0.02731096901168847,29608.589315998965,29613.54878598331,4.959469984343741,0.016750105624464513,2.626167140926841e6,2.551363818820539e6,-74803.32210630225,-2.848383902934002,1.7636
174.0,4.167971356842753,4.164664885421557,-0.003306471421196555,-0.07933047370318816,29612.905548767434,29617.94593377335,5.040385005915596,0.01702090663685445,2.4469009304420515e6,2.3737105866408693e6,-73190.34380118223,-2.9911445490341055,-0.57323
175.0,4.16324024399478,4.1607512596359335,-0.00248898435884648,-0.05978478812114405,29636.2867041874,29641.024529621107,4.737825433705439,0.015986569036113476,1.9102074193256032e6,1.8457271428693072e6,-64480.27645629598,-3.3755641300493258,-0.42559
176.0,4.153962149642261,4.152489059812956,-0.0014730898293056072,-0.035462283387258826,29660.649448530457,29665.07812642088,4.4286778904242965,0.014931156170768593,1.3883900959306944e6,1.3320376088866738e6,-56352.487044020556,-4.058836720975396,-0.15373
177.0,4.103238546367434,4.104493118072726,0.0012545717052923067,0.030575158892552554,29671.347861617985,29675.521658439957,4.173796821971337,0.014066758414336956,1.1621409554390977e6,1.112326441734212e6,-49814.51370488573,-4.286443350244381,1.1013
178.0,4.110812694446331,4.111740968062623,0.00092827361629233,0.022581267629790548,29669.190849813538,29673.16779174612,3.976941932582122,0.013404281743690074,1.19484651650877e6,1.150078345280893e6,-44768.17122787703,-3.7467717074395,0.92045
179.0,4.1104779028005956,4.111390716719653,0.000912813919057065,0.022207002218285535,29662.874074161304,29666.71089403858,3.8368198772768665,0.012934754291456331,1.3015548223903864e6,1.2604877141673472e6,-41067.10822303919,-3.1552346099119277,0.92857
180.0,4.095601123509801,4.0973478598484085,0.0017467363386076684,0.04264908339293477,29661.333213568745,29665.052173404194,3.7189598354489135,0.012538073756400318,1.3054155685015859e6,1.2674710768279019e6,-37944.49167368398,-2.9066982644644233,1.3343
181.0,4.037595838202336,4.043367544708842,0.005771706506506824,0.14294908994845232,29657.307022547597,29660.95375490765,3.6467323600518284,0.012296235653760885,1.3575228651693182e6,1.3216940623744915e6,-35828.80279482668,-2.6392780345808693,3.4217
182.0,4.173222942620579,4.170853287176065,-0.0023696554445136186,-0.05678238323461319,29638.854363488474,29642.616126208628,3.7617627201543655,0.012691997720358611,1.6898788534110521e6,1.6524295885293118e6,-37449.264881740324,-2.216091692380686,-0.58854
183.0,4.2487737407549675,4.241699068972947,-0.007074671782020481,-0.1665109091161766,29641.198514445838,29645.007859415924,3.8093449700863857,0.012851521399277683,1.5942536479042983e6,1.556664223600927e6,-37589.42430337123,-2.357807012252023,-2.973
184.0,4.202707501106083,4.1996861401282795,-0.003021360977803589,-0.0718908222142135,29681.798653412632,29685.52027434627,3.7216209336365864,0.012538394243196232,756064.7186004705,721017.8630958769,-35046.85550459358,-4.635430624175639,-1.2641
185.0,4.266158389347568,4.259250256570332,-0.006908132777236453,-0.16192865212144472,29706.90286710177,29710.484045090325,3.5811779885552824,0.012055036516516758,272577.4356091344,240969.26697050722,-31608.16863862716,-11.59603272662381,-3.3805
186.0,4.215119872237316,4.212406168131591,-0.0027137041057248013,-0.06438023562742504,29726.841219393064,29729.98853150753,3.147312114466331,0.010587442141054332,-90002.8881324366,-112570.5782284062,22567.690095969607,-25.074406571000164,-1.4032
187.0,4.170475349196202,4.170360813680714,-0.00011453551548790131,-0.0027463419849724406,29743.23605581447,29745.992025821706,2.75597000723792,0.0092658714138106,-371766.05055489944,-386601.20153311506,14835.15097821562,-3.9904533929530728,-0.20697
188.0,4.0985692805749485,4.1017845831084525,0.003215302533503994,0.0784493883937214,29735.76727992229,29738.34018719959,2.5729072772992367,0.008652567304145114,-177667.0861675009,-189182.23515200263,11515.14898450172,-6.481306826659764,1.5836
189.0,4.1152879155427,4.11719600284931,0.0019080873066101844,0.04636582775663601,29716.180858546486,29718.5751675468,2.394309000312205,0.0080572567912057,234231.16261784063,225916.2226382387,-8314.939979601942,-3.5498863117407504,1.0826
190.0,4.069727719209271,4.074076858755957,0.004349139546685699,0.10686561477215276,29698.85498497111,29701.139483199993,2.284498228884331,0.007692209783981183,574196.9206466937,567673.8156394671,-6523.105007226579,-1.1360397056605391,2.4753
191.0,4.032170530195195,4.039183593265,0.007013063069805092,0.17392773984352278,29683.02501232784,29685.31925653877,2.2942442109306285,0.007729145563761752,866883.7804266438,859815.5831459091,-7068.197280734661,-0.8153569648351237,4.007
192.0,4.016756640428981,4.0244521183757715,0.0076954779467905965,0.1915843710653264,29654.125270688357,29656.610123979728,2.4848532913711097,0.008379452331467908,1.4036560289170053e6,1.392614955189057e6,-11041.073727948358,-0.7865939732020479,4.6195
193.0,3.985929699326476,3.9959143961159764,0.009984696789500536,0.2504985672774837,29622.981252319467,29626.00257183379,3.0213195143223857,0.010199241894621318,1.9583992969622477e6,1.9368755952518317e6,-21523.701710416004,-1.0990456207680572,6.1285
194.0,3.9560520439272224,3.9683940567140303,0.01234201278680791,0.31197801873596787,29589.516859170235,29593.722055383958,4.205196213722957,0.014211777210616075,2.5352464221190964e6,2.491121519342002e6,-44124.902777094394,-1.7404581421403764,7.7414
195.0,3.9450051803360813,3.9573410276869545,0.01233584735087323,0.31269533972633007,29548.57747939132,29555.0341602543,6.456680862982466,0.021851071739361003,3.2366284034038004e6,3.1501205843125265e6,-86507.81909127394,-2.6727757502312586,8.1
196.0,3.9397664705470175,3.951433812212241,0.011667341665223763,0.29614297579429394,29508.944033073134,29518.4527147252,9.508681652067025,0.032223049531727915,3.8844712851222637e6,3.7420032606045976e6,-142468.02451766608,-3.6676297508833793,8.0412
197.0,4.003447258735416,4.007357713491782,0.0039104547563661995,0.0976771892731618,29476.870386345454,29489.629822942046,12.759436596592423,0.04328626624657876,4.361696251432502e6,4.1619711619401695e6,-199725.0894923322,-4.579069196456239,3.9809
198.0,3.9498634254485308,3.959243306369055,0.009379880920524108,0.2374735506066002,29471.252432277994,29485.288266792188,14.035834514193994,0.04762551081412962,4.30786115438319e6,4.092033809013558e6,-215827.3453696319,-5.010081282448728,6.8127
199.0,3.984764753632448,3.9904266001746036,0.005661846542155402,0.14208734749006582,29464.23858092621,29479.38683303617,15.148252109960595,0.05141233182847928,4.300550239468482e6,4.0715513386987355e6,-228998.90076974686,-5.3248744467184626,4.6643
200.0,3.9566890495720624,3.965052809162823,0.008363759590760633,0.21138278712261252,29449.405217129013,29465.959675893377,16.554458764363517,0.05621321939206686,4.456913753925973e6,4.20882729488819e6,-248086.45903778262,-5.5663284670754525,6.1143
201.0,3.9618466125410725,3.969603847179409,0.007757234638336552,0.19579845958148218,29439.258488008996,29456.697577186565,17.439089177569258,0.05923752863772854,4.518814711548798e6,4.262272704134241e6,-256542.00741455704,-5.677196871093409,5.6994
202.0,3.944664177393688,3.9540365756192917,0.00937239822560354,0.23759686006518443,29422.161958551653,29441.013753937925,18.851795386271988,0.06407345392506973,4.720827283103177e6,4.4452203759741485e6,-275606.9071290288,-5.838106132700157,6.6014
203.0,3.9821093307044526,3.9873370906572845,0.0052277599528318675,0.13128117584624563,29405.06991955117,29425.353258747637,20.28333919646684,0.06897905446904116,4.916832330710072e6,4.622320488206816e6,-294511.84250325616,-5.989869547996642,4.3592
204.0,3.985792163132722,3.9906977445596636,0.004905581426941641,0.1230766990892468,29397.357907012873,29418.385585571534,21.027678558661137,0.0715291443032875,4.923730910394128e6,4.624298220104562e6,-299432.6902895663,-6.081418658713778,4.0983
205.0,3.991167124526242,3.9959216799602486,0.004754555434006491,0.11912694421611986,29400.64541561944,29421.45188766235,20.806472042910173,0.0707687594907576,4.7209902588234395e6,4.435262512062938e6,-285727.7467605015,-6.0522841839481005,3.8153
206.0,4.05750098042086,4.0575602566249716,5.927620411139145e-5,0.0014609042461708312,29400.359446753908,29421.07299946106,20.713552707151393,0.07045339953977459,4.605320439720465e6,4.329482507333758e6,-275837.9323867066,-5.989549174637878,1.2973
207.0,4.085098147378058,4.084122923438399,-0.0009752239396583207,-0.02387271748377085,29413.962089740337,29433.854747118185,19.89265737784808,0.06762998237760935,4.224778156355848e6,3.9723693792615286e6,-252408.777094319,-5.974485943471133,0.56509
208.0,4.073417790561513,4.073761226567493,0.000343436005979747,0.008431151029376856,29438.858027836504,29457.515421915326,18.657394078822108,0.06337675891225207,3.644915566984814e6,3.422637614322184e6,-222277.95266263,-6.098301828333026,0.92339
209.0,4.089397633601699,4.089320640006305,-7.699359539437012e-5,-0.0018827612840025714,29453.963267800296,29471.742516437516,17.779248637220007,0.06036283971555252,3.288127656312321e6,3.0873575645227088e6,-200770.09178961208,-6.105909282572637,0.55629
210.0,4.064481833460839,4.066051368631209,0.0015695351703701732,0.03861587367543331,29463.917577468,29480.966438945023,17.048861477022,0.057863525555270384,3.045682351004853e6,2.862632378303951e6,-183049.9727009018,-6.010146548621811,1.275
211.0,4.065808190915668,4.067480995274057,0.0016728043583889018,0.04114321876094618,29469.033644317427,29485.451004392096,16.417360074668977,0.05571054780018133,2.9046764006672716e6,2.736776362539408e6,-167900.03812786378,-5.780335396028737,1.275
212.0,4.0666531703962665,4.068347645009363,0.001694474613096908,0.0416675468031564,29468.860930433882,29484.742724764696,15.881794330813136,0.05389347884298866,2.8688946111323433e6,2.71378193696934e6,-155112.67416300345,-5.406705201407903,1.275
213.0,4.06738755509095,4.0691257456274155,0.0017381905364652894,0.04273481474096761,29470.14670925794,29485.52623624074,15.379526982800598,0.052186801560676226,2.8008840886396435e6,2.657553202821233e6,-143330.88581841066,-5.117344427059986,1.275
214.0,4.045041502268524,4.048243257895923,0.0032017556273986614,0.07915260265198924,29471.40120629459,29486.32267190934,14.92146561474874,0.05063032297073737,2.7336200758491014e6,2.600887406247307e6,-132732.66960179433,-4.855563901306427,2.0026
215.0,4.04492884913129,4.048111177095849,0.003182327964558418,0.07867451031287909,29467.726509012427,29482.238488244104,14.511979231676378,0.049247027005079685,2.7639030558845657e6,2.64055176219379e6,-123351.29369077552,-4.462938503872304,2.0145
216.0,4.01572264609358,4.02097258979753,0.005249943703950599,0.1307347186703157,29461.200681498798,29475.351687403545,14.151005904746853,0.04803268562517711,2.8455222040058644e6,2.7303897418158804e6,-115132.46218998404,-4.0460925600194955,3.133
217.0,4.005648304040837,4.011542911669256,0.005894607628419202,0.14715739328569638,29450.318054719424,29464.191023188156,13.872968468731415,0.04710634514355701,3.006432667706016e6,2.8977272586764474e6,-108705.40902956855,-3.6157606387544186,3.549
218.0,4.003190158709143,4.008978989437264,0.005788830728120864,0.14460543962736744,29434.03169294597,29447.748842069228,13.717149123258423,0.04660302491468002,3.2639160202477174e6,3.159155809553867e6,-104760.21069385018,-3.2096478599317435,3.6042
219.0,4.018217613383497,4.022523157368101,0.004305543984604476,0.10715059259767266,29420.477256985167,29434.15527702173,13.678020036564703,0.04649149610010896,3.4540577875269805e6,3.3509837248988408e6,-103074.06262813974,-2.9841441275346527,2.8938
220.0,4.007455069461293,4.012553139393481,0.005098069932188309,0.1272146497920343,29413.886371468456,29427.553322182135,13.666950713679398,0.046464280649891866,3.4996948939810283e6,3.3978789578464758e6,-101815.93613455258,-2.9092803578295166,3.3107
221.0,3.9971540714720972,4.0030841078306025,0.005930036358505308,0.14835646193446222,29408.501567907046,29422.16955498882,13.667987081775209,0.04647631247112172,3.522939635482133e6,3.422242601852798e6,-100697.033629335,-2.858324128382463,3.7442
222.0,4.0126585912109,4.017119110377995,0.004460519167095001,0.11116119315171914,29397.54925343868,29411.28786967727,13.73861623859193,0.04673388288306007,3.6570559076961377e6,3.556181986537096e6,-100873.92115904158,-2.758336861811606,3.0116
223.0,4.001906998102483,4.007181501528359,0.005274503425876098,0.13179975017852788,29390.74757061844,29404.520781607902,13.773210989460495,0.04686240442291233,3.7037234624830317e6,3.603506589295757e6,-100216.87318727467,-2.7058411407445573,3.4409
224.0,3.9833677991091063,3.9902627794262626,0.006894980317156296,0.17309424248241356,29385.665339039,29399.473847114754,13.808508075755526,0.046990625927434276,3.7167532667050036e6,3.6172265590219405e6,-99526.70768306311,-2.6777862435645634,4.2896
225.0,3.9580396842545755,3.9671926263418076,0.009152942087232052,0.23124937639314855,29372.5530830522,29386.534087998836,13.981004946635949,0.04759887540965212,3.889253687495415e6,3.787754396935245e6,-101499.29056017008,-2.6097369499579535,5.5916
226.0,3.96126621676651,3.9696361380139398,0.008369921247429968,0.2112940860173276,29350.865902811336,29365.321696690884,14.455793879547855,0.04925167771000318,4.222005334357341e6,4.1127707513047294e6,-109234.58305261144,-2.58726776500482,5.3019
227.0,3.9900685390201907,3.9953011720167484,0.00523263299655774,0.13114143141618004,29330.19673600959,29345.313792962956,15.117056953364227,0.05154093267572443,4.51855267799248e6,4.398396191224397e6,-120156.48676808272,-2.6591808335731586,3.7188
228.00000000000003,4.007166499485742,4.0109904897036985,0.003823990217956208,0.09542878286806794,29324.549553209345,29340.037356284163,15.487803074818657,0.05281514400320477,4.5082658579544155e6,4.383479612340173e6,-124786.24561424274,-2.767943363279453,2.9153999999999765
228.99999999999997,4.028594403348661,4.031112153446633,0.0025177500979722822,0.062496986439723734,29329.465680326917,29344.988910884647,15.52323055773013,0.05292708270557592,4.297730848635108e6,4.1750368881546794e6,-122693.96048042877,-2.854854452306953,2.0874000000000237
229.99999999999997,4.0551426782296875,4.056298634703475,0.0011559564737870787,0.02850593839750474,29337.64131917427,29353.007990568978,15.366671394709556,0.052378687255496326,4.039403983686834e6,3.922335608673823e6,-117068.37501301104,-2.898159616760112,1.244100000000024
231.0,4.087609359697087,4.0873842552398285,-0.0002251044572583183,-0.005506995347397866,29350.10667020009,29365.16575617518,15.059085975091875,0.05130845398385467,3.7121744801543797e6,3.603333817591726e6,-108840.66256265389,-2.931992101786322,0.3946
232.0,4.044382247734917,4.0469415836136005,0.002559335878683733,0.06328125587330688,29366.928932613664,29381.63190915794,14.702976544274861,0.05006644235089343,3.3162273752404014e6,3.2161284815328345e6,-100098.8937075669,-3.0184568903484936,1.6469
233.0,4.021395896856453,4.025679952483838,0.004284055627384653,0.10653155613784564,29373.62972442334,29387.980809817975,14.351085394635447,0.04885703785767725,3.1379415308848904e6,3.0461032018379956e6,-91838.3290468948,-2.926706190761835,2.4918
234.0,4.01054069906528,4.015520008634217,0.004979309568937218,0.12415556760458071,29365.17295476552,29379.18070211961,14.007747354091407,0.04770190652603721,3.261396627958736e6,3.1773266465475815e6,-84069.98141115438,-2.5777294515623708,2.9308
235.00000000000003,3.9996536699778242,4.005326337569094,0.005672667591269498,0.14182896968929187,29353.9353823538,29367.648984322255,13.713601968454896,0.04671810368806244,3.426704562052417e6,3.349165527713222e6,-77539.03433919512,-2.262787262078797,3.3821999999999766
236.00000000000003,4.018898562665902,4.022863139563445,0.003964576897542926,0.09864834445866327,29342.010648164167,29355.534952108694,13.524303944526764,0.046091946822236385,3.5940349037250644e6,3.5207817398071205e6,-73253.16391794384,-2.0381873265064856,2.5546000000000255
236.99999999999997,3.997318293222268,4.002926940912643,0.005608647690375168,0.14031026000318816,29336.11013884488,29349.508435290885,13.398296446004679,0.04567168715481323,3.633653618083146e6,3.5633880398381073e6,-70265.57824503863,-1.9337445345741482,3.433599999999975
237.99999999999997,4.016824545664812,4.020834672444956,0.004010126780144674,0.099833257204939,29330.09867586754,29343.41582275416,13.317146886620321,0.045404371235810106,3.675022708272132e6,3.60686168982213e6,-68161.01845000219,-1.8547101299966968,2.597000000000024
239.0,4.0052401857349444,4.010090428588747,0.0048502428538022,0.12109742809124945,29324.292261157523,29337.529401022344,13.237139864821074,0.04514052631495142,3.7112395403484413e6,3.6451860209177793e6,-66053.51943066204,-1.7798236603304887,3.048
240.0,4.026779504300293,4.030041837415772,0.003262333115478633,0.08101593623377466,29321.154099845284,29334.305706499435,13.151606654151692,0.044853645969621256,3.6940418440524098e6,3.630207115915227e6,-63834.72813718254,-1.7280456159412383,2.1945
241.0,4.039153397151481,4.041634996446834,0.00248159929535241,0.06143859990815155,29319.66151185765,29332.721386788064,13.05987493041539,0.04454306174419384,3.6465813780796626e6,3.5850711202717004e6,-61510.25780796213,-1.6867924072039835,1.7627
242.0,4.068745148509916,4.06968591116193,0.0009407626520134826,0.023121690292104317,29324.792484890277,29337.720530672592,12.928045782315166,0.04408571958003248,3.472112912620816e6,3.4136870987142134e6,-58425.81390660256,-1.6827164143835882,0.8885
243.00000000000003,4.040602964674547,4.043401912125971,0.002798947451424283,0.06927053897387134,29334.366106279937,29347.142842388555,12.776736108618934,0.043555521405603766,3.2202688259466146e6,3.1652348206653176e6,-55034.005281297024,-1.7089879216875472,1.7514
244.00000000000003,4.041301635406395,4.044174995439398,0.002873360033003536,0.07109986564303036,29338.907907314548,29351.472661147534,12.564753832986753,0.042826249268311065,3.0800313759406256e6,3.029493999333665e6,-50537.37660696078,-1.6408072009177808,1.7514
244.99999999999997,4.041589147181324,4.0444123132776335,0.002823166096309393,0.06985287206341394,29336.06469692879,29348.37278097632,12.30808404752679,0.04195547076501822,3.089272055241369e6,3.0439621233383757e6,-45309.93190299347,-1.4666863614720829,1.7514
245.99999999999997,4.041832962101853,4.044646177585985,0.002813215484132492,0.06960246775437129,29334.94493262912,29347.016780559396,12.071847930274089,0.041151766120571885,3.060350830995753e6,3.0196917850757716e6,-40659.04591998132,-1.3285746688967683,1.7514
247.0,4.042043271614408,4.044847817874681,0.002804546260272822,0.06938437002809907,29333.983155641174,29345.844756241382,11.861600600208476,0.040436378984990966,3.027929046984001e6,2.991286188443527e6,-36642.85854047397,-1.2101623905940746,1.7514
248.0,4.056175562703668,4.058136531983182,0.0019609692795139466,0.048345276214002204,29332.95905777812,29344.620509853394,11.6614520752737,0.03975545751215806,2.9968807480472275e6,2.9639720906432206e6,-32908.657404006924,-1.0980969938643792,1.3155
249.0,4.088660237422622,4.0889741548753795,0.00031391745275755056,0.0076777583494058044,29334.659672998947,29346.149996317534,11.490323318586888,0.039169785661986534,2.912492533083924e6,2.8826765318227313e6,-29816.00126119284,-1.023727989771766,0.44259
250.0,4.089915243813953,4.090342486433635,0.00042724261968185573,0.010446246296376567,29343.68078686234,29355.048627354117,11.367840491777315,0.03874033586429582,2.687634312027271e6,2.659917201455071e6,-27717.110572199803,-1.0312828068969289,0.43275
251.00000000000003,4.143610943171515,4.141566816685564,-0.002044126485951203,-0.04933200809597802,29354.17454997969,29365.409424660877,11.234874681187648,0.03827351595957387,2.4449543572510118e6,2.419553989542549e6,-25400.367708462756,-1.0388892386940793,-0.8793899999999835
252.00000000000003,4.122595421631527,4.121885266739024,-0.0007101548925030343,-0.0172259176531562,29370.02125747394,29381.07878000265,11.057522528706613,0.03764901098221966,2.1073053602801124e6,2.0850773718777166e6,-22227.988402395742,-1.054806238401116,-0.29769999999999197
252.99999999999997,4.112832907719417,4.112794937524978,-3.797019443929628e-5,-0.0009232126685241611,29385.15639364615,29396.009648371983,10.853254725832812,0.03693448004986481,1.7982616312654247e6,1.7796618434710552e6,-18599.787794369506,-1.0343204498714105,-0.013865000000008069
254.0,4.081829829612965,4.083275284134736,0.001445454521770806,0.03541192509507097,29389.500608270497,29400.116850141232,10.616241870735394,0.036122566396204356,1.7125019606347675e6,1.6980785920785668e6,-14423.36855620076,-0.8422395353553053,0.78989
255.0,4.099181085228734,4.099708668871739,0.0005275836430049807,0.012870464418030013,29387.244421310625,29397.584309812908,10.33988850228343,0.035184954240845036,1.7538380082329444e6,1.7442433004359682e6,-9594.707796976203,-0.5470692134585007,0.36725
256.0,4.06859356859683,4.070570915212179,0.001977346615348985,0.048600249251018926,29385.527702516283,29395.63175177251,10.104049256227881,0.0343844403902356,1.776465961232251e6,1.7707541827161994e6,-5711.778516051592,-0.32152479364645975,1.1847
257.0,4.020539362477155,4.025539109879259,0.004999747402103516,0.12435514122222263,29383.003446875216,29392.884566517347,9.881119642130216,0.03362869170265519,1.8103342761913117e6,1.8081711419487696e6,-2163.134242542088,-0.11948811172558793,2.8391
258.0,4.041381255851484,4.044559773323706,0.0031785174722216425,0.07864928525660607,29366.15646059857,29375.64853157645,9.492070977881667,0.032323164220068965,2.1215796537471926e6,2.1261663189801103e6,4586.66523291776,0.2161910454230019,2.0262
259.0,4.040184662523385,4.043164954365186,0.0029802918418013746,0.07376622829759392,29351.769283843663,29360.984390904832,9.215107061168965,0.03139540574898602,2.364817443643e6,2.373693189022925e6,8875.74537992524,0.37532475937136855,2.0323
260.0,4.052022456721116,4.054191506299334,0.002169049578218285,0.05353004830021286,29347.1488908518,29356.336902162453,9.188011310652655,0.03130802022651262,2.4040679557959116e6,2.412242891384789e6,8174.935588877182,0.3400459445902276,1.6202
261.0,4.096994073346223,4.096784622338807,-0.00020945100741620593,-0.005112309260558355,29344.603581571755,29353.80090849154,9.197326919784246,0.031342481401112246,2.403736893991879e6,2.410699941532683e6,6963.047540803906,0.2896759440772402,0.37023
262.0,4.113747248639473,4.112920027092139,-0.000827221547333501,-0.020108711044585576,29352.195168884362,29361.449615330257,9.254446445895155,0.0315289755762649,2.2061719222919773e6,2.2111572333637555e6,4985.311071778182,0.22597110503514045,-0.026224
263.0,4.115164431270949,4.114512367039002,-0.0006520642319465253,-0.01584539920182821,29365.846199941334,29375.14691081683,9.300710875497316,0.03167186401567375,1.9020551963514832e6,1.9054584202536503e6,3403.223902167054,0.17892350909138222,-0.032187
264.0,4.116653201788071,4.116083473612991,-0.0005697281750798311,-0.013839596078493308,29375.825995346313,29385.08844386582,9.262448519508325,0.03153085302512233,1.6861886912675845e6,1.689799371597386e6,3610.6803298015147,0.21413263820949968,-0.038006
265.0,4.1296016636544195,4.128523907464285,-0.0010777561901340604,-0.026098308696929348,29382.54135652128,29391.712644251187,9.171287729906908,0.03121339171661336,1.542750253175094e6,1.5476157730852014e6,4865.519910107367,0.3153796215618029,-0.32219
266.0,4.025226051110822,4.029905649893925,0.004679598783102534,0.11625679461681732,29389.886614530038,29398.949061129697,9.06244659965887,0.03083525540101436,1.3904205139455975e6,1.3968437828913967e6,6423.268945799209,0.46196592191896635,2.7272
267.0,4.119102373351847,4.11831852191607,-0.0007838514357771942,-0.01902966628963263,29377.27382093422,29386.043596867992,8.769775933771598,0.02985224560735878,1.6348979654115504e6,1.646444071896569e6,11546.10648501874,0.706227956073837,-0.046469
268.0,4.073007385363086,4.074253609537856,0.0012462241747703828,0.03059714989098378,29370.259709006117,29378.85600558418,8.59629657806363,0.02926871148990097,1.7504474741232742e6,1.7645243805325835e6,14076.906409309246,0.8041890212306873,1.1104
269.0,4.088540365852799,4.089117991048972,0.0005776251961728818,0.01412790738223271,29376.24772455581,29384.8826853072,8.634960751387553,0.02939436252156033,1.6035034716185597e6,1.615890369919053e6,12386.898300493369,0.7724896465606128,0.70643
270.0,4.0889195067279065,4.089411501770483,0.0004919950425765762,0.012032397355023688,29373.232217023666,29381.822611477426,8.590394453760382,0.029245656011876345,1.6428867146327929e6,1.6554110760140328e6,12524.361381239956,0.7623387096437334,0.69949
271.0,4.048574465009743,4.051295306038624,0.00272084102888126,0.06720491502370605,29374.5632000251,29383.116948754883,8.553748729784274,0.029119577613930154,1.5928190278571812e6,1.6053594976818776e6,12540.469824696425,0.787312909085919,1.8847
272.0,4.0367734139976585,4.040128129523476,0.00335471552581712,0.08310388475569429,29367.208233891546,29375.664377983772,8.456144092226168,0.028794511295994637,1.715819496646711e6,1.7296121657778728e6,13792.669131161878,0.8038531534416877,2.2901
273.0,4.025023290010097,4.028950690427178,0.00392740041708084,0.09757460104214671,29352.859361752875,29361.193215320734,8.333853567859478,0.028391965038740273,1.967981152677991e6,1.9834703229981004e6,15489.170320109464,0.7870588749812009,2.7052
274.0,4.013558487329284,4.018114681885902,0.004556194556617932,0.11352007379490639,29339.08404719628,29347.393709402917,8.309662206636858,0.02832284127639953,2.194727595530837e6,2.2099274694709606e6,15199.87394012371,0.692563121322003,3.1323
275.0,4.002268938802616,4.007479135336766,0.00521019653414978,0.13018107013339658,29324.291494789824,29332.688460814516,8.39696602469121,0.028634847072718315,2.4312277226599804e6,2.444014519191727e6,12786.79653174663,0.5259398949990884,3.5738
276.0,3.999774107645337,4.00490042683165,0.005126319186313122,0.12816521754352225,29308.237238538466,29316.841143066133,8.6039045276666,0.029356608715972225,2.6827798359526712e6,2.6909752977885716e6,8195.461835900322,0.30548395086584,3.6188
277.0,3.9972548582765026,4.002337316509096,0.005082458232593456,0.12714871612626824,29293.25555646007,29302.175652702983,8.920096242913132,0.030451023873807614,2.903456452681375e6,2.905179751434702e6,1723.2987533267587,0.05935335285415673,3.6641
278.0,3.9621718226324667,3.9703537846404404,0.00818196200797372,0.20650194828092097,29280.660518027624,29289.96943553449,9.308917506867147,0.0317920338618584,3.0699964161496256e6,3.0641529685076172e6,-5843.447642008308,-0.1903405362712811,5.3994
279.0,3.9911791214827566,3.996210242900974,0.005031121418217488,0.12605601665776364,29259.66074389865,29269.655443450505,9.994699551854865,0.03415863102219667,3.397946438770774e6,3.3790468145090505e6,-18899.624261723366,-0.5562072446486358,3.7926
280.0,4.0184326951306755,4.02102471755766,0.0025920224269846415,0.06450331817490727,29243.446325906807,29254.101591162103,10.6552652552964,0.036436421126797514,3.618141012672855e6,3.5873098461091616e6,-30831.166563693434,-0.8521272790558627,2.5475
281.0,3.9967858310686157,4.0012953578979005,0.004509526829284738,0.11282883346489024,29245.91037832125,29256.83958932599,10.929211004742683,0.0373700488832929,3.465426427984013e6,3.430741438650092e6,-34684.98933392111,-1.000886616834017,3.425
282.0,4.0405358691824835,4.041953894674814,0.001418025492330166,0.035094985869215244,29244.158887121157,29255.370929537832,11.212042416675104,0.0383394251821439,3.411436722057951e6,3.3726894394128476e6,-38747.28264510352,-1.1358054040565408,1.7234
283.0,4.069539854936265,4.069463106815139,-7.674812112590246e-5,-0.0018859164392457943,29245.27148727448,29256.613431799768,11.341944525287545,0.03878214818495624,3.3068860220313887e6,3.2671266832736437e6,-39759.33875774499,-1.2023195989476894,0.86004
284.0,4.127846245761781,4.125369545150373,-0.0024767006114077006,-0.05999982712414797,29259.41980517214,29270.639103012643,11.219297840503714,0.03834422526218547,2.9536599586904463e6,2.91774583070795e6,-35914.127982496284,-1.2159195196734631,-0.58487
285.0,4.140859428055461,4.138168076694478,-0.0026913513609834183,-0.06499499458370339,29280.90611900673,29292.00474036413,11.09862135739968,0.03790395458491422,2.476975683285155e6,2.444524585407419e6,-32451.097877735738,-1.3101096670717658,-0.87977
286.0,4.163366731246014,4.159848201463277,-0.003518529782736479,-0.08451164670001224,29304.763362214806,29315.713433487355,10.950071272549394,0.03736618220459094,1.9780076311479216e6,1.9493274354521213e6,-28680.19569580024,-1.4499537435634617,-1.4534
287.0,4.183079904264084,4.1786603784294405,-0.004419525834643778,-0.10565243638159218,29325.90715071984,29336.643313961897,10.736163242057955,0.03660982484490484,1.554538851823753e6,1.530695941468041e6,-23842.910355712054,-1.5337609817689692,-2.005
288.0,4.177017453220031,4.173411783879864,-0.003605669340166706,-0.08632162495244361,29348.836131782813,29359.268191600033,10.432059817219852,0.03554505456494962,1.1113446347201974e6,1.093860880565366e6,-17483.754154831404,-1.5732072310074434,-1.705
289.0,4.059225966739268,4.061756498938619,0.0025305321993513985,0.06234026437764802,29367.17265583033,29377.233685789615,10.061029959284497,0.034259443621608085,774273.1137654982,764156.2055966748,-10116.908168823342,-1.306633019920077,1.4865
290.0,4.060012450710312,4.06227374683742,0.0022612961271075704,0.05569677813948451,29357.681948896123,29367.360195173675,9.678246277551807,0.032966656885237214,993085.1894809094,990235.5628355291,-2849.626645380282,-0.28694684761835954,1.4865
291.0,4.118508956742318,4.117562979020414,-0.0009459777219040788,-0.022968936861371643,29335.331153113628,29344.69991507314,9.368761959511176,0.03193678609118678,1.4415518349448948e6,1.4442376501371905e6,2685.815192295704,0.1863141600037138,-0.058571
292.0,4.179243139041698,4.175174185583497,-0.004068953458200575,-0.09736101305495204,29335.59800191085,29344.853161464594,9.255159553744306,0.0315492445497155,1.4151298457766445e6,1.419334667111781e6,4204.821335136425,0.29713325230793614,-1.6788
293.0,4.076670647204789,4.0779424761330745,0.0012718289282851458,0.03119773556289587,29356.41108580818,29365.587764149754,9.176678341573279,0.03125953753253434,988162.2808363561,993264.6565818678,5102.37574551173,0.5163499806118086,1.0316
294.0,4.051983929082155,4.054636380665665,0.002652451583509574,0.0654605652424293,29359.75362191949,29368.760116176716,9.006494257224404,0.03067632778260206,929423.2861445528,937286.7424148822,7863.456270329421,0.8460575915790454,1.7999
295.0,4.076936000580919,4.077828843949736,0.000892843368816898,0.02189986226640981,29339.925588249098,29348.72362861767,8.798040368572401,0.02998658037529616,1.3242177257378583e6,1.3355157439785753e6,11298.018240717007,0.8531843382795464,1.0316
296.0,4.120738247974874,4.119495468223653,-0.0012427797512204464,-0.03015915295836146,29330.939055843653,29339.62393929099,8.684883447334869,0.02960997406458613,1.478886797425303e6,1.491634098464773e6,12747.301039470127,0.8619524538093648,-0.077192
297.0,4.077418982839331,4.078242834244347,0.0008238514050162848,0.020205218263897713,29337.398798371254,29346.120012067757,8.721213696502673,0.029727290263330555,1.3227402880466143e6,1.3340140152952124e6,11273.727248598123,0.8523008900898337,1.0116
298.0,4.064505228498367,4.066032217612631,0.0015269891142635217,0.03756888055050352,29339.408709484127,29348.12282501336,8.714115529233823,0.02970106049348205,1.2654039531707563e6,1.2762273280432252e6,10823.374872468878,0.8553296238207933,1.3895
299.0,4.0641849692270275,4.06556655626466,0.001381587037632137,0.03399419682158076,29330.467649377508,29339.106968412158,8.639319034649816,0.029455101561714006,1.4258123412731776e6,1.4375822667040417e6,11769.925430864096,0.8254890976995019,1.3895
300.0,4.120887665197166,4.119498243835002,-0.0013894213621643559,-0.03371655514656884,29323.295544284036,29331.888774760402,8.593230476366443,0.02930513203534353,1.540822311468417e6,1.5529473922236788e6,12125.080755261704,0.7869227142555066,-0.082977
301.0,4.132196208867111,4.130410371685374,-0.001785837181736305,-0.04321762790218311,29328.387582321804,29337.006436370713,8.61885404890927,0.02938741185384646,1.4089848094380205e6,1.4200716676657903e6,11086.858227769844,0.7868685420527624,-0.34729
302.0,4.133425557713859,4.131806751486337,-0.0016188062275217519,-0.03916379295862029,29341.538096769582,29350.185864633724,8.647767864142224,0.029472783040962392,1.1280205479748752e6,1.1380988856805055e6,10078.337705630343,0.8934533793487973,-0.35004
303.0,4.173097289498011,4.169634119747367,-0.0034631697506437575,-0.08298799453727446,29350.24270020651,29358.857553731017,8.614853524508362,0.029351898764529632,950095.485048563,960454.244148895,10358.759100332041,1.0902861094853604,-1.3653
304.0,4.1900924381487155,4.185814419991826,-0.0042780181568895514,-0.10209841954655502,29363.358476780762,29371.86906689016,8.510590109399345,0.028983708100451592,692152.6245682351,704182.2105227269,12029.585954491748,1.7379961481755277,-1.8437
305.0,4.191487021425168,4.187453175966973,-0.00403384545819474,-0.09623900629002002,29382.438137565216,29390.761506746065,8.323369180849113,0.028327700859540825,327933.65478033945,343180.161542738,15246.506762398523,4.649265648751765,-1.8126
306.0,4.199935316481006,4.195613792976619,-0.004321523504386526,-0.10289500144034112,29398.154976071364,29406.23386123921,8.078885167844419,0.027480925841843577,45717.94457041912,65150.62286385582,19432.6782934367,42.50558172733388,-2.0148
307.0,4.201016924157817,4.196846743416041,-0.004170180741776441,-0.09926598290513773,29411.314654862563,29419.103117576407,7.788462713844638,0.026481178435038007,-177149.78879849808,-152814.2588176453,-24335.529980852763,13.737261639376614,-1.9724
308.0,4.195206921595238,4.191603154012785,-0.0036037675824527327,-0.08590202223165647,29423.325792282296,29430.807468826348,7.481676544051879,0.02542770520528415,-372085.7141293545,-342728.08952048083,-29357.62460887368,7.890016599419238,-1.7075
309.0,4.202717810977984,4.198752595840357,-0.003965215137626821,-0.09434883130314439,29431.506042274195,29438.73186580564,7.225823531443893,0.024551321026742633,-487619.11365958035,-454426.9609889166,-33192.15267066378,6.806983512511794,-1.8882
310.0,4.236453047283868,4.23013650759314,-0.00631653969072854,-0.1490997213996809,29439.07918486752,29446.062478290838,6.983293423316354,0.023721167973575596,-591392.4747704895,-554728.6088040484,-36663.86596644111,6.199582769576127,-3.0867
311.0,4.220821071427615,4.216031554240563,-0.004789517187052006,-0.11347358975897172,29455.594762395198,29462.13669820923,6.5419358140316035,0.022209484706733666,-870815.2743812673,-826852.0067204864,-43963.26766078081,5.048518205197727,-2.3685
312.0,4.23602442079453,4.230382964504655,-0.005641456289875002,-0.1331780870332391,29470.718912272485,29476.828287665645,6.109375393160008,0.020730323584389664,-1.1117854763750841e6,-1.061004203651388e6,-50781.272723696195,4.567542372406749,-2.8514
313.0,4.215523785096829,4.211543759516906,-0.003980025579922497,-0.0944135481809665,29481.25136870763,29486.98369776053,5.732329052898422,0.019443981468788344,-1.2552779735538482e6,-1.1990074618613927e6,-56270.511692455504,4.482713221928581,-2.0018
314.0,4.210055250961827,4.206523939823494,-0.0035313111383326046,-0.08387802363225146,29488.75295412521,29494.188725422155,5.43577129694313,0.018433371209014504,-1.3380568840082756e6,-1.2780216446498618e6,-60035.23935841373,4.486747916020768,-1.7549
315.0,4.192284931088302,4.189697238739954,-0.002587692348348547,-0.06172510673497546,29489.523280352096,29494.870429181123,5.347148829026992,0.01813236781819943,-1.2900577085792741e6,-1.230390665616672e6,-59667.04296260211,4.625145260231244,-1.1898
316.0,4.185748860774738,4.1833798884594655,-0.002368972315272444,-0.056596140716239064,29487.98443120633,29493.3204112369,5.335980030569772,0.018095438306467804,-1.2047845863501932e6,-1.1468305191858301e6,-57954.06716436311,4.810326079945189,-0.99389
317.0,4.124730106722765,4.124694490067833,-3.56166549320136e-5,-0.0008634905559993649,29484.51056124339,29489.90938649908,5.39882525568828,0.0183107168914138,-1.0896878249591629e6,-1.0347012097289206e6,-54986.615230242256,5.046088794495152,0.4469
318.0,4.158176710430196,4.156576787763243,-0.0015999226669523026,-0.0384765434075739,29473.160620993858,29478.652592885872,5.49197189201368,0.018633807085154365,-828117.173080322,-776464.6768339047,-51652.496246417286,6.237341517056951,-0.32885
319.0,4.18880653382069,4.185628661294656,-0.0031778725260345198,-0.07586582240970488,29463.50476429399,29469.121745977034,5.616981683044287,0.01906420070517664,-615494.9845076408,-567593.1469601059,-47901.83754753496,7.782652784060224,-1.1074
320.0,4.212993312469206,4.208518935150855,-0.004474377318350875,-0.10620423500573928,29468.496490710924,29474.200229300983,5.703738590058492,0.019355376993381485,-701133.4646492231,-656024.0539198042,-45109.410729418974,6.433783723614904,-1.8155
321.0,4.2546138342068724,4.247330859141579,-0.007282975065293407,-0.17117828665762022,29480.128703422215,29485.82056905917,5.691865636956209,0.01930746535816672,-909262.8771356484,-864880.0070024617,-44382.87013318669,4.881192364632899,-3.3544
322.0,4.265157710669443,4.257455803645746,-0.007701907023696997,-0.18057730912107667,29501.03006860511,29506.454147389453,5.4240787843446014,0.018386065746622476,-1.2871563337397575e6,-1.2384674251681282e6,-48688.90857162932,3.78267249248322,-3.7144
323.0,4.201226327145154,4.198511274368158,-0.0027150527769954635,-0.06462524428767004,29525.74210212582,29530.654253602832,4.91215147701223,0.016636843402688128,-1.7202320914326352e6,-1.662712547548062e6,-57519.54388457327,3.343708338603899,-1.2401
324.0,4.184398808814594,4.1824995258328865,-0.0018992829817072732,-0.04538962628768467,29529.018890227493,29533.75123171074,4.732341483246273,0.016026070831674063,-1.7122482234870975e6,-1.6529050251447363e6,-59343.198342361255,3.4658058059774315,-0.75275
325.0,4.165966185803613,4.16451182109754,-0.0014543647060731857,-0.034910621959180384,29516.871823088466,29521.756903228877,4.885080140411446,0.016550128244248008,-1.4097102049032121e6,-1.3550655086065836e6,-54644.696296628565,3.8763070669819233,-0.32267
326.0,4.199304184217965,4.196195197392875,-0.0031089868250901986,-0.07403576137148027,29507.542990986305,29512.55014425789,5.007153271584684,0.01696906202293503,-1.1849895189258137e6,-1.134076069881194e6,-50913.44904461969,4.296531592175805,-1.1542
327.0,4.195526655832207,4.1925166042138695,-0.0030100516183377835,-0.07174430924311985,29506.00834357356,29511.102837384955,5.094493811393477,0.01726595394426865,-1.1264034175000358e6,-1.07831681459396e6,-48086.60290607577,4.269039152313673,-1.0565
328.0,4.228261429666019,4.223459869806119,-0.004801559859900273,-0.11355872714520251,29509.908282821016,29515.05315230578,5.144869484764058,0.017434379786802345,-1.1761116161006496e6,-1.1299892042104262e6,-46122.41189022339,3.921601594510254,-2.0254
329.0,4.190000618620989,4.187371270867339,-0.002629347753649647,-0.06275292041639403,29517.69497178394,29522.815248022696,5.120276238754741,0.017346463684407707,-1.2980941316072256e6,-1.252387047668114e6,-45707.08393911156,3.521091639365141,-0.87715
330.0,4.205028184055876,4.201722994415804,-0.0033051896400717595,-0.0786008914899544,29521.443974491463,29526.557461782322,5.113487290858757,0.017321264147096456,-1.33372495670827e6,-1.2887984825056773e6,-44926.474202592624,3.368496178812941,-1.2532
331.0,4.196160556792364,4.193224431136582,-0.0029361256557818294,-0.06997171857566545,29519.999680309753,29525.160507476445,5.160827166691888,0.017482477041265793,-1.2668085868376645e6,-1.223705628078375e6,-43102.95875928947,3.402483943283604,-1.0066
332.0,4.174480852407367,4.1724637769869055,-0.0020170754204613672,-0.04831919205709488,29521.521137150958,29526.70505678571,5.183919634753693,0.01755979853026631,-1.263552259208268e6,-1.2217112568966942e6,-41841.00231157383,3.311378853280756,-0.46804
333.0,4.154101440476744,4.152741411273518,-0.0013600292032256434,-0.03273943168488346,29517.98796751127,29523.24162565569,5.253658144418296,0.017798158025542566,-1.1613167944404024e6,-1.1216139761061145e6,-39702.818334287964,3.4187758692854646,-0.013265
334.0,4.151510028892324,4.150082268000047,-0.0014277608922768081,-0.03439136319894072,29510.35458441134,29515.697289604555,5.3427051932158065,0.018104510326819513,-984768.0445235411,-947490.7408285175,-37277.30369502364,3.7853892500197306,0.030392
335.0,4.150713275394599,4.149170971356452,-0.0015423040381472575,-0.037157566322155416,29503.192118978764,29508.63247825982,5.440359281055862,0.018439900533868663,-826986.3401399053,-792205.3960809048,-34780.94405900058,4.205745895768547,0.030392
336.0,4.150015520604282,4.148403494285221,-0.0016120263190613215,-0.038843862415883085,29498.515750095117,29504.059853606585,5.544103511467256,0.018794516844290305,-725020.3142734692,-692762.2300213734,-32258.08425209578,4.4492662642730325,0.030392
337.0,4.149420464930971,4.147762934974817,-0.0016575299561543133,-0.039946059218703145,29495.053751711253,29500.701671111627,5.647919400373212,0.01914870014449636,-649971.3664356532,-620149.437352497,-29821.929083156167,4.588191207051969,0.030392
338.0,4.148908451778189,4.147219874582652,-0.0016885771955363893,-0.04069931200368325,29492.252724785674,29497.99903245513,5.746307669454836,0.01948412596039354,-589576.0943651111,-562005.5736100193,-27570.5207550918,4.6763294880165205,0.030392
339.0,4.148464482586813,4.146758477572839,-0.001706005013973666,-0.0411237705212284,29489.893375462012,29495.731767806672,5.838392344659951,0.019797943215074384,-538970.970885841,-513463.42726560665,-25507.543620234297,4.732637748246562,0.030392
340.0,4.148077121895283,4.146360680450222,-0.001716441445061001,-0.04137920763336116,29487.8575609909,29493.78156760226,5.9240066113598004,0.020089647405230927,-495533.66556504206,-471908.70826475695,-23624.95730028511,4.767578661551942,0.030392
341.0,4.147737259486409,4.146018418728029,-0.0017188407583796916,-0.0414404445327023,29486.071593962104,29492.07486578738,6.003271825276897,0.020359686797023834,-457627.48297610943,-435716.4710525556,-21911.01192355383,4.787958052925266,0.030392
342.0,4.147437620373589,4.145718865321726,-0.0017187550518631411,-0.04144137197917206,29484.48544974183,29490.561917600662,6.076467858831165,0.020609034772503962,-424140.80380293017,-403788.36922789016,-20352.43457504001,4.798508983940254,0.030392
343.0,4.147172204890062,4.145458400853753,-0.0017138040363082752,-0.041324641264895504,29483.063196407602,29489.207191457408,6.143995049806108,0.020839066174625744,-394274.9937680035,-375340.09014359984,-18934.90362440364,4.802461206947652,0.030392
344.0,4.146936135209757,4.145227532099745,-0.0017086031100124188,-0.0412015776058243,29481.777956355065,29487.984256027397,6.206299672332534,0.02105130729062665,-367432.653330534,-349788.3183266156,-17644.335003918386,4.802059600306112,0.030392
345.0,4.146725326316635,4.145025107447387,-0.0017002188692476494,-0.04100148274730035,29480.608996128645,29486.872828642143,6.2638325134976185,0.021247296873413223,-343153.02129219624,-326685.5097935938,-16467.511498602456,4.798882853075713,0.030392
346.0,4.146536430527798,4.144843800015747,-0.001692630512050819,-0.04082034585755153,29479.539931413157,29485.8569638775,6.317032464343356,0.02142853137817113,-321072.09798868746,-305679.8598510548,-15392.238137632667,4.794013006441622,0.030392
347.0,4.144249957032811,4.142645349793702,-0.0016046072391082689,-0.03871888172153427,29478.557559372763,29484.923860112056,6.366300739293365,0.02159637806724769,-300896.68878516706,-286488.9760179155,-14407.712767251534,4.7882589952787065,0.07764
348.0,4.115067435501497,4.114610176762072,-0.00045725873942448203,-0.011111816430506603,29477.333568601,29483.746303719705,6.412735118705314,0.021754800527603025,-276143.93885227165,-262653.9947931883,-13489.944059083355,4.885113218545077,0.74987
349.0,4.081963292681463,4.083086847470996,0.0011235547895331877,0.027524862645080736,29471.496884729877,29477.967663299612,6.4707785697355575,0.02195605671148748,-161208.80971637118,-148855.2064239647,-12353.603292406478,7.663106820366243,1.6462
350.0,4.054661047732369,4.057318185804297,0.0026571380719282445,0.06553292718300806,29457.586145442467,29464.16605381583,6.579908373361832,0.022336889183229437,106708.643155664,116945.85214816006,10237.20899249606,9.593608061872052,2.5439
351.0,4.030941585229883,4.035065215407655,0.004123630177772064,0.10229942782802434,29437.584667560324,29444.395419188924,6.810751628599974,0.0231362447208697,480718.66320438386,486526.5655471036,5807.902342719724,1.2081707633328183,3.4437
352.0,4.0147800983921895,4.019806953269242,0.005026854877052678,0.1252087226163594,29413.45525377795,29420.715633007247,7.260379229297541,0.024683870584585592,918344.8365469159,915625.1095207599,-2719.7270261560334,-0.29615531311555315,4.0769
353.0,4.008071961027803,4.01314330563285,0.005071344605046768,0.12652828228528876,29387.663093609997,29395.643309171806,7.980215561809018,0.02715498519358017,1.3698934527575355e6,1.3537430050888667e6,-16150.447668668814,-1.17895648279497,4.2553
354.0,3.999628676871449,4.0049751192659375,0.005346442394488449,0.13367346887487794,29364.137137535516,29373.02331933617,8.886181800655322,0.030262022544828387,1.7594918319618118e6,1.726881834814678e6,-32609.997147133807,-1.8533758756227963,4.5258
355.0,4.038740166926515,4.040340557510587,0.001600390584071576,0.03962598528068902,29343.009573399966,29352.929757590584,9.920184190617874,0.03380765754720239,2.089683020539544e6,2.0388108473263867e6,-50872.17321315734,-2.4344444929270868,2.6161
356.0,4.01938088059773,4.02243385441085,0.0030529738131201967,0.07595632023472687,29335.17330860607,29345.67978052397,10.506471917899034,0.035815271337826894,2.150067674291053e6,2.0904693425420974e6,-59598.33174895542,-2.771928179823778,3.3372
357.0,4.017975385011646,4.021194904769603,0.003219519757956313,0.08012791143435491,29331.546734135623,29342.410770185215,10.86403604959196,0.03703874244363852,2.134664688730885e6,2.0709401103313875e6,-63724.57839949732,-2.9852266136178645,3.3417
358.0,4.007588615143921,4.011572129497741,0.003983514353819828,0.09939928311920238,29320.193905109318,29331.616522600165,11.422617490847188,0.03895819218595512,2.2794796971747237e6,2.2075721372326245e6,-71907.55994209927,-3.1545602284251233,3.7456
359.0,3.983507389689226,3.9895907372744426,0.006083347585216448,0.1527133500734146,29307.860808968828,29319.854172868825,11.993363899997348,0.040922003752410084,2.4401121154849855e6,2.359990534766864e6,-80121.58071812149,-3.2835204665256494,4.8804
360.0,4.031986108772173,4.033576251198257,0.001590142426083574,0.03943819207670352,29288.231500487618,29301.18939756617,12.957897078551468,0.044242675008683036,2.740331990931741e6,2.6444532054601996e6,-95878.78547154134,-3.4988018163062637,2.5459
361.0,4.028643840552542,4.030468600374543,0.001824759822000921,0.0452946424211739,29280.653893390205,29294.10410685849,13.450213468284346,0.04593549555708723,2.791834297034756e6,2.6901207284621163e6,-101713.56857263949,-3.6432523477726027,2.6183
362.0,4.046685630470257,4.047523290433145,0.0008376599628876491,0.0206999020774022,29284.65642259653,29298.055405268624,13.398982672093553,0.04575427650144693,2.6201021306507536e6,2.523212898858224e6,-96889.23179252958,-3.697918133002901,1.9433
363.0,4.031426986592758,4.033485471878121,0.0020584852853628988,0.05106095911469474,29286.246649941088,29299.636637306652,13.389987365564593,0.0457210769465111,2.5112960553465663e6,2.4178180857717986e6,-93477.96957476763,-3.7222998608926416,2.483
364.0,4.023082835607747,4.025879668465693,0.0027968328579461854,0.06951964382119619,29285.378726060542,29298.746867661233,13.36814160069116,0.04564783582189117,2.459114685975752e6,2.3689526190544465e6,-90162.06692130538,-3.6664441652720225,2.8012
365.0,4.01430300506159,4.01775110169724,0.003448096635649378,0.08589527575027872,29277.66320741491,29291.19176082899,13.528553414082126,0.046207763639605846,2.545387706823455e6,2.4546784317107596e6,-90709.27511269553,-3.563672240167184,3.1415
366.0,4.073219437647932,4.072741254327707,-0.00047818332022497856,-0.011739689637273853,29267.759466980177,29281.525189995005,13.765723014828836,0.047033743838025235,2.6702399893844263e6,2.577460050039025e6,-92779.93934540125,-3.4745917862907114,1.0687
367.0,4.054715223633799,4.055438596079183,0.0007233724453836743,0.017840277442108362,29271.093972444116,29284.790382074934,13.69640963081838,0.046791587781830825,2.5294040601579547e6,2.4406399453815827e6,-88764.11477637198,-3.5092896455155094,1.6105
368.0,4.093445660116068,4.0924497234948305,-0.0009959366212370924,-0.02433003156584844,29279.526635304323,29292.973101616473,13.446466312150733,0.045924466196586015,2.2994526349247694e6,2.217943008031016e6,-81509.62689375319,-3.5447404158607476,0.54526
369.0,4.11592380697709,4.114151913380131,-0.00177189359695884,-0.0430497181205158,29285.93383265084,29299.185665166482,13.251832515641581,0.04524982058406188,2.123120928257489e6,2.0473387636455672e6,-75782.16461192188,-3.569375799715688,0.014916
370.0,4.065810212203845,4.066674454275813,0.0008642420719686683,0.021256330887619367,29299.66966851054,29312.63239515923,12.962726648689568,0.044241886667483826,1.811034293774437e6,1.742558147357138e6,-68476.14641729882,-3.7810518913247853,1.3365
371.0,4.019875812342383,4.023858741644632,0.003982929302249083,0.09908090419162051,29301.889188875324,29314.655195293097,12.766006417772587,0.04356717867399244,1.7409559477876802e6,1.677621253387405e6,-63334.694400275126,-3.63792630599055,2.978
372.0,4.038879526807021,4.0412041161647,0.0023245893576788745,0.05755530320352495,29285.182725679184,29297.936622861485,12.753897182301444,0.04355068329868395,2.0423464965638302e6,1.9803360131322437e6,-62010.48343158653,-3.0362371681747833,2.2154
373.0,4.082221676219332,4.081858709554381,-0.0003629666649507257,-0.008891400167344172,29271.258094457447,29284.0545406478,12.79644619035389,0.043716761845562474,2.268224348090962e6,2.206497936439557e6,-61726.41165140504,-2.7213538953215415,0.85065
374.0,4.082182626175258,4.081972556259247,-0.00021006991601080216,-0.005146019550027435,29275.55171358855,29288.25848900082,12.706775412269053,0.04340405105455646,2.1243307639943785e6,2.065547247532696e6,-58783.516461682506,-2.767154600310541,0.85065
375.0,4.082706158535377,4.082676294855022,-2.986368035440279e-5,-0.0007314677861880718,29284.00781830661,29296.577738497064,12.569920190453558,0.04292417987470826,1.9102413306814185e6,1.8552048799922045e6,-55036.45068921405,-2.881125531378882,0.85065
376.0,4.083159020482219,4.08320330805816,4.428757594077126e-5,0.0010846399985553568,29287.41614897344,29299.85459861684,12.438449643399508,0.04247028682943576,1.807962483409398e6,1.7564115994554546e6,-51550.88395394338,-2.8513248713397177,0.85065
377.0,4.08354834922352,4.08363937835817,9.10291346505332e-5,0.0022291675490469518,29289.32612701272,29301.626256901312,12.300129888593801,0.04199526419711561,1.7388929564370732e6,1.6908378638893473e6,-48055.092547725886,-2.7635451837236134,0.85065
378.0,4.073648558248449,4.074276151143483,0.0006275928950341125,0.01540616197151674,29290.507840821618,29302.67751399056,12.16967316894079,0.04154818084779039,1.6859750229095616e6,1.6411425085076035e6,-44832.51440195809,-2.659144636946557,1.1292
379.0,4.054987648563233,4.056656078770852,0.0016684302076193092,0.04114513661244983,29289.388534588652,29301.443133935285,12.05459934663304,0.0411568829181853,1.6794338708645683e6,1.6374237195541e6,-42010.151310468325,-2.5014471864165517,1.6943
380.0,4.073012256512703,4.0735904726433185,0.0005782161306155942,0.014196277698183518,29283.278553129065,29295.25238266848,11.973829539416329,0.04088964805526144,1.769687800760613e6,1.7297515212806596e6,-39936.27947995346,-2.2566850188371546,1.1457
381.0,4.093899696592073,4.093441920667952,-0.0004577759241213286,-0.011181903760426756,29279.6318241635,29291.5387267687,11.906902605198411,0.04066616232302499,1.805141890933779e6,1.766974191713573e6,-38167.69922020612,-2.11438776153283,0.58575
382.0,4.12533176179937,4.1236433597545865,-0.001688402044783821,-0.040927666967744206,29284.01736541342,29295.84517636157,11.827810948150727,0.04038998748211454,1.6809071042367544e6,1.6447237606302141e6,-36183.343606540235,-2.1526081670628625,-0.16687
383.0,4.16342228135042,4.160161866085066,-0.0032604152653537,-0.07831094337844043,29294.225726572884,29305.95671706172,11.730990488835232,0.040045402115523446,1.4498673607565186e6,1.415974078500393e6,-33893.28225612547,-2.33768158202006,-1.1121
384.0,4.170775646008223,4.1674269319463075,-0.003348714061915281,-0.08028995913794301,29311.25354902184,29322.851854966273,11.598305944433378,0.03956946407984803,1.0969569959845725e6,1.0659972019269841e6,-30959.794057588326,-2.822334345914846,-1.2719
385.0,4.144864834046133,4.143085284018325,-0.0017795500278072751,-0.04293384945125254,29328.998228825996,29340.4115920188,11.413363192805264,0.03891494385098923,747211.3216043724,720115.7856307507,-27095.53597362165,-3.6262212830827507,-0.52887
386.0,4.226605795951217,4.219928283525841,-0.006677512425375731,-0.1579875850208767,29336.82467006914,29348.031979658695,11.207309589553915,0.038202190303806664,607019.4092554579,584059.6150690616,-22959.79418639629,-3.782382216502388,-3.1005
387.0,4.235573777221946,4.228570007911273,-0.007003769310673036,-0.16535585682246598,29356.4941769922,29367.32569356636,10.83151657415874,0.036896492165770296,234813.73814196073,219183.64000478556,-15630.09813717517,-6.6563814625385005,-3.377
388.0,4.2606655312232835,4.252108253457971,-0.008557277765312676,-0.200843687508505,29388.87331646346,29399.121180801587,10.24786433812551,0.034869878228318205,-371468.2868952845,-375997.81855427346,4529.53165898897,-1.2193589113209624,-4.3765
389.0,4.238345408810683,4.232480160345471,-0.00586524846521197,-0.1383853343575839,29418.13423859562,29427.50792884433,9.373690248710773,0.03186364632333753,-889059.044857465,-877267.7486959824,-11791.296161482576,1.3262669369021458,-3.1279
390.0,4.234056774680419,4.228991374658357,-0.0050654000220617945,-0.11963467406372046,29438.313241171738,29446.850077526207,8.536836354469415,0.028999067591039814,-1.209710817715462e6,-1.1830632332377145e6,-26647.584477747558,2.202806165532313,-2.7857
391.0,4.230385703078266,4.225735597027958,-0.004650106050307912,-0.10992156216215068,29446.05156305633,29454.063819730494,8.012256674162927,0.027209952604359638,-1.2800174179266228e6,-1.245201512366649e6,-34815.90555997379,2.719955609382936,-2.5347
392.0,4.226790145538152,4.222502490664913,-0.0042876548732389,-0.10143997514910924,29452.82778542675,29460.403207147872,7.575421721121529,0.0257205242780452,-1.338930483788637e6,-1.2977885520594446e6,-41141.93172919238,3.072745913796599,-2.3162
393.0,4.206122629003125,4.203199249023389,-0.002923379979735685,-0.06950296597578143,29458.315054155413,29465.575748138952,7.260693983538658,0.02464734989150189,-1.3773278870960893e6,-1.3323171457360797e6,-45010.74136000965,3.267975750851073,-1.5639
394.0,4.210374746579691,4.207126900675062,-0.00324784590462901,-0.07713911706475547,29458.92036993099,29466.049949726697,7.129579795706377,0.02420176878913597,-1.3239477423700807e6,-1.2786303068004465e6,-45317.435569634195,3.4229021372481556,-1.6575
395.0,4.192730709110066,4.190335268566159,-0.002395440543907057,-0.05713318383892833,29458.35289143108,29465.43489891407,7.082007482989866,0.02404074494283724,-1.255785185194222e6,-1.2115943140752711e6,-44190.87111895089,3.5189833133854216,-1.1207
396.0,4.172105735763605,4.170530412500165,-0.0015753232634398984,-0.037758469300912215,29457.610399156456,29464.675646918466,7.065247762009676,0.023984456533555062,-1.1914514176892743e6,-1.1487655151197345e6,-42685.902569539845,3.582680916383966,-0.58236
397.0,4.150035098154117,4.149113310588954,-0.0009217875651623686,-0.022211560706374943,29451.83350368656,29458.986624777008,7.1531210904468026,0.024287523863502178,-1.0338924565519758e6,-994572.5782843273,-39319.87826764851,3.8030917063443943,-0.0742
398.0,4.144827359679851,4.14386133428414,-0.0009660253957104459,-0.023306770388262017,29443.058624871108,29450.322330022238,7.263705151130125,0.024670348429746143,-827796.7643928267,-792021.1244691093,-35775.63992371736,4.321790258501205,0.030392
399.0,4.144046407596644,4.142897684866029,-0.0011487227306146153,-0.02771983268596699,29434.72272676111,29442.094475379054,7.3717486179448315,0.02504439632870288,-641922.7095309084,-609407.9286473921,-32514.7808835163,5.0652174164825565,0.030392
400.0,4.1433575871958395,4.142084198636659,-0.0012733885591806882,-0.030733252739657883,29429.197969984638,29436.67405061891,7.476080634271057,0.025403616645944763,-520169.5246764302,-490655.879374691,-29513.64530173922,5.673851293018,0.030392
401.0,4.142794979819207,4.141435120250288,-0.0013598595689190418,-0.03282468902138108,29425.389557008948,29432.96769987251,7.5781428635636985,0.025753755439267008,-436509.3668086905,-409798.21199708054,-26711.154811609944,6.1192626877389955,0.030392
402.0,4.14233260907329,4.140908470625257,-0.001424138448033574,-0.03438010856284613,29422.46984976265,29430.143175335754,7.673325573105103,0.02607981455087464,-372599.96802921506,-348424.54945353646,-24175.418575678603,6.488303985518066,0.030392
403.0,4.129538475604459,4.128536131276025,-0.001002344328433935,-0.024272550900187883,29420.126243888848,29427.886950933273,7.760707044424635,0.026378904631779714,-321505.8757806738,-299604.1722073201,-21901.703573353705,6.812224977279949,0.31331
404.0,4.094192170573513,4.094643434859504,0.000451264285991293,0.011022059229039071,29416.279228538522,29424.12189083455,7.8426622960287204,0.02666095951530157,-241914.84401063237,-222090.74513285235,-19824.098877780023,8.194659967582947,1.1844
405.0,4.064265828002047,4.06623864377489,0.0019728157728424733,0.04854052014142712,29405.896001584035,29413.82458718464,7.928585600606311,0.026962571044185202,-36798.649376950845,-19054.09537966022,-17744.553997290626,48.22066651284512,2.0813
406.0,4.038932182938622,4.042365313053138,0.0034331301145158477,0.0850009348762571,29387.962940408706,29396.024514892793,8.061574484087032,0.027431552504792008,306662.9413125298,321477.6740893802,14814.732776850404,4.830949808751833,2.9799
407.0,4.0164085183809,4.02125045596078,0.004841937579879385,0.1205539117278656,29365.329056854218,29373.66595014065,8.336893286432314,0.02839026005903511,725953.1311247591,735162.1426512346,9209.011526475544,1.2685407819933934,3.881
408.0,3.995631036507623,4.00182978287386,0.00619874636623674,0.15513810733772726,29339.205771548477,29348.07668838711,8.870916838634002,0.030235708859019363,1.195280791394631e6,1.1940639793415002e6,-1216.8120531307068,-0.10180135595678347,4.7856
409.0,3.9759989567704332,3.9835130638150966,0.007514107044663376,0.18898664527736259,29310.260177004377,29320.03923960892,9.77906260454256,0.033363957008524986,1.7008795565685772e6,1.6823901066765538e6,-18489.449892023345,-1.0870522736674375,5.6946
410.0,3.9802137555650847,3.9865517860203346,0.006338030455249832,0.1592384440757253,29278.94305037929,29290.120299603906,11.17724922461639,0.038175043427572074,2.2337350056725363e6,2.18916851525915e6,-44566.490413386375,-1.9951556608196783,5.2363
411.0,4.057568303199491,4.057103272266241,-0.0004650309332498992,-0.011460828222736535,29252.948261437654,29265.636286132634,12.688024694980413,0.04337349036270046,2.64265482990799e6,2.5710196049036942e6,-71635.22500429582,-2.710729535827801,1.7063
412.0,3.9898240915820655,3.994812159807956,0.004988068225890263,0.12501975303658985,29254.863596528026,29267.95720646739,13.093609939362068,0.04475703636818878,2.492146155295493e6,2.416284398582347e6,-75861.75671314588,-3.0440332141816526,4.4486
413.0,4.00032722805285,4.004449864406839,0.004122636353988796,0.10305747802525343,29252.57104471887,29266.084402744807,13.513358025938942,0.046195454086004464,2.4459369353858638e6,2.3652385160747087e6,-80698.4193111551,-3.299284545879935,3.8734
414.0,4.019895511406696,4.022121106964631,0.0022255955579355557,0.055364512625273324,29233.390238187647,29247.82071134805,14.430473160402471,0.04936298199704497,2.740833076034699e6,2.6454102153115566e6,-95422.86072314251,-3.481527625943407,2.9184
415.0,4.079446578350118,4.078059570398623,-0.001387007951494823,-0.03399990476295884,29228.490266716348,29243.213058714795,14.722791998447065,0.050371373492432814,2.7420122951293574e6,2.644697074239262e6,-97315.22089009546,-3.54904392890421,0.89817
416.0,4.09758362863107,4.095761440169023,-0.0018221884620466255,-0.0444698297141378,29239.454277586996,29253.965671240952,14.511393653956475,0.04962949553090646,2.4380774361033747e6,2.348503569422388e6,-89573.86668098671,-3.673954951330298,0.43639
417.0,4.117152572085997,4.114986976639934,-0.0021655954460628735,-0.05259934889820351,29257.404923446535,29271.473249453993,14.068326007458381,0.048084667947375585,2.0191281723307204e6,1.9411335361495158e6,-77994.63618120458,-3.8627877739516556,-0.0089279
418.0,4.125128186675319,4.122983679618373,-0.002144507056946132,-0.05198643435792271,29271.675783263083,29285.425598176367,13.749814913284354,0.046973104700572706,1.6969537875298127e6,1.627314560121197e6,-69639.22740861564,-4.103778660348003,-0.16693
419.0,4.132999027830013,4.130813340851933,-0.0021856869780796373,-0.052883800924269975,29284.08858002718,29297.554942612645,13.466362585466413,0.04598525424025307,1.4262241395362457e6,1.3637990405916555e6,-62425.098944590194,-4.3769487007062216,-0.32043
420.0,4.152513452090976,4.149695097019741,-0.002818355071235068,-0.06787106420608705,29294.36523414941,29307.573381633654,13.208147484245274,0.04508767259052297,1.2081947504107584e6,1.1521462021599847e6,-56048.54825077369,-4.639032592362984,-0.76828
421.0,4.240724722650513,4.232252713296537,-0.00847200935397563,-0.199777394385564,29305.90136671292,29318.863113513045,12.961746800127003,0.044229135415195214,972605.3073232515,922431.3932799982,-50173.91404325329,-5.158712754852125,-3.8207
422.0,4.242627199017107,4.234718817654644,-0.007908381362462968,-0.18640292892797908,29337.098899749963,29349.722643725057,12.62374397509484,0.04302996699923329,358737.4874302145,316012.7339924592,-42724.75343775528,-11.909754328662562,-3.7461
423.0,4.235843046336698,4.229419387000714,-0.006423659335983878,-0.15165007923367882,29375.684002183945,29387.753144073904,12.0691418899587,0.041085483793539636,-370343.3259325605,-401669.44159033196,31326.115657771472,-8.458668879448352,-3.221
424.0,4.2271512080436775,4.221921403546739,-0.005229804496938328,-0.12371936180060798,29397.636747435892,29408.99117818035,11.354430744457204,0.03862361740845565,-740259.0944234355,-757553.2601614121,17294.165737976553,-2.3362314449438046,-2.6921
425.0,4.216069586431804,4.211896333767512,-0.0041732526642919154,-0.09898443511753975,29409.999525779545,29420.685501979176,10.685976199631114,0.036334499734569,-914312.8394900062,-919091.9615496496,4779.122059643385,-0.5227009676807259,-2.1599
426.0,4.202261881754909,4.1990591184209975,-0.0032027633339115624,-0.07621522465834647,29416.420986475132,29426.623908818267,10.20292234313456,0.03468444494938928,-973900.932815893,-970261.8573113682,-3639.0755045247497,0.3736597206045272,-1.625
427.0,4.185311849252656,4.182998417523141,-0.0023134317295152584,-0.05527501445151221,29418.27594221706,29428.17828376403,9.902341546971002,0.033660509427612395,-949956.7070516377,-941675.1237713014,-8281.583280336345,0.8717853370433832,-1.0881
428.0,4.164985617401883,4.163471746926255,-0.0015138704756276766,-0.036347555902774734,29416.31487329512,29426.06095628247,9.746082987348927,0.033131556516607284,-859485.2841694603,-849393.0430952312,-10092.241074229125,1.1742191821214811,-0.5497
429.0,4.143892397856139,4.143020303346904,-0.0008720945092353105,-0.021045298128071384,29411.03393468003,29420.719623491263,9.685688811234286,0.032932160197922875,-713754.5097263183,-703616.7402983608,-10137.769427957479,1.4203440104139868,-0.05413
430.0,4.139887124774022,4.138950648996412,-0.0009364757776104682,-0.022620804610985288,29403.113872660997,29412.785481231087,9.67160857009003,0.032893143943787145,-527239.6684208498,-517801.0711481431,-9438.597272706742,1.7901910341793035,0.030392
431.0,4.139373927417103,4.1382653955926605,-0.0011085318244425935,-0.026780180865039607,29395.841363965315,29405.5137491657,9.672385200385179,0.032903923655820254,-365016.59611127165,-356410.3162459281,-8606.279865343531,2.357777689297172,0.030392
432.0,4.138931463428718,4.137709002134265,-0.0012224612944526925,-0.029535673766387945,29391.36558015477,29401.04889315641,9.683313001642091,0.032946114651373405,-266246.77456344845,-258542.98078881062,-7703.79377463783,2.893478723740168,0.030392
433.0,4.1385851106509195,4.137280420542178,-0.0013046901087419016,-0.03152502785032006,29388.449652621588,29398.15224302732,9.702590405733645,0.03301497874307952,-202097.71360675775,-195351.76389794252,-6745.9497088152275,3.337964387831479,0.030392
434.0,4.1383138809516895,4.1369497509176,-0.001364130034089861,-0.03296342600711939,29386.323956011558,29396.04804721526,9.724091203701391,0.03309053292360556,-155515.15708317116,-149676.3429083391,-5838.814174832049,3.7544984581209593,0.030392
435.0,4.138102178206794,4.136692910491287,-0.0014092677155073119,-0.034055894582042535,29384.69378824554,29394.439460207446,9.745671961907647,0.03316581085424177,-119962.57275959614,-114954.22533430827,-5008.347425287866,4.1749249870828855,0.030392
436.0,4.137938136291094,4.136496812933904,-0.0014413233571897166,-0.03483192135109105,29383.4043904622,29393.170737890105,9.766347427903384,0.033237630664313095,-92003.69120457354,-87743.42480102532,-4260.266403548216,4.630538566192262,0.030392
437.0,4.137812572275008,4.136346386209438,-0.0014661860655698078,-0.03543384433103225,29382.36203831198,29392.147533277133,9.785494965151884,0.033303976557066683,-69555.19922359368,-65959.52492513495,-3595.6742984587327,5.169526273514075,0.030392
438.0,4.137718198686031,4.136234754098951,-0.0014834445870794966,-0.03585175490081895,29381.505268477165,29391.30804213142,9.802773654253542,0.033363755752741316,-51249.51978777869,-48237.473310329486,-3012.0464774492066,5.877218927946871,0.030392
439.0,4.137649227593183,4.136151889500721,-0.0014973380924621082,-0.036188135100400726,29380.79159672588,29390.609671339254,9.818074613373028,0.03341664427607569,-36140.543679889466,-33636.68621411566,-2503.8574657738063,6.928112338185678,0.030392
440.0,4.137600979784622,4.136094359457069,-0.0015066203275528878,-0.03641289565895532,29380.190516425602,29390.0219391687,9.831422743096482,0.03346276035072006,-23548.398429536843,-21484.105831465095,-2064.292598071748,8.766169827849092,0.030392
441.0,4.137569704660164,4.136055207793922,-0.0015144968662417213,-0.03660353720532941,29379.67947228444,29389.522410027243,9.84293774280377,0.03350253617330708,-12970.106241299885,-11284.311732652017,-1685.7945086478685,12.997538164181726,0.030392
442.0,4.137552338569598,4.136032926489249,-0.001519412080348559,-0.03672248605014235,29379.24139440142,29389.09416613388,9.852771732461406,0.03353650831276731,-4024.8191094596787,-2663.701439360715,-1361.1176700989636,33.818107921915775,0.030392
443.0,4.137546413880248,4.136022494786262,-0.0015239190939855263,-0.036831468255515566,29378.863115227414,29388.724218624287,9.86110339687366,0.03356529950868838,3581.368654320602,4664.63366273149,1083.2650084108882,30.247235427830795,0.030392
444.0,4.137549896364805,4.1360234863867635,-0.001526409978041876,-0.0368916391650759,29378.534313362758,29388.40241572564,9.868102362881473,0.033589498569344865,10078.915426689608,10924.976382417633,846.0609557280259,8.394365067173823,0.030392
445.0,4.137561141923973,4.136032150161591,-0.0015289917623819704,-0.03695393759597681,29378.246787469194,29388.120726289777,9.873938820583135,0.033609693907243984,15650.996585096842,16294.827628269179,643.8310431723366,4.1136744211253875,0.030392
446.0,4.137578782541463,4.136048661467479,-0.001530121073984425,-0.03698107406294666,29377.993943417772,29387.87270444427,9.878761026498978,0.03362639751892366,20444.928525489235,20916.687431770242,471.7589062810075,2.3074617536219466,0.030392
447.0,4.137601709995154,4.136070132275881,-0.0015315777192732583,-0.03701607420485748,29377.77042461844,29387.653134684973,9.882710066533036,0.03364009563588723,24580.40858956594,24905.91300990002,325.50442033408035,1.3242433263385731,0.030392
448.0,4.11925504921276,4.118424472209837,-0.0008305770029233273,-0.02016328178275974,29377.57183988356,29387.457743643557,9.885903759997746,0.03365119423034293,28155.58322149114,28357.049516455045,201.46629496390597,0.7155465165790879,0.45558
449.0,4.083797694809328,4.0845412702863975,0.0007435754770694913,0.018207941054832512,29374.522692886774,29384.41743873498,9.894745848207094,0.033684788521187344,87722.07436789184,87694.53884322701,-27.53552466482506,-0.03138950470932281,1.3745
450.0,4.055416682682804,4.057687325345433,0.0022706426626291076,0.055990366472699823,29363.847149999412,29373.779396402806,9.932246403393947,0.033824744941141495,293902.8965109214,293094.6658930927,-808.2306178287254,-0.2749992012408396,2.2717
450.99999999999994,4.031098063355175,4.034827487146951,0.0037294237917757656,0.09251632515909773,29345.859137188476,29355.911468727467,10.052331538990984,0.03425468476488456,632608.9137549326,629438.2242615329,-3170.6894933996955,-0.5012084756409224,3.1707999999999488
451.9999999999999,4.009273912023845,4.014407967517184,0.005134055493338785,0.12805449580138964,29323.419863765102,29333.76779126459,10.347927499486104,0.035288951791987336,1.0418758558489846e6,1.0330185928042855e6,-8857.263044699095,-0.8501265285086823,4.072599999999898
452.9999999999999,3.9890139324100957,3.9955009932163277,0.006487060806231959,0.162623167433075,29297.545345242146,29308.474817801245,10.92947255909894,0.03730507941981515,1.500237604226978e6,1.4803696812849424e6,-19867.9229420356,-1.3243184203660108,4.978099999999897
453.99999999999983,3.9697942761683978,3.9775918165451465,0.007797540376748735,0.19642177489043178,29268.856993469304,29280.766013340548,11.9090198712438,0.040688366730211,1.9949322851423717e6,1.956785989996523e6,-38146.295145848766,-1.9121598978546979,5.887999999999845
454.9999999999998,3.9513068643807316,3.9603810030014683,0.009074138620736694,0.22964904858531754,29237.792518925857,29251.19381376113,13.401294835271983,0.04583552204427615,2.5172299514332004e6,2.4516155012930944e6,-65614.45014010603,-2.6066132775334263,6.803399999999791
455.9999999999997,4.007692810638061,4.01041320626411,0.002720395626048422,0.06787934491454474,29204.686032081594,29220.207107411603,15.521075330008898,0.05314583869506032,3.06066287851877e6,2.956534144738755e6,-104128.7337800148,-3.402162796524936,3.5019000000009384
456.9999999999997,4.005957800427915,4.008699341918058,0.0027415414901437174,0.06843660434592863,29192.705216456085,29209.38739199685,16.682175540765456,0.057145014198141615,3.169897104845408e6,3.0478601693571103e6,-122036.9354882976,-3.849870562099813,3.4646000000000106
457.99999999999966,3.952359499569666,3.9605934273696284,0.008233927799962348,0.20832942450854636,29196.15854200412,29213.008473931815,16.84993192769616,0.05771283884300872,2.983399090365748e6,2.8633093624884197e6,-120089.72787732817,-4.025265284323924,6.261999999999045
458.9999999999996,3.982519470265299,3.9873497885702704,0.004830318304971382,0.1212880022567625,29175.85033375908,29194.101911360372,18.2515776012915,0.06255714021185797,3.2850166647384223e6,3.1418739990546107e6,-143142.66568381153,-4.357441081511518,4.448300000000721
459.99999999999955,4.029167503073741,4.029874969238708,0.0007074661649673075,0.0175586188568135,29155.109733102076,29174.685104874978,19.575371772902145,0.06714216462261055,3.5822211525306813e6,3.4185322871715436e6,-163688.86535913777,-4.569479615838313,2.2988000000009774
460.99999999999955,3.9897657263673683,3.993989942791809,0.004224216424440819,0.10587630237344574,29161.155738290698,29180.596607187177,19.440868896479515,0.06666700411654897,3.3427879684397243e6,3.1879013417555937e6,-154886.62668413064,-4.633456508353574,3.9447999999992516
461.9999999999995,4.0478066413700855,4.0479114715241815,0.00010483015409601393,0.0025898014254092786,29161.114561756116,29180.64469869438,19.53013693826506,0.06697321838266847,3.245496305960833e6,3.093929287356469e6,-151567.01860436425,-4.670072134298506,1.6216000000011885
462.99999999999943,4.030872461995002,4.032252012942799,0.0013795509477967371,0.034224624093265286,29161.972356098682,29181.48923766187,19.51688156318778,0.06692579406106662,3.1390721327472115e6,2.99238460822434e6,-146687.5245228717,-4.672958069125213,2.186899999999679
463.9999999999994,4.030215492089003,4.031982624282042,0.0017671321930388117,0.04384708947964578,29170.318618529855,29189.394338647267,19.075720117412857,0.06539428097057326,2.8932332488829307e6,2.7593848536435566e6,-133848.39523937413,-4.626256638349246,2.222499999999978
464.9999999999994,4.084891290913106,4.083723665572283,-0.001167625340823264,-0.028584000348324125,29168.87194258774,29187.821870452586,18.949927864847268,0.06496626918636371,2.8549023857673765e6,2.726850871038723e6,-128051.51472865371,-4.485320246570687,0.5754200000010299
465.9999999999993,4.06484018847426,4.064922408916456,8.222044219596825e-5,0.0020227226258267665,29177.75985484084,29196.34805342231,18.58819858147035,0.06370673647993032,2.61385028326784e6,2.4959480852977186e6,-117902.19797012117,-4.510671430756916,1.1291999999996223
466.99999999999926,4.06557450565458,4.065899963990191,0.00032545833561048454,0.00800522374286396,29188.343410968802,29206.513228660522,18.1698176917198,0.0622502532462726,2.3527544032883015e6,2.245579931770464e6,-107174.4715178376,-4.55527663100094,1.1332999999999969
467.9999999999992,4.097985775415069,4.096897890308358,-0.001087885106710651,-0.02654682486301367,29190.2306728545,29208.113591909692,17.88291905519145,0.06126337011725535,2.275082304407179e6,2.1755449024453727e6,-99537.40196180623,-4.375112134140695,0.29941000000066365
468.99999999999915,4.110173023544576,4.108749498842512,-0.0014235247020639719,-0.03463417948367383,29197.587937930784,29215.14953296729,17.561595036506333,0.060147417224461694,2.090191772168615e6,1.998691830515222e6,-91499.94165339298,-4.3775859646820825,0.02290500000023576
469.99999999999915,4.0501907143529134,4.051883932897445,0.0016932185445313053,0.04180589665891389,29209.33448874863,29226.56922734956,17.234738600927813,0.05900421527086348,1.8267897904061237e6,1.7431361860852998e6,-83653.60432082391,-4.579268220139681,1.671799999998594
470.9999999999991,4.07878687146972,4.078943808504771,0.00015693703505093026,0.0038476399968008306,29207.311924999376,29224.297797889456,16.985872890079918,0.05815623475962956,1.8457360768253366e6,1.7681170261008192e6,-77619.05072451732,-4.205316875965386,0.8506500000007468
471.99999999999903,4.119808369548092,4.118126720175635,-0.0016816493724567394,-0.040818630907369174,29202.1811973969,29218.9444106074,16.76321321049909,0.05740397642623137,1.9195775334253118e6,1.8473128814572985e6,-72264.65196801326,-3.7646123019091373,-0.16758999999901603
472.999999999999,4.090770232680758,4.090508286207894,-0.0002619464728645937,-0.006403353353163893,29212.223929834254,29228.74546839807,16.52153856381483,0.056556935218278565,1.6880677504885406e6,1.621396947710378e6,-66670.80277816253,-3.949533587077145,0.5626999999992527
473.999999999999,4.091728699728648,4.091541945963069,-0.00018675376557908407,-0.004564177619876632,29219.137954497903,29235.436385852423,16.29843135452029,0.05577998700680819,1.5306677296970761e6,1.4690682055255785e6,-61599.52417149767,-4.0243563626763335,0.5601800000000026
474.9999999999989,4.103303848931073,4.102615833549454,-0.0006880153816197776,-0.016767351552554616,29218.74142113016,29234.819783679257,16.07836254909853,0.0550275671267316,1.5227487847674594e6,1.4660316130153097e6,-56717.171752149705,-3.7246571673219915,0.28527000000029695
475.99999999999886,4.0824927774486675,4.082760352710998,0.000267575262330233,0.006554212754724156,29221.59504606854,29237.465626080826,15.870580012284336,0.054311135265764886,1.4475601654625856e6,1.395360526118882e6,-52199.63934370363,-3.606042815292765,0.8243099999993871
476.9999999999988,4.082866256869833,4.083116266432523,0.0002500095626896126,0.006123383597710221,29221.860595448732,29237.545821330077,15.685225881345104,0.05367634216894478,1.4252585940119214e6,1.3770303589742593e6,-48228.23503766209,-3.383823485807284,0.82431
477.9999999999988,4.082980693088633,4.083172989434088,0.00019229634545503416,0.004709704990291509,29218.94049903681,29234.45751309445,15.517014057641063,0.053106012034052276,1.4644176069446066e6,1.4197447170979897e6,-44672.88984661689,-3.050556728816133,0.82431
478.99999999999875,4.083088116543566,4.0832571406599785,0.00016902411641250836,0.0041396147128852905,29217.698102823222,29233.069368108365,15.371265285142726,0.05260943292331933,1.4664152993758882e6,1.4247931729004898e6,-41622.12647539843,-2.838358716873246,0.82431
479.9999999999987,4.0831897444261855,4.08334152955398,0.0001517851277945681,0.0037173175212287034,29216.847276634937,29232.093324545458,15.246047910521156,0.052182385615280276,1.4597286989103104e6,1.4207118443102336e6,-39016.8546000768,-2.6728839837980125,0.82431
480.99999999999864,4.104817175105918,4.104023274909163,-0.0007939001967551818,-0.01934069564827078,29216.128790217193,29231.261175710024,15.132385492830508,0.051794628923930115,1.450096598893596e6,1.413431743046128e6,-36664.855847468134,-2.5284423034605363,0.2818200000007401
481.99999999999864,4.073866555465267,4.074508011493657,0.0006414560283900528,0.01574563181333252,29219.13909056942,29234.164439929616,15.025349360195833,0.0514229707919263,1.3670070372783572e6,1.3325422762967513e6,-34464.760981605854,-2.5211838740950063,1.0886999999988993
482.9999999999986,4.0739012937862675,4.074531354145461,0.0006300603591933296,0.015465773806408402,29218.698063175918,29233.618388735562,14.92032555964397,0.05106430658677408,1.3559584741385342e6,1.323632374104342e6,-32326.100034192204,-2.3840036882198463,1.0926999999999945
483.9999999999985,4.055251264457105,4.056791985339667,0.0015407208825619634,0.03799322858403021,29213.11592403595,29227.937537059588,14.821613023639657,0.050736159272365536,1.4451762186933479e6,1.414838342971318e6,-30337.875722029945,-2.0992509653570033,1.6437999999991855
484.99999999999847,4.115631627995561,4.114245751743486,-0.0013858762520753132,-0.03367347657278738,29206.42420017624,29221.17532678559,14.75112660934974,0.050506445117169556,1.5499684917673524e6,1.5210408173293006e6,-28927.67443805188,-1.86633951539667,0.019472000002492974
485.9999999999984,4.104858618485091,4.103970414828561,-0.0008882036565296403,-0.021637862325631918,29209.34216592751,29224.04150865103,14.699342723517475,0.05032411425089933,1.459986225697172e6,1.432107803834404e6,-27878.42186276801,-1.9094989645847869,0.28181999999958246
486.9999999999984,4.084234089772825,4.084397951973143,0.00016386220031794352,0.004012066809007461,29218.72166314715,29233.36059208487,14.638928937722085,0.05010119575554808,1.2493718222217963e6,1.2227316046300395e6,-26640.217591756722,-2.1322889725799645,0.8178099999991469
487.99999999999835,4.084501910089506,4.084632930609044,0.00013102051953772786,0.003207747784719648,29217.90956650303,29232.466369843085,14.556803340055922,0.049821508643262485,1.25092236794873e6,1.2259444222911738e6,-24977.945657556178,-1.9967622530017721,0.81781
488.9999999999983,4.105991017284915,4.10514877937347,-0.0008422379114456646,-0.02051241485673279,29214.582947129267,29229.050840672007,14.467893542740057,0.049522848123223766,1.2991226622629378e6,1.2759075872034577e6,-23215.075059480034,-1.7869809936993761,0.27840000000091986
489.99999999999824,4.106388347299983,4.105567259174654,-0.0008210881253294389,-0.019995384164513266,29216.62454499013,29231.021384720287,14.396839730157808,0.049276191053447625,1.2375023612986745e6,1.2156630236652272e6,-21839.337633447256,-1.764791592844183,0.275020000000006
490.99999999999824,4.096153965000755,4.095825845797548,-0.00032811920320696686,-0.00801042162991318,29221.04875504714,29235.378153148635,14.329398101494007,0.04903793228509293,1.132227779072341e6,1.1116818234509889e6,-20545.955621352186,-1.8146486070308165,0.5379099999995367
491.9999999999982,4.167687378232,4.164251011595805,-0.003436366636194954,-0.08245260079110626,29221.66536421143,29235.917942356624,14.252578145195002,0.04877401054168023,1.106855738178007e6,1.0877764629775062e6,-19079.27520050085,-1.7237363951247346,-1.2532999999967418
492.9999999999981,4.19495241036328,4.190074015066798,-0.004878395296482374,-0.11629202954557256,29233.03179238403,29247.176148384395,14.144356000364496,0.04838484116467684,869644.8044807392,852625.861996135,-17018.942484604195,-1.9569992710720703,-2.083699999998442
493.99999999999807,4.212510644945787,4.206839020434882,-0.005671624510905637,-0.1346376303573383,29257.4019055841,29271.35447409666,13.952568512559083,0.04768902091028144,389089.090009924,375717.18793535687,-13371.902074567159,-3.4367198715919014,-2.6434999999989177
494.99999999999807,4.219173099667594,4.213456819838623,-0.00571627982897116,-0.13548341568212777,29281.281049870893,29294.88702439087,13.60597451997819,0.046466459226305545,-57513.975150626364,-64337.29336317408,6823.318212547718,-11.863756929820573,-2.789999999999717
495.999999999998,4.23087616160727,4.224654743557064,-0.00622141805020604,-0.14704798279518969,29302.368648566302,29315.489574517953,13.120925951650861,0.04477769735619253,-430878.4559115288,-428722.26792508474,-2156.1879864440416,0.5004167548555193,-3.1451999999992934
496.99999999999795,4.24140002642553,4.234706841957332,-0.006693184468197444,-0.15780601750592654,29321.67368404714,29334.200389153302,12.526705106163718,0.042721657846492726,-756926.0039614831,-744032.8891913341,-12893.114770148997,1.703352071757476,-3.4662999999993427
497.9999999999979,4.227170647003377,4.2220547847147545,-0.005115862288622708,-0.12102332069913763,29341.51095385333,29353.325280934583,11.814327081254305,0.040264889902347605,-1.0843209255419893e6,-1.0588068121707519e6,-25514.113371237414,2.353003872768054,-2.7220000000015654
498.99999999999784,4.234918334346807,4.229463739747104,-0.005454594599702212,-0.1288004671887853,29354.75382929196,29365.98229104962,11.228461757658806,0.038250914393478455,-1.272759909278944e6,-1.2376115535245738e6,-35148.3557543701,2.7615857082018467,-2.916899999999579
499.99999999999784,4.223734685486825,4.2192702210148125,-0.0044644644720124305,-0.10569945331445124,29363.927602758286,29374.67758986271,10.74998710442378,0.036609500097711675,-1.3801459272214079e6,-1.3377478578880923e6,-42398.069333315594,3.071999018152661,-2.3860000000011468
500.9999999999978,4.203750553756599,4.20066746063516,-0.003083093121438729,-0.07334148594244212,29371.674154069515,29382.029117953713,10.354963884197787,0.0352549324559461,-1.4617406810253488e6,-1.4138690350376305e6,-47871.645987718366,3.2749752818084286,-1.6347000000016656
501.9999999999977,4.1939138054199425,4.191280692914196,-0.0026331125057463822,-0.06278413500877195,29371.767760203187,29381.997440445637,10.229680242449831,0.03482827566242157,-1.3950437625874511e6,-1.347056757565222e6,-47987.00502222916,3.4398207647067274,-1.304400000000751
502.99999999999767,4.177837033947242,4.175812742400444,-0.0020242915467978406,-0.04845309978224018,29368.475630091067,29378.71170518481,10.236075093744148,0.03485395436478229,-1.2714771246075348e6,-1.2257345843808006e6,-45742.54022673424,3.597590498598512,-0.8545000000010485
503.99999999999767,4.156722819697862,4.1553709794806695,-0.0013518402171923682,-0.0325217791955305,29364.11325400001,29374.40762201206,10.294368012047926,0.03505764987010332,-1.1375116000870026e6,-1.0947421293138484e6,-42769.47077315417,3.7599151314046333,-0.338290000001203
504.9999999999976,4.141223881464958,4.140212594775745,-0.001011286689212909,-0.024419995589689453,29356.850869756996,29367.254309511933,10.403439754936699,0.03543786014750707,-955785.9398718622,-916720.6406992907,-39065.29917257151,4.087243549304441,0.009849799999168843
505.99999999999756,4.139640931133728,4.138457582278568,-0.0011833488551600269,-0.028585784971353584,29347.96637662487,29358.48720719942,10.520830574550928,0.03584858466694504,-752882.5894605858,-717422.4449783728,-35460.14448221307,4.709916921789762,0.030391999999949786
506.9999999999975,4.138902289870831,4.13756307267576,-0.0013392171950714626,-0.03235682075290687,29340.761507937026,29351.393221684863,10.63171374783633,0.036235302703238714,-593515.5826286374,-561314.1498510317,-32201.432777605718,5.42554125284932,0.030392
507.9999999999975,4.138290101217974,4.13684834657387,-0.0014417546441043427,-0.03483938073070344,29336.114128663783,29346.854476952056,10.740348288272799,0.036611352959588464,-491224.91870785074,-462063.76076264074,-29161.157945209998,5.936416666710915,0.030392
508.99999999999744,4.137787732945272,4.136271980442194,-0.001515752503078005,-0.036631954099759834,29332.705957836286,29343.55002329519,10.84406545890306,0.03696919566333445,-416456.4705066644,-390091.1982831547,-26365.27222350973,6.3308590670793325,0.030392
509.9999999999974,4.137373049396407,4.135804143859921,-0.0015689055364864757,-0.03792033055166152,29330.02546738645,29340.965142357563,10.939674971112254,0.037298552581471967,-357868.31754374685,-334015.256392589,-23853.06115115783,6.665317934505886,0.030392
510.9999999999973,4.13451067767375,4.1329933013708695,-0.00151737630288018,-0.036700263251803235,29327.841291710458,29338.86840704181,11.027115331351524,0.03759947833074352,-310324.584861204,-288720.9252874071,-21603.659573796904,6.961633279380481,0.08803999999984598
511.9999999999973,4.117031263055092,4.11611491270761,-0.0009163503474818313,-0.022257551350286384,29325.63097696987,29336.73839161418,11.107414644309756,0.03787613181463232,-263211.3739897025,-243632.3367115932,-19579.03727810929,7.438522500503823,0.4875699999989326
512.9999999999973,4.103735484515868,4.103276527220509,-0.0004589572953586085,-0.01118389080120629,29320.79767277505,29331.98366530089,11.185992525839538,0.03815036906798057,-165689.99132666845,-148031.22456995636,-17658.76675671208,10.657714817485077,0.8021499999991417
513.9999999999973,4.111158476432785,4.110264539829896,-0.0008939366028890561,-0.021744153333264758,29312.864278496392,29324.135921386944,11.271642890551448,0.038452888068056204,-11435.830871712848,4228.227656686317,-7207.603215026531,63.02649362238236,0.5981000000005567
514.9999999999972,4.083153401385932,4.083446798786073,0.00029339740014133753,0.007185559083862746,29307.009782548805,29318.375459115665,11.365676566860202,0.03878142687087792,94932.98220219064,108506.776336627,13573.79413443635,14.298291088682479,1.3175999999979553
515.9999999999972,4.095297445963342,4.094881567556908,-0.00041587840643408924,-0.010155023216787655,29299.072805715005,29310.555596437625,11.482790722620848,0.0391916522367938,238973.7823043795,250076.64243331738,11102.860128937871,4.646057831898992,0.9578700000010225
516.999999999997,4.096271656508907,4.095698532708461,-0.0005731238004456074,-0.013991352344391597,29290.956868367837,29302.563882456274,11.6070140884367,0.03962661288464582,381036.52262103953,389621.0312949064,8584.508673866861,2.252935916698095,0.9064800000001518
517.999999999997,4.0765073113471555,4.0768831325715125,0.00037582122435697585,0.009219196622335479,29287.521632759795,29299.24400436655,11.722371606752858,0.04002514024143547,426176.3369736009,432505.7592370442,6329.422263443295,1.4851651099144356,1.4384999999984274
518.999999999997,4.0480376547765,4.050059667711002,0.0020220129345025484,0.049950447771074095,29280.51179336001,29292.371710971027,11.859917611018318,0.04050447510862092,542657.1687961016,546363.9174842038,3706.748688102234,0.6830737528679015,2.3577999999972827
519.9999999999969,4.039895176029497,4.042245053385805,0.0023498773563082054,0.05816679032295386,29265.76438286558,29277.843531912986,12.079149047407554,0.04127399130732978,807270.0699792948,806836.6124409512,-433.45753834361676,-0.053694241179378085,2.614099999999213
520.9999999999969,4.0398369516352615,4.0418984949217895,0.002061543286528078,0.05103035868053037,29248.50501115252,29260.899012956383,12.39400180386292,0.04237482154775794,1.1090282419463338e6,1.1027455538399483e6,-6282.688106385525,-0.566503887706184,2.547800000000204
521.9999999999968,4.047207797466012,4.048558806315148,0.0013510088491361927,0.033381257319727194,29235.12307341363,29247.869056120166,12.74598270653587,0.04359818385073619,1.3220346221048755e6,1.3094229475602363e6,-12611.674544639187,-0.9539594753244455,2.211300000001071
522.9999999999968,4.050232728479803,4.051297227467028,0.0010644989872252708,0.026282415322460135,29226.650302529444,29239.70964976234,13.059347232894652,0.04468301053222107,1.4326230810247632e6,1.4146892568070134e6,-17933.82421774976,-1.2518173450703864,2.056800000000492
523.9999999999968,4.055367042390829,4.056092607312232,0.0007255649214030768,0.01789147354157424,29221.30475758639,29234.61396521561,13.3092076292196,0.045546246957929845,1.4816556977178715e6,1.4598139030534734e6,-21841.79466439807,-1.4741477860234342,1.8477000000006654
524.9999999999967,4.047166456279628,4.04842279413678,0.0012563378571517347,0.031042406353274325,29217.315857997906,29230.821707968862,13.505849970955751,0.04622549873026299,1.5064248762184381e6,1.4818010734796103e6,-24623.802738827886,-1.6345855095436785,2.100399999999167
525.9999999999967,4.043580991909973,4.0450601788690586,0.0014791869590853324,0.03658111367237986,29212.02052560041,29225.71947188471,13.6989462843012,0.04689489476531045,1.559500133886883e6,1.5321891476164865e6,-27310.986270396505,-1.7512654008131994,2.2005999999996697
526.9999999999967,4.05042998617727,4.05141031881148,0.000980332634210157,0.02420317441742473,29204.49240757049,29218.410877219158,13.91846964866636,0.04765865968298208,1.6565312125696698e6,1.626049487523094e6,-30481.725046575768,-1.8400936134062598,1.9315000000008873
527.9999999999966,4.053308321503162,4.054102439445832,0.0007941179426698142,0.01959184645433824,29199.158908793863,29213.252615116864,14.093706323001243,0.04826750786563466,1.7076878356600942e6,1.674979762712587e6,-32708.07294750726,-1.9153426208522586,1.8103000000004135
528.9999999999966,4.069752761485536,4.069656345860306,-9.641562523032832e-5,-0.002369078194203001,29196.215276363553,29210.433585159582,14.218308796029305,0.048699150425637716,1.7121301803108493e6,1.6782097935875878e6,-33920.38672326156,-1.981180351432335,1.284000000001795
529.9999999999965,4.090070638678982,4.089093577116369,-0.000977061562612569,-0.023888623178599723,29196.42806220106,29210.7013233683,14.27326116723998,0.04888701157837439,1.6571019795533803e6,1.6233094641504507e6,-33792.515402929625,-2.0392538190098195,0.7226200000019785
530.9999999999965,4.097794396920336,4.096656932988294,-0.0011374639320420599,-0.027757955179423147,29201.64518510393,29215.88370479903,14.238519695099967,0.04875930655565662,1.50897258429825e6,1.476982109809282e6,-31990.47448896803,-2.120016945426828,0.5321200000006714
531.9999999999965,4.098241291214274,4.097254251687959,-0.000987039526314959,-0.024084465900798817,29207.997761418887,29222.169595691772,14.171834272885462,0.048520389479093866,1.34813589468899e6,1.3184136950810698e6,-29722.199607920134,-2.20468869088134,0.53212
532.9999999999964,4.098696752431922,4.0978069274204,-0.0008898250115221273,-0.02170994990039598,29212.15956642983,29226.261984457342,14.102418027512613,0.04827584895065032,1.2390326258156102e6,1.211476306691958e6,-27556.319123652065,-2.224018847406277,0.53212
533.9999999999964,4.099081608505824,4.098251820988124,-0.0008297875177003533,-0.02024325439089814,29214.520539959525,29228.55258809373,14.03204813420598,0.04803107453025967,1.1698522832118364e6,1.1443547227540484e6,-25497.560457787942,-2.1795538482674273,0.53212
534.9999999999962,4.0994079094932925,4.098620378453667,-0.0007875310396254775,-0.019210848420371525,29216.071115598625,29230.034714031062,13.96359843243772,0.04779423755229866,1.1186557566849075e6,1.0950739619932198e6,-23581.794691687683,-2.10804749814826,0.53212
535.9999999999962,4.057663799717168,4.058970020522231,0.001306220805063596,0.032191449798148475,29217.13188902636,29231.03090453243,13.899015506067371,0.04757145759159095,1.0783370107881925e6,1.0565072934200468e6,-21829.717368145706,-2.0243872879953955,1.7062999999955948
536.9999999999962,4.083357471086428,4.083215212255198,-0.0001422588312296469,-0.003483869150250937,29210.119467945453,29224.00390628119,13.884438335735467,0.047532973464801974,1.1976281967337816e6,1.1764940604696737e6,-21134.13626410789,-1.7646658889416373,0.9448800000028567
537.9999999999961,4.082614733004095,4.082425200984318,-0.0001895320197773387,-0.004642417474398228,29203.675776579956,29217.55996606624,13.884189486285322,0.04754260933625288,1.297498593503272e6,1.276769446580009e6,-20729.14692326286,-1.5976238453788032,0.9530799999999684
538.9999999999961,4.127568229388277,4.125585753651655,-0.001982475736622469,-0.04803011425728219,29204.25238690114,29218.122580349413,13.870193448274222,0.04749374599465988,1.2541350783995837e6,1.2340815616573275e6,-20053.516742256237,-1.5989917743028734,-0.1570599999957089
539.9999999999961,4.1279390365552215,4.126072724422846,-0.001866312132375647,-0.045211717417539446,29210.707264055603,29224.548048928467,13.840784872863878,0.047382573615036214,1.0991064250380108e6,1.0800104734127633e6,-19095.951625247486,-1.737406968991841,-0.15563000000000551
540.999999999996,4.115985280614448,4.114759509164996,-0.0012257714494525729,-0.02978075396007212,29220.928635513937,29234.702821354298,13.774185840360587,0.047138083844535994,879284.7881748243,861840.5328646109,-17444.255310213426,-1.983914147590719,0.1488199999987886
541.999999999996,4.100738442264141,4.1001700292262235,-0.0005684130379171037,-0.01386123611442201,29224.53082158556,29238.228390146574,13.697568561015942,0.04687010595529824,800863.3361401974,785192.6431812852,-15670.692958912114,-1.9567249806237648,0.5321199999984749
542.9999999999959,4.100985598986046,4.100380651033204,-0.0006049479528424939,-0.014751282057466017,29222.93126401585,29236.552630073147,13.621366057297564,0.04661190875834713,826021.2278355114,812042.4503969225,-13978.777438588906,-1.6923024454490836,0.53212
543.9999999999959,4.140641061746152,4.138453931856722,-0.0021871298894300395,-0.05282104526364581,29220.3892936995,29233.951201783846,13.561908084346214,0.04641248255809663,865597.7877827447,852919.7669090435,-12678.0208737012,-1.4646549532175144,-0.41547999999612173
544.9999999999959,4.1742675227029915,4.170637021653571,-0.0036305010494208645,-0.08697336789449427,29225.75525604886,29239.259349347358,13.504093298499356,0.046206139688056175,746092.6911283312,734648.5697003362,-11444.121427995036,-1.533873949453634,-1.2849999999964412
545.9999999999958,4.235073856622739,4.227565768224444,-0.007508088398294532,-0.17728352922472668,29240.87393913375,29254.288054467583,13.414115333831433,0.04587453631431654,441333.8445422632,431725.1445330605,-9608.700009202701,-2.1771953653743745,-3.4442999999909176
546.9999999999958,4.225851316317569,4.219703556596044,-0.006147759721525148,-0.14547979238612543,29269.448884432444,29282.57030447773,13.12142004528505,0.04482974755381863,-112069.6591976536,-115922.2093469935,3852.550149339906,-3.4376388550850225,-2.9169000000022183
547.9999999999957,4.215973403032578,4.2111473096672,-0.004826093365378092,-0.11447162740416367,29297.52601842065,29310.191901053466,12.665882632816647,0.04323191871167909,-628016.8639356514,-623198.3332652504,-4818.530670400942,0.7672613503090044,-2.386000000002294
548.9999999999957,4.203488938274447,4.199716682723463,-0.0037722555509835942,-0.08974106049466908,29310.353761779177,29322.593535241547,12.239773462370067,0.0417592143781314,-822976.1667783746,-810475.8029261666,-12500.363852208015,1.5189217327084918,-1.8522000000023062
549.9999999999957,4.188053096459648,4.185224281876854,-0.002828814582794159,-0.06754485957175387,29316.087314503817,29327.997734981,11.910420477182925,0.040627592452592995,-878047.5302315138,-860062.7865481836,-17984.743683330133,2.048265391577164,-1.316100000002316
550.9999999999956,4.1693221202557345,4.167329344309125,-0.001992775946609626,-0.047796161801175366,29316.9033972113,29328.631826267152,11.728429055852757,0.040005688516776966,-841885.7273152018,-821458.1489691252,-20427.578346076538,2.4264074901496056,-0.7782400000023848
551.9999999999956,4.14750464364202,4.146238952410411,-0.001265691231608912,-0.03051693344211615,29313.788836877342,29325.44538419013,11.656547312788462,0.03976472429972712,-736692.9752118527,-715962.5849452493,-20730.39026660344,2.8139796311539347,-0.23930000000238955
552.9999999999956,4.135769806302611,4.13474230612965,-0.001027500172961382,-0.024844230242107447,29307.33880938754,29318.98873625088,11.649926863341534,0.03975088608048542,-575879.6890939925,-556015.1912958241,-19864.497798168333,3.449418025042752,0.03039199999880424
553.9999999999955,4.135364670690709,4.1341625928232695,-0.0012020778674397548,-0.029068243387565085,29299.82445158007,29311.49289086068,11.668439280612802,0.03982426345214348,-405259.7576179519,-386613.5891713763,-18646.168446575582,4.601041207785989,0.030392
554.9999999999955,4.134917691174991,4.133589118939748,-0.0013285722352431861,-0.03213056061741473,29294.395181633132,29306.092179342755,11.696997709623247,0.039929131962270305,-285453.70084792696,-268095.999903882,-17357.700944044976,6.080741252428934,0.030392
555.9999999999953,4.1345652288545764,4.1331537598879375,-0.0014114689666389069,-0.03413826819778907,29291.182629679723,29302.917348204992,11.734718525269273,0.04006228998544735,-214809.62820912947,-198813.22057065062,-15996.40763847885,7.4467833550298,0.030392
556.9999999999953,4.134286176468726,4.132813642949018,-0.001472533519708108,-0.03561760015766163,29288.922666392602,29300.698246045315,11.775579652712622,0.040204891749823356,-165324.36614043475,-150655.69917514102,-14668.666965293727,8.872658826850381,0.030392
557.9999999999953,4.134065047375316,4.132547588864075,-0.0015174585112411876,-0.0367062079055725,29287.21892887955,29299.03458149662,11.815652617071464,0.040344058088152175,-128210.77131414948,-114773.1624983695,-13437.608815779982,10.480873547554264,0.030392
558.9999999999952,4.13389018930108,4.1323395324712555,-0.0015506568298242485,-0.03751083746340198,29285.88375502769,29297.73773002297,11.853974995279714,0.040476753559621256,-99304.31659923993,-86996.16711609012,-12308.149483149813,12.394375093301853,0.030392
559.9999999999952,4.133752664268783,4.132177531356233,-0.0015751329125501812,-0.03810418862660244,29284.809787936832,29296.69970347377,11.889915536936314,0.04060096556213275,-76219.97818193393,-64938.533242808095,-11281.444939125831,14.801165269553726,0.030392
560.9999999999952,4.133645443661116,4.132052267866875,-0.0015931757942411195,-0.03854166536426657,29283.92914065491,29295.852291917345,11.923151262435567,0.040715681304810444,-57447.999741539716,-47093.493128611546,-10354.50661292817,18.024137758517977,0.030392
561.9999999999951,4.133562946007544,4.131956365083429,-0.0016065809241148088,-0.03886673422178187,29283.196062938034,29295.149639691976,11.953576753941888,0.04082060144066994,-41969.97068175505,-32448.34859375718,-9521.622087997868,22.686749438538577,0.030392
562.9999999999951,4.133500687270876,4.13188425769405,-0.0016164295768259507,-0.039105583840925655,29282.5783017685,29294.55955155875,11.981249790249421,0.040915966028598726,-29067.355699940515,-20292.183523618092,-8775.172176322423,30.189096892430367,0.030392
563.999999999995,4.133455057911842,4.131831236867011,-0.00162382104483072,-0.03928483610152156,29282.05233512862,29294.058652368458,12.00631723983679,0.04100230783835204,-18215.77905521439,-10108.873049182655,-8106.906006031733,44.50485472764382,0.030392
564.999999999995,4.133423128286808,4.131793932689584,-0.0016291955972240757,-0.03941516623533611,29281.60054443885,29293.629521272545,12.028976833695197,0.04108032556294036,-9022.256151656402,-1513.743959531302,-7508.5121921251,83.22211280541629,0.030392
565.999999999995,4.13340252125983,4.131769244533284,-0.001633276726546562,-0.03951409808616344,29281.20944445091,29293.258888282402,12.049443831492681,0.04115077232158583,-1185.8650517651336,5786.25577795113,4600.390726185997,-387.93543323824395,0.030392
566.9999999999949,4.133391292152662,4.1317551135731545,-0.0016361785795071526,-0.03958441056895521,29280.868526665177,29292.93646173294,12.067935067763756,0.041214402697016525,5527.971881555655,12018.449907292788,6490.478025737133,117.41156005863427,0.030392
567.9999999999949,4.133387852560112,4.131749439747486,-0.0016384128126265551,-0.03963849682317533,29280.569477286866,29292.65413498659,12.08465769972463,0.04127193533274269,11304.891753096774,17361.94322634106,6057.051473244286,53.579031144504896,0.030392
568.9999999999948,4.115187220950499,4.114214047595004,-0.0009731733554954047,-0.023648337323292606,29280.305632890217,29292.40543640977,12.099803519551642,0.04132403422032616,16293.713410504863,21959.758000130452,5666.04458962559,34.774421562935956,0.45557999999777643
569.9999999999948,4.0799610959570956,4.080509763540664,0.0005486675835681964,0.01344786312084889,29277.205424490978,29289.32614149614,12.120717005163897,0.04139984274258865,76975.4238576203,82146.54846772818,5171.124610107872,6.717890400542366,1.3744999999951946
570.9999999999948,4.051703643238826,4.053754461076353,0.0020508178375271413,0.05061618563710576,29266.497953937745,29278.670295834192,12.172341896446596,0.04159138519273651,283892.255957501,287980.1343374302,4087.8783799291705,1.4399400808386724,2.271699999995308
571.9999999999947,4.0323019689702235,4.03542297831858,0.003121009348356907,0.07740018908241526,29248.491027967313,29260.800503899656,12.309475932343048,0.04208584955912005,623096.5907038511,624467.9558124306,1371.3651085795136,0.2200886875388641,2.967299999996283
572.9999999999947,4.056345002148901,4.057391244165198,0.0010462420162973274,0.025792727584637576,29227.27386871382,29239.876269954566,12.602401240746985,0.04311863397645567,1.0084839549581837e6,1.0042111882337043e6,-4272.766724479385,-0.4236821719842388,1.9811000000052696
573.9999999999947,4.055222168480882,4.056148053650342,0.0009258851694600168,0.02283192217325199,29214.769883948178,29227.672567789254,12.902683841075486,0.04416493401224688,1.2055153211307507e6,1.1957384587377599e6,-9776.86239299085,-0.8110110441251246,1.9604000000001105
574.9999999999945,4.064946395286172,4.065271946442121,0.00032555115594945505,0.008008744133181521,29210.174818442207,29223.312547352456,13.13772891024928,0.04497655009566944,1.2430066531835115e6,1.2292402874879716e6,-13766.365695539862,-1.1075053910839738,1.6067000000019303
575.9999999999945,4.110734049089165,4.108932006642616,-0.0018020424465490237,-0.04383748559331663,29206.23171220045,29219.567682990364,13.335970789914427,0.04566138802611613,1.2720512657329512e6,1.2551387419762183e6,-16912.52375673293,-1.3295473391937547,0.3484400000068663
576.9999999999944,4.11062661200806,4.109002331249722,-0.0016242807583379815,-0.03951418875149336,29211.771100630933,29225.158823151658,13.38772252072522,0.0458298898570928,1.1174106619025334e6,1.1003051148049901e6,-17105.547097543254,-1.5308201076602304,0.34844
577.9999999999944,4.084658268752289,4.084348426988254,-0.00030984176403503483,-0.00758550027074064,29220.65462566811,29234.021790674447,13.367165006337018,0.045745604188466696,909390.364605088,893422.1736693623,-15968.190935725695,-1.75592260015423,1.0168999999962762
578.9999999999944,4.099537213205792,4.098606968394303,-0.0009302448114896222,-0.022691459135754037,29219.946943093597,29233.327035686627,13.380092593029985,0.04579095444316846,902724.9830500006,887101.513211998,-15623.46983800258,-1.7307009478364264,0.6317900000021452
579.9999999999943,4.110409583281272,4.109057651990397,-0.0013519312908751857,-0.032890427668669495,29217.79349829259,29231.179800780057,13.38630248746631,0.04581558319333241,923396.2300336155,908193.9088842517,-15202.321149363765,-1.6463486263973957,0.36328000000152627
580.9999999999943,4.122105402856277,4.1204052988153865,-0.0017001040408901602,-0.04124358488533867,29220.688471413912,29234.056546994827,13.368075580914592,0.045748667400469865,843147.2294168037,828796.666085875,-14350.563330928679,-1.7020234225112518,0.0905110000015505
581.9999999999942,4.13507861527726,4.1330036782779365,-0.0020749369993238176,-0.050178900871626866,29225.277835584744,29238.618247064624,13.340411479879549,0.04564682517281749,734465.4812303067,721085.8731368724,-13379.608093434246,-1.8216796344223012,-0.204589999998289
582.9999999999942,4.117766419655604,4.116459820631786,-0.0013065990238176894,-0.031730770778566134,29231.444729186554,29244.73987984339,13.295150656835176,0.045482359082855875,600427.5865977159,588302.4350615788,-12125.151536137098,-2.0194194615279897,0.21706999999755522
583.9999999999942,4.128377312214529,4.126734511708734,-0.0016428005057953499,-0.03979288668540146,29234.203232372605,29247.447676836062,13.244444463456603,0.04530461924404465,539761.804555347,528927.0856539413,-10834.718901405693,-2.007314858140301,-0.020476999998622694
584.9999999999941,4.092447221141332,4.092245521952697,-0.00020169918863466307,-0.004928571530322918,29235.19233005819,29248.383881571277,13.19155151308587,0.045122164288014494,515196.18576676777,505630.1982738262,-9565.987492941553,-1.8567659771596463,0.8609399999947894
585.9999999999941,4.107566252903952,4.106688593855688,-0.000877659048263979,-0.021366887208295052,29232.033279437073,29245.189961281005,13.156681843931437,0.0450077547400247,571767.1694769862,563058.0819075548,-8709.087569431402,-1.5231877649424825,0.48059000000224855
586.9999999999941,4.118276497219262,4.1169202519042445,-0.0013562453150175457,-0.03293235206361953,29227.358599952684,29240.49740607528,13.13880612259527,0.04495379244642566,653496.8307957895,645281.1674108851,-8215.663384904386,-1.2571848856405075,0.21840000000155002
587.999999999994,4.132353013976106,4.130516937549021,-0.0018360764270850538,-0.04443174193674225,29228.998918374185,29242.120035441,13.121117066813895,0.04489075080353021,606104.6644358108,598370.0377012687,-7734.626734542078,-1.2761206419260631,-0.10986999999802204
588.999999999994,4.119006237781434,4.117738846427988,-0.0012673913534460013,-0.030769347757255143,29233.238186714047,29246.33768237383,13.099495659782406,0.04481027923117966,511086.8224371108,503899.3589851801,-7187.463451930729,-1.4063096789812353,0.21175999999806205
589.9999999999939,4.114006141623731,4.112963276047063,-0.001042865576668106,-0.02534914972821368,29235.388380754226,29248.457575386397,13.069194632171275,0.04470333850866431,462442.70339414314,455956.0951599141,-6486.608234229032,-1.4026836593203744,0.33796999999922517
590.9999999999939,4.108741491883781,4.1078763233251125,-0.0008651685586684721,-0.021056777613716667,29233.849302397764,29246.889787239983,13.040484842218575,0.044607484657003385,487958.7108466094,482115.22811223957,-5843.4827343698125,-1.1975363088059967,0.46626999999921237
591.9999999999939,4.0929681721785185,4.09272742018662,-0.00024075199189876884,-0.005882088053732078,29231.67814210335,29244.69816143728,13.020019333933305,0.04454078643942149,523204.80168023345,517821.0354275179,-5383.766252715548,-1.028997867646853,0.8609399999975771
592.9999999999937,4.081879549989645,4.082082367966251,0.0002028179766062621,0.004968739869033534,29226.990885531326,29240.009785875915,13.018900344588474,0.04454410101805388,605462.657988576,600148.0451274256,-5314.61286115041,-0.8777771495943665,1.1528999999981744
593.9999999999937,4.065561431201965,4.066510099359153,0.0009486681571884148,0.023334247267982996,29219.624582987206,29232.667769890853,13.043186903647438,0.044638447925993155,735699.2042774167,729964.9511014161,-5734.253176000551,-0.7794290305958093,1.6197999999970805
594.9999999999936,4.071826762666173,4.072276983524094,0.0004502208579211242,0.01105697477233354,29209.97465642963,29223.084202568334,13.1095461387049,0.0448803749161051,904172.9804385144,897225.7555935094,-6947.2248450049665,-0.7683512995086001,1.402600000001383
595.9999999999936,4.054609415268225,4.055931468294167,0.001322053025941905,0.032606174616068344,29201.86923503572,29215.070674873856,13.201439838136139,0.04520751644999958,1.0344027358142887e6,1.025812641967641e6,-8590.093846647767,-0.8304399775089137,1.921399999996697
596.9999999999936,4.060624236373598,4.061468352111378,0.0008441157377800934,0.02078783183676074,29193.694137604274,29207.025864169333,13.331726565058489,0.045666459688929704,1.1613977129871687e6,1.1504936741586903e6,-10904.038828478428,-0.938872076855803,1.6940000000014477
597.9999999999935,4.098657479557312,4.097527822832473,-0.0011296567248395561,-0.027561627934851684,29185.34504351604,29198.825453136047,13.480409620005958,0.04618896778470958,1.2875905430033768e6,1.2741211865255707e6,-13469.356477806112,-1.046090043997068,0.5991600000070947
598.9999999999935,4.098222485028202,4.09719906436192,-0.0010234206662822487,-0.024972306164954487,29187.27975862566,29200.828578923087,13.548820297426573,0.046420291337436186,1.2075512214110468e6,1.1932057196924866e6,-14345.501718560234,-1.1879828751112718,0.6022199999999802
599.9999999999935,4.079348827701409,4.079315657393744,-3.317030766503137e-5,-0.0008131275128957739,29193.116347998548,29206.680775545803,13.564427547255036,0.046464472602237274,1.0589398962823048e6,1.044757697398642e6,-14182.198883662815,-1.3392827046608844,1.103399999996752
600.9999999999934,4.078499641387639,4.0785162969357724,1.665554813357062e-5,0.0004083743924985085,29191.609404688927,29205.201386669025,13.591981980098353,0.046561262832994506,1.0646448191770278e6,1.0503422126614612e6,-14302.606515566586,-1.3434157812952607,1.1249999999998577
601.9999999999934,4.077416239962609,4.077444813761689,2.8573799079723017e-5,0.0007007820001223384,29187.03434348592,29200.658041696774,13.623698210853036,0.046677226779957615,1.1296910964965723e6,1.1151694914100205e6,-14521.605086551746,-1.2854491932871324,1.1465999999998577
602.9999999999933,4.096070528828765,4.095235671790099,-0.000834857038666037,-0.020381900965576315,29183.701078811522,29197.359663358897,13.65858454737463,0.046802098577179034,1.166559100617241e6,1.1517504110308401e6,-14808.689586400986,-1.269433291340792,0.6425100000033812
603.9999999999933,4.102862472712107,4.101794686880621,-0.0010677858314860345,-0.026025386875329463,29184.07765674336,29197.754996843043,13.677340099682624,0.04686576105146258,1.1292579551203477e6,1.1144803248668402e6,-14777.630253507523,-1.3086142264043326,0.4711300000011495
604.9999999999933,4.103061141393479,4.102078893742959,-0.0009822476505201294,-0.02393938614783934,29187.672637794687,29201.342539845486,13.669902050798555,0.04683450517084942,1.0318803655580198e6,1.0176325836471766e6,-14247.781910843216,-1.3807590866542272,0.47113
605.9999999999932,4.089452121152072,4.089103613754305,-0.00034850739776715045,-0.008522104855184603,29190.03498610958,29203.687396044785,13.652409935206379,0.046770789900399366,964678.3919450319,951117.1075274035,-13561.284417628427,-1.4057829563576623,0.820929999997614
606.9999999999932,4.0423692351813765,4.044614033392773,0.0022447982113966702,0.05553174588456289,29188.808651100426,29202.444601424642,13.635950324216537,0.04671636477942535,971141.914852328,958204.284167027,-12937.630685301032,-1.3322080416298714,2.271099999990108
607.9999999999932,4.019684498869033,4.023379262504709,0.0036947636356758906,0.09191675706676578,29176.443583127122,29190.13880431503,13.69522118790701,0.046939309614236265,1.1951941434214893e6,1.1813573321536465e6,-13836.811267842771,-1.15770407209594,3.1426999999940546
608.9999999999931,4.038900278802091,4.040792221542456,0.0018919427403654154,0.04684301690475389,29154.790261930706,29168.703499472016,13.913237541310082,0.04772196066688051,1.588413626094595e6,1.570613071188593e6,-17800.554906002013,-1.120649849231521,2.3133000000057518
609.9999999999931,4.0592291017520346,4.059655571221067,0.00042646946903257543,0.010506168987813565,29141.17498987829,29155.3415251888,14.166535310509062,0.04861346639395829,1.8030213727077376e6,1.780784581870653e6,-22236.79083708464,-1.2333071129206816,1.5727000000051359
610.999999999993,4.057498519750594,4.058082606078868,0.0005840863282733366,0.01439523207291864,29140.090084185547,29154.40762081532,14.317536629772803,0.04913346728994154,1.764482771760104e6,1.7400298101029203e6,-24452.96165718371,-1.3858430384554807,1.604899999999773
611.999999999993,4.152442312867774,4.1489535946878515,-0.0034887181799225786,-0.08401605409692466,29140.34589134682,29154.767056387715,14.421165040894266,0.04948865430309325,1.7074430296775638e6,1.681757128729677e6,-25685.900947886752,-1.5043489300335435,-0.8650099999825905
612.999999999993,4.237696826344145,4.228784246770306,-0.008912579573839174,-0.2103165926933014,29154.506228453232,29168.93706428255,14.430835829316493,0.04949778849361123,1.3831847827476382e6,1.358117154761279e6,-25067.627986359177,-1.8123123026674275,-3.920099999978466
613.9999999999928,4.229963411985197,4.222662858698823,-0.007300553286373912,-0.17259140506247625,29196.845246108307,29211.162617691498,14.317371583190834,0.04903739243916847,525059.3241187725,502943.27983029257,-22116.044288479956,-4.2121039038013794,-3.39650000000375
614.9999999999928,4.222176720505898,4.216377231598485,-0.005799488907412886,-0.13735779649502677,29236.6235273743,29250.61514558726,13.99161821296002,0.04785647768067213,-235288.76738527894,-250475.29614366984,15186.528758390894,-6.454421486905648,-2.8688000000037794
615.9999999999927,4.212075247046527,4.207425565944529,-0.004649681101997594,-0.11038931712480475,29256.442389088792,29269.875195907523,13.432806818731478,0.04591401319437681,-569700.9469540054,-573766.5996362085,4065.652682203101,-0.7136468183773863,-2.337600000003865
616.9999999999927,4.199406824028809,4.195779816947919,-0.0036270070808903654,-0.08636950962066359,29267.45164067858,29280.35881776244,12.907177083860006,0.044100788966267325,-725711.6443275777,-719879.0025863075,-5832.641741270199,0.8037134014398444,-1.803500000003886
617.9999999999927,4.183790978962937,4.181086276435097,-0.0027047025278399417,-0.0646471714633883,29272.60429596126,29285.15130381161,12.547007850349473,0.04286262924710318,-769288.082698485,-757223.2056259187,-12064.877072566305,1.5683171680296284,-1.267200000003902
618.9999999999926,4.164912296610333,4.163025654432285,-0.0018866421780483478,-0.045298485146585576,29273.208356789335,29285.544464405582,12.336107616247318,0.0421412899668929,-729851.8569006427,-714652.3354308417,-15199.521469801082,2.0825488523584377,-0.7292800000039751
619.9999999999926,4.143093567132186,4.141914004769677,-0.0011795623625090457,-0.028470570200651503,29270.01737063234,29282.254475469348,12.237104837007792,0.04180764460114642,-624439.7118367596,-608303.3268787974,-16136.384957962204,2.58413817252234,-0.1908500000039788
620.9999999999926,4.133532736511595,4.132509946834296,-0.001022789677298519,-0.024743717843678677,29263.551156662088,29275.75620765451,12.205050992422912,0.041707347570646196,-464772.0507698896,-448922.22187691805,-15849.828892971564,3.4102370972429394,0.0303919999983651
621.9999999999925,4.133179532291639,4.13198592952267,-0.001193602768969626,-0.028878560915253388,29256.380899524887,29268.581709912345,12.20081038745775,0.041703074721917796,-302466.3446430478,-287327.4486515836,-15138.895991464204,5.005150576117882,0.030392
622.9999999999925,4.1328045455067395,4.131490953751388,-0.0013135917553510623,-0.03178451196728438,29251.48551338268,29263.695569490363,12.210056107684068,0.04174166164004873,-194360.97541068422,-180086.33384736412,-14274.641563320096,7.344396956826244,0.030392
623.9999999999924,4.132514261973482,4.131120470063129,-0.0013937919103526042,-0.03372745553906447,29248.614518391678,29260.8455232214,12.231004829722224,0.041817381886691776,-131158.84536497638,-117882.64133539307,-13276.204029583314,10.122233077486733,0.030392
624.9999999999924,4.132289473327877,4.130836354012301,-0.0014531193155766786,-0.035164993279292955,29246.63028573184,29258.887086677143,12.25680094530253,0.04190842098921081,-87658.6991283461,-75389.8154223219,-12268.883706024193,13.996196416354092,0.030392
625.9999999999924,4.132116095309787,4.130618873693128,-0.0014972216166588836,-0.03623377422426066,29245.164273060407,29257.44786292062,12.283589860213397,0.04200212296816742,-55690.061004862946,-44374.25180144511,-11315.809203417833,20.319261640653828,0.030392
626.9999999999923,4.1319835745172275,4.13045319278618,-0.0015303817310474699,-0.0370374592117365,29244.039591137353,29256.349706857247,12.310115719894384,0.04209444349003366,-31327.400367844915,-20898.142759690923,-10429.257608153992,33.29116838835691,0.030392
627.9999999999923,4.131883798603625,4.130328681362184,-0.0015551172414411951,-0.03763700329536733,29243.154685446276,29255.490228940183,12.335543493907608,0.042182670189296494,-12314.509657900011,-2698.9402965062263,-9615.569361393784,78.08324999140504,0.030392
628.9999999999922,4.131810419952507,4.130236409498408,-0.0015740104540995503,-0.038094934039051155,29242.445411778728,29254.80478099788,12.35936921915345,0.04226516984169577,2775.250965635252,11651.499070819647,8876.248105184395,319.8358712453463,0.030392
629.9999999999922,4.131758394171058,4.13017019857242,-0.001588195598637654,-0.038438733515450116,29241.8687005349,29254.25004747124,12.381346936341288,0.04234116178804539,14900.766344417923,23109.844854129296,8209.078509711373,55.09165314028719,0.030392
630.9999999999922,4.1317236966471205,4.130124402827165,-0.001599293819955605,-0.038707666276266886,29241.394346776844,29253.79575523423,12.401408457386424,0.042410455227670694,24735.11087389324,32344.62287503519,7609.512001141949,30.76401007433298,0.030392
631.999999999992,4.131703085687788,4.13009539370149,-0.0016076919862983985,-0.03891112098222741,29241.000458460705,29253.420055498034,12.419597037329368,0.04247322883145687,32766.50108384629,39838.310318715565,7071.8092348692735,21.582436332683802,0.030392
632.999999999992,4.131693952350339,4.130079482085482,-0.0016144702648572817,-0.03907526267619315,29240.670750650017,29253.106771023144,12.436020373126667,0.042529873815737335,39358.35750220127,45948.171126043664,6589.813623842398,16.743111354364412,0.030392
633.999999999992,4.131694177642555,4.1300745344590775,-0.001619643183477848,-0.03920046145336868,29240.39285038094,29252.843667630805,12.450817249864485,0.04258088225275769,44786.96452651347,50944.43435279061,6157.469826277142,13.748352654335342,0.030392
634.9999999999919,4.131702045936513,4.130078064476694,-0.0016239814598186797,-0.039305386539570275,29240.157190275764,29252.62133003426,12.464139758496458,0.04262678780209016,49266.07144287578,55035.121356179225,5769.049913303446,11.70998568455511,0.030392
635.9999999999919,4.131716153793528,4.130088831465211,-0.0016273223283169713,-0.03938611143030356,29239.956261516807,29252.432399753932,12.47613823712527,0.042668115251407956,52963.515907733825,58382.86217815073,5419.346270416907,10.23222529232725,0.030392
636.9999999999918,4.131735359345405,4.130105109430799,-0.001630249914605919,-0.039456784445754074,29239.784095399707,29252.27105268721,12.486957287503174,0.04270536761407805,56012.76963303815,61116.42926668583,5103.65963364768,9.1116002066739,0.030392
637.9999999999918,4.1317587221480565,4.130126197502666,-0.0016325246453900988,-0.03951161612218651,29239.635894697512,29252.132623602265,12.496728904752672,0.042739003145449234,58521.15307412536,63339.016112647645,4817.863038522286,8.232686448299775,0.030392
638.9999999999918,4.131785473877084,4.130150862536368,-0.0016346113407159635,-0.039561863776584626,29239.507766309445,29252.013340438414,12.505574128968874,0.04276944136309345,60575.796709453796,65134.103738875965,4558.307029422169,7.524964221742995,0.030392
639.9999999999917,4.131814977505401,4.1301787321400445,-0.001636245365356892,-0.039601128662948536,29239.396523744836,29251.91012336582,12.513599620982859,0.04279705161090028,62248.047170799175,66569.88727782213,4321.840107022952,6.942932836373934,0.030392
640.9999999999917,4.131846710840624,4.130208900397046,-0.001637810443577692,-0.03963870293834011,29239.299539050036,29251.820440291252,12.520901241216052,0.0428221655053466,63596.7719043934,67702.46836672896,4105.696462335567,6.455825255577063,0.030392
641.9999999999916,4.131880238036298,4.130241195041615,-0.0016390429946833152,-0.039668211570969454,29239.214630130653,29251.74219211868,12.527561988026719,0.04284507004205653,64670.87457125629,68578.38096191466,3907.5063906583746,6.0421424892792635,0.030392
642.9999999999916,4.131915200916593,4.13027493272598,-0.0016402681906129146,-0.039697527922379676,29239.13997407569,29251.67362999422,12.533655918530712,0.0428660211266249,65511.230619290924,69236.4218895428,3725.191270251882,5.686339937499105,0.030392
643.9999999999916,4.131951298530938,4.130310062506251,-0.0016412360246862434,-0.03972060428857822,29239.074039626437,29251.613286211465,12.539246585027286,0.04288523832195709,66152.1955054887,69709.1707434794,3556.9752379907004,5.376957198186378,0.030392
644.9999999999915,4.13198828319727,4.1303460561657985,-0.0016422270314713217,-0.03974423253205818,29239.015534150592,29251.55992483542,12.544390684826794,0.04290291740559867,66622.7892661286,70024.08401514955,3401.294749020948,5.105302234396519,0.030392
645.9999999999915,4.125236863172747,4.123834599089706,-0.0014022640830404498,-0.03399232891470769,29238.963361521586,29251.51249819148,12.549136669895233,0.04291922567408758,66947.63746453772,70204.45141188163,3256.813947343908,4.864718264433226,0.1880399999986558
646.9999999999915,4.103380862059494,4.102791671137682,-0.0005891909218114222,-0.014358670121488707,29237.85234341276,29250.408591589956,12.556248177195812,0.0429451795217945,88075.34302454544,91144.10903611188,3068.7660115664476,3.484250990326797,0.7127199999955263
647.9999999999914,4.0679524760144306,4.069011742711381,0.001059266696950445,0.02603930855131965,29232.65030890287,29245.226811118016,12.57650221514632,0.043022107411575056,188414.46725862,191042.13013569417,2627.662877074181,1.3946184257005163,1.7005999999914643
648.9999999999914,4.062268802497761,4.063439911182793,0.0011711086850318964,0.02882893136741268,29219.70765781551,29232.35249593427,12.644838118758344,0.043275032956656495,435354.35120640823,436614.394145242,1260.0429388337652,0.2894292741859744,1.852699999998686
649.9999999999912,4.049579872003736,4.051297378000676,0.00171750599693965,0.04241195509720435,29204.60164745384,29217.379314187183,12.777666733341903,0.04375223770414244,711719.6290979539,710413.3815554271,-1306.2475425268058,-0.18353400540355577,2.2431999999965813
650.9999999999912,4.060937111281458,4.061715324814285,0.0007782135328273654,0.019163397794697553,29191.126490795657,29204.11600484064,12.989514044980751,0.044498159565978086,943432.324486115,938133.4605247596,-5298.863961355411,-0.561658088643686,1.8007000000038735
651.9999999999912,4.060719234866818,4.061373853654629,0.0006546187878111454,0.016120759647462186,29181.384625622613,29194.599058506778,13.214432884164125,0.04528377612541812,1.0933280069641492e6,1.0839702833155838e6,-9357.723648565356,-0.855893527739128,1.764600000000316
652.9999999999911,4.023793010114989,4.026946567776042,0.0031535576610526306,0.07837276055515863,29175.976219637065,29189.382440084963,13.406220447897795,0.04594951801089918,1.1548356424217403e6,1.142237891404716e6,-12597.751017024275,-1.0908696055315927,3.110199999988068
653.9999999999911,4.016254683112864,4.01977597180837,0.003521288695505831,0.08767593126779993,29161.84632154219,29175.60213333933,13.755811797138449,0.047170579137771784,1.3892933895505466e6,1.3704545141937467e6,-18838.875356799923,-1.3560041024088172,3.3765999999976373
654.9999999999911,4.032758691456326,4.034655428946123,0.0018967374897966849,0.04703325031113447,29141.702621720477,29155.972864506282,14.270242785805749,0.04896845929369126,1.7322161334180504e6,1.7041684000698864e6,-28047.73334816401,-1.619182087446533,2.6051000000068414
655.999999999991,4.035414153456645,4.0369918892660595,0.001577735809414449,0.03909724626561554,29130.59659138436,29145.278045171726,14.681453787365172,0.050398740517752894,1.8827423351946073e6,1.8479250651646007e6,-34817.27003000653,-1.849284916961709,2.4425000000014605
656.999999999991,4.035459787681051,4.0370446474343495,0.00158485975329814,0.039273337777672876,29125.822743214216,29140.795969456856,14.973226242640521,0.05140876662833158,1.9072539809941244e6,1.8682293998136264e6,-39024.581180498004,-2.0461134997949824,2.400600000000376
657.9999999999909,4.026575791776218,4.028792611893872,0.002216820117653562,0.05505472223275027,29120.43777983636,29135.677877263846,15.240097427486035,0.05233471262591601,1.9485194842504815e6,1.9058377179390686e6,-42681.76631141291,-2.190471619935117,2.7091999999971934
658.9999999999909,4.0429738530231685,4.0440085189462796,0.0010346659231110777,0.025591704540394132,29112.674317499994,29128.20319813817,15.528880638175906,0.05334061882745448,2.0384444839857665e6,1.9917250808233214e6,-46719.403162445175,-2.2919144244289065,2.060600000005899
659.9999999999909,4.071801548159348,4.07121791649843,-0.0005836316609180159,-0.014333499656481188,29107.763862854434,29123.498711632023,15.734848777588923,0.05405722284860495,2.070563361102756e6,2.0215226396150945e6,-49040.72148766159,-2.3684723881882617,1.130300000008461
660.9999999999908,4.064238316024319,4.064235419886741,-2.8961375777569742e-6,-7.125904911476762e-5,29112.222588335393,29127.946888564362,15.724300228968787,0.054012709545815156,1.920193097432865e6,1.873080646709403e6,-47112.45072346204,-2.4535267201224387,1.3454999999980182
661.9999999999908,4.085479668170437,4.0846219361846146,-0.0008577319858220633,-0.02099464580633132,29116.585922236438,29132.259871955615,15.673949719177472,0.05383168810051738,1.7833884845614685e6,1.7387531325512112e6,-44635.35201025731,-2.5028395325336557,0.7590400000054005
662.9999999999907,4.085570698626429,4.084842640295925,-0.0007280583305044885,-0.017820235756763725,29120.04385002885,29135.65790913942,15.614059110568633,0.05361962774157417,1.672801577450426e6,1.630624340345303e6,-42177.237105123,-2.5213532599249917,0.7623899999999688
663.9999999999907,4.093769755083102,4.092840589299723,-0.0009291657833792044,-0.0226970699127739,29125.080446862972,29140.5936299186,15.51318305562745,0.05326400070870313,1.5368613555647242e6,1.4977810966758667e6,-39080.25888885744,-2.542861706253085,0.5627200000018614
664.9999999999907,4.078604703644291,4.078448919744479,-0.00015578389981207863,-0.00381953906130897,29128.761357390078,29144.181016255596,15.419658865517704,0.05293619826922601,1.4342609453287574e6,1.3979521246116657e6,-36308.82071709167,-2.531535201829613,0.9695399999962074
665.9999999999906,4.08625810170502,4.085805048824222,-0.00045305288079866557,-0.01108723114209614,29129.451613483034,29144.789063992936,15.337450509901828,0.05265272657176506,1.3945130243870756e6,1.3606140382556678e6,-33898.986131407786,-2.4308834366252885,0.7724700000018595
666.9999999999906,4.094263348636265,4.093487722757145,-0.0007756258791200565,-0.018944210791384617,29128.63589973288,29143.90284149342,15.26694176053934,0.05241214114211006,1.3846664041020635e6,1.3528407562170452e6,-31825.64788501826,-2.2984343225729336,0.5705100000019057
667.9999999999906,4.13033835791583,4.128228671205077,-0.002109686710753067,-0.05107781803662244,29130.861660596176,29146.04845131587,15.186790719693818,0.0521329952290296,1.3141174619488844e6,1.284473680158468e6,-29643.781790416455,-2.2557939186390263,-0.29809999999180375
668.9999999999905,4.130891318801703,4.128915518043648,-0.0019758007580552572,-0.047829889618795425,29139.082815556336,29154.176526285322,15.09371072898648,0.0517988531915235,1.1288724777046856e6,1.1015799236472044e6,-27292.554057481233,-2.4176826520719725,-0.29373000000004174
669.9999999999905,4.195515322158067,4.190452048207818,-0.00506327395024897,-0.12068300462419834,29149.39168253667,29164.373236986128,14.981554449459509,0.05139577049367697,912024.2029871366,887367.7874138227,-24656.415573313832,-2.7034825931764876,-2.1093999999826605
670.9999999999903,4.2026688994806465,4.197482210935916,-0.0051866885447307,-0.1234141605914198,29168.013513439982,29182.825160867626,14.811647427643038,0.05078044626116947,541456.8368380914,520471.5289511706,-20985.307886920753,-3.8757120529620104,-2.2957999999981986
671.9999999999903,4.2181631181453785,4.212344727558848,-0.005818390586530775,-0.13793659523268928,29193.06656190709,29207.609923338598,14.543361431507947,0.04981786137700594,61928.976230793596,46396.72639361798,-15532.249837175616,-25.080746982302532,-2.7807999999953137
672.9999999999903,4.190793050442342,4.187218615496569,-0.0035744349457731417,-0.08529256641283818,29213.850370232743,29227.983419720054,14.133049487310927,0.04837790742473201,-312288.0898492839,-319814.49795766635,7526.408108382428,-2.410084903338713,-1.6913000000105283
673.9999999999902,4.181423709203902,4.178549827535523,-0.002873881668379319,-0.06872974059178698,29225.563874602994,29239.313267056557,13.749392453562905,0.04704577305182851,-495597.5245332404,-496002.1688603355,404.64432709506946,-0.08164777002794117,-1.332700000003506
674.9999999999902,4.198494183667898,4.194628717594497,-0.0038654660734005475,-0.0920679154073185,29227.302369334928,29240.80983927754,13.507469942611351,0.04621524686720075,-481730.5172540361,-478063.2210625887,-3667.2961914474145,0.7612754559025581,-1.817599999995259
675.9999999999901,4.186843127676482,4.1837132586696635,-0.003129869006818886,-0.07475486688596877,29233.344782031105,29246.590179257222,13.245397226117348,0.04530920879864186,-561243.7527408741,-553175.5280312438,-8068.224709630245,1.437561606740118,-1.4091000000040403
676.9999999999901,4.1737037872794165,4.171289524837912,-0.0024142624415048886,-0.05784460432633144,29239.96546405357,29252.981381823276,13.015917769705993,0.04451413523626502,-652448.2382224803,-640727.1544939671,-11721.083728513215,1.796477182687465,-0.9989900000040564
677.9999999999901,4.154156628494287,4.152500817275357,-0.0016558112189306584,-0.039859142709571416,29240.707671325807,29253.595617582167,12.88794625636001,0.04407535686627127,-627233.148070748,-613923.484179728,-13309.663891019998,2.121964365556578,-0.4819100000051143
678.99999999999,4.140673653567495,4.139384513258431,-0.0012891403090637965,-0.031133588805123708,29237.4287290648,29250.25350977896,12.824780714159715,0.043864256439933295,-528673.9647490889,-515008.3384539799,-13665.626295108988,2.5848873230583163,-0.15567000000326384
679.99999999999,4.13661392698525,4.135309990455658,-0.0013039365295917094,-0.03152183289538973,29231.78076926293,29244.586321206192,12.805551943263708,0.043806951223199796,-391998.72101556323,-378755.650722593,-13243.070292970224,3.378345280989946,-0.06389900000091811
680.99999999999,4.132289111874244,4.13100383922287,-0.0012852726513745694,-0.03110316380529387,29226.87419235632,29239.677106506435,12.802914150113793,0.04380528025628593,-278899.7306423683,-266302.9924626304,-12596.738179737935,4.5165831285404385,0.03039199999905667
681.9999999999899,4.132002855324129,4.1306229192483315,-0.001379936075797339,-0.03339630015064672,29223.167386094865,29235.980872280274,12.813486185408692,0.04384701362490118,-195587.3343945413,-183805.87437333874,-11781.460021202569,6.023631365330055,0.030392
682.9999999999899,4.131736183225831,4.130284653769492,-0.0014515294563386405,-0.03513122309772854,29220.3386669855,29233.171578873884,12.832911888384842,0.04391773837612657,-133377.23232713435,-122501.94461187017,-10875.287715264174,8.15378121551537,0.030392
683.9999999999898,4.131528303367717,4.130026376029677,-0.001501927338040332,-0.03635282703536296,29218.48007031119,29231.33639148904,12.856321177849168,0.04400065009169467,-92708.5824777283,-82742.65608142875,-9965.926396299546,10.749734415035087,0.030392
684.9999999999898,4.131366767852732,4.129828096158233,-0.0015386716944991718,-0.037243647948954496,29217.106531239668,29229.987602827456,12.881071587788028,0.04408743067700856,-62831.58534212601,-53736.26767582945,-9095.317666296563,14.475709337543204,0.030392
685.9999999999898,4.1312422142292515,4.129675330751658,-0.0015668834775937057,-0.03792765943853119,29216.042237189933,29228.947373236875,12.905136046942062,0.0441714039915877,-39845.32206086658,-31551.627527445962,-8293.694533420618,20.81472580583338,0.030392
686.9999999999897,4.131147375870901,4.129559935745331,-0.0015874401255695503,-0.0384261315595137,29215.194584334626,29228.12244085364,12.927856519014313,0.044250454953143836,-21692.56491009335,-14127.728243753872,-7564.836666339479,34.87294701061205,0.030392
687.9999999999897,4.131076575278364,4.129472901410418,-0.0016036738679456874,-0.03881975651438094,29214.506516988557,29227.455393882825,12.948876894268324,0.04432344899181648,-7104.320845021784,-196.18346563355203,-6908.137379388232,97.238533141827,0.030392
688.9999999999897,4.131025279020831,4.129409866068669,-0.001615412952161499,-0.039104407333580816,29213.939921794663,29226.907972932862,12.968051138199371,0.0443899425168761,4767.985761326113,11088.09608072024,6320.110319394126,132.55304515918527,0.030392
689.9999999999895,4.130989874187276,4.129364808145441,-0.0016250660418348772,-0.039338417457500795,29213.468002882862,29226.45337583939,12.985372956529318,0.044449953546247534,14521.491687832602,20317.072328532136,5795.580640699534,39.910367097862185,0.030392
690.9999999999895,4.130967432732465,4.1293354675139735,-0.0016319652184915157,-0.03950564232388629,29213.071224001607,29226.072142006895,13.00091800528753,0.044503769924080804,22591.88970859827,27920.55530504366,5328.665596445389,23.586630712070743,0.030392
691.9999999999894,4.1309556016278846,4.1293176448159965,-0.0016379568118880528,-0.039650796809401284,29212.73494466681,29225.749757349742,13.014812682933552,0.04455184599314481,29305.90114226354,34219.145783128464,4913.244640864923,16.765376423724028,0.030392
692.9999999999894,4.130952455217432,4.129310289561182,-0.001642165656249972,-0.03975271257784391,29212.44795191896,29225.475152432944,13.027200513985008,0.044594689686487755,34913.896648562106,39457.397176456805,4543.500527894699,13.013444399027913,0.030392
693.9999999999894,4.127601813304401,4.126073095382631,-0.0015287179217704505,-0.037036467927767894,29212.201504337958,29225.23973901235,13.038234674393607,0.04463283834481784,39611.15462659695,43825.105566608574,4213.950940011622,10.638293631517017,0.10841999999917502
694.9999999999893,4.114542869294345,4.113471751999677,-0.0010711172946678005,-0.026032473805565184,29211.461640202615,29224.5110077558,13.049367553183401,0.04467208013728439,53916.31715505901,57810.27169338785,3893.954538328835,7.222219067986662,0.4152399999967211
695.9999999999893,4.113966395445239,4.112868346657374,-0.0010980487878651246,-0.02669075734504844,29208.398649941577,29221.46496856898,13.066318627403234,0.04473479968553281,113220.95077492134,116691.57380739428,3470.6230324729404,3.0653540786566955,0.4239999999999064
696.9999999999892,4.090558643497264,4.090361425202004,-0.00019721829526009316,-0.004821304678606916,29204.500875094513,29217.591987819887,13.091112725374842,0.04482566841790778,185731.44200864318,188641.54928595456,2910.1072773113847,1.5668360972376234,1.0071999999937014
697.9999999999892,4.063236781555848,4.0643632212995255,0.00112643974367721,0.02772271969948762,29198.029193201466,29211.165034521895,13.13584132042888,0.04498879439262791,305444.87285774975,307426.0753211296,1981.2024633798283,0.6486284889458609,1.8004999999914322
698.9999999999892,4.060016681575806,4.061111664311265,0.0010949827354593822,0.026969907301818988,29184.805929979946,29198.040199787323,13.234269807377132,0.04534643759197417,552218.8909776694,552257.2476232939,38.35664562450256,0.0069459133418261895,1.8701999999992471
699.9999999999891,4.04488986070738,4.046727589311906,0.0018377286045252461,0.045433341025603584,29170.934033690748,29184.32415064809,13.390116957343707,0.04590225647858548,799459.4436938751,796521.0282297353,-2938.4154641397763,-0.3675502850479729,2.353699999994723
700.9999999999891,4.069543239156402,4.069668333310838,0.00012509415443595628,0.0030739114216141797,29157.755823410327,29171.380132570714,13.624309160386474,0.04672619265659574,1.0226794008188547e6,1.015364487331037e6,-7314.913487817743,-0.7152694658717801,1.4766000000095725
701.9999999999891,4.0393820403249725,4.041287692227037,0.0019056519020645979,0.047176817717179485,29150.306923302873,29164.138886284625,13.83196298175244,0.047450488319541885,1.1253417165094542e6,1.1143750691017632e6,-10966.647407690994,-0.9745170952790199,2.462699999989238
702.999999999989,4.094486258383412,4.093270844458308,-0.0012154139251041585,-0.029684161782582923,29142.369261579395,29156.44159752728,14.072335947883403,0.04828823566667256,1.237179374174317e6,1.2220507463229047e6,-15128.627851412399,-1.222832207456507,0.7207700000192093
703.999999999989,4.119847298343747,4.1176873380669745,-0.0021599602767725656,-0.05242816348171226,29140.226174801286,29154.456069571665,14.22989477037845,0.04883247880444939,1.2330784547733932e6,1.21557156005646e6,-17506.894716933137,-1.419771357545164,0.08478400000701342
704.9999999999889,4.109628478158787,4.108118989577389,-0.0015094885813979886,-0.03673053633486295,29151.829318469878,29166.034749841612,14.205431371734448,0.048729125080099994,963101.3301593275,946835.974790635,-16265.355368692428,-1.6888519265155228,0.33796999999717914
705.9999999999889,4.034253191949869,4.036879771534127,0.0026265795842581596,0.06510695931280057,29158.581170680503,29172.77235503494,14.1911843544367,0.04866898108439584,806955.1371364519,791572.1472399749,-15382.989896476967,-1.9063005102197872,2.623699999974534
706.9999999999889,4.0558311071503095,4.056831167132729,0.0010000599824193657,0.02465733794132329,29145.614618014064,29159.924386503735,14.309768489671114,0.04909750120975887,1.0465381376162871e6,1.0293312021210657e6,-17206.935495221405,-1.6441766311941441,1.8225000000089264
707.9999999999887,4.056325169962395,4.0570527939810335,0.000727624018638906,0.01793801009906836,29129.274736197294,29143.752505715747,14.477769518452988,0.04970178505839106,1.336628475933902e6,1.3167071164173242e6,-19921.359516577795,-1.4904186073589931,1.7653000000006438
708.9999999999887,4.030407557883103,4.032826699952528,0.002419142069425284,0.06002226908029852,29124.342841014473,29138.939772032452,14.596931017978932,0.05011934895033149,1.3875361449680813e6,1.3659767307774394e6,-21559.414190641837,-1.5537911764552834,2.670199999989815
709.9999999999886,4.0431893967940065,4.044574498531672,0.001385101737665373,0.03425765161443268,29113.486899191295,29128.33131875605,14.84441956475348,0.05098811975409865,1.5564847309623158e6,1.530799220490183e6,-25685.510472132824,-1.6502256630717118,2.1505000000059082
710.9999999999886,4.099355167959815,4.0977484836370275,-0.0016066843227875438,-0.03919358672176643,29102.895242706065,29117.986861859485,15.091619153419742,0.05185607489413649,1.7135643489670327e6,1.6839407506887694e6,-29623.59827826335,-1.7287706934449814,0.4711300000190922
711.9999999999886,4.124604738976555,4.122230136721818,-0.0023746022547372903,-0.0575716318292963,29108.597545536726,29123.722231182965,15.124685646238504,0.05195951341378725,1.5450792111985618e6,1.515873461625699e6,-29205.74957286287,-1.8902428665911013,-0.1422299999930269
712.9999999999885,4.062202352849554,4.062832023335718,0.0006296704861634694,0.015500716888752923,29123.73901657158,29138.782784131214,15.043767559633125,0.0516546572233501,1.2050953216268015e6,1.1784294794249986e6,-26665.84220180288,-2.212757922402827,1.5018999999811216
713.9999999999885,4.061081315348817,4.06181119488382,0.0007298795350028087,0.017972541752469623,29123.773066436745,29138.805446411476,15.032379974731157,0.05161549618052407,1.1827867671258887e6,1.1570904025528247e6,-25696.364573064027,-2.1725272286825525,1.543799999999519
714.9999999999885,4.084738765051528,4.0841539150157695,-0.0005848500357581443,-0.014317929968056762,29113.243969181436,29128.305127835833,15.061158654396422,0.05173301426093153,1.3665476681135239e6,1.340960967035623e6,-25586.701077900827,-1.8723606702444902,0.852390000007939
715.9999999999884,4.154332074711618,4.1510048962566275,-0.0033271784549908645,-0.08008937165240522,29111.882728339817,29126.93761920988,15.054890870062081,0.051713903255753556,1.3579129964962553e6,1.3331125379931128e6,-24800.458503142465,-1.8263657956830561,-0.879059999979922
716.9999999999884,4.149448465911035,4.146621401394286,-0.002827064516748301,-0.0681310911552098,29126.01091487937,29141.01911671903,15.008201839660614,0.05152851821528878,1.0466642530056644e6,1.0233921267975863e6,-23272.126208078116,-2.223456675934854,-0.7269900000017634
717.9999999999883,4.158345704279759,4.155435516902338,-0.002910187377421103,-0.06998425778852262,29143.264035265503,29158.18293118857,14.918895923066884,0.05119157519560581,692797.2375486536,671804.1739467145,-20993.063601939124,-3.030188699397755,-0.9190199999977513
718.9999999999883,4.203313138536738,4.198049265681173,-0.005263872855564955,-0.12523151813993616,29153.73024769688,29168.5131114744,14.782863777520106,0.050706594497244274,489935.6044475698,472021.4299963274,-17914.174451242434,-3.6564344964154385,-2.274499999984128
719.9999999999883,4.208587021887881,4.203324266225114,-0.005262755662767127,-0.12504804190567426,29171.971209824595,29186.53482097818,14.563611153585953,0.04992330154460453,140475.64541928488,127127.83894798749,-13347.806471297386,-9.50186520336497,-2.388699999998663
720.9999999999882,4.199113424477278,4.1949049707233685,-0.004208453753909325,-0.10022243574983233,29193.868281426214,29208.121256304807,14.252974878592795,0.04882180991294276,-265809.3170159862,-273009.11835993326,7199.801343947067,-2.7086339277994758,-1.952600000005156
721.9999999999882,4.18785343907324,4.184532007278616,-0.0033214317946237415,-0.07931108007826475,29206.966322022567,29220.88763380068,13.921311778114614,0.04766435385525713,-482480.34072462434,-483398.3839983193,918.0432736949297,-0.19027578871216702,-1.5143000000051823
722.9999999999881,4.171877019273689,4.169422103051733,-0.002454916221955372,-0.0588444053027902,29212.76288440998,29226.407999581803,13.64511517182109,0.04670943048356135,-551746.5927834675,-547727.3077175611,-4019.285065906355,0.7284657700611702,-1.0081000000060427
723.9999999999881,4.148346467717718,4.146814676940877,-0.0015317907768412908,-0.036925333714568714,29213.705841287825,29227.168748062257,13.462906774431758,0.04608421419580595,-529231.0033789993,-522275.58919186395,-6955.4141871353495,1.314249192267059,-0.3881400000074005
724.9999999999881,4.1417581499686245,4.140333999510963,-0.0014241504576615327,-0.034385167025561866,29209.80426211105,29223.174360747667,13.370098636616603,0.045772640297899486,-418393.45326757274,-410296.3394333311,-8097.113834241638,1.935286934105859,-0.22325000000196832
725.999999999988,4.134790633533966,4.133467968414146,-0.0013226651198205985,-0.03198868424179749,29204.57496670276,29217.897460226945,13.32249352418512,0.0456178305603646,-291466.7922038006,-283068.1914978259,-8398.600705974677,2.881494884021701,-0.0607460000019583
726.999999999988,4.134816244284812,4.1333789280997175,-0.0014373161850942395,-0.03476130739983702,29200.63590545994,29213.929951838385,13.294046378443454,0.04552656463196314,-198717.24772140247,-190324.4696139822,-8392.77810742028,4.223477430196086,-0.0645129999999546
727.999999999988,4.130208977058874,4.128843023835988,-0.0013659532228862403,-0.03307225446638143,29197.758874005558,29211.041501261258,13.28262725569948,0.045491941052793805,-132234.06496848946,-124118.44453789288,-8115.62043059658,6.137314490430647,0.039161999998750634
728.9999999999878,4.112763103873272,4.11194827116388,-0.0008148327093921992,-0.019812293798901648,29195.519866616734,29208.801439239953,13.28157262321838,0.045491817525075265,-81622.58012900881,-73925.61711345108,-7696.963015557732,9.429943287007436,0.447239999995036
729.9999999999878,4.078236006820603,4.078814951160278,0.0005789443396748695,0.014195949883886566,29190.70982488595,29204.002096999302,13.292272113350919,0.04553596741254596,17285.88194624644,24389.729631246006,7103.847684999564,41.09624089236671,1.34739999998905
730.9999999999877,4.054078831467257,4.05582516413038,0.0017463326631226295,0.04307594242045349,29179.195031719828,29192.51804969381,13.323017973980313,0.04565930608948349,242979.30415846265,249151.5224118258,6172.218253363157,2.5402238576409166,2.0933999999908406
731.9999999999877,4.036478295193132,4.039098545334594,0.002620250141461611,0.06491426312342503,29161.666150010275,29175.08102262822,13.414872617944638,0.046001735802533736,575139.3299787642,579243.8961500607,4104.566171296523,0.7136646647775028,2.6943999999926205
732.9999999999877,4.059299569058755,4.060053626011484,0.0007540569527293428,0.01857603608457478,29142.10506047872,29155.737780696818,13.632720218098257,0.04678014916838102,931120.0131761517,930801.0182850461,-318.99489110556897,-0.03425926696790059,1.800700000010973
733.9999999999876,4.035074028396677,4.037237936251887,0.0021639078552100344,0.05362746358509452,29130.563279001377,29144.444731494903,13.881452493526012,0.04765253716714908,1.114147387373075e6,1.1090377852273346e6,-5109.602145740297,-0.4586109704738135,2.6140999999899206
734.9999999999876,4.025091496012056,4.027856094458889,0.0027645984468325224,0.06868411437532802,29120.96785367134,29135.146616823145,14.17876315180547,0.048689189257210504,1.255325042388491e6,1.2446932868850047e6,-10631.755503486376,-0.8469324791973774,2.9626999999956802
735.9999999999876,4.029873229494908,4.032014923592129,0.002141694097221425,0.05314544590500328,29104.97233772769,29119.560182399033,14.587844671343191,0.05012148612295196,1.5202816478843607e6,1.5021688894774688e6,-18112.758406891953,-1.1914080810024807,2.6996000000032603
736.9999999999875,4.011141187639583,4.014570383048708,0.0034291954091250076,0.08549176527847352,29092.52122708958,29107.50201471018,14.980787620599585,0.05149360381543757,1.705494087582338e6,1.6805451390231287e6,-24948.94855920924,-1.4628575226887002,3.427599999990896
737.9999999999875,4.0145070344858125,4.017469162340625,0.002962127854812202,0.07378559383173676,29079.03248281086,29094.504668505382,15.472185694521613,0.05320736067703594,1.9068154737921748e6,1.8733452924035718e6,-33470.18138860306,-1.7552921008155715,3.2091000000027323
738.9999999999874,4.01627806215225,4.018904260453206,0.0026261983009554513,0.06538885655611502,29064.715805859123,29080.72890185641,16.013095997288474,0.05509462436945766,2.118867354248853e6,2.0762346892438703e6,-42632.66500498261,-2.0120497358880716,3.0634000000018387
739.9999999999874,4.030098838559726,4.031624896595671,0.001526058035945077,0.037866516357957576,29055.06703304251,29071.5265894584,16.45955641589171,0.05664952139732903,2.2330584024857585e6,2.183458514909213e6,-49599.88757654559,-2.2211639212540444,2.4535000000076965
740.9999999999874,4.026476649944322,4.028288940969202,0.0018122910248798973,0.04500935141161088,29050.129037215524,29066.896961045768,16.7679238302444,0.057720651804208364,2.254460843958147e6,2.200792636113542e6,-53668.20784460474,-2.38053404158396,2.5556999999987102
741.9999999999873,4.046380002180112,4.046940513327741,0.0005605111476292279,0.013852162854878565,29046.603007978727,29063.592659842794,16.989651864067127,0.058491011356475275,2.252374377860723e6,2.1963633004401885e6,-56011.077420534566,-2.48675699613193,1.8141000000094427
742.9999999999873,4.051136985325095,4.051517831527944,0.0003808462028489501,0.009400970745460684,29045.47541584033,29062.584818514988,17.10940267465776,0.058905569386297325,2.2072354954656786e6,2.1508411752436757e6,-56394.32022200292,-2.5549752320426937,1.6438000000021684
743.9999999999872,4.064114990717659,4.063951031983727,-0.00016395873393193483,-0.004034303515191195,29047.897919467152,29064.99875127638,17.10083180922811,0.05887115087170413,2.0978105792002673e6,2.043431896349726e6,-54378.682850541314,-2.5921636295337827,1.2433000000051453
744.9999999999872,4.056378574906848,4.056771061212907,0.0003924863060591477,0.009675780965985427,29050.764782757182,29067.82308525061,17.058302493427618,0.05871894465082179,1.9877650742725583e6,1.935846598773994e6,-51918.47549856431,-2.6119019883455983,1.476799999997
745.9999999999872,4.063040357727917,4.063182428956276,0.00014207122835951935,0.003496672832434445,29052.027126692647,29069.034493575058,17.00736688241159,0.05854106774802447,1.915989448600978e6,1.866497386254048e6,-49492.06234692992,-2.583107249524164,1.2784000000025488
746.999999999987,4.086851638810553,4.085948763481484,-0.0009028753290687419,-0.022092197340726486,29051.625289564145,29068.591638743063,16.96634917891788,0.05840068846341788,1.8805591366253458e6,1.8331350423428356e6,-47424.094282510225,-2.5218081877293437,0.6267000000084463
747.999999999987,4.113060086086598,4.111267059646734,-0.0017930264398646756,-0.04359349006181585,29056.316867989393,29073.18363494463,16.866766955237836,0.0580485373692339,1.7463124894597551e6,1.7019874757972748e6,-44325.01366248028,-2.538206302137415,-0.0136169999917013
748.999999999987,4.096915613913921,4.0959582418571845,-0.0009573720567361832,-0.02336811755372168,29066.754333066525,29083.483045838537,16.72871277201193,0.05755273733118954,1.5063739553496747e6,1.4657361795357943e6,-40637.77581388038,-2.697721616173796,0.4000499999946388
749.9999999999869,4.106616307081598,4.105418494665751,-0.0011978124158469328,-0.029167867808379894,29073.76198004143,29090.35196330661,16.589983265181218,0.0570617014632297,1.3462216671245992e6,1.3091025499588393e6,-37119.117165759904,-2.7572812169219345,0.18120000000286127
750.9999999999869,4.127515921915726,4.12558789669523,-0.0019280252204953996,-0.04671151503639834,29077.093333305136,29093.54375403394,16.450420728804602,0.05657518975585554,1.2642180245778626e6,1.2304812384747632e6,-33736.78610309935,-2.6685892343897297,-0.31051999999357127
751.9999999999868,4.139802941724998,4.137514272400814,-0.002288669324183701,-0.055284499199617566,29084.830802800603,29101.136618595578,16.305815794974478,0.056062955653860554,1.0967304581930751e6,1.066342284319355e6,-30388.173873720225,-2.770796930704965,-0.5942099999962588
752.9999999999868,4.170641175726714,4.167053509105147,-0.003587666621567287,-0.08602194411851202,29095.160472600834,29111.31641287488,16.15594027404586,0.05552792977120731,885067.5484433594,858008.9027093452,-27058.645734014222,-3.0572407475118113,-1.4088999999892562
753.9999999999868,4.1973154948955855,4.192344771823438,-0.004970723072147187,-0.11842624358812563,29109.535419530293,29125.505021699202,15.96960216890875,0.05486038144804728,602487.506779044,579360.1509929621,-23127.355786081986,-3.8386448724427575,-2.2353999999891006
754.9999999999867,4.194641244576947,4.19022514457127,-0.004416100005676604,-0.10527956380980068,29130.221082811473,29145.912685436666,15.6916026251929,0.05386709074601517,207641.43584480553,190103.22267863745,-17538.213166168076,-8.44639370500039,-2.0566000000023785
755.9999999999867,4.2064412098594675,4.201546422022378,-0.004894787837089076,-0.11636410906245866,29148.371301486943,29163.715299332765,15.343997845822742,0.05264101272457717,-120345.55100450852,-131156.06348833287,10810.51248382435,-8.982893338050655,-2.3917999999955413
756.9999999999866,4.200718505816615,4.196465979520044,-0.004252526296571801,-0.10123330784206201,29163.07152417864,29178.006959104852,14.93543492621393,0.05121351814342052,-369483.87278720783,-372639.15975400555,3155.286966797721,-0.8539714989441246,-2.097800000003944
757.9999999999866,4.171081271772552,4.168690826884665,-0.0023904448878866447,-0.057309957110252996,29175.592716229192,29190.11860168263,14.525885453436786,0.049787798982252135,-569826.0409989484,-565603.8558129969,-4222.18518595153,0.7409603777583977,-1.104000000013332
758.9999999999866,4.1875496855482535,4.18427585013325,-0.0032738354150030347,-0.07818021661453813,29178.0219719571,29192.30565124856,14.28367929146043,0.04895355588253525,-568143.9083067497,-560088.8375712066,-8055.070735543035,1.4177870461640114,-1.5446999999940878
759.9999999999865,4.191594271533457,4.188062217264303,-0.003532054269154372,-0.08426517549997037,29179.738045571237,29193.831232085842,14.093186514604895,0.04829785138096499,-559973.2173727999,-549135.3084055937,-10837.908967206138,1.9354334512735893,-1.6383999999987324
760.9999999999865,4.178261668702511,4.175516383422996,-0.0027452852795155636,-0.06570400556957137,29187.119976438684,29200.979450108058,13.859473669373983,0.047484896353467046,-668537.8099834659,-654067.415666845,-14470.394316620892,2.164484057674878,-1.2013000000059133
761.9999999999865,4.160358014220385,4.158406049020365,-0.001951965200020389,-0.04691820255248322,29190.95081116777,29204.649858147273,13.699046979501873,0.04692908794961533,-704378.4181048294,-687790.7557121691,-16587.662392660277,2.35493620563934,-0.6966500000068273
762.9999999999864,4.1369787095891954,4.135779403389829,-0.0011993061993660348,-0.028989905038334766,29189.104121234872,29202.73168392905,13.627562694178778,0.04668715640458735,-630403.9773771936,-613437.5397314909,-16966.43764570274,2.6913595495212275,-0.12186000000784153
763.9999999999864,4.12925266686906,4.1281456199908035,-0.001107046878256135,-0.026809860465514593,29182.900167957967,29196.513023054515,13.612855096547719,0.04664668356537869,-478268.19673703343,-461947.7475931816,-16320.449143851816,3.4124052686750783,0.05671399999756382
764.9999999999862,4.131743821141077,4.13037910205475,-0.0013647190863270708,-0.03303009928505616,29175.71809930538,29189.341492299223,13.623392993842572,0.0466942851157001,-317305.2029461445,-302006.1136106914,-15299.089335453114,4.821569010971999,-0.010688999999072798
765.9999999999862,4.1297824684433815,4.128372182286966,-0.0014102861564158076,-0.034149163235403526,29171.40949638728,29185.053677149077,13.644180761795724,0.046772442598241544,-221937.17091599107,-207746.1636909448,-14191.007225046254,6.394155231625402,0.026771999999484684
766.9999999999862,4.1144407298125865,4.1134900135379695,-0.0009507162746169584,-0.023106816625847074,29168.92151841931,29182.595283417988,13.673764998678962,0.04687785590579475,-166456.93760857446,-153447.96898338004,-13008.968625194422,7.81521564200897,0.3822999999951093
767.9999999999861,4.079111211103127,4.079546454480141,0.0004352433770140607,0.010670054197820128,29164.44710681186,29178.155756572898,13.708649761039851,0.04700466191192756,-73645.49871764873,-61834.3952492,-11811.103468448731,16.037780548858265,1.2929999999873687
768.9999999999861,4.050386933332974,4.052256434359395,0.0018695010264213607,0.046156109457991694,29153.186059666987,29166.9404665662,13.754406899213791,0.047179772636387125,148435.51602590055,158912.3159842599,10476.799958359363,7.058149046035091,2.1900999999875577
769.9999999999861,4.025881736460655,4.029156760356037,0.0032750238953820343,0.08134923253511327,29134.678870909007,29148.534492385683,13.855621476675879,0.04755714500258565,501676.41589071916,509804.45402639854,8128.0381356793805,1.6201754513909463,3.0888999999875337
770.999999999986,4.014567784906527,4.018312084729196,0.003744299822669106,0.0932678191845822,29111.81888819454,29125.93215240703,14.113264212490321,0.04847949991270917,923284.6889960807,926114.7382029389,2830.049206858268,0.30651967270631103,3.4942999999943307
771.999999999986,4.035508787947793,4.037208674138277,0.0016998861904840012,0.042123218652398396,29088.54281406146,29103.118945436792,14.576131375331897,0.05010952755009015,1.3343502935996512e6,1.328127944015596e6,-6222.349584055133,-0.4663205467036111,2.5175000000136594
772.9999999999859,4.059621802784078,4.059614736877457,-7.065906621583906e-6,-0.00017405332232520098,29075.186984395754,29090.212878665527,15.025894269772834,0.05167944157276451,1.534448043843608e6,1.5198874217263043e6,-14560.622117303545,-0.9489159424929721,1.6107000000127834
773.9999999999859,4.047072739953197,4.0479021450477495,0.0008294050945520937,0.020493950760116196,29074.457785294457,29089.73277338206,15.27498808760356,0.052537482213441254,1.4838897558351636e6,1.4652852618373933e6,-18604.49399777036,-1.2537652426409112,1.992899999994612
774.9999999999859,4.03859756267632,4.040035511570729,0.001437948894409402,0.0356051543164032,29072.714921381074,29088.192555769787,15.47763438871334,0.05323766435493975,1.463971776006395e6,1.4423040789793974e6,-21667.69702699757,-1.4800624835886809,2.2700999999960922
775.9999999999858,4.029568486616681,4.031564255631357,0.0019957690146759077,0.04952810757043619,29064.59812606254,29080.32683551668,15.72870945413888,0.05411638373913994,1.574856570726238e6,1.5492092745921186e6,-25647.296134119388,-1.628548060239686,2.577799999995627
776.9999999999858,4.029039717936385,4.030967506985288,0.0019277890489028948,0.047847357779095816,29054.2776759097,29070.294126917754,16.01645100805399,0.05512596522519644,1.7255221264789982e6,1.6952830519237604e6,-30239.074555237778,-1.7524593913461954,2.5581000000002803
777.9999999999857,3.998242595141106,4.002509310846955,0.004266715705849133,0.10671477791353359,29044.30133912881,29060.623495568005,16.32215643919335,0.056197449023171905,1.864191498421676e6,1.8291504220290198e6,-35041.07639265619,-1.8796929619260594,3.84399999998158
778.9999999999857,4.003753549200182,4.007313142771365,0.003559593571183406,0.08890641063295456,29028.31423108382,29045.152547752714,16.83831666889455,0.05800652609328552,2.1172008390233223e6,2.0733656803161881e6,-43835.15870713419,-2.070429876050664,3.519600000004647
779.9999999999857,4.022320821680734,4.024177699348522,0.0018568776677883037,0.04616433522108771,29010.715553429185,29028.172111934993,17.45655850580806,0.06017279537162131,2.3915751812656745e6,2.3373092357585505e6,-54265.945507124066,-2.2690461889809934,2.6585000000123347
780.9999999999856,4.04883169143959,4.048976449067449,0.00014475762785881585,0.003575293785732701,29004.344572281403,29022.15588826622,17.811315984818066,0.06140913110596478,2.435018215355934e6,2.3759194154767306e6,-59098.79987920355,-2.4270372807278937,1.669800000014275
781.9999999999856,4.061641867925582,4.061296159356167,-0.00034570856941495975,-0.008511547316492599,29007.672002450927,29025.559878136613,17.887875685686595,0.06166601609455322,2.2920499560648357e6,2.233635398050794e6,-58414.558014041744,-2.548572637322978,1.2634000000058678
782.9999999999856,4.040262273285072,4.0413750692221315,0.0011127959370593743,0.02754266584170482,29014.580780432352,29032.393409043863,17.812628611511172,0.061391990276572043,2.091770837848156e6,2.036788202962434e6,-54982.63488572207,-2.628520958934667,1.9452999999901546
783.9999999999854,4.084593244643749,4.083525832332805,-0.0010674123109435385,-0.02613264643531565,29014.3724313113,29032.18579798409,17.813366672788106,0.061394974904108356,2.0448048408433981e6,1.9914388750678801e6,-53365.96577551798,-2.609831740886661,0.6349800000190676
784.9999999999854,4.0847409609655,4.083802271277068,-0.0009386896884322482,-0.022980396979943925,29017.50599013027,29035.26100619516,17.755016064889787,0.061187257343649055,1.934226817339962e6,1.8834949573346653e6,-50731.86000529677,-2.622849582608185,0.63498
785.9999999999853,4.09413253905588,4.093038493909324,-0.0010940451465559775,-0.02672226988548514,29026.732465983012,29044.3255630701,17.59309708708679,0.0606099811878739,1.7099979284426183e6,1.663754114735593e6,-46243.813707025256,-2.704319867167432,0.4119100000032715
786.9999999999853,4.112070694147756,4.1104309949636635,-0.001639699184092791,-0.03987526737870506,29032.636946244882,29050.09727975008,17.460333505197923,0.06014036388608602,1.563117824879752e6,1.5205252536911177e6,-42592.57118863426,-2.7248471299283428,-0.013005999993768351
787.9999999999853,4.1047410288728114,4.103532834208176,-0.00120819466463562,-0.029434126443962243,29040.655183905623,29057.96440975953,17.309225853907265,0.05960342748568588,1.380388058706101e6,1.3416315924473032e6,-38756.466258797795,-2.807650067266298,0.18475999999709966
788.9999999999852,4.08810854730004,4.087661286441644,-0.00044726085839563723,-0.010940532845954573,29047.151669399584,29064.310887687618,17.159218288034026,0.05907366919597427,1.2352259137052554e6,1.200111880218083e6,-35114.03348717233,-2.8427215700035178,0.6184899999935898
789.9999999999852,4.088546838892643,4.088086715749909,-0.0004601231427345809,-0.011253953075885571,29047.435003126964,29064.456592668404,17.021589541440335,0.058599286097405695,1.2170425615247055e6,1.1851798351329523e6,-31862.72639175318,-2.6180453666168995,0.61849
790.9999999999851,4.097435197014548,4.0965997618170205,-0.0008354351975272678,-0.02038922294941915,29045.841725152444,29062.74263081764,16.90090566519575,0.05818700599253178,1.2331493414788228e6,1.2040876590825818e6,-29061.682396240998,-2.35670420594715,0.4000500000032532
791.9999999999851,4.132922508023225,4.130775708842295,-0.0021467991809300813,-0.051943852728003226,29047.049994346813,29063.84458860904,16.794594262228202,0.057818588343727835,1.1908918269508146e6,1.1642611849404722e6,-26630.64201034233,-2.2361931963651145,-0.45994999998719205
792.9999999999851,4.09895922491106,4.098216999721609,-0.0007422251894508847,-0.018107649984417436,29055.169673247416,29071.855408626645,16.6857353792293,0.05742776781851909,1.0138629517860707e6,989647.547827579,-24215.40395849175,-2.3884297099359144,0.3865299999873934
793.999999999985,4.091196220023793,4.090816229362634,-0.00037999066115901314,-0.009288008707556032,29059.802787193734,29076.37637143347,16.5735842397371,0.05703267968164209,914265.4276992676,892461.8444684478,-21803.583230819786,-2.3848198313358635,0.596899999996843
794.999999999985,4.091334039121453,4.090871967883252,-0.00046207123820174445,-0.011293901543687365,29056.075902635162,29072.543252206928,16.467349571765226,0.05667437553145903,981876.1171614402,962297.8122828508,-19578.304878589348,-1.993968947446176,0.5969
795.999999999985,4.091377254098596,4.090870656723259,-0.0005065973753373143,-0.01238207439389323,29053.679665204323,29070.057851688736,16.378186484413163,0.056372158959363206,1.0164861311246065e6,998738.2020559107,-17747.929068695754,-1.7460079901985515,0.5969
796.9999999999849,4.091421518638402,4.090891849257616,-0.0005296693807856911,-0.012945852153653471,29052.49984999368,29068.81266821573,16.312818222049827,0.05614944774555563,1.024148465391564e6,1.0077262983196793e6,-16422.167071884614,-1.6034947692477288,0.5969
797.9999999999849,4.091466110052103,4.090920777689039,-0.0005453323630639773,-0.01332853183664847,29051.67392691309,29067.9322507901,16.258323877013027,0.05596346674520373,1.0239615621511376e6,1.0086396029567928e6,-15321.959194344818,-1.4963412456768843,0.5969
798.9999999999848,4.0832914621976055,4.083073933084934,-0.00021752911267114428,-0.0053272982025650275,29050.991907445976,29067.202183753205,16.210276307228924,0.05579939011677641,1.0205748026918443e6,1.006219924092824e6,-14354.878599020303,-1.4065484040129357,0.8099499999967543
799.9999999999848,4.0603618000437995,4.0612100271085785,0.0008482270647789392,0.02089043062048779,29048.947203541033,29065.11738068345,16.170177142415923,0.05566527774350734,1.0438088102336227e6,1.0302594298801181e6,-13549.380353504559,-1.2980710854962003,1.4594999999901048
800.9999999999848,4.052280276550673,4.053461890281374,0.0011816137307016916,0.029159230113951766,29041.888322804047,29058.03981501432,16.15149221027241,0.05561446979874948,1.1639271545153428e6,1.150760493295948e6,-13166.661219394766,-1.131227256647117,1.702499999996298
801.9999999999847,3.994268997967663,3.9995196019844625,0.005250604016799443,0.13145344040351364,29031.819394558304,29047.99001838527,16.17062382696531,0.055699657011493806,1.336212955694432e6,1.3227028282127937e6,-13510.127481638221,-1.0110759234943196,4.016099999964491
802.9999999999847,4.014548357965744,4.017705389383836,0.0031570314180919823,0.0786397655872731,29009.645521547096,29026.054038108672,16.408516561576107,0.0565622787406643,1.7377903593831128e6,1.719685482307025e6,-18104.877076087752,-1.0418332095313665,3.0236000000152323
803.9999999999845,4.01026322825359,4.013375486499074,0.0031122582454834458,0.07760733069980515,28987.64768683408,29004.409066443975,16.761379609895812,0.05782248974106538,2.1151243236044184e6,2.0904484368600498e6,-24675.88674436859,-1.1666400158605335,3.129499999998363
804.9999999999845,4.006502288197325,4.009807008872233,0.003304720674908168,0.08248393329621896,28977.32332663416,28994.44676561446,17.123438980299397,0.059092548981432645,2.246930908925487e6,2.215848639611082e6,-31082.269314405043,-1.3833210977220927,3.2361999999983504
805.9999999999845,4.078035031404163,4.076883701636132,-0.0011513297680307844,-0.028232463899025277,28965.765492884,28983.330268688944,17.564775804945384,0.060639777703304656,2.40293282513953e6,2.3641686977197356e6,-38764.127419794444,-1.6132006277596855,0.7546500000383682
806.9999999999844,4.028148732479558,4.029926066584203,0.0017773341046449787,0.04412285202664121,28970.56882742084,28988.2612290426,17.692401621759927,0.06107025970789345,2.233988017950322e6,2.1940408106882e6,-39947.20726212207,-1.7881567376880352,2.2987999999759494
807.9999999999844,4.041777759996244,4.042868694420004,0.0010909344237592933,0.026991450013825274,28974.9317242385,28992.663223140553,17.731498902052408,0.06119599890970378,2.0890080405950036e6,2.0495364509237204e6,-39471.58967128326,-1.8894896000515502,1.818100000007487
808.9999999999844,4.048759553994711,4.049406260720542,0.0006467067258313364,0.015972959549876525,28968.32420656293,28986.17977001071,17.855563447777968,0.061638233956704654,2.169785500484394e6,2.1289896563068978e6,-40795.844177496154,-1.880178670582354,1.5776000000037458
809.9999999999843,4.085665675147681,4.084645909020317,-0.0010197661273645409,-0.02495960777132554,28968.260786757775,28986.123349661208,17.862562903432263,0.061662531399184844,2.117022846380209e6,2.077222114793872e6,-39800.73158633709,-1.8800331632882639,0.5306300000164258
810.9999999999843,4.096506158163546,4.095242321582266,-0.0012638365812795982,-0.030851572839967926,28974.886038452925,28992.69826784638,17.81222939345389,0.06147471769108966,1.9371404351405923e6,1.899347676497904e6,-37792.75864268839,-1.950956056520781,0.26508000000416615
811.9999999999842,4.076880417637664,4.076639689343649,-0.00024072829401511342,-0.005904718052893067,28985.853077469365,29003.552048297075,17.698970827710582,0.06106072082959652,1.6827533721744681e6,1.6480623301388845e6,-34691.04203558364,-2.0615642558930416,0.785819999991771
812.9999999999842,4.087484778762551,4.086886188904201,-0.0005985898583498184,-0.014644454738031734,28989.77032951429,29007.36557305148,17.59524353719098,0.06069466345263654,1.58025989937873e6,1.5483023011315095e6,-31957.598247220507,-2.022300145677584,0.5234400000041463
813.9999999999842,4.108565783948815,4.107195956893938,-0.0013698270548765379,-0.03334075993691339,28990.945885759273,29008.433401298367,17.487515539094602,0.06032061046923169,1.5341620475167464e6,1.5048846791104968e6,-29277.368406249676,-1.9083621872695355,0.009477000008121884
814.9999999999841,4.123722506627436,4.1218967137395985,-0.001825792887837352,-0.04427535763871189,28997.493290862156,29014.865684685563,17.372393823407037,0.05990998480162256,1.3822019034797207e6,1.3556353556717879e6,-26566.54780793283,-1.9220453785406475,-0.3471099999943245
815.9999999999841,4.090200166903249,4.08978580500919,-0.0004143618940588567,-0.010130601856890936,29007.31388736586,29024.564274973774,17.25038760791358,0.059469096914302674,1.1725696204591487e6,1.1487428578875752e6,-23826.76257157349,-2.0320126119456794,0.5022899999864808
816.9999999999841,4.125212208814853,4.1235088516874026,-0.001703357127450289,-0.04129138190298464,29010.074081757375,29027.195879815594,17.1217980582187,0.059020180403419,1.1109445454100757e6,1.0898855103792283e6,-21059.035030847415,-1.8955973201231238,-0.3439799999865306
817.999999999984,4.125701042962033,4.124007402770145,-0.0016936401918883348,-0.041050967441702745,29013.0505263942,29030.040634597648,16.99010820344847,0.05856022684685283,1.0444770098753496e6,1.0261489552575763e6,-18328.054617773276,-1.7547590271958777,-0.34122000000004427
818.999999999984,4.0932162450156895,4.092836786657537,-0.0003794583581528954,-0.009270420506489534,29021.51793953088,29038.37917125269,16.861231721810327,0.05809906896304432,870748.7998620297,855007.0390827453,-15741.760779284406,-1.8078418002733614,0.47731999998687896
819.9999999999839,4.1131506993682025,4.111996580043778,-0.0011541193244246628,-0.02805925211060077,29021.377423271268,29038.117722794315,16.740299523047725,0.0576826498580465,873639.9021441604,860250.4179343523,-13389.484209808055,-1.5326090505878291,-0.000978779992278569
820.9999999999839,4.0943068971869545,4.093805855462929,-0.0005010417240258747,-0.012237522408740823,29020.480904962697,29037.109085348016,16.628180385319865,0.057298086960634535,887424.0328697033,876149.8994786063,-11274.133391096955,-1.2704336341488611,0.4684799999924213
821.9999999999839,4.152915236188018,4.150124223221584,-0.0027910129664334704,-0.0672061144449304,29020.892556335006,29037.42939976611,16.536843431105808,0.05698254593308834,872360.4902680469,862742.9559252211,-9617.534342825762,-1.1024724812870215,-0.9938899999763922
822.9999999999837,4.1344098751703635,4.132510911057777,-0.0018989641125868317,-0.0459307173193268,29028.381522638967,29044.81457556815,16.43305292918376,0.05661029677582187,717512.718215809,709772.0935565206,-7740.624659288325,-1.0788135823621943,-0.49016000000818927
823.9999999999837,4.0976170680501385,4.097199477758678,-0.00041759029146071214,-0.010191052129217715,29039.336466144938,29055.65734797049,16.320881825551623,0.056202667869422816,502179.5787846822,496438.19221088564,-5741.386573796568,-1.1432935181655968,0.43430999998497066
824.9999999999836,4.088902310928563,4.088728009816988,-0.00017430111157512584,-0.004262784931527093,29036.5253043829,29052.74807969434,16.222775311438454,0.055870236336403915,567293.748945113,563223.3898977445,-4070.359047368518,-0.7175046534423094,0.663009999996256
825.9999999999836,4.088758519668287,4.0884433073421675,-0.0003152123261198625,-0.007709242905972227,29029.036756172107,29045.17383177784,16.137075605733116,0.05558942841016617,716386.8255070999,713710.5287798217,-2676.2967272781534,-0.37358262770727485,0.66301
826.9999999999836,4.088555424237792,4.088159201384016,-0.0003962228537757184,-0.009691023177204066,29024.214343193667,29040.301812926064,16.08746973239613,0.05542775264188582,802576.5389145816,800565.4527922607,-2011.086122320965,-0.2505787329692932,0.66301
827.9999999999835,4.115629914581912,4.114183314409699,-0.0014466001722128752,-0.03514893715509959,29021.270358408507,29037.337027678885,16.066669270378043,0.05536170219965216,847135.1831660095,845242.5559659348,-1892.6272000747267,-0.22341501541718362,-0.009294999988917326
828.9999999999835,4.097902282512773,4.097126305387251,-0.0007759771255217984,-0.018935959718541187,29023.60982412621,29039.66123148341,16.051407357197604,0.055304655259852224,785982.81436989,784141.2466837582,-1841.567686131806,-0.23430126619348055,0.42605999999282335
829.9999999999835,4.089179565918774,4.088764750385146,-0.00041481553362743284,-0.010144223968169771,29025.82063326503,29041.852611084738,16.031977819708118,0.055233504066150935,731607.4638876294,729932.515820686,-1674.9480669434415,-0.2289408117903925,0.6517099999962802
830.9999999999834,4.107414705862737,4.1062557418182575,-0.0011589640444791272,-0.02821638737439574,29022.44211331347,29038.450073259908,16.00795994643704,0.05515717762115444,789841.1436046953,788441.2429968244,-1399.9006078708917,-0.17723824837510904,0.19710000000754574
831.9999999999834,4.1225090678563,4.120815208321613,-0.0016938595346873697,-0.04108807298677877,29022.35612269364,29038.34268161726,15.986558923621487,0.05508360126254882,778992.1236563331,777823.9804799546,-1168.1431763784494,-0.14995571083511977,-0.16617999999397018
832.9999999999833,4.141296333178799,4.1389807282412425,-0.002315604937556337,-0.05591497809525049,29027.53699832622,29043.50224150906,15.965243182839913,0.05500033703776003,665268.750992837,664340.8983368368,-927.8526560001774,-0.13947035008264919,-0.620109999992414
833.9999999999833,4.129677273167657,4.127919912387355,-0.0017573607803020863,-0.042554433774291224,29035.723837422996,29051.643845293842,15.920007870845438,0.05482903736095868,498822.1953408036,498613.2230153655,-208.9723254381097,-0.04189314897973542,-0.3120900000051476
834.9999999999833,4.141957389493029,4.139807083043934,-0.002150306449094863,-0.05191522381542555,29041.602017901336,29057.45829404251,15.856276141174021,0.05459848988840272,385940.3725272912,386792.44532588724,852.0727985960548,0.22077835314723437,-0.5979699999952224
835.9999999999832,4.18135346849645,4.177357880840884,-0.0039955876555657355,-0.09555728033206642,29045.787462618544,29061.56751269737,15.780050078825298,0.054328188206754474,310119.2628785655,312240.2279822553,2120.965103689756,0.683919174837027,-1.6929999999815755
836.9999999999832,4.191443554706678,4.1870537678233,-0.004389786883378655,-0.10473210067326927,29058.712950186266,29074.351289167047,15.638338980781555,0.05381635108061906,63918.94194269592,68553.3055197385,4634.363577042575,7.250375923301948,-1.9828999999951225
837.9999999999831,4.185615823430142,4.181870670152899,-0.0037451532772427854,-0.0894767564734024,29076.219833007857,29091.635884596646,15.416051588788832,0.053019449148916695,-260705.66439507666,-252082.53507274287,-8623.129322333785,3.307611034206831,-1.7237000000043905
838.9999999999831,4.1763069941697415,4.173240515571795,-0.0030664785979466203,-0.07342560310407072,29088.09485889453,29103.271344115332,15.176485220803443,0.052174215239685226,-460222.6748334398,-447449.58825894824,-12773.086574491579,2.7754144402194685,-1.379300000005834
839.9999999999831,4.16717155760611,4.164591979297759,-0.0025795783083513157,-0.061902378452429026,29093.824297444375,29108.801710163883,14.97741271950872,0.05147969743126671,-533714.6181996951,-517750.97530298465,-15963.642896710488,2.9910447179727644,-1.078700000005092
840.999999999983,4.108305460642559,4.107846477507604,-0.00045898313495573717,-0.011172079081090283,29095.92561352832,29110.76334792374,14.83773439541983,0.050995918096934295,-537703.725284575,-519808.54084784293,-17895.18443673209,3.3280752197246204,0.3957899999748554
841.999999999983,4.0588807580985655,4.06043505014238,0.0015542920438145202,0.03829361187103827,29087.72780484754,29102.51290519267,14.785100345132378,0.050829340965808975,-343604.35656398296,-325508.18416845554,-18096.17239552742,5.266572454577627,1.7652999999766459
842.999999999983,4.060204235804431,4.061276195637488,0.001071959833057079,0.026401623435691437,29066.305259211247,29081.06996581044,14.764706599191413,0.050796640534532374,96064.29775804783,113795.23024984411,17730.93249179628,18.457359191293172,1.6856000000013591
843.9999999999828,4.072902839094356,4.07296945647098,6.661737662394529e-5,0.0016356240071456803,29046.73076494206,29061.528359764103,14.797594822040992,0.05094409743316429,473674.2858815759,490067.91868915246,16393.632807576563,3.4609505510871585,1.252600000007433
844.9999999999828,4.0650162158032614,4.065343267571531,0.00032705176826919313,0.008045521860349247,29037.560072745844,29052.496719288418,14.936646542573726,0.05143905515874595,629092.8671178423,642176.4345716351,13083.567453792784,2.0797513590854235,1.4531999999965564
845.9999999999827,4.062764983492726,4.063122530298059,0.0003575468053327313,0.008800578098547833,29031.019380854857,29046.1224242313,15.103043376442656,0.05202381348828106,729965.9174793935,739409.940836498,9444.02335710451,1.2937622334088097,1.4948999999992794
846.9999999999827,4.060530939393171,4.06090667177682,0.0003757323836488524,0.009253282126327153,29023.256507510723,29038.521400091096,15.264892580373271,0.05259538183257616,853980.4611306349,860065.3074477836,6084.846317148767,0.7125275804428455,1.5367999999992759
847.9999999999827,4.047078019817209,4.048147194347723,0.0010691745305138056,0.026418431403556094,29016.25212678249,29031.677499388683,15.425372606194287,0.05316114754860573,959854.4419470476,962756.7601200696,2902.3181730220094,0.30237065602725227,1.9486999999928822
848.9999999999826,4.033533628021588,4.035365059900955,0.0018314318793670736,0.0454051471554329,29007.273436594525,29022.88714873575,15.613712141224823,0.05382688647160863,1.102243015299847e6,1.1015414660904317e6,-701.5492094152141,-0.06364741710106181,2.402699999992103
849.9999999999826,4.029735305512618,4.031653948851934,0.0019186433393159064,0.04761214307776569,28994.701138145403,29010.563859236147,15.862721090743435,0.05470903464452148,1.3106154078203456e6,1.3052596569564317e6,-5355.750863913912,-0.40864397228634286,2.5045999999982276
850.9999999999825,4.048910292677196,4.049440530691267,0.0005302380140710383,0.013095820251439495,28981.966124033304,28998.127289432312,16.161165399007587,0.0557628331005671,1.5139819290474541e6,1.5031920818398814e6,-10789.847207572777,-0.7126800525526339,1.7780000000127212
851.9999999999825,4.090012550272055,4.088569624719607,-0.00144292555244796,-0.035279245105298784,28976.00010314166,28992.396613914963,16.396510773301998,0.05658652234586457,1.5772569789671241e6,1.5624924225928118e6,-14764.556374312378,-0.9360907303755304,0.5731200000210946
852.9999999999825,4.074228084857975,4.07363864768304,-0.0005894371749342042,-0.014467456476599094,28981.858561545538,28998.331217082152,16.472655536614184,0.056837816324419095,1.409634122888558e6,1.3941396858882254e6,-15494.437000332633,-1.0991814648032312,0.9861099999927695
853.9999999999824,4.074080635306997,4.0736599228737145,-0.0004207124332822332,-0.010326561277070328,28987.32074473107,29003.81704116877,16.49629643770095,0.05690866218016863,1.2635810230056795e6,1.2483181501848977e6,-15262.872820781777,-1.2079061447501,0.9944299999998534
854.9999999999824,4.073737865877693,4.073367633955294,-0.00037023192239882263,-0.009088260820607702,28986.250522129874,29002.780819664375,16.530297534500278,0.057028064122608885,1.2552660514916442e6,1.2399387077367567e6,-15327.34375488758,-1.2210434382953284,1.0027999999998525
855.9999999999824,4.045340916589518,4.046485621032782,0.0011447044432637554,0.028296859692824472,28985.16810360945,29001.715722005414,16.5476183959654,0.05708995144280281,1.2469838573610561e6,1.2318727739196506e6,-15111.083441405557,-1.2118106703790505,1.8648999999848086
856.9999999999823,4.064460266939091,4.064490826409207,3.05594701162093e-5,0.0007518703126411263,28978.2779970587,28994.899117397137,16.621120338437322,0.057357170567983264,1.353341092455992e6,1.337289735511716e6,-16051.35694427602,-1.1860540578980445,1.2533000000108467
857.9999999999823,4.036223634285707,4.037805169915816,0.0015815356301089878,0.03918354812341495,28972.204788733947,28988.901261206647,16.696472472700407,0.05762927811138816,1.4375627754591708e6,1.4205614287483024e6,-17001.346710868413,-1.182650733665389,2.1528999999840455
858.9999999999822,4.07767663880126,4.076999297785774,-0.0006773410154865545,-0.01661095460687821,28965.71090239277,28982.517200242775,16.80629785000565,0.05802135465150048,1.5266213369021849e6,1.5080137124480288e6,-18607.62445415603,-1.2188762206032415,0.855280000023161
859.9999999999822,4.077180436107749,4.076541488746853,-0.0006389473608958696,-0.015671304493598423,28963.186357750405,28980.072652717714,16.886294967309368,0.05830261477011378,1.5343219221722032e6,1.5147530063624696e6,-19568.91580973356,-1.275411341449716,0.858809999999937
860.9999999999822,4.077172102895779,4.0766828367408605,-0.0004892661549185107,-0.012000134960479428,28968.33621951725,28985.21361685937,16.877397342123004,0.058261534988509125,1.3928535035306015e6,1.3740854386182288e6,-18768.064912372734,-1.3474543349174548,0.8623599999999366
861.999999999982,4.09455773523635,4.09343400372515,-0.0011237315111998214,-0.027444514984594697,28969.534712587883,28986.41351976358,16.878807175697148,0.058263991269293484,1.3387959000543936e6,1.3205406448940749e6,-18255.255160318688,-1.3635577431613735,0.4159200000080192
862.999999999982,4.148335776156639,4.145267504573185,-0.0030682715834542407,-0.07396391586934029,28972.676754352462,28989.525269039408,16.848514686946146,0.058153117262163406,1.2490876740271552e6,1.2319211609824954e6,-17166.513044659747,-1.3743241088364584,-0.9235099999759404
863.999999999982,4.131424728337471,4.1292922969629595,-0.0021324313745116896,-0.05161491530718998,28986.115132318773,29002.903502972968,16.788370654194296,0.057918664082982595,961447.520048658,945885.2238739746,-15562.296174683375,-1.6186318909945059,-0.4586300000083504
864.9999999999819,4.126502334391147,4.124754770225792,-0.0017475641653552643,-0.0423497680054775,28999.27252976729,29015.970413384388,16.697883617096522,0.05758035343802646,694821.0531838861,681370.637367354,-13450.415816532099,-1.9358100556824107,-0.3064900000027501
865.9999999999819,4.164194252202178,4.160894995820874,-0.0032992563813047937,-0.07922916611202818,29003.5307330147,29020.111842243037,16.581109228336572,0.05716927839224176,614835.9094818207,603907.2265557334,-10928.682926087291,-1.7774958745168132,-1.2813999999823775
866.9999999999818,4.144007859684167,4.141772233944893,-0.0022356257392734946,-0.053948395248552494,29013.560798169146,29029.99519221485,16.43439404570381,0.05664383685969658,420912.91112902766,412977.672303419,-7935.238825608685,-1.885244813309183,-0.6955600000106563
867.9999999999818,4.128771910319127,4.127224973994979,-0.0015469363241482625,-0.037467226520360004,29023.21284312349,29039.501471649528,16.288628526039247,0.05612276150846109,241941.16243221916,236850.40856126515,-5090.7538709540095,-2.1041288798387936,-0.28468000000747384
868.9999999999818,4.074553180942218,4.074982403947812,0.00042922300559400384,0.010534234958610807,29023.700442259316,29039.867950631706,16.16750837238942,0.055704503995118,249058.45409583647,246218.6478106906,-2839.806285145867,-1.1402167798139162,1.0916999999749637
869.9999999999817,4.073900822043462,4.074170513048807,0.0002696910053447965,0.006619969830525229,29014.188969874638,29030.25991947066,16.07094959602182,0.05538996665634268,447587.66819870076,446447.0768108608,-1140.5913878399879,-0.25483083401968015,1.1060999999997365
870.9999999999817,4.065919763936059,4.0663455120185725,0.00042574808251316654,0.010471138321259352,29001.11282059828,29017.136981631607,16.02416103332871,0.05525360744759911,701781.1144075391,701322.7947998571,-458.31960768206045,-0.06530805663942456,1.3174999999961305
871.9999999999816,4.0785666623683765,4.078270831365645,-0.00029583100273189444,-0.007253308017775755,28992.414657647663,29008.45346032547,16.038802677805506,0.055320686004243405,855341.6564620683,854374.2285074053,-967.4279546630569,-0.11310427211795211,0.9407900000069379
872.9999999999816,4.057006794052197,4.057692227922655,0.0006854338704584961,0.016895063411364784,28987.36264220495,29003.448713412556,16.086071207606437,0.055493393469971904,930852.5326637926,928807.9725087585,-2044.5601550340652,-0.21964383006868007,1.5533999999887174
873.9999999999816,4.042911278826772,4.044332495029409,0.0014212162026376873,0.035153286941535744,28981.40065857442,28997.55557338,16.1549148055783,0.05574235350422484,1.0227092782487125e6,1.019249617822303e6,-3459.660426409566,-0.3382838603296812,2.0000999999917735
874.9999999999815,4.046664339802751,4.047684043154043,0.0010197033512922005,0.02519861460369862,28969.800139251856,28986.066746740653,16.26660748879658,0.056150223372637545,1.2224136981094442e6,1.2167838372995274e6,-5629.860809916863,-0.4605528241890508,1.8431000000029092
875.9999999999815,4.065146073833088,4.065050354952528,-9.571888055948108e-5,-0.0023546233965764064,28960.083161014845,28976.489285516283,16.40612450143817,0.0566508197169944,1.3758104230304698e6,1.3675803074386534e6,-8230.115591816371,-0.5982012822441091,1.2383000000112074
876.9999999999815,4.043330287488924,4.04443808803335,0.0011078005444256078,0.027398220418782506,28957.3958949739,28973.91798957281,16.52209459890946,0.05705656219514263,1.385703083153305e6,1.3754616014235702e6,-10241.481729734922,-0.7390819760918343,1.908599999987579
877.9999999999814,4.041543401150954,4.042737436327468,0.0011940351765140633,0.029544039442308725,28952.97229285332,28969.623057316436,16.650764463116502,0.0575096894878269,1.4330276602307942e6,1.4206012183137448e6,-12426.441917049466,-0.8671459917981027,1.9526999999991779
878.9999999999814,4.0686279754501316,4.068273520822688,-0.0003544546274438787,-0.008711895744281306,28944.086293243166,28960.894255228442,16.80796198527605,0.05807045285516502,1.5677837590410735e6,1.5526932933635104e6,-15090.465677563101,-0.9625348898111499,1.0877000000161274
879.9999999999812,4.093594239006279,4.092260529800921,-0.0013337092053582467,-0.03258039579618924,28942.80370775738,28959.700915157475,16.897207400095795,0.05838137718346523,1.5473569628302546e6,1.5310435817653676e6,-16313.381064886926,-1.0542739301116588,0.4179300000125638
880.9999999999812,4.093873752732941,4.092709772580733,-0.0011639801522083104,-0.028432243457221267,28949.892359358906,28966.801862258213,16.909502899306972,0.0584095536156302,1.3665118161314013e6,1.3505017902807172e6,-16010.02585068415,-1.1715980543811597,0.4159200000000377
881.9999999999812,4.094366258457017,4.093329393430754,-0.0010368650262622126,-0.025324188428930645,28956.559589516495,28973.450502255546,16.89091273905069,0.0583319046823709,1.2061319670666512e6,1.1909673456755194e6,-15164.621391131775,-1.2572937128938375,0.41391000000003775
882.9999999999811,4.118402604619379,4.116589467763282,-0.0018131368560974082,-0.04402524546929227,28959.84147724117,28976.696649063957,16.85517182278636,0.05820187875003538,1.1208088462566857e6,1.1067505843591774e6,-14058.261897508288,-1.2542961223459765,-0.1653499999890682
883.9999999999811,4.11892805072029,4.117205592278174,-0.0017224584421153821,-0.04181812405813135,28965.8797968656,28982.67976410322,16.799967237620876,0.057999160928088926,984269.8955593022,971626.382375848,-12643.513183454168,-1.2845575426514095,-0.16444000000001716
884.999999999981,4.096673343565056,4.095847603471702,-0.0008257400933544545,-0.020156356733970617,28973.40476121141,28990.135467319866,16.730706108457525,0.057745046694877976,824578.9888736546,813547.6621158147,-11031.32675783988,-1.3378132242865268,0.3961499999893568
885.999999999981,4.088577305485193,4.088055460803406,-0.0005218446817867317,-0.012763478413056549,28974.381288614473,28991.04019342374,16.65890480926828,0.05749529090312075,800431.4011325014,790982.4264100228,-9448.974722478655,-1.1804852619611927,0.6103399999959335
886.999999999981,4.120111573442414,4.1184054229318345,-0.0017061505105795405,-0.0414102987301877,28970.826979920108,28987.423275545552,16.596295625444327,0.05728623362028064,863580.625678402,855463.6844568619,-8116.941221540095,-0.9399170129788031,-0.163189999985314
887.9999999999809,4.120369568749026,4.118694368208189,-0.0016752005408369186,-0.04065656036153868,28973.41055804621,28989.952085696354,16.541527650144417,0.05709209696595649,800249.0938647717,793261.7934179989,-6987.300446772715,-0.8731406883608979,-0.16211000000002065
888.9999999999809,4.132564289144486,4.13055113946538,-0.002013149679105375,-0.04871429790925606,28979.997900477865,28996.483772413285,16.48587193541971,0.05688707084118824,661247.2976062298,655373.4949478036,-5873.802658426226,-0.8882913668894951,-0.44654999999456735
889.9999999999809,4.061429249977019,4.062250540480001,0.0008212905029818529,0.020221711432902592,28985.775727802484,29002.191275544228,16.415547741744376,0.056633115138605604,544961.4219608883,540456.42459586,-4504.997365028365,-0.8266635368093425,1.40219999996469
890.9999999999808,4.05382550056704,4.054922575366383,0.0010970747993432894,0.027062704085063186,28979.320422141867,28995.672919071258,16.352496929390327,0.05642815873934738,673579.9247162357,670251.3239243218,-3328.600791913923,-0.4941656765254975,1.6372999999954831
891.9999999999808,4.066118294949713,4.066306179414744,0.0001878844650313738,0.00462073288090841,28963.051928461307,28979.386736937533,16.33480847622559,0.05639878185687248,984931.5923645116,981850.8498333629,-3080.742531148717,-0.31278746209701946,1.2383000000076658
892.9999999999807,4.072550835785304,4.072339693314086,-0.00021114247121811758,-0.005184526350483316,28955.23891796316,28971.6101553087,16.371237345538248,0.05653981095414796,1.1116889690569735e6,1.107810587586916e6,-3878.381470057415,-0.3488728932290638,1.0364000000039022
893.9999999999807,4.105503043742976,4.104012296312361,-0.001490747430614725,-0.036310956653331686,28953.03247473334,28969.46744682201,16.434972088671202,0.05676425121621934,1.1239939230395646e6,1.1188523926824622e6,-5141.530357102398,-0.4574339995716699,0.17885000001657367
894.9999999999807,4.072237399298583,4.072132437954385,-0.00010496134419835101,-0.0025774858856811725,28957.010101747615,28973.47845449405,16.468352746433084,0.05687173050175917,1.0168986560978162e6,1.0111733426154433e6,-5725.313482372905,-0.5630171156231898,1.0363999999834264
895.9999999999806,4.0882746030195065,4.08753310417617,-0.0007414988433360747,-0.01813720738788976,28957.77930839977,28974.26533020058,16.486021800807066,0.056931236422625035,980847.2262611673,974875.2171577828,-5972.009103384567,-0.6088623124468537,0.6103400000082828
896.9999999999806,4.088150211686841,4.087382483352968,-0.0007677283338729524,-0.01877935726721192,28954.85573338582,28971.351548749055,16.495815363236034,0.05697080833393987,1.0193437954970866e6,1.0132865933238496e6,-6057.20217323699,-0.5942256381011447,0.61034
897.9999999999804,4.113538225846475,4.111905093570105,-0.0016331322763702971,-0.039701400271641686,28955.80993209718,28972.30457045657,16.494638359388773,0.05696486611173896,979002.17408623,973075.2086559852,-5926.965430244803,-0.6054088118626343,-0.015335999987765447
898.9999999999804,4.1138632611010255,4.112296683679622,-0.0015665774214035366,-0.03808044463257783,28959.919697257803,28976.40516957869,16.48547232088822,0.056925131330558286,879285.1962112578,873635.8451605353,-5649.351050722529,-0.6424935930986846,-0.016131999999984433
899.9999999999804,4.126287014191172,4.1243918799325625,-0.0018951342586097653,-0.045928318900066774,28966.038524340176,28982.493650080196,16.455125740019866,0.05680834031271696,745592.7374666035,740622.8061200915,-4969.93134651205,-0.666574538185421,-0.30566999999433836
900.9999999999803,4.115037885687941,4.1136062318033995,-0.0014316538845413618,-0.034790782595723824,28971.504380494443,28987.911716109254,16.407335614811018,0.05663266704872093,631268.1990206891,627285.749464716,-3982.449555973173,-0.6308649100574529,-0.01805200000565682
901.9999999999803,4.099687113032743,4.098821572288118,-0.0008655407446243046,-0.021112361035377187,28975.176226080155,28991.524931959648,16.348705879492627,0.056423145633113986,556693.0430804458,553864.2935139124,-2828.7495665334864,-0.5081345279403309,0.3677799999924115
902.9999999999803,4.091765422181416,4.091141841109879,-0.0006235810715367052,-0.015239902760707616,28973.5200032801,28989.816171962277,16.296168682176358,0.05624504264698063,588724.0837908005,586878.9016958803,-1845.1820949201938,-0.3134205217220004,0.5705099999960127
903.9999999999802,4.0917183358220495,4.091024336596571,-0.0006939992254784144,-0.016961070350385837,28969.555096233387,28985.81291373429,16.25781750090391,0.05612035617011511,661979.9701000254,660804.4610542654,-1175.5090457600309,-0.1775747150752025,0.57051
904.9999999999802,4.1081393340584755,4.106812882161426,-0.0013264518970492745,-0.03228838627873067,28966.363082168078,28982.602115748472,16.23903358039388,0.056061693124294085,714719.4816463583,713814.2763863899,-905.2052599684102,-0.12665182399719502,0.16214000000807818
905.9999999999801,4.100007785162863,4.098976146874088,-0.0010316382887749498,-0.025161861704464307,28967.146461248358,28983.375020889227,16.228559640869207,0.05602401901264052,686254.0189584002,685463.1002820065,-790.9186763936887,-0.11525159118108319,0.3622799999960182
906.9999999999801,4.092117333698532,4.09139043857952,-0.0007268951190120276,-0.017763300993988027,28968.488261400653,28984.706219287556,16.217957886903605,0.05598482647958328,648885.6016438067,648223.1598819458,-662.4417618608568,-0.10208914486354893,0.5627199999960123
907.9999999999801,4.115849964809893,4.1142619578599335,-0.0015880069499596416,-0.038582722002428245,28966.332270486382,28982.539970747832,16.207700261449645,0.05595358124771486,682247.0579117576,681712.3048479257,-534.753063831944,-0.07838114618899675,-0.01949399998841674
908.99999999998,4.11601439682742,4.114445591091222,-0.0015688057361975538,-0.038114680488162835,28967.792981088714,28983.986248825964,16.1932677372497,0.05590093711254179,641928.0699770189,641607.0245716544,-321.04540536447894,-0.050012675933609266,-0.020045999999988955
909.99999999998,4.093188091367179,4.092473422004662,-0.000714669362516851,-0.01745996877163155,28972.25070744364,28988.424529721222,16.173822277582076,0.055825218554479264,545005.4796916384,544994.9744701129,-10.505221525439993,-0.0019275442021947742,0.547299999988648
910.99999999998,4.070875048669043,4.071047570768212,0.00017252209916929218,0.004237961055220734,28970.812749285695,28986.966529545884,16.153780260188796,0.05575880939200466,569108.5858323743,569412.3339805683,303.74814819404855,0.05337261741531955,1.1447999999880447
911.9999999999799,4.100645231190736,4.099498118299193,-0.0011471128915427897,-0.027973960849319652,28962.709959912478,28978.85808221934,16.148122306862206,0.05575487352258456,721420.7112046117,721747.1803172629,326.4691126511898,0.04525363738255576,0.355040000015892
912.9999999999799,4.115852110638097,4.114155998109027,-0.001696112529070426,-0.041209268056219606,28959.698670388123,28975.85643759933,16.1577672112071,0.055793975604203176,764187.0421867559,764244.4572996082,57.415112852235325,0.007513227741723985,-0.020220999992448783
913.9999999999798,4.148202264014818,4.14543042404796,-0.0027718399668588134,-0.06682027033503668,28964.966224200518,28981.132151273265,16.165927072746854,0.055812000427054045,642976.3765925227,642818.6758072916,-157.70078523107804,-0.0245266841787904,-0.8199399999838167
914.9999999999798,4.157292435143038,4.154290767858883,-0.003001667284155296,-0.07220245703143612,28974.93938326544,28991.082403400727,16.14302013528868,0.055713732207537,437338.3463114441,437593.97117612965,255.6248646855238,0.05845013748313857,-1.0449999999954456
915.9999999999798,4.165283403538904,4.162101833273981,-0.0031815702649229394,-0.07638304424183517,28987.379100181686,29003.450975850224,16.07187566853827,0.0554443905155866,194308.65238672844,195905.03296760863,1596.3805808801844,0.821569477875304,-1.2378999999960965
916.9999999999797,4.133716773478574,4.131970294803089,-0.0017464786754848305,-0.04224959694118441,28998.035054543125,29013.991721917788,15.956667374663084,0.05502671937822612,-2274.7080805275746,1459.0431304999083,-815.6649500276662,35.85800556168458,-0.37304000001759985
917.9999999999797,4.100404137101862,4.099767493968569,-0.0006366431332924805,-0.015526350867025893,29001.232445869413,29017.084268601182,15.851822731769062,0.05465913478455225,-45021.19957796015,-39458.11808245273,-5563.081495507417,12.356582116107784,0.4500299999832506
918.9999999999795,4.0937017300900065,4.093146169268681,-0.0005555608213256846,-0.013571111379271635,28993.859144789178,29009.651392195912,15.792247406734532,0.05446755924373986,117933.27622501082,124363.68268937182,6430.406464361004,5.4525801963579035,0.6176099999965707
919.9999999999795,4.046383708352423,4.047946871984041,0.0015631636316184583,0.03863112705776823,28984.901623453537,29000.66490562787,15.763282174331835,0.05438445980985064,299306.3031709211,305991.6045783156,6685.301407394465,2.2335986033601083,1.9951999999718095
920.9999999999795,4.048364109926354,4.049551158892408,0.0011870489660541494,0.029321694734512006,28970.1899948977,28985.979261369863,15.789266472162126,0.05450177052667922,583018.5851418532,588896.6056324769,5878.020490623661,1.0082046508334706,1.8973000000020035
921.9999999999794,4.056425164352225,4.056879444665572,0.00045428031334715513,0.011199031041897692,28953.156660281653,28969.04187977556,15.885219493906334,0.054865242088431423,897403.7013204463,901168.838275904,3765.136955457623,0.41955888413626696,1.5929000000062639
922.9999999999794,4.079987470751674,4.079219937073511,-0.0007675336781627351,-0.018812157725115,28944.546392483022,28960.579507736653,16.033115253630967,0.055392525542548525,1.0316342972794453e6,1.0323956619355844e6,761.3646561390487,0.07380179760859706,0.8802100000146652
923.9999999999794,4.079180241947191,4.0784850763683576,-0.0006951655788336453,-0.01704179608650509,28943.488094189717,28959.64920042049,16.16110623077111,0.05583676085680698,1.0150160881643124e6,1.0133250215337599e6,-1691.0666305525228,-0.16660490905231548,0.8882099999998355
924.9999999999793,4.058684675825742,4.059023258408274,0.00033858258253172124,0.0083421751028943,28944.831996949375,28961.07811847018,16.2461215208059,0.05612788328679245,956628.0891051273,953434.0638345149,-3194.0252706123283,-0.333883701198881,1.4705999999879498
925.9999999999793,4.077525813335119,4.076931896775383,-0.0005939165597359519,-0.014565611278133673,28939.93588017638,28956.276073184366,16.340193007985363,0.056462436805805996,1.0268351604940164e6,1.0220001394994402e6,-4835.02099457616,-0.4708663260274418,0.9164000000114669
926.9999999999792,4.084176942689045,4.083294898846797,-0.0008820438422478816,-0.021596611866359024,28936.09266724045,28952.509488812728,16.416821572278423,0.05673475600547987,1.0732795990402459e6,1.0671985618222791e6,-6081.0372179667465,-0.5665846274730802,0.7291800000038952
927.9999999999792,4.083959927063347,4.083159207452536,-0.0008007196108108516,-0.019606451216739165,28937.54232350268,28954.00320845076,16.460884948079183,0.0568841844412954,1.0146191212250268e6,1.0079614313795496e6,-6657.689845477231,-0.6561762641964499,0.7324799999999313
928.9999999999792,4.076422783552842,4.075979710798215,-0.00044307275462696083,-0.010869156075140883,28938.172943159385,28954.6689452605,16.496002101113845,0.057004297173548026,977142.2755061644,970077.3261868831,-7064.949319281266,-0.7230215595391765,0.9326399999958358
929.9999999999791,4.114149196789531,4.112328828372513,-0.0018203684170181589,-0.04424653385051471,28936.398440899575,28952.92398651864,16.52554561906436,0.05710989103504553,989591.6998381168,982220.7316141635,-7370.96822395327,-0.7448494389311326,-0.020720999980057234
930.9999999999791,4.107331502374383,4.10582622640022,-0.0015052759741633892,-0.03664851432842012,28939.981170246345,28956.511875267297,16.530705020952155,0.05712064884806364,896012.5303115048,888807.3729990565,-7205.157312448369,-0.8041357758628048,0.14881999999645348
931.999999999979,4.092243432966241,4.09138529427143,-0.0008581386948112169,-0.020969883851440368,28946.493271302497,28963.003912803088,16.510641500590282,0.0570384859604355,750610.5289938322,744037.4167664569,-6573.11222737527,-0.8757021082806157,0.5321199999919384
932.999999999979,4.092425747446142,4.09155913052526,-0.0008666169208817465,-0.02117611837973003,28946.171394607893,28962.660376310843,16.488981702950696,0.05696429236932616,747290.1857290313,741330.8128509606,-5959.372878070688,-0.7974643574713782,0.53212
933.999999999979,4.115028205571855,4.113359328336422,-0.001668877235433186,-0.04055566941615328,28943.978484022413,28960.445552648926,16.467068626512628,0.056892899625401325,779000.6980041087,773620.4155972939,-5380.282406814862,-0.690664645179366,-0.021469999988356858
934.9999999999789,4.108417601668948,4.107021249388609,-0.0013963522803388528,-0.03398759366067407,28946.690018711313,28963.13386217945,16.443843468136038,0.05680733602877096,711392.3527203068,706585.6959860376,-4806.656734269229,-0.6756688789089399,0.14397999999650143
935.9999999999789,4.108856598744845,4.107507362448879,-0.001349236295966172,-0.03283726904410172,28950.5342068099,28966.950291067078,16.416084257176408,0.05670390791377842,625199.4602721966,621028.6451453393,-4170.815126857255,-0.6671175187901448,0.14208000000004017
936.9999999999789,4.093951437308217,4.093127409987368,-0.0008240273208492965,-0.020127921238633367,28951.63965945907,28968.022751942717,16.383092483647488,0.056587788036712494,596900.7946176548,593440.1232896785,-3460.671327976277,-0.5797732821235416,0.5146699999921213
937.9999999999787,4.079479349053248,4.07919042206092,-0.00028892699232763164,-0.007082447724479469,28950.199416806445,28966.55255178124,16.353134974793647,0.05648712376502723,618766.6581881928,615925.5567029447,-2841.101485248073,-0.45915555527298235,0.8922199999919735
938.9999999999787,4.058914426144281,4.059500596067647,0.0005861699233653539,0.0144415442609412,28944.71851182004,28961.060870227888,16.342358407848224,0.056460588487583875,717619.275406895,714997.1443192563,-2622.1310876386706,-0.3653930680933709,1.476999999987568
939.9999999999786,4.092562188871332,4.091538870034933,-0.0010233188363990564,-0.0250043564195972,28935.401355738497,28951.770075190765,16.368719452268124,0.05656987180176736,885669.8939045076,882536.6635748182,-3133.2303296894534,-0.3537695422700318,0.5321200000201951
940.9999999999786,4.120210030701432,4.118219349203781,-0.0019906814976504705,-0.0483150490585931,28932.131381688025,28948.536171301166,16.404789613141475,0.05670093708866722,925771.1153841018,921975.6428353174,-3795.472548784339,-0.4099795819628268,-0.15333999998534958
941.9999999999786,4.092890186156778,4.091977850934521,-0.0009123352222566439,-0.022290732972567884,28939.788010686087,28956.20401541957,16.416004733484442,0.05672468895564402,750870.2748342745,746941.9555435899,-3928.3192906846525,-0.5231688378597323,0.5221099999855635
942.9999999999785,4.126061184513734,4.124075245085119,-0.0019859394286152465,-0.04813160396334002,28942.76573149955,28959.180608589704,16.414877090155642,0.056714956830441005,679743.2250050659,675927.6214770281,-3815.6035280377837,-0.5613301299191834,-0.28093999998274505
943.9999999999785,4.066011558957256,4.066315931327061,0.00030437236980507265,0.007485772369105859,28945.378039375006,28961.76788237836,16.389843003355054,0.05662335099254743,618860.2084834785,615616.9348085189,-3243.273674959666,-0.5240720974624192,1.2616999999668537
944.9999999999785,4.052654383841078,4.05359797189446,0.0009435880533823493,0.023283210558113842,28942.160356839893,28958.538022220713,16.377665380819963,0.05658757044703276,674919.3742905637,671961.0141822434,-2958.3601083203685,-0.4383279278995399,1.670699999991212
945.9999999999784,4.0568536732424025,4.057338879142692,0.0004852059002891096,0.011960152851687975,28927.801425705704,28944.21335123003,16.41192552432767,0.05673409217246553,945485.7640509354,941886.3785043524,-3599.385546582984,-0.38069167019093025,1.515100000003361
946.9999999999784,4.1250071350132895,4.122700443505892,-0.002306691507397929,-0.055919697394426385,28918.18875833412,28934.674157369354,16.485399035234877,0.05700702479329327,1.106876521032145e6,1.1019065760725508e6,-4969.94495959417,-0.44900626810294736,-0.29015999996100544
947.9999999999783,4.154922512407784,4.151581220391798,-0.003341292015985431,-0.08041767339841789,28924.23156751719,28940.767313177246,16.535745660057728,0.057169178795497835,953952.802643353,948143.956131506,-5808.84651184699,-0.6089238897093213,-1.065599999983162
948.9999999999783,4.189087659572952,4.1842261049045755,-0.004861554668376122,-0.116052827332616,28942.651852156258,28959.173640592006,16.52178843574802,0.05708457027415451,569829.9630981394,564481.6919921818,-5348.271105957567,-0.9385731625762995,-2.1014999999775066
949.9999999999783,4.182604119363217,4.17852631479294,-0.004077804570276733,-0.09749439473362258,28964.12212032711,28980.53673398819,16.414613661079784,0.056672229156083956,148157.49761537358,145061.18918866446,-3096.308426709118,-2.0898762982264554,-1.8141000000062408
950.9999999999782,4.2133676482741675,4.207537993004081,-0.005829655270086498,-0.13836094442113012,28982.3351688618,28998.544704204865,16.20953534306682,0.05592901761926385,-189063.30835168727,-188116.25517449118,-947.0531771960959,0.5009185470479705,-2.8746999999768494
951.9999999999782,4.204933997759677,4.2000440624894555,-0.004889935270221635,-0.11629041675391136,29000.327486122726,29016.181274053437,15.853787930711405,0.05466761690293939,-509199.8789645432,-501458.46837439056,-7741.410590152664,1.5203088040583992,-2.450500000009259
952.9999999999781,4.192497072147958,4.188714615143043,-0.003782457004914974,-0.09021966956263355,29017.966248031957,29033.399021349243,15.432773317286774,0.05318351115779331,-811373.574419624,-795891.4417894323,-15482.132630191743,1.9081386328444478,-1.917000000011706
953.9999999999781,4.177381620128905,4.174501358499771,-0.0028802616291336847,-0.06894897069626131,29025.60032238233,29040.723980867668,15.123658485335909,0.05210455018108168,-907311.3207485585,-886631.0939630246,-20680.226785533945,2.279286757766028,-1.3812000000117561
954.9999999999781,4.159210548067934,4.157093005365849,-0.0021175427020851956,-0.05091213050199758,29027.323536069347,29042.25150978591,14.927973716563429,0.05142731708630984,-889764.5405245358,-866271.8696995574,-23492.670824978384,2.6403244628212468,-0.8435000000117979
955.999999999978,4.138119117978408,4.136621700973505,-0.0014974170049031343,-0.036185932840779755,29024.807029361775,29039.653019149086,14.845989787310828,0.051149314351315006,-796119.3874673672,-772070.3222796136,-24049.065187753644,3.0207862748147694,-0.30467000001188405
956.999999999978,4.124077006314866,4.12284146801151,-0.0012355383033559875,-0.02995914725801937,29018.81198015124,29033.64864032903,14.836660177788872,0.051127731169481,-643497.6799140734,-620234.5635441914,-23263.116369882016,3.6151049329328355,0.028559999992650527
957.999999999978,4.1236638132632075,4.122259626846234,-0.0014041864169733742,-0.03405191306956203,29011.22618541899,29026.0858329533,14.85964753431108,0.05122033601523372,-470360.61245495285,-448390.6279398711,-21969.984515081742,4.6708810077471865,0.030391999999959594
958.9999999999778,4.123258515011251,4.121731617109494,-0.001526897901757529,-0.03703134053318902,29005.402324144223,29020.297820227952,14.895496083729086,0.05135421297476716,-341942.0796208585,-321393.80036379263,-20548.27925706585,6.009286508361168,0.030392
959.9999999999778,4.116280291228569,4.114884540006388,-0.001395751222180941,-0.03390807047700721,29001.99029115865,29016.931293778856,14.941002620205836,0.05151716302987885,-267032.06035411655,-247987.96746819757,-19044.092885918973,7.131762703199092,0.18803999999650514
960.9999999999777,4.082847463429696,4.082575797360688,-0.0002716660690076367,-0.006653838318501134,28998.526904271126,29013.519297082967,14.992392811840546,0.05170053244888226,-193677.60021613855,-176157.87043723778,-17519.72977890077,9.045821385306956,1.0213999999814305
961.9999999999777,4.052656970659589,4.053759509153706,0.0011025384941172334,0.027205324854765345,28989.511223982146,29004.566120466247,15.054896484100027,0.05193221909738707,-13832.44944302508,2028.147362765368,-11804.302080259711,85.33775690907694,1.9180999999800192
962.9999999999777,4.0272725994214404,4.029769144702701,0.0024965452812608646,0.06199096831983808,28972.70426631319,28987.86728755929,15.163021246098651,0.05233554005426006,310336.6755166509,323722.58408036566,13385.908563714765,4.313350506004423,2.816299999979986
963.9999999999776,4.004984227379207,4.0088622031496115,0.003877975770404163,0.09682874014567201,28950.933903576268,28966.336752935524,15.402849359255924,0.053203290127208064,716117.6158323494,724559.0394639149,8441.423631565529,1.1787761458366015,3.71689999997983
964.9999999999776,4.013606406295618,4.016320800170719,0.0027143938751015284,0.06762979725276037,28925.56540744219,28941.45572213625,15.890314694057452,0.05493519130993053,1.1743040191610479e6,1.1731793339600628e6,-1124.6852009850554,-0.09577461906232414,3.2264000000109854
965.9999999999775,4.045917818888158,4.046086488389387,0.00016866950122818025,0.0041688810494557105,28905.433888482174,28921.91586135401,16.48197287183575,0.05702032681959932,1.5103961359602257e6,1.4981361167856217e6,-12260.019174603978,-0.8117088545654773,1.897300000029918
966.9999999999775,4.02864821015842,4.02996735712757,0.0013191469691502533,0.03274415884275932,28900.501458918166,28917.34981802773,16.848359109564626,0.058297808892743386,1.5375708328686412e6,1.519104252332866e6,-18466.580535775283,-1.2010230775074107,2.475299999986989
967.9999999999775,4.03619102524886,4.037066995479982,0.0008759702311218476,0.021702893288303608,28897.022961586077,28914.168636203998,17.14567461792103,0.05933370590013177,1.5439715943929753e6,1.5208096337867694e6,-23161.960606205976,-1.5001545812319355,2.163700000007014
968.9999999999774,4.041687314875285,4.042200855015849,0.0005135401405631512,0.012706082894465516,28889.59448882088,28907.047329507735,17.45284068685578,0.06041220375595556,1.6337213320786995e6,1.6057532137064037e6,-27968.11837229575,-1.7119271091790134,1.9398000000050655
969.9999999999774,4.033646088591407,4.034721377480393,0.0010752888889857815,0.026657987968430913,28885.96672974726,28903.610090548307,17.643360801048402,0.06107935028146027,1.6477026725900017e6,1.6173322947696033e6,-30370.377820398426,-1.843195275799343,2.2005999999941
970.9999999999774,4.007050609846648,4.010058956443915,0.0030083465972667867,0.07507633145122461,28880.806396815547,28898.654207542026,17.8478107264782,0.06179817308856769,1.6951154391080188e6,1.6620459103861153e6,-33069.52872190345,-1.9508717789335255,3.239399999976498
971.9999999999773,3.988520735978575,3.9929300589424255,0.004409322963850659,0.11055033321191551,28867.52974884196,28885.76264809358,18.23289925161953,0.06316058010592664,1.9024662019400683e6,1.8631680302179449e6,-39298.1717221234,-2.0656436199522754,4.056099999981431
972.9999999999773,4.008689990950699,4.0111196576624515,0.0024296667117527093,0.060609992721749245,28846.8184450564,28865.71018209742,18.89173704101995,0.06548984622689823,2.2468527649427997e6,2.1961803655681517e6,-50672.399374648,-2.2552612331915753,3.06170000002261
973.9999999999771,4.038135241276781,4.038428243865761,0.00029300258897979603,0.007255888460217945,28833.469970529506,28852.90816242825,19.438191898745572,0.06741537497433786,2.430948369589504e6,2.371615972445706e6,-59332.39714379795,-2.4407098845055675,1.8867000000268501
974.9999999999771,4.057034327534906,4.056490138919366,-0.0005441886155397313,-0.013413458492237747,28834.845589751203,28854.42598463671,19.580394885506394,0.06790532248407764,2.3216689262358267e6,2.261900249579258e6,-59768.67665656889,-2.5743841415611817,1.2684000000141287
975.9999999999771,4.072126701534552,4.071169633044222,-0.0009570684903303928,-0.023502915318664528,28842.38913712385,28861.902998896872,19.513861773022654,0.06765688404053122,2.1037822593442793e6,2.0474699788260746e6,-56312.28051820467,-2.6767161985554746,0.8412100000097618
976.999999999977,4.080613741192808,4.079554648909665,-0.0010590922831434924,-0.02595423998238824,28850.49702825945,28869.882254339827,19.385226080376015,0.06719200040605167,1.8903084309124916e6,1.8383190558464895e6,-51989.37506600213,-2.750311759489205,0.6239600000049891
977.999999999977,4.081069764726575,4.080189502811689,-0.0008802619148857715,-0.02156939149862212,28857.956010183396,28877.1947017196,19.238691536203987,0.06666685446957865,1.7018363476977008e6,1.654201192442671e6,-47635.15525502991,-2.7990444157261236,0.62396
978.9999999999769,4.13651461970705,4.133735242440022,-0.002779377267027705,-0.0671912835454826,28863.214490651506,28882.315408020815,19.100917369309172,0.06617737388708303,1.5657516209427244e6,1.522032132684189e6,-43719.48825853551,-2.7922364999508935,-0.7611999999680327
979.9999999999769,4.100187618773369,4.09896524141385,-0.0012223773595181342,-0.029812717689338967,28875.79935946763,28894.75363128593,18.954271818300185,0.06564068264342461,1.2908250988137866e6,1.2509911831519427e6,-39833.91566184396,-3.085926644783219,0.17538999997838495
980.9999999999769,4.10897466101877,4.107610696279137,-0.0013639647396335164,-0.03319477125457226,28886.080713382675,28904.871078616634,18.790365233959164,0.0650498952087112,1.0744613289207865e6,1.0386693273347609e6,-35792.00158602558,-3.331157727377297,-0.016638999995568275
981.9999999999768,4.115462008524151,4.113888695785699,-0.0015733127384525147,-0.038229310225529736,28888.03865634479,28906.6576544201,18.618998075311538,0.06445227485605769,1.0298667199329692e6,998084.3083918701,-31782.411541099078,-3.086070355120097,-0.16095999999665286
982.9999999999768,4.11031726718903,4.108987445028407,-0.001329822160623273,-0.0323532728541102,28893.221806905,28911.677153297795,18.455346392795036,0.06387431113128586,919571.7276986829,891483.462900571,-28088.26479811198,-3.0544941685414337,-0.018271000003309258
983.9999999999768,4.122332829741506,4.120630012587191,-0.0017028171543147508,-0.0413071245007048,28897.153349289492,28915.463159761584,18.309810472092067,0.06336198673542444,837037.6830343746,812152.7178468915,-24884.965187483118,-2.972980272198948,-0.2980999999935101
984.9999999999767,4.111607490351201,4.110312982130602,-0.0012945082205986225,-0.03148423636342898,28901.424370314206,28919.592591265417,18.16822095121097,0.06286271817755898,749321.0744087392,727460.3083639733,-21860.766044765944,-2.9174097448167253,-0.019866000006484467
985.9999999999767,4.123250939262482,4.121586175414605,-0.0016647638478763938,-0.040375031071336324,28904.85947107302,28922.89505023506,18.03557916203863,0.062396356502227635,680137.9925054396,661033.7431308358,-19104.249374603736,-2.8088784313061215,-0.2910599999936796
986.9999999999766,4.1581679159947535,4.155108059677234,-0.0030598563175194826,-0.07358664631482245,28907.79894004525,28925.709253737314,17.910313692063937,0.06195668417789232,621797.340775043,605227.8858429698,-16569.454932073248,-2.664767737896748,-1.1983999999787505
987.9999999999766,4.187470634960714,4.182929153743317,-0.0045414812173962815,-0.10845404334253653,28918.48760641997,28936.247831236855,17.760224816884147,0.061414777489751354,411769.68617198133,398158.5643820608,-13611.121789920551,-3.305518168774493,-2.10149999997885
988.9999999999766,4.1249450142782775,4.123622877400943,-0.001322136877334401,-0.032052230339020146,28937.42314652257,28954.947724904956,17.52457838238479,0.06056025892025817,49324.66816024005,40264.37109289077,-9060.297067349282,-18.368693404921203,-0.2550700000432425
989.9999999999765,4.097175554503244,4.0967806206846795,-0.0003949338185647022,-0.009639172481409218,28943.035112245027,28960.36375843913,17.328646194102475,0.05987155848341277,-34075.238745871764,-39545.68467175536,5470.4459258836,-16.054020829263735,0.4477099999834614
990.9999999999765,4.077787195376179,4.077887525583104,0.00010033020692468142,0.0024604081114984687,28932.108805978394,28949.335049969868,17.226243991473893,0.05954022953181464,206001.38012587055,202174.69218315647,-3826.687942714081,-1.8576030608998377,0.9504599999881687
991.9999999999765,4.053501627495673,4.054561095917284,0.0010594684216114203,0.02613711597954826,28920.608491218427,28937.75371254908,17.14522133065475,0.05928375032586467,438563.06320144306,435966.360983371,-2596.7022180720815,-0.5920932326394643,1.654699999983427
992.9999999999764,4.062482374041072,4.062834750852595,0.000352376811522781,0.008673928378728232,28906.755903734807,28923.880331434626,17.124427699818625,0.05924022659909103,703464.188522448,700924.561904457,-2539.6266179909,-0.36101718600986876,1.351400000007172
993.9999999999764,4.107879660073997,4.106281513821915,-0.001598146252081989,-0.03890440773168124,28895.735221862262,28912.897674685766,17.16245282350428,0.05939441475266329,899106.801034078,895533.673641612,-3573.127392465947,-0.39740856017955073,0.12861000002891515
994.9999999999762,4.0934911918219505,4.092450543093523,-0.0010406487284271293,-0.025422034143035555,28897.958534786125,28915.174463578798,17.215928792673367,0.059574896171124235,826506.94281206,821706.9252191115,-4800.017592948512,-0.5807595005333175,0.4782599999916921
995.9999999999762,4.079917822419082,4.079484433177959,-0.0004333892411230167,-0.010622499275391035,28902.667535785706,28919.915872561614,17.248336775908683,0.05967731786193345,713177.5390325729,707663.4722050321,-5514.066827540752,-0.7731688851307064,0.8326899999915786
996.9999999999762,4.113930653884183,4.112254559237772,-0.0016760946464113857,-0.04074192754875182,28899.464952987895,28916.728732072836,17.263779084940325,0.059737365771387524,763290.9564209582,757447.2099814549,-5843.746439503273,-0.7655988047997285,-0.023435999979657975
997.9999999999761,4.09364853006755,4.092690779379178,-0.0009577506883715614,-0.02339601656900812,28901.012174869593,28918.272527332145,17.260352462551964,0.05972231130908427,716630.4645117144,710851.4637063217,-5779.000805392745,-0.8064129410588683,0.4758799999880793
998.9999999999761,4.093840165254604,4.09292514980529,-0.0009150154493138274,-0.02235103014230456,28903.657422832974,28920.911051437495,17.25362860452151,0.059693582552952935,651559.6379199009,645911.4940475083,-5648.143872392597,-0.8668652174993914,0.47588
999.999999999976,4.04425582675284,4.0455967784251,0.0013409516722600046,0.03315694480526133,28901.493939098924,28918.7388344471,17.244895348176215,0.05966783372691587,684587.1942514069,679109.286984557,-5477.907266849885,-0.8001767069043634,1.9058999999656967
1000.999999999976,4.059046198797248,4.0594090178798075,0.0003628190825590849,0.008938530501736916,28891.074359928898,28908.34611075916,17.271750830263045,0.059782307210487384,877227.1826641354,871217.3148742715,-6009.867789863842,-0.6850982172727363,1.413900000011802
1001.999999999976,4.051170000308878,4.0517753837368025,0.0006053834279242665,0.01494342197138381,28878.987154201102,28896.32477204734,17.337617846238572,0.06003540828375771,1.0914189373271526e6,1.0841487865896584e6,-7270.15073749423,-0.666119167338124,1.635299999994689
1002.9999999999759,4.0753769347031525,4.074767244286917,-0.0006096904162351535,-0.014960344184201526,28872.791507023514,28890.225450494803,17.43394347128924,0.06038191169374221,1.1794386862943673e6,1.170383818410685e6,-9054.867883682251,-0.7677268847379756,0.9042800000176188
1003.9999999999759,4.067723590179876,4.06746317129259,-0.00026041888728567386,-0.006402079234546959,28870.575477972532,28888.096915710677,17.521437738145323,0.060689603335110885,1.1876252969886682e6,1.1770529843264327e6,-10572.312662235461,-0.8902060851215042,1.1060999999951358
1004.9999999999759,4.060283724206821,4.060429776701783,0.00014605249496213446,0.0035971007171590186,28870.802426669794,28888.379256620206,17.576829950412503,0.060880988656469306,1.1502504218388654e6,1.1388571566915142e6,-11393.265147351194,-0.9905030183894371,1.3174999999949049
1005.9999999999758,4.080536384207429,4.079763362165949,-0.0007730220414803313,-0.018944128141390827,28866.683701220867,28884.325294912524,17.641593691656453,0.061114029842334584,1.202389118400719e6,1.190009739371055e6,-12379.379029663978,-1.029565124984632,0.7423900000139265
1006.9999999999758,4.095732557235009,4.094434462955923,-0.001298094279086115,-0.03169382426577301,28865.86456639486,28883.543102882293,17.67853648743403,0.06124374500119798,1.1874468007331963e6,1.1746611349426776e6,-12785.665790518746,-1.0767358826201021,0.3496700000095098
1007.9999999999757,4.121938821375261,4.119877923843339,-0.002060897531921846,-0.049998256190377885,28870.60807112336,28888.289376575744,17.68130545238455,0.061243273466309665,1.0652712258842743e6,1.0527506640642048e6,-12520.56182006956,-1.175340281032779,-0.28925999998445545
1008.9999999999757,4.14270836988794,4.140035311804459,-0.0026730580834808393,-0.06452440878799165,28879.18604182516,28896.842324574798,17.656282749638194,0.06113843625671078,875488.5058611842,863746.3742302473,-11742.13163093687,-1.3412091138063074,-0.8046999999874598
1009.9999999999757,4.117771030814912,4.116198725610035,-0.0015723052048768338,-0.03818340536932848,28891.506498355055,28909.101261194835,17.594762839780742,0.06089943022106689,622294.509281255,611996.1119728605,-10298.39730839443,-1.654907307520517,-0.1496300000159372
1010.9999999999756,4.1235848310017005,4.121895114488848,-0.001689716512852435,-0.040976882545228716,28897.92879853136,28915.439939084736,17.5111405533753,0.06059652466949549,497357.80826704873,488857.09927514964,-8500.708991899097,-1.7091737277671875,-0.27227999999700214
1011.9999999999756,4.113884448536452,4.112508031339805,-0.0013764171966474947,-0.033457847780269244,28899.458281759365,28916.877543096958,17.419261337592616,0.060275390520337986,471787.0819524468,465157.7382423747,-6629.343710072106,-1.4051558348391366,-0.023311000006085464
1012.9999999999754,4.119282308847649,4.117729982879633,-0.0015523259680154666,-0.037684379259010366,28901.001686322303,28918.338493638694,17.33680731639106,0.059986873481260285,443766.31366889394,438742.0710094303,-5024.242659463664,-1.1321820752740568,-0.14416999999703214
1013.9999999999754,4.124384113297983,4.122655421706186,-0.0017286915917962276,-0.04191393294874064,28901.99816202105,28919.266320494902,17.268158473852964,0.05974728244410574,425675.1046612172,421927.71464254614,-3747.3900186710525,-0.8803404233972044,-0.2602499999971495
1014.9999999999754,4.119858057923942,4.118301012715199,-0.001557045208742558,-0.03779366150122115,28904.952208468305,28922.154588261277,17.20237979297235,0.05951360745696911,368212.23203318706,365650.49689004855,-2561.735143138503,-0.6957224449044412,-0.1397200000029598
1015.9999999999753,4.151000296818211,4.148323689281651,-0.0026766075365598496,-0.06448102493780836,28907.131179471013,28924.272815480133,17.141636009120703,0.0592989871692774,327810.0148889148,326304.3826759116,-1505.632213003235,-0.45930024850322204,-0.9190199999807745
1016.9999999999753,4.207176369843937,4.201360272605011,-0.00581609723892651,-0.13824229667705265,28913.52542613871,28930.587394911236,17.061968772526598,0.059010336930764094,205117.60361671456,205016.7611525076,-100.84246420697309,-0.049163242173698864,-2.750099999954827
1017.9999999999753,4.203922561567017,4.198738443719513,-0.005184117847504055,-0.12331620698483249,28934.97200797322,28951.806472162603,16.834464189381833,0.058180336876576165,-208103.94365396042,-203935.62400837836,-4168.319645582058,2.0029988727715926,-2.547200000005006
1018.9999999999752,4.191874242945033,4.1878989241092075,-0.003975318835825803,-0.09483392404999517,28958.419700614657,28974.903244578436,16.483543963779084,0.05692142090001276,-639192.3531192511,-628532.7445804529,-10659.608538798173,1.6676683453391472,-2.01420000001321
1019.9999999999752,4.1773425923281415,4.174325962858756,-0.0030166294693856344,-0.07221407875250156,28969.5415303089,28985.705088351595,16.163558042695513,0.05579500809767617,-809136.7333782085,-792895.973301494,-16240.760076714447,2.0071712736249183,-1.4787000000132715
1020.9999999999751,4.159840117333229,4.157614280296077,-0.0022258370371526226,-0.05350775448984207,28973.129058363378,28989.064466569573,15.935408206194552,0.055000646199084395,-829579.9354786006,-809771.0820844758,-19808.853394124773,2.3878173213888862,-0.9413700000133781
1021.9999999999751,4.139373171459468,4.137786072845463,-0.001587098614004745,-0.038341520521696835,28971.887972842345,28987.710818517517,15.822845675171266,0.05461447900807595,-760832.0943654932,-739803.8558901503,-21028.238475342863,2.76384745478957,-0.4027000000134115
1022.9999999999751,4.122293946309364,4.121073190560321,-0.001220755749042901,-0.029613505609803192,28966.86576912034,28982.657734811506,15.791965691165387,0.054517343426226515,-626375.8086128618,-605685.3827104872,-20690.425902374554,3.303196837725017,0.009849799989728576
1023.999999999975,4.121185122360822,4.119819812217339,-0.00136531014348229,-0.03312906610465904,28959.528310447924,28975.329697241643,15.801386793718848,0.05456368841483539,-456685.52595449076,-437015.9852713264,-19669.540683164378,4.307020819644823,0.030391999999486215
1024.999999999975,4.120822005368711,4.119328277507623,-0.0014937278610878124,-0.036248298498254616,28953.413731315548,28969.240771693578,15.827040378029778,0.05466381451563173,-321424.7675931642,-302978.2883835181,-18446.47920964606,5.738972558889506,0.030392
1025.999999999975,4.120526259299761,4.118956354624796,-0.0015699046749650947,-0.038099615829942146,28949.877485612018,28965.741134916345,15.863649304326827,0.05479694797399748,-243674.61652392577,-226562.80315696597,-17111.813366959803,7.0224029121554565,0.030392
1026.999999999975,4.120290308711522,4.118666778200748,-0.0016235305107743514,-0.039403303872586934,28947.46974268122,28963.37533191586,15.905589234640502,0.054946388668950616,-190976.45981851115,-175211.13874060422,-15765.321077906934,8.25511222319706,0.030392
1027.9999999999748,4.120101344486884,4.118439675753799,-0.0016616687330852642,-0.04033077330267001,28945.673351784768,28961.620547817925,15.947196033157525,0.055093539678095736,-151868.80261717355,-137362.4878700296,-14506.314747143944,9.551872733013534,0.030392
1028.9999999999748,4.119949828547292,4.1182594820737455,-0.001690346473546711,-0.04102832665180131,28944.26928173628,28960.256473500103,15.98719176382292,0.05523439409786992,-121492.69304712891,-108146.83460780382,-13345.858439325093,10.98490625617133,0.030392
1029.9999999999748,4.11982845412058,4.118117608990989,-0.0017108451295912985,-0.041527096301306944,28943.138659220775,28959.163563348226,16.02490412745101,0.05536684986424496,-97208.18479104475,-84922.3556118539,-12285.829179190856,12.638677705586248,0.030392
1030.9999999999748,4.1197315273035615,4.11800483216533,-0.0017266951382310936,-0.04191280734648373,28942.208533332076,28958.268514155585,16.05998082350925,0.05548982485221658,-77393.41149475037,-66069.54308739652,-11323.868407353846,14.631566419735806,0.030392
1031.9999999999748,4.119654523666815,4.117916685347236,-0.00173783831957941,-0.04218407901914546,28941.430682325274,28957.522970579605,16.092288254330924,0.055602946623363,-60975.2314301225,-50520.319159436294,-10454.912270686204,17.146162508079225,0.030392
1032.9999999999745,4.119593847254202,4.117847073133355,-0.0017467741208472276,-0.04240161010075035,28940.77155480431,28956.893410894987,16.121856090678193,0.05570637970086145,-47206.35040438157,-37534.36382470859,-9671.98657967298,20.488740385181845,0.030392
1033.9999999999745,4.119546593086659,4.117793703125851,-0.001752889960807913,-0.042550555533212756,28940.206902871792,28956.35570854705,16.14880567525688,0.05580058819017774,-35546.31502770785,-26578.89989843068,-8967.415129277171,25.227411399148398,0.030392
1034.9999999999745,4.119510430190946,4.1177523484568015,-0.0017580817341444899,-0.04267695795257399,28939.718676970493,28955.891993585254,16.17331661476055,0.05588622610775714,-25592.598697016507,-17259.305844570878,-8333.29285244563,32.561339124256634,0.030392
1035.9999999999745,4.119483453255084,4.117721947099276,-0.001761506155808057,-0.042760364880605875,28939.29311824386,28955.488705588024,16.195587344165688,0.05596400464237909,-17038.22835706935,-9276.114163904134,-7762.114193165216,45.557049890956705,0.030392
1036.9999999999745,4.119464123382754,4.117699449778841,-0.0017646736039127475,-0.04283745533542023,28938.919531440933,28955.13535794746,16.215826506526355,0.05603466462840305,-9644.503772804586,-2397.700632752862,-7246.803140051725,75.13920167138242,0.030392
1037.9999999999743,4.1194511690244004,4.1176845001812765,-0.0017666688431239308,-0.042886024633770004,28938.58946493654,28954.82369691247,16.234231975930015,0.05609890556552603,-3222.753444916958,3558.2663670133193,335.5129220963613,-10.410753656180068,0.030392
1038.9999999999743,4.119443557918253,4.1176748157680585,-0.0017687421501948464,-0.04293643365485687,28938.29614599493,28954.547139930553,16.250993935624138,0.05615739728986526,2378.2403306441133,8737.239605055582,6358.999274411468,267.3825345771183,0.030392
1039.9999999999743,4.119440427780536,4.11767044170485,-0.0017699860756863472,-0.04296666274744448,28938.034081186932,28954.3003640028,16.26628281586818,0.05621073902336422,7281.144617098803,13256.861556804895,5975.7169397060925,82.0711200499014,0.030392
1040.9999999999743,4.119441075802214,4.117669610195547,-0.0017714656066676326,-0.04300257180696922,28937.79876758599,28954.07902433764,16.280256751648267,0.05625948567271198,11586.514872636075,17213.18684155454,5626.671968918465,48.562246980815615,0.030392
1041.9999999999743,4.119444908153249,4.117672588855688,-0.0017723192975607205,-0.04302325524618444,28937.58647965938,28953.879533328105,16.293053668723587,0.05630412087122813,15377.548402398344,20685.54461616229,5307.996213763945,34.517831287958025,0.030392
1042.999999999974,4.119451439419605,4.117677966645274,-0.001773472774331708,-0.04305118777129158,28937.39410961204,28953.698909396477,16.30479978443691,0.056345086646972804,18723.647338704355,23739.886576843193,5016.239238138838,26.790929926187946,0.030392
1043.999999999974,4.119460254425836,4.117686127720933,-0.0017741267049027343,-0.043066969829279475,28937.21904570577,28953.534649339934,16.31560363416429,0.056382763002879144,21683.134746963344,26431.591065759647,4748.456318796303,21.899307338212754,0.030392
1044.999999999974,4.119471013206465,4.11769591649905,-0.001775096707414825,-0.04309040412528953,28937.059078547376,28953.38464278293,16.32556423555434,0.05641749630202529,24305.347257088997,28807.362516144476,4502.015259055479,18.52273580556395,0.030392
1045.999999999974,4.119483421155308,4.117707771047983,-0.0017756501073247222,-0.04310370805732583,28936.91232780345,28953.24709388784,16.33476608439014,0.05644958210933655,26632.271596185303,30906.948236267748,4274.676640082445,16.050739887673465,0.030392
1046.999999999974,4.119497236940791,4.117720724656679,-0.0017765122841124636,-0.04312449267308483,28936.7771845179,28953.12047101854,16.343286500639806,0.05647929068405028,28699.833136989648,32764.260007290228,4064.42687030058,14.161848436192342,0.030392
1047.999999999974,4.119512248460362,4.117735232520015,-0.0017770159403465158,-0.043136561640535545,28936.65226503918,28953.003456229068,16.351191189885867,0.056506851726041314,30538.924945518538,34408.479503908646,3869.5545583901076,12.670893180730477,0.030392
1048.9999999999739,4.11952828216917,4.117750471835942,-0.0017778103332277695,-0.04315567733623253,28936.536374115643,28952.894914792403,16.35854067675973,0.05653247667676218,32176.23233672786,35864.74056301202,3688.5082262841606,11.463455968627747,0.030392
1049.9999999999739,4.119545183207166,4.117766893674886,-0.0017782895322806525,-0.04316713261283399,28936.428474888868,28952.793861162583,16.365386273715558,0.05655634484372353,33634.90310220263,37154.8723390099,3519.9692368072647,10.465227820373158,0.030392
1050.9999999999739,4.11956282523998,4.117783787901781,-0.001779037338198286,-0.043185100304779324,28936.32766451115,28952.69944017042,16.371775659270497,0.05657862272326145,34935.0923293573,38297.823107278804,3362.7307779215043,9.625653043131283,0.030392
1051.9999999999739,4.11958109367657,4.117801589589077,-0.0017795040874926116,-0.04319623881719662,28936.233154013033,28952.61090320689,16.37774919385629,0.056599451306207534,36094.41205091441,39310.178856783976,3215.7668058695635,8.90932037162272,0.030392
1052.9999999999739,4.11717969494204,4.115472790329863,-0.0017069046121767073,-0.04145810332917073,28936.144251749432,28952.527596496824,16.383344747391675,0.05661896279218737,37128.30114403553,40206.42992229132,3078.1287782557847,8.290518777884536,0.08803999999849262
1053.9999999999736,4.094705654045663,4.093721599203085,-0.0009840548425783524,-0.024032370717687206,28935.672957516894,28952.062707581816,16.389750064921827,0.056642021386491055,45668.92896664424,48595.16646212063,2926.2374954763873,6.407501909260141,0.6362499999855407
1054.9999999999736,4.061254236953881,4.0616671473775865,0.0004129104237051706,0.010167066615727844,28931.326208068003,28947.73526045661,16.40905238860796,0.05671724922182105,129970.99694614831,132494.0841866361,2523.0872404877737,1.9412694368522696,1.5646999999755118
1055.9999999999736,4.034512459556287,4.036346556638692,0.0018340970824048952,0.04546019130664943,28919.140532162055,28935.616254211105,16.47572204905009,0.056971686384409755,363663.37266281975,364867.7001593444,1204.3274965246674,0.33116546428812116,2.4621999999763284
1056.9999999999736,4.0114163557785645,4.014653690710064,0.0032373349314998023,0.08070303963427594,28900.239143283095,28916.893777639736,16.6546343566406,0.057628015720110115,716891.3077291189,714634.7986657263,-2256.5090633925283,-0.31476306645988267,3.361799999976273
1057.9999999999736,3.9959783300092546,4.000117101235765,0.004138771226510407,0.103573415186684,28877.155181214417,28894.19795163909,17.0427704246722,0.05901817654032315,1.1350925495275883e6,1.1254380093231888e6,-9654.540204399498,-0.8505509271836557,3.9992999999831857
1058.9999999999734,4.030532019921978,4.031557620749071,0.0010256008270932426,0.0254457928140488,28852.309805006487,28870.008478872955,17.69867386646729,0.06134231188449319,1.5694561932189558e6,1.5475128455653999e6,-21943.347653555917,-1.3981497380025685,2.41150000004224
1059.9999999999734,4.023628763725025,4.0250248356654525,0.0013960719404275679,0.03469683766588601,28840.21834714881,28858.425934774954,18.20758762614423,0.0631326275237589,1.7358205650992268e6,1.7050780412650835e6,-30742.5238341433,-1.7710657686778777,2.616799999994538
1060.9999999999734,4.005730056803049,4.008547206738577,0.0028171499355273966,0.07032800252585539,28836.447865319107,28854.97849466845,18.530629349341325,0.06426113727976761,1.738505500761341e6,1.7029268105068046e6,-35578.69025453646,-2.0465100765545774,3.325899999981136
1061.9999999999734,4.023561260324368,4.024921247944656,0.0013599876202876615,0.03380059435650355,28824.11700713723,28843.15395668283,19.036949545599782,0.06604521325279794,1.9170097155735567e6,1.8730547870763517e6,-43954.92849720502,-2.2928902310781454,2.53500000002104
1062.9999999999734,4.028654091065736,4.029625895273256,0.0009718042075199662,0.024122304510459627,28814.520787154746,28833.958509137785,19.4377219830385,0.06745807826067912,2.0362932360054879e6,1.9863386201050847e6,-49954.61590040312,-2.4532132709136243,2.3014000000062147
1063.9999999999732,4.035860237589248,4.036469996994444,0.0006097594051954758,0.01510853620539905,28811.771073461692,28831.415721637328,19.644648175635666,0.06818271645136806,2.0195652645208454e6,1.9675586415004083e6,-52006.62302043708,-2.5751395081939075,2.0174000000076195
1064.9999999999732,4.033414185115419,4.034275108958023,0.0008609238426044996,0.021344791362652077,28809.835765572032,28829.631688346133,19.7959227741012,0.06871237633974114,1.9929048615854757e6,1.9398582704110714e6,-53046.59117440437,-2.6617723804538573,2.086599999998143
1065.9999999999732,4.025512769823527,4.026963031064515,0.0014502612409881266,0.036026745508292206,28807.31817686633,28827.228859349252,19.910682482921402,0.06911675137781706,1.9825605460341389e6,1.9290985455519492e6,-53462.0004821897,-2.6966137598740003,2.3605999999926484
1066.9999999999732,4.060414490301812,4.059878796970831,-0.0005356933309812462,-0.013193070122785122,28801.53382802141,28821.608701775665,20.07487375425626,0.06970071064314338,2.0393072089784497e6,1.9843625724515028e6,-54944.63652694691,-2.694279522233942,1.1888000000314396
1067.9999999999732,4.039535381164817,4.040227122507038,0.0006917413422211638,0.017124279823034928,28802.166512117696,28822.267933169216,20.101421051520447,0.06979135074114423,1.9683220485000573e6,1.9145964336048546e6,-53725.614895202685,-2.729513441976826,1.835799999982641
1068.9999999999732,4.044679566280165,4.0451985111347675,0.0005189448546021325,0.012830308213498325,28803.59203035145,28823.671404408116,20.079374056665984,0.06971135417939393,1.8880394824118265e6,1.836331561508353e6,-51707.920903473394,-2.7387097243019762,1.663300000004628
1069.999999999973,4.050309969973695,4.0505369389958625,0.00022696902216789994,0.005603744499815998,28799.74891317029,28819.87231614393,20.123402973640623,0.06987353616974791,1.9168765695895927e6,1.8657182169797707e6,-51158.35260982206,-2.6688391637430873,1.476800000005046
1070.999999999973,4.105566277348765,4.103613141128391,-0.0019531362203739633,-0.047572882482735904,28798.909103424565,28819.016761193645,20.107657769080106,0.06982090084339009,1.8849830973961474e6,1.8354957369955827e6,-49487.360400564736,-2.6253477004077608,-0.014497999959649253
1071.999999999973,4.117886710676654,4.115726873310967,-0.002159837365686812,-0.0524501405074329,28808.18693555502,28828.191941728554,20.00500617353464,0.06944208678694906,1.6566848997225184e6,1.6104618005239423e6,-46223.09919857606,-2.790096004757336,-0.3105199999919904
1072.999999999973,4.118728293060708,4.116832393672645,-0.0018958993880628938,-0.046031183733511435,28823.967240138674,28843.805139898355,19.837899759681022,0.06882432107421997,1.3140614297126292e6,1.2721801377573174e6,-41881.29195531178,-3.187163933764555,-0.306490000000109
1073.999999999973,4.084011595418024,4.083479989904743,-0.0005316055132809083,-0.013016748382333994,28834.616631732333,28854.289598632662,19.672966900328902,0.06822690640068685,1.0900538609778513e6,1.0522469708725638e6,-37806.890105287544,-3.468350643827107,0.583619999975916
1074.9999999999727,4.131268072850415,4.129092940731159,-0.00217513211925624,-0.052650471499310944,28835.915227523954,28855.423888174297,19.50866065034279,0.067654036629022,1.0581154574265038e6,1.0241887624435734e6,-33926.69498293032,-3.2063320448455745,-0.5847399999681215
1075.9999999999727,4.180944730711988,4.176367899730421,-0.004576830981567248,-0.10946882287027611,28840.41632372617,28859.76697627225,19.3506525460798,0.06709560752824703,960015.7577605135,929689.9962041483,-30325.761556365178,-3.158881644516743,-2.045399999960146
1076.9999999999727,4.185518053246408,4.181023225502379,-0.004494827744029095,-0.10738999776963756,28861.68806691253,28880.84054375707,19.152476844537887,0.06635951715691422,534611.6155720926,508549.9419916113,-26061.673580481263,-4.874879785878284,-2.146199999997249
1077.9999999999727,4.145488630765413,4.1434573564001465,-0.002031274365266178,-0.0489996366216334,28884.7358062809,28903.606321901912,18.8705156210126,0.06533040754663667,95874.3642591857,75565.20173767455,-20309.162521511156,-21.183100068969,-0.8423500000355754
1078.9999999999727,4.141380845861589,4.139545410729896,-0.0018354351316922646,-0.04431939973659712,28892.17371992421,28910.769741847347,18.596021923138323,0.06436352661937098,-17201.28820917478,-32141.477110654792,14940.18890148001,-86.85505829447848,-0.6952400000040139
1079.9999999999725,4.196531190247006,4.191691831843403,-0.004839358403603278,-0.11531806113702292,28890.808251262413,28909.197080266065,18.388829003652063,0.06364941002593288,40506.507046884966,29419.847229446445,-11086.659817438522,-27.37007119524296,-2.382999999953566
1080.9999999999725,4.198157367978713,4.1934095029953555,-0.004747864983357886,-0.11309402119063106,28903.648399175123,28921.721417892542,18.073018717419473,0.06252850321115605,-191027.32097286778,-196215.10761481334,5187.786641945568,-2.7157301979241,-2.3886999999998433
1081.9999999999725,4.182313724365384,4.178883294942488,-0.003430429422896175,-0.08202228835467625,28923.72934657093,28941.397467113526,17.668120542595716,0.061085209071389576,-555050.6647987717,-552803.2183478181,-2247.4464509536047,0.40490834323536834,-1.7567000000173876
1082.9999999999725,4.1422943136078425,4.1407632335653055,-0.001531080042536992,-0.036962125977076134,28933.25487323547,28950.602821672488,17.347948437018204,0.05995850972531202,-695638.4123578068,-687907.4916165596,-7730.920741247246,1.1113418413804885,-0.5699000000326514
1083.9999999999725,4.12472446418846,4.123610201239658,-0.0011142629488016809,-0.02701423958075009,28930.38256199065,28947.577902485053,17.195340494403354,0.059436962015825386,-591844.6423370684,-582070.9979195105,-9773.644417557982,1.6513868198525783,-0.12297000001229602
1084.9999999999723,4.126641525214629,4.125237950329315,-0.0014035748853142849,-0.034012522695226935,28921.412494414337,28938.56696165818,17.1544672438431,0.059314071355111665,-380460.07329598133,-370792.25220579846,-9667.821090182872,2.5410869020838693,-0.17031999999868652
1085.9999999999723,4.123889662033598,4.122426189735301,-0.0014634722982966863,-0.03548766863890849,28915.832569484555,28932.95764429724,17.125074812684034,0.059223869039677794,-250993.07858138252,-241520.97410563618,-9472.104475746339,3.773850868431451,-0.10805000000172733
1086.9999999999723,4.121466644992081,4.1199891295668065,-0.0014775154252744116,-0.03584926320026668,28913.14873605834,28930.261003784926,17.112267726584832,0.05918507141093103,-186000.67505587498,-176951.39680213822,-9049.27825373676,4.865185704846684,-0.05242700000154296
1087.9999999999723,4.121216502697942,4.1196732231065605,-0.0015432795913818964,-0.03744718556697016,28910.84029246961,28927.950103453124,17.109810983514762,0.05918129950713105,-131387.4389902353,-122876.6658578078,-8510.773132427494,6.477615514722084,-0.049051000000093645
1088.9999999999723,4.114150481065323,4.112764975485366,-0.0013855055799574245,-0.0336765897682639,28909.10739117076,28926.2194253161,17.11203414533884,0.0591925371952684,-90583.64507450473,-82626.86367198269,-7956.781402522043,8.783905081295435,0.11818999999536081
1089.9999999999723,4.105691868163693,4.10451156231786,-0.0011803058458328408,-0.028748037693358194,28906.877366317585,28923.99795632024,17.120590002654353,0.05922670161047328,-41694.10904472783,-34351.68785521218,-7342.421189515655,17.610212468238593,0.319489999994416
1090.999999999972,4.105165498867599,4.103926029676461,-0.001239469191138376,-0.030192916497039667,28903.03603844566,28920.173397816583,17.13735937092133,0.059292592474112074,36658.41816532916,43283.00617850299,6624.58801317383,18.071123481916196,0.3262599999998107
1091.999999999972,4.118457945832595,4.116744897035278,-0.0017130487973169295,-0.04159442247189479,28899.314953336627,28916.477259899224,17.162306562597223,0.059386551516217564,108831.42570286214,114633.78205057837,5802.356347716239,5.331508165259333,-0.0015534999908320523
1092.999999999972,4.113355516579787,4.111792584418133,-0.0015629321616543734,-0.03799652510838488,28898.960609874932,28916.14925344443,17.1886435694978,0.05947841447150299,111780.38858762373,116789.37006418742,5008.981476563684,4.481091486488423,0.11818999999665114
1093.999999999972,4.123775763596653,4.121903791119773,-0.0018719724768798685,-0.045394623379016646,28899.507930251624,28916.71944597987,17.211515728246013,0.059556431790415455,98206.26535461286,102538.65457410835,4332.389219495497,4.411520185450164,-0.13223999999299624
1094.999999999972,4.129801743954232,4.127752640208848,-0.002049103745384251,-0.049617484625842125,28900.30759460046,28917.532251143264,17.22465654280313,0.059600253341321775,81203.12633437337,85087.80486706259,3884.678532689213,4.783902674748157,-0.2764199999959677
1095.9999999999718,4.1405210725522865,4.138164665120054,-0.0023564074322326434,-0.056910890946875785,28903.25352552365,28920.478203721505,17.22467819785379,0.05959425357648115,23246.698202967225,26963.966221885712,3717.2680189184866,15.990520401921044,-0.5345999999927207
1096.9999999999718,4.123488429997441,4.121734970140732,-0.0017534598567090498,-0.04252370017466346,28907.55191745765,28924.761295844935,17.209378387284232,0.059532465552336385,-57964.754432240916,-54106.7981465568,-3857.956285684115,6.6556933147952035,-0.1093300000119902
1097.9999999999718,4.128275495001359,4.126384091017233,-0.0018914039841266828,-0.04581583730099534,28909.078053818364,28926.267757515157,17.189703696793003,0.059461265643933454,-80603.61065593768,-76527.7738902639,-4075.836765673783,5.056642912774448,-0.2176999999969446
1098.9999999999718,4.1235448470199385,4.121772071316859,-0.0017727757030794322,-0.04299154656607183,28908.449696984633,28925.622272284676,17.17257530004281,0.059403307614361744,-60845.60310439473,-56611.48416617043,-4234.118938224303,6.958791962271606,-0.10100000000329029
1099.9999999999718,4.119033883252492,4.117388813826854,-0.001645069425638468,-0.039938234844999136,28908.618460644608,28925.776816938815,17.158356294206897,0.05935377478368884,-58900.90291613184,-54568.77331114156,-4332.129604990281,7.354946003389353,0.009849799996874664
1100.9999999999716,4.11817233726967,4.116523153282795,-0.0016491839868750802,-0.04004650247270811,28907.45167243981,28924.604736418038,17.1530639782286,0.05933786268189883,-31204.97798000048,-26949.04714455404,-4255.930835446441,13.638627907938602,0.03096299999939993
1101.9999999999716,4.1173503777095934,4.115698668121794,-0.0016517095877990329,-0.04011583752359324,28906.162505091244,28923.314705532684,17.152200441440073,0.05933752167351531,-3022.9832371544785,1080.8216261371556,-1942.161611017323,64.2465226782227,0.04999799999945899
1102.9999999999716,4.113798571828047,4.112234435430719,-0.0015641363973282196,-0.03802170597363898,28905.235404447023,28922.391543268826,17.156138821803324,0.05935304999856144,16452.64523461096,20323.520802237508,3870.8755676265464,23.527375157178344,0.13433999999760285
1103.9999999999716,4.099678274340937,4.098535600899769,-0.0011426734411674744,-0.027872271058908164,28903.957030578247,28921.12133134208,17.164300763834035,0.05938391323262581,41966.022336355345,45537.252034439145,3571.2296980838,8.509812222517997,0.4761999999902838
1104.9999999999716,4.063499737613037,4.063784531322869,0.00028479370983269803,0.007008581966834095,28900.28881229951,28917.470439178338,17.181626878827956,0.05945140199261858,113294.94980702961,116404.07200124227,3109.1221942126576,2.7442725377506156,1.4559999999721525
1105.9999999999714,4.040544998794302,4.0419642691215865,0.0014192703272843943,0.03512571516238291,28889.367424166703,28906.602375311937,17.234951145233936,0.05965845804853607,323538.2531928665,325501.413200755,1963.1600078885094,0.6067783294602377,2.1960999999787965
1106.9999999999714,4.026297982920255,4.0283945096363665,0.002096526716111491,0.05207082846339381,28871.781846940605,28889.15452482197,17.372677881365234,0.06017182442519088,653648.8498144017,652865.6456023635,-783.2042120381957,-0.11982033048181455,2.69139999998581
1107.9999999999714,4.058240717657999,4.058081478821441,-0.00015923883655855064,-0.0039238391124922474,28852.951625721907,28870.591305032347,17.639679310439533,0.06113648107569718,992010.5528075085,986081.1735513484,-5929.379256160115,-0.5977133246596281,1.5118000000337946
1108.9999999999714,4.080493409738208,4.079256922518909,-0.0012364872192991427,-0.030302394714037093,28844.254578187352,28862.13548211616,17.88090392880622,0.061991215201408406,1.1168109301089158e6,1.1065021164218097e6,-10308.813687106129,-0.923058094184373,0.8399500000192479
1109.9999999999714,4.039840536038493,4.04080316227649,0.0009626262379978101,0.02382832266299726,28847.558233080486,28865.549447271373,17.99121419088624,0.062366506189265945,1.0052174623453676e6,993280.7676193436,-11936.694726024056,-1.1874738723871179,2.071199999964726
1110.9999999999711,4.01286473955973,4.015677161182827,0.002812421623096917,0.0700851338289932,28842.503681286777,28860.66457611853,18.160894831751648,0.06296573637445547,1.0698856819954982e6,1.055155602808107e6,-14730.079187391326,-1.3767900099305475,3.10249999997022
1111.9999999999711,4.0099545981184015,4.012709152161831,0.0027545540434292803,0.06869289853610325,28823.787221823626,28842.301805521307,18.51458369768079,0.06423369543771358,1.4016106764607849e6,1.3805558428645164e6,-21054.833596268436,-1.5021884429015708,3.1751999999979006
1112.9999999999711,4.038584234521592,4.039089632094038,0.0005053975724464976,0.012514226350075541,28805.068992404536,28824.045969548493,18.9769771439569,0.06588068630893001,1.7165825741458172e6,1.6873518311572357e6,-29230.742988581536,-1.7028451429507812,2.0008000000339123
1113.9999999999711,4.078484142357266,4.077021415056124,-0.0014627273011420527,-0.035864484207523036,28798.31629304426,28817.599901865833,19.28360882157358,0.0669608897455967,1.783519988216339e6,1.749529622473692e6,-33990.365742646856,-1.9058023440847394,0.7628900000357464
1114.9999999999711,4.084334651151935,4.0829093168535024,-0.0014253342984327233,-0.034897588473332505,28805.625127921045,28824.9404114187,19.31528349765358,0.06705385983424272,1.5769895456838005e6,1.54375984560594e6,-33229.70007786038,-2.1071604544754043,0.6052900000045509
1115.9999999999711,4.084505925527018,4.083327505597974,-0.0011784199290438835,-0.028850978564606528,28815.1847490308,28834.44201913569,19.257270104892086,0.06683028504802421,1.343178119223574e6,1.3122787336770652e6,-30899.38554650871,-2.300468203306509,0.6083599999999114
1116.999999999971,4.072114875599613,4.071563232580024,-0.0005516430195893207,-0.013546843260606492,28819.919329342705,28839.126810011898,19.20748066919259,0.06664654557043362,1.218820402084902e6,1.1898684346987298e6,-28951.967386172153,-2.375408824519774,0.9458299999901782
1117.999999999971,4.043347136534799,4.044275619713659,0.0009284831788596293,0.022963231884545816,28820.07938109655,28839.249175666857,19.169794570305385,0.06651541210840345,1.1902088937945778e6,1.1628165177692398e6,-27392.37602533796,-2.3014763347975538,1.820699999974538
1118.999999999971,4.057816125020717,4.057881555516348,6.543049563045855e-5,0.0016124559027455806,28812.337688232823,28831.54655883139,19.208870598566136,0.06666890693291848,1.3169933977241528e6,1.2895467731631303e6,-27446.6245610225,-2.084036610088706,1.3514000000136583
1119.999999999971,4.039357035764103,4.04036431025833,0.0010072744942277723,0.024936505619816588,28805.29987887914,28824.563432108473,19.263553229331592,0.06687503101974708,1.4216500614912787e6,1.393843495250305e6,-27806.56624097377,-1.9559360629018165,1.9314999999831168
1120.999999999971,4.042498301626203,4.043284566483148,0.0007862648569449959,0.019449973711274035,28799.582817726765,28818.924517812447,19.341700085682533,0.06715965369393233,1.4953598063118593e6,1.4667425358632926e6,-28617.270448566647,-1.9137381068940191,1.8103000000035274
1121.9999999999707,4.052280792883267,4.052462529056308,0.0001817361730411804,0.00448478726746554,28791.90238748616,28811.361208912975,19.45882142681512,0.06758435467352973,1.6052692029012213e6,1.5751056722542671e6,-30163.530646954197,-1.8790325381212885,1.477000000009776
1122.9999999999707,4.093206177437079,4.091698145679361,-0.0015080317577176316,-0.036842311194347686,28788.927291503893,28808.45601272025,19.528721216356644,0.06783413990600444,1.6182378677052923e6,1.587523553790453e6,-30714.31391483941,-1.8980098369835572,0.3391100000333757
1123.9999999999707,4.093387413614755,4.092039095025307,-0.0013483185894473948,-0.032938944038446945,28794.926980257173,28814.44130964694,19.514329389767227,0.06777002561300796,1.4564643559838084e6,1.4268558265640032e6,-29608.529419805156,-2.0329044990466154,0.337370000000051
1124.9999999999707,4.071806590882537,4.071458504906684,-0.00034808597585289647,-0.008548686389778919,28803.99649573853,28823.440788279415,19.444292540883907,0.0675055371005917,1.2454333712483428e6,1.2179336095983847e6,-27499.76164995809,-2.20804759891684,0.912349999983135
1125.9999999999707,4.058049380836181,4.058350782552865,0.0003014017166842464,0.0074272560138768234,28804.555405815696,28823.94750879949,19.392102983794757,0.06732304217366762,1.213394317086923e6,1.1875222033745877e6,-25872.11371233524,-2.132209896486754,1.3118999999882808
1126.9999999999704,4.057159995032529,4.057434275596431,0.0002742805639019963,0.006760407877377713,28798.891089661658,28818.25760797516,19.36651831350173,0.06724744453946702,1.3031586441133053e6,1.2783094009054503e6,-24849.243207854917,-1.9068471302481234,1.334299999999338
1127.9999999999704,4.070097547724215,4.06971911208711,-0.0003784356371046016,-0.009297950053216856,28793.167867476193,28812.5356429977,19.3677755215067,0.06726517766523321,1.3873907863377668e6,1.36299754221573e6,-24393.244122036733,-1.7582100416297621,0.9530800000112684
1128.9999999999704,4.055617349721592,4.055921437535857,0.0003040878142650527,0.007497941448690359,28791.682143198363,28811.04836248959,19.366219291227026,0.06726324358162597,1.3836498026056783e6,1.359761799818845e6,-23888.002786833327,-1.7264486101792254,1.3680999999877328
1129.9999999999704,4.068897499416211,4.068588235822328,-0.00030926359388327995,-0.007600673006082159,28789.470213294153,28808.846242943237,19.376029649083648,0.06730248769960467,1.3954682975595188e6,1.37184781793042e6,-23620.479629098903,-1.6926561262916437,0.9778100000115364
1130.9999999999704,4.061161248630789,4.061197067146787,3.581851599765429e-5,0.0008819771933392307,28787.164748513438,28806.54784136932,19.38309285588184,0.06733241368232618,1.4089757759798903e6,1.3856746376437608e6,-23301.138336129487,-1.6537642969712811,1.1937999999936155
1131.9999999999702,4.0755234290160605,4.07496192619816,-0.0005615028179004611,-0.013777440558991529,28786.117876213157,28805.499681124486,19.3818049113288,0.06733038819154066,1.3974513817485096e6,1.3746255307409323e6,-22825.851007577265,-1.6333914228212547,0.7894100000120451
1132.9999999999702,4.083284718536787,4.082455616359964,-0.0008291021768229712,-0.02030478484782402,28785.852598496993,28805.22758663182,19.374988134826708,0.0673073276830381,1.3717364140688232e6,1.3494765472999492e6,-22259.866768873995,-1.6227510285920839,0.5836200000061297
1133.9999999999702,4.083437374641765,4.082683076751677,-0.0007542978900874076,-0.018472130729164944,28788.947041859243,28808.289592173798,19.34255031455541,0.06718741844372171,1.2816689453176348e6,1.2604574151590005e6,-21211.530158634298,-1.6549929087481683,0.58362
1134.9999999999702,4.091797103140205,4.09080192466639,-0.0009951784738158054,-0.0243213054980675,28791.34489352596,28810.647686553835,19.30279302787676,0.06704373518938046,1.2104517947121703e6,1.1903848868824237e6,-20066.907829746604,-1.6578031374242586,0.37520000000620796
1135.9999999999702,4.09211559115558,4.09116068013742,-0.0009549110181605869,-0.02333538720715677,28793.883344301677,28813.134661930584,19.25131762890669,0.0668590526630599,1.1396139217148866e6,1.1208751438574155e6,-18738.777857471025,-1.6443093139186107,0.3733300000000557
1136.9999999999702,4.084359744965965,4.083726547126777,-0.0006331978391882487,-0.015502988931586512,28796.698018962266,28815.890807368338,19.192788406071486,0.06664926788978817,1.0661798506665814e6,1.0488551173355475e6,-17324.73333103396,-1.6249353540307896,0.578359999993893
1137.99999999997,4.108370398195679,4.106932032885501,-0.001438365310177936,-0.03501060446764098,28797.023897965897,28816.16011332499,19.136215359092603,0.06645205916728189,1.0444721765613457e6,1.028469992202783e6,-16002.184358562692,-1.532083354412153,-0.018270999982093118
1138.99999999997,4.0931839749089765,4.092291978774287,-0.0008919961346895988,-0.02179223167484024,28800.179585932696,28819.25412715437,19.074541221674735,0.06623063291935721,966698.0830851877,952075.4447372224,-14622.638347965316,-1.5126375653190092,0.3659399999884685
1139.99999999997,4.114732666144698,4.113180469086736,-0.0015521970579612798,-0.037722913829432624,28803.437366189417,28822.44863772,19.011271530584054,0.06600348176811778,890208.5202604993,876952.3678230187,-13256.152437480632,-1.4891064436904649,-0.1584299999842619
1140.99999999997,4.120577456449066,4.118867345221075,-0.0017101112279913622,-0.041501737221682065,28806.5300200433,28825.472598436427,18.942578393125586,0.06575793189927952,819741.4332552137,807916.7988736037,-11824.634381609969,-1.4424834346428057,-0.2937299999959392
1141.99999999997,4.14166009585156,4.139272000767465,-0.0023880950840950987,-0.05766033495812713,28813.222164661875,28832.084989553052,18.862824891177297,0.06546586419033587,680689.7836886783,670470.7110988741,-10219.072589804186,-1.5012819105976185,-0.8199399999842067
1142.9999999999698,4.150716563982125,4.148061872739695,-0.0026546912424301183,-0.06395742039979849,28821.960624959604,28840.724146684683,18.763521725079045,0.06510147581296039,507505.2116767534,499225.1218371852,-8280.089839568245,-1.6315280413006092,-1.0449999999931938
1143.9999999999698,4.184099720401362,4.179817930737605,-0.004281789663757252,-0.10233479003570495,28832.89071485376,28851.522158570217,18.631443716458307,0.06461871582948843,298455.7862049263,292692.4397192421,-5763.346485684218,-1.931055369697868,-2.0565999999694085
1144.9999999999698,4.163810382443659,4.160907746222557,-0.002902636221101318,-0.06971105680844711,28848.66877606601,28867.080897818247,18.412121752237,0.06382312437068992,2517.9130041765948,893.315047908329,-1624.5979562682658,-64.52160791788516,-1.3474000000214466
1145.9999999999698,4.19173951224502,4.187400058335887,-0.004339453909133262,-0.10352394027483662,28861.38357425385,28879.55972592222,18.17615166836913,0.06297740931790737,-220599.32296533656,-217935.8475861059,-2663.4753792306583,1.207381483962749,-2.2156999999737423
1146.9999999999698,4.157993885918623,4.155627790696508,-0.00236609522211495,-0.05690473067139226,28872.34936789222,28890.240875956035,17.8915080638144,0.061967621116800514,-402533.15956852457,-394787.49427782104,-7745.665290703531,1.9242303662650087,-1.0891000000340691
1147.9999999999695,4.169100746283707,4.166262817289857,-0.0028379289938502694,-0.06807053047062894,28879.79267105494,28897.441489596014,17.648818541074434,0.06111130624134688,-510881.1212478408,-499072.6092296011,-11808.512018239708,2.311401131714772,-1.373399999991338
1148.9999999999695,4.188887946699601,4.184909506683108,-0.003978440016492613,-0.0949760429764468,28881.489722228107,28898.98888967059,17.49916744248185,0.060589559648005054,-505899.8103490641,-491974.96453842445,-13924.845810639672,2.7524908145412654,-1.981799999981463
1149.9999999999695,4.173624214850667,4.17061502253657,-0.003009192314097575,-0.07210022175427801,28891.21150544272,28908.464128826636,17.252623383916216,0.05971581835765541,-664102.6782390221,-646158.4178025135,-17944.260436508688,2.7020310299140573,-1.4462000000163187
1150.9999999999695,4.1560113169287325,4.153856028969332,-0.0021552879594004537,-0.05185953057012363,28898.99373620866,28916.037895607606,17.04415939894534,0.05897838365766368,-778326.0997278584,-757243.4423984232,-21082.657329435227,2.708717764547119,-0.9087500000163751
1151.9999999999695,4.135507432783006,4.1339775594127275,-0.001529873370278878,-0.03699360707591193,28898.650133965715,28915.60248509175,16.952351126034046,0.058661394381564154,-730414.0525300398,-708556.9633804624,-21857.089149577427,2.992424512352671,-0.37002000001641405
1152.9999999999693,4.119511304743667,4.118302424880793,-0.0012088798628742126,-0.029345225038760615,28893.84102948996,28910.767829964214,16.926800474255288,0.058582728606346474,-601677.9510476666,-580286.4383636304,-21391.512684036163,3.555309388816455,0.01821499998808295
1153.9999999999693,4.118758313445746,4.117399363151978,-0.001358950293768757,-0.032994174223149826,28886.672502314337,28903.612913595673,16.9404112813354,0.05864438446476718,-436338.67883054074,-416075.84054247994,-20262.838288060797,4.643832708658451,0.03039199999962622
1154.9999999999693,4.11841381713414,4.116934196524796,-0.0014796206093441455,-0.0359269533136367,28880.796183920418,28897.765606551337,16.969422630918416,0.058756768763758176,-306420.6260466264,-287471.7439866345,-18948.88205999194,6.183944698653735,0.030392
1155.9999999999693,4.118136446151374,4.116585184678273,-0.0015512614731010288,-0.037669015910115566,28877.401514575686,28894.410282969522,17.008768393836363,0.05889992693854845,-231735.64032438674,-214198.5691978096,-17537.071126577153,7.567705641665011,0.030392
1156.9999999999693,4.117915286500229,4.1163148825849545,-0.0016004039152743843,-0.03886442056059269,28875.05978018621,28892.112278725737,17.052498539527733,0.05905614973385785,-180432.2735196872,-164298.39275850364,-16133.880761183565,8.94179319833443,0.030392
1157.999999999969,4.117738411761253,4.116101690740737,-0.001636721020515708,-0.0397480572306594,28873.299984042464,28890.395246377728,17.095262335264124,0.05920785758715575,-142070.75370411074,-127238.80611472497,-14831.947589385774,10.439831705458616,0.030392
1158.999999999969,4.11759684179887,4.115934169077659,-0.0016626727212116776,-0.04037968711102128,28871.91810352477,28889.054108636603,17.136005111831764,0.059351807006337236,-112124.31075962556,-98486.6044047029,-13637.706354922659,12.16302357849892,0.030392
1159.999999999969,4.11748372957273,4.11580092324012,-0.0016828063326101983,-0.04086977491917916,28870.802061642255,28887.97622650471,17.174164862455655,0.059486275531199215,-88103.38025745287,-75552.61777353416,-12550.762483918705,14.245494834867028,0.030392
1160.999999999969,4.1173936741060855,4.115696637848585,-0.001697036257500173,-0.04121627397867442,28869.882426905733,28887.091905002322,17.20947809658901,0.05961048902835285,-68463.93625215584,-56897.0096098524,-11566.926642303435,16.894919099746048,0.030392
1161.999999999969,4.117322426027507,4.115613817788972,-0.0017086082385349144,-0.04149804318782538,28869.11291485923,28886.354791251844,17.24187639261436,0.05972430272957846,-52175.64790699605,-41495.85286795859,-10679.79503903746,20.468926534605515,0.030392
1162.999999999969,4.1172665603804495,4.115549984184968,-0.0017165761954816006,-0.041692131668127484,28868.4610710396,28885.73250278899,17.271431749388285,0.059828030690263295,-38515.42400157709,-28633.904223050922,-9881.51977852617,25.65600674192643,0.030392
1163.9999999999688,4.117223350009045,4.1154998383682875,-0.001723511640757458,-0.04186101880418199,28867.903274068787,28885.20157423363,17.298300164842658,0.059922260375526566,-26956.595719727837,-17792.889613487678,-9163.706106240159,33.99430032455403,0.030392
1164.9999999999688,4.11719056711025,4.115462448218595,-0.0017281188916555834,-0.041973254904946154,28867.42182757731,28884.744505521074,17.322677943764575,0.060007707121306084,-17104.36852298436,-8586.277522950913,-8518.091000033448,49.80067512335858,0.030392
1165.9999999999688,4.117166425901648,4.1154338943655135,-0.0017325315361347293,-0.04208067775048247,28867.003164331163,28884.34794700281,17.34478267164741,0.06008515180085989,-8655.924156255507,-719.1671357180927,-7936.757020537414,91.69161925710311,0.030392
1166.9999999999688,4.117149450122226,4.115414104203235,-0.0017353459189912712,-0.042149208815816824,28866.636683637702,28884.001511472743,17.36482783504107,0.06015535521283595,-1374.5699825336453,6037.933246566366,4663.3632640327205,-339.25979202871,0.030392
1167.9999999999688,4.11713845114125,4.115400070871829,-0.0017383802694217465,-0.0422230218889014,28866.313970535943,28883.696993700094,17.383023164151382,0.06021906081217838,4927.637472864089,11866.356934332583,6938.719461468494,140.81229594667207,0.030392
1168.9999999999686,4.10990953719279,4.108381198334763,-0.0015283388580265012,-0.037186678786862284,28866.02825440999,28883.42781305881,17.399558648819948,0.06027694040714361,10401.949239807587,16911.563062757978,6509.61382295039,62.5807112962878,0.2039999999945526
1169.9999999999686,4.076797113674268,4.076402771133714,-0.00039434254055414897,-0.009672851740192253,28864.607857174648,28882.025895158127,17.418037983479735,0.06034392730941006,38106.33424897321,44158.79755177849,6052.463302805278,15.883089838189731,1.0485999999734985
1170.9999999999686,4.047225731561288,4.048205783046588,0.0009800514852997821,0.024215389758399024,28856.965180867108,28874.424223494738,17.45904262762997,0.0605020053848412,186778.50050785032,191942.66935251988,5164.1688446695625,2.7648625674947596,1.9452999999718639
1171.9999999999686,4.022306026795136,4.024684958478922,0.0023789316837854457,0.05914347809286191,28841.210634759045,28858.778080229862,17.567445470816892,0.06091091561061185,486796.29724753747,489782.31395679567,2986.016709258198,0.61340168899021,2.8435999999718136
1172.9999999999686,4.0004157637409286,4.004182115707542,0.00376635196661379,0.09414901322885856,28820.312095372006,28838.13612537164,17.82402999963233,0.061845374681055346,872516.0803028271,870514.5626551043,-2001.517647722736,-0.2293960756606414,3.744299999971738
1173.9999999999684,3.9804862608410283,3.985613161034236,0.005126900193207717,0.12880085138453576,28795.662037923576,28813.997878318976,18.335840395400737,0.06367570355303043,1.3141196300293005e6,1.3023614764276147e6,-11758.153601685772,-0.8947551906993128,4.648299999971429
1174.9999999999684,3.986431730331651,3.9905310835030248,0.004099353171373554,0.10283264454732073,28768.001227129127,28787.214385018757,19.213157889629656,0.0667865582246675,1.7962018454497594e6,1.7679839995178124e6,-28217.845931947,-1.5709729952360338,4.225300000013369
1175.9999999999684,3.9955057706384,3.9984801724028247,0.002974401764424872,0.0744436858603166,28745.250998659547,28765.45227489484,20.201276235293335,0.07027691717228479,2.162713669034484e6,2.116654294451948e6,-46059.37458253605,-2.1297028470300776,3.6810000000172027
1176.9999999999684,4.054070876325306,4.053033050190454,-0.00103782613485226,-0.025599605100958846,28732.35543613239,28753.33912134773,20.983685215338483,0.07303155239737302,2.32491506423573e6,2.2658186268148026e6,-59096.437420927454,-2.5418751132035116,1.3826000000726408
1177.9999999999684,4.116048077723603,4.112957778923919,-0.0030902987996839215,-0.07507926878718636,28736.382566318982,28757.559553794395,21.176987475413625,0.07369399202053536,2.1555056345827333e6,2.0953563196313397e6,-60149.31495139352,-2.7904967626325567,-0.27031999994775957
1178.9999999999682,4.11650220500966,4.113951614694526,-0.002550590315133938,-0.06196013479672005,28758.270558041113,28779.168361379834,20.897803338721133,0.07266710735106388,1.653093997185843e6,1.6008914494275856e6,-52202.54775825748,-3.157869295220047,-0.2653300000001588
1179.9999999999682,4.19175312120222,4.185947963494775,-0.005805157707444941,-0.1384899716083467,28777.919775134273,28798.584572448242,20.664797313969757,0.07180782167523204,1.2275123705052848e6,1.1816609983478754e6,-45851.37215740932,-3.735308356895448,-2.508799999928585
1180.9999999999682,4.204712821651797,4.198499623040861,-0.006213198610936388,-0.14776749030140823,28803.467706192452,28823.969104352935,20.501398160482495,0.07117684012774234,707928.2980854219,666626.966252982,-41301.33183243987,-5.834112288509798,-2.9489999999859875
1181.9999999999682,4.194325039274432,4.189507622656412,-0.004817416618020154,-0.11485558636756273,28836.611888039934,28856.863588184508,20.251700144573988,0.07022912477791275,63732.933555058466,28422.433524527987,-35310.50003053048,-55.40385176217563,-2.418300000016893
1182.9999999999682,4.182063085957672,4.17837417054572,-0.00368891541195282,-0.08820802881571252,28857.51664218357,28877.33568109594,19.81903891237016,0.06867894822037086,-310658.66671164084,-336696.4020325216,26037.735320880776,-8.381461105364714,-1.884600000016989
1183.9999999999682,4.167144320809383,4.164365119509898,-0.0027792012994849458,-0.0666931856812951,28867.615391837655,28886.97970898605,19.364317148396367,0.06707972544857878,-462441.6244636568,-479244.9372468027,16803.312783145928,-3.633607334252087,-1.3486000000170622
1184.999999999968,4.1492868834530245,4.147261007637592,-0.002025875815432343,-0.04882467451241682,28871.515766548713,28890.53206625418,19.016299705468555,0.06586526270124457,-494208.1137121266,-504283.2067736215,10075.093061494874,-2.0386336812275725,-0.8108700000172395
1185.999999999968,4.128682985559953,4.127257560617809,-0.001425424942143927,-0.0345249307619244,28870.78675248802,28889.57528787657,18.788535388550372,0.06507801657650088,-441151.2529285927,-447086.9021409557,5935.649212363001,-1.3454907297574377,-0.27199000001727636
1186.999999999968,4.116406209295639,4.115198444228031,-0.0012077650676083351,-0.02934027902496524,28866.261640584707,28884.911104916275,18.649464331567287,0.06460644112414943,-322031.15264684195,-325646.7475709181,3615.5949240761693,-1.1227469436912647,0.030606999990298835
1187.999999999968,4.116333641485107,4.114975253489588,-0.001358387995519017,-0.03299994883381058,28860.10749085486,28878.670073216526,18.56258236166468,0.06431917264184397,-180998.20793386985,-183313.59055862547,2315.3826247556135,-1.279229585301513,0.03039200000000689
1188.999999999968,4.11617162446163,4.114710448828676,-0.0014611756329543368,-0.03549841372674662,28855.650801034626,28874.156377431213,18.505576396586548,0.06413155095404408,-82681.99373767097,-84247.94022279077,1565.946485119799,-1.8939389513128464,0.030392
1189.9999999999677,4.116055181639462,4.114534086890452,-0.0015210947490098548,-0.036955159294147,28853.340314109406,28871.81008264449,18.46976853508386,0.0640125834098039,-31940.543298984954,-33130.19998838029,1189.6566893953386,-3.7245975381800878,0.030392
1190.9999999999677,4.115972778931323,4.114409703224816,-0.0015630757065068224,-0.03797585140766314,28851.87095551647,28870.317165089786,18.446209573314263,0.06393418853756294,126.96391538060843,-881.6033793339299,754.6394639533214,594.373182089641,0.030392
1191.9999999999677,4.115916553802197,4.1143226321450115,-0.0015939216571858594,-0.038725801078581826,28850.856960515917,28869.285849977357,18.42888946144012,0.06387640230812254,22068.77046303638,21159.85055617335,-908.9199068630296,-4.118579729602089,0.030392
1192.9999999999677,4.115880689403931,4.114263671690796,-0.0016170177131353825,-0.03928728345547747,28850.125601185806,28868.541391767616,18.415790581810143,0.06383261839613347,37715.371443724034,36857.24677867939,-858.124665044641,-2.2752650502861105,0.030392
1193.9999999999677,4.115860794525475,4.114225936166053,-0.001634858359421898,-0.03972093423559005,28849.582876988825,28867.988377961217,18.405500972392474,0.06379815282207486,49153.42568160358,48319.35547603154,-834.0702055720394,-1.6968709586485708,0.030392
1194.9999999999675,4.115853454722903,4.1142049054817775,-0.0016485492411257852,-0.040053642804849875,28849.17203608126,28867.569096467803,18.397060386541852,0.06376980373486249,57644.08007237043,56821.47129385604,-822.60877851439,-1.4270481504460286,0.030392
1195.9999999999675,4.115856005778282,4.114196466568295,-0.00165953920998696,-0.04032063336659786,28848.85647988305,28867.246294722,18.38981483895259,0.06374538572014532,64001.49630821668,63186.62820059895,-814.8681076177309,-1.2732016509325204,0.030392
1196.9999999999675,4.115786912872185,4.114121093857642,-0.0016658190145433238,-0.04047388870724696,28848.61147742609,28866.994819951273,18.383342525183252,0.06372349164731252,68776.38732454866,67970.47755203216,-805.9097725165047,-1.1717826478926552,0.032303999999937834
1197.9999999999675,4.111734069337905,4.110180571712135,-0.0015534976257702837,-0.0377820549571786,28848.406844205845,28866.78425365208,18.377409446235106,0.06370337726267258,72607.78532760427,71813.85945410743,-793.9258734968462,-1.0934445526945562,0.13033999999681242
1198.9999999999675,4.0982610552107905,4.09710562869626,-0.0011554265145301557,-0.02819309211796239,28847.576281418114,28865.950043788263,18.373762370149052,0.06369256879991105,88617.99090405776,87802.37030062283,-815.6206034349307,-0.9203781253830975,0.45904999998931223
1199.9999999999673,4.067712020659061,4.067688176688128,-2.3843970933690173e-5,-0.0005861764749468894,28844.223398998012,28862.602551199627,18.379152201614488,0.0637186584897028,153370.29739172084,152366.49366246452,-1003.803729256324,-0.6544968265221026,1.2726999999733597
1200.9999999999673,4.03747429342392,4.038972240661415,0.0014979472374943015,0.03710109659234485,28834.71866278991,28853.134431534316,18.415768744405796,0.06386664964472372,335546.0483450416,333758.2130795146,-1787.8352655269555,-0.5328136851394317,2.244499999968182
1201.9999999999673,4.04120065435615,4.042191657676727,0.0009910033205775548,0.024522497280834547,28817.55522612997,28836.094710458703,18.539484328732215,0.06433399427277495,658593.1708492101,654356.8110864437,-4236.3597627663985,-0.6432438036525503,2.0712000000056743
1202.9999999999673,4.070067556658895,4.069328200894131,-0.0007393557647636939,-0.018165687779655153,28801.829529004037,28820.56887925963,18.73935025559331,0.06506305523655154,937121.5636019913,929075.42160365,-8046.141998341307,-0.8586017343806013,1.1183000000311998
1203.9999999999673,4.097842997556928,4.096084403414378,-0.001758594142549974,-0.04291511762647865,28797.824928894945,28816.72279515489,18.89786625994384,0.06562254721182863,974010.2435333317,963161.1161638894,-10849.127369442256,-1.1138617320990205,0.36591000002463464
1204.999999999967,4.1159945947870415,4.113844488664551,-0.0021501061224906692,-0.05223782667775621,28803.408458578484,28822.37510694818,18.966648369696486,0.0658486248145666,826163.7004524317,814384.7536011457,-11778.94685128599,-1.4257400615441576,-0.0807739999852732
1205.999999999967,4.094401780844715,4.093106803487754,-0.0012949773569603806,-0.03162799906493823,28811.963629722286,28830.94424231768,18.980612595394632,0.06587753906441253,632348.218357196,620712.1703651289,-11636.047992067062,-1.840132960648935,0.45676999998227763
1206.999999999967,4.090345303389532,4.089261308066887,-0.001083995322645137,-0.02650131571402704,28815.035582108863,28834.011841099957,18.976258991093346,0.06585540710862639,558471.3562239805,547285.5192419413,-11185.836982039269,-2.002938352589936,0.5650899999964287
1207.999999999967,4.102157000231901,4.10066867015561,-0.0014883300762909002,-0.03628164588061263,28812.566646830943,28831.537419513643,18.970772682700044,0.06584200885410052,596574.384438525,585807.5567412978,-10766.827697227127,-1.8047753939955853,0.2692500000097536
1208.999999999967,4.0662926548514635,4.066173820917324,-0.00011883393413913979,-0.0029224146962801584,28812.734292762216,28831.6946492484,18.960356486182718,0.06580547439034821,579433.5993535048,569144.3665996424,-10289.232753862394,-1.7757397509123505,1.2158999999687896
1209.999999999967,4.041305186877141,4.042455184894821,0.0011499980176798985,0.02845610426587314,28808.215969791996,28827.19683776628,18.980867974285502,0.06588699555081316,655418.5711019366,644964.1264207332,-10454.444681203458,-1.5950791054984446,2.003499999974033
1210.9999999999668,4.034823111154602,4.0361636534565,0.0013405423018975071,0.033224314052119584,28794.19427268047,28813.271953039,19.077680358528596,0.06625530194685543,913746.8798176345,901633.0991733201,-12113.780644314364,-1.3257260748985573,2.2069999999932444
1211.9999999999668,4.024573425796479,4.026389560382219,0.0018161345857397038,0.0451261386883576,28779.54231919058,28798.79455811874,19.252238928162114,0.06689557017494495,1.170335551052045e6,1.1551224218865398e6,-15213.129165505292,-1.2998946457560667,2.5550999999884443
1212.9999999999668,4.038135769850911,4.0389022777883445,0.0007665079374339356,0.018981727735772377,28766.071469682352,28785.58583159343,19.514361911078595,0.06783811940273289,1.3922652769626218e6,1.3723857873095188e6,-19879.489653103054,-1.4278521472913785,2.0142000000179565
1213.9999999999668,4.025168676077607,4.026697036798952,0.001528360721344768,0.03797010372330793,28757.07300106264,28776.837258268606,19.764257205966715,0.06872833408753519,1.5182044214789146e6,1.4941201584082288e6,-24084.26307068579,-1.5863649670592321,2.45519999998536
1214.9999999999668,4.059892324647666,4.059390321362329,-0.0005020032853364498,-0.01236494087019945,28749.507946870584,28769.524714612417,20.016767741832155,0.06962473159131408,1.613979803116627e6,1.5858018400370684e6,-28177.963079558685,-1.7458683823147279,1.2587000000397195
1215.9999999999666,4.070136690341737,4.069242319553876,-0.000894370787861476,-0.02197397423982787,28747.180749501465,28767.354890240615,20.174140739149152,0.07017780600798224,1.6058328839815436e6,1.5755754331088134e6,-30257.45087273023,-1.8842216506184082,0.9504600000103025
1216.9999999999666,4.088859987010226,4.087450728678847,-0.0014092583313791707,-0.034465800635292,28752.677932914346,28772.8550640682,20.177131153854134,0.07017478928721474,1.4483340133671216e6,1.4190524079354415e6,-29281.605431680102,-2.021743959710338,0.4546800000165709
1217.9999999999666,4.108296398478372,4.106421179295961,-0.0018752191824109588,-0.045644690658286025,28758.780312928786,28778.93351704975,20.1532041209648,0.07007669971283426,1.290668131476044e6,1.2627501612965823e6,-27917.97017946164,-2.163063416428658,-0.023866999984005075
1218.9999999999666,4.108815700646039,4.10711032850236,-0.0017053721436788294,-0.04150519925755467,28767.689754368275,28787.774233409837,20.08447904156128,0.0698160999824865,1.0870657189225797e6,1.0612697200993893e6,-25795.99882319034,-2.3729934974637463,-0.023890999999999198
1219.9999999999666,4.071853594095943,4.07157275658754,-0.00028083750840313115,-0.006897043371361301,28775.580213823418,28795.58155732583,20.001343502412055,0.06950804589790224,914073.3690330177,890541.730831328,-23531.638201689697,-2.5743708326809047,0.9365999999678966
1220.9999999999663,4.071544830077655,4.071255650273869,-0.0002891798037856219,-0.007102459038381913,28774.05790526098,28793.993123189728,19.935217928748898,0.0692819135708488,933594.6849572386,911865.9479436587,-21728.73701357993,-2.327427240502678,0.9504599999995336
1221.9999999999663,4.0771527357673,4.076550531531007,-0.0006022042362934243,-0.014770215278189534,28767.756121666014,28787.650246660916,19.894124994902086,0.0691542465486876,1.0427925535200693e6,1.022289246820498e6,-20503.306699571316,-1.9661922815194628,0.7937000000052751
1222.9999999999663,4.096650049621082,4.095352886191347,-0.0012971634297347379,-0.03166400385736435,28765.550557181476,28785.416026675415,19.8654694939396,0.0690599314428212,1.0636549295940893e6,1.0440874359634338e6,-19567.49363065546,-1.8396467769977602,0.2894600000169683
1223.9999999999663,4.1036326072581835,4.102176549529548,-0.0014560577286353293,-0.03548216587566754,28768.108730196895,28787.94259634028,19.833866143384512,0.06894393485994296,989994.8102404122,971393.0988956097,-18601.71134480252,-1.8789705918039352,0.11953000000571837
1224.9999999999663,4.104041007653196,4.102666998436478,-0.0013740092167182638,-0.0334794222123029,28773.344217850485,28793.129535195305,19.785317344820214,0.06876266170181826,868284.0553397394,850949.9063466531,-17334.148993086303,-1.9963684564383541,0.11795000000005317
1225.9999999999661,4.091158446733394,4.090258506247403,-0.0008999404859917348,-0.021997204403322406,28777.17047177193,28796.89660383339,19.726132061459793,0.06854785143247329,780666.0777470595,764759.4179191194,-15906.659827940166,-2.0375753835552235,0.44770999998882816
1226.9999999999661,4.097988792079025,4.09686229518886,-0.0011264968901656403,-0.027489018328772357,28777.429345936816,28797.095318357573,19.66597242075659,0.06833818331842519,766562.4655797537,752047.0921329882,-14515.373446765589,-1.893566943143709,0.2816700000056252
1227.9999999999661,4.153013936224724,4.1499435163997065,-0.003070419825017545,-0.07393232655050261,28777.02866571238,28796.639674657392,19.611008945012145,0.06814813708817172,764324.6072410363,751049.1405555495,-13275.466685486725,-1.7368885627543578,-1.1267999999522829
1228.9999999999661,4.124016708486282,4.122223736911291,-0.0017929715749911423,-0.04347634119186805,28787.752042186028,28807.28655401546,19.53451182943172,0.06785702405941783,542175.202805455,530526.9652725172,-11648.237532937783,-2.148426831892096,-0.3392800000266802
1229.9999999999661,4.112066221534511,4.110775572707003,-0.0012906488275081784,-0.0313868687412953,28797.818317937534,28817.261569963244,19.443252025710535,0.06751640631609845,345008.7561163263,335220.5344894893,-9788.22162683704,-2.8370936833663296,-0.02324700001070678
1230.9999999999661,4.07249634096461,4.0725039986644385,7.657699828023112e-6,0.00018803454163962026,28797.036895441415,28816.389338396268,19.35244295485245,0.06720289669079096,369511.07106649614,361505.7578994644,-8005.313167031738,-2.1664609788081624,0.9967799999654429
1231.999999999966,4.083001551467737,4.082453993016686,-0.0005475584510508114,-0.01341068437394979,28789.446707451883,28808.727882899762,19.281175447878923,0.06697306705407495,522491.58426173683,515824.9547538279,-6666.629507908947,-1.275930504666151,0.7097600000097891
1232.999999999966,4.0823428013853595,4.081686561597895,-0.000656239787464763,-0.01607507794891858,28781.324289365257,28800.57509621048,19.25080684522254,0.06688645265824597,675003.9605571339,668840.4619825948,-6163.498574539088,-0.9131055422922063,0.7172899999997432
1233.999999999966,4.120198841188695,4.118291292517556,-0.0019075486711388479,-0.04629749059850014,28778.493751919556,28797.74469968567,19.250947766115132,0.06689352101630083,714913.1152853356,708668.5032311521,-6244.612054183497,-0.8734784578250677,-0.23345999996757366
1234.999999999966,4.173054712903028,4.169013235239998,-0.00404147766302998,-0.09684698478871571,28782.310543121548,28801.558442484104,19.247899362555472,0.06687405909862013,623376.7023299697,617154.495482048,-6222.206847921712,-0.998145555434655,-1.6944999999501695
1235.999999999966,4.168475558910854,4.164986000102534,-0.003489558808320581,-0.08371306869872444,28799.74746689949,28818.927021294712,19.179554395221203,0.0665962589333983,270405.5773827567,265514.8824488747,-4890.694933881983,-1.8086516488375712,-1.5115000000062415
1236.9999999999657,4.175485015208696,4.171902965996222,-0.003582049212473848,-0.08578761986755239,28817.705179081262,28836.747278009767,19.042098928504856,0.06607777687422346,-72819.63778222329,-75075.56408077093,2255.926298547638,-3.0979641855597833,-1.6829999999941119
1237.9999999999657,4.176250699750203,4.172780935796278,-0.0034697639539249536,-0.08308322951331665,28829.256430886133,28848.099163670715,18.84273278458204,0.06535975990138594,-274411.1872261939,-272936.9639559567,-1474.223270237213,0.5372314755600791,-1.660600000000769
1238.9999999999657,4.148616790884402,4.146538493263582,-0.0020782976208204573,-0.050096157962505036,28839.546619501223,28858.15649084356,18.60987134233801,0.06452900105494053,-445709.43993370136,-440012.98150271206,-5696.458430989296,1.2780654661109794,-0.8158100000290045
1239.9999999999657,4.142313741299069,4.140431459016573,-0.001882282282496206,-0.04544036014775415,28842.363653964156,28860.813939187756,18.450285223600076,0.0639693939267846,-465912.79761618003,-457607.8377915522,-8304.959824627847,1.7825137809306304,-0.628470000006432
1240.9999999999657,4.135248323173714,4.133489176749523,-0.0017591464241908383,-0.04254028504969518,28839.99981924609,28858.36215042463,18.362331178537715,0.06366966467969183,-388545.68048446026,-379101.90120356646,-9443.779280893796,2.4305454301071547,-0.4406200000064495
1241.9999999999654,4.12522801957763,4.1236915961044245,-0.0015364234732055948,-0.03724457086769484,28838.375553708767,28856.67329363396,18.297739925194037,0.06344927401030691,-333913.9246609564,-323772.5592323223,-10141.365428634104,3.037119652596478,-0.18947000000867995
1242.9999999999654,4.121726523982023,4.120201251583117,-0.0015252723989060968,-0.037005667164752176,28835.71607003596,28853.980429827247,18.26435979128655,0.0633393661767449,-263789.5442893794,-253538.19460872503,-10251.349680654355,3.8861849920058007,-0.1034300000029736
1243.9999999999654,4.116481529329262,4.115022815129891,-0.0014587141993702701,-0.035435946668949406,28832.735725934293,28850.98488334936,18.249157415066293,0.06329318725954836,-192277.6796723505,-182227.12919065767,-10050.55048169283,5.227102021836026,0.021599999995678864
1244.9999999999654,4.116005519651469,4.114490195744411,-0.0015153239070579971,-0.036815400266671905,28830.024852401053,28848.27235767768,18.247505276627635,0.06329340807039896,-130325.49186855798,-120691.49509644663,-9633.99677211135,7.392258133065696,0.03039199999969614
1245.9999999999654,4.115873664547688,4.114305220195214,-0.001568444352473719,-0.038107203483518065,28827.678758224327,28845.934987293247,18.25622906892022,0.06332882096416399,-78741.52271467593,-69676.4518884899,-9065.070826186027,11.512440341081277,0.030392
1246.9999999999652,4.115770277348441,4.114167773640223,-0.001602503708217462,-0.03893569369109359,28826.198266399384,28844.468530367834,18.27026396845031,0.06338076148510584,-46517.46398993676,-38074.75575785147,-8442.708232085293,18.149545370555295,0.030392
1247.9999999999652,4.1156922650737355,4.11406521076887,-0.0016270543048655384,-0.039532943672026186,28825.151048340802,28843.43793130338,18.286882962576783,0.06344071859990962,-23926.858806514712,-16111.088632453904,-7815.770174060808,32.66525805691117,0.030392
1248.9999999999652,4.115634364619624,4.113989118076174,-0.0016452465434504404,-0.039975527408215174,28824.355426136397,28842.65906860904,18.303642472641513,0.0635006132905395,-6940.970230307022,285.6605882753814,-6655.309642031641,95.88442856262265,0.030392
1249.9999999999652,4.115592534999981,4.113933252366953,-0.0016592826330272814,-0.0403169803355494,28823.729037929115,28842.048832571938,18.31979464282267,0.06355803101921918,6268.9181824656225,12952.441589664293,6683.523407198671,106.61366463344046,0.030392
1250.9999999999652,4.115563620623116,4.113893597365737,-0.001670023257378972,-0.04057823936946265,28823.22445245712,28841.559423653292,18.334971196170954,0.06361179758501286,16757.283541809607,22945.503021343633,6188.219479534026,36.92853596523774,0.030392
1251.999999999965,4.113871681986605,4.112241104738273,-0.0016305772483313774,-0.03963607458811076,28822.81115962382,28841.160156596157,18.348996972337773,0.0636613717888899,25203.219746324114,30942.817322284103,5739.59757595999,22.773271168248687,0.07073599999858732
1252.999999999965,4.114790903685832,4.113122750305355,-0.0016681533804767668,-0.040540416743473286,28822.196848733747,28840.559446986113,18.362598252366297,0.06370991895148695,37410.35906906064,42729.892048434594,5319.532979373951,14.2194117130871,0.04793500000079839
1253.999999999965,4.114765993645901,4.113089411966142,-0.0016765816797592592,-0.040745492753373296,28821.645038811766,28840.020610844,18.375572032233322,0.06375615273690462,47925.80029046668,52855.52946814064,4929.7291776739585,10.286169761998886,0.047935
1254.999999999965,4.114757954811382,4.113077894855579,-0.0016800599558033369,-0.04083010408519521,28821.38086046545,28839.768431385583,18.38757092013111,0.0637983690273269,52438.526043918406,57013.38417691466,4574.858132996254,8.724230976981907,0.047935
1255.999999999965,4.1147551287373485,4.113071218342552,-0.0016839103947967615,-0.040923708510291965,28821.114347409803,28839.512955799844,18.398608390041773,0.06383725545190547,56991.33971997531,61243.72575956058,4252.386039585268,7.461460040208211,0.047935
1256.999999999965,4.112050225531521,4.110440986869111,-0.0016092386624100286,-0.03913470347269456,28820.87501791687,28839.283376415224,18.408358498352754,0.06387161558040469,60932.073396388514,64898.862268929144,3966.78887254063,6.510181996819665,0.11321999999771402
1257.9999999999648,4.103575505890401,4.102206122456812,-0.0013693834335892774,-0.033370494380415845,28820.223393353983,28838.64185497613,18.418461622146424,0.06390811539092292,72906.90061568837,76590.61609891012,3683.7154832217493,5.052629383656825,0.31855999999276324
1258.9999999999648,4.101714937796856,4.10036978539228,-0.001345152404575778,-0.03279487787365097,28817.979952290625,28836.413424701663,18.433472411037656,0.06396517882778406,115622.7579115132,118936.24848613676,3313.49057462356,2.8657771484394057,0.3612599999984951
1259.9999999999648,4.097689683780943,4.096430701523764,-0.0012589822571786868,-0.030724197153382843,28814.986937495916,28833.442030432438,18.455092936521396,0.06404685511936305,170809.5534233236,173637.09752870965,2827.5441053860413,1.6553781967794472,0.45591999999666394
1260.9999999999648,4.0880255878681755,4.0870577801185295,-0.0009678077496459991,-0.023674209684942108,28812.123841187,28830.60781793019,18.483976743191306,0.06415346832838618,220838.9548158966,223057.68416341234,2218.729347515735,1.004682054108338,0.6953099999915632
1261.9999999999648,4.072972665909672,4.072538178573978,-0.0004344873356947332,-0.010667573080746253,28807.818133245917,28826.34261714249,18.524483896573656,0.06430366857667472,297290.7664852278,298697.11304348573,1406.3465582579374,0.47305423403650115,1.0923999999860055
1262.9999999999645,4.05623066498389,4.056495259366684,0.00026459438279324843,0.00652315917527583,28800.639443208842,28819.22674596659,18.58730275774724,0.06453781276071668,426913.6533343515,427102.6093305292,188.95599617768312,0.04426094005236605,1.5757999999828536
1263.9999999999645,4.089734764101445,4.088433348641174,-0.0013014154602712935,-0.03182151252679652,28790.12021076386,28808.814235126425,18.69402436256496,0.06493208165062041,616232.367437763,614393.3730115326,-1838.9944262304343,-0.29842548418493536,0.6087200000343026
1264.9999999999645,4.129250057936371,4.126729141780816,-0.002520916155555497,-0.061050217840654265,28786.284391121822,28805.071513921834,18.787122800011275,0.06526414644123207,665493.2305323285,661988.0232229589,-3505.20730936958,-0.526708184028523,-0.3773899999650224
1265.9999999999645,4.127866680680058,4.12557854372462,-0.002288136955438169,-0.05543146454190238,28795.138679025087,28813.960337187233,18.821658162145468,0.06536401290491271,465857.2853325597,461899.5508360583,-3957.734496501449,-0.8495594297030595,-0.33712000000142833
1266.9999999999645,4.125136193177111,4.123098329445936,-0.0020378637311750936,-0.04940112606574487,28804.610843407365,28823.433785104284,18.82294169691886,0.06534697448004907,268272.4702082497,264504.82384687883,-3767.646361370862,-1.40441035878418,-0.25589000000288126
1267.9999999999643,4.078016729349941,4.077554930539953,-0.00046179880998842293,-0.011324102882286025,28808.892036218524,28827.686909651093,18.794873432569148,0.06523983431553092,183635.84569406512,180596.24440333733,-3039.601290727791,-1.6552330941921471,0.9333899999575456
1268.9999999999643,4.046553399876112,4.047530886512969,0.000977486636856817,0.0241560295951301,28803.607783032054,28822.3888459903,18.781062958245457,0.06520385605760544,289770.0711566827,287117.8632493068,-2652.2079073758796,-0.9152801380725735,1.8832999999660904
1269.9999999999643,4.012985608978086,4.015968181260179,0.0029825722820930878,0.07432302461838643,28787.505683730193,28806.34683350973,18.841149779538682,0.06544905274716843,600501.480533074,596753.6264966956,-3747.8540363784414,-0.6241206987618775,3.1415999999550817
1270.9999999999643,3.9951442042318197,3.9991992776611793,0.0040550734293596236,0.10150005161426526,28764.678071688464,28783.766274521207,19.088202832743264,0.06635986950791138,1.0256313932156209e6,1.0171695810169174e6,-8461.812198703527,-0.825034437779205,3.8929999999731764
1271.9999999999643,3.9934696720881275,3.997217512008541,0.003747839920413387,0.09384921454665,28738.147873513655,28757.769251200272,19.621377686617052,0.06827641702234047,1.5024701112572572e6,1.4839215540067262e6,-18548.557250530925,-1.2345375200182593,3.883000000000357
1272.999999999964,4.0170398618540375,4.018587427716507,0.0015475658624692912,0.03852503125908795,28715.708562456002,28736.043855632342,20.3352931763402,0.07081591990708294,1.8779025716693664e6,1.8462313905516607e6,-31671.181117705768,-1.6865188639446607,2.7543000000405486
1273.999999999964,4.0427131749507454,4.042567801220505,-0.00014537373024037237,-0.003595944702214585,28705.190193099654,28726.064404318244,20.874211218590062,0.0727192924978701,2.0062712576588895e6,1.9655291329702667e6,-40742.124688622775,-2.0307385919571317,1.7614000000356702
1274.999999999964,4.062307648177851,4.061374691580375,-0.0009329565974756093,-0.022966172881910787,28706.79338946013,28727.86434251866,21.070953058529994,0.07340058073593939,1.8983596630031646e6,1.855570489944532e6,-42789.17305863253,-2.2540077042587896,1.1358000000224746
1275.999999999964,4.038930687067845,4.039456706177157,0.0005260191093121591,0.013023722120223728,28713.231431193,28734.311457564327,21.08002637132813,0.07341572271948313,1.7088478950597707e6,1.667587005330681e6,-41260.88972908957,-2.414544316575723,1.863199999973868
1276.999999999964,4.04784755672594,4.047984501647563,0.00013694492162308336,0.003383154125839903,28713.196908604048,28734.330459839348,21.13355123529982,0.07360222305641992,1.6611227150207749e6,1.6202620866748658e6,-40860.62834590906,-2.4598199745524543,1.56480000001072
1277.999999999964,4.052162865523822,4.052099550055011,-6.331546881099825e-5,-0.0015625104644655856,28709.03999455639,28730.257983396965,21.217988840573526,0.07390699530390683,1.6978504615946673e6,1.656665188569954e6,-41185.27302471339,-2.4257302958254083,1.4202000000051946
1278.9999999999638,4.057222432717699,4.056994432167309,-0.00022800055039073897,-0.005619621654265934,28708.396008917993,28729.631650016756,21.235641098763153,0.0739701413209101,1.663896464928282e6,1.6236516813773685e6,-40244.783550913446,-2.418707197184177,1.2617000000057301
1279.9999999999638,4.084069061362744,4.0828283269773795,-0.001240734385364206,-0.03037985809549965,28708.447760341736,28729.687388296563,21.239627954826574,0.07398389537510036,1.6194633532245767e6,1.5803159292172666e6,-39147.42400731007,-2.4173084206791158,0.5196300000268277
1280.9999999999638,4.116121066335442,4.113979372120344,-0.0021416942150978002,-0.052031856706404846,28713.154812657285,28734.336720453255,21.18190779596989,0.0737707435291385,1.486714125050254e6,1.4497795326800353e6,-36934.5923702186,-2.484310315473066,-0.27998999997109186
1281.9999999999638,4.116595081399021,4.114673268955193,-0.0019218124438280526,-0.046684514892218316,28725.009632072266,28746.081142750896,21.071510678630148,0.07335597428348022,1.2212924318848213e6,1.1874606561402571e6,-33831.77574456413,-2.770161745156443,-0.27520000000017314
1282.9999999999638,4.086593862326601,4.085826654484595,-0.0007672078420055684,-0.01877377267847159,28736.49202490717,28757.43878872231,20.946763815140002,0.07289255695157408,977486.5695192072,946865.52866118,-30621.040858027176,-3.132630341211607,0.49508999997215214
1283.9999999999636,4.087056910756859,4.0862899233108845,-0.0007669874459743653,-0.018766253143079704,28738.395660816786,28759.216698044114,20.821037227327906,0.0724502420840292,932843.8736813596,905294.6868389521,-27549.18684240745,-2.953247335343244,0.49509
1284.9999999999636,4.087215112019511,4.0863939446658675,-0.0008211673536431263,-0.020091121488278702,28735.834979104675,28756.54441366745,20.709434562773822,0.07206832367262943,974173.686099578,949283.4901604255,-24890.1959391525,-2.5550059803820524,0.49509
1285.9999999999636,4.087354107641006,4.086522883659229,-0.0008312239817769296,-0.020336480762041583,28735.414398778248,28756.033449504015,20.61905072576701,0.07175484035004442,968134.931626887,945385.8788419397,-22749.052784947213,-2.3497812176572257,0.49509
1286.9999999999636,4.087476547031468,4.0866413480717805,-0.0008351989596873111,-0.020433119311568278,28735.36565826058,28755.912589096864,20.546930836284446,0.0715039825163241,953876.7555502551,932843.0868614408,-21033.668688814272,-2.205071941047641,0.49509
1287.9999999999636,4.05452578322298,4.055047348247822,0.0005215650248420189,0.012863773785831548,28735.37696125145,28755.85939349694,20.48243224548787,0.07127949730086242,938298.8655734737,918786.8420551992,-19512.02351827454,-2.079510509303354,1.413899999966574
1288.9999999999634,4.079744684947631,4.079092030426999,-0.0006526545206320122,-0.015997435404230202,28729.296333583712,28749.746861714786,20.450528131073952,0.0711835329818638,1.0425910640934793e6,1.0239218734349399e6,-18669.190658539417,-1.7906532389832113,0.6933600000263769
1289.9999999999634,4.059137899474958,4.059285033322525,0.00014713384756692705,0.0036247560740904745,28724.64124981375,28745.07301447709,20.43176466333898,0.07112974705461798,1.1120332212731324e6,1.093946342030308e6,-18086.87924282439,-1.6264693263495567,1.2616999999791947
1290.9999999999634,4.071633142042321,4.071228160938872,-0.0004049811034496642,-0.009946404534042247,28722.334411442665,28742.764081010057,20.4296695673911,0.07112816554093229,1.1319336968824524e6,1.1141063016474494e6,-17827.395235002972,-1.5749504837697474,0.9002500000132316
1291.9999999999634,4.06424008088662,4.064113141071847,-0.0001269398147725198,-0.0031233345532291415,28718.70139299999,28739.140895008535,20.439502008546697,0.07117140057568447,1.177799349724171e6,1.160013292470143e6,-17786.05725402804,-1.5101092777979002,1.10129999999264
1292.9999999999634,4.056903337925304,4.05711572599901,0.00021238807370593804,0.005235226378712614,28716.89531393934,28737.340120315785,20.44480637644301,0.07119434797158936,1.1858185207046976e6,1.1681843026806312e6,-17634.218024066417,-1.4870924779946015,1.3118999999922907
1293.9999999999632,4.069643803945199,4.069246260036171,-0.0003975439090284638,-0.009768518528404777,28712.19181007153,28732.662707777286,20.470897705756215,0.0712968826663227,1.251310170488162e6,1.2334269892473717e6,-17883.18124079029,-1.4291565482772102,0.93671000001382
1294.9999999999632,4.076455525532093,4.075790883858256,-0.0006646416738362859,-0.016304401450559954,28709.850182283593,28730.339232782913,20.48905049932,0.07136592622125029,1.267199197949241e6,1.249251650615741e6,-17947.547333499882,-1.4163161847438914,0.7457100000070354
1295.9999999999632,4.061903476747006,4.061895219553256,-8.257193750083047e-6,-0.00020328384948959587,28711.14337285039,28731.63431636919,20.490943518798304,0.07136930512553112,1.2118500284807372e6,1.194169948994785e6,-17680.079485952156,-1.4589329595607783,1.1496999999851192
1296.9999999999632,4.068442008198441,4.068151715372346,-0.0002902928260954951,-0.007135233229588063,28709.38646350284,28729.885113225,20.498649722158007,0.07140051476968053,1.2205787091018402e6,1.2030425290399385e6,-17536.180061901687,-1.4367103023454868,0.9613000000069397
1297.9999999999632,4.029123828546521,4.030860799665603,0.001736971119081332,0.04311039305307061,28706.430424966904,28726.935951309722,20.505526342818484,0.07143182220588518,1.2523297454374908e6,1.2349532785798872e6,-17376.46685760352,-1.3875312728863753,2.2084999999540598
1298.999999999963,4.026774814889074,4.028536666331667,0.0017618514425929988,0.043753413676834385,28697.36365912428,28717.93778645783,20.574127333551587,0.07169344047744984,1.4026141312728412e6,1.3841805557039685e6,-18433.575568872737,-1.3142299908346622,2.2786999999973987
1299.999999999963,4.04289097019967,4.0434938075908535,0.0006028373911837193,0.014911047456566616,28683.14512735482,28703.86409023133,20.718962876511796,0.07223392966328625,1.6460456334318921e6,1.6251219683539243e6,-20923.665077967802,-1.271147327449446,1.6894000000218405
1300.999999999963,4.028420108970134,4.029846837791527,0.0014267288213929419,0.035416584735440744,28677.08724605223,28697.932011855995,20.844765803765767,0.07268787664840444,1.7169266699108635e6,1.694023790685309e6,-22902.87922555441,-1.3339462673000149,2.1690999999822216
1301.999999999963,4.069452845523668,4.068771316021212,-0.0006815295024562573,-0.016747448080297298,28671.79194240808,28692.78636089462,20.99441848654169,0.07322325206848727,1.7726440796691396e6,1.7473772534948876e6,-25266.826174251968,-1.4253750351829213,0.8623600000484304
1302.999999999963,4.086083925285697,4.084872637522747,-0.0012112877629499863,-0.029644221340003277,28671.976704134668,28693.04952938908,21.072825254414056,0.07349624154575722,1.7203926505782846e6,1.6942626748037224e6,-26129.97577456222,-1.5188379098096596,0.41592000001654594
1303.999999999963,4.143850965056681,4.140824348312724,-0.003026616743957433,-0.07303874510641417,28681.340937957404,28702.37700216615,21.03606420874712,0.07334407500071802,1.4931722322865343e6,1.4684482797301053e6,-24723.952556428965,-1.6558004510014572,-1.0734999999447992
1304.9999999999627,4.226669229462946,4.218317198654099,-0.0083520308088465,-0.19760313276058597,28698.092796965968,28719.0702530834,20.977456117430847,0.07309703911630196,1.1349035752731715e6,1.1118996933577866e6,-23003.881915384904,-2.0269459376624015,-4.2194999998826885
1305.9999999999627,4.218696489778872,4.211845564119358,-0.006850925659514395,-0.1623943717238946,28737.479606359877,28758.20926045761,20.729654097733146,0.07213455870759618,350534.092191876,332870.46467149,-17663.627520386013,-5.039061225096834,-3.6985000000194277
1306.9999999999627,4.210663287363759,4.205234670675351,-0.0054286166884081055,-0.1289254523081776,28777.447560646837,28797.649278588975,20.201717942138202,0.07019982539995678,-404493.02853967814,-411597.6461380623,7104.617598384153,-1.7564252279040788,-3.1731000000195917
1307.9999999999627,4.2007927494088815,4.196406513042571,-0.004386236366310747,-0.1044144909773985,28797.903176790285,28817.419497630446,19.516320840160915,0.06776993699975395,-743307.9668429949,-737302.7436957583,-6005.223147236626,0.8079051234634591,-2.6438000000197373
1308.9999999999627,4.188871167377758,4.185391444939327,-0.0034797224384304215,-0.08307064837729863,28809.714532244852,28828.605136097158,18.890603852305503,0.0655702569741275,-907199.1908938474,-889866.8791174445,-17332.311776402872,1.910529897995792,-2.1113000000198565
1309.9999999999625,4.17456640732353,4.171893389237646,-0.002673018085883605,-0.0640310352039022,28815.749726884067,28834.21465282072,18.464925936652435,0.06407928341848873,-960257.1159825749,-935958.3966182921,-24298.71936428279,2.5304388751568205,-1.5763000000200713
1310.9999999999625,4.157520448232787,4.155546447763709,-0.001974000469077808,-0.047480234761488306,28817.278513835052,28835.498597116868,18.220083281816187,0.06322624557717622,-931057.5167809564,-903494.217837464,-27563.298943492468,2.9604292373676304,-1.0392000000201502
1311.9999999999625,4.137646358254134,4.136235577204562,-0.0014107810495724848,-0.0340962210740446,28815.03048108885,28833.146003518956,18.115522430107376,0.06286830909999036,-836118.4989464608,-808007.030693562,-28111.468252898776,3.3621392527877605,-0.5007100000202023
1312.9999999999625,4.118465746154175,4.117421479325495,-0.001044266828680307,-0.02535572451113485,28809.498847346207,28827.60052566672,18.101678320512292,0.06283232629775416,-686617.2040624914,-659591.7940357734,-27025.410026718047,3.936022847493109,-0.028015000017733938
1313.9999999999625,4.115812259161631,4.114635344139814,-0.0011769150218166047,-0.02859496370848402,28801.52022571124,28819.65022545951,18.129999748271075,0.06294806526249384,-500072.0471119945,-474772.1246994367,-25299.92241255782,5.059255473020217,0.030391999997808762
1314.9999999999623,4.115441705328555,4.114109793592149,-0.0013319117364058997,-0.03236376145679281,28794.462575614234,28812.633436478307,18.170860864072893,0.06310540027047294,-342973.4202602058,-319466.4008634813,-23507.01939672453,6.853889545985899,0.030392
1315.9999999999623,4.115130540911105,4.113704633147834,-0.001425907763271006,-0.03465036525804367,28790.202856488017,28808.42220560214,18.21934911412245,0.06328315644367413,-248912.87749786512,-227200.17671989946,-21712.700777965656,8.723012242768307,0.030392
1316.9999999999623,4.114885238678196,4.113395143578957,-0.0014900950992391415,-0.03621231244149587,28787.376208093086,28805.64870103788,18.272492944794067,0.06347397836019895,-186673.586093928,-166720.63251388673,-19952.95358004127,10.68868606295569,0.030392
1317.9999999999623,4.114691325339431,4.11315562037971,-0.0015357049597204409,-0.03732248274039747,28785.29971456886,28803.624084873423,18.324370304562763,0.06365877891237799,-141120.117946359,-122793.64867242081,-18326.4692739382,12.986432792597475,0.030392
1318.9999999999623,4.114538093649214,4.112968159401627,-0.0015699342475867795,-0.03815578351334191,28783.6999004487,28802.073372008566,18.37347155986572,0.0638329041207774,-106184.99697714721,-89340.99594008843,-16844.001037058784,15.862882249442354,0.030392
1319.999999999962,4.114417371093282,4.112822470036415,-0.001594901056867215,-0.038763715807553535,28782.430594659934,28800.849832650714,18.419237990779948,0.06399472737440495,-78621.30814501095,-63120.263096725546,-15501.0450482854,19.71608640712886,0.030392
1320.999999999962,4.114322812552303,4.112708462720552,-0.0016143498317511273,-0.03923731572121518,28781.402427246663,28799.863847052617,18.461419805953483,0.064143572755428,-56441.49119707642,-42151.48714091632,-14290.004056160105,25.318261004592852,0.030392
1321.999999999962,4.114249403979407,4.112620794516705,-0.0016286094627027126,-0.039584607124873855,28780.556392857165,28799.056371243056,18.499978385891154,0.06427943273008624,-38331.8387408393,-25130.45007052574,-13201.388670313561,34.43974801096251,0.030392
1322.999999999962,4.114193176197214,4.112552999204473,-0.0016401769927414378,-0.03986630968693279,28779.85147892407,28798.386512013138,18.535033089068747,0.06440281007927452,-23378.35602290324,-11153.952249229797,-12224.403773673444,52.28940718371076,0.030392
1323.999999999962,4.1141509423700695,4.1125022475957405,-0.0016486947743290514,-0.04007375513012353,28779.258090178693,28797.82488059102,18.566790412325645,0.06451448593340149,-10920.94393759296,427.0857463428868,-10493.858191250072,96.08929641262293,0.030392
1324.999999999962,4.11412015509359,4.112464165938036,-0.001655989155554316,-0.04025135613757116,28778.754244766245,28797.349753914266,18.595509148020938,0.06461540687225108,-468.9688430867512,10092.473922532914,9623.505079446162,-2052.056383128629,0.030392
1325.9999999999618,4.1140987458346165,4.112437336372571,-0.0016614094620459596,-0.04038331514838042,28778.32323416937,28796.944694700273,18.621460530903278,0.06470655145326,8350.72405270302,18205.314015857628,9854.589963154607,118.00880858905647,0.030392
1326.9999999999618,4.114085050018666,4.11241867676538,-0.001666373253286224,-0.0405041031730412,28777.952115163378,28796.597033874663,18.644918711284845,0.06478890032435859,15827.34371179732,25045.532456802055,9218.188745004734,58.242171983247694,0.030392
1327.9999999999618,4.114077702239565,4.1124075823174575,-0.001670119922107638,-0.0405952449852486,28777.63070055224,28796.29684091343,18.666140361190628,0.06486336750729249,22188.61407053336,30832.597828803096,8643.983758269736,38.95684395065039,0.030392
1328.9999999999618,4.1140755981821115,4.112401796849896,-0.0016738013322159517,-0.040684749034644745,28777.35086308004,28796.036230487076,18.68536740703712,0.06493081137294521,27616.277842140997,35740.840387135024,8124.562544994027,29.419469891762056,0.030392
1329.9999999999618,4.114077822962186,4.112401184363277,-0.0016766385989095411,-0.04075369186143253,28777.106042583222,28795.80885867559,18.702816092369176,0.06499199768278816,32257.08118553063,39910.555364059546,7653.474178528915,23.726493214029514,0.030392
1330.9999999999616,4.1140836338595115,4.11240403297522,-0.0016796008842918653,-0.04082563782778998,28776.890889594688,28795.609573915586,18.71868432089832,0.06504762586310785,36230.7224779076,43455.71845150089,7224.9959735932935,19.941628207935622,0.030392
1331.9999999999616,4.114092409247737,4.1124104730893665,-0.001681936158370867,-0.04088231354721585,28776.701002458976,28795.43414745452,18.733144995545445,0.06509830641790625,39635.7184697482,46469.920223678906,6834.201753930705,17.24253279058605,0.030392
1332.9999999999616,4.11410364323103,4.112419162676861,-0.0016844805541689212,-0.04094404760415823,28776.53273044944,28795.279084895188,18.746354445749603,0.06514459063344154,42553.79999713347,49030.53621702012,6476.736219886647,15.220112470150577,0.030392
1333.9999999999616,4.114116907821552,4.112430378467371,-0.001686529354181232,-0.04099371485955801,28776.383023917613,28795.14147155296,18.758447635347693,0.0651869542456275,45053.25868201181,51202.12783301507,6148.869151003259,13.648000901338325,0.030392
1334.9999999999616,4.114131854347615,4.112443037880325,-0.0016888164672899109,-0.041049157564195506,28776.249318998518,28795.018865221016,18.76954622249832,0.0652258256954508,47191.52298030226,53038.819479537204,5847.296499234944,12.390565359960105,0.030392
1335.9999999999613,4.1141481844249626,4.112457492502871,-0.0016906919220911476,-0.04109458012454787,28776.129447645286,28794.909202238025,18.779754592738755,0.0652615725367314,49017.16856945395,54586.36175911735,5569.193189663405,11.361719479517147,0.030392
1336.9999999999613,4.114165655121153,4.112472847691484,-0.001692807429669152,-0.04114582570495214,28776.021566918273,28794.8107339735,18.789167055227153,0.0652945265958089,50571.49904443617,55883.54313730428,5312.044092868113,10.504027353827352,0.030392
1337.9999999999613,4.110490284881226,4.108898612868174,-0.0015916720130517703,-0.038722193771047006,28775.92410267288,28794.721966958616,18.79786428573425,0.06532497173214392,51889.8047219934,56963.50300555386,5073.698283560458,9.777832679740225,0.11976999999654522
1338.9999999999613,4.080141841561375,4.07950785817223,-0.0006339833891448876,-0.015538268368196656,28775.235641245614,28794.043396812256,18.8077555666423,0.06536090894659362,64804.09650776159,69620.13680950057,4816.0403017389835,7.431691144960513,0.8856399999703964
1339.9999999999613,4.04971204567076,4.050398344155405,0.0006862984846449649,0.016946846514152396,28769.12369445026,28787.960510517085,18.836816066825122,0.06547580755982102,183675.83621726686,187862.31573364732,4186.4795163804665,2.279276143557803,1.7820999999653486
1340.9999999999611,4.024214687999735,4.026282594198164,0.0020679061984285596,0.051386577475478264,28754.792743426508,28773.718158421645,18.925414995137544,0.06581655852645292,457467.30749824713,459878.6395781845,2411.3320799373905,0.5271047876894744,2.6800999999650847
1341.9999999999611,4.042403101534695,4.042984706480772,0.0005816049460776185,0.014387603894743022,28734.838224735304,28753.98563607708,19.147411341775296,0.06663483257508987,827427.1522904005,825526.5212738746,-1900.6310165259056,-0.2297037281487283,1.956400000028138
1342.9999999999611,4.030029803079699,4.0312130616259365,0.0011832585462379086,0.02936103711525104,28720.873680897505,28740.286709974323,19.41302907681893,0.06759205619058413,1.062021144334571e6,1.055170354974435e6,-6850.7893601360265,-0.6450709005825412,2.357499999984405
1343.9999999999611,4.027606595574086,4.028882271428042,0.0012756758539564927,0.03167329836430216,28711.84592325461,28731.5445286598,19.69860540519221,0.0686079378450471,1.192273814024406e6,1.1803015041677924e6,-11972.309856613632,-1.0041577459629216,2.4114999999979005
1344.9999999999611,4.027299814295312,4.028486081172425,0.0011862668771129847,0.029455638562150478,28700.495904591877,28720.530158783393,20.034254191516084,0.06980455758714171,1.366915158427865e6,1.349039686213251e6,-17875.47221461404,-1.3077236070140024,2.3841000000010655
1345.999999999961,4.033173579113246,4.0339218311868255,0.0007482520735795362,0.01855243913761953,28690.968806288496,28711.317918268316,20.34911197982001,0.07092514762122597,1.5008309961663e6,1.4776903739904624e6,-23140.622175837634,-1.5418539619016192,2.1329000000098235
1346.999999999961,4.0470016391457735,4.04694762269228,-5.401645349323303e-5,-0.0013347277394390833,28684.179991568715,28704.79969561477,20.619704046053812,0.07188528328895812,1.5784810538724512e6,1.5511167182350033e6,-27364.33563744789,-1.733586574911089,1.635200000019464
1347.999999999961,4.03475060786018,4.035475766688915,0.0007251588287351396,0.017972829034896057,28681.960760423633,28702.746088075757,20.78532765212367,0.07246829401148888,1.566725289604878e6,1.5373060467942723e6,-29419.242810605792,-1.8777537457141071,2.0305999999845366
1348.999999999961,4.051994292339373,4.051811912185021,-0.00018238015435212418,-0.004500997316233362,28678.455154211446,28699.39830619639,20.94315198494587,0.07302747610472442,1.5851131278566183e6,1.55377637697442e6,-31336.750882198336,-1.9769409723185958,1.446300000022851
1349.999999999961,4.0741087103396385,4.073007190303122,-0.0011015200365163125,-0.027037080127998943,28675.521566463223,28696.58560945644,21.0640429932173,0.0734565296202049,1.5939112619753168e6,1.5613845371611363e6,-32526.724814180518,-2.0406860526144035,0.7975700000253707
1350.999999999961,4.067501100035545,4.0668309834217835,-0.0006701166137617065,-0.016474896927645588,28679.880628242532,28700.936023600796,21.055395358263922,0.07341521267536102,1.4610588661910254e6,1.4298636862647475e6,-31195.179926277837,-2.1351076707541257,0.9783099999929316
1351.9999999999607,4.111127217605928,4.109110950981687,-0.0020162666242402594,-0.04904413114742802,28683.45503332542,28704.485608388488,21.03057506306868,0.07331953224824081,1.3532075486487667e6,1.3235060060339442e6,-29701.54261482251,-2.194899270587185,-0.1417299999559425
1352.9999999999607,4.111428512843083,4.10956972672066,-0.0018587861224226288,-0.045210225998487924,28690.853243771617,28711.82750327887,20.97425950725301,0.07310434210180287,1.1763633440545285e6,1.1486473294866537e6,-27716.014567874838,-2.3560760123948663,-0.1397200000000791
1353.9999999999607,4.116605564951591,4.114788064816333,-0.0018175001352584985,-0.044150456160593356,28701.953153283237,28722.826615222213,20.873461938976106,0.07272488331195111,936156.6462336517,911168.4639190806,-24988.18231457111,-2.669230883004852,-0.2508599999956283
1354.9999999999607,4.121458672762107,4.119596439272166,-0.0018622334899411896,-0.04518384479379393,28709.054230942795,28729.821747142596,20.76751619980132,0.07233786258767788,786385.7962388507,764070.5655305785,-22315.230708272196,-2.837695036584097,-0.3555499999958819
1355.9999999999607,4.117477337892596,4.115828182981984,-0.0016491549106119052,-0.04005255585586233,28715.6140249734,28736.26220474071,20.648179767307738,0.07190575743687885,652268.2110457716,632757.0711697278,-19511.139876043773,-2.991275604978796,-0.23900000000458455
1356.9999999999604,4.11363191129282,4.112148369937261,-0.0014835413555589483,-0.036064027787374525,28720.41451516719,28740.944486160715,20.52997099352433,0.07148215421014378,556938.2526309232,540082.2427227168,-16856.00990820641,-3.0265491423115987,-0.12877000000436103
1357.9999999999604,4.1416775621601225,4.1392679999038355,-0.002409562256286968,-0.058178412494048495,28722.877681643142,28743.295893932733,20.418212289590883,0.07108693117695589,509571.5401009913,495136.3207745767,-14435.219326414634,-2.8328150594033836,-0.8332099999721302
1358.9999999999604,4.137046103227176,4.134891144945665,-0.0021549582815110213,-0.052089298203131164,28729.534416390332,28749.834845113455,20.300428723123332,0.07066048627485534,379314.7041337757,367331.8615928531,-11982.842540922633,-3.159076727143315,-0.6919300000055895
1359.9999999999604,4.136416518300532,4.134382412850486,-0.0020341054500461198,-0.049175547023534334,28737.95732216053,28758.133767944008,20.176445783476083,0.07020835043107793,219396.78331523537,209903.07014371819,-9493.713171517185,-4.3271888621431405,-0.6535200000015197
1360.9999999999604,4.135621535682175,4.133641914007273,-0.0019796216749012885,-0.04786757341843535,28742.66353979579,28762.71569630381,20.052156508019834,0.06976443390591315,138755.03288766695,131672.03031163552,-7083.002576031431,-5.104681559021845,-0.6148100000015314
1361.9999999999602,4.149143535994732,4.146674764828628,-0.002468771166103778,-0.059500741410525956,28746.461768143286,28766.391490281654,19.92972213836765,0.06932930493885578,76897.62635246587,72111.89541242484,-4785.73094004103,-6.223509316276271,-0.9581899999863368
1362.9999999999602,4.177952236236267,4.1741430816179115,-0.003809154618355848,-0.09117276605793243,28752.15021694197,28771.953519033774,19.803302091804653,0.06887589951493686,-21774.150082555225,-24252.083229170465,2477.93314661524,-11.380160131258043,-1.8066999999662374
1363.9999999999602,4.165294569754495,4.162327792238519,-0.0029667775159767373,-0.07122611537535509,28764.570526586896,28784.18552325925,19.6149966723533,0.06819151585880029,-249920.38696970537,-248939.8515347998,-980.5354349055851,0.3923391151856862,-1.367800000017464
1364.9999999999602,4.14910546924504,4.146961192604593,-0.0021442766404469182,-0.051680456337907583,28775.563310630965,28794.976766883126,19.413456252161268,0.06746507806847722,-439761.93574116845,-435194.26116908697,-4567.67457208148,1.0386698349376662,-0.8718000000197361
1365.9999999999602,4.134574998344813,4.132886937041638,-0.0016880613031746705,-0.04082792799381918,28777.729533137845,28797.00345862299,19.27392548514399,0.06697514292414859,-449577.4389932827,-442768.6185386784,-6808.820454604283,1.514493358441418,-0.475800000015757
1366.99999999996,4.1204733042741255,4.119095506821585,-0.001377797452540186,-0.03343784441246132,28775.6688799729,28794.85243819707,19.183558224169246,0.06666589855543026,-380676.25355431996,-372633.11016920564,-8043.143385114323,2.1128566097876185,-0.1207200000142095
1367.99999999996,4.114268853838395,4.112940650771093,-0.0013282030673016365,-0.03228284573728072,28771.429553761947,28790.565320473706,19.13576671175906,0.06650961390709557,-276155.613057319,-267705.9575126145,-8449.655544704525,3.059744269239499,0.030391999993952833
1368.99999999996,4.114129648277801,4.112694237997381,-0.0014354102804201574,-0.0348897677792198,28766.7927707072,28785.907969656157,19.115198948955367,0.06644883599404967,-171369.31800684196,-163005.6011886444,-8363.716818197572,4.880521738356716,0.030392
1369.0,4.113972945466777,4.1124665970141265,-0.001506348452650741,-0.03661541951340734,28763.61475782175,28782.72622085076,19.111463029010338,0.06644318939021153,-101470.07423287307,-93468.18519090014,-8001.889041972929,7.885959582141087,0.030392
