Time (s),Voltage (P2D) (V),Voltage (sP2D) (V),Voltage Error (V),average Voltage Error (V),Voltage Error Percentage (%),average Voltage Error Percentage (%),Concentration (P2D) (mol/m³),Concentration (sP2D) (mol/m³),Concentration Error (mol/m³),average Concentration Error (mol/m³),Concentration Error Percentage (%),average Concentration Error Percentage (%),Stress (P2D) (Pa),Stress (sP2D) (Pa),Stress Error (Pa),average Stress Error (Pa),Stress Error Percentage (%),average Stress Error Percentage (%),Current (A)
0.0,4.180342177569225,4.180367096014283,2.491844505847496e-5,0.002684099368845545,0.0005960862532302195,0.06590568279918213,29866.0,29866.0,0.0,5.68281815330454,0.0,0.01936401468212504,-5.942940940055923,-5.942940940055923,0.0,23089.41289734932,-0.0,2.3697974633638563,0.012859
1.0,4.180342176890543,4.180367095359443,2.4918468900736457e-5,0.002684099368845545,0.0005960868236693372,0.06590568279918213,29865.999991315017,29865.999991311604,-3.4124241210520267e-9,5.68281815330454,-1.1425782234126946e-11,0.01936401468212504,-5.766328286780287,-5.766258889213546,-6.939756674118058e-5,23089.41289734932,0.001203496632341925,2.3697974633638563,0.012859
2.0,4.180324436376905,4.18034571741905,2.12810421453824e-5,0.002684099368845545,0.0005090763281480306,0.06590568279918213,29865.824375054475,29865.824306095135,-6.895933984196745e-5,5.68281815330454,-2.308971584911815e-7,0.01936401468212504,3446.8351613908562,3448.1908985706777,1.3557371798215172,23089.41289734932,0.039332811589239285,2.3697974633638563,0.012859
3.0,4.180308631220202,4.180328660882661,2.0029662459286612e-5,0.002684099368845545,0.00047914315009416183,0.06590568279918213,29865.73025090806,29865.730454524084,0.00020361602582852356,5.68281815330454,6.817714622006695e-7,0.01936401468212504,5094.996580305789,5090.914049090562,-4.082531215227391,23089.41289734932,-0.08012824249986772,2.3697974633638563,0.012859
4.0,4.180294400039293,4.180313851439041,1.9451399747794085e-5,0.002684099368845545,0.0004653117193758231,0.06590568279918213,29865.658891677616,29865.659730504125,0.0008388265086978208,5.68281815330454,2.808665670964215e-6,0.01936401468212504,6239.191309732831,6222.875541208462,-16.31576852436865,23089.41289734932,-0.26150453984183586,2.3697974633638563,0.012859
5.0,4.180281455064827,4.180300657314241,1.9202249414540518e-5,0.002684099368845545,0.00045935302732487263,0.06590568279918213,29865.598466230273,29865.59998414592,0.0015179156471276656,5.68281815330454,5.08248863267886e-6,0.01936401468212504,7141.486884569213,7112.736995749602,-28.749888819610533,23089.41289734932,-0.402575672045707,2.3697974633638563,0.012859
6.0,4.180231865716922,4.18025262628804,2.076057111821683e-5,0.002684099368845545,0.0004966368322407957,0.06590568279918213,29865.544780402008,29865.546959122592,0.0021787205841974355,5.68281815330454,7.295097411473064e-6,0.01936401468212504,7894.8197336609655,7854.553645509776,-40.26608815118925,23089.41289734932,-0.5100317614537496,2.3697974633638563,0.013668
7.0,4.179761090240581,4.179800810961581,3.972072099944768e-5,0.002684099368845545,0.0009503107986768069,0.06590568279918213,29865.490266153633,29865.493063018777,0.0027968651447736192,5.68281815330454,9.36487270039323e-6,0.01936401468212504,8653.10618465059,8602.601529504042,-50.50465514654934,23089.41289734932,-0.5836592556339779,2.3697974633638563,0.023524
8.0,4.17938260444788,4.179435931913486,5.332746560604562e-5,0.002684099368845545,0.0012759651521086447,0.06590568279918213,29865.36900249667,29865.3723542592,0.003351762530655833,5.68281815330454,1.1222906806795637e-5,0.01936401468212504,10708.963032150525,10649.795696388914,-59.16733576161096,23089.41289734932,-0.5525029415451185,2.3697974633638563,0.03126
9.0,4.1784530732397585,4.1785409128871684,8.783964740999295e-5,0.002684099368845545,0.00210220495169727,0.06590568279918213,29865.164878876516,29865.168844371692,0.003965495176089462,5.68281815330454,1.3277995256923016e-5,0.01936401468212504,14301.726506118921,14232.970341664477,-68.75616445444393,23089.41289734932,-0.4807542951197323,2.3697974633638563,0.050602
10.0,4.154340345868195,4.15544898916946,0.0011086433012650332,0.002684099368845545,0.026686386019567764,0.06590568279918213,29864.843619701838,29864.84846727512,0.004847573280130746,5.68281815330454,1.62317048830378e-5,0.01936401468212504,20029.611271051148,19946.28240009571,-83.32887095543629,23089.41289734932,-0.41602839829383875,2.3697974633638563,0.58049
11.0,4.084301034350091,4.089254251943814,0.004953217593723025,0.002684099368845545,0.12127454739660735,0.06590568279918213,29860.89024208104,29860.895359053768,0.005116972726682434,5.68281815330454,1.713603541354374e-5,0.01936401468212504,96897.44297860298,96812.1587117952,-85.2842668077792,23089.41289734932,-0.0880149818056724,2.3697974633638563,2.6467
12.0,4.05448757809754,4.061246286856543,0.006758708759003085,0.002684099368845545,0.16669699015761763,0.06590568279918213,29841.615509598872,29841.654986716396,0.03947711752334726,5.68281815330454,0.00013228880826056158,0.01936401468212504,470586.2161099958,469828.5177387924,-757.6983712033834,23089.41289734932,-0.161011594743837,2.3697974633638563,3.8424
13.0,4.0451790995151775,4.051805545552727,0.006626446037549805,0.002684099368845545,0.16381094321247722,0.06590568279918213,29810.015390311153,29810.281224629693,0.26583431853941875,5.68281815330454,0.0008917617621419282,0.01936401468212504,1.0656559339761867e6,1.0604902968704998e6,-5165.637105686823,23089.41289734932,-0.4847377977254575,2.3697974633638563,4.1121
14.0,4.180175199450576,4.178060959554811,-0.002114239895765202,0.002684099368845545,-0.0505777819083537,0.06590568279918213,29781.652542398035,29782.45371015351,0.8011677554750349,5.68281815330454,0.0026901386829843274,0.01936401468212504,1.5670801913104106e6,1.5516822512906394e6,-15397.940019771224,23089.41289734932,-0.982587879366613,2.3697974633638563,-0.23677
15.0,4.059570904427117,4.0644487669856755,0.004877862558558377,0.002684099368845545,0.12015709722519889,0.06590568279918213,29787.626005328177,29788.718804462547,1.0927991343705798,5.68281815330454,0.0036686345335983084,0.01936401468212504,1.373592030249342e6,1.353296712716704e6,-20295.317532638088,23089.41289734932,-1.4775360577007692,2.3697974633638563,3.1954
16.0,4.0384388073547495,4.0453235885437016,0.006884781188952083,0.002684099368845545,0.1704812556875596,0.06590568279918213,29790.077952013475,29791.408594694745,1.3306426812705467,5.68281815330454,0.00446673111568884,0.01936401468212504,1.2717585083828487e6,1.2477616333767138e6,-23996.875006134855,23089.41289734932,-1.8869050097135944,2.3697974633638563,4.134
17.0,4.064544584698424,4.0684791704101535,0.003934585711729888,0.002684099368845545,0.09680262154196105,0.06590568279918213,29760.44367060542,29762.34539361357,1.9017230081517482,5.68281815330454,0.00639010301459347,0.01936401468212504,1.810918625309208e6,1.7767477239010925e6,-34170.9014081154,23089.41289734932,-1.886937432226191,2.3697974633638563,2.8259
18.0,4.068873934190687,4.0721903510473565,0.0033164168566690577,0.002684099368845545,0.08150699457167389,0.06590568279918213,29745.0274566251,29747.3291528044,2.301696179300052,5.68281815330454,0.007738087257295155,0.01936401468212504,2.040961381494616e6,2.0004513096600762e6,-40510.07183453976,23089.41289734932,-1.9848524426696328,2.3697974633638563,2.5489
19.0,4.063509086924281,4.0673035032242,0.0037944162999190567,0.002684099368845545,0.09337782243748091,0.06590568279918213,29741.40678003897,29743.961549455747,2.554769416776253,5.68281815330454,0.0085899414095331,0.01936401468212504,2.0337240395616207e6,1.989937712628506e6,-43786.32693311479,23089.41289734932,-2.153012212146204,2.3697974633638563,2.6931
20.0,4.072138266988458,4.075332721276906,0.003194454288448334,0.002684099368845545,0.07844660664753868,0.06590568279918213,29735.460142154643,29738.281934293074,2.821792138431192,5.68281815330454,0.009489653514494847,0.01936401468212504,2.080128038503464e6,2.032792882088907e6,-47335.156414557016,23089.41289734932,-2.2755885954314627,2.3697974633638563,2.3144
21.0,4.041566043221377,4.047111119115393,0.005545075894016094,0.002684099368845545,0.13720116991076872,0.06590568279918213,29730.240980895178,29733.249382769285,3.0084018741072214,5.68281815330454,0.01011899592754878,0.01936401468212504,2.1141695708079184e6,2.064917983586877e6,-49251.587221041555,23089.41289734932,-2.329594934157544,2.3697974633638563,3.5036
22.0,4.058960157504029,4.06294921963054,0.003989062126510845,0.002684099368845545,0.09827793256694181,0.06590568279918213,29719.35149112896,29722.66711238287,3.315621253910649,5.68281815330454,0.011156438776600967,0.01936401468212504,2.2615973428362417e6,2.208025699059934e6,-53571.643776307814,23089.41289734932,-2.3687525078679244,2.3697974633638563,2.7033
23.0,4.107939622534316,4.108710742725611,0.000771120191295438,0.002684099368845545,0.018771458739690775,0.06590568279918213,29708.228633191393,29711.854295170862,3.6256619794694416,5.68281815330454,0.012204234807250292,0.01936401468212504,2.4082464908903837e6,2.3504327400786006e6,-57813.75081178313,23089.41289734932,-2.4006575336234817,2.3697974633638563,1.057
24.0,4.171568468956489,4.169776006974227,-0.001792461982262239,0.002684099368845545,-0.04296853798759823,0.06590568279918213,29714.391618362537,29717.969111191556,3.57749282901932,5.68281815330454,0.01203959641835152,0.01936401468212504,2.210631982209712e6,2.155733366555097e6,-54898.615654614754,23089.41289734932,-2.4833900937115274,2.3697974633638563,-0.44999
25.0,4.173042772188204,4.171907451470341,-0.001135320717862598,0.002684099368845545,-0.02720606473120988,0.06590568279918213,29734.970988711713,29738.357546938616,3.3865582269027072,5.68281815330454,0.011389142529139666,0.01936401468212504,1.74570886745016e6,1.69622310016441e6,-49485.767285750015,23089.41289734932,-2.834709051918294,2.3697974633638563,-0.4451
26.0,4.226779053096286,4.223441533740031,-0.0033375193562550365,0.002684099368845545,-0.07896129214064712,0.06590568279918213,29754.569654048686,29757.775705298794,3.2060512501084304,5.68281815330454,0.010774987799805685,0.01936401468212504,1.3280557094287588e6,1.2834026037623687e6,-44653.105666390155,23089.41289734932,-3.362291607902273,2.3697974633638563,-1.8319
27.0,4.188866416590946,4.188191232115093,-0.0006751844758525749,0.002684099368845545,-0.016118548760073972,0.06590568279918213,29775.511540050884,29778.55534800491,3.0438079540253966,5.68281815330454,0.010222521114141687,0.01936401468212504,904166.0242175119,863715.2562866289,-40450.76793088298,23089.41289734932,-4.473820830183273,2.3697974633638563,-0.6912
28.0,4.1800147068486035,4.180112257373488,9.755052488458205e-5,0.002684099368845545,0.0023337364034809183,0.06590568279918213,29790.833240042313,29793.66729512455,2.8340550822358637,5.68281815330454,0.009513178296827787,0.01936401468212504,609035.1309905774,573520.0107642934,-35515.12022628402,23089.41289734932,-5.8313746480469435,2.3697974633638563,-0.41631
29.0,4.145329891848719,4.146916573039896,0.0015866811911768863,0.002684099368845545,0.038276355141164994,0.06590568279918213,29792.854927969674,29795.418130550748,2.5632025810737105,5.68281815330454,0.008603413762362745,0.01936401468212504,584479.8137265964,554873.6170962228,-29606.196630373597,23089.41289734932,-5.065392496895122,2.3697974633638563,0.39479
30.0,4.106049717945901,4.109420078421218,0.0033703604753174687,0.002684099368845545,0.08208279750210942,0.06590568279918213,29789.966715781247,29792.30241253702,2.3356967557738244,5.68281815330454,0.007840548390195039,0.01936401468212504,650015.3224787676,625202.5657516486,-24812.756727118976,23089.41289734932,-3.817257204414511,2.3697974633638563,1.4094
31.0,4.166099594630626,4.166286433332085,0.0001868387014596351,0.002684099368845545,0.004484739195876102,0.06590568279918213,29778.155062273334,29780.305353688593,2.1502914152588346,5.68281815330454,0.007221036396519712,0.01936401468212504,882294.1516848379,861275.720858246,-21018.43082659191,23089.41289734932,-2.3822475516192534,2.3697974633638563,-0.067283
32.0,4.144982310774689,4.146024602054318,0.0010422912796288486,0.002684099368845545,0.025145855916428417,0.06590568279918213,29775.975459925103,29778.007761509565,2.0323015844624024,5.68281815330454,0.00682530648642439,0.01936401468212504,909201.6280761901,890543.966284319,-18657.661791871185,23089.41289734932,-2.052092870901425,2.3697974633638563,0.40082
33.0,4.229913587158551,4.227011861810414,-0.002901725348136708,0.002684099368845545,-0.06860010939575588,0.06590568279918213,29780.85703088851,29782.82701969128,1.9699888027716952,5.68281815330454,0.006614950002038006,0.01936401468212504,796575.4488889792,779154.6235404498,-17420.825348529383,23089.41289734932,-2.186964884848889,2.3697974633638563,-1.6765
34.0,4.268629287221082,4.263438399057732,-0.005190888163350671,0.002684099368845545,-0.12160550411089899,0.06590568279918213,29794.012955256512,29795.892587505034,1.879632248521375,5.68281815330454,0.006308758243960401,0.01936401468212504,528181.3674730603,512568.58642072225,-15612.781052338018,23089.41289734932,-2.955950742267398,2.3697974633638563,-3.0094
35.0,4.271557386377207,4.267047076786111,-0.004510309591096551,0.002684099368845545,-0.1055893479385474,0.06590568279918213,29824.40008858166,29826.077917877843,1.6778292961826082,5.68281815330454,0.005625693362479298,0.01936401468212504,-64632.28665872939,-76279.54684024009,11647.260181510697,23089.41289734932,-18.020807840221433,2.3697974633638563,-2.9658
36.0,4.272312158694625,4.26850150562281,-0.00381065307181494,0.002684099368845545,-0.08919416302621619,0.06590568279918213,29850.835017608446,29852.140350870206,1.3053332617600972,5.68281815330454,0.004372853426010045,0.01936401468212504,-548984.5407259479,-553473.977122643,4489.436396695091,23089.41289734932,-0.8177710051285779,2.3697974633638563,-2.8139
37.0,4.2570114740132,4.254700436190627,-0.0023110378225723593,0.002684099368845545,-0.0542877987686907,0.06590568279918213,29868.231165614867,29869.047052167818,0.8158865529512696,5.68281815330454,0.002731619922275614,0.01936401468212504,-836379.2722562428,-831739.9467680025,-4639.325488240342,23089.41289734932,0.5546915905418307,2.3697974633638563,-2.1029
38.0,4.25040863651591,4.2486202895519005,-0.0017883469640098681,0.002684099368845545,-0.042074706621050645,0.06590568279918213,29877.49940145691,29877.89887238992,0.399470933010889,5.68281815330454,0.0013370293398496718,0.01936401468212504,-957846.2884506417,-945909.4336174263,-11936.854833215359,23089.41289734932,1.2462182061094316,2.3697974633638563,-1.7886
39.0,4.226605289848721,4.226052073668191,-0.0005532161805303915,0.002684099368845545,-0.013088900964068782,0.06590568279918213,29880.983341513453,29881.109738315394,0.126396801941155,5.68281815330454,0.00042300081124021355,0.01936401468212504,-968085.5076418086,-951907.8791220079,-16177.628519800724,23089.41289734932,1.6710950006067482,2.3697974633638563,-1.0515
40.0,4.19721162495877,4.1978114172284196,0.0005997922696492353,0.002684099368845545,0.014290255608808552,0.06590568279918213,29880.068077472588,29880.056424639504,-0.01165283308364451,5.68281815330454,-3.8998683180477435e-5,0.01936401468212504,-898629.6588179579,-880917.3006452561,-17712.358172701788,23089.41289734932,1.9710409064397365,2.3697974633638563,-0.33154
41.0,4.181923931085034,4.182835392593674,0.0009114615086396327,0.002684099368845545,0.02179526752900899,0.06590568279918213,29872.846404384327,29872.822549457716,-0.02385492661051103,5.68281815330454,-7.985488321933035e-5,0.01936401468212504,-714316.8535798767,-697463.4176016003,-16853.435978276422,23089.41289734932,2.3593781798390436,2.3697974633638563,-0.00027238
42.0,4.180689403593384,4.181320335381048,0.0006309317876640463,0.002684099368845545,0.015091572866469062,0.06590568279918213,29863.856474990276,29863.852019455677,-0.00445553459940129,5.68281815330454,-1.4919488389359935e-5,0.01936401468212504,-508918.5730904414,-493366.6927800153,-15551.880310426117,23089.41289734932,3.055868096144793,2.3697974633638563,0.012859
43.0,4.179975228467169,4.180409442172637,0.0004342137054678119,0.002684099368845545,0.01038794925172419,0.06590568279918213,29857.41637099317,29857.438740571095,0.022369577924109763,5.68281815330454,7.492134498898596e-5,0.01936401468212504,-365969.0222913021,-351709.24371130945,-14259.77857999265,23089.41289734932,3.8964441554952773,2.3697974633638563,0.012859
44.0,4.179390889418321,4.179714791745614,0.0003239023272927355,0.002684099368845545,0.007749988834804001,0.06590568279918213,29853.629815184555,29853.69042001555,0.06060483099645353,5.68281815330454,0.00020300657364495048,0.01936401468212504,-282079.42596755765,-269213.51520395104,-12865.910763606604,23089.41289734932,4.561095060185754,2.3697974633638563,0.012859
45.0,4.1789154833261355,4.179169570785351,0.00025408745921584597,0.002684099368845545,0.00608022488680746,0.06590568279918213,29851.027540689676,29851.129765173515,0.10222448383865412,5.68281815330454,0.00034244879409699657,0.01936401468212504,-224479.7893214041,-212965.71148109573,-11514.077840308368,23089.41289734932,5.129226945158445,2.3697974633638563,0.012859
46.0,4.178525928597889,4.178730139496205,0.0002042108983157931,0.002684099368845545,0.004887151636852865,0.06590568279918213,29849.092242121802,29849.234061976193,0.14181985439063283,5.68281815330454,0.0004751228387123362,0.01936401468212504,-181704.8240868855,-171411.55292098515,-10293.27116590034,23089.41289734932,5.664830979379184,2.3697974633638563,0.012859
47.0,4.178205178043371,4.178372882414603,0.0001677043712318138,0.002684099368845545,0.004013789751472875,0.06590568279918213,29847.59145856044,29847.76969072522,0.1782321647806384,5.68281815330454,0.00059714086152677,0.01936401468212504,-148597.81299291694,-139389.34299406293,-9208.469998854009,23089.41289734932,6.196908159942394,2.3697974633638563,0.012859
48.0,4.177940329316343,4.1780794305913815,0.0001391012750389109,0.002684099368845545,0.0033294222529423427,0.06590568279918213,29846.395284747097,29846.606581149048,0.21129640195067623,5.68281815330454,0.0007079461353199278,0.01936401468212504,-122274.20322970147,-114025.47610532294,-8248.727124378522,23089.41289734932,6.746089450186525,2.3697974633638563,0.012859
49.0,4.17710034716433,4.177244262711821,0.0001439155474907139,0.002684099368845545,0.0034453457070623764,0.06590568279918213,29845.42274968552,29845.663861430672,0.24111174515201128,5.68281815330454,0.0008078684198050165,0.01936401468212504,-100934.29588539895,-93533.24930543189,-7401.046579967064,23089.41289734932,7.332538970074384,2.3697974633638563,0.026246
50.0,4.119070933777001,4.121876283776642,0.0028053499996403275,0.002684099368845545,0.06810637749974237,0.06590568279918213,29844.528259742518,29844.796090936,0.2678311934832891,5.68281815330454,0.000897421434013981,0.01936401468212504,-81576.08354987799,-74922.36200453303,-6653.721545344961,23089.41289734932,8.156461129047317,2.3697974633638563,1.4175
51.0,4.0894774339017745,4.093813225347362,0.004335791445587489,0.002684099368845545,0.10602311702819951,0.06590568279918213,29834.344382053194,29834.626419220545,0.2820371673515183,5.68281815330454,0.0009453439423363945,0.01936401468212504,119958.20905762307,126143.10121119642,6184.892153573353,23089.41289734932,5.155872367686301,2.3697974633638563,2.3404
52.0,4.099341926887756,4.102472711404674,0.0031307845169186166,0.002684099368845545,0.07637285624757646,0.06590568279918213,29813.34296248686,29813.667936317408,0.32497383054942475,5.68281815330454,0.001090028149336787,0.01936401468212504,522960.6749220704,528127.5897302241,5166.914808153699,23089.41289734932,0.988012111794764,2.3697974633638563,1.9203
53.0,4.072568202672332,4.077132421704583,0.004564219032251238,0.002684099368845545,0.11207225527263842,0.06590568279918213,29797.498862690118,29797.95374855585,0.4548858657326491,5.68281815330454,0.0015265907646437342,0.01936401468212504,803643.9205317722,806133.0138445804,2489.093312808196,23089.41289734932,0.3097258934231917,2.3697974633638563,2.8051
54.0,4.038195563752066,4.0452292537331545,0.007033689981088109,0.002684099368845545,0.1741790329379887,0.06590568279918213,29782.915581316152,29783.62725647744,0.71167516128844,5.68281815330454,0.0023895416126918693,0.01936401468212504,1.0492118384769177e6,1.0466701613151008e6,-2541.677161816857,23089.41289734932,-0.2422463289688446,2.3697974633638563,4.2382
55.0,4.033955340053716,4.040629030891894,0.006673690838178814,0.002684099368845545,0.1654378959507754,0.06590568279918213,29757.29302587334,29758.51947121091,1.2264453375719313,5.68281815330454,0.004121494977737266,0.01936401468212504,1.5040307812186952e6,1.4916428202779794e6,-12387.960940715857,23089.41289734932,-0.8236507587084132,2.3697974633638563,4.2743
56.0,4.061298990829062,4.064956915828808,0.0036579249997457097,0.002684099368845545,0.09006785779637937,0.06590568279918213,29730.92170797376,29732.88260134775,1.9608933739873464,5.68281815330454,0.006595467820499623,0.01936401468212504,1.953632530746354e6,1.9275777420450365e6,-26054.788701317506,23089.41289734932,-1.3336586226563136,2.3697974633638563,2.8574
56.99999999999999,4.027061768209667,4.03342333618038,0.006361567970713189,0.002684099368845545,0.15797045927958006,0.06590568279918213,29719.70334537773,29722.216234136275,2.5128887585451594,5.68281815330454,0.00845529556383,0.01936401468212504,2.0883419376205015e6,2.052850941616734e6,-35490.996003767475,23089.41289734932,-1.6994820323441202,2.3697974633638563,4.2757999999999905
57.999999999999986,4.011240745737476,4.018881699076374,0.007640953338897916,0.002684099368845545,0.1904885252030194,0.06590568279918213,29707.36419861178,29710.53458981451,3.170391202729661,5.68281815330454,0.010672071684090415,0.01936401468212504,2.2479757283466584e6,2.201281516279877e6,-46694.21206678124,23089.41289734932,-2.0771670920630405,2.3697974633638563,4.96619999999999
58.99999999999998,4.009561516149895,4.01671023624663,0.007148720096735062,0.002684099368845545,0.1782918173955212,0.06590568279918213,29683.166438699147,29687.383435344236,4.216996645089239,5.68281815330454,0.014206694066140361,0.01936401468212504,2.639494218333713e6,2.574354268005087e6,-65139.95032862574,23089.41289734932,-2.467895170073453,2.3697974633638563,4.866200000000002
59.99999999999997,4.025538516582502,4.030680497147884,0.005141980565381843,0.002684099368845545,0.12773398004267883,0.06590568279918213,29662.003162458113,29667.293817484333,5.290655026219611,5.68281815330454,0.017836472463585194,0.01936401468212504,2.9556189675982506e6,2.872301970284011e6,-83316.99731423939,23089.41289734932,-2.818935668894531,2.3697974633638563,3.878800000000028
60.99999999999997,4.054704111680496,4.057400880601581,0.0026967689210852797,0.002684099368845545,0.0665096353964923,0.06590568279918213,29650.833860466762,29656.882546464483,6.048685997720895,5.68281815330454,0.02039971633238134,0.01936401468212504,3.066147136766007e6,2.9715383928287216e6,-94608.74393728562,23089.41289734932,-3.0855904729044865,2.3697974633638563,2.5210000000000385
61.999999999999964,4.028421855321493,4.033552887863363,0.005131032541869196,0.002684099368845545,0.1273707850405778,0.06590568279918213,29652.361019671152,29658.59285876069,6.231839089537971,5.68281815330454,0.021016333523673936,0.01936401468212504,2.930216899924224e6,2.8358400099539487e6,-94376.88997027511,23089.41289734932,-3.2208158369681,2.3697974633638563,3.5650999999999633
62.99999999999996,4.031442805058583,4.036493338386242,0.005050533327659146,0.002684099368845545,0.1252785558887708,0.06590568279918213,29649.581477686188,29656.01758636777,6.436108681580663,5.68281815330454,0.021707249683859373,0.01936401468212504,2.8944016245691776e6,2.7994300893207095e6,-94971.53524846816,23089.41289734932,-3.281214826660567,2.3697974633638563,3.3848000000000074
63.99999999999995,4.0233204672269185,4.02895845051362,0.005637983286701065,0.002684099368845545,0.14013259278317086,0.06590568279918213,29639.27691936453,29646.07712414907,6.800204784540256,5.68281815330454,0.02294322092620758,0.01936401468212504,3.0122257671144223e6,2.9133009466931997e6,-98924.8204212226,23089.41289734932,-3.2841104242989116,2.3697974633638563,3.686899999999985
64.99999999999994,4.034711724199158,4.03931878179998,0.004607057600821918,0.002684099368845545,0.11418554572783916,0.06590568279918213,29630.010901158406,29637.116316693933,7.105415535526845,5.68281815330454,0.023980468853789905,0.01936401468212504,3.1054095176999997e6,3.0037330185432592e6,-101676.4991567405,23089.41289734932,-3.274173617914538,2.3697974633638563,3.1176000000000323
65.99999999999994,4.0399482628005705,4.044139669073294,0.004191406272723519,0.002684099368845545,0.10374900865235227,0.06590568279918213,29623.100428623915,29630.448060333347,7.34763170943188,5.68281815330454,0.02480372278092837,0.01936401468212504,3.150573458676788e6,3.047357257848909e6,-103216.2008278789,23089.41289734932,-3.276108371433712,2.3697974633638563,2.848700000000015
66.99999999999993,4.056712950443823,4.059842048194784,0.0031290977509605966,0.002684099368845545,0.07713382211621009,0.06590568279918213,29620.801306338693,29628.215654985866,7.414348647173028,5.68281815330454,0.025030884784289737,0.01936401468212504,3.10628226086164e6,3.0048990779747767e6,-101383.18288686313,23089.41289734932,-3.2638110246536587,2.3697974633638563,2.1836000000000477
67.99999999999993,4.127884038445528,4.1273588422703655,-0.0005251961751628897,0.002684099368845545,-0.012723132972520887,0.06590568279918213,29621.946547396954,29629.29764566711,7.3510982701554894,5.68281815330454,0.02481639165202488,0.01936401468212504,3.0001763633846026e6,2.902933551888765e6,-97242.81149583776,23089.41289734932,-3.2412365047145024,2.3697974633638563,0.18726000000014187
68.99999999999991,4.0991593754145494,4.100639167208753,0.0014797917942033223,0.002684099368845545,0.036099884358696606,0.06590568279918213,29637.191623692644,29644.215413897295,7.02379020465014,5.68281815330454,0.0236992434837691,0.01936401468212504,2.625028806634992e6,2.5367914554763474e6,-88237.35115864454,23089.41289734932,-3.361386013578855,2.3697974633638563,0.9150099999999379
69.99999999999991,4.138517235909989,4.138655191453009,0.00013795554302031832,0.002684099368845545,0.003333453388167037,0.06590568279918213,29651.684747639447,29658.33337826872,6.648630629271793,5.68281815330454,0.02242243800262002,0.01936401468212504,2.287115856997809e6,2.2082725543008065e6,-78843.30269700242,23089.41289734932,-3.4472806638005817,2.3697974633638563,0.005340200000077563
70.99999999999991,4.156352270358715,4.1559986837957545,-0.00035358656296047286,0.002684099368845545,-0.008507136545718164,0.06590568279918213,29660.918317178297,29667.261646615112,6.343329436815111,5.68281815330454,0.021386153216777965,0.01936401468212504,2.0688991194229648e6,1.9975924768771743e6,-71306.64254579041,23089.41289734932,-3.4465983322414724,2.3697974633638563,-0.37206999999996787
71.9999999999999,4.158506386115033,4.158485381810958,-2.1004304075589175e-5,0.002684099368845545,-0.0005050925049849893,0.06590568279918213,29676.02957034936,29682.05746359021,6.027893240847334,5.68281815330454,0.020312330618749853,0.01936401468212504,1.7426225548456588e6,1.6787345644023006e6,-63887.9904433582,23089.41289734932,-3.6661978387521015,2.3697974633638563,-0.37225
72.9999999999999,4.129778159996909,4.131356446662572,0.0015782866656630645,0.002684099368845545,0.03821722631377967,0.06590568279918213,29688.178955338786,29693.91027291989,5.731317581103212,5.68281815330454,0.01930504929158869,0.01936401468212504,1.4885648616904144e6,1.431431435282836e6,-57133.4264075784,23089.41289734932,-3.8381549825580104,2.3697974633638563,0.3374099999999294
73.99999999999989,4.102680627003647,4.105627510749367,0.0029468837457207187,0.002684099368845545,0.07182825117618154,0.06590568279918213,29692.046610608624,29697.4818638125,5.435253203875618,5.68281815330454,0.018305417862080498,0.01936401468212504,1.4056622536606856e6,1.355033930530381e6,-50628.32313030469,23089.41289734932,-3.6017416700531193,2.3697974633638563,1.0425999999999198
74.99999999999989,4.131585865851919,4.1329695234878425,0.0013836576359231856,0.002684099368845545,0.033489746573084476,0.06590568279918213,29686.885269668895,29692.043038216245,5.157768547349406,5.68281815330454,0.017373895915645622,0.01936401468212504,1.4985320075778991e6,1.4538243670149106e6,-44707.640562988585,23089.41289734932,-2.9834291384439795,2.3697974633638563,0.33741000000008015
75.99999999999987,4.162869845688447,4.162791719018859,-7.812666958795234e-5,0.002684099368845545,-0.0018767502344294866,0.06590568279918213,29685.864796250782,29690.795469305554,4.930673054772342,5.68281815330454,0.0166094977815673,0.01936401468212504,1.4997252420428013e6,1.4597678261601184e6,-39957.41588268289,23089.41289734932,-2.664315753481365,2.3697974633638563,-0.37218999999990926
76.99999999999987,4.1883179638360195,4.187238295513028,-0.001079668322991445,0.002684099368845545,-0.02577808877725684,0.06590568279918213,29695.428016278933,29700.176233476075,4.748217197142367,5.68281815330454,0.015989724729811642,0.01936401468212504,1.2907712518397912e6,1.2545752389621518e6,-36196.01287763938,23089.41289734932,-2.8042159155658037,2.3697974633638563,-0.9656499999999242
77.99999999999987,4.143823389771074,4.145161319052524,0.0013379292814494903,0.002684099368845545,0.032287314289313966,0.06590568279918213,29709.829307973396,29714.379547141467,4.55023916807113,5.68281815330454,0.015315601853188554,0.01936401468212504,997354.6189924743,965161.2212836829,-32193.397708791425,23089.41289734932,-3.2278787399925144,2.3697974633638563,0.13473999999985925
78.99999999999986,4.130661171654274,4.132668047705917,0.0020068760516434025,0.002684099368845545,0.04858486252552339,0.06590568279918213,29715.22481188807,29719.566442737865,4.341630849794456,5.68281815330454,0.01461079590438607,0.01936401468212504,894523.1346055563,866447.7469667742,-28075.387638782035,23089.41289734932,-3.1385870921227763,2.3697974633638563,0.46978999999995236
79.99999999999986,4.13110663459912,4.132910334714725,0.0018037001156052668,0.002684099368845545,0.04366142719480531,0.06590568279918213,29710.4082687733,29714.553522022023,4.145253248723748,5.68281815330454,0.01395219214500178,0.01936401468212504,992858.014751621,968555.1736154641,-24302.84113615693,23089.41289734932,-2.447766022439439,2.3697974633638563,0.4679900000000003
80.99999999999984,4.117377844260735,4.119704386849572,0.0023265425888370217,0.002684099368845545,0.05650544295029951,0.06590568279918213,29707.416961757437,29711.392286901195,3.9753251437578,5.68281815330454,0.013381591367823274,0.01936401468212504,1.0450253560395675e6,1.0238897513964992e6,-21135.604643068276,23089.41289734932,-2.0224968246864266,2.3697974633638563,0.8047199999999474
81.99999999999984,4.117234225274231,4.11944748311497,0.0022132578407392245,0.002684099368845545,0.05375593710828557,0.06590568279918213,29704.071979897824,29707.911176086465,3.8391961886409263,5.68281815330454,0.012924814453853652,0.01936401468212504,1.0993295618101738e6,1.08064307659934e6,-18686.48521083384,23089.41289734932,-1.6998073971616272,2.3697974633638563,0.8071699999999997
82.99999999999983,4.09192245582162,4.095346917019045,0.0034244611974250105,0.002684099368845545,0.08368832093953771,0.06590568279918213,29700.03903070291,29703.765404864793,3.7263741618844506,5.68281815330454,0.012546697861347083,0.01936401468212504,1.1631021632008262e6,1.1463863384791561e6,-16715.82472167001,23089.41289734932,-1.4371759636031032,2.3697974633638563,1.493199999999883
83.99999999999983,4.069430401301869,4.074053140287652,0.004622738985783137,0.002684099368845545,0.1135967083821917,0.06590568279918213,29693.030360734698,29696.65644800317,3.6260872684724745,5.68281815330454,0.012211913787241869,0.01936401468212504,1.2813828300214335e6,1.266386319578356e6,-14996.510443077423,23089.41289734932,-1.1703380201236642,2.3697974633638563,2.2073999999998777
84.99999999999983,4.039929987604506,4.046359397117478,0.006429409512972661,0.002684099368845545,0.15914655780421108,0.06590568279918213,29679.546840313636,29683.088580666365,3.541740352728084,5.68281815330454,0.011933269641156883,0.01936401468212504,1.520315865531224e6,1.5067226458104046e6,-13593.2197208195,23089.41289734932,-0.8941049704871559,2.3697974633638563,3.32389999999981
85.99999999999982,4.019617098357343,4.027207943607215,0.007590845249872302,0.002684099368845545,0.18884498359245158,0.06590568279918213,29659.726741769613,29663.281105566955,3.5543637973423756,5.68281815330454,0.011983804936195809,0.01936401468212504,1.8711278777957277e6,1.8570371982592144e6,-14090.679536513286,23089.41289734932,-0.753058072819306,2.3697974633638563,4.170799999999843
86.99999999999982,4.009628361364273,4.017395963402287,0.0077676020380144095,0.002684099368845545,0.19372374040599336,0.06590568279918213,29635.01650353976,29638.813300475507,3.7967969357487164,5.68281815330454,0.012811860372324098,0.01936401468212504,2.3008433157067746e6,2.281844085953538e6,-18999.229753236752,23089.41289734932,-0.8257506986042009,2.3697974633638563,4.525099999999935
87.9999999999998,4.010590729756508,4.017575811558097,0.006985081801588855,0.002684099368845545,0.1741659090209121,0.06590568279918213,29611.141368380966,29615.471441011072,4.33007263010586,5.68281815330454,0.014623119643505364,0.01936401468212504,2.694734552820737e6,2.66544569619166e6,-29288.85662907688,23089.41289734932,-1.086892087327062,2.3697974633638563,4.3083000000000435
88.9999999999998,4.008602362628379,4.015309229279408,0.006706866651029486,0.002684099368845545,0.16731184698079898,0.06590568279918213,29592.528367553336,29597.544742059083,5.0163745057470805,5.68281815330454,0.01695149006344207,0.01936401468212504,2.9702234094344797e6,2.9282214551275684e6,-42001.95430691121,23089.41289734932,-1.4141008441822307,2.3697974633638563,4.25680000000001
89.99999999999979,3.995201649690727,4.002905397197711,0.007703747506984104,0.002684099368845545,0.19282499814697612,0.06590568279918213,29578.29194977533,29584.016311345025,5.724361569697066,5.68281815330454,0.01935325264696546,0.01936401468212504,3.1526948289574375e6,3.09818102655453e6,-54513.80240290752,23089.41289734932,-1.729117639366784,2.3697974633638563,4.815599999999881
90.99999999999979,3.9854919579882098,3.99381360678754,0.008321648799330283,0.002684099368845545,0.20879853446074628,0.06590568279918213,29562.076174799167,29568.62912734865,6.552952549482143,5.68281815330454,0.022166753480827403,0.01936401468212504,3.3719911518795397e6,3.3031252381770187e6,-68865.91370252101,23089.41289734932,-2.0422922422004377,2.3697974633638563,5.202799999999917
91.99999999999979,3.99576743831631,4.002626206270722,0.006858767954411427,0.002684099368845545,0.1716508295413082,0.06590568279918213,29542.788069530678,29550.347971981697,7.559902451019298,5.68281815330454,0.025589671608605882,0.01936401468212504,3.646292368064501e6,3.560155911548636e6,-86136.45651586493,23089.41289734932,-2.362302520507627,2.3697974633638563,4.503400000000149
92.99999999999977,3.9907984743689693,3.997913471368181,0.007114996999211698,0.002684099368845545,0.17828504859135316,0.06590568279918213,29528.817670348635,29537.23469339131,8.417023042675282,5.68281815330454,0.028504436366672534,0.01936401468212504,3.8073541320977467e6,3.7075954893538477e6,-99758.64274389902,23089.41289734932,-2.6201566568995456,2.3697974633638563,4.6357999999999695
93.99999999999977,4.014800433829893,4.019681308322312,0.0048808744924189185,0.002684099368845545,0.12157203260444106,0.06590568279918213,29518.647223542062,29527.78083266807,9.133609126009105,5.68281815330454,0.030941828251278263,0.01936401468212504,3.892258225776322e6,3.78205868095502e6,-110199.5448213024,23089.41289734932,-2.831249583892209,2.3697974633638563,3.3841000000002848
94.99999999999976,4.061285527127735,4.062952484214906,0.001666957087170573,0.002684099368845545,0.041045060142557765,0.06590568279918213,29514.19723630927,29523.742741393984,9.545505084715842,5.68281815330454,0.03234207933317146,0.01936401468212504,3.8667309240394537e6,3.752310927778739e6,-114419.99626071472,23089.41289734932,-2.9590886593469943,2.3697974633638563,1.5935000000004325
95.99999999999976,4.068796384419135,4.070671062883017,0.00187467846388234,0.002684099368845545,0.046074521474241105,0.06590568279918213,29525.23443578721,29534.551279892457,9.316844105247583,5.68281815330454,0.0315555296453624,0.01936401468212504,3.5438682129526325e6,3.437715993278702e6,-106152.21967393067,23089.41289734932,-2.9953771781340643,2.3697974633638563,1.370300000000054
96.99999999999974,4.113874740072471,4.114080897812436,0.00020615773996546238,0.002684099368845545,0.005011278976418973,0.06590568279918213,29539.769727697156,29548.675570133568,8.905842436412058,5.68281815330454,0.030148652201786596,0.01936401468212504,3.174792615919107e6,3.079738231190988e6,-95054.38472811924,23089.41289734932,-2.9940344528803453,2.3697974633638563,0.2213400000002939
97.99999999999974,4.212429191874153,4.207685614426915,-0.004743577447237968,0.002684099368845545,-0.1126090726079956,0.06590568279918213,29555.19895061604,29563.717926511305,8.518975895265612,5.68281815330454,0.028823950430853198,0.01936401468212504,2.808865452637973e6,2.72369763015264e6,-85167.82248533284,23089.41289734932,-3.032107586546969,2.3697974633638563,-2.500799999999304
98.99999999999974,4.197776700696122,4.195187022030381,-0.002589678665740891,0.002684099368845545,-0.06169167276838337,0.06590568279918213,29590.377837599313,29598.623072222286,8.24523462297293,5.68281815330454,0.027864580399159483,0.01936401468212504,2.0721281140420137e6,1.9940880234567048e6,-78040.09058530885,23089.41289734932,-3.7661807711821114,2.3697974633638563,-1.848500000000167
99.99999999999973,4.197008988280989,4.195447310055442,-0.0015616782255465367,0.002684099368845545,-0.037209313344505585,0.06590568279918213,29625.136383121095,29633.07023992741,7.933856806313997,5.68281815330454,0.026780827955392328,0.01936401468212504,1.380975837010354e6,1.3104949408305527e6,-70480.89617980132,23089.41289734932,-5.103702345175274,2.3697974633638563,-1.6727000000000476
100.99999999999973,4.180169559121842,4.1799977435895705,-0.0001718155322718573,0.002684099368845545,-0.004110252702475346,0.06590568279918213,29642.582230125743,29649.956166542062,7.373936416319339,5.68281815330454,0.02487616078475515,0.01936401468212504,1.0592857884550071e6,1.0009292072139829e6,-58356.58124102419,23089.41289734932,-5.509049765138322,2.3697974633638563,-1.0737000000001617
101.99999999999972,4.1827337888296405,4.18256833126733,-0.00016545756231067799,0.002684099368845545,-0.0039557277767126135,0.06590568279918213,29652.696942918257,29659.521620787105,6.8246778688480845,5.68281815330454,0.023015369839666382,0.01936401468212504,886520.9196312319,839511.4108309873,-47009.50880024466,23089.41289734932,-5.302695938613531,2.3697974633638563,-1.0650000000000024
102.99999999999972,4.1993224308023995,4.1982500560162315,-0.0010723747861680621,0.002684099368845545,-0.025536852762295618,0.06590568279918213,29659.154461890535,29665.50813860982,6.353676719285431,5.68281815330454,0.02142231238402079,0.01936401468212504,784129.6781699018,746477.4657541831,-37652.212415718706,23089.41289734932,-4.801783871208149,2.3697974633638563,-1.4700999999998847
103.9999999999997,4.209736722608667,4.208186484343423,-0.0015502382652439195,0.002684099368845545,-0.036825064544256735,0.06590568279918213,29669.655105091086,29675.554465715337,5.8993606242511305,5.68281815330454,0.01988348230997416,0.01936401468212504,599141.1200359601,570217.4739314972,-28923.64610446291,23089.41289734932,-4.827518115052248,2.3697974633638563,-1.7156999999999267
104.9999999999997,4.207070578134448,4.205928106946536,-0.0011424711879115534,0.002684099368845545,-0.027155978648168114,0.06590568279918213,29683.208060701483,29688.642424575246,5.434363873762777,5.68281815330454,0.018307872459909412,0.01936401468212504,357874.59404050757,337628.1426740846,-20246.45136642299,23089.41289734932,-5.657415112325998,2.3697974633638563,-1.5508000000000493
105.9999999999997,4.212744711848893,4.211431622889951,-0.0013130889589421102,0.002684099368845545,-0.031169440560897897,0.06590568279918213,29694.405787625918,29699.406611469498,5.000823843580292,5.68281815330454,0.016840962837734934,0.01936401468212504,170052.89079614237,157607.0561542494,-12445.834641892958,23089.41289734932,-7.318802158331371,2.3697974633638563,-1.6472999999999711
106.99999999999969,4.205580901829479,4.204806457741429,-0.0007744440880497194,0.002684099368845545,-0.01841467578742396,0.06590568279918213,29703.650082499953,29708.24675746185,4.596674961896497,5.68281815330454,0.015475118206447798,0.01936401468212504,24140.238867333628,18714.078596941727,-5426.160270391902,23089.41289734932,-22.4776577407216,2.3697974633638563,-1.3644000000000884
107.99999999999969,4.214788813649427,4.213529534191034,-0.0012592794583934364,0.002684099368845545,-0.029877640709193052,0.06590568279918213,29710.937603253456,29715.183159158503,4.2455559050467855,5.68281815330454,0.014289538626279777,0.01936401468212504,-81868.09840792,-81479.58898161516,-388.5094263048377,23089.41289734932,0.4745553321258686,2.3697974633638563,-1.5765999999999336
108.99999999999967,4.211471579125548,4.21045366752033,-0.0010179116052180248,0.002684099368845545,-0.024169974463638187,0.06590568279918213,29717.741452322203,29721.66935037832,3.927898056117556,5.68281815330454,0.013217350525844291,0.01936401468212504,-178609.68368027775,-173165.22067922767,-5444.463001050084,23089.41289734932,3.0482462590303925,2.3697974633638563,-1.4219000000000506
109.99999999999967,4.2159380624875356,4.214716661291151,-0.0012214011963846971,0.002684099368845545,-0.02897104222788397,0.06590568279918213,29724.84890772592,29728.480560594948,3.6316528690294945,5.68281815330454,0.012217565446011656,0.01936401468212504,-281298.6327689596,-271292.45216990105,-10006.18059905857,23089.41289734932,3.557138013989921,2.3697974633638563,-1.4996999999999745
110.99999999999966,4.208649426670412,4.207870831341491,-0.0007785953289207725,0.002684099368845545,-0.018499885592436774,0.06590568279918213,29730.949354963384,29734.325255652868,3.3759006894833874,5.68281815330454,0.011354836501108242,0.01936401468212504,-363262.92659446876,-349552.05911007477,-13710.867484393995,23089.41289734932,3.7743646490246507,2.3697974633638563,-1.242000000000088
111.99999999999966,4.216437049053326,4.2152188432205815,-0.0012182058327443457,0.002684099368845545,-0.028891830200995342,0.06590568279918213,29735.70795071399,29738.871834324345,3.163883610355697,5.68281815330454,0.010640014408265428,0.01936401468212504,-418859.48668359144,-402328.8755352358,-16530.611148355645,23089.41289734932,3.9465767575757336,2.3697974633638563,-1.421299999999939
112.99999999999966,4.235695314699617,4.233307416512059,-0.002387898187557802,0.002684099368845545,-0.05637558913340169,0.06590568279918213,29740.273379811853,29743.251679758625,2.9782999467715854,5.68281815330454,0.01001436640724796,0.01936401468212504,-471780.3994797577,-452940.85885010764,-18839.54062965006,23089.41289734932,3.993285997134434,2.3697974633638563,-1.9788999999998098
113.99999999999966,4.250918718275998,4.247666848859751,-0.0032518694162471107,0.002684099368845545,-0.0764980379950887,0.06590568279918213,29750.063036149484,29752.77700389465,2.713967745166883,5.68281815330454,0.00912256132657307,0.01936401468212504,-628119.4685691823,-605404.0603031482,-22715.408266034094,23089.41289734932,3.6164152526235815,2.3697974633638563,-2.4494999999998397
114.99999999999967,4.2336766991998145,4.231875983117599,-0.0018007160822151036,0.002684099368845545,-0.042533150501441165,0.06590568279918213,29764.364906040693,29766.71781185294,2.352905812247627,5.68281815330454,0.007905110086088562,0.01936401468212504,-867448.3114620541,-839045.7843511411,-28402.52711091307,23089.41289734932,3.2742616171609797,2.3697974633638563,-1.7710000000002217
115.99999999999967,4.195580372851343,4.195919536368296,0.00033916351695317815,0.002684099368845545,0.008083828381594807,0.06590568279918213,29773.260631200046,29775.339215893568,2.0785846935214067,5.68281815330454,0.006981380774073541,0.01936401468212504,-990851.447930718,-958656.5896023796,-32194.858328338363,23089.41289734932,3.249211412626354,2.3697974633638563,-0.67000000000036
116.99999999999967,4.195658041225576,4.195725921683115,6.78804575393599e-5,0.002684099368845545,0.001617873927578989,0.06590568279918213,29769.380058572267,29771.41931961393,2.039261041663849,5.68281815330454,0.0068501965363455125,0.01936401468212504,-861615.5119125905,-830304.3147829978,-31311.19712959265,23089.41289734932,3.6340103789553315,2.3697974633638563,-0.6540700000000051
117.99999999999969,4.201625107412257,4.201104859743445,-0.0005202476688115354,0.002684099368845545,-0.012382058263450145,0.06590568279918213,29762.890840199925,29764.966693544266,2.0758533443404303,5.68281815330454,0.006974636151729697,0.01936401468212504,-693843.342873422,-664700.8245147406,-29142.51835868135,23089.41289734932,4.20015824292456,2.3697974633638563,-0.797889999999955
118.99999999999969,4.285931090112366,4.279796849781505,-0.006134240330861296,0.002684099368845545,-0.14312503402149826,0.06590568279918213,29761.98512597719,29764.06341160112,2.0782856239311513,5.68281815330454,0.0069830208406265176,0.01936401468212504,-647698.1692683598,-619828.351694589,-27869.817573770764,23089.41289734932,4.302902014568379,2.3697974633638563,-3.667599999999103
119.9999999999997,4.2790348279575685,4.27405683496912,-0.004977992988448143,0.002684099368845545,-0.11633448169021321,0.06590568279918213,29781.79988048849,29783.545388149705,1.745507661216834,5.68281815330454,0.005860987812091241,0.01936401468212504,-1.0115802346176463e6,-978265.8894083593,-33314.345209287014,23089.41289734932,3.2932973647788852,2.3697974633638563,-3.248100000000125
120.9999999999997,4.254772637110837,4.252349251931467,-0.002423385179369575,0.002684099368845545,-0.056956866701463785,0.06590568279918213,29809.09828747185,29810.317695603142,1.219408131291857,5.68281815330454,0.0040907246490053985,0.01936401468212504,-1.5014000376524134e6,-1.4591233188673072e6,-42276.718785106204,23089.41289734932,2.8158197498922415,2.3697974633638563,-2.1471000000003286
121.99999999999972,4.240356716967376,4.238900561151574,-0.0014561558158021626,0.002684099368845545,-0.03434040843723114,0.06590568279918213,29816.994081241042,29817.9442984888,0.950217247758701,5.68281815330454,0.003186831124457704,0.01936401468212504,-1.585824978903328e6,-1.5400614097269552e6,-45763.56917637284,23089.41289734932,2.885789402057501,2.3697974633638563,-1.5972000000001563
122.99999999999972,4.231562420554551,4.230373304218688,-0.0011891163358628276,0.002684099368845545,-0.028101117688510733,0.06590568279918213,29815.568294528992,29816.42367803111,0.8553835021193663,5.68281815330454,0.0028689156405458317,0.01936401468212504,-1.4905766802968844e6,-1.4447869562737136e6,-45789.72402317077,23089.41289734932,3.071946893335983,2.3697974633638563,-1.3075000000000823
123.99999999999973,4.212928378326881,4.212440490431989,-0.0004878878948915144,0.002684099368845545,-0.011580730814257846,0.06590568279918213,29813.139974887777,29813.988883148402,0.8489082606247393,5.68281815330454,0.0028474298961457677,0.01936401468212504,-1.3871937232351683e6,-1.342969405817362e6,-44224.31741780625,23089.41289734932,3.1880419206819743,2.3697974633638563,-0.8083700000001348
124.99999999999973,4.190581567617438,4.1908447125862125,0.00026314496877422044,0.002684099368845545,0.006279437937866746,0.06590568279918213,29808.920479063683,29809.835013056214,0.914533992530778,5.68281815330454,0.0030679876286466047,0.01936401468212504,-1.2575274055027447e6,-1.2160956173195273e6,-41431.7881832174,23089.41289734932,3.294702604644505,2.3697974633638563,-0.2940800000001389
125.99999999999974,4.178293020945838,4.178773672810715,0.000480651864877224,0.002684099368845545,0.011503546124403193,0.06590568279918213,29801.29714385053,29802.326053706387,1.0289098558569094,5.68281815330454,0.0034525673526570773,0.01936401468212504,-1.0697042563012678e6,-1.0318041048999379e6,-37900.1514013299,23089.41289734932,3.54304950906504,2.3697974633638563,-0.03914300000006521
126.99999999999974,4.176137083127129,4.176423572092822,0.00028648896569283266,0.002684099368845545,0.00686014275849171,0.06590568279918213,29792.743096255308,29793.89009844125,1.147002185942256,5.68281815330454,0.0038499381619090467,0.01936401468212504,-874411.0637926954,-839891.656226275,-34519.407566420385,23089.41289734932,3.9477322504011934,2.3697974633638563,-0.012101000000006919
127.99999999999974,4.174668927957838,4.1748118946981725,0.000142966740334316,0.002684099368845545,0.0034246246301560587,0.06590568279918213,29786.144625814588,29787.405790447803,1.2611646332152304,5.68281815330454,0.004234064693697297,0.01936401468212504,-727295.2775290124,-695896.2093842509,-31399.06814476149,23089.41289734932,4.3172380070223895,2.3697974633638563,-0.00027238000000302576
128.99999999999974,4.173271294375637,4.173342091734293,7.079735865556103e-5,0.002684099368845545,0.0016964475506534976,0.06590568279918213,29781.611167346276,29782.9857965762,1.374629229921993,5.68281815330454,0.004615697996316567,0.01936401468212504,-626640.1254620994,-598198.559913403,-28441.56554869644,23089.41289734932,4.538739923129395,2.3697974633638563,0.012858999999996642
129.99999999999977,4.172592698199015,4.172598167414649,5.469215634157365e-6,0.002684099368845545,0.00013107475446903796,0.06590568279918213,29778.082613469218,29779.565216930896,1.4826034616780817,5.68281815330454,0.004978841253558316,0.01936401468212504,-548720.4529811292,-522999.5946917252,-25720.858289403957,23089.41289734932,4.687424744178164,2.3697974633638563,0.012859
130.99999999999977,4.172009903539732,4.17197087368156,-3.9029858172057175e-5,0.002684099368845545,-0.0009355169109004843,0.06590568279918213,29775.22658449401,29776.808679034435,1.582094540426624,5.68281815330454,0.005313459281114349,0.01936401468212504,-485963.46214678854,-462688.6388696406,-23274.823277147952,23089.41289734932,4.789418359629193,2.3697974633638563,0.012859
131.99999999999977,4.171513620497482,4.171444053743464,-6.956675401781354e-5,0.002684099368845545,-0.001667662156872383,0.06590568279918213,29772.90289094995,29774.575862246187,1.6729712962369376,5.68281815330454,0.005619107086616904,0.01936401468212504,-435032.4087184101,-413946.1284447743,-21086.280273635814,23089.41289734932,4.847059633040959,2.3697974633638563,0.012859
132.99999999999977,4.17108883731307,4.1709981495455715,-9.068776749820984e-5,0.002684099368845545,-0.0021741988971069014,0.06590568279918213,29770.94777493716,29772.703292012462,1.755517075300304,5.68281815330454,0.005896745674916657,0.01936401468212504,-392292.34298612113,-373158.69447669445,-19133.648509426683,23089.41289734932,4.877395353623716,2.3697974633638563,0.012859
133.9999999999998,4.170723577289982,4.170618412282634,-0.0001051650073478072,0.002684099368845545,-0.002521505091357324,0.06590568279918213,29769.272079972103,29771.10235124404,1.8302712719378178,5.68281815330454,0.006148189539270498,0.01936401468212504,-355761.85876371275,-338368.5801204316,-17393.27864328114,23089.41289734932,4.8890228715701864,2.3697974633638563,0.012859
134.9999999999998,4.17040816496526,4.17029335419003,-0.00011481077523001204,0.002684099368845545,-0.002752986534855598,0.06590568279918213,29767.816916786014,29769.71484478341,1.8979279973973462,5.68281815330454,0.006375771534415439,0.01936401468212504,-324131.18884033634,-308290.2639909251,-15840.92484941124,23089.41289734932,4.887195492074142,2.3697974633638563,0.012859
135.9999999999998,4.164566103558624,4.164679329791312,0.00011322623268839038,0.002684099368845545,0.0027188002272706996,0.06590568279918213,29766.540320181466,29768.499500708735,1.9591805272684724,5.68281815330454,0.006581821421618703,0.01936401468212504,-296466.5001573167,-282012.0953155452,-14454.404841771466,23089.41289734932,4.875560926479516,2.3697974633638563,0.13366999999997597
136.9999999999998,4.115161979230094,4.117530109172209,0.002368129942115438,0.002684099368845545,0.0575464575651647,0.06590568279918213,29764.59111917929,29766.605573270692,2.014454091400694,5.68281815330454,0.006767954860641939,0.01936401468212504,-255952.00415068012,-242733.58559613753,-13218.418554542586,23089.41289734932,5.16441299157042,2.3697974633638563,1.3163999999997649
137.9999999999998,4.066253282423366,4.071497277014616,0.005243994591249468,0.002684099368845545,0.12896379608021374,0.06590568279918213,29754.390283406134,29756.4575870259,2.0673036197658803,5.68281815330454,0.00694789441179981,0.01936401468212504,-54460.058935057634,-42403.01284210315,-12057.046092954486,23089.41289734932,22.13924540061963,2.3697974633638563,2.950599999999675
138.99999999999983,4.033446298963368,4.040746526297453,0.007300227334084752,0.002684099368845545,0.18099230268569527,0.06590568279918213,29730.111876508854,29732.30569205409,2.1938155452371575,5.68281815330454,0.007379102891875067,0.01936401468212504,413204.54646712163,422677.257329602,9472.710862480395,23089.41289734932,2.2924991855659873,2.3697974633638563,4.334499999999765
139.99999999999983,4.00400634310248,4.01316155636044,0.009155213257959538,0.002684099368845545,0.22865131754176182,0.06590568279918213,29696.94674550669,29699.56903568016,2.622290173469082,5.68281815330454,0.008830167612654823,0.01936401468212504,1.0313124327630344e6,1.032374618201006e6,1062.1854379716096,23089.41289734932,0.10299356472663304,2.3697974633638563,5.720499999999764
140.99999999999983,4.00346129383228,4.011455767118589,0.007994473286308867,0.002684099368845545,0.1996890365500755,0.06590568279918213,29659.438197606785,29663.12994203947,3.6917444326863915,5.68281815330454,0.01244711517490671,0.01936401468212504,1.7058305632808248e6,1.686316000604548e6,-19514.56267627678,23089.41289734932,-1.1439918533728468,2.3697974633638563,5.455200000000045
141.99999999999983,3.991935533518759,4.000133433944258,0.00819790042549906,0.002684099368845545,0.2053615434584156,0.06590568279918213,29627.052805247622,29632.21950816502,5.166702917398652,5.68281815330454,0.01743913899017155,0.01936401468212504,2.2513349060487417e6,2.204342717876031e6,-46992.188172710594,23089.41289734932,-2.0873033170877866,2.3697974633638563,5.823699999999937
142.99999999999986,3.9840623126192525,3.992397482773942,0.008335170154689653,0.002684099368845545,0.20921284610154203,0.06590568279918213,29601.33206972109,29608.17736270036,6.8452929792692885,5.68281815330454,0.023124949117648903,0.01936401468212504,2.6480891683400106e6,2.5709088396975603e6,-77180.32864245027,23089.41289734932,-2.9145668342743827,2.3697974633638563,6.015099999999974
143.99999999999986,4.021280887687727,4.025351978300183,0.004071090612455919,0.002684099368845545,0.10123865320924728,0.06590568279918213,29576.11703066898,29584.869350367946,8.752319698967767,5.68281815330454,0.029592524569374817,0.01936401468212504,3.02633449626521e6,2.915746092287506e6,-110588.40397770423,23089.41289734932,-3.654202934744359,2.3697974633638563,3.7866000000003166
144.99999999999986,4.041831314065559,4.044261532762406,0.0024302186968476747,0.002684099368845545,0.06012667298584487,0.06590568279918213,29565.977396766324,29575.750276487,9.772879720676428,5.68281815330454,0.033054478766344805,0.01936401468212504,3.099574842571497e6,2.974329710028861e6,-125245.13254263578,23089.41289734932,-4.04071974073479,2.3697974633638563,2.765500000000145
145.99999999999986,4.050366513522117,4.0527699730216655,0.002403459499548788,0.002684099368845545,0.059339308961913875,0.06590568279918213,29571.12092510826,29580.900702027266,9.779776919007418,5.68281815330454,0.0330720534530147,0.01936401468212504,2.881007994685898e6,2.7611375994445365e6,-119870.39524136158,23089.41289734932,-4.160710260522219,2.3697974633638563,2.394400000000053
146.9999999999999,4.035809898255486,4.039804400248032,0.003994501992545807,0.002684099368845545,0.09897646552362302,0.06590568279918213,29575.915857502685,29585.566425917554,9.650568414868758,5.68281815330454,0.0326298210387309,0.01936401468212504,2.6913149471470127e6,2.578561704269455e6,-112753.24287755787,23089.41289734932,-4.189522411603459,2.3697974633638563,2.947999999999937
147.9999999999999,4.063727911431454,4.065958960628168,0.002231049196714352,0.002684099368845545,0.0549015398013806,0.06590568279918213,29573.57008084827,29583.22339828096,9.653317432690528,5.68281815330454,0.032641704759690075,0.01936401468212504,2.6570899772464037e6,2.548109187222386e6,-108980.79002401792,23089.41289734932,-4.10150920583265,2.3697974633638563,1.89240000000012
148.9999999999999,4.043647367787407,4.047485651375937,0.0038382835885304445,0.002684099368845545,0.09492132323671604,0.06590568279918213,29573.069288187824,29582.63175270363,9.562464515805914,5.68281815330454,0.032335042476045545,0.01936401468212504,2.5900238340916866e6,2.486266648264028e6,-103757.18582765851,23089.41289734932,-4.006032085957457,2.3697974633638563,2.599899999999919
149.9999999999999,4.065508362544973,4.068051695763011,0.002543333218038235,0.002684099368845545,0.06255879932432683,0.06590568279918213,29572.550746551162,29581.980640636302,9.429894085140404,5.68281815330454,0.031887320664214756,0.01936401468212504,2.5287963169214847e6,2.4306686772831953e6,-98127.63963828934,23089.41289734932,-3.8804089906991135,2.3697974633638563,1.8149000000000892
150.9999999999999,4.081080904381131,4.082825621274096,0.0017447168929649592,0.002684099368845545,0.04275134293691573,0.06590568279918213,29570.74777210874,29580.08553556264,9.337763453899242,5.68281815330454,0.03157770485163944,0.01936401468212504,2.4973525295075593e6,2.4036831271661273e6,-93669.40234143194,23089.41289734932,-3.7507480916161304,2.3697974633638563,1.3287000000000553
151.99999999999991,4.080942402979919,4.083018602170836,0.0020761991909168387,0.002684099368845545,0.05087548379513493,0.06590568279918213,29576.141796081636,29585.21739308916,9.075597007522447,5.68281815330454,0.030685533867452645,0.01936401468212504,2.326773431314128e6,2.2406453410361754e6,-86128.09027795261,23089.41289734932,-3.7016105272144486,2.3697974633638563,1.3424999999999987
152.99999999999991,4.058850179141226,4.06252482234302,0.0036746432017942254,0.002684099368845545,0.09053409314486471,0.06590568279918213,29580.41089062778,29589.24886587672,8.837975248941802,5.68281815330454,0.02987779744378742,0.01936401468212504,2.188803640822391e6,2.109314411543923e6,-79489.22927846806,23089.41289734932,-3.631629068773016,2.3697974633638563,2.056999999999939
153.99999999999991,4.106198599799035,4.107224870216749,0.0010262704177135262,0.002684099368845545,0.024993199738652525,0.06590568279918213,29577.247280110874,29585.93892558725,8.691645476374106,5.68281815330454,0.02938625557023616,0.01936401468212504,2.2038273364936966e6,2.128868601131919e6,-74958.73536177771,23089.41289734932,-3.401298010988354,2.3697974633638563,0.6787900000001176
154.99999999999991,4.106481627431635,4.10765048925698,0.0011688618253451466,0.002684099368845545,0.028463826978721966,0.06590568279918213,29579.620009247345,29588.127595571994,8.50758632464931,5.68281815330454,0.02876164846603716,0.01936401468212504,2.1073075200034156e6,2.037454832623823e6,-69852.68737959256,23089.41289734932,-3.3147837568329535,2.3697974633638563,0.67879
155.99999999999994,4.0589240229325565,4.063110875275097,0.004186852342540348,0.002684099368845545,0.10315177911399691,0.06590568279918213,29588.983086809018,29597.2430242128,8.259937403781805,5.68281815330454,0.027915583916988836,0.01936401468212504,1.8784865710493466e6,1.8147860137574377e6,-63700.55729190889,23089.41289734932,-3.391057368928911,2.3697974633638563,2.0955999999999197
156.99999999999994,4.017709571191232,4.024957529629834,0.00724795843860182,0.002684099368845545,0.18040025816133928,0.06590568279918213,29584.19455585537,29592.30406336485,8.109507509478135,5.68281815330454,0.02741162175014524,0.01936401468212504,1.9400525841075128e6,1.8803364474375953e6,-59716.1366699175,23089.41289734932,-3.0780679430598457,2.3697974633638563,3.7767999999999047
157.99999999999994,4.064817014557412,4.067948845965036,0.003131831407624297,0.002684099368845545,0.07704729133951677,0.06590568279918213,29562.629167684907,29570.78000126219,8.150833577281446,5.68281815330454,0.02757140960314576,0.01936401468212504,2.324725109216373e6,2.2651127945096656e6,-59612.31470670737,23089.41289734932,-2.5642737057544713,2.3697974633638563,1.8459000000001098
158.99999999999994,4.0323035529961535,4.0375059212260345,0.00520236822988096,0.002684099368845545,0.12901727663869464,0.06590568279918213,29552.081571657003,29560.26982942827,8.188257771267672,5.68281815330454,0.027707888364523592,0.01936401468212504,2.4694308185064285e6,2.410104697535373e6,-59326.1209710557,23089.41289734932,-2.4024208544921932,2.3697974633638563,3.005099999999934
159.99999999999994,4.0786370497202915,4.080743678978988,0.002106629258696202,0.002684099368845545,0.05165032418956408,0.06590568279918213,29547.981217761644,29556.240338977368,8.259121215724008,5.68281815330454,0.027951558364871815,0.01936401468212504,2.482861163884287e6,2.4232126163147306e6,-59648.54756955616,23089.41289734932,-2.402411719076535,2.3697974633638563,1.350900000000094
160.99999999999997,4.028689346785322,4.03423965678355,0.005550309998227476,0.002684099368845545,0.13776961985555738,0.06590568279918213,29545.932874436312,29554.229690657183,8.296816220870824,5.68281815330454,0.028081077203182113,0.01936401468212504,2.4588652802472357e6,2.3996103071545465e6,-59254.97309268918,23089.41289734932,-2.409850330910816,2.3697974633638563,3.1005999999999503
161.99999999999997,4.0757512577421755,4.078104207858412,0.002352950116236485,0.002684099368845545,0.05773046408970349,0.06590568279918213,29541.828056518785,29550.15449916653,8.326442647743534,5.68281815330454,0.028185265420317133,0.01936401468212504,2.4790310790904905e6,2.4203311173284054e6,-58699.96176208509,23089.41289734932,-2.367859050142324,2.3697974633638563,1.4034000000000482
162.99999999999997,4.074813602070774,4.077209274559635,0.002395672488860967,0.002684099368845545,0.058792198191434164,0.06590568279918213,29537.352900987025,29545.701278656605,8.34837766957935,5.68281815330454,0.028263797699015807,0.01936401468212504,2.5065911676476467e6,2.448587778726523e6,-58003.38892112393,23089.41289734932,-2.3140346806359413,2.3697974633638563,1.4140999999999997
163.99999999999997,4.074730255537829,4.077446454366466,0.002716198828637495,0.002684099368845545,0.06665959850829391,0.06590568279918213,29543.62913432219,29551.84981220016,8.220677877969138,5.68281815330454,0.027825551967881966,0.01936401468212504,2.322406364829965e6,2.268023279762942e6,-54383.08506702306,23089.41289734932,-2.3416696531058947,2.3697974633638563,1.4247999999999998
165.0,4.1519479343088035,4.151001978515779,-0.0009459557930249218,0.002684099368845545,-0.022783421372127587,0.06590568279918213,29544.929302040426,29553.055449147665,8.126147107239376,5.68281815330454,0.027504371474932482,0.01936401468212504,2.2481019873911976e6,2.196498279203627e6,-51603.708187570795,23089.41289734932,-2.295434481042123,2.3697974633638563,-0.50076
166.0,4.183550731567661,4.181395731517367,-0.0021550000502941202,0.002684099368845545,-0.051511268502930245,0.06590568279918213,29558.045190715824,29566.021756223206,7.976565507382475,5.68281815330454,0.026986106340644987,0.01936401468212504,1.944631021439399e6,1.8967833356093906e6,-47847.68583000847,23089.41289734932,-2.460502033675881,2.3697974633638563,-1.2951
167.0,4.1172252368832645,4.118977798359031,0.0017525614757669672,0.002684099368845545,0.04256656789303212,0.06590568279918213,29583.221019420205,29591.014567198086,7.793547777881031,5.68281815330454,0.02634448687235537,0.01936401468212504,1.4205592768169122e6,1.3769708868747666e6,-43588.38994214567,23089.41289734932,-3.0683964163618307,2.3697974633638563,0.40453
168.0,4.127183908537603,4.12865618969617,0.0014722811585672346,0.002684099368845545,0.03567277812654858,0.06590568279918213,29591.380633388202,29598.95113935292,7.570505964718905,5.68281815330454,0.025583483442394844,0.01936401468212504,1.257665139524054e6,1.2189556524467953e6,-38709.48707725876,23089.41289734932,-3.0778850316156356,2.3697974633638563,0.21185
169.0,4.14194563623289,4.142630852006581,0.0006852157736911835,0.002684099368845545,0.016543330933584847,0.06590568279918213,29588.442880235532,29595.764019295435,7.3211390599026345,5.68281815330454,0.024743238735259715,0.01936401468212504,1.3143689734306564e6,1.28086698035955e6,-33501.99307110626,23089.41289734932,-2.5489032188322396,2.3697974633638563,-0.11201
170.0,4.091875931972531,4.095003006606352,0.003127074633821003,0.002684099368845545,0.07642154077515162,0.06590568279918213,29592.95466999446,29600.064108928833,7.109438934374339,5.68281815330454,0.02402409294257764,0.01936401468212504,1.2150135851225615e6,1.1857880255047055e6,-29225.55961785605,23089.41289734932,-2.4053689584802456,2.3697974633638563,1.1354
171.0,4.165105447008216,4.1646527397177815,-0.0004527072904343399,0.002684099368845545,-0.010869047523383071,0.06590568279918213,29590.10454611027,29597.021104508283,6.916558398013876,5.68281815330454,0.023374565599238763,0.01936401468212504,1.2631102531217537e6,1.2376701822650055e6,-25440.07085674815,23089.41289734932,-2.0140815731543213,2.3697974633638563,-0.62707
172.0,4.080647027784052,4.0843171716793725,0.003670143895320166,0.002684099368845545,0.08994024404294519,0.06590568279918213,29593.34636353514,29600.088739151965,6.7423756168245745,5.68281815330454,0.02278341737361786,0.01936401468212504,1.1852682598796957e6,1.1631530067686827e6,-22115.25311101298,23089.41289734932,-1.865843696283377,2.3697974633638563,1.4858
173.0,4.138987132343078,4.139744036801413,0.0007569044583348727,0.002684099368845545,0.018287190419613353,0.06590568279918213,29593.114976086625,29599.700822407092,6.585846320467681,5.68281815330454,0.022254657293730388,0.01936401468212504,1.178596529489111e6,1.159389149977432e6,-19207.379511678824,23089.41289734932,-1.6296823409114136,2.3697974633638563,0.011324
174.0,4.115605978662499,4.117302748368636,0.001696769706136969,0.002684099368845545,0.041227700487702905,0.06590568279918213,29589.138628130204,29595.59701353911,6.458385408906906,5.68281815330454,0.021826878741130238,0.01936401468212504,1.2437126992179225e6,1.2267897978056693e6,-16922.901412253268,23089.41289734932,-1.3606760968907698,2.3697974633638563,0.55864
175.0,4.131821434586241,4.132884521449348,0.0010630868631071877,0.002684099368845545,0.025729254759375746,0.06590568279918213,29593.522973883424,29599.895314637357,6.372340753932804,5.68281815330454,0.021532890016360866,0.01936401468212504,1.1390247966017926e6,1.1235498189807928e6,-15474.977620999794,23089.41289734932,-1.358616394232013,2.3697974633638563,0.18866
176.0,4.09528724544041,4.098100030636417,0.002812785196006473,0.002684099368845545,0.06868346534515149,0.06590568279918213,29594.375017220707,29600.658600090133,6.283582869426027,5.68281815330454,0.021232355357292274,0.01936401468212504,1.109465243260264e6,1.0955077375892457e6,-13957.505671018269,23089.41289734932,-1.2580390197716222,2.3697974633638563,1.1018
177.0,4.095114108388246,4.097853094810611,0.0027389864223650306,0.002684099368845545,0.06688425157078322,0.06590568279918213,29591.570113894504,29597.74849677238,6.178382877875265,5.68281815330454,0.02087886129088585,0.01936401468212504,1.1517766787673603e6,1.1396563911427935e6,-12120.287624566816,23089.41289734932,-1.0523122969930279,2.3697974633638563,1.1079
178.0,4.1238369473863346,4.124971434556697,0.0011344871703622417,0.002684099368845545,0.027510475919307952,0.06590568279918213,29584.108970858073,29590.190029456495,6.081058598421805,5.68281815330454,0.020555152106869173,0.01936401468212504,1.281674543502052e6,1.271206606684718e6,-10467.936817334034,23089.41289734932,-0.8167390754856849,2.3697974633638563,0.37419
179.0,4.1318695094513265,4.1326734386534385,0.0008039292021120303,0.002684099368845545,0.019456790691794734,0.06590568279918213,29584.838046424487,29590.867299450445,6.029253025957587,5.68281815330454,0.020379537033451023,0.01936401468212504,1.2424011070257844e6,1.2326705350729688e6,-9730.571952815633,23089.41289734932,-0.7832069609234249,2.3697974633638563,0.18726
180.0,4.117057590718656,4.1186901850588615,0.001632594340205351,0.002684099368845545,0.03965439647688709,0.06590568279918213,29590.491436587272,29596.487479172276,5.996042585004034,5.68281815330454,0.02026340994658238,0.01936401468212504,1.1095717602013315e6,1.1002434048532401e6,-9328.35534809134,23089.41289734932,-0.8407167235761941,2.3697974633638563,0.5484
181.0,4.117520349140793,4.119166435700074,0.0016460865592815566,0.002684099368845545,0.03997761807358274,0.06590568279918213,29591.872345802156,29597.810905615286,5.938559813130269,5.68281815330454,0.020068212459603628,0.01936401468212504,1.068364198949322e6,1.0599521899938062e6,-8412.008955515921,23089.41289734932,-0.7873727857774224,2.3697974633638563,0.54637
182.0,4.1775729174031415,4.176393979785283,-0.0011789376178583666,0.002684099368845545,-0.028220635310686967,0.06590568279918213,29590.49071971075,29596.35891294975,5.868193238999083,5.68281815330454,0.019831348167167015,0.01936401468212504,1.0821798006999448e6,1.0749328426919736e6,-7246.9580079712905,23089.41289734932,-0.669663026724766,2.3697974633638563,-0.86914
183.0,4.152986487998704,4.153210372886,0.00022388488729596645,0.002684099368845545,0.005390937050793417,0.06590568279918213,29599.85429277311,29605.646398748602,5.792105975491722,5.68281815330454,0.019568021917276402,0.01936401468212504,882466.1111081886,876477.1933721341,-5988.9177360545145,23089.41289734932,-0.6786569660486695,2.3697974633638563,-0.24991
184.0,4.087529393960235,4.091109741058789,0.0035803470985538155,0.002684099368845545,0.0875919596772604,0.06590568279918213,29610.312777937015,29616.02412752831,5.711349591296312,5.68281815330454,0.019288379809185616,0.01936401468212504,672137.0100873698,667474.7199546468,-4662.29013272305,23089.41289734932,-0.6936517499783278,2.3697974633638563,1.3988
185.0,4.230013589357439,4.225905235644563,-0.004108353712875434,0.002684099368845545,-0.09712388922843898,0.06590568279918213,29601.442098570722,29607.034147273058,5.592048702335887,5.68281815330454,0.01889113605923238,0.01936401468212504,851249.7417088583,848644.8091598629,-2604.9325489953626,23089.41289734932,-0.30601272709534555,2.3697974633638563,-2.4102
186.0,4.001081059691734,4.011249569812662,0.010168510120927898,0.002684099368845545,0.25414406679657064,0.06590568279918213,29613.233762957305,29618.645159286596,5.411396329291165,5.68281815330454,0.01827357448567535,0.01936401468212504,609521.4667647699,610111.667488426,590.200723656104,23089.41289734932,0.0968301784002429,2.3697974633638563,5.0098
187.0,4.054523095728879,4.05958567327501,0.005062577546131486,0.002684099368845545,0.12486246659846416,0.06590568279918213,29597.69180158871,29602.976055254498,5.284253665788128,5.68281815330454,0.017853600548352513,0.01936401468212504,919010.6527172396,921617.4721716576,2606.8194544180296,23089.41289734932,0.283654976872188,2.3697974633638563,2.5027
188.0,4.035883282270533,4.041177957510545,0.005294675240011593,0.002684099368845545,0.13118999905846832,0.06590568279918213,29557.747099410997,29563.019550436285,5.272451025288319,5.68281815330454,0.01783779733805688,0.01936401468212504,1.6868399548397595e6,1.6891539251415203e6,2313.9703017608263,23089.41289734932,0.137177821471548,2.3697974633638563,3.1156
189.0,4.0457510833544585,4.050106571193154,0.004355487838695105,0.002684099368845545,0.10765585299142609,0.06590568279918213,29546.220887937583,29551.72264158197,5.501753644388373,5.68281815330454,0.0186208370446269,0.01936401468212504,1.852609933258728e6,1.8499809454766235e6,-2628.9877821044065,23089.41289734932,-0.14190724852047162,2.3697974633638563,2.6317
190.0,4.095626530292566,4.096692169816001,0.0010656395234356353,0.002684099368845545,0.02601896231391764,0.06590568279918213,29534.026748273445,29539.876320931726,5.849572658280522,5.68281815330454,0.019806214398524192,0.01936401468212504,2.031195406924317e6,2.021628893267251e6,-9566.513657065807,23089.41289734932,-0.4709794845170335,2.3697974633638563,0.96709
191.0,4.027661410603597,4.033431300167601,0.005769889564004593,0.002684099368845545,0.14325656940313417,0.06590568279918213,29537.000146821523,29543.01971374458,6.019566923056118,5.68281815330454,0.020379750459201196,0.01936401468212504,1.9077914890305805e6,1.8951681423988233e6,-12623.346631757217,23089.41289734932,-0.6616732858039747,2.3697974633638563,3.2753
192.0,4.066113506732401,4.06906905702239,0.002955550289989617,0.002684099368845545,0.07268735329439312,0.06590568279918213,29530.765179442864,29537.003011450895,6.237832008031546,5.68281815330454,0.021123164164990427,0.01936401468212504,1.9785974952135554e6,1.962065810511477e6,-16531.684702078346,23089.41289734932,-0.8355254033258562,2.3697974633638563,1.7871
193.0,4.032069519888589,4.037227134291748,0.005157614403159094,0.002684099368845545,0.12791481837598886,0.06590568279918213,29519.946858788375,29526.37150392447,6.424645136095933,5.68281815330454,0.021763742214133606,0.01936401468212504,2.1375899898191723e6,2.117924440540236e6,-19665.54927893635,23089.41289734932,-0.9199869653487637,2.3697974633638563,2.998
194.0,4.068027409661376,4.070650916705682,0.002623507044305917,0.002684099368845545,0.06449088907501484,0.06590568279918213,29513.5242242931,29520.11178970718,6.587565414080018,5.68281815330454,0.022320497423542786,0.01936401468212504,2.203437521128586e6,2.18120834121762e6,-22229.179910966195,23089.41289734932,-1.0088409450148856,2.3697974633638563,1.6541
195.0,4.060409472117159,4.063483981158695,0.0030745090415367216,0.002684099368845545,0.0757191870093246,0.06590568279918213,29508.0566260361,29514.801390227472,6.74476419137136,5.68281815330454,0.022857364945613506,0.01936401468212504,2.2503003477332178e6,2.2256882963862293e6,-24612.051346988417,23089.41289734932,-1.0937229499955743,2.3697974633638563,1.8721
196.0,4.053504383121206,4.057220542545518,0.0037161594243118046,0.002684099368845545,0.09167769596564133,0.06590568279918213,29509.479980819513,29516.27167696323,6.791696143718582,5.68281815330454,0.023015302703175484,0.01936401468212504,2.162014585947263e6,2.137250411934523e6,-24764.174012740143,23089.41289734932,-1.1454212276690072,2.3697974633638563,2.0978
197.0,4.092848216053222,4.094258510144596,0.0014102940913742756,0.002684099368845545,0.034457522412942976,0.06590568279918213,29504.95146044291,29511.822235521893,6.87077507898357,5.68281815330454,0.023286854371528696,0.01936401468212504,2.1985240197655144e6,2.172910870738727e6,-25613.149026787374,23089.41289734932,-1.165015655799802,2.3697974633638563,0.89478
198.0,4.0779829038655775,4.0803774765671,0.002394572701522435,0.002684099368845545,0.058719537525588596,0.06590568279918213,29507.3766547658,29514.245876048346,6.8692212825444585,5.68281815330454,0.023279674648525542,0.01936401468212504,2.0969697880605222e6,2.0720954997696462e6,-24874.288290875964,23089.41289734932,-1.1862015577192497,2.3697974633638563,1.3038
199.0,4.133409431827524,4.1333010164953174,-0.00010841533220684596,0.002684099368845545,-0.0026229032955709824,0.06590568279918213,29512.033240537065,29518.859692777263,6.826452240198705,5.68281815330454,0.0231310807512308,0.01936401468212504,1.958742014291164e6,1.9353321336716802e6,-23409.880619483767,23089.41289734932,-1.1951487459136068,2.3697974633638563,-0.078976
200.0,4.0725463965087725,4.075757442716787,0.0032110462080146007,0.002684099368845545,0.07884615411054124,0.06590568279918213,29520.192437573853,29526.958245618454,6.765808044601727,5.68281815330454,0.022919254537074357,0.01936401468212504,1.7595274490435154e6,1.7378282516430272e6,-21699.197400488192,23089.41289734932,-1.2332400618293249,2.3697974633638563,1.4977
201.0,4.053862134209437,4.058347644584929,0.004485510375491941,0.002684099368845545,0.11064782735554678,0.06590568279918213,29522.9696478869,29529.646436164778,6.676788277876767,5.68281815330454,0.022615571392407864,0.01936401468212504,1.67636460904005e6,1.6568345775519873e6,-19530.031488062814,23089.41289734932,-1.1650228943479337,2.3697974633638563,2.1259
202.0,4.126941104159269,4.127204095163572,0.00026299100430282607,0.002684099368845545,0.006372540767247076,0.06590568279918213,29510.26571735433,29516.867305560685,6.601588206354791,5.68281815330454,0.02237048039344676,0.01936401468212504,1.8996071914869333e6,1.881862282199351e6,-17744.909287582384,23089.41289734932,-0.934135718537284,2.3697974633638563,0.089321
203.0,4.086226867598273,4.0885919428401,0.0023650752418271637,0.002684099368845545,0.057879195611507096,0.06590568279918213,29513.2694558801,29519.809539114805,6.5400832347040705,5.68281815330454,0.022159805928926152,0.01936401468212504,1.798586963440835e6,1.7822832630805038e6,-16303.700360331219,23089.41289734932,-0.9064727306341077,2.3697974633638563,1.1053
204.0,4.079445129187936,4.082400274808784,0.0029551456208487537,0.002684099368845545,0.07243989138878336,0.06590568279918213,29519.996509169792,29526.48959490299,6.493085733196494,5.68281815330454,0.021995550477722947,0.01936401468212504,1.6315306855965753e6,1.6163344360692413e6,-15196.249527334003,23089.41289734932,-0.9314105864810897,2.3697974633638563,1.3141
205.0,4.026571751975191,4.032974372282044,0.006402620306852569,0.002684099368845545,0.1590092192871475,0.06590568279918213,29514.767964384577,29521.19462458362,6.4266601990420895,5.68281815330454,0.02177438835635479,0.01936401468212504,1.708664304200555e6,1.6949282721600155e6,-13736.03204053943,23089.41289734932,-0.8039046644078053,2.3697974633638563,3.1926
206.0,4.108250323662376,4.109203605310512,0.0009532816481359063,0.002684099368845545,0.023204078939524933,0.06590568279918213,29499.094139653,29505.49025738937,6.3961177363707975,5.68281815330454,0.02168242084346945,0.01936401468212504,1.9844187356741992e6,1.9713843636622739e6,-13034.372011925327,23089.41289734932,-0.6568357664440688,2.3697974633638563,0.52137
207.0,4.0763227905175885,4.078872893731346,0.002550103213757815,0.002684099368845545,0.06255891264769092,0.06590568279918213,29495.349927350664,29501.7527087654,6.402781414737547,5.68281815330454,0.021707765564769003,0.01936401468212504,2.0092043803087578e6,1.9961357116536268e6,-13068.668655131012,23089.41289734932,-0.6504399842649521,2.3697974633638563,1.3521
208.0,4.076408021340973,4.0792448426516605,0.0028368213106872986,0.002684099368845545,0.06959120126925124,0.06590568279918213,29502.564019568938,29508.9764842721,6.412464703164005,5.68281815330454,0.02173527934355347,0.01936401468212504,1.8199924274363555e6,1.8068634653414923e6,-13128.962094863178,23089.41289734932,-0.7213745451324024,2.3697974633638563,1.3591
209.0,4.076040487595097,4.078860919703939,0.002820432108842752,0.002684099368845545,0.06919538992378445,0.06590568279918213,29499.020686574695,29505.42575147562,6.405064900925936,5.68281815330454,0.021712805211330104,0.01936401468212504,1.8550839023011567e6,1.8422538358556402e6,-12830.066445516422,23089.41289734932,-0.6916165047630052,2.3697974633638563,1.3661
210.0,4.06199049349746,4.065648853513272,0.003658360015811546,0.002684099368845545,0.09006323431007393,0.06590568279918213,29496.68388606057,29503.05175917168,6.367873111110384,5.68281815330454,0.021588437316235703,0.01936401468212504,1.8632402201673228e6,1.8512905498967452e6,-11949.670270577539,23089.41289734932,-0.6413381453039069,2.3697974633638563,1.7966
211.0,4.061120787364731,4.064742990188287,0.0036222028235561865,0.002684099368845545,0.08919219627315349,0.06590568279918213,29491.723535098514,29498.07135393835,6.347818839836691,5.68281815330454,0.02152406871806615,0.01936401468212504,1.922463013825711e6,1.9110191306451827e6,-11443.883180528414,23089.41289734932,-0.5952719557269935,2.3697974633638563,1.8134
212.0,4.04176862545182,4.046564277279068,0.004795651827247838,0.002684099368845545,0.11865230971037444,0.06590568279918213,29485.223505256905,29491.566535600145,6.343030343239661,5.68281815330454,0.02151257338140498,0.01936401468212504,2.0086000607684173e6,1.9973524127024175e6,-11247.648065999849,23089.41289734932,-0.5599744959530126,2.3697974633638563,2.4758
213.0,4.087314448385751,4.089128300590797,0.0018138522050463735,0.002684099368845545,0.04437760363073456,0.06590568279918213,29476.165112378378,29482.543175461633,6.378063083255256,5.68281815330454,0.02163803554139008,0.01936401468212504,2.1407741943237535e6,2.128947248172111e6,-11826.946151642594,23089.41289734932,-0.5524611695620049,2.3697974633638563,0.995
214.0,4.057929332241273,4.061486718300667,0.003557386059394041,0.002684099368845545,0.08766505693260133,0.06590568279918213,29475.00302631042,29481.415506140576,6.4124798301563715,5.68281815330454,0.021755654526760752,0.01936401468212504,2.11139498979393e6,2.099049979572877e6,-12345.01022105338,23089.41289734932,-0.5846850201277706,2.3697974633638563,1.8602
215.0,4.219891948469901,4.214636343039696,-0.005255605430205534,0.002684099368845545,-0.12454360193064125,0.06590568279918213,29476.08996489487,29482.526175166164,6.43621027129484,5.68281815330454,0.021835359706664524,0.01936401468212504,2.0418506309574293e6,2.0292326028258405e6,-12618.028131588828,23089.41289734932,-0.61797018549159,2.3697974633638563,-2.6906
216.0,4.132031120478184,4.132553943286429,0.0005228228082447828,0.002684099368845545,0.012652925232186502,0.06590568279918213,29500.476121082997,29506.941290264665,6.465169181668898,5.68281815330454,0.02191547402534449,0.01936401468212504,1.5192479883306152e6,1.506270460864541e6,-12977.52746607433,23089.41289734932,-0.854207316103432,2.3697974633638563,-0.067612
217.0,4.071736242692656,4.0759134796827095,0.004177236990053679,0.002684099368845545,0.10259105062491117,0.06590568279918213,29525.517419946373,29531.904640915083,6.387220968710608,5.68281815330454,0.021632884118046418,0.01936401468212504,1.0142003076111341e6,1.0029866511808205e6,-11213.656430313597,23089.41289734932,-1.1056648618778717,2.3697974633638563,1.5503
218.0,4.078519421837597,4.081909094792958,0.0033896729553610783,0.002684099368845545,0.08311037915405696,0.06590568279918213,29512.059829090864,29518.225177198412,6.165348107548198,5.68281815330454,0.02089094472989256,0.01936401468212504,1.2897107152264272e6,1.2829839108930742e6,-6726.8043333529495,23089.41289734932,-0.5215746642976415,2.3697974633638563,1.3521
219.0,4.126848971043804,4.127490477292516,0.0006415062487112877,0.002684099368845545,0.015544698951002113,0.06590568279918213,29499.008539818904,29504.982266136456,5.973726317552064,5.68281815330454,0.020250600319290383,0.01936401468212504,1.532310756325029e6,1.529232058907591e6,-3078.6974174380302,23089.41289734932,-0.2009186064073407,2.3697974633638563,0.10446
220.0,4.052389961245303,4.057095104213346,0.004705142968043141,0.002684099368845545,0.11610785272494473,0.06590568279918213,29502.067274166413,29507.98313382299,5.915859656575776,5.68281815330454,0.020052356336927,0.01936401468212504,1.4423122557237514e6,1.4401016106624233e6,-2210.645061328076,23089.41289734932,-0.15327090597443307,2.3697974633638563,2.1829
221.0,4.100630781782125,4.102439252040027,0.00180847025790154,0.002684099368845545,0.044102245584655704,0.06590568279918213,29497.12350662256,29502.990596608975,5.867089986415522,5.68281815330454,0.019890380108074843,0.01936401468212504,1.5162646192097175e6,1.5147695996658735e6,-1495.0195438440423,23089.41289734932,-0.09859885437564664,2.3697974633638563,0.73539
222.0,4.117324900006556,4.118166365398622,0.0008414653920656434,0.002684099368845545,0.02043718706931055,0.06590568279918213,29489.885684166395,29495.70396215535,5.818277988953923,5.68281815330454,0.01972974073642426,0.01936401468212504,1.6302658892960877e6,1.6295000156276166e6,-765.8736684711184,23089.41289734932,-0.04697845139861238,2.3697974633638563,0.31463
223.0,4.07086522136433,4.074346083127774,0.0034808617634443095,0.002684099368845545,0.08550668160607185,0.06590568279918213,29497.521089886734,29503.339080062102,5.8179901753683225,5.68281815330454,0.019723657990240503,0.01936401468212504,1.4454721919989411e6,1.4444829317467776e6,-989.2602521635126,23089.41289734932,-0.06843855299599132,2.3697974633638563,1.5617
224.0,4.152368317193459,4.151776397241179,-0.0005919199522796958,0.002684099368845545,-0.014254996355423695,0.06590568279918213,29494.794927497143,29500.582441649647,5.787514152503718,5.68281815330454,0.01962215423680802,0.01936401468212504,1.4765225707073195e6,1.4759552332641217e6,-567.3374431978446,23089.41289734932,-0.03842389235716626,2.3697974633638563,-0.49752
225.0,4.052908763589914,4.057586266649617,0.0046775030597023814,0.002684099368845545,0.11541101299204241,0.06590568279918213,29499.075489751413,29504.8147313341,5.7392415826871,5.68281815330454,0.01945566594004287,0.01936401468212504,1.3664447059522816e6,1.366648796233347e6,204.0902810653206,23089.41289734932,0.014935860937240714,2.3697974633638563,2.1685
226.0,4.101356542712637,4.103208612500189,0.0018520697875521464,0.002684099368845545,0.04515749285057738,0.06590568279918213,29497.060881301517,29502.744935094186,5.684053792669147,5.68281815330454,0.01926989884023437,0.01936401468212504,1.3861244256866155e6,1.387214856364157e6,1090.4306775415316,23089.41289734932,0.07866758981621637,2.3697974633638563,0.7278
227.0,4.085105569855389,4.087558357620405,0.0024527877650157848,0.002684099368845545,0.060042212448933416,0.06590568279918213,29487.675361202815,29493.310058557287,5.634697354471427,5.68281815330454,0.019108652294392275,0.01936401468212504,1.5479705348227653e6,1.549807326167852e6,1836.7913450866472,23089.41289734932,0.11865803022516512,2.3697974633638563,1.1428
228.00000000000003,4.1092082234036384,4.110532729445068,0.0013245060414295295,0.002684099368845545,0.03223263386571458,0.06590568279918213,29489.00715569867,29494.6378143812,5.630658682530338,5.68281815330454,0.01909409378485036,0.01936401468212504,1.4889292860705133e6,1.4906070711452542e6,1677.785074740881,23089.41289734932,0.11268399986736669,2.3697974633638563,0.5191800000000235
228.99999999999997,4.077993193984118,4.080961769332576,0.002968575348457847,0.002684099368845545,0.07279500497541558,0.06590568279918213,29489.816458992616,29495.44550080976,5.629041817144753,5.68281815330454,0.019088086984102724,0.01936401468212504,1.4449628318938785e6,1.4464725326439796e6,1509.7007501011249,23089.41289734932,0.10448024798827495,2.3697974633638563,1.3485999999999763
229.99999999999997,4.146458438129722,4.146097451075435,-0.0003609870542868876,0.002684099368845545,-0.008705912760811667,0.06590568279918213,29488.27380395651,29493.8797764214,5.605972464891238,5.68281815330454,0.019010853270560287,0.01936401468212504,1.449700251102296e6,1.4514918055241746e6,1791.5544218786526,23089.41289734932,0.12358102445774043,2.3697974633638563,-0.3549499999999516
231.0,4.0863109312836805,4.088953387740207,0.0026424564565266095,0.002684099368845545,0.06466606435395517,0.06590568279918213,29493.126760362702,29498.7067678833,5.580007520598883,5.68281815330454,0.018919687851130577,0.01936401468212504,1.3278291965675224e6,1.329955890729992e6,2126.69416246959,23089.41289734932,0.16016323243736144,2.3697974633638563,1.124
232.0,4.0594499841873235,4.063763460364449,0.004313476177125075,0.002684099368845545,0.10625765051736698,0.06590568279918213,29496.699222244817,29502.2446442047,5.545421959883242,5.68281815330454,0.01880014410460268,0.01936401468212504,1.2379748206649786e6,1.2406011805414848e6,2626.3598765062634,23089.41289734932,0.2121497006777176,2.3697974633638563,1.9596
233.0,4.085414361954954,4.0878482539813845,0.0024338920264304065,0.002684099368845545,0.05957515715164176,0.06590568279918213,29483.24733377189,29488.723477307693,5.476143535801384,5.68281815330454,0.018573746215291145,0.01936401468212504,1.48649262557806e6,1.4902862519399552e6,3793.6263618951198,23089.41289734932,0.2552065376321576,2.3697974633638563,1.1428
234.0,4.070315774361487,4.073448591510215,0.003132817148728151,0.002684099368845545,0.0769674227356377,0.06590568279918213,29476.29914721947,29481.746880883602,5.447733664132102,5.68281815330454,0.018481742354843726,0.01936401468212504,1.5906789324138428e6,1.594784709311379e6,4105.776897536125,23089.41289734932,0.2581147467204863,2.3697974633638563,1.5655
235.00000000000003,4.056548544853153,4.060502158533167,0.003953613680013568,0.002684099368845545,0.09746250134316312,0.06590568279918213,29473.634552259213,29479.117074453337,5.482522194124613,5.68281815330454,0.018601445927558215,0.01936401468212504,1.6062908606140697e6,1.6094739239438416e6,3183.0633297718596,23089.41289734932,0.19816232587882648,2.3697974633638563,1.9997999999999885
236.00000000000003,4.068161134291748,4.0712076514091375,0.003046517117389236,0.002684099368845545,0.07488683502994095,0.06590568279918213,29464.99907387681,29470.519876266317,5.520802389506571,5.68281815330454,0.01873681507901768,0.01936401468212504,1.7403224336075974e6,1.742588473074588e6,2266.0394669906236,23089.41289734932,0.13020802485969465,2.3697974633638563,1.5963999999999283
236.99999999999997,4.166950802389151,4.164993086126672,-0.001957716262478648,0.002684099368845545,-0.04698198647692643,0.06590568279918213,29458.84583360475,29464.415163942544,5.569330337792053,5.68281815330454,0.018905460075557066,0.01936401468212504,1.8188935600022217e6,1.820098324279131e6,1204.7642769091763,23089.41289734932,0.06623610657611569,2.3697974633638563,-0.9306399999999282
237.99999999999997,4.076176566596344,4.0791070644408265,0.0029304978444821828,0.002684099368845545,0.07189329992466895,0.06590568279918213,29473.457084993566,29479.07697633574,5.619891342172195,5.68281815330454,0.01906763541842388,0.01936401468212504,1.486835104197185e6,1.486996544765239e6,161.4405680540949,23089.41289734932,0.010858000836701026,2.3697974633638563,1.3555999999999349
239.0,4.168648872963614,4.167300523544925,-0.001348349418689665,0.002684099368845545,-0.032344998578186415,0.06590568279918213,29480.94580383116,29486.565895249416,5.62009141825547,5.68281815330454,0.01906347054009752,0.01936401468212504,1.3163830741147748e6,1.3165412878443827e6,158.21372960787266,23089.41289734932,0.012018821323288914,2.3697974633638563,-0.92625
240.0,4.052866587015981,4.057580549970055,0.0047139629540744465,0.002684099368845545,0.11631182159255861,0.06590568279918213,29485.41894668638,29490.98024733149,5.561300645109441,5.68281815330454,0.0188611891700268,0.01936401468212504,1.212634014228868e6,1.2139328364617757e6,1298.822232907638,23089.41289734932,0.1071075211207545,2.3697974633638563,2.1543
241.0,4.140717877801225,4.140783267359585,6.538955835999616e-5,0.002684099368845545,0.0015791841001908313,0.06590568279918213,29483.558890366112,29489.03217177523,5.473281409118499,5.68281815330454,0.018563842409495955,0.01936401468212504,1.236374985326856e6,1.239314703018742e6,2939.717691886006,23089.41289734932,0.23776910134661478,2.3697974633638563,-0.21363
242.0,4.052980980366859,4.057477094902548,0.004496114535688989,0.002684099368845545,0.1109335217083111,0.06590568279918213,29478.4220515441,29483.833516861654,5.411465317552938,5.68281815330454,0.018357377840953606,0.01936401468212504,1.32031880299262e6,1.3242973378525425e6,3978.5348599224817,23089.41289734932,0.3013313792778516,2.3697974633638563,2.1543
243.00000000000003,4.109528350805125,4.110826114317093,0.0012977635119684194,0.002684099368845545,0.03157937848790278,0.06590568279918213,29475.812095929334,29481.19536449542,5.383268566085462,5.68281815330454,0.018263342664030967,0.01936401468212504,1.3483000310931676e6,1.3526194376454104e6,4319.406552242814,23089.41289734932,0.3203594491309733,2.3697974633638563,0.5126299999999834
244.00000000000003,4.133863976085255,4.133869221273169,5.24518791422679e-6,0.002684099368845545,0.0001268834181427022,0.06590568279918213,29468.83257969531,29474.201292630056,5.368712934745417,5.68281815330454,0.018218274918853018,0.01936401468212504,1.4605804796617907e6,1.464977864157341e6,4397.384495550301,23089.41289734932,0.3010710164063367,2.3697974633638563,-0.07258999999996625
244.99999999999997,4.086365450050125,4.0889717037854,0.0026062537352746773,0.002684099368845545,0.06377926221069405,0.06590568279918213,29479.247460472332,29484.626602423563,5.379141951230849,5.68281815330454,0.018247215972672124,0.01936401468212504,1.2244142052357392e6,1.2284133758494388e6,3999.1706136995926,23089.41289734932,0.3266190964298412,2.3697974633638563,1.1145999999999663
245.99999999999997,4.102256538980119,4.104064725486295,0.0018081865061763125,0.002684099368845545,0.04407785054383396,0.06590568279918213,29479.54705243184,29484.907678354513,5.360625922672625,5.68281815330454,0.018184220785815684,0.01936401468212504,1.2021749668917055e6,1.2063824260057914e6,4207.459114085883,23089.41289734932,0.3499872506050028,2.3697974633638563,0.7053800000000116
247.0,4.0723267013461335,4.0756220319923955,0.0032953306462619736,0.002684099368845545,0.08092009526575265,0.06590568279918213,29474.846916399114,29480.162443768117,5.315527369002666,5.68281815330454,0.018034113575142036,0.01936401468212504,1.2773832773918856e6,1.282314564609932e6,4931.287218046375,23089.41289734932,0.38604601338721894,2.3697974633638563,1.5276
248.0,4.085925591659404,4.08833953169594,0.0024139400365363883,0.002684099368845545,0.05907939296456993,0.06590568279918213,29469.75440770032,29475.038564397448,5.2841566971292195,5.68281815330454,0.017930779551215033,0.01936401468212504,1.3545419148159802e6,1.359892323129234e6,5350.408313253662,23089.41289734932,0.3949976191014019,2.3697974633638563,1.124
249.0,4.101045690271211,4.102556646192701,0.001510955921490087,0.002684099368845545,0.036843186728557624,0.06590568279918213,29463.660854545753,29468.934966015615,5.274111469861964,5.68281815330454,0.017900394305713902,0.01936401468212504,1.446904678679169e6,1.452244713679625e6,5340.035000456031,23089.41289734932,0.3690661229550223,2.3697974633638563,0.7128
250.0,4.151997558911126,4.151209458380546,-0.0007881005305803157,0.002684099368845545,-0.018981237811396916,0.06590568279918213,29464.835949280066,29470.126458173534,5.290508893467631,5.68281815330454,0.017955331238139468,0.01936401468212504,1.391710355699471e6,1.3965351292182612e6,4824.773518790258,23089.41289734932,0.3466794293102271,2.3697974633638563,-0.49887
251.00000000000003,4.094708599786838,4.096902088984876,0.002193489198038634,0.002684099368845545,0.053568871742248586,0.06590568279918213,29475.26467571444,29480.56623841613,5.301562701690273,5.68281815330454,0.017986480393027277,0.01936401468212504,1.1591607645742777e6,1.1636156189234327e6,4454.854349154979,23089.41289734932,0.384317213392838,2.3697974633638563,0.8947800000000233
252.00000000000003,4.066889483699512,4.070719303936148,0.003829820236635584,0.002684099368845545,0.09417074774187681,0.06590568279918213,29478.968536430242,29484.2415290401,5.272992609858193,5.68281815330454,0.017887303632560296,0.01936401468212504,1.0724723952755684e6,1.0773597990728547e6,4887.40379728633,23089.41289734932,0.45571371522625786,2.3697974633638563,1.7141999999999713
252.99999999999997,4.102339504754772,4.103929396932142,0.0015898921773702668,0.002684099368845545,0.038755743534330096,0.06590568279918213,29466.71449294365,29471.919474046972,5.204981103321188,5.68281815330454,0.017663934350630156,0.01936401468212504,1.302005109520585e6,1.3080733201470785e6,6068.210626493441,23089.41289734932,0.4660665754781741,2.3697974633638563,0.7004800000000289
254.0,4.140665827490864,4.140383428406206,-0.0002823990846572144,0.002684099368845545,-0.006820137060621986,0.06590568279918213,29462.11471048986,29467.291260944537,5.176550454678363,5.68281815330454,0.017570193129535523,0.01936401468212504,1.365281867355506e6,1.3716889868372076e6,6407.119481701637,23089.41289734932,0.46928913617756896,2.3697974633638563,-0.21884
255.0,4.080389666276385,4.083284967567388,0.002895301291002461,0.002684099368845545,0.07095649013454657,0.06590568279918213,29471.492900184985,29476.692363750783,5.199463565797487,5.68281815330454,0.01764234877210734,0.01936401468212504,1.1513087761488962e6,1.1570438063810994e6,5735.030232203193,23089.41289734932,0.49813137457240186,2.3697974633638563,1.2937
256.0,4.103261457882513,4.104981961525567,0.0017205036430540943,0.002684099368845545,0.04193014899766977,0.06590568279918213,29471.39120523571,29476.57790646234,5.186701226630248,5.68281815330454,0.017599105486777327,0.01936401468212504,1.137427346532242e6,1.1432458694042095e6,5818.522871967638,23089.41289734932,0.5115511676158477,2.3697974633638563,0.68831
257.0,4.095154873792389,4.09713606490016,0.001981191107771174,0.002684099368845545,0.04837890553175729,0.06590568279918213,29465.48638826251,29470.638633005645,5.152244743134361,5.68281815330454,0.01748569385634422,0.01936401468212504,1.2365638185646026e6,1.2428889345971954e6,6325.116032592719,23089.41289734932,0.5115074481101092,2.3697974633638563,0.88929
258.0,4.087525294990061,4.08991247554146,0.002387180551399304,0.002684099368845545,0.05840160926527326,0.06590568279918213,29465.050490874564,29470.19113273885,5.140641864287318,5.68281815330454,0.01744657408912092,0.01936401468212504,1.2212499628595342e6,1.2276065855207653e6,6356.622661231086,23089.41289734932,0.5205013596354322,2.3697974633638563,1.093
259.0,4.119589789773548,4.120334181052967,0.0007443912794187213,0.002684099368845545,0.01806954860570329,0.06590568279918213,29461.356366316224,29466.492058818167,5.135692501942685,5.68281815330454,0.017431962188320795,0.01936401468212504,1.271347451937495e6,1.277612379428117e6,6264.927490622038,23089.41289734932,0.4927785461853467,2.3697974633638563,0.28185
260.0,4.066912858640502,4.0704530728062736,0.003540214165771438,0.002684099368845545,0.08704917682831467,0.06590568279918213,29462.988093043685,29468.12389173014,5.1357986864568375,5.68281815330454,0.01743135716661888,0.01936401468212504,1.213733829064003e6,1.2198197245047316e6,6085.8954407286365,23089.41289734932,0.5014192811468315,2.3697974633638563,1.698
261.0,4.072796365213658,4.075897256243524,0.003100891029865771,0.002684099368845545,0.07613665776052368,0.06590568279918213,29459.10339703597,29464.23501964725,5.131622611279454,5.68281815330454,0.017419479955373567,0.01936401468212504,1.268444473642193e6,1.274449963670235e6,6005.490028041881,23089.41289734932,0.47345312726207117,2.3697974633638563,1.5089
262.0,4.1340826643829685,4.133896947662835,-0.00018571672013312224,0.002684099368845545,-0.004492332040990799,0.06590568279918213,29448.471399485126,29453.597808993058,5.126409507931385,5.68281815330454,0.017408066579717323,0.01936401468212504,1.4521765388669767e6,1.4581277422511915e6,5951.203384214779,23089.41289734932,0.4098126656734209,2.3697974633638563,-0.078194
263.0,4.094185288871193,4.096068710371882,0.0018834215006888755,0.002684099368845545,0.04600235133002867,0.06590568279918213,29453.929695185903,29459.08269645277,5.15300126686634,5.68281815330454,0.017495123130237433,0.01936401468212504,1.3091905802542123e6,1.3144665196035434e6,5275.9393493311945,23089.41289734932,0.40299246182375814,2.3697974633638563,0.88929
264.0,4.087021360857509,4.08944380759889,0.0024224467413809236,0.002684099368845545,0.05927169269486429,0.06590568279918213,29459.19075596561,29464.367398092563,5.176642126953084,5.68281815330454,0.017572248232598828,0.01936401468212504,1.1807171156542297e6,1.1854168050368603e6,4699.689382630633,23089.41289734932,0.3980368642345426,2.3697974633638563,1.093
265.0,4.134685461026836,4.1347150726218125,2.9611594976053368e-5,0.002684099368845545,0.0007161752751247835,0.06590568279918213,29453.64960682432,29458.811531711894,5.1619248875722406,5.68281815330454,0.0175255866640589,0.01936401468212504,1.271676053869838e6,1.276580843742754e6,4904.7898729161825,23089.41289734932,0.3856949148323124,2.3697974633638563,-0.081297
266.0,4.038142564569557,4.04362964681104,0.005487082241483421,0.002684099368845545,0.13588134033767854,0.06590568279918213,29457.52754467471,29462.674857195274,5.147312520562991,5.68281815330454,0.017473674641419506,0.01936401468212504,1.1705017501658818e6,1.1755883118243956e6,5086.561658513732,23089.41289734932,0.43456249918403556,2.3697974633638563,2.7118
267.0,4.093703978670984,4.095535529621882,0.0018315509508983752,0.002684099368845545,0.04474067886786934,0.06590568279918213,29448.5866147525,29453.728433340017,5.141818587515445,5.68281815330454,0.017460323834148327,0.01936401468212504,1.327521145286444e6,1.3325972724463947e6,5076.127159950556,23089.41289734932,0.3823763695195425,2.3697974633638563,0.90306
268.0,4.13327009616759,4.132966210990597,-0.0003038851769927575,0.002684099368845545,-0.007352173216904527,0.06590568279918213,29437.071719599084,29442.218646946356,5.14692734727214,5.68281815330454,0.017484508636928502,0.01936401468212504,1.5248637074505074e6,1.5297217429268751e6,4858.035476367688,23089.41289734932,0.3185881762829853,2.3697974633638563,-0.078194
269.0,4.0591443316373885,4.063018325876435,0.003873994239046219,0.002684099368845545,0.09543869156984415,0.06590568279918213,29448.017791617644,29453.204296150114,5.1865045324702805,5.68281815330454,0.01761240627186328,0.01936401468212504,1.2702477988751747e6,1.2742233934050745e6,3975.5945298997685,23089.41289734932,0.3129778719884595,2.3697974633638563,1.9111
270.0,4.126761421291855,4.127064602943175,0.0003031816513203722,0.002684099368845545,0.007346721081478542,0.06590568279918213,29445.23809734999,29450.450427845215,5.212330495225615,5.68281815330454,0.0177017773739609,0.01936401468212504,1.3032147436706575e6,1.3066280254121842e6,3413.2817415266763,23089.41289734932,0.2619124559558593,2.3697974633638563,0.084907
271.0,4.118203254877241,4.1188721407179,0.0006688858406587173,0.002684099368845545,0.01624217648477032,0.06590568279918213,29442.689697360274,29447.896472926706,5.206775566432043,5.68281815330454,0.017684442623796235,0.01936401468212504,1.328263680967244e6,1.3317531127780022e6,3489.4318107580766,23089.41289734932,0.26270625785815854,2.3697974633638563,0.28185
272.0,4.1106498986487425,4.111938359420535,0.0012884607717928986,0.002684099368845545,0.031344454126741444,0.06590568279918213,29451.620926435997,29456.825947552174,5.205021116176795,5.68281815330454,0.01767312274315173,0.01936401468212504,1.1259130765993875e6,1.1293875848332122e6,3474.508233824745,23089.41289734932,0.30859471357405804,2.3697974633638563,0.47868
273.0,4.103012717086838,4.104710241072746,0.001697523985908056,0.002684099368845545,0.04137262306886798,0.06590568279918213,29453.015801229605,29458.200815302775,5.185014073169441,5.68281815330454,0.01760435708235004,0.01936401468212504,1.0837363716217733e6,1.0875500687386224e6,3813.6971168490127,23089.41289734932,0.3519026597900326,2.3697974633638563,0.67631
274.0,4.0736622606051,4.076875129885729,0.003212869280629249,0.002684099368845545,0.0788693091152827,0.06590568279918213,29451.637196086594,29456.77968910428,5.142493017687229,5.68281815330454,0.017460805263384616,0.01936401468212504,1.0963012393119824e6,1.1008727347155886e6,4571.495403606212,23089.41289734932,0.4169926330171071,2.3697974633638563,1.4829
275.0,4.094700262035111,4.096596944281768,0.0018966822466568445,0.002684099368845545,0.046320417253549406,0.06590568279918213,29444.522849986777,29449.62462256926,5.101772582482226,5.68281815330454,0.01732672867030181,0.01936401468212504,1.2192561651803225e6,1.2245065474874247e6,5250.382307102205,23089.41289734932,0.43062175587405765,2.3697974633638563,0.88383
276.0,4.0942822855598635,4.096085562987474,0.001803277427610439,0.002684099368845545,0.04404379820049105,0.06590568279918213,29439.241148213794,29444.32834068718,5.087192473387404,5.68281815330454,0.01728031115943376,0.01936401468212504,1.2981605966512517e6,1.303544675622028e6,5384.078970776405,23089.41289734932,0.41474675665439475,2.3697974633638563,0.88383
277.0,4.102134790261431,4.103589259214785,0.0014544689533542154,0.002684099368845545,0.03545639106757682,0.06590568279918213,29439.43742381371,29444.54091452984,5.103490716130182,5.68281815330454,0.017335557886720834,0.01936401468212504,1.265579722683101e6,1.2704947640405712e6,4915.041357470211,23089.41289734932,0.38836284031558627,2.3697974633638563,0.6811
278.0,4.06604801770757,4.069487323183907,0.0034393054763368625,0.002684099368845545,0.08458595327351634,0.06590568279918213,29439.739245696903,29444.856206859367,5.116961162464577,5.68281815330454,0.017381136156674703,0.01936401468212504,1.2340415531138093e6,1.238578937378305e6,4537.384264495689,23089.41289734932,0.36768488492520235,2.3697974633638563,1.694
279.0,4.1097514034651645,4.110756333774539,0.00100493030937443,0.002684099368845545,0.024452338127486647,0.06590568279918213,29433.88096706824,29438.99997681747,5.119009749232646,5.68281815330454,0.017391555517126647,0.01936401468212504,1.3256927060334883e6,1.3300986108666922e6,4405.90483320388,23089.41289734932,0.3323473692773401,2.3697974633638563,0.48492
280.0,4.093489724479183,4.09526397835311,0.0017742538739264901,0.002684099368845545,0.0433433083590366,0.06590568279918213,29431.59564179904,29436.722969461487,5.127327662448806,5.68281815330454,0.017421167798211137,0.01936401468212504,1.3415264133334677e6,1.3456814480432828e6,4155.034709815169,23089.41289734932,0.3097244056112623,2.3697974633638563,0.88656
281.0,4.078811040866783,4.0814824453704714,0.0026714045036886347,0.002684099368845545,0.06549468648885823,0.06590568279918213,29434.600222999117,29439.745597479854,5.145374480736791,5.68281815330454,0.017480701085644045,0.01936401468212504,1.2533899213322399e6,1.2571147430926226e6,3724.821760382736,23089.41289734932,0.2971798078943852,2.3697974633638563,1.2937
282.0,4.071420602093684,4.074414740159367,0.0029941380656826055,0.002684099368845545,0.07354037713870443,0.06590568279918213,29429.840200414747,29434.990954981105,5.150754566358955,5.68281815330454,0.017501809494318517,0.01936401468212504,1.3237548246234509e6,1.3273193535364408e6,3564.5289129898883,23089.41289734932,0.2692741017207501,2.3697974633638563,1.5051
283.0,4.100303699197228,4.101624412348095,0.0013207131508670145,0.002684099368845545,0.03221012997465501,0.06590568279918213,29422.90033534172,29428.05602168486,5.155686343139678,5.68281815330454,0.017522699272943035,0.01936401468212504,1.4322591660022778e6,1.4356740452539618e6,3414.879251684062,23089.41289734932,0.2384260706961069,2.3697974633638563,0.69559
284.0,4.024996919814771,4.031044548667506,0.00604762885273491,0.002684099368845545,0.15025176349733008,0.06590568279918213,29422.27833993287,29427.4573690265,5.1790290936296515,5.68281815330454,0.01760240669941765,0.01936401468212504,1.41075455291502e6,1.4136607063648498e6,2906.1534498299006,23089.41289734932,0.20599993413630752,2.3697974633638563,3.1671
285.0,4.049155545585201,4.053112115851058,0.003956570265857273,0.002684099368845545,0.09771346695167409,0.06590568279918213,29410.128296506566,29415.38974128251,5.2614447759442555,5.68281815330454,0.01788990759543619,0.01936401468212504,1.618720063992905e6,1.6199802310961217e6,1260.1671032167505,23089.41289734932,0.07784960051142444,2.3697974633638563,2.1829
286.0,4.052851382654922,4.056146312717657,0.0032949300627347355,0.002684099368845545,0.081299059640729,0.06590568279918213,29392.931078106674,29398.305883645848,5.374805539173394,5.68281815330454,0.01828604818243805,0.01936401468212504,1.9143783840937328e6,1.9134703151707852e6,-908.0689229476266,23089.41289734932,-0.04743414000558237,2.3697974633638563,1.9998
287.0,4.064319393024427,4.066907307895904,0.002587914871477359,0.002684099368845545,0.0636740034732257,0.06590568279918213,29388.786201099647,29394.29535870833,5.509157608681562,5.68281815330454,0.018745781370431095,0.01936401468212504,1.9389491932187772e6,1.935562161117459e6,-3387.03210131824,23089.41289734932,-0.1746839016289826,2.3697974633638563,1.5964
288.0,4.032945027122779,4.0376888761637195,0.004743849040940162,0.002684099368845545,0.11762741641744029,0.06590568279918213,29386.96965515726,29392.614742610338,5.645087453078304,5.68281815330454,0.019209491551258402,0.01936401468212504,1.9212791273401144e6,1.91548852329561e6,-5790.604044504464,23089.41289734932,-0.30139316885835205,2.3697974633638563,2.6805
289.0,4.068639705152923,4.070934392688025,0.002294687535101758,0.002684099368845545,0.05639937918797631,0.06590568279918213,29379.247047290304,29385.04208281329,5.795035522984108,5.68281815330454,0.01972492866701495,0.01936401468212504,2.0238573294211966e6,2.0154771489703334e6,-8380.180450863205,23089.41289734932,-0.4140697236430127,2.3697974633638563,1.4233
290.0,4.024703769009123,4.029924379987245,0.005220610978121876,0.002684099368845545,0.1297141672468278,0.06590568279918213,29374.35161459561,29380.26076801139,5.909153415781475,5.68281815330454,0.020116710977359304,0.01936401468212504,2.066652578676152e6,2.056481012299562e6,-10171.566376589937,23089.41289734932,-0.49217592165905305,2.3697974633638563,2.9549
291.0,4.065870309320969,4.068230184787156,0.002359875466186878,0.002684099368845545,0.0580410905083934,0.06590568279918213,29367.790067163063,29373.846001933864,6.055934770800377,5.68281815330454,0.020621009469730868,0.01936401468212504,2.142219238609916e6,2.1296541278885324e6,-12565.11072138371,23089.41289734932,-0.5865464418822602,2.3697974633638563,1.4636
292.0,4.057829362433655,4.060619402468055,0.0027900400343998655,0.002684099368845545,0.06875695809758146,0.06590568279918213,29361.89754181076,29368.083665883176,6.186124072417442,5.68281815330454,0.021068543215262314,0.01936401468212504,2.2023538181049707e6,2.187800939368734e6,-14552.878736236598,23089.41289734932,-0.6607875000193527,2.3697974633638563,1.6914
293.0,4.026551863003121,4.031687751080352,0.005135888077231421,0.002684099368845545,0.12755052590831215,0.06590568279918213,29364.39957466173,29370.622169745784,6.222595084054774,5.68281815330454,0.02119094949730964,0.01936401468212504,2.0962475279031924e6,2.081600056673186e6,-14647.471230006544,23089.41289734932,-0.6987472154425355,2.3697974633638563,2.8152
294.0,4.078079082887066,4.0797434025380195,0.001664319650953594,0.002684099368845545,0.04081136282858309,0.06590568279918213,29354.987416871423,29361.33699981447,6.349582943046698,5.68281815330454,0.021630337812365584,0.01936401468212504,2.2328495075222356e6,2.2162683740938692e6,-16581.13342836639,23089.41289734932,-0.7425996858501341,2.3697974633638563,1.0654
295.0,4.041986695224487,4.045882271969258,0.0038955767447710343,0.002684099368845545,0.09637777257836021,0.06590568279918213,29352.781387640553,29359.190019227375,6.408631586822594,5.68281815330454,0.021833132275229795,0.01936401468212504,2.220078105422908e6,2.2029688452189006e6,-17109.260204007383,23089.41289734932,-0.7706602827267737,2.3697974633638563,2.1852
296.0,4.054418841074266,4.057628405326532,0.0032095642522653733,0.002684099368845545,0.07916212848436155,0.06590568279918213,29353.36017983598,29359.801445116387,6.441265280405787,5.68281815330454,0.021943877092580884,0.01936401468212504,2.1553694618115155e6,2.1382292536972133e6,-17140.20811430225,23089.41289734932,-0.7952329481320795,2.3697974633638563,1.757
297.0,4.053601045973777,4.056793617817724,0.0031925718439467232,0.002684099368845545,0.07875890616117075,0.06590568279918213,29347.43915949776,29353.935077732705,6.495918234944838,5.68281815330454,0.022134531737644146,0.01936401468212504,2.2234213361947597e6,2.2057773675312293e6,-17643.968663530424,23089.41289734932,-0.7935503890471306,2.3697974633638563,1.7695
298.0,3.9545414768952534,3.96630920431563,0.011767727420376684,0.002684099368845545,0.29757501569096284,0.06590568279918213,29345.712269823536,29352.21984781404,6.507577990505524,5.68281815330454,0.022175566674513217,0.01936401468212504,2.2051879896625043e6,2.1878849217268457e6,-17303.06793565862,23089.41289734932,-0.7846527378514694,2.3697974633638563,6.4018
299.0,4.040964028837318,4.044115484886454,0.0031514560491361365,0.002684099368845545,0.07798772834023186,0.06590568279918213,29316.304006330578,29323.447759273193,7.14375294261481,5.68281815330454,0.024367849852669644,0.01936401468212504,2.7334516399106127e6,2.704159552766077e6,-29292.0871445355,23089.41289734932,-1.071615342186679,2.3697974633638563,2.1159
300.0,3.927088730893134,3.9404965777862095,0.013407846893075615,0.002684099368845545,0.3414195046727727,0.06590568279918213,29296.909204589938,29304.5525619339,7.643357343960815,5.68281815330454,0.026089295941031668,0.01936401468212504,3.034574318059404e6,2.9966585966893975e6,-37915.721370006446,23089.41289734932,-1.2494576634476158,2.3697974633638563,7.9136
301.0,4.208909319899515,4.201302324595606,-0.007606995303909514,0.002684099368845545,-0.18073554751925913,0.06590568279918213,29274.41583387728,29283.507134605836,9.091300728556234,5.68281815330454,0.031055447118556994,0.01936401468212504,3.385672444156976e6,3.3208334067565496e6,-64839.03740042634,23089.41289734932,-1.9151007213449174,2.3697974633638563,-2.9379
302.0,4.100742985499621,4.100002321757057,-0.000740663742563541,0.002684099368845545,-0.018061696262910293,0.06590568279918213,29291.38100575201,29301.67964030864,10.298634556631441,5.68281815330454,0.0351592659786477,0.01936401468212504,2.9475069183710003e6,2.861861038181083e6,-85645.88018991752,23089.41289734932,-2.905705824000286,2.3697974633638563,0.26072
303.0,4.067884212034957,4.070554828152947,0.002670616117989688,0.002684099368845545,0.06565123240451609,0.06590568279918213,29339.04030338433,29348.659947156648,9.61964377231925,5.68281815330454,0.032787861064458884,0.01936401468212504,1.939579299933697e6,1.8710157785046988e6,-68563.52142899833,23089.41289734932,-3.5349687136453825,2.3697974633638563,1.1932
304.0,4.086138020021527,4.08790612410484,0.0017681040833137374,0.002684099368845545,0.04327078710142108,0.06590568279918213,29334.948677651082,29344.020726141844,9.072048490761517,5.68281815330454,0.03092573500110837,0.01936401468212504,2.0079501290909597e6,1.952414048886359e6,-55536.0802046007,23089.41289734932,-2.7658097380009643,2.3697974633638563,0.72206
305.0,4.033325762752079,4.038330586166426,0.005004823414346937,0.002684099368845545,0.12408676384552612,0.06590568279918213,29333.707832625958,29342.386287827998,8.678455202039913,5.68281815330454,0.029585265018517153,0.01936401468212504,2.0054528722315526e6,1.9590699741981898e6,-46382.89803336281,23089.41289734932,-2.3128390936332797,2.3697974633638563,2.3667
306.0,4.046025072923606,4.050014598703464,0.003989525779857672,0.002684099368845545,0.09860358519664071,0.06590568279918213,29326.6629237566,29335.100051454745,8.43712769814374,5.68281815330454,0.02876947752316234,0.01936401468212504,2.112871704763357e6,2.0721743633432786e6,-40697.34142007842,23089.41289734932,-1.9261624512424687,2.3697974633638563,1.9156
307.0,4.07650499695406,4.0784703242342575,0.001965327280197826,0.002684099368845545,0.04821108478135822,0.06590568279918213,29315.35890781313,29323.643369961665,8.284462148534658,5.68281815330454,0.028259801200409943,0.01936401468212504,2.2952330814781426e6,2.2582519909582254e6,-36981.0905199172,23089.41289734932,-1.6112128575674405,2.3697974633638563,0.97617
308.0,4.1412719156422515,4.140209985983939,-0.0010619296583120885,0.002684099368845545,-0.025642596766008267,0.06590568279918213,29317.462246250543,29325.61352623075,8.151279980207619,5.68281815330454,0.027803497832593265,0.01936401468212504,2.2029579606024255e6,2.1691976431628657e6,-33760.31743955985,23089.41289734932,-1.532499395963402,2.3697974633638563,-0.62823
309.0,4.1065896054085025,4.107681563213284,0.0010919578047818845,0.002684099368845545,0.026590380576226636,0.06590568279918213,29333.924215021994,29341.947430971995,8.023215950001031,5.68281815330454,0.027351321600170758,0.01936401468212504,1.835390750220443e6,1.8046544700953166e6,-30736.280125126243,23089.41289734932,-1.674645037926371,2.3697974633638563,0.24381
310.0,4.098801573270348,4.100611483935185,0.0018099106648366003,0.002684099368845545,0.044157069633222336,0.06590568279918213,29346.859190974264,29354.717362512634,7.858171538369788,5.68281815330454,0.026776874101698073,0.01936401468212504,1.5582837451814718e6,1.531206561698763e6,-27077.183482708875,23089.41289734932,-1.7376285651722285,2.3697974633638563,0.46769
311.0,4.073303975169896,4.0764119784347645,0.0031080032648684863,0.002684099368845545,0.0763017757529096,0.06590568279918213,29347.41867427681,29355.075145594892,7.656471318081458,5.68281815330454,0.026089079257905573,0.01936401468212504,1.5362929134649877e6,1.5134619937393663e6,-22830.919725621352,23089.41289734932,-1.4861046045007142,2.3697974633638563,1.156
312.0,4.09086853878079,4.092953048145408,0.0020845093646180146,0.002684099368845545,0.050955178462891035,0.06590568279918213,29343.503867946878,29350.956748506735,7.452880559856567,5.68281815330454,0.02539874104127577,0.01936401468212504,1.59806886993249e6,1.579360395682176e6,-18708.474250313826,23089.41289734932,-1.1706926154630721,2.3697974633638563,0.69207
313.0,4.06593458482075,4.0692531976246356,0.0033186128038851237,0.002684099368845545,0.0816199261118075,0.06590568279918213,29340.867156321674,29348.157988862535,7.29083254086072,5.68281815330454,0.024848728914577647,0.01936401468212504,1.6277508350252195e6,1.6122065400996748e6,-15544.294925544644,23089.41289734932,-0.9549554262894179,2.3697974633638563,1.3812
314.0,4.073840969041931,4.076645273014806,0.002804303972875566,0.002684099368845545,0.06883685431478859,0.06590568279918213,29338.031946483243,29345.193891031333,7.161944548090105,5.68281815330454,0.024411809766771382,0.01936401468212504,1.65814880641418e6,1.6450378925582643e6,-13110.913855915656,23089.41289734932,-0.7906958534239509,2.3697974633638563,1.1527
315.0,4.058080879639895,4.06165901066639,0.0035781310264955124,0.002684099368845545,0.08817298453679484,0.06590568279918213,29333.15549166595,29340.207708185255,7.052216519303329,5.68281815330454,0.024041792985098325,0.01936401468212504,1.7260895629200242e6,1.7149932530467492e6,-11096.309873274993,23089.41289734932,-0.6428582914610396,2.3697974633638563,1.6173
316.0,4.013685967833869,4.020281719536476,0.006595751702607622,0.002684099368845545,0.16433153354464497,0.06590568279918213,29328.49647521041,29335.466495042685,6.970019832275284,5.68281815330454,0.02376534998364685,0.01936401468212504,1.785401679567185e6,1.775751161774856e6,-9650.51779232896,23089.41289734932,-0.5405236201339536,2.3697974633638563,3.2663
317.0,4.034710653342844,4.039253493410294,0.0045428400674500935,0.002684099368845545,0.11259394930058376,0.06590568279918213,29311.82535641349,29318.751541009104,6.926184595613449,5.68281815330454,0.02362931858181935,0.01936401468212504,2.0777968989641464e6,2.068833964777515e6,-8962.934186631348,23089.41289734932,-0.4313671943152712,2.3697974633638563,2.3718
318.0,4.003953445213936,4.010526108236848,0.006572663022912373,0.002684099368845545,0.16415433178347524,0.06590568279918213,29296.971648796185,29303.92935345467,6.957704658485454,5.68281815330454,0.02374888688801167,0.01936401468212504,2.318091633503173e6,2.308363545120664e6,-9728.088382509071,23089.41289734932,-0.4196593543546714,2.3697974633638563,3.5953
319.0,3.991022338925102,3.9984441291195556,0.00742179019445377,0.002684099368845545,0.18596213110780715,0.06590568279918213,29284.364316366093,29291.51743689253,7.153120526436396,5.68281815330454,0.024426415575081295,0.01936401468212504,2.503835734053986e6,2.4902192384255286e6,-13616.495628457516,23089.41289734932,-0.5438254372386845,2.3697974633638563,4.151
320.0,4.0029511434585165,4.008801304553737,0.0058501610952204075,0.002684099368845545,0.1461462027779314,0.06590568279918213,29263.657070515874,29271.18984002752,7.53276951164662,5.68281815330454,0.02574103945209275,0.01936401468212504,2.8426541996717383e6,2.821782962444543e6,-20871.23722719541,23089.41289734932,-0.7342165371224386,2.3697974633638563,3.4975
321.0,3.965516088203987,3.974588675862148,0.009072587658160991,0.002684099368845545,0.22878705965028717,0.06590568279918213,29249.606351002098,29257.550913213872,7.94456221177461,5.68281815330454,0.027161261989094864,0.01936401468212504,3.0355474232976185e6,3.0071919313772125e6,-28355.491920406,23089.41289734932,-0.9341146082179292,2.3697974633638563,5.3167
322.0,3.9851642159925444,3.991894675924048,0.006730459931503674,0.002684099368845545,0.1688878943681719,0.06590568279918213,29230.931174777525,29239.617907023625,8.686732246100291,5.68281815330454,0.02971760356918019,0.01936401468212504,3.314826994026117e6,3.272839972210468e6,-41987.021815649234,23089.41289734932,-1.2666429316316357,2.3697974633638563,4.1756
323.0,3.992272559032856,3.9979853600433195,0.005712801010463675,0.002684099368845545,0.14309646763816208,0.06590568279918213,29212.44431376913,29221.920263431075,9.475949661944469,5.68281815330454,0.03243805811031715,0.01936401468212504,3.5802728984707077e6,3.52439513103924e6,-55877.76743146777,23089.41289734932,-1.5607125215325242,2.3697974633638563,3.7387
324.0,4.142491303428147,4.13921077502993,-0.0032805283982169087,0.002684099368845545,-0.0791921613812945,0.06590568279918213,29206.26521895514,29216.220266910943,9.955047955802002,5.68281815330454,0.03408531656194467,0.01936401468212504,3.595264301389794e6,3.532177511966576e6,-63086.789423218,23089.41289734932,-1.7547191008691911,2.3697974633638563,-0.94696
325.0,4.200625788452939,4.1944693483321185,-0.0061564401208205055,0.002684099368845545,-0.14656007059100304,0.06590568279918213,29230.47457552681,29240.47712692317,10.002551396362833,5.68281815330454,0.034219599721235665,0.01936401468212504,3.0192315866072453e6,2.957559645406291e6,-61671.941200954374,23089.41289734932,-2.042636989971877,2.3697974633638563,-2.8522
326.0,4.0956494536105765,4.097264194347076,0.001614740736499698,0.002684099368845545,0.03942575542143142,0.06590568279918213,29282.754794321856,29292.62055084589,9.865756524035532,5.68281815330454,0.03369135381329825,0.01936401468212504,1.929594092285491e6,1.8726358664251019e6,-56958.22586038918,23089.41289734932,-2.95182422500711,2.3697974633638563,0.33794
327.0,4.006732449145133,4.014396805491594,0.007664356346460899,0.002684099368845545,0.19128695124367856,0.06590568279918213,29301.78995938047,29311.411305452446,9.621346071977314,5.68281815330454,0.03283535267065554,0.01936401468212504,1.5539301402005227e6,1.5033934013137855e6,-50536.738886737265,23089.41289734932,-3.252188600976353,2.3697974633638563,3.3004
328.0,3.984099496049286,3.99305847094121,0.008958974891923877,0.002684099368845545,0.22486825193014826,0.06590568279918213,29276.479184897355,29285.569600118048,9.090415220693103,5.68281815330454,0.031050233750042282,0.01936401468212504,2.0587041084475054e6,2.0198025824298481e6,-38901.52601765725,23089.41289734932,-1.8896122982429648,2.3697974633638563,4.3626
329.0,4.026683418906704,4.031155192119872,0.004471773213167829,0.002684099368845545,0.11105350850705746,0.06590568279918213,29242.411353287505,29251.27455757172,8.86320428421459,5.68281815330454,0.03030941661115155,0.01936401468212504,2.6952103977785306e6,2.6613177317433935e6,-33892.66603513714,23089.41289734932,-1.2575146661304233,2.3697974633638563,2.4058
330.0,3.9837419047306932,3.991421991271909,0.007680086541215658,0.002684099368845545,0.19278574578577884,0.06590568279918213,29228.910670348192,29237.80049934285,8.889828994659183,5.68281815330454,0.030414506701673404,0.01936401468212504,2.889780660034851e6,2.855744336269387e6,-34036.32376546413,23089.41289734932,-1.1778168577352734,2.3697974633638563,4.2276
331.0,4.022253619583359,4.026557367509427,0.0043037479260679135,0.002684099368845545,0.10699842260353817,0.06590568279918213,29218.205355967177,29227.368005328153,9.162649360976502,5.68281815330454,0.031359384497943614,0.01936401468212504,3.0244137457343643e6,2.985518379859487e6,-38895.3658748772,23089.41289734932,-1.2860464587470963,2.3697974633638563,2.4839
332.0,4.020685343195716,4.024967586235904,0.004282243040187872,0.002684099368845545,0.1065053013271679,0.06590568279918213,29208.110218100264,29217.51345222627,9.403234126006282,5.68281815330454,0.032193914826365924,0.01936401468212504,3.1443821698680692e6,3.10160403456606e6,-42778.13530200906,23089.41289734932,-1.360462341758029,2.3697974633638563,2.505
333.0,4.050095742805236,4.052671417996739,0.002575675191502924,0.002684099368845545,0.06359541490046165,0.06590568279918213,29209.271090528597,29218.729154736055,9.458064207457937,5.68281815330454,0.03238034998594953,0.01936401468212504,3.0404045154308695e6,2.9976021520016515e6,-42802.363429218065,23089.41289734932,-1.4077851552970855,2.3697974633638563,1.4794
334.0,4.019839781151147,4.024700276486739,0.004860495335591963,0.002684099368845545,0.1209126631957476,0.06590568279918213,29212.746256753107,29222.209089035543,9.462832282435556,5.68281815330454,0.03239281989877291,0.01936401468212504,2.9009734096769094e6,2.8590820571524375e6,-41891.352524471935,23089.41289734932,-1.4440446915071004,2.3697974633638563,2.5263
335.0,4.0496204484804785,4.0526304133643976,0.003009964883919025,0.002684099368845545,0.07432708625936639,0.06590568279918213,29212.30648950035,29221.72484243336,9.418352933007554,5.68281815330454,0.03224104517865698,0.01936401468212504,2.8479446105982107e6,2.8078531322656684e6,-40091.47833254235,23089.41289734932,-1.4077337804726875,2.3697974633638563,1.4955
336.0,4.122083058930051,4.121419035980264,-0.0006640229497874017,0.002684099368845545,-0.01610891727057433,0.06590568279918213,29210.725444277952,29220.083927602453,9.358483324500412,5.68281815330454,0.032037832618544676,0.01936401468212504,2.8199652920730393e6,2.7818648933586897e6,-38100.398714349605,23089.41289734932,-1.351094597562968,2.3697974633638563,-0.40618
337.0,4.05165151244399,4.055178445609682,0.003526933165692192,0.002684099368845545,0.08704927249690131,0.06590568279918213,29228.18645955547,29237.39872110094,9.212261545471847,5.68281815330454,0.0315184165059961,0.01936401468212504,2.4186431423317567e6,2.3841309523761836e6,-34512.18995557306,23089.41289734932,-1.426923606526785,2.3697974633638563,1.4633
338.0,4.090374166462694,4.092089507884021,0.001715341421326677,0.002684099368845545,0.041936051606009515,0.06590568279918213,29236.597801116823,29245.64069034973,9.042889232907328,5.68281815330454,0.03093003260646796,0.01936401468212504,2.218252797363158e6,2.1876039158351296e6,-30648.881528028287,23089.41289734932,-1.3816676604425195,2.3697974633638563,0.42687
339.0,4.091347101862837,4.093038474994487,0.0016913731316501313,0.002684099368845545,0.041340250277959296,0.06590568279918213,29236.390400824344,29245.234543058654,8.844142234309402,5.68281815330454,0.030250458805133596,0.01936401468212504,2.1942978942111367e6,2.167919283785481e6,-26378.61042565573,23089.41289734932,-1.2021435419158983,2.3697974633638563,0.41621
340.0,4.14682308510281,4.1459884758992605,-0.0008346092035491637,0.002684099368845545,-0.02012647239636151,0.06590568279918213,29244.528972472264,29253.181542926955,8.652570454691158,5.68281815330454,0.02958697150785291,0.01936401468212504,2.0029235978728314e6,1.9804988573266861e6,-22424.740546145244,23089.41289734932,-1.1196003966382457,2.3697974633638563,-0.94842
341.0,4.1484554610861215,4.14788497384016,-0.0005704872459615373,0.002684099368845545,-0.0137517987432406,0.06590568279918213,29259.040356293357,29267.494446638222,8.454090344865108,5.68281815330454,0.028893942664960676,0.01936401468212504,1.694467915645618e6,1.6759938199269532e6,-18474.095718664816,23089.41289734932,-1.0902593993127279,2.3697974633638563,-0.95058
342.0,4.20686297405808,4.202889232632695,-0.003973741425384425,0.002684099368845545,-0.09445854190851435,0.06590568279918213,29277.571080769223,29285.785448720893,8.214367951670283,5.68281815330454,0.02805686280808259,0.01936401468212504,1.3208932150353852e6,1.3070496145340276e6,-13843.600501357578,23089.41289734932,-1.0480484223690045,2.3697974633638563,-2.8125
343.0,4.186195821137866,4.1843576670541465,-0.0018381540837193455,0.002684099368845545,-0.043909892471769504,0.06590568279918213,29302.685728763598,29310.48405609052,7.798327326923754,5.68281815330454,0.02661301219658816,0.01936401468212504,833627.3786841847,827717.0532513985,-5910.325432786252,23089.41289734932,-0.7089888820728556,2.3697974633638563,-1.9414
344.0,4.1933502967302845,4.191548073362467,-0.0018022233678172128,0.002684099368845545,-0.0429781258489775,0.06590568279918213,29326.461928692897,29333.761983629825,7.300054936928063,5.68281815330454,0.024892382022345894,0.01936401468212504,393245.84654073144,396541.7024769453,3295.855936213862,23089.41289734932,0.8381158924389265,2.3697974633638563,-2.0775
345.0,4.24667346808,4.2407113391990885,-0.005962128880911521,0.002684099368845545,-0.14039527469502172,0.06590568279918213,29338.962991093624,29345.779709455153,6.816718361529638,5.68281815330454,0.02323435345550208,0.01936401468212504,189986.29626057687,201821.65663838686,11835.360377809993,23089.41289734932,6.2295863495213,2.3697974633638563,-4.2071
346.0,4.167680533024062,4.1681970589623525,0.0005165259382904352,0.002684099368845545,0.012393606808332904,0.06590568279918213,29366.15077656386,29372.061346490213,5.910569926352764,5.68281815330454,0.020127152418865164,0.01936401468212504,-301402.3803884001,-273006.5567390302,-28395.823649369937,23089.41289734932,9.421234036963428,2.3697974633638563,-1.091
347.0,4.06339134403673,4.069131030741992,0.005739686705261704,0.002684099368845545,0.14125360368464232,0.06590568279918213,29378.50602304297,29383.83930976911,5.333286726141523,5.68281815330454,0.018153702989384044,0.01936401468212504,-481654.3079914497,-443908.3930954915,-37745.91489595821,23089.41289734932,7.8367231995417495,2.3697974633638563,1.6593
348.0,4.1342180546213,4.1354861123670625,0.001268057745762441,0.002684099368845545,0.03067225117322934,0.06590568279918213,29351.401849805097,29356.62932551111,5.227475706011319,5.68281815330454,0.01780996946163248,0.01936401468212504,112866.21626759408,150471.57557287937,37605.359305285296,23089.41289734932,33.3185257279529,2.3697974633638563,-0.19359
349.0,4.101529603666282,4.103744715619043,0.0022151119527613616,0.002684099368845545,0.05400697219840408,0.06590568279918213,29335.64988720235,29340.790317132392,5.140429930041137,5.68281815330454,0.017522809107030024,0.01936401468212504,440109.77264400135,477515.5184223329,37405.74577833153,23089.41289734932,8.499185454031831,2.3697974633638563,0.5667
350.0,4.0627484369177775,4.0668874171741765,0.004138980256398916,0.002684099368845545,0.1018763608100474,0.06590568279918213,29334.559509647628,29339.80919807495,5.249688427320507,5.68281815330454,0.017895917017584584,0.01936401468212504,460548.5018023422,494096.2758945129,33547.7740921707,23089.41289734932,7.284308593097694,2.3697974633638563,1.6394
351.0,4.091909816927513,4.094044224679166,0.002134407751652745,0.002684099368845545,0.05216165182387633,0.06590568279918213,29320.435333576832,29325.666038240994,5.230704664161749,5.68281815330454,0.01783979195619825,0.01936401468212504,738806.4536860866,771375.7914414459,32569.33775535936,23089.41289734932,4.408372124101373,2.3697974633638563,0.78484
352.0,4.019718071624038,4.026136246132138,0.006418174508099561,0.002684099368845545,0.15966727998679028,0.06590568279918213,29311.007922338817,29316.24766533362,5.239742994803237,5.68281815330454,0.0178763657963801,0.01936401468212504,909311.5778943922,940465.3123741421,31153.734479749925,23089.41289734932,3.42607916110446,2.3697974633638563,3.174
353.0,4.058191118489145,4.061472075137197,0.003280956648052502,0.002684099368845545,0.08084776079432146,0.06590568279918213,29294.7361142031,29300.01000973807,5.273895534970507,5.68281815330454,0.01800287776756432,0.01936401468212504,1.2076560265389518e6,1.2370290841259495e6,29373.057586997747,23089.41289734932,2.4322370726024234,2.3697974633638563,1.6874
354.0,4.020150346608954,4.025655569076919,0.005505222467965254,0.002684099368845545,0.13694071100124341,0.06590568279918213,29278.18572307089,29283.52732721041,5.341604139521223,5.68281815330454,0.0182443140092253,0.01936401468212504,1.4973876648628034e6,1.5244532220802554e6,27065.557217451977,23089.41289734932,1.80751837700839,2.3697974633638563,3.0325
355.0,4.076198207481266,4.077863579225462,0.0016653717441963423,0.002684099368845545,0.04085600501810231,0.06590568279918213,29267.24443599584,29272.81724823314,5.572812237300241,5.68281815330454,0.019041123770593957,0.01936401468212504,1.664984766736662e6,1.6866750281052212e6,21690.261368559208,23089.41289734932,1.3027303193332933,2.3697974633638563,1.0654
356.0,4.046123147526064,4.049522787355751,0.00339963982968694,0.002684099368845545,0.08402215418889547,0.06590568279918213,29261.873630821876,29267.666322899808,5.792692077931861,5.68281815330454,0.01979603955308709,0.01936401468212504,1.719279446411125e6,1.7361254233210422e6,16845.976909917314,23089.41289734932,0.9798277380144401,2.3697974633638563,1.9606
357.0,4.118251036299788,4.117989672705742,-0.00026136359404560494,0.002684099368845545,-0.006346470667811398,0.06590568279918213,29262.276329641594,29268.25167228213,5.975342640536837,5.68281815330454,0.020419951521283525,0.01936401468212504,1.6621611143494016e6,1.6751245554453305e6,12963.441095928894,23089.41289734932,0.7799148340083151,2.3697974633638563,-0.023889
358.0,4.083335701890453,4.084982981404317,0.0016472795138637863,0.002684099368845545,0.040341515714741476,0.06590568279918213,29267.20704366737,29273.309553883697,6.102510216325754,5.68281815330454,0.020851016659091056,0.01936401468212504,1.5231005674693224e6,1.5334245521966135e6,10323.984727291157,23089.41289734932,0.6778268584355379,2.3697974633638563,0.83956
359.0,4.083997076490502,4.085914916508706,0.0019178400182040534,0.002684099368845545,0.046959877352608426,0.06590568279918213,29275.467539601494,29281.620030748807,6.1524911473134125,5.68281815330454,0.02101585957249297,0.01936401468212504,1.32843204664762e6,1.337709382978588e6,9277.336330968188,23089.41289734932,0.6983673989482653,2.3697974633638563,0.83676
360.0,4.144446825801957,4.143469533345193,-0.0009772924567634789,0.002684099368845545,-0.023580769589784067,0.06590568279918213,29273.3798613841,29279.54593475936,6.166073375261476,5.68281815330454,0.021063756233339614,0.01936401468212504,1.3483464436610865e6,1.3572825942979811e6,8936.150636894628,23089.41289734932,0.6627488564905337,2.3697974633638563,-0.63943
361.0,4.133167624030225,4.133017440432094,-0.00015018359813101512,0.002684099368845545,-0.003633619823639576,0.06590568279918213,29282.748893324268,29288.904174606374,6.1552812821064435,5.68281815330454,0.02102016209109963,0.01936401468212504,1.139772705906014e6,1.1488155669277383e6,9042.861021724297,23089.41289734932,0.7933916099996496,2.3697974633638563,-0.34073
362.0,4.105155359788072,4.1066236399893326,0.0014682802012604412,0.002684099368845545,0.03576673895567843,0.06590568279918213,29295.546839388957,29301.676296382317,6.129456993359781,5.68281815330454,0.02092282839765427,0.01936401468212504,875271.6089115301,884676.9709252556,9405.362013725447,23089.41289734932,1.0745649599467488,2.3697974633638563,0.35759
363.0,4.115052328808967,4.116053625816447,0.001001297007479529,0.002684099368845545,0.024332546161553618,0.06590568279918213,29296.32543709827,29302.3903867783,6.064949680032441,5.68281815330454,0.020702083246086304,0.01936401468212504,859791.3160066785,870278.4526947286,10487.136688050115,23089.41289734932,1.2197304732918068,2.3697974633638563,0.13671
364.0,4.059319458251375,4.0631132945313615,0.003793836279986529,0.002684099368845545,0.09345990920411058,0.06590568279918213,29295.238412190218,29301.23021505029,5.991802860073221,5.68281815330454,0.02045316298767494,0.01936401468212504,877400.377425834,889066.1548532123,11665.777427378343,23089.41289734932,1.3295842727585838,2.3697974633638563,1.6315
365.0,4.0520573340269435,4.056054168973619,0.003996834946675243,0.002684099368845545,0.09863717655503111,0.06590568279918213,29287.16363719195,29293.075115341297,5.911478149348113,5.68281815330454,0.02018453621040001,0.01936401468212504,1.0287111114115608e6,1.0416326724543016e6,12921.561042740825,23089.41289734932,1.2560922983528697,2.3697974633638563,1.8602
366.0,4.1139812503011495,4.114321092599304,0.00033984229815420264,0.002684099368845545,0.00826066716102135,0.06590568279918213,29271.792638554558,29277.644838465832,5.852199911274511,5.68281815330454,0.019992625609018704,0.01936401468212504,1.3131584121165485e6,1.326862766121266e6,13704.354004717432,23089.41289734932,1.0436177294579987,2.3697974633638563,0.14178
367.0,4.057635673791285,4.060938972328948,0.0033032985376628687,0.002684099368845545,0.08140944143899456,0.06590568279918213,29272.79680561708,29278.682109723606,5.885304106526746,5.68281815330454,0.02010502838388654,0.01936401468212504,1.2596609135681791e6,1.2723078106726944e6,12646.897104515228,23089.41289734932,1.0039921829987555,2.3697974633638563,1.6434
368.0,4.032235786029722,4.037237423417962,0.005001637388239999,0.002684099368845545,0.12404129256451005,0.06590568279918213,29272.580694133194,29278.526419815,5.945725681805925,5.68281815330454,0.0203115869554937,0.01936401468212504,1.2366188946034706e6,1.2477547530201213e6,11135.858416650677,23089.41289734932,0.900508512788126,2.3697974633638563,2.5283
369.0,4.042177105701023,4.04606889123404,0.003891785533017611,0.002684099368845545,0.09627944128248854,0.06590568279918213,29255.80369589105,29261.785481683797,5.981785792748269,5.68281815330454,0.02044649278798793,0.01936401468212504,1.541564338576317e6,1.5517566400097965e6,10192.301433479413,23089.41289734932,0.6611661400322949,2.3697974633638563,2.1238
370.0,4.046783950587305,4.050098938092147,0.0033149875048419375,0.002684099368845545,0.08191659217094693,0.06590568279918213,29242.997628409412,29249.06602508297,6.068396673559619,5.68281815330454,0.020751623177181412,0.01936401468212504,1.7509848369648706e6,1.7592792512304743e6,8294.414265603758,23089.41289734932,0.473699948194935,2.3697974633638563,1.9253
371.0,4.059280319477973,4.061774826853583,0.0024945073756095226,0.002684099368845545,0.061451961413946356,0.06590568279918213,29237.382265157456,29243.60019251526,6.217927357804001,5.68281815330454,0.021267045392138206,0.01936401468212504,1.8105619802963983e6,1.8158150615575453e6,5253.0812611470465,23089.41289734932,0.29013540095915913,2.3697974633638563,1.4972
372.0,4.04477669934874,4.04822801992563,0.0034513205768895716,0.002684099368845545,0.08532783966653283,0.06590568279918213,29235.396826973447,29241.75066474742,6.353837773971463,5.68281815330454,0.021733372772656273,0.01936401468212504,1.7997071160027115e6,1.8023340800230748e6,2626.964020363288,23089.41289734932,0.1459661962218596,2.3697974633638563,1.9517
373.0,4.043826482525094,4.047342707877095,0.0035162253520013564,0.002684099368845545,0.0869529236033321,0.06590568279918213,29231.69780228929,29238.166273967752,6.468471678461356,5.68281815330454,0.022128279110612506,0.01936401468212504,1.8263937509525297e6,1.8269150986324837e6,521.3476799540222,23089.41289734932,0.02854519621971553,2.3697974633638563,1.9695
374.0,4.097800429866341,4.0982622889212745,0.0004618590549334556,0.002684099368845545,0.011270901617542173,0.06590568279918213,29224.833769919365,29231.412195218425,6.578425299059745,5.68281815330454,0.022509709895530045,0.01936401468212504,1.915664520991878e6,1.9142364366255498e6,-1428.084366328083,23089.41289734932,-0.07454772746893389,2.3697974633638563,0.41043
375.0,4.0191032550094326,4.024507361255349,0.0054041062459164735,0.002684099368845545,0.134460497853116,0.06590568279918213,29229.559966063087,29236.19369971897,6.633733655882679,5.68281815330454,0.02269529087534934,0.01936401468212504,1.7734859070930996e6,1.7712387557956988e6,-2247.1512974007055,23089.41289734932,-0.12670815642871308,2.3697974633638563,2.8783
376.0,4.071061173059395,4.073031913462774,0.001970740403379523,0.002684099368845545,0.04840851855582694,0.06590568279918213,29224.416542278588,29231.14253765279,6.725995374203194,5.68281815330454,0.023014985994580194,0.01936401468212504,1.835879729010576e6,1.8320772376518408e6,-3802.491358735133,23089.41289734932,-0.20712094036707063,2.3697974633638563,1.1003
377.0,4.070473875491023,4.072339409614577,0.001865534123554724,0.002684099368845545,0.04583088310153284,0.06590568279918213,29216.193802191778,29222.991657852654,6.797855660875939,5.68281815330454,0.023267423905046693,0.01936401468212504,1.954988278298342e6,1.9500766377437867e6,-4911.640554555226,23089.41289734932,-0.251236317326179,2.3697974633638563,1.1003
378.0,4.02879276622988,4.033514990570262,0.004722224340381942,0.002684099368845545,0.11721189483769281,0.06590568279918213,29221.688209454547,29228.494186433443,6.805976978896069,5.68281815330454,0.023290841138651347,0.01936401468212504,1.7983330197537076e6,1.7935826771967479e6,-4750.342556959717,23089.41289734932,-0.26415255154522516,2.3697974633638563,2.4667
379.0,4.040202349545564,4.043987619326833,0.0037852697812690295,0.002684099368845545,0.09369010395468907,0.06590568279918213,29213.94247773004,29220.811994944317,6.869517214276129,5.68281815330454,0.02351451612363789,0.01936401468212504,1.913188555275647e6,1.9074566205319266e6,-5731.93474372034,23089.41289734932,-0.29960114113762815,2.3697974633638563,2.0372
380.0,4.052866578360848,4.0556433582142315,0.0027767798533835375,0.002684099368845545,0.06851397152349845,0.06590568279918213,29203.07414074409,29210.010317499997,6.9361767559057625,5.68281815330454,0.023751529453635217,0.01936401468212504,2.082187483623749e6,2.075441818844645e6,-6745.66477910406,23089.41289734932,-0.3239700954961172,2.3697974633638563,1.5935
381.0,4.045122067911988,4.048430133265466,0.0033080653534778293,0.002684099368845545,0.08177912305092407,0.06590568279918213,29201.20385464029,29208.199259966903,6.9954053266119445,5.68281815330454,0.02395587990630161,0.01936401468212504,2.0656618343353574e6,2.0580757078969332e6,-7586.126438424224,23089.41289734932,-0.36724919405141254,2.3697974633638563,1.8329
382.0,4.118654029910763,4.118156798328509,-0.0004972315822540097,0.002684099368845545,-0.012072671767110842,0.06590568279918213,29199.154567269874,29206.21790879103,7.063341521155962,5.68281815330454,0.024190226141250864,0.01936401468212504,2.0563449967589574e6,2.0477627339243398e6,-8582.262834617635,23089.41289734932,-0.4173552029520482,2.3697974633638563,-0.15832
383.0,4.045666198494858,4.049302141140513,0.0036359426456549215,0.002684099368845545,0.08987253192088934,0.06590568279918213,29208.11522465452,29215.19346627964,7.078241625120427,5.68281815330454,0.0242338184805081,0.01936401468212504,1.8324624988250919e6,1.8239531481048597e6,-8509.35072023212,23089.41289734932,-0.46436697753367423,2.3697974633638563,1.8201
384.0,4.094479637419901,4.095598127327355,0.0011184899074541121,0.002684099368845545,0.027317022100491348,0.06590568279918213,29211.550333729057,29218.60782955711,7.057495828052197,5.68281815330454,0.02415994956591973,0.01936401468212504,1.731156521329415e6,1.7233836808715009e6,-7772.840457914164,23089.41289734932,-0.4489969775780373,2.3697974633638563,0.44887
385.0,4.11986488833392,4.119766868495484,-9.801983843615858e-5,0.002684099368845545,-0.0023792003158578817,0.06590568279918213,29209.193611416238,29216.2092819753,7.015670559063437,5.68281815330454,0.024018706755127277,0.01936401468212504,1.7477590826403913e6,1.7410722648220418e6,-6686.81781834946,23089.41289734932,-0.3825937959508405,2.3697974633638563,-0.16389
386.0,4.054841931116937,4.0584029716522325,0.00356104053529549,0.002684099368845545,0.08782193229205791,0.06590568279918213,29221.301858802857,29228.251793414503,6.949934611646313,5.68281815330454,0.023783795277939196,0.01936401468212504,1.476998889056624e6,1.4717972180694023e6,-5201.670987221645,23089.41289734932,-0.3521783953774002,2.3697974633638563,1.5661
387.0,4.05491381923709,4.058429473049997,0.0035156538129070825,0.002684099368845545,0.0867010735524962,0.06590568279918213,29219.944413583104,29226.817974103782,6.8735605206784385,5.68281815330454,0.02352352360219828,0.01936401468212504,1.4860104112571806e6,1.4824204613596376e6,-3589.9498975430615,23089.41289734932,-0.24158309190484917,2.3697974633638563,1.5739
388.0,4.114215460682752,4.114415421476545,0.00019996079379325238,0.002684099368845545,0.004860241173661551,0.06590568279918213,29208.549344689083,29215.333709620594,6.784364931510936,5.68281815330454,0.02322732584713085,0.01936401468212504,1.68828786192192e6,1.6864824022573011e6,-1805.4596646188293,23089.41289734932,-0.10694027395088433,2.3697974633638563,-0.0085663
389.0,4.096545190423372,4.097727378166924,0.0011821877435522765,0.002684099368845545,0.028858164345798396,0.06590568279918213,29213.218885009897,29219.96139417275,6.742509162853821,5.68281815330454,0.023080336300473847,0.01936401468212504,1.5610584639484081e6,1.5600267663384848e6,-1031.6976099233143,23089.41289734932,-0.06608962019999087,2.3697974633638563,0.42601
390.0,4.029724379605444,4.03499483207516,0.005270452469716247,0.002684099368845545,0.1307894032750767,0.06590568279918213,29222.061531577117,29228.779050036806,6.717518459689018,5.68281815330454,0.022987832163826372,0.01936401468212504,1.3603477530136842e6,1.3597461278061783e6,-601.6252075058874,23089.41289734932,-0.04422583903072286,2.3697974633638563,2.4615
391.0,4.087529446976835,4.089072861393027,0.0015434144161918795,0.002684099368845545,0.03775910207407556,0.06590568279918213,29210.370305125114,29217.014919057092,6.644613931977801,5.68281815330454,0.022747448466313925,0.01936401468212504,1.5740577260405275e6,1.574828931535211e6,771.2054946834687,23089.41289734932,0.048994740276991106,2.3697974633638563,0.66037
392.0,4.087289198557567,4.088687093871408,0.0013978953138407135,0.002684099368845545,0.03420103755648219,0.06590568279918213,29203.280772565646,29209.874851711516,6.594079145870637,5.68281815330454,0.02257992585567747,0.01936401468212504,1.681920142512876e6,1.6835634404125775e6,1643.2978997013997,23089.41289734932,0.09770368153426282,2.3697974633638563,0.65518
393.0,4.0415942054739205,4.045804148407708,0.004209942933787403,0.002684099368845545,0.1041654040399571,0.06590568279918213,29210.07520145891,29216.67936898007,6.6041675211599795,5.68281815330454,0.022609210950713783,0.01936401468212504,1.5113316033917097e6,1.5126326024527922e6,1300.9990610824898,23089.41289734932,0.08608296539044148,2.3697974633638563,2.0145
394.0,4.0476130162055615,4.0512795115775955,0.0036664953720340066,0.002684099368845545,0.09058413828976086,0.06590568279918213,29203.40372285783,29209.997998857536,6.594275999705133,5.68281815330454,0.02258050486951875,0.01936401468212504,1.6169541541607296e6,1.6183524867282177e6,1398.3325674880762,23089.41289734932,0.0864794195858863,2.3697974633638563,1.8031
395.0,4.069124081764789,4.071282147957408,0.002158066192619046,0.002684099368845545,0.05303515324809381,0.06590568279918213,29192.17366652482,29198.75298550056,6.579318975738715,5.68281815330454,0.02253795503855657,0.01936401468212504,1.8048004757551472e6,1.806401803290828e6,1601.327535680728,23089.41289734932,0.08872601471421467,2.3697974633638563,1.1263
396.0,4.068859474227512,4.071064414944775,0.002204940717263071,0.002684099368845545,0.054190633302264306,0.06590568279918213,29190.86734706795,29197.473899852503,6.60655278455306,5.68281815330454,0.02263225928165731,0.01936401468212504,1.7871457657464184e6,1.7881188734598134e6,973.1077133950312,23089.41289734932,0.054450382953995,2.3697974633638563,1.1263
397.0,4.01536131671598,4.021167618795855,0.005806302079874648,0.002684099368845545,0.14460223182663456,0.06590568279918213,29192.577341413205,29199.21984315022,6.642501737012935,5.68281815330454,0.022754077720947723,0.01936401468212504,1.7136101011784144e6,1.7138306453908216e6,220.54421240719967,23089.41289734932,0.012870151282111136,2.3697974633638563,2.9716
398.0,4.084378125058636,4.085595591378999,0.0012174663203623481,0.002684099368845545,0.02980787486087297,0.06590568279918213,29180.474357091356,29187.169412858173,6.6950557668169495,5.68281815330454,0.02294361525754271,0.01936401468212504,1.917028236558992e6,1.9162131027564364e6,-815.1338025555015,23089.41289734932,-0.04252069880924874,2.3697974633638563,0.68939
399.0,4.059080035681269,4.061608974328164,0.0025289386468942965,0.002684099368845545,0.062303246663374647,0.06590568279918213,29176.144262398597,29182.885267890568,6.741005491971009,5.68281815330454,0.023104511107928095,0.01936401468212504,1.95557015719527e6,1.9539021079942763e6,-1668.0492009937298,23089.41289734932,-0.08529733361170175,2.3697974633638563,1.3775
400.0,4.0841797783403315,4.085612215168291,0.0014324368279599042,0.002684099368845545,0.035072815245708815,0.06590568279918213,29181.783611975403,29188.56079794809,6.777185972685402,5.68281815330454,0.0232240292875869,0.01936401468212504,1.7981889833989725e6,1.7958958449613443e6,-2293.1384376282804,23089.41289734932,-0.12752488524836497,2.3697974633638563,0.68671
401.0,4.051996071010867,4.055285198664258,0.003289127653390622,0.002684099368845545,0.0811730217835594,0.06590568279918213,29183.04722332841,29189.840854426835,6.793631098425976,5.68281815330454,0.02327937533882777,0.01936401468212504,1.737753888318248e6,1.7352436239711253e6,-2510.2643471227493,23089.41289734932,-0.14445453777992212,2.3697974633638563,1.6054
402.0,4.044636419640605,4.048402484276284,0.0037660646356796335,0.002684099368845545,0.09311256303265636,0.06590568279918213,29181.713953302355,29188.48794727581,6.773993973456527,5.68281815330454,0.023213146370691315,0.01936401468212504,1.7311620446154494e6,1.7291403028513999e6,-2021.7417640495114,23089.41289734932,-0.1167852408928368,2.3697974633638563,1.8458
403.0,4.058532576446569,4.0612679280040735,0.002735351557504373,0.002684099368845545,0.06739755086305846,0.06590568279918213,29172.98221639508,29179.74600578008,6.763789385000564,5.68281815330454,0.02318511468875248,0.01936401468212504,1.869543981578492e6,1.867784263588391e6,-1759.7179901010823,23089.41289734932,-0.09412551977596795,2.3697974633638563,1.3922
404.0,4.11119105181044,4.11121555103749,2.4499227049723515e-5,0.002684099368845545,0.0005959155568538908,0.06590568279918213,29169.08063014942,29175.85092262607,6.770292476649047,5.68281815330454,0.023210510343103556,0.01936401468212504,1.904409849908903e6,1.9025659362498382e6,-1843.9136590647977,23089.41289734932,-0.0968233628466583,2.3697974633638563,0.0053429
405.0,4.0376668167093515,4.041938379895645,0.004271563186293292,0.002684099368845545,0.10579285959445668,0.06590568279918213,29177.729488894027,29184.51027526583,6.780786371804425,5.68281815330454,0.0232395957142087,0.01936401468212504,1.6917972967736893e6,1.689796748094868e6,-2000.5486788214184,23089.41289734932,-0.11824990397115112,2.3697974633638563,2.074
406.0,4.03077151993916,4.035509905742334,0.004738385803173983,0.002684099368845545,0.11755530621704663,0.06590568279918213,29176.569219580022,29183.339848263902,6.770628683880204,5.68281815330454,0.023205705348442827,0.01936401468212504,1.685555984543178e6,1.6838128329933502e6,-1743.1515498277731,23089.41289734932,-0.10341700695869825,2.3697974633638563,2.3266
407.0,4.049798125818432,4.052906141548312,0.0031080157298797317,0.002684099368845545,0.07674495452169301,0.06590568279918213,29160.68624998889,29167.441262721357,6.755012732468458,5.68281815330454,0.023164793429616328,0.01936401468212504,1.9673964716044096e6,1.96599899736696e6,-1397.4742374497,23089.41289734932,-0.07103165313242944,2.3697974633638563,1.6454
408.0,4.016390473468717,4.0216943062188015,0.005303832750084503,0.002684099368845545,0.13205470895124144,0.06590568279918213,29154.525715475116,29161.306250976137,6.780535501020495,5.68281815330454,0.023257231371873806,0.01936401468212504,2.0407332722589157e6,2.0388525404085203e6,-1880.7318503954448,23089.41289734932,-0.09215961125157904,2.3697974633638563,2.8354
409.0,4.089475504832206,4.090180530026285,0.000705025194079667,0.002684099368845545,0.017239990635635187,0.06590568279918213,29145.856481585324,29152.751298857514,6.8948172721902665,5.68281815330454,0.02365625205265966,0.01936401468212504,2.161874030829585e6,2.1577965721227974e6,-4077.4587067877874,23089.41289734932,-0.18860759917741954,2.3697974633638563,0.49679
410.0,4.063123200987819,4.065316372034665,0.0021931710468452437,0.002684099368845545,0.05397746852254059,0.06590568279918213,29146.75283192027,29153.72698104641,6.974149126141128,5.68281815330454,0.023927705313723114,0.01936401468212504,2.0900806025040946e6,2.0846179189400014e6,-5462.683564093197,23089.41289734932,-0.26136233968912187,2.3697974633638563,1.1966
411.0,4.080758378225062,4.082346245246013,0.0015878670209508172,0.002684099368845545,0.03891107666221259,0.06590568279918213,29155.256382788328,29162.24370906117,6.987326272843347,5.68281815330454,0.023965922923484505,0.01936401468212504,1.8755568548494985e6,1.8700639813530103e6,-5492.873496488202,23089.41289734932,-0.29286627500977414,2.3697974633638563,0.72483
412.0,4.072421237785322,4.074545911272188,0.0021246734868656247,0.002684099368845545,0.05217224257530569,0.06590568279918213,29156.8739911752,29163.851166113516,6.97717493831442,5.68281815330454,0.023929777041345978,0.01936401468212504,1.8096958178463413e6,1.8046031827859783e6,-5092.6350603629835,23089.41289734932,-0.2814083455430404,2.3697974633638563,0.95438
413.0,4.072855185810911,4.075074801323626,0.0022196155127147676,0.002684099368845545,0.05449777641118952,0.06590568279918213,29159.287838396544,29166.214695796432,6.926857399888831,5.68281815330454,0.023755235169933206,0.01936401468212504,1.7301920643756478e6,1.7262482651696487e6,-3943.799205999123,23089.41289734932,-0.22793996615758788,2.3697974633638563,0.9513
414.0,4.016635057932799,4.022435450890091,0.0058003929572922885,0.002684099368845545,0.14440925983147493,0.06590568279918213,29158.933176153332,29165.806994004168,6.873817850835621,5.68281815330454,0.02357362599416753,0.01936401468212504,1.708237900938392e6,1.7054221998674273e6,-2815.701070964569,23089.41289734932,-0.16483073402234028,2.3697974633638563,2.8354
415.0,4.047833875046891,4.051180956119537,0.003347081072646141,0.002684099368845545,0.08268820252924455,0.06590568279918213,29146.772562880327,29153.609649790582,6.837086910254584,5.68281815330454,0.023457440769829554,0.01936401468212504,1.9180340071963586e6,1.9159663028449733e6,-2067.704351385357,23089.41289734932,-0.10780332067249294,2.3697974633638563,1.682
416.0,4.032820412107218,4.036872962775526,0.004052550668308008,0.002684099368845545,0.10048924212299552,0.06590568279918213,29135.236068164384,29142.075656023688,6.83958785930372,5.68281815330454,0.023475312996613165,0.01936401468212504,2.102160647468135e6,2.1000397818074115e6,-2120.8656607237644,23089.41289734932,-0.10088979942033248,2.3697974633638563,2.1679
417.0,4.1465388078059275,4.14454003614597,-0.0019987716599576544,0.002684099368845545,-0.048203375214888475,0.06590568279918213,29131.468495627054,29138.372706831662,6.904211204608146,5.68281815330454,0.0237001825213327,0.01936401468212504,2.1244927454772876e6,2.121115516099692e6,-3377.229377595708,23089.41289734932,-0.15896638784883124,2.3697974633638563,-0.95265
418.0,4.115531555641281,4.115507778774696,-2.377686658494582e-5,0.002684099368845545,-0.0005777350085520342,0.06590568279918213,29144.963011915286,29151.924656650408,6.9616447351218085,5.68281815330454,0.02388627061312684,0.01936401468212504,1.8089693857357737e6,1.8045588572169486e6,-4410.528518825071,23089.41289734932,-0.24381443675074405,2.3697974633638563,-0.14664
419.0,4.117302645961361,4.117779203577918,0.0004765576165564056,0.002684099368845545,0.01157451024456165,0.06590568279918213,29165.687028469252,29172.619270792482,6.93224232322973,5.68281815330454,0.02376848629165848,0.01936401468212504,1.3714566007064418e6,1.3677723187062838e6,-3684.282000157982,23089.41289734932,-0.26864007204166696,2.3697974633638563,-0.15257
420.0,4.111981750361834,4.112851477017496,0.0008697266556616512,0.002684099368845545,0.02115103394087582,0.06590568279918213,29171.57007123532,29178.400160281348,6.830089046026842,5.68281815330454,0.023413511954783892,0.01936401468212504,1.2487453974491088e6,1.2471599033364458e6,-1585.494112662971,23089.41289734932,-0.12696696347404043,2.3697974633638563,0.00062616
421.0,4.0605358920409325,4.0640788044767975,0.00354291243586502,0.002684099368845545,0.0872523363925804,0.06590568279918213,29176.031734292123,29182.72772878708,6.695994494955812,5.68281815330454,0.02295032633614001,0.01936401468212504,1.1549688408333666e6,1.1559873411037058e6,1018.5002703391947,23089.41289734932,0.08818422058938809,2.3697974633638563,1.363
422.0,4.039131823755338,4.043780847451382,0.004649023696043919,0.002684099368845545,0.11509957829802993,0.06590568279918213,29169.905789283548,29176.456287937108,6.550498653559771,5.68281815330454,0.02245635862137853,0.01936401468212504,1.2701928479957143e6,1.2739102751065183e6,3717.427110804012,23089.41289734932,0.2926663550869367,2.3697974633638563,2.0601
423.0,4.125374514273844,4.125060562679518,-0.0003139515943262339,0.002684099368845545,-0.007610256795836541,0.06590568279918213,29154.362277473978,29160.772998052897,6.410720578918699,5.68281815330454,0.0219888897514041,0.01936401468212504,1.5600519931546736e6,1.5662389699064852e6,6186.97675181157,23089.41289734932,0.396587855979115,2.3697974633638563,-0.31705
424.0,4.014775001121296,4.020818761140542,0.006043760019245781,0.002684099368845545,0.1505379508828715,0.06590568279918213,29157.468102778017,29163.840453579232,6.372350801215362,5.68281815330454,0.02185495249022746,0.01936401468212504,1.4651972497722404e6,1.4717691945375456e6,6571.944765305147,23089.41289734932,0.4485365206853024,2.3697974633638563,2.9716
425.0,4.131531624775893,4.130831503144791,-0.0007001216311017799,0.002684099368845545,-0.01694581319197228,0.06590568279918213,29151.774766406917,29158.1568653245,6.382098917583789,5.68281815330454,0.021892659945144093,0.01936401468212504,1.551220648324835e6,1.5572682050117236e6,6047.556686888449,23089.41289734932,0.389857928555761,2.3697974633638563,-0.47505
426.0,4.059852712313612,4.062665623067272,0.0028129107536605247,0.002684099368845545,0.06928602964163975,0.06590568279918213,29149.270881143933,29155.64878284763,6.377901703697717,5.68281815330454,0.021880141461183,0.01936401468212504,1.5693224733556423e6,1.5751897463878097e6,5867.273032167461,23089.41289734932,0.37387300136100265,2.3697974633638563,1.3558
427.0,4.155776174260643,4.154037191248043,-0.0017389830125997818,0.002684099368845545,-0.041844963243458745,0.06590568279918213,29157.00957867793,29163.402272497162,6.392693819230772,5.68281815330454,0.021925066773327978,0.01936401468212504,1.3857660147195451e6,1.3911107370284486e6,5344.722308903467,23089.41289734932,0.38568721213625273,2.3697974633638563,-1.1047
428.0,4.09593529711573,4.097337306634522,0.0014020095187916581,0.002684099368845545,0.03422928872384589,0.06590568279918213,29164.588258743806,29170.95795640605,6.3696976622450165,5.68281815330454,0.02184051976230223,0.01936401468212504,1.2165883718297533e6,1.2221985217733297e6,5610.149943576427,23089.41289734932,0.4611378896494581,2.3697974633638563,0.41485
429.0,4.121445248012206,4.1219217446033,0.0004764965910943886,0.002684099368845545,0.011561395637227143,0.06590568279918213,29175.223672529177,29181.534367130513,6.310694601335854,5.68281815330454,0.021630321234787586,0.01936401468212504,995294.4146362552,1.0018686259266607e6,6574.211290405481,23089.41289734932,0.6605293060755416,2.3697974633638563,-0.17703
430.0,4.064760885585524,4.067997311028815,0.003236425443291502,0.002684099368845545,0.07962154563060599,0.06590568279918213,29175.374192961273,29181.609173613124,6.234980651850492,5.68281815330454,0.021370696432591832,0.01936401468212504,990142.3875674633,997962.6394121929,7820.25184472953,23089.41289734932,0.7898108335652579,2.3697974633638563,1.2852
431.0,4.0808112932362155,4.083063899518593,0.002252606282377556,0.002684099368845545,0.05519996198087284,0.06590568279918213,29171.259240100506,29177.39040098569,6.131160885182908,5.68281815330454,0.021017813577120657,0.01936401468212504,1.0649718954204004e6,1.0745365258980903e6,9564.630477689905,23089.41289734932,0.8981110692986167,2.3697974633638563,0.84237
432.0,4.115655933870078,4.115999937675413,0.000344003805334836,0.002684099368845545,0.008358419918045933,0.06590568279918213,29162.921916488383,29168.97886824204,6.056951753656904,5.68281815330454,0.020769358334537708,0.01936401468212504,1.2159881595949077e6,1.2266393063605127e6,10651.14676560508,23089.41289734932,0.8759252038402566,2.3697974633638563,-0.029129
433.0,4.107896780658316,4.108721068644661,0.0008242879863447072,0.002684099368845545,0.020065937153674294,0.06590568279918213,29167.32488084582,29173.366333871436,6.041453025616647,5.68281815330454,0.020713085791368095,0.01936401468212504,1.106873477974664e6,1.1174301442621537e6,10556.666287489701,23089.41289734932,0.9537373961481206,2.3697974633638563,0.16447
434.0,4.059063341105102,4.062512483073236,0.003449141968134839,0.002684099368845545,0.08497383948671744,0.06590568279918213,29173.368860416453,29179.400112122403,6.031251705950126,5.68281815330454,0.02067382664925462,0.01936401468212504,972811.9532352,983211.0816533782,10399.128418178181,23089.41289734932,1.068976217201553,2.3697974633638563,1.4748
435.0,4.066118633846037,4.068977122224584,0.0028584883785462978,0.002684099368845545,0.07030017163671703,0.06590568279918213,29166.54449444986,29172.516432077773,5.971937627913576,5.68281815330454,0.020475300490429997,0.01936401468212504,1.0985999538929695e6,1.109837683001246e6,11237.729108276544,23089.41289734932,1.0229136701175734,2.3697974633638563,1.2612
436.0,4.0732664101946225,4.075474259073175,0.002207848878552632,0.002684099368845545,0.054203399832301664,0.06590568279918213,29156.16634446328,29162.085923241342,5.919578778062714,5.68281815330454,0.020303007974801307,0.01936401468212504,1.2847560252940382e6,1.296659906374676e6,11903.881080637686,23089.41289734932,0.9265479862539099,2.3697974633638563,1.0436
437.0,4.10754066833387,4.108007561720584,0.0004668933867133518,0.002684099368845545,0.011366738017051367,0.06590568279918213,29152.924525836203,29158.85749204858,5.932966212378233,5.68281815330454,0.02035118708972151,0.01936401468212504,1.3198861739847397e6,1.3311452902616537e6,11259.116276914021,23089.41289734932,0.8530369132455355,2.3697974633638563,0.16268
438.0,4.09022301588068,4.091653380115155,0.0014303642344755119,0.002684099368845545,0.034970323841071425,0.06590568279918213,29157.08874003079,29163.058982542796,5.970242512004916,5.68281815330454,0.020476126972883132,0.01936401468212504,1.209322757693708e6,1.2195273837417879e6,10204.626048079925,23089.41289734932,0.8438298198853965,2.3697974633638563,0.59278
439.0,4.12904850983615,4.128773038223747,-0.0002754716124035994,0.002684099368845545,-0.006671551853832077,0.06590568279918213,29161.143454163917,29167.129082245607,5.985628081689356,5.68281815330454,0.020526040383490755,0.01936401468212504,1.1086528512570944e6,1.1183029597041293e6,9650.108447034843,23089.41289734932,0.8704355413051658,2.3697974633638563,-0.34126
440.0,4.0533569389302375,4.057041828409259,0.003684889479021791,0.002684099368845545,0.09090957284394272,0.06590568279918213,29166.544026885724,29172.51377095351,5.969744067784632,5.68281815330454,0.020467780009457825,0.01936401468212504,986788.613330488,996527.1583932863,9738.545062798308,23089.41289734932,0.9868927277068961,2.3697974633638563,1.6553
441.0,4.109401412567051,4.110073567492944,0.0006721549258932313,0.002684099368845545,0.01635651664102951,0.06590568279918213,29162.630297575244,29168.55027674102,5.919979165777477,5.68281815330454,0.020299880721903536,0.01936401468212504,1.0537586522278353e6,1.0642407198004345e6,10482.067572599277,23089.41289734932,0.9947313410369918,2.3697974633638563,0.1452
442.0,4.060361821885387,4.063398579625899,0.0030367577405119306,0.002684099368845545,0.07479032346683438,0.06590568279918213,29157.79768433352,29163.683276618074,5.88559228455415,5.68281815330454,0.020185311484332294,0.01936401468212504,1.1327225733564936e6,1.143601782942963e6,10879.209586469457,23089.41289734932,0.9604478486053373,2.3697974633638563,1.4342
443.0,4.117214827997844,4.117380635907703,0.00016580790985898375,0.002684099368845545,0.0040271862602713464,0.06590568279918213,29156.435164709936,29162.32070578191,5.885541071973421,5.68281815330454,0.02018607912361351,0.01936401468212504,1.138378851364193e6,1.148966365783345e6,10587.514419151936,23089.41289734932,0.9300519248459538,2.3697974633638563,-0.046997
444.0,4.060713172459493,4.063716044342128,0.0030028718826349277,0.002684099368845545,0.07394937182465779,0.06590568279918213,29156.327188072402,29162.216746777613,5.88955870521022,5.68281815330454,0.02019993350746725,0.01936401468212504,1.1195133487606067e6,1.1297568806497934e6,10243.531889186706,23089.41289734932,0.9149986376247445,2.3697974633638563,1.4233
445.0,4.1236048836818435,4.123484036633798,-0.00012084704804582458,0.002684099368845545,-0.002930616571050422,0.06590568279918213,29155.76919186566,29161.660516897406,5.8913250317455095,5.68281815330454,0.02020637834308678,0.01936401468212504,1.1107736194391611e6,1.1207411817570894e6,9967.5623179283,23089.41289734932,0.8973531729139376,2.3697974633638563,-0.19793
446.0,4.238171638058314,4.230614424929773,-0.007557213128540852,0.002684099368845545,-0.17831305038894393,0.06590568279918213,29156.11653397075,29162.004965612712,5.8884316419607785,5.68281815330454,0.020196213837669272,0.01936401468212504,1.0845489055538815e6,1.094347864356443e6,9798.958802561508,23089.41289734932,0.9035054807009517,2.3697974633638563,-4.0792
447.0,4.082113931571271,4.084951343184618,0.0028374116133464966,0.002684099368845545,0.06950838856803615,0.06590568279918213,29192.48287680731,29198.24565266762,5.762775860312104,5.68281815330454,0.01974061570792419,0.01936401468212504,351298.4335145872,363352.2669479462,12053.833433359046,23089.41289734932,3.43122322316263,2.3697974633638563,0.88656
448.0,4.140678694506151,4.140987877038746,0.00030918253259493156,0.002684099368845545,0.007466953014373096,0.06590568279918213,29204.41923016688,29210.014598022037,5.595367855155928,5.68281815330454,0.019159319043660895,0.01936401468212504,140666.59311341017,155664.3889670526,14997.795853642427,23089.41289734932,10.661945755344124,2.3697974633638563,-0.50003
449.0,4.10874635159333,4.110072685257187,0.0013263336638571488,0.002684099368845545,0.032280738462787076,0.06590568279918213,29191.398706091382,29196.883686816655,5.48498072527218,5.68281815330454,0.018789715355871685,0.01936401468212504,424319.78119718947,440993.30697014794,16673.52577295847,23089.41289734932,3.929471712564342,2.3697974633638563,0.26455
450.0,4.064069661806396,4.067594378686575,0.0035247168801788575,0.002684099368845545,0.08672875155915001,0.06590568279918213,29192.084825091937,29197.487771652355,5.402946560418059,5.68281815330454,0.018508258635142008,0.01936401468212504,414847.3083091471,432588.5013232274,17741.193014080345,23089.41289734932,4.276559750716639,2.3697974633638563,1.4573
450.99999999999994,4.108578496608549,4.109454170081436,0.0008756734728878612,0.002684099368845545,0.021313295428350493,0.06590568279918213,29179.68082951633,29185.022333791083,5.341504274754698,5.68281815330454,0.018305561003092153,0.01936401468212504,662379.8794254401,680767.5494124353,18387.66998699517,23089.41289734932,2.776000684523352,2.3697974633638563,0.2645500000000678
451.9999999999999,4.063179810224298,4.066191829507889,0.003012019283590739,0.002684099368845545,0.07412960844143561,0.06590568279918213,29173.59119650852,29178.912115272822,5.320918764300586,5.68281815330454,0.01823881992607544,0.01936401468212504,770047.3466501228,788280.2266601681,18232.880010045366,23089.41289734932,2.367760903191531,2.3697974633638563,1.4572999999998644
452.9999999999999,4.083778254820605,4.08556287453927,0.001784619718664615,0.002684099368845545,0.04370021111107099,0.06590568279918213,29169.31619110877,29174.6764534373,5.360262328529643,5.68281815330454,0.01837637294412657,0.01936401468212504,837502.0475281851,854443.9770834548,16941.929555269773,23089.41289734932,2.022912016188189,2.3697974633638563,0.8649300000000673
453.99999999999983,4.055455406615282,4.058635902486009,0.003180495870727107,0.002684099368845545,0.07842512250385157,0.06590568279918213,29161.833575485023,29167.231889726587,5.398314241563639,5.68281815330454,0.018511573449557533,0.01936401468212504,965898.5010092787,981670.614796932,15772.113787653274,23089.41289734932,1.6328955652351471,2.3697974633638563,1.6699999999998625
454.9999999999998,4.082236270832076,4.083801794589232,0.0015655237571561287,0.002684099368845545,0.0383496606588386,0.06590568279918213,29155.351184863124,29160.811509947107,5.460325083982752,5.68281815330454,0.01872838042444038,0.01936401468212504,1.068714786766732e6,1.0829147706647792e6,14199.983898047125,23089.41289734932,1.328697242133934,2.3697974633638563,0.8756900000001806
455.9999999999997,4.081718901222351,4.083234257356423,0.0015153561340719435,0.002684099368845545,0.037125440794517725,0.06590568279918213,29150.2933416739,29155.82698973172,5.533648057818937,5.68281815330454,0.018983164227400456,0.01936401468212504,1.1397929740509428e6,1.1522811659829088e6,12488.191931965994,23089.41289734932,1.0956544053418455,2.3697974633638563,0.87569
456.9999999999997,4.081576102372406,4.083185558609785,0.001609456237379625,0.002684099368845545,0.03943222414606291,0.06590568279918213,29151.145131353158,29156.754790379862,5.609659026704321,5.68281815330454,0.019243357341289898,0.01936401468212504,1.092911295672894e6,1.1037149798068414e6,10803.684133947361,23089.41289734932,0.9885234215001544,2.3697974633638563,0.87569
457.99999999999966,4.053624669507374,4.0568106600258655,0.003185990518491444,0.002684099368845545,0.07859609061631817,0.06590568279918213,29150.01692179361,29155.68713940594,5.670217612332635,5.68281815330454,0.019451850156880612,0.01936401468212504,1.0898668207589276e6,1.0993598225854298e6,9493.00182650215,23089.41289734932,0.8710240229069188,2.3697974633638563,1.6859999999997235
458.9999999999996,4.113144273890912,4.113135607927439,-8.665963473042382e-6,0.002684099368845545,-0.00021068950894943052,0.06590568279918213,29143.19957911472,29148.920527559494,5.720948444773967,5.68281815330454,0.019630474784497743,0.01936401468212504,1.1996332023541979e6,1.2080510718273593e6,8417.869473161409,23089.41289734932,0.7017036087899132,2.3697974633638563,0.07625300000064053
459.99999999999955,4.053109599339141,4.056273717663112,0.0031641183239710102,0.002684099368845545,0.07806643877794273,0.06590568279918213,29144.147928068604,29149.916760554686,5.768832486082829,5.68281815330454,0.019794136717673227,0.01936401468212504,1.1508511219842185e6,1.1582787826638797e6,7427.660679661203,23089.41289734932,0.6454058685588229,2.3697974633638563,1.6859999999992679
460.99999999999955,4.052529065825037,4.05574960842739,0.0032205426023530492,0.002684099368845545,0.0794699445714498,0.06590568279918213,29143.26922995552,29149.088499485628,5.819269530107704,5.68281815330454,0.0199677993714111,0.01936401468212504,1.1425284011589636e6,1.148941599344831e6,6413.198185867397,23089.41289734932,0.5613163033288228,2.3697974633638563,1.7020999999999926
461.9999999999995,4.111944420978381,4.11182561898287,-0.00011880199551139725,0.002684099368845545,-0.00288919263853109,0.06590568279918213,29131.19902883047,29137.0692611281,5.870232297631446,5.68281815330454,0.02015101503999823,0.01936401468212504,1.3551991601843205e6,1.3606154921970833e6,5416.332012762781,23089.41289734932,0.39967055558284925,2.3697974633638563,0.08199700000082882
462.99999999999943,4.051803066512546,4.05495965022774,0.0031565837151941167,0.002684099368845545,0.07790565492392108,0.06590568279918213,29134.69305634536,29140.60785949594,5.914803150579246,5.68281815330454,0.020301580453036684,0.01936401468212504,1.2497059555799705e6,1.254278355474645e6,4572.399894674541,23089.41289734932,0.3658780590953139,2.3697974633638563,1.7020999999990791
463.9999999999994,4.111892618986604,4.111986652627063,9.403364045912355e-5,0.002684099368845545,0.002286870041910253,0.06590568279918213,29134.619929876837,29140.591620246065,5.971690369227872,5.68281815330454,0.020496887838595244,0.01936401468212504,1.2232094858004916e6,1.2267144566470196e6,3504.9708465279546,23089.41289734932,0.28653888701935915,2.3697974633638563,0.08199700000101302
464.9999999999994,4.051739608138132,4.054974527521704,0.0032349193835718992,0.002684099368845545,0.07984025866505323,0.06590568279918213,29133.813333393588,29139.814572986434,6.001239592846105,5.68281815330454,0.02059888118376663,0.01936401468212504,1.212965007355944e6,1.2159729499254469e6,3007.942569502862,23089.41289734932,0.24798263356827266,2.3697974633638563,1.702099999998987
465.9999999999993,4.079151203595606,4.080870971335928,0.0017197677403224532,0.002684099368845545,0.042159940989844845,0.06590568279918213,29132.750533694933,29138.770785451856,6.020251756923244,5.68281815330454,0.02066489310702133,0.01936401468212504,1.2084015838192934e6,1.211117279148522e6,2715.695329228649,23089.41289734932,0.2247345059450666,2.3697974633638563,0.8975300000005489
466.99999999999926,4.050851957203536,4.054026177006192,0.0031742198026565305,0.002684099368845545,0.07835931394658571,0.06590568279918213,29126.051729093128,29132.094184641854,6.042455548726139,5.68281815330454,0.02074587934172524,0.01936401468212504,1.31497241982751e6,1.3173239488526692e6,2351.5290251593105,23089.41289734932,0.1788272506481748,2.3697974633638563,1.7182999999993933
467.9999999999992,4.1108008982972,4.110810931887865,1.0033590664981773e-5,0.002684099368845545,0.00024407873096305745,0.06590568279918213,29121.734047168065,29127.810135035877,6.076087867812021,5.68281815330454,0.020864443916597364,0.01936401468212504,1.3685695536541815e6,1.3703321543206477e6,1762.600666466169,23089.41289734932,0.12879145687260798,2.3697974633638563,0.08784300000129754
468.99999999999915,4.111048251645077,4.111144990411383,9.673876630600375e-5,0.002684099368845545,0.0023531411062201173,0.06590568279918213,29123.625615600246,29129.739886416828,6.114270816582575,5.68281815330454,0.02099419521897517,0.01936401468212504,1.2982605767962e6,1.29936017330211e6,1099.5965059101582,23089.41289734932,0.0846976736075359,2.3697974633638563,0.08199700000000498
469.99999999999915,4.151940151683959,4.15039581609753,-0.0015443355864297459,0.002684099368845545,-0.037195516553951015,0.06590568279918213,29134.21372338678,29140.334142028663,6.120418641883589,5.68281815330454,0.021007667136630402,0.01936401468212504,1.0623819278101025e6,1.0634674072157778e6,1085.4794056753162,23089.41289734932,0.10217412187280188,2.3697974633638563,-0.9151999999991497
470.9999999999991,4.176208587670609,4.1736293611566415,-0.0025792265139674697,0.002684099368845545,-0.061760002160383035,0.06590568279918213,29146.1555103714,29152.251467284936,6.0959569135338825,5.68281815330454,0.020915132053572864,0.01936401468212504,813620.2304663397,815273.4904920649,1653.2600257251179,23089.41289734932,0.20319799874906316,2.3697974633638563,-1.5833999999993922
471.99999999999903,4.133262853039648,4.133412991103334,0.00015013806368635585,0.002684099368845545,0.00363243444766506,0.06590568279918213,29164.682788575985,29170.69309314239,6.010304566403647,5.68281815330454,0.020608160253187895,0.01936401468212504,447264.4942989378,450641.81189452467,3377.317595586879,23089.41289734932,0.7551052316103555,2.3697974633638563,-0.3678700000011746
472.999999999999,4.19383424771491,4.190778028823436,-0.003056218891473783,0.002684099368845545,-0.07287409828223473,0.06590568279918213,29172.504064329773,29178.39218162803,5.888117298258294,5.68281815330454,0.020183791166072364,0.01936401468212504,308645.36281576625,314360.6322780993,5715.269462333061,23089.41289734932,1.8517269821236766,2.3697974633638563,-2.0566999999982722
473.999999999999,4.156293776707595,4.155637869007281,-0.0006559077003140956,0.002684099368845545,-0.015781071684342594,0.06590568279918213,29182.81142247748,29188.500198931564,5.688776454084291,5.68281815330454,0.019493586041893905,0.01936401468212504,122755.52684193451,132204.26606963493,9448.739227700426,23089.41289734932,7.697200664428775,2.3697974633638563,-0.8767200000012074
474.9999999999989,4.179371452294947,4.177651209759887,-0.0017202425350602013,0.002684099368845545,-0.04116031692075596,0.06590568279918213,29194.33871168443,29199.838564841328,5.499853156896279,5.68281815330454,0.018838766006010185,0.01936401468212504,-81524.67239154094,-68732.28599754676,-12792.38639399418,23089.41289734932,15.691429378036394,2.3697974633638563,-1.4814999999993468
475.99999999999886,4.21375722348355,4.209792869054091,-0.003964354429458972,0.002684099368845545,-0.09408122535786732,0.06590568279918213,29199.355762774223,29204.688964993715,5.333202219491795,5.68281815330454,0.018264794137311094,0.01936401468212504,-151238.6233760948,-135676.37096227886,-15562.252413815935,23089.41289734932,10.289866481471655,2.3697974633638563,-2.624099999998701
476.9999999999988,4.203945221637151,4.201069306523086,-0.002875915114064931,0.002684099368845545,-0.06840990932191444,0.06590568279918213,29216.609434291353,29221.631824654698,5.022390363345039,5.68281815330454,0.017190188939070702,0.01936401468212504,-463215.54742402304,-442139.4050340569,-21076.142389966117,23089.41289734932,4.5499643755854375,2.3697974633638563,-2.178000000000533
477.9999999999988,4.128948130905173,4.1303746265207515,0.0014264956155782826,0.002684099368845545,0.03454864460274916,0.06590568279918213,29232.86275127748,29237.55100624555,4.688254968070396,5.68281815330454,0.016037618374770767,0.01936401468212504,-741737.30772738,-714937.2401048994,-26800.067622480565,23089.41289734932,3.6131481244476826,2.3697974633638563,-0.03653400000255629
478.99999999999875,4.165396528973076,4.164799385330765,-0.0005971436423113374,0.002684099368845545,-0.014335817446377797,0.06590568279918213,29227.809517639747,29232.373915272758,4.5643976330102305,5.68281815330454,0.015616625769562022,0.01936401468212504,-591607.6173174826,-563446.0771114926,-28161.540205989964,23089.41289734932,4.760172009563096,2.3697974633638563,-0.9061599999989125
479.9999999999987,4.214228226697639,4.210365600234293,-0.0038626264633458973,0.002684099368845545,-0.09165679349959495,0.06590568279918213,29220.664480519994,29225.195382050006,4.530901530011761,5.68281815330454,0.015505812788864861,0.01936401468212504,-416368.60896597395,-388574.4426382409,-27794.16632773308,23089.41289734932,6.675375071323988,2.3697974633638563,-2.4372999999979985
480.99999999999864,4.22919049421527,4.224527413875239,-0.00466308034003049,0.002684099368845545,-0.11025940653202307,0.06590568279918213,29234.79536014232,29239.128943900014,4.333583757692395,5.68281815330454,0.014823376405776552,0.01936401468212504,-672559.8368488398,-641797.5406876879,-30762.29616115184,23089.41289734932,4.573912160036666,2.3697974633638563,-2.9693999999992737
481.99999999999864,4.24431684912006,4.238985417298514,-0.005331431821545607,0.002684099368845545,-0.12561342640220013,0.06590568279918213,29256.450942726173,29260.435784141893,3.984841415720439,5.68281815330454,0.013620385546836679,0.01936401468212504,-1.0621346767696566e6,-1.0255419419839731e6,-36592.73478568345,23089.41289734932,3.4452066753884223,2.3697974633638563,-3.514699999999256
482.9999999999986,4.204483931184787,4.2025823519510395,-0.0019015792337473414,0.002684099368845545,-0.04522741113703087,0.06590568279918213,29277.11939374719,29280.59256122923,3.473167482039571,5.68281815330454,0.01186307790506653,0.01936401468212504,-1.4134225089631344e6,-1.3680584706764116e6,-45364.03828672273,23089.41289734932,3.209517182516154,2.3697974633638563,-1.8457000000023718
483.9999999999985,4.177314058535302,4.176986402960728,-0.0003276555745737042,0.002684099368845545,-0.007843690227317757,0.06590568279918213,29285.055120878547,29288.198798824444,3.143677945896343,5.68281815330454,0.010734751677674265,0.01936401468212504,-1.5008259399512215e6,-1.4506669252509777e6,-50159.014700243715,23089.41289734932,3.3420940673422757,2.3697974633638563,-0.9834100000012744
484.99999999999847,4.224237904145222,4.220677890425596,-0.0035600137196265536,0.002684099368845545,-0.0842758812455409,0.06590568279918213,29277.917150399844,29281.07128807209,3.1541376722452696,5.68281815330454,0.010773094465847937,0.01936401468212504,-1.2949689154649326e6,-1.2468066502514004e6,-48162.26521353214,23089.41289734932,3.7191831123020007,2.3697974633638563,-2.448299999997752
485.9999999999984,4.257672753421546,4.251466369120929,-0.0062063843006168185,0.002684099368845545,-0.14576940643522338,0.06590568279918213,29281.811839885013,29284.83085007973,3.01901019471552,5.68281815330454,0.010310189175532163,0.01936401468212504,-1.3241347818287264e6,-1.2748311228120432e6,-49303.65901668323,23089.41289734932,3.7234622708566945,2.3697974633638563,-3.829399999997802
486.9999999999984,4.2136891714633435,4.211348714515286,-0.002340456948057401,0.002684099368845545,-0.05554412897628611,0.06590568279918213,29303.592534589556,29306.12446035295,2.531925763392792,5.68281815330454,0.008640325449530263,0.01936401468212504,-1.7050544290666922e6,-1.6476762376184596e6,-57378.191448232625,23089.41289734932,3.365182393599021,2.3697974633638563,-1.9441000000030007
487.99999999999835,4.144352608850612,4.145669101441339,0.0013164925907265257,0.002684099368845545,0.0317659406662224,0.06590568279918213,29313.964095331798,29316.210155357203,2.2460600254053134,5.68281815330454,0.007662082201168402,0.01936401468212504,-1.8415829722965169e6,-1.7804838421210686e6,-61099.130175448256,23089.41289734932,3.317750603398312,2.3697974633638563,-0.04845600000312489
488.9999999999983,4.18621812264214,4.184972521015075,-0.0012456016270654402,0.002684099368845545,-0.02975481904128006,0.06590568279918213,29299.332798332154,29301.734342399155,2.401544067000941,5.68281815330454,0.008196582780675633,0.01936401468212504,-1.4846987724521954e6,-1.4286272847686186e6,-56071.487683576765,23089.41289734932,3.7766238326557358,2.3697974633638563,-1.064099999998268
489.99999999999824,4.183316287305718,4.181812528528079,-0.001503758777639419,0.002684099368845545,-0.035946571436699104,0.06590568279918213,29289.44994359579,29291.999760054114,2.5498164583223115,5.68281815330454,0.00870557986999628,0.01936401468212504,-1.2474046844960696e6,-1.1957916904397705e6,-51612.994056299096,23089.41289734932,4.137630289335483,2.3697974633638563,-1.0035000000001069
490.99999999999824,4.170118385462474,4.169207221985813,-0.0009111634766609811,0.002684099368845545,-0.021849822773315136,0.06590568279918213,29291.269598866187,29293.913659695874,2.644060829687078,5.68281815330454,0.00902678806994909,0.01936401468212504,-1.2535436061614105e6,-1.205036066200033e6,-48507.53996137739,23089.41289734932,3.869633231979598,2.3697974633638563,-0.6656300000005955
491.9999999999982,4.155738270240049,4.155353942412951,-0.0003843278270982964,0.002684099368845545,-0.00924812396994617,0.06590568279918213,29289.353906537686,29292.121793924372,2.7678873866861977,5.68281815330454,0.009450148321873282,0.01936401468212504,-1.1836670726057019e6,-1.1386820068113091e6,-44985.06579439272,23089.41289734932,3.8004829935298834,2.3697974633638563,-0.3266900000006165
492.9999999999981,4.142211326018281,4.142233619341228,2.2293322946786986e-5,0.002684099368845545,0.0005381985898874102,0.06590568279918213,29284.298821038694,29287.18894079385,2.8901197551567748,5.68281815330454,0.009869178609393334,0.01936401468212504,-1.0555491773551856e6,-1.0138805508207594e6,-41668.626534426236,23089.41289734932,3.947577945997016,2.3697974633638563,-0.0270360000005621
493.99999999999807,4.139813675609915,4.139732308747526,-8.136686238913171e-5,0.002684099368845545,-0.001965471607297495,0.06590568279918213,29277.605865277503,29280.618169904406,3.012304626903642,5.68281815330454,0.010288766918869412,0.01936401468212504,-901842.327686881,-863343.7117272598,-38498.61595962115,23089.41289734932,4.268885455661142,2.3697974633638563,0.012858999999922897
494.99999999999807,4.139107991130441,4.138889494359901,-0.00021849677053964456,0.002684099368845545,-0.005278837155441562,0.06590568279918213,29271.532693023597,29274.66904273972,3.136349716121913,5.68281815330454,0.010714675411818843,0.01936401468212504,-767569.581408721,-732150.6868907607,-35418.894517960376,23089.41289734932,4.6144213340184805,2.3697974633638563,0.012859
495.999999999998,4.13849223519412,4.138197921366827,-0.00029431382729239175,0.002684099368845545,-0.007111619656780308,0.06590568279918213,29267.313215354738,29270.575241206585,3.2620258518472838,5.68281815330454,0.011145627983835229,0.01936401468212504,-675055.026948278,-642632.9666338608,-32422.06031441712,23089.41289734932,4.802876657475993,2.3697974633638563,0.012859
496.99999999999795,4.137968135289647,4.137631805665326,-0.0003363296243206193,0.002684099368845545,-0.008127893046162307,0.06590568279918213,29264.12194941273,29267.505914410107,3.383964997377916,5.68281815330454,0.01156352821119181,0.01936401468212504,-605343.1354159333,-575739.2622043651,-29603.87321156822,23089.41289734932,4.890428499073884,2.3697974633638563,0.012859
497.9999999999979,4.137518358352632,4.137158514811147,-0.00035984354148510533,0.002684099368845545,-0.008697086280201506,0.06590568279918213,29261.518831645237,29265.016273878493,3.4974422332561517,5.68281815330454,0.011952360550313604,0.01936401468212504,-548678.7542796661,-521635.6373294789,-27043.116950187192,23089.41289734932,4.928770567340592,2.3697974633638563,0.012859
498.99999999999784,4.1371296150270025,4.136756962458215,-0.0003726525687879345,0.002684099368845545,-0.009007514955160579,0.06590568279918213,29259.321787396722,29262.923379411994,3.601592015271308,5.68281815330454,0.012309212227956261,0.01936401468212504,-501021.48244521674,-476281.252892326,-24740.229552890756,23089.41289734932,4.937957836088581,2.3697974633638563,0.012859
499.99999999999784,4.13679152222057,4.136413386705127,-0.00037813551544285673,0.002684099368845545,-0.009140792167352902,0.06590568279918213,29257.428497921253,29261.12528333878,3.6967854175272805,5.68281815330454,0.012635373671988769,0.01936401468212504,-460098.6684695114,-437425.0484524002,-22673.620017111185,23089.41289734932,4.927990792178018,2.3697974633638563,0.012859
500.9999999999978,4.136460344435173,4.136082487104156,-0.0003778573310171396,0.002684099368845545,-0.009134798826863536,0.06590568279918213,29255.772934933997,29259.55662398768,3.783689053681883,5.68281815330454,0.012933136520087703,0.01936401468212504,-424442.695637322,-403624.04312188015,-20818.65251544182,23089.41289734932,4.904938341365863,2.3697974633638563,0.013667999999998206
501.9999999999977,4.121802356325227,4.122058676635985,0.00025632031075772943,0.002684099368845545,0.006218646325056949,0.06590568279918213,29254.303663531668,29258.16672563584,3.8630621041738777,5.68281815330454,0.013205107011279027,0.01936401468212504,-392923.7502756264,-373772.5966439311,-19151.153631695255,23089.41289734932,4.874012736125315,2.3697974633638563,0.34445999999924787
502.99999999999767,4.080107748308313,4.082350928801537,0.0022431804932239174,0.002684099368845545,0.054978462128946984,0.06590568279918213,29250.77229290019,29254.708594102245,3.936301202054892,5.68281815330454,0.013457084697248557,0.01936401468212504,-321248.35476798273,-303612.1594697479,-17636.195298234816,23089.41289734932,5.489894356337581,2.3697974633638563,1.4124999999975107
503.99999999999767,4.049078066667166,4.052979000665253,0.0039009339980875524,0.002684099368845545,0.09634128890230184,0.06590568279918213,29239.10639701098,29243.12836326432,4.021966253341816,5.68281815330454,0.013755434925853167,0.01936401468212504,-92483.07950739571,-76579.72824583676,-15903.351261558957,23089.41289734932,17.19595773223273,2.3697974633638563,2.4116999999976714
504.9999999999976,4.026868300782853,4.031913732357123,0.005045431574269621,0.002684099368845545,0.12529417893524733,0.06590568279918213,29218.670462648148,29222.856350559614,4.185887911466125,5.68281815330454,0.01432607249127635,0.01936401468212504,297102.1316819223,309776.1398223141,12674.008140391787,23089.41289734932,4.265875868558421,2.3697974633638563,3.2369999999980297
505.99999999999756,4.020499352101917,4.025446604838127,0.004947252736210217,0.002684099368845545,0.12305070348099408,0.06590568279918213,29194.436081935368,29198.969654743018,4.533572807649762,5.68281815330454,0.015528893227894884,0.01936401468212504,742382.9426441485,748342.7640854468,5959.821441298351,23089.41289734932,0.8027961176035684,2.3697974633638563,3.413399999999569
506.9999999999975,4.040748774786929,4.0436228750690955,0.002874100282166836,0.002684099368845545,0.07112791322490444,0.06590568279918213,29171.870371225516,29176.939190499106,5.068819273590634,5.68281815330454,0.017375708890405617,0.01936401468212504,1.1355342498292828e6,1.131405866772938e6,-4128.383056344697,23089.41289734932,-0.36356305914730114,2.3697974633638563,2.472200000002354
507.9999999999975,4.095874290419055,4.09539084927036,-0.0004834411486953627,0.002684099368845545,-0.011803124666843745,0.06590568279918213,29159.676163329583,29165.222835837187,5.546672507603944,5.68281815330454,0.019021721903000038,0.01936401468212504,1.3107501648026817e6,1.298123834330827e6,-12626.330471854657,23089.41289734932,-0.9632903974309555,2.3697974633638563,0.7120300000044024
508.99999999999744,4.153477053327811,4.150740902796492,-0.002736150531319481,0.002684099368845545,-0.06587614416040286,0.06590568279918213,29164.847722647257,29170.565209955108,5.7174873078511155,5.68281815330454,0.019604036209012465,0.01936401468212504,1.1440033230887153e6,1.1292207691447202e6,-14782.553943995154,23089.41289734932,-1.2921775352962672,2.3697974633638563,-0.6869699999964214
509.9999999999974,4.1661846459229555,4.163522379834728,-0.002662266088227838,0.002684099368845545,-0.06390177859335021,0.06590568279918213,29183.696471280284,29189.429690907968,5.733219627683866,5.68281815330454,0.01964528254097604,0.01936401468212504,725903.6751887805,711930.633972641,-13973.041216139565,23089.41289734932,-1.924916720184079,2.3697974633638563,-0.9945999999991957
510.9999999999973,4.1725340160845885,4.1701689352493645,-0.0023650808352240205,0.002684099368845545,-0.05668212232918735,0.06590568279918213,29202.88340610081,29208.63157139407,5.748165293261991,5.68281815330454,0.019683553892014427,0.01936401468212504,328686.04720907594,315339.0541293904,-13346.993079685548,23089.41289734932,-4.060711792610891,2.3697974633638563,-1.1240999999996542
511.9999999999973,4.2092366954908655,4.205116335751319,-0.004120359739546942,0.002684099368845545,-0.09788852558376836,0.06590568279918213,29216.543050462344,29222.23727048977,5.694220027427946,5.68281815330454,0.019489711762247095,0.01936401468212504,61147.397125604075,49652.49816430659,-11494.898961297484,23089.41289734932,-18.79867255459065,2.3697974633638563,-2.2308999999970434
512.9999999999973,4.19772133233846,4.194830723178433,-0.0028906091600271466,0.002684099368845545,-0.06886138767141196,0.06590568279918213,29233.92119156362,29239.502923137512,5.581731573893194,5.68281815330454,0.0190933386503894,0.01936401468212504,-268842.380006411,-277504.3472993573,8661.967292946298,23089.41289734932,-3.2219500856746386,2.3697974633638563,-1.7637000000012748
513.9999999999973,4.167890465410063,4.167004791979559,-0.0008856734305044967,0.002684099368845545,-0.02124992098172519,0.06590568279918213,29249.85674735129,29255.268639142174,5.41189179088542,5.68281815330454,0.01850228477230232,0.01936401468212504,-556495.3739878684,-561391.3374745678,4895.963486699387,23089.41289734932,-0.8797851187180075,2.3697974633638563,-0.8405800000025188
514.9999999999972,4.12495757842059,4.125974269022557,0.0010166906019675181,0.002684099368845545,0.024647298369473176,0.06590568279918213,29252.667390536964,29257.884188449356,5.216797912391485,5.68281815330454,0.017833580243280935,0.01936401468212504,-575802.1569655405,-576653.8096621381,851.6526965976227,23089.41289734932,-0.14790717372192666,2.3697974633638563,0.20753999999702108
515.9999999999972,4.086453091374959,4.088987022136413,0.0025339307614542506,0.002684099368845545,0.06200807166494758,0.06590568279918213,29244.72403944967,29249.794771561756,5.070732112086262,5.68281815330454,0.01733896379137002,0.01936401468212504,-389408.4160549777,-387384.5815011704,-2023.8345538072754,23089.41289734932,0.519720291181777,2.3697974633638563,1.1728999999972565
516.999999999997,4.0597333830221265,4.0633451551483635,0.0036117721262369784,0.002684099368845545,0.08896574689711079,0.06590568279918213,29229.371264771577,29234.353143478795,4.981878707218129,5.68281815330454,0.017044084397472115,0.01936401468212504,-72392.20136036427,-68732.04286080955,-3660.1584995547164,23089.41289734932,5.056012154312942,2.3697974633638563,1.9690999999976466
517.999999999997,4.037408470642927,4.042016553251456,0.004608082608528186,0.002684099368845545,0.1141346644025439,0.06590568279918213,29210.10849132455,29215.080421641233,4.971930316682119,5.68281815330454,0.017021266176258095,0.01936401468212504,302436.09861721826,306141.22611031146,3705.1274930931977,23089.41289734932,1.225094329028042,2.3697974633638563,2.7370999999977297
518.999999999997,4.022493764767465,4.027678880474959,0.00518511570749336,0.002684099368845545,0.12890301416770758,0.06590568279918213,29188.540066869715,29193.65387134444,5.11380447472402,5.68281815330454,0.01751990494560026,0.01936401468212504,703595.180622278,704403.1583666139,807.9777443358907,23089.41289734932,0.11483559958743522,2.3697974633638563,3.2786999999983992
519.9999999999969,4.035300084540972,4.038938370254489,0.0036382857135173197,0.002684099368845545,0.09016146599494312,0.06590568279918213,29166.077134678817,29171.535619734525,5.45848505570757,5.68281815330454,0.018715184186416916,0.01936401468212504,1.10445898089334e6,1.098575396410203e6,-5883.584483136889,23089.41289734932,-0.532711905550169,2.3697974633638563,2.650900000001927
520.9999999999969,4.065732913336625,4.067090117175836,0.0013572038392108965,0.002684099368845545,0.03338152968088305,0.06590568279918213,29150.577323347472,29156.445783183364,5.868459835892281,5.68281815330454,0.02013153897707568,0.01936401468212504,1.3524963085242314e6,1.3390081265193792e6,-13488.18200485222,23089.41289734932,-0.9972805041937433,2.3697974633638563,1.521400000003467
521.9999999999968,4.123439287482332,4.122079638359376,-0.0013596491229552754,0.002684099368845545,-0.03297366659630008,0.06590568279918213,29148.38635824548,29154.51025056205,6.123892316569254,5.68281815330454,0.021009369922932047,0.01936401468212504,1.3331324383766328e6,1.31543639631309e6,-17696.04206354264,23089.41289734932,-1.3274031562153923,2.3697974633638563,-0.005887499995138291
522.9999999999968,4.177857129724225,4.174339417226762,-0.0035177124974623553,0.002684099368845545,-0.08419896583908687,0.06590568279918213,29159.870495888852,29166.060108153073,6.1896122642210685,5.68281815330454,0.021226473777013928,0.01936401468212504,1.053925852092623e6,1.0358654537043729e6,-18060.39838825015,23089.41289734932,-1.713630835830653,2.3697974633638563,-1.398499999995567
523.9999999999968,4.19605057884289,4.192187424876887,-0.0038631539660025638,0.002684099368845545,-0.09206642993011477,0.06590568279918213,29182.39342051318,29188.611346715326,6.217926202145463,5.68281815330454,0.021307115261405173,0.01936401468212504,578576.0578857367,560786.0122328354,-17790.045652901288,23089.41289734932,-3.074798103106896,2.3697974633638563,-1.9240999999983268
524.9999999999967,4.194972465089004,4.191897108935018,-0.0030753561539853536,0.002684099368845545,-0.07331052061911697,0.06590568279918213,29206.474275972112,29212.689934331203,6.2156583590913215,5.68281815330454,0.021281782595049085,0.01936401468212504,100344.54342734288,83332.59891045008,-17011.944516892807,23089.41289734932,-16.953532235871656,2.3697974633638563,-1.8080000000003829
525.9999999999967,4.1917150466900805,4.189305350850163,-0.0024096958399173474,0.002684099368845545,-0.057487110003341585,0.06590568279918213,29223.920600372363,29229.988835630014,6.068235257651395,5.68281815330454,0.020764617248426535,0.01936401468212504,-224254.5160292421,-237729.6917814431,13475.175752201001,23089.41289734932,-6.008875981986414,2.3697974633638563,-1.6276000000005946
526.9999999999967,4.170118386360145,4.169111964069034,-0.001006422291110809,0.002684099368845545,-0.024134141956321215,0.06590568279918213,29234.873367188455,29240.704333101698,5.830965913242835,5.68281815330454,0.019945240877243465,0.01936401468212504,-409739.0325050156,-418146.41968562396,8407.387180608348,23089.41289734932,-2.0518882785484767,2.3697974633638563,-0.9501500000022335
527.9999999999966,4.141156090855785,4.141499079909045,0.00034298905326046736,0.002684099368845545,0.00828244687559187,0.06590568279918213,29238.89606468864,29244.508310593887,5.6122459052458,5.68281815330454,0.019194452118948574,0.01936401468212504,-455720.47471620876,-459705.69358770293,3985.218871494173,23089.41289734932,-0.8744875625735035,2.3697974633638563,-0.20711000000253418
528.9999999999966,4.144698148825961,4.144664713847351,-3.3434978610635824e-5,0.002684099368845545,-0.0008066927291220642,0.06590568279918213,29234.943278773968,29240.40418257328,5.460903799310472,5.68281815330454,0.018679371966749674,0.01936401468212504,-348582.5433744966,-349671.36095390073,1088.8175794041017,23089.41289734932,-0.31235573900622443,2.3697974633638563,-0.2797999999997521
529.9999999999965,4.133863548410111,4.134115546741296,0.0002519983311852769,0.002684099368845545,0.006095951843456367,0.06590568279918213,29230.757914023132,29236.12083389858,5.362919875449734,5.68281815330454,0.018346838255866547,0.01936401468212504,-247498.85614035968,-246834.1097644793,-664.7463758803788,23089.41289734932,0.2685856356052784,2.3697974633638563,-0.026526000000892613
530.9999999999965,4.130138618813873,4.130433363975271,0.00029474516139860185,0.002684099368845545,0.007136447189834253,0.06590568279918213,29228.381893960646,29233.686275260392,5.304381299745728,5.68281815330454,0.018148049792800033,0.01936401468212504,-189538.9664740448,-187926.8257344291,-1612.1407396157156,23089.41289734932,0.8505590009305447,2.3697974633638563,0.05969299999969614
531.9999999999965,4.102440516367675,4.103872608473965,0.0014320921062900283,0.002684099368845545,0.034908296673074275,0.06590568279918213,29225.1644350398,29230.43791148901,5.273476449212467,5.68281815330454,0.01804430035264329,0.01936401468212504,-118668.59526351574,-116647.6859170073,-2020.9093465084443,23089.41289734932,1.702985816947448,2.3697974633638563,0.7168399999976841
532.9999999999964,4.069655075904704,4.072627770044674,0.0029726941399701445,0.002684099368845545,0.07304535850152609,0.06590568279918213,29218.549055701566,29223.807700099864,5.258644398298202,5.68281815330454,0.017997623318917185,0.01936401468212504,15011.580955184923,17147.637321588158,2136.0563664032343,23089.41289734932,14.229389780997392,2.3697974633638563,1.6182999999967207
533.9999999999964,4.044375285198294,4.048601900692529,0.0042266154942351974,0.002684099368845545,0.10450601628646755,0.06590568279918213,29204.471278342706,29209.7419558387,5.270677495995187,5.68281815330454,0.018047501856004455,0.01936401468212504,288256.4865966831,290006.0356535682,1749.5490568851237,23089.41289734932,0.6069417821403694,2.3697974633638563,2.4504999999969725
534.9999999999962,4.0233349482129395,4.0286319667856505,0.005297018572711032,0.002684099368845545,0.13165740960900682,0.06590568279918213,29184.916967292156,29190.284227926863,5.3672606347063265,5.68281815330454,0.018390529055544245,0.01936401468212504,654959.4557346748,654705.4280988907,-254.02763578412123,23089.41289734932,-0.03878524595070939,2.3697974633638563,3.236299999997052
535.9999999999962,4.016036891206555,4.02134288710567,0.00530599589911418,0.002684099368845545,0.1321201981668071,0.06590568279918213,29162.289075441862,29167.933456286155,5.644380844292755,5.68281815330454,0.01935506787444199,0.01936401468212504,1.0646769156719507e6,1.0589973171900169e6,-5679.598481933819,23089.41289734932,-0.5334574647323173,2.3697974633638563,3.463399999999148
536.9999999999962,4.056165686480975,4.058058189080972,0.0018925025999969591,0.002684099368845545,0.046657428376374974,0.06590568279918213,29140.578765214053,29146.69165232606,6.11288711200541,5.68281815330454,0.020977233023602604,0.01936401468212504,1.438783827247332e6,1.424217350746411e6,-14566.476500921184,23089.41289734932,-1.0124159185740662,2.3697974633638563,1.813200000006191
537.9999999999961,4.100138320937713,4.099656172672998,-0.00048214826471504324,0.002684099368845545,-0.011759317051644604,0.06590568279918213,29133.214728715884,29139.679605743328,6.4648770274434355,5.68281815330454,0.022190743752941097,0.01936401468212504,1.5172008006404291e6,1.4964894664773007e6,-20711.3341631284,23089.41289734932,-1.3651017158958714,2.3697974633638563,0.528170000004967
538.9999999999961,4.137878942275567,4.136147863329727,-0.0017310789458395703,0.002684099368845545,-0.04183493451569147,0.06590568279918213,29142.72400179525,29149.273766102207,6.549764306957513,5.68281815330454,0.02247478412297366,0.01936401468212504,1.2682720427360907e6,1.2468907799359846e6,-21381.26280010608,23089.41289734932,-1.685857771805762,2.3697974633638563,-0.37845999999649554
539.9999999999961,4.177189321241652,4.174051333194688,-0.0031379880469639687,0.002684099368845545,-0.07512199724840853,0.06590568279918213,29158.433118346013,29164.98421527968,6.551096933668305,5.68281815330454,0.022467246120802222,0.01936401468212504,918207.1532351907,897694.5362685964,-20512.616966594243,23089.41289734932,-2.233985750853775,2.3697974633638563,-1.397999999996059
540.999999999996,4.196759060848545,4.19307739626381,-0.003681664584735067,0.002684099368845545,-0.08772637483722187,0.06590568279918213,29178.367312883838,29184.91186090701,6.544548023171956,5.68281815330454,0.02242945245357228,0.01936401468212504,506718.4509985779,487087.9819720689,-19630.469026508974,23089.41289734932,-3.8740387265992937,2.3697974633638563,-1.9657999999977407
541.999999999996,4.196612865351204,4.193573033523709,-0.003039831827495121,0.002684099368845545,-0.07243536454346558,0.06590568279918213,29200.209139874292,29206.689602120317,6.480462246025127,5.68281815330454,0.02219320490131608,0.01936401468212504,79149.83459777366,61432.01432781681,-17717.82026995685,23089.41289734932,-22.38516398675484,2.3697974633638563,-1.8804000000003398
542.9999999999959,4.188639395194136,4.186523292760426,-0.0021161024337104095,0.002684099368845545,-0.050520043242164366,0.06590568279918213,29217.407339231948,29223.70330874617,6.295969514223543,5.68281815330454,0.02154869335640733,0.01936401468212504,-237687.9864278323,-251264.4946425395,13576.508214707195,23089.41289734932,-5.7119034153749055,2.3697974633638563,-1.5482000000013598
543.9999999999959,4.157563816284339,4.157253773814759,-0.0003100424695805515,0.002684099368845545,-0.007457311138945784,0.06590568279918213,29227.510787615724,29233.554924474207,6.044136858483398,5.68281815330454,0.020679615525261968,0.01936401468212504,-404101.0946181126,-412456.05164634413,8354.957028231525,23089.41289734932,-2.0675413008042467,2.3697974633638563,-0.641950000003709
544.9999999999959,4.138180149050286,4.1386572690168215,0.0004771199665354331,0.002684099368845545,0.011529705072045553,0.06590568279918213,29228.601472483548,29234.434619358468,5.833146874920203,5.68281815330454,0.019956982479684006,0.01936401468212504,-391273.1312448412,-395476.0924505313,4202.96120569011,23089.41289734932,-1.0741757790314725,2.3697974633638563,-0.153520000001999
545.9999999999958,4.131961080794027,4.13245883158666,0.0004977507926327007,0.002684099368845545,0.01204635723570391,0.06590568279918213,29223.19118070387,29228.886183205275,5.695002501404815,5.68281815330454,0.019487955528844626,0.01936401468212504,-257684.68720169892,-259336.22865361915,1651.5414519202313,23089.41289734932,-0.6409156360259434,2.3697974633638563,-0.00334940000063168
546.9999999999958,4.086825865233336,4.089227027604673,0.002401162371337584,0.002684099368845545,0.05875372356244228,0.06590568279918213,29218.094319561962,29223.70080786182,5.606488299858029,5.68281815330454,0.019188411942747407,0.01936401468212504,-141792.92345449718,-141933.48307837427,140.55962387708132,23089.41289734932,-0.09913021076978384,2.3697974633638563,1.1078999999953258
547.9999999999957,4.059700113302996,4.063331807996345,0.003631694693349452,0.002684099368845545,0.08945721585318489,0.06590568279918213,29207.66732374116,29213.21792338372,5.550599642559973,5.68281815330454,0.019003912846022538,0.01936401468212504,71093.62782528483,71809.54174773382,715.9139224489918,23089.41289734932,1.0070015335388092,2.3697974633638563,1.9137999999965183
548.9999999999957,4.046644449947214,4.05063659228892,0.003992142341705751,0.002684099368845545,0.09865315302800634,0.06590568279918213,29189.462849138436,29195.000309511877,5.537460373441718,5.68281815330454,0.01897075119902442,0.01936401468212504,424734.68188369204,425477.4005402994,742.7186566073797,23089.41289734932,0.17486649625913134,2.3697974633638563,2.3249999999982234
549.9999999999957,4.026866213111793,4.031825236985768,0.004959023873975177,0.002684099368845545,0.12314846363229563,0.06590568279918213,29170.855088105473,29176.484916205565,5.629828100092709,5.68281815330454,0.019299496305777795,0.01936401468212504,767882.7064833959,766623.3292283403,-1259.3772550555877,23089.41289734932,-0.16400646145855344,2.3697974633638563,3.0373999999969223
550.9999999999956,4.0173300499813935,4.022561153188813,0.005231103207419707,0.002684099368845545,0.1302134288778174,0.06590568279918213,29151.308070567633,29157.19801736135,5.889946793715353,5.68281815330454,0.020204742715000452,0.01936401468212504,1.1144872163366547e6,1.1080748691529483e6,-6412.347183706472,23089.41289734932,-0.5753630090782024,2.3697974633638563,3.3646999999985487
551.9999999999956,4.007143687251579,4.012743278742679,0.005599591491099787,0.002684099368845545,0.13974022216658857,0.06590568279918213,29130.92021321988,29137.237320857996,6.317107638114976,5.68281815330454,0.02168523202108876,0.01936401468212504,1.4639430964012647e6,1.4493920673511184e6,-14551.02905014623,23089.41289734932,-0.9939613831928488,2.3697974633638563,3.731199999998375
552.9999999999956,4.116812076694541,4.1152735046681945,-0.0015385720263463298,0.002684099368845545,-0.03737289916768986,0.06590568279918213,29111.545756827887,29118.44634584991,6.90058902202145,5.68281815330454,0.023703959520606943,0.01936401468212504,1.7807202676896856e6,1.7553754487109466e6,-25344.81897873897,23089.41289734932,-1.4232903077821117,2.3697974633638563,0.08611600001616153
553.9999999999955,4.198252218026994,4.192775521784757,-0.005476696242237011,0.002684099368845545,-0.1304518156084208,0.06590568279918213,29117.267457854537,29124.413741273707,7.146283419169777,5.68281815330454,0.024543111504242574,0.01936401468212504,1.5939742962803375e6,1.5649879415212166e6,-28986.354759120848,23089.41289734932,-1.8184957453054766,2.3697974633638563,-2.2016999999895965
554.9999999999955,4.2045638369381155,4.199879171191409,-0.004684665746706784,0.002684099368845545,-0.1114185900937181,0.06590568279918213,29153.519786876168,29160.69177475802,7.171987881851237,5.68281815330454,0.024600761535078175,0.01936401468212504,826400.4641260755,798125.7198937531,-28274.74423232244,23089.41289734932,-3.42143373094825,2.3697974633638563,-2.3494999999993276
555.9999999999953,4.198967317544212,4.195680348207888,-0.003286969336324219,0.002684099368845545,-0.07828042201211083,0.06590568279918213,29186.643136379862,29193.8522422682,7.209105888337945,5.68281815330454,0.02470001724642363,0.01936401468212504,168229.490060827,140256.8867424925,-27972.6033183345,23089.41289734932,-16.62764555026613,2.3697974633638563,-2.033900000001471
556.9999999999953,4.182081074697247,4.180349697284761,-0.0017313774124856351,0.002684099368845545,-0.04139990070878706,0.06590568279918213,29205.81666794837,29212.771903565288,6.955235616918799,5.68281815330454,0.023814556175557153,0.01936401468212504,-183537.433852591,-205583.84243527663,22046.40858268563,23089.41289734932,-12.011941171844166,2.3697974633638563,-1.4035000000029385
557.9999999999953,4.166492390825116,4.165741950914488,-0.0007504399106279536,0.002684099368845545,-0.018011311199810913,0.06590568279918213,29214.701498019145,29221.32236971403,6.620871694885864,5.68281815330454,0.02266280795418971,0.01936401468212504,-322610.0862607813,-337547.0145286656,14936.928267884301,23089.41289734932,-4.630025192643872,2.3697974633638563,-0.91224000000229
558.9999999999952,4.146253711515977,4.1463920058137544,0.00013829429777700852,0.002684099368845545,0.0033354036534933734,0.06590568279918213,29216.645876746592,29222.995021886654,6.349145140062319,5.68281815330454,0.0217312595252954,0.01936401468212504,-326319.85578464466,-335767.09015657357,9447.234371928906,23089.41289734932,-2.895084134311344,2.3697974633638563,-0.37758000000255293
559.9999999999952,4.133148896991458,4.1336922548039485,0.0005433578124902638,0.002684099368845545,0.01314634013997843,0.06590568279918213,29214.354658660952,29220.517063394745,6.1624047337936645,5.68281815330454,0.021093756154448355,0.01936401468212504,-253344.64917275182,-259209.14100343597,5864.491830684157,23089.41289734932,-2.314827587570342,2.3697974633638563,-0.05656200000153281
560.9999999999952,4.130268254649166,4.1307228477292055,0.0004545930800397002,0.002684099368845545,0.011006381474810875,0.06590568279918213,29209.68877673345,29215.72927749654,6.040500763090677,5.68281815330454,0.020679784742869804,0.01936401468212504,-142184.80304493575,-145849.04866922187,3664.2456242861226,23089.41289734932,-2.5771007490358047,2.3697974633638563,0.012858999999668524
561.9999999999951,4.13019886322249,4.130491956234732,0.0002930930122424513,0.002684099368845545,0.007096341409909073,0.06590568279918213,29205.80830082405,29211.76948867816,5.961187854110904,5.68281815330454,0.02041096686217278,0.01936401468212504,-55024.858036244725,-57360.29094953646,2335.4329132917337,23089.41289734932,-4.244323377905656,2.3697974633638563,0.012859
562.9999999999951,4.130130973385157,4.130330472667605,0.00019949928244855641,0.002684099368845545,0.004830337917469041,0.06590568279918213,29203.659532772224,29209.57246392228,5.912931150054646,5.68281815330454,0.020247226699171655,0.01936401468212504,-7413.202977797865,-9028.812515526986,1615.6095377291213,23089.41289734932,-21.793677342543877,2.3697974633638563,0.012859
563.999999999995,4.130093401151148,4.130239640352209,0.00014623920106071608,0.002684099368845545,0.0035408206753860813,0.06590568279918213,29202.49034622603,29208.37337297115,5.883026745119423,5.68281815330454,0.0201456337297607,0.01936401468212504,18474.978554841407,17239.789285797076,-1235.189269044331,23089.41289734932,-6.685741287210571,2.3697974633638563,0.012859
564.999999999995,4.1300784621334055,4.130190297886213,0.00011183575280782065,0.002684099368845545,0.0027078360334600407,0.06590568279918213,29201.759726163258,29207.622000969848,5.862274806589994,5.68281815330454,0.02007507376802947,0.01936401468212504,34622.45524582805,33614.48804425391,-1007.9672015741453,23089.41289734932,-2.911310576957432,2.3697974633638563,0.012859
565.999999999995,4.130080711522298,4.130169650248093,8.893872579474049e-5,0.002684099368845545,0.00215343795937486,0.06590568279918213,29201.276775820606,29207.123292446267,5.846516625661025,5.68281815330454,0.020021441769635526,0.01936401468212504,45259.50818406309,44404.70384250397,-854.8043415591164,23089.41289734932,-1.8886735094044012,2.3697974633638563,0.012859
566.9999999999949,4.13009618537019,4.130167702664612,7.151729442167465e-5,0.002684099368845545,0.001731613289661543,0.06590568279918213,29200.94888743923,29206.782761441216,5.83387400198626,5.68281815330454,0.01997837133469213,0.01936401468212504,52439.921648371266,51697.10060200742,-742.8210463638461,23089.41289734932,-1.416518223167325,2.3697974633638563,0.012859
567.9999999999949,4.1300486923541655,4.130110730524933,6.203817076766427e-5,0.002684099368845545,0.0015021171755798827,0.06590568279918213,29200.723968690356,29206.547257524635,5.823288834279083,5.68281815330454,0.019942275542630172,0.01936401468212504,57320.070284536276,56665.28397067226,-654.7863138640168,23089.41289734932,-1.142333410642492,2.3697974633638563,0.014560999999991293
568.9999999999948,4.101283158196139,4.102646458249683,0.0013633000535433482,0.002684099368845545,0.03324081759190132,0.06590568279918213,29200.558629536263,29206.37276472028,5.814135184016777,5.68281815330454,0.01991104094199006,0.01936401468212504,60834.68835837956,60253.34343516419,-581.3449232153653,23089.41289734932,-0.9556142044989847,2.3697974633638563,0.7030899999963993
569.9999999999948,4.055309361407063,4.059092737839039,0.0037833764319765706,0.002684099368845545,0.09329439741346539,0.06590568279918213,29195.799122520293,29201.607181299594,5.808058779301064,5.68281815330454,0.019893474245823932,0.01936401468212504,154537.66430874701,153980.2408685146,-557.4234402324073,23089.41289734932,-0.3607039375972091,2.3697974633638563,2.043399999992991
570.9999999999948,4.017409120216476,4.023561371122544,0.006152250906068524,0.002684099368845545,0.15313976550481403,0.06590568279918213,29179.84550519163,29185.67380155872,5.8282963670899335,5.68281815330454,0.019973705364728447,0.01936401468212504,462934.70918192226,461894.63785503234,-1040.0713268899126,23089.41289734932,-0.22466911775266984,2.3697974633638563,3.5112999999923233
571.9999999999947,4.0175442537818515,4.022944321767404,0.005400067985552148,0.002684099368845545,0.1344121593799217,0.06590568279918213,29152.944105552757,29158.952805548102,6.008699995345523,5.68281815330454,0.020610954329655668,0.01936401468212504,969711.91604359,965077.0594392726,-4634.856604317436,23089.41289734932,-0.477962220287813,2.3697974633638563,3.406200000000562
572.9999999999947,4.003254546817528,4.009223848878703,0.005969302061174631,0.002684099368845545,0.14911122916028544,0.06590568279918213,29127.916260028738,29134.31832779114,6.402067762403021,5.68281815330454,0.021979147788159376,0.01936401468212504,1.414212807485604e6,1.4020065773002333e6,-12206.23018537066,23089.41289734932,-0.8631112743967221,2.3697974633638563,3.955899999997063
573.9999999999947,3.9446404206894465,3.9560800526076414,0.01143963191819486,0.002684099368845545,0.29000442874829724,0.06590568279918213,29107.5034287165,29114.52890379224,7.025475075741269,5.68281815330454,0.02413630249308901,0.01936401468212504,1.7500827222378124e6,1.7261845334002667e6,-23898.18883754569,23089.41289734932,-1.3655462415506467,2.3697974633638563,7.172699999982812
574.9999999999945,4.008770281048864,4.012702616288659,0.00393233523979486,0.002684099368845545,0.09809330453243117,0.06590568279918213,29070.413200334428,29079.160879654137,8.747679319709277,5.68281815330454,0.030091348407832896,0.01936401468212504,2.4038935491739092e6,2.3472704225087455e6,-56623.126665163785,23089.41289734932,-2.3554756276384268,2.3697974633638563,3.4216000000204696
575.9999999999945,3.9947202160579622,3.9994116989251984,0.004691482867236196,0.002684099368845545,0.11744208889467127,0.06590568279918213,29048.07932320007,29058.14494041372,10.065617213651421,5.68281815330454,0.034651575760509,0.01936401468212504,2.7388754304995174e6,2.659190281677213e6,-79685.14882230433,23089.41289734932,-2.90941121070889,2.3697974633638563,3.941699999997162
576.9999999999944,3.939727684360796,3.950375336277872,0.010647651917075951,0.002684099368845545,0.27026365196109964,0.06590568279918213,29045.908393969134,29056.4311343563,10.522740387164959,5.68281815330454,0.036227961076093655,0.01936401468212504,2.671119739028175e6,2.5861606462095072e6,-84959.09281866765,23089.41289734932,-3.180654598793016,2.3697974633638563,6.974899999983102
577.9999999999944,3.920436081978494,3.9326440291824873,0.012207947203993541,0.002684099368845545,0.31139258359831895,0.06590568279918213,29017.864618324198,29030.28368778627,12.419069462070183,5.68281815330454,0.042798012966907946,0.01936401468212504,3.127855321801142e6,3.0090956591309705e6,-118759.66267017135,23089.41289734932,-3.796840021417131,2.3697974633638563,8.09999999999373
578.9999999999944,3.9984651099162685,4.001332620385494,0.0028675104692252873,0.002684099368845545,0.0717152804988546,0.06590568279918213,28975.82669540677,28991.437806567217,15.611111160447763,5.68281815330454,0.05387632706583804,0.01936401468212504,3.8398763297855267e6,3.663426921425594e6,-176449.4083599327,23089.41289734932,-4.595184667569441,2.3697974633638563,3.4150000000260983
579.9999999999943,4.103766425024708,4.100224713892831,-0.003541711131877179,0.002684099368845545,-0.08630391608742338,0.06590568279918213,28966.120409462892,28983.003493522192,16.883084059300018,5.68281815330454,0.058285624103752987,0.01936401468212504,3.8848102754086745e6,3.691152427334871e6,-193657.84807380335,23089.41289734932,-4.985001437513726,2.3697974633638563,-0.024226999980450255
580.9999999999943,4.113853821950078,4.111432803102004,-0.002421018848074219,0.002684099368845545,-0.05885038586340898,0.06590568279918213,28998.815113258202,29014.493565933208,15.678452675005246,5.68281815330454,0.05406583894469912,0.01936401468212504,3.1079897221384645e6,2.9457909954986307e6,-162198.72663983377,23089.41289734932,-5.2187665063522894,2.3697974633638563,-0.2555499999986851
581.9999999999942,4.120362932954456,4.118989687853009,-0.0013732451014467628,0.002684099368845545,-0.0333282558791998,0.06590568279918213,29033.095686828055,29047.703683923362,14.607997095306928,5.68281815330454,0.05031498277992584,0.01936401468212504,2.354662885561561e6,2.218658117954961e6,-136004.7676066002,23089.41289734932,-5.775976189226958,2.3697974633638563,-0.3688999999993428
582.9999999999942,4.175919772323866,4.172279856731932,-0.0036399155919335513,0.002684099368845545,-0.0871644042602851,0.06590568279918213,29053.07057739627,29067.011646083673,13.941068687403458,5.68281815330454,0.04798483743831821,0.01936401468212504,1.9241449178943862e6,1.8047271055644474e6,-119417.81232993887,23089.41289734932,-6.206279538477754,2.3697974633638563,-1.90219999999111
583.9999999999942,4.206426637093979,4.201414561051024,-0.005012076042954838,0.002684099368845545,-0.11915282198805789,0.06590568279918213,29077.54444206551,29091.00349141209,13.459049346580287,5.68281815330454,0.04628674671410537,0.01936401468212504,1.4218450729020594e6,1.3145383818408318e6,-107306.69106122758,23089.41289734932,-7.547003053026661,2.3697974633638563,-2.953699999993903
584.9999999999941,4.209861680054053,4.205576171321948,-0.004285508732104759,0.002684099368845545,-0.10179690112882128,0.06590568279918213,29110.96249015467,29124.008561658928,13.04607150425727,5.68281815330454,0.04481497823601488,0.01936401468212504,764415.7333265108,667347.8428808724,-97067.89044563833,23089.41289734932,-12.698311431036046,2.3697974633638563,-2.9500000000000224
585.9999999999941,4.208174425425051,4.204811912980032,-0.0033625124450189503,0.002684099368845545,-0.07990430303228974,0.06590568279918213,29139.931442460485,29152.360375114986,12.428932654500386,5.68281815330454,0.04265258028846936,0.01936401468212504,222721.8054609959,139512.4450929538,-83209.36036804211,23089.41289734932,-37.36022173303284,2.3697974633638563,-2.728900000001307
586.9999999999941,4.224530790598737,4.220336666204729,-0.004194124394008014,0.002684099368845545,-0.09928024204111875,0.06590568279918213,29160.080323115384,29171.706941125958,11.62661801057402,5.68281815330454,0.039871694047967095,0.01936401468212504,-126983.66225386008,-193297.29189990164,66313.62964604156,23089.41289734932,-52.22217446640522,2.3697974633638563,-3.270999999996795
587.999999999994,4.233483939812775,4.228968215761999,-0.004515724050775383,0.002684099368845545,-0.10666685205318364,0.06590568279918213,29179.57260194686,29190.292948055212,10.720346108351805,5.68281815330454,0.036739215664990735,0.01936401468212504,-456965.1298100169,-505065.1751132279,48100.04530321102,23089.41289734932,-10.525977184125319,2.3697974633638563,-3.52159999999849
588.999999999994,4.208078276492209,4.206006669095183,-0.002071607397025943,0.002684099368845545,-0.049229298052715975,0.06590568279918213,29201.19334906962,29210.92053583414,9.727186764517683,5.68281815330454,0.033310922085407174,0.01936401468212504,-821603.1726754606,-850511.7994697802,28908.6267943196,23089.41289734932,-3.518563189110119,2.3697974633638563,-2.3332000000071607
589.9999999999939,4.207440420204677,4.205502078318199,-0.0019383418864782342,0.002684099368845545,-0.046069384064716966,0.06590568279918213,29212.706684936253,29221.660223407307,8.953538471054344,5.68281815330454,0.03064946554805653,0.01936401468212504,-977503.7963758042,-992264.3072521961,14760.510876391898,23089.41289734932,-1.510020823562835,2.3697974633638563,-2.208400000000766
590.9999999999939,4.203537320968704,4.201711263440433,-0.001826057528270475,0.002684099368845545,-0.04344097337167594,0.06590568279918213,29216.633653991696,29225.053726045888,8.420072054192133,5.68281815330454,0.028819446326054567,0.01936401468212504,-986504.4765242157,-992220.5097041641,5716.033179948456,23089.41289734932,-0.5794229338003561,2.3697974633638563,-2.0047000000012507
591.9999999999939,4.185442219930742,4.184626104392312,-0.0008161155384298624,0.002684099368845545,-0.019498908252599575,0.06590568279918213,29221.743768757915,29229.705572779403,7.961804021488206,5.68281815330454,0.027246163283385146,0.01936401468212504,-1.0273238086504389e6,-1.0255772976606004e6,-1746.5109898385126,23089.41289734932,0.1700058905607226,2.3697974633638563,-1.376900000003854
592.9999999999937,4.146975939812312,4.147887190471899,0.0009112506595867487,0.002684099368845545,0.021973859332976766,0.06590568279918213,29222.777613427974,29230.46925006169,7.69163663371728,5.68281815330454,0.026320689756003702,0.01936401468212504,-991865.9008106684,-986426.4419079387,-5439.458902729675,23089.41289734932,0.5484066846419375,2.3697974633638563,-0.34366000000646063
593.9999999999937,4.134023506938904,4.135124537418073,0.001101030479168763,0.002684099368845545,0.026633386997454125,0.06590568279918213,29215.38198542353,29223.00236085986,7.620375436330505,5.68281815330454,0.026083435911029844,0.01936401468212504,-797796.5223124023,-792471.5345159199,-5324.987796482397,23089.41289734932,0.6674618963050871,2.3697974633638563,-0.035978000001923874
594.9999999999936,4.131473977170034,4.132267988835461,0.0007940116654268081,0.002684099368845545,0.019218605026061136,0.06590568279918213,29204.724387074846,29212.346865763837,7.622478688990668,5.68281815330454,0.026100156221176847,0.01936401468212504,-554314.009658363,-550286.4283257809,-4027.581332582049,23089.41289734932,0.7265884070049654,2.3697974633638563,0.012858999999689081
595.9999999999936,4.130968097191009,4.131509914298616,0.0005418171076065903,0.002684099368845545,0.013115983828948402,0.06590568279918213,29197.540475090987,29205.160178010945,7.61970291995749,5.68281815330454,0.026097071177820653,0.01936401468212504,-393918.9702005482,-390842.8402618361,-3076.1299387120525,23089.41289734932,0.7809042395561614,2.3697974633638563,0.012859
596.9999999999936,4.130553801891313,4.130942418647367,0.00038861675605339485,0.002684099368845545,0.009408345095891344,0.06590568279918213,29193.09809304475,29200.728359804,7.630266759249935,5.68281815330454,0.02613722851521485,0.01936401468212504,-295163.2126666722,-293128.76334263757,-2034.44932403462,23089.41289734932,0.6892624950291905,2.3697974633638563,0.012859
597.9999999999935,4.130231730398326,4.130526911380537,0.0002951809822109297,0.002684099368845545,0.007146838276371044,0.06590568279918213,29190.109987218937,29197.756285278938,7.646298060000845,5.68281815330454,0.026194824422891255,0.01936401468212504,-228702.0116105366,-227671.23703606357,-1030.7745744730346,23089.41289734932,0.4507063874140167,2.3697974633638563,0.012859
598.9999999999935,4.129981601604651,4.130211337733015,0.00022973612836363344,0.002684099368845545,0.005562642900742522,0.06590568279918213,29187.913464335306,29195.575891918783,7.6624275834765285,5.68281815330454,0.026252056670098202,0.01936401468212504,-179847.61681898715,-179702.64308403144,-144.97373495571082,23089.41289734932,0.08060920545954403,2.3697974633638563,0.012859
599.9999999999935,4.129788377684966,4.129973231109916,0.00018485342494933832,0.002684099368845545,0.004476099210026871,0.06590568279918213,29186.22753962208,29193.904279030932,7.676739408852882,5.68281815330454,0.02630260933322486,0.01936401468212504,-142366.0220581436,-142974.8147511716,608.7926930279937,23089.41289734932,-0.42762499382005426,2.3697974633638563,0.012859
600.0,4.129640610367257,4.129790183822546,0.00014957345528898713,0.002684099368845545,0.0036219484793299063,0.06590568279918213,29184.897874484643,29192.5866016064,7.6887271217565285,5.68281815330454,0.026344882736350154,0.01936401468212504,-112829.1733262162,-114068.79325187567,1239.61992565947,23089.41289734932,-1.0986696872053041,2.3697974633638563,0.012859
