Time (s),Voltage (P2D) (V),Voltage (sP2D) (V),Voltage Error (V),Voltage Error Percentage (%),Concentration (P2D) (mol/m³),Concentration (sP2D) (mol/m³),Concentration Error (mol/m³),Concentration Error Percentage (%),Stress (P2D) (Pa),Stress (sP2D) (Pa),Stress Error (Pa),Stress Error Percentage (%),Current (A)
0.0,4.168394257671314,4.1689488002320525,0.0005545425607387244,0.013303505533771687,29866.0,29866.0,0.0,0.0,-5.942940940055923,-5.942940940055923,0.0,-0.0,0.2706705664732254
1.0,4.1381271453123345,4.140116081956507,0.0019889366441727674,0.0480636909966827,29865.99981729741,29865.999817487118,1.8970968085341156e-7,6.352028460923579e-10,-2.227607482080872,-2.23146540033335,0.003857918252478054,-0.17318662661674408,0.9745239627156022
2.0,4.10663971059858,4.110266871679929,0.003627161081348973,0.08832430738902783,29857.54428832235,29857.5551650313,0.010876708947762381,3.642867893866407e-5,166233.1067940345,166019.2709766695,-213.8358173650049,-0.12863611917567716,1.8500994221752898
3.0,4.165712021303058,4.165938132073247,0.00022611077018908077,0.005427902097715148,29842.486740196495,29842.553475049644,0.06673485314968275,0.0002236236334145502,452523.91625171236,451224.43762990204,-1299.4786218103254,-0.2871624184140363,0.2715208975414207
4.0,4.134383953029881,4.1360117546285435,0.0016278015986621597,0.039372289007391925,29838.164238461894,29838.29854728289,0.13430882099783048,0.00045012427683035594,512923.84762674686,510369.5065835455,-2554.3410432013916,-0.4979961557685612,0.9775822703845946
5.0,4.103258403900899,4.106688515240999,0.0034301113401005168,0.08359481666666588,29839.270160120734,29839.467214894725,0.1970547739911126,0.0006603873785575032,467401.0247162207,463746.32406177244,-3654.700654448243,-0.7819196923385372,1.855899367866811
6.0,4.162585349499624,4.162655506578609,7.015707898538892e-5,0.001685420792484708,29827.51701388603,29827.820612878128,0.3035989920972497,0.0010178486930571893,680424.9901534193,674851.3137769297,-5573.676376489573,-0.8191463360616494,0.2723711950400015
7.0,4.13154787708578,4.133065909949986,0.0015180328642054874,0.03674247302384509,29825.01976869296,29825.393945591197,0.37417689823632827,0.0012545738481927117,700359.8401036884,693661.5978100419,-6698.242293646559,-0.9564001117846623,0.9806404170706681
8.0,4.1006287853980865,4.103992357397244,0.0033635719991575996,0.08202576178402031,29827.347779622884,29827.76852249193,0.42074286904608016,0.001410594304779316,627776.0081118172,620454.1054898162,-7321.902622001013,-1.1663240594401407,1.8616989319345516
9.0,4.160120662148042,4.160135681958914,1.5019810871486072e-5,0.0003610426737894358,29816.449571495996,29816.974292809326,0.5247213133297919,0.001759838347190124,821799.6355659168,812727.1915089941,-9072.444056922686,-1.1039727525159,0.2732214254006784
10.0,4.129253585211928,4.130742770447756,0.0014891852358278612,0.03606427178900011,29814.634573713258,29815.22009020221,0.585516488950816,0.001963855996635457,826605.244043017,816705.1217521462,-9900.122290870873,-1.1976844282342425,0.9836982820434248
11.0,4.098455259320414,4.101804798622926,0.0033495393025111397,0.0817268724574669,29817.521862917052,29818.137859444414,0.6159965273618582,0.002065887736056128,741659.1600681687,731536.7423643732,-10122.41770379548,-1.3648341783933593,1.8674978854216577
12.0,4.15806750807894,4.158069584748415,2.076669475492565e-6,4.9943139967248945e-5,29807.046954959464,29807.75701178873,0.7100568292662501,0.002382177712334924,926255.0044010342,914639.4528581252,-11615.551542909001,-1.2540338770337045,0.2740715550578126
13.0,4.127306207491695,4.128790360465773,0.0014841529740783344,0.03595936185651476,29805.61389624287,29806.373736411322,0.7598401684517739,0.002549318967550456,922592.8661803139,910417.3747045621,-12175.49147575174,-1.3197036224830434,0.9867557445835916
14.0,4.096579813750864,4.0999370924780285,0.0033572787271642923,0.08195321169857396,29808.84034471098,29809.618630721467,0.7782860104853171,0.0026109234760063695,830166.9961066956,818045.6058155568,-12121.390291138785,-1.4601146935478637,1.8732959993953646
15.0,4.156289497869094,4.156288789701712,-7.081673816244916e-7,-1.703845177261028e-5,29798.620876547604,29799.48274764944,0.8618711018352769,0.0028923187600054167,1.009056289387999e6,995676.2187995311,-13380.070588467875,-1.3259984333067287,0.2749215504497409
16.0,4.1255944415326296,4.127085729318642,0.0014912877860124851,0.03614722210694278,29797.438664711794,29798.340992170393,0.9023274585997569,0.003028204768715091,999831.4758908352,986095.204874073,-13736.271016762126,-1.373858629977948,0.9898126839877828
17.0,4.094910216904021,4.098278157913749,0.0033679410097287032,0.08224700497279898,29800.89932456745,29801.811762221954,0.9124376545041741,0.0030617789234030704,902250.2964833144,888746.136846894,-13504.159636420314,-1.4967198890435667,1.8790930449560548
18.0,4.154706096297967,4.15470954627119,3.4499732226578317e-6,8.303772018270836e-5,29790.849527522976,29791.836275376503,0.9867478535270493,0.0033122514771370282,1.0773310967705655e6,1.0627598476087882e6,-14571.24916177732,-1.352532123639284,0.2757713780201007
19.0,4.1240517142920154,4.125549518679428,0.001497804387412316,0.03631875861841483,29789.847078869927,29790.86694640646,1.0198675365318195,0.0034235406910001097,1.0641153169856798e6,1.0493354251111671e6,-14779.891874512658,-1.3889370483247687,0.9928689795732477
20.0,4.093390447210629,4.096772675161794,0.003382227951164829,0.08262656579632151,29793.48227744003,29794.506521781994,1.0242443419629126,0.003437813453375614,962697.1370201055,948262.1815520365,-14434.955468068947,-1.499428523569763,1.884888793246318
21.0,4.153267696637124,4.153272952156506,5.255519382352247e-6,0.00012653938455755236,29783.55146425341,29784.64194204957,1.090477796158666,0.0036613423938628375,1.1350882321091495e6,1.1197434975155315e6,-15344.734593617963,-1.3518539052338991,0.27662100421915453
22.0,4.122636335408699,4.124142624954002,0.0015062895453032965,0.036537046267360616,29782.685149301196,29783.802886290807,1.117736989610421,0.0037529758784581816,1.1188432399932034e6,1.1033988547177932e6,-15444.385275410255,-1.3803886660211733,0.9959245106827039
23.0,4.091985002082293,4.0953780640928485,0.0033930620105557807,0.08291970788820462,29786.457155803913,29787.57535558489,1.1181997809762834,0.0037540543177972453,1.0144189326836006e6,999388.5615857395,-15030.37109786109,-1.4816729670156004,1.890683015459924
24.0,4.151942129680494,4.15195028146233,8.151781836218674e-6,0.00019633659578116474,29776.612492519285,29777.79000675427,1.1775142349833914,0.003954493598891465,1.1848427671140968e6,1.1690310204161524e6,-15811.746697944356,-1.334501685523792,0.277470395505115
25.0,4.1213210006380345,4.122832025611992,0.0015110249739578308,0.036663607948128875,29775.853270531843,29777.053419385422,1.2001488535788667,0.004030611121954357,1.166206473560885e6,1.150374476151544e6,-15831.997409341158,-1.357563842104209,0.9989791566889981
26.0,4.090670235377549,4.094074402184458,0.003404166806909359,0.08321782522259878,29779.736453645237,29780.934364373894,1.197910728657007,0.004022569946250732,1.059338401445048e6,1.0439613291111792e6,-15377.07233386871,-1.451573200111766,1.8964754828509018
27.0,4.150707577143699,4.150714937195846,7.3600521472982905e-6,0.0001773204209284022,29769.955274138127,29771.206427615016,1.251153476889158,0.0042027388532090435,1.2282919461981035e6,1.2122418313760313e6,-16050.11482207221,-1.3067019507659938,0.2783195183454685
28.0,4.120086903330807,4.121602654469045,0.0015157511382382083,0.036789300172596545,29769.28267027445,29770.552664663915,1.2699943894658645,0.004266123586289815,1.2077123727276812e6,1.191702097295816e6,-16010.275431865128,-1.3256695711169282,1.0020327969999365
29.0,4.089429719950247,4.09284119669614,0.0034114767458932604,0.08342182112215797,29773.258690332466,29774.524628745035,1.265938412569085,0.004251930988595957,1.098801321937025e6,1.0832670226986397e6,-15534.2992383854,-1.4137495949677887,1.902265966742578
30.0,4.149548479963246,4.149554965027325,6.485064078631808e-6,0.00015628360796231133,29763.524596368898,29764.838488119865,1.3138917509677412,0.004414436021223219,1.2666427618843927e6,1.2505264270195619e6,-16116.334864830831,-1.272366238516569,0.2791683392182991
31.0,4.118920564449193,4.120437460968528,0.0015168965193348427,0.03682752545478359,29762.923539673,29764.253206820613,1.3296671476127813,0.004467528688303683,1.2444483402564945e6,1.2284160881687058e6,-16032.252087788656,-1.2883019382294514,1.005085311063028
32.0,4.088251495312662,4.091669875478225,0.003418380165562951,0.08361472305415299,29766.97874629791,29768.303146052505,1.3243997545941966,0.004449224645477032,1.1337913724087218e6,1.1182430545686255e6,-15548.317840096308,-1.3713561611484266,1.9080542385365211
33.0,4.148453336945508,4.148455686662046,2.3497165377861506e-6,5.6640785057407415e-5,29757.279440168517,29758.64707926835,1.3676390998334682,0.004595981640671528,1.300788258853166e6,1.284736659492356e6,-16051.599360809894,-1.2339901787675815,0.28001682461361227
34.0,4.117811883048065,4.1193295188302645,0.0015176357821999886,0.036855393721303566,29756.73846079007,29758.11930326072,1.3808424706476217,0.00464043622410814,1.277227888786964e6,1.261294201101751e6,-15933.687685212819,-1.2475211217275957,1.0081365783702787
35.0,4.087126567095334,4.090548622353681,0.0034220552583468233,0.08372765565659573,29760.862375386463,29762.237208931634,1.3748335451709863,0.004619602509596745,1.1650520567951747e6,1.1496004622534043e6,-15451.594541770406,-1.326257865616293,1.9138400697216924
36.0,4.147413283464269,4.147411185097489,-2.0983667798901706e-6,-5.059459080811541e-5,29751.18836843801,29752.602285084915,1.4139166469067277,0.004752471159796434,1.3314099816961503e6,1.315522488297118e6,-15887.493399032159,-1.1932833325158252,0.2808649410346574
37.0,4.116753075826908,4.118268483495921,0.0015154076690127027,0.036810749663636594,29750.69850140821,29752.12351462535,1.4250132171400764,0.004789847932722069,1.3066773699063407e6,1.2909323406293804e6,-15745.029276960297,-1.2049668601889738,1.0111864784628115
38.0,4.0860479074736284,4.08947313109968,0.0034252236260519098,0.08382729971880576,29754.882877353804,29756.30146942755,1.418592073747277,0.004767594211661158,1.193160579822916e6,1.1778893484820945e6,-15271.2313408216,-1.2798974085355797,1.9196232318833844
39.0,4.146421330321063,4.1464121344148115,-9.195906251591168e-6,-0.0002217793494439485,29745.226678298983,29746.680618450864,1.4539401518813975,0.004887978053104361,1.359041183929668e6,1.3433931865344008e6,-15647.997395267244,-1.1513997942300067,0.28171265499925047
40.0,4.115737931135037,4.117250671405708,0.0015127402706713866,0.03675501929381115,29744.780763175866,29746.24401181229,1.463248636424396,0.004919345844484765,1.3332903812059152e6,1.3178033285432693e6,-15487.052662645932,-1.1615663685084436,1.0142348909358267
41.0,4.085009915647538,4.088435689428647,0.00342577378110942,0.08386206770238358,29749.018977000425,29750.47565903165,1.4566820312247728,0.004896571656198019,1.2185748966391645e6,1.203548334875802e6,-15026.561763362493,-1.233125826307913,1.9254034967122573
42.0,4.145471786333264,4.145455183684045,-1.6602649218988574e-5,-0.0004005008374131014,29739.37455811496,29740.86327635444,1.4887182394813863,0.005005882812270377,1.3841077018691222e6,1.3687554277308108e6,-15352.27413831139,-1.109182046858017,0.2825599330410956
43.0,4.114761413866243,4.116269100409908,0.0015076865436647324,0.03664092257169548,29738.9667718746,29740.463328247966,1.496556373367639,0.0050323078970685555,1.3574634542462237e6,1.3422848157482801e6,-15178.638497943524,-1.1181618518320968,1.0172816954432202
44.0,4.0840079939569085,4.087433864632373,0.003425870675464182,0.08388501395035049,29743.2534120779,29744.74344215715,1.4900300792505732,0.005009640534634701,1.241665005133448e6,1.226930419052305e6,-14734.586081143003,-1.1866796616015929,1.9311806360133528
45.0,4.144559965586977,4.144533845773804,-2.611981317279799e-5,-0.0006302192124055503,29733.615845740092,29735.134924742382,1.5190790022898,0.005108961554393113,1.4069554624761657e6,1.3919402859300103e6,-15015.176546155475,-1.0672105085494017,0.28340674171110647
46.0,4.11381933041907,4.11532159406791,0.0015022636488399854,0.03651749209625478,29733.241381014755,29734.767045119104,1.5256641043488344,0.0051311731701172685,1.379520333513009e6,1.3646877951458844e6,-14832.538367124507,-1.0751953419456166,1.0203267717023665
47.0,4.083038332691332,4.0864622026866435,0.0034238699953110796,0.08385593561288555,29737.571962263875,29739.091294940903,1.5193326770277054,0.005109134931916079,1.2627344409511983e6,1.248327054863218e6,-14407.386087980354,-1.1409672232530137,1.9369544217151031
48.0,4.143681911111571,4.1436460387208776,-3.5872390693469924e-5,-0.0008657129447430706,29727.93716528364,29729.482892164473,1.545726880831353,0.005199576654906471,1.4278695845682356e6,1.4132207140965941e6,-14648.870471641421,-1.0259249605117824,0.28425304757872677
49.0,4.112908166040617,4.114403104569306,0.0014949385286895378,0.03634748135231704,29727.592001539786,29729.14328634495,1.5512848051657784,0.0052183332073631366,1.3997290123985773e6,1.3852680464174543e6,-14460.965981123038,-1.0331261160574723,1.0233699994988694
50.0,4.082097699692537,4.085519216184423,0.0034215164918860452,0.0838176041730641,29731.962759541137,29733.508011421134,1.5452518799975223,0.005197275041997163,1.2820355197320129e6,1.2679794950608807e6,-14056.02467113221,-1.096383403953611,1.942724625878335
51.0,4.142834271627934,4.142786978008345,-4.729361958943912e-5,-0.0011415764302551983,29722.327309077376,29723.89655693198,1.5692478546043276,0.005279693740957728,1.4470880316907677e6,1.4328252098908778e6,-14262.821799889905,-0.9856222626086764,0.2850988172332499
52.0,4.11202490929127,4.113512255018734,0.0014873457274644508,0.03617064001980482,29722.00804643376,29723.58197739518,1.5739309614218655,0.005295506814219829,1.41831399602813e6,1.4042420894151437e6,-14071.906612986233,-0.9921573539000133,1.026411258691306
53.0,4.081183346939153,4.084600837799321,0.0034174908601674048,0.08373774392494493,29726.415788105543,29727.98407227766,1.5682841721172736,0.005275725749435263,1.2997803738235238e6,1.2860921872607835e6,-13688.186562740244,-1.0531153445927275,1.9484910207052692
54.0,4.14201414812948,4.141955292377195,-5.885575228514739e-5,-0.0014209452256875187,29716.77678579193,29718.366933755886,1.590147963954223,0.005351010896694887,1.4648115792326801e6,1.4509466846830603e6,-13864.894549619872,-0.9465309222147732,0.28594401728513824
55.0,4.111166979919726,4.112645223668213,0.0014782437484877065,0.03595679172624048,29716.480521207668,29718.074641665207,1.5941204575392476,0.005364432226089414,1.4354653275526757e6,1.4217919182943106e6,-13673.409258365165,-0.9525419385556986,1.0294504292159707
56.0,4.080292890525201,4.083706114108485,0.0034132235832835534,0.08365143569005447,29720.922512258912,29722.51142589801,1.588913639097882,0.005346111442006913,1.316149147173049e6,1.302837967435784e6,-13311.179737264989,-1.0113731992955368,1.9542533785485106
56.99999999999999,4.132013568409427,4.132378031861856,0.00036446345242957534,0.008820480533171908,29711.277482368627,29712.886332553306,1.6088501846788859,0.005414947861577529,1.4812112543445837e6,1.4677501038058407e6,-13461.150538743008,-0.9087934283013119,0.5
57.999999999999986,4.110207473092722,4.11165630250079,0.0014488294080674535,0.0352495443977499,29709.537993081136,29711.152320305297,1.614327224160661,0.00543370019599972,1.4801234985371176e6,1.4668116144864731e6,-13311.884050644469,-0.8993765766033233,1.032487391091686
58.99999999999998,4.079192615625458,4.082571723777882,0.0033791081524237043,0.08283767085378461,29713.22685863088,29714.840880212243,1.6140215813647956,0.0054319969656744516,1.3738243866645098e6,1.3607686656798134e6,-13055.72098469641,-0.9503194958122867,1.9600114719199049
59.99999999999997,4.131067875038406,4.131403115409544,0.0003352403711378571,0.008115101985215879,29704.4424607795,29706.082155588858,1.6396948093570245,0.005520032269658011,1.5197266347442074e6,1.506404516846661e6,-13322.117897546384,-0.8766127797575052,0.5
60.99999999999997,4.10920035855028,4.110628779610286,0.0014284210600061797,0.03476153351914251,29703.00793824748,29704.65670043275,1.6487621852720622,0.005550825656108085,1.5118344571731903e6,1.4985929952414846e6,-13241.461931705708,-0.8758539580096906,1.0355220244243977
61.999999999999964,4.078171848300019,4.08153849326785,0.0033666449678309007,0.0825527979953636,29706.87674837312,29708.52466928613,1.64792091300842,0.005547270845625559,1.4015387082115456e6,1.3885680236431798e6,-12970.684568365803,-0.9254603167483857,1.9657650734999628
62.99999999999996,4.130196820422457,4.130511201815443,0.0003143813929860073,0.007611777517030069,29698.174312346728,29699.84674202914,1.6724296824140765,0.005631422540741099,1.5455234766872332e6,1.532310713579386e6,-13212.76310784719,-0.854905364243849,0.5
63.99999999999995,4.108257187309481,4.10967224932939,0.0014150620199089303,0.03444433869135788,29696.829041984383,29698.50955944642,1.6805174620349135,0.005658912133881547,1.5356033723545496e6,1.522489665368833e6,-13113.706985716475,-0.8539774802401711,1.038554209411978
64.99999999999994,4.077206758179585,4.080565098942633,0.0033583407630475293,0.08236866468226352,29700.78040713409,29702.459325163967,1.6789180298765132,0.005652774125333215,1.4234672597093503e6,1.410637008264745e6,-12830.251444605412,-0.9013380080989813,1.9715139561462565
65.99999999999994,4.129377467777898,4.129675012946884,0.00029754516898616856,0.007205569636293959,29692.10427197316,29693.80573039409,1.7014584209318855,0.005730339639612268,1.5667666481638607e6,1.5537300003151803e6,-13036.647848680383,-0.8320733571880923,0.5
66.99999999999993,4.107359854057938,4.108763459361554,0.0014036053036159402,0.03417293233338744,29690.812197273044,29692.520459830197,1.7082625571529206,0.0057535056495012825,1.5556163446352214e6,1.5426989342270633e6,-12917.410408158088,-0.8303725049370775,1.0415838263488857
67.99999999999993,4.0762826798526115,4.079634677755525,0.003351997902913517,0.08223173332607829,29694.820855637812,29696.52692039098,1.7060647531689028,0.005745327649770926,1.4421983211598226e6,1.4295702964329598e6,-12628.024726862786,-0.8756094457735376,1.9772578929028326
68.99999999999991,4.128597100010101,4.128878509161946,0.0002814091518450468,0.006816096243548645,29686.15236000807,29687.87887774189,1.7265177338194917,0.005815902690526454,1.5852245039174843e6,1.5724253621314708e6,-12799.141786013497,-0.8074024691381967,0.5
69.99999999999991,4.106497827413358,4.107891033874681,0.0013932064613229045,0.033926876863842666,29684.899044867732,29686.631159468383,1.7321146006506751,0.005835002497507713,1.5731623459960984e6,1.560498648096216e6,-12663.697899882449,-0.8049835372752976,1.04461075563096
70.99999999999991,4.075390784966198,4.078736390699891,0.0033456057336929135,0.08209288164547543,29688.953497307324,29690.68309759335,1.729600286027562,0.005825736788548071,1.4587155528789903e6,1.446339580769979e6,-12375.972109011374,-0.8484157233112081,1.982996657008858
71.9999999999999,4.127847882268235,4.12811376947008,0.0002658872018441727,0.006441303299628105,29680.2833055952,29682.03142449339,1.7481188981910236,0.0058898322505616905,1.6016737866819687e6,1.589157471153127e6,-12516.31552884169,-0.7814522303427666,0.5
72.9999999999999,4.105664483603851,4.107046977681917,0.00138249407806601,0.03367284598113314,29679.060902527992,29680.81360828631,1.752705758317461,0.005905529706865387,1.5888718827305017e6,1.5765021173106516e6,-12369.765419850126,-0.778525037436781,1.047634877760287
73.99999999999989,4.0745254071952575,4.077864851357388,0.0033394441621306115,0.08195909531533277,29683.15448749446,29684.90459244327,1.7501049488091667,0.005895953374990813,1.4735420794854325e6,1.461452920815728e6,-12089.158669704571,-0.8204148926596082,1.9887300219076618
74.99999999999989,4.1271246796708105,4.127374628728781,0.00024994905797015576,0.006056251685376568,29674.476933286853,29676.24381281957,1.766879532719031,0.005954206157336048,1.6165562103973406e6,1.6043530790690857e6,-12203.131328254938,-0.7548844419864297,0.5
75.99999999999987,4.104855391577412,4.106227305410177,0.001371913832764804,0.03342173357872189,29673.28043130971,29675.051063744442,1.770632434730942,0.005967093657978786,1.6031237457710875e6,1.5910743362881928e6,-12049.409482894698,-0.751620672744701,1.0506560733498465
76.99999999999987,4.073682700325445,4.077015395487363,0.003332695161917698,0.08181037668082126,29677.408732030017,29679.176850775275,1.768118745258107,0.005957793556786596,1.4870069171865382e6,1.475227260339743e6,-11779.656846795231,-0.7921722966213698,1.9944577612559955
77.99999999999987,4.126423905829048,4.126658029837133,0.00023412400808453526,0.0056737750029464545,29668.719963650816,29670.50331896424,1.783355313426,0.00601089401770926,1.6301605920253198e6,1.618289097347859e6,-11871.494677460752,-0.72824080863785,0.5
78.99999999999986,4.104067416896961,4.105428175556776,0.0013607586598149979,0.033156342759199896,29667.54583373592,29669.332273829586,1.7864400936668972,0.006021529733799142,1.61617394888952e6,1.604460063607211e6,-11713.885282309027,-0.7247911210521422,1.053674223127723
79.99999999999986,4.072859890751169,4.076185821956713,0.0033259312055440304,0.08166083034421838,29671.705662539654,29673.489792488614,1.784129948959162,0.006012899862415443,1.4993388972743582e6,1.4878816929573766e6,-11457.204316981602,-0.7641504090776012,2.0001796489324266
80.99999999999984,4.1257429214907475,4.1259606995486235,0.0002177780578760391,0.005278517397233993,29663.002863970632,29664.800863128603,1.7979991579704802,0.0060614198980992965,1.6426928905026263e6,1.631162735643171e6,-11530.154859455302,-0.7019056895003265,0.5
81.99999999999984,4.103298210062116,4.104647825845254,0.0013496157831385247,0.03289099924126875,29661.848455369764,29663.648994377847,1.8005390080834331,0.006070218485515446,1.6282090781962061e6,1.6168382144237517e6,-11370.863772454439,-0.6983663169997508,1.0566892079426744
82.99999999999983,4.072054882695033,4.075373461359599,0.0033185786645661963,0.0814964129945577,29666.037376796994,29667.835892413263,1.7985156162685598,0.0060625407883941095,1.5107080335696745e6,1.4995793993299233e6,-11128.634239751147,-0.7366502323718456,2.0058954590465365
83.99999999999983,4.125079677263236,4.125281176105749,0.0002014988425127484,0.004884726072647204,29657.31838450858,29659.1295687248,1.8111842162179528,0.006107039728730228,1.6543087680586062e6,1.6431230480521119e6,-11185.720006494317,-0.6761567261486006,0.5
84.99999999999983,4.102545937657394,4.1038838807457365,0.0013379430883428967,0.03261250717662602,29656.181615419802,29657.99490828723,1.8132928674276627,0.006114384147434667,1.6393723020447374e6,1.628345683423574e6,-11026.618621163303,-0.672612231365026,1.059700908768263
85.99999999999982,4.0712660136176675,4.074577232598064,0.0033112189803965464,0.08133143276123699,29660.397692655373,29662.209300153903,1.8116074985300656,0.0061078327988119425,1.5212465593557805e6,1.5104471038202648e6,-10799.455535515677,-0.7099082965281476,2.01160496594811
86.99999999999982,4.124432528697352,4.124617298503105,0.0001847698057524383,0.0044798843105525454,29651.66078515452,29653.48399272479,1.8232075702690054,0.006148753634676062,1.6651307817840616e6,1.654287863515102e6,-10842.918268959504,-0.6511751742011602,0.5
87.9999999999998,4.101809105811777,4.103135417479245,0.0013263116674675501,0.03233479748212377,29650.539967592267,29652.364933665787,1.824966073520045,0.006154916826185,1.6497775733788088e6,1.6390924032689382e6,-10685.17010987061,-0.6476733762350136,1.0627092067078416
88.9999999999998,4.070491928248876,4.073795293241667,0.00330336499279138,0.08115395021093891,29654.781614979856,29656.605269749965,1.8236547701089876,0.006149614567344459,1.5310607667518554e6,1.5205874164272922e6,-10473.350324563216,-0.6840584353018478,2.0173079442355015
89.99999999999979,4.123800104892902,4.123968252730984,0.0001681478380826107,0.0040774973035939055,29646.025387262616,29647.85970412536,1.8343168627434352,0.0061873955742193605,1.6752583322743536e6,1.6647529655891825e6,-10505.366685171146,-0.6270893558791566,0.5
90.99999999999979,4.101086472080611,4.102400721252789,0.0013142491721787053,0.0320463657893062,29644.919119984814,29646.754923694185,1.8358037093712483,0.0061926419901535855,1.6595180621538253e6,1.6491680211166248e6,-10350.041037200484,-0.6236775165777684,1.0657139829986693
91.99999999999979,4.069731483200423,4.073027041394895,0.00329555819447247,0.0809772882578694,29649.185010847024,29651.0198950427,1.8348841956758406,0.006188649688025341,1.5402382067047292e6,1.5300847722091563e6,-10153.434495572932,-0.6592119615897434,2.0230041687648925
92.99999999999977,4.123181246606233,4.1233324216581515,0.00015117505191852842,0.003666466324830124,29640.408294488454,29642.253004410362,1.8447099219083611,0.00622363195398823,1.6847738472723004e6,1.6745982644437668e6,-10175.582828533603,-0.6039732184238364,0.5
93.99999999999977,4.100376971397946,4.101679254024642,0.0013022826266961829,0.03176007073935434,29639.315393518267,29641.16137228652,1.8459787682513706,0.006228142397158951,1.6686715017194161e6,1.6586482443873135e6,-10023.257332102628,-0.6006728898872283,1.0687151190174675
94.99999999999976,4.068983703500252,4.072271064893356,0.003287361393104149,0.08079072399027477,29643.604399367556,29645.449861739606,1.8454623720499512,0.006225499258414486,1.5488523365985022e6,1.5390107154089143e6,-9841.621189587982,-0.6354137807095006,2.028693414659
95.99999999999976,4.122574946502016,4.122709308758861,0.00013436225684504421,0.003259182879356746,29634.806208928076,29636.66076352649,1.8545545984161436,0.00625802843231491,1.6937468437015344e6,1.683891332695666e6,-9855.511005868437,-0.5818762728631917,0.5
96.99999999999974,4.099679685151493,4.100969670141907,0.001289984990414439,0.031465506807436615,29633.725660126267,29635.581320818288,1.855660692021047,0.006261989171742708,1.677303760023757e6,1.6675969700038072e6,-9706.790019949665,-0.5787139009222863,1.0717124962846714
97.99999999999974,4.0682477365671,4.071527005428395,0.003279268861295037,0.08060642010120492,29638.036808527235,29639.89235588964,1.8555473624037404,0.006260695923927985,1.5569656761584955e6,1.5474260304097733e6,-9539.645748722134,-0.6127075178856429,2.034375457316321
98.99999999999974,4.121980327499724,4.12209762078274,0.00011729328301601782,0.0028455565940841013,29629.216304016598,29631.08028868938,1.8639846727819531,0.006291036028952503,1.7022367263750685e6,1.692690319415683e6,-9546.406959385611,-0.5608154736336107,0.5
99.99999999999973,4.098993802569497,4.100271638812741,0.001277836243243513,0.03117438827164091,29628.147229419326,29630.012192954382,1.8649635350557219,0.006294566854332028,1.6854713322773224e6,1.6760698052769871e6,-9401.527000335278,-0.557798096015814,1.0747059964686665
100.99999999999973,4.067522836778008,4.070793718246562,0.00327088146855381,0.08041458154774028,29632.47967379152,29634.344925015994,1.865251224473468,0.006294617409703959,1.5646320349609097e6,1.5553836461752492e6,-9248.3887856605,-0.591090338112089,2.04005007241945
101.99999999999972,4.1213966090592535,4.121497041670026,0.00010043261077274934,0.0024368586743626695,29623.63613341858,29625.509248697766,1.873115279187914,0.006323043095559909,1.7102947871652122e6,1.7010455531089618e6,-9249.234056250425,-0.5407976522913275,0.5
102.99999999999972,4.098318609959178,4.099584055498271,0.001265445539092802,0.03087718792818323,29622.577766449627,29624.451772735054,1.8740062854267308,0.006326276869628882,1.6932231430408775e6,1.6841146246567527e6,-9108.51838412485,-0.537939634333533,1.0776955013913374
103.9999999999997,4.066808338239519,4.070070986156129,0.0032626479166095734,0.08022625226597084,29626.93076356417,29628.80544896718,1.874685403010517,0.00632763959915836,1.5718981435251322e6,1.562929389190935e6,-8968.754334197147,-0.5705684157170551,2.0457170359442047
104.9999999999997,4.120823100249852,4.120906498829327,8.339857947525786e-5,0.0020238330412727804,29618.06356333594,29619.945600507057,1.8820371711153712,0.00635435590544527,1.717965684093216e6,1.7090011858221889e6,-8964.498271027114,-0.521808925174125,0.5
105.9999999999997,4.0976534663630275,4.098906714800892,0.0012532484378642295,0.03058453937483837,29617.015230080706,29618.898093556647,1.8828634759411216,0.006357370792816353,1.700601890971533e6,1.691773911372573e6,-8827.979598959908,-0.5191091251766509,1.0806808930321485
106.99999999999969,4.06610365001421,4.0693578514146145,0.003254201400404888,0.08003242613831342,29621.388122979643,29623.272047722723,1.88392474308057,0.006360015051485927,1.578804878158553e6,1.5701038761167275e6,-8701.002041825559,-0.5511131972162396,2.0513761241687556
107.99999999999969,4.120259177171785,4.120325789768159,6.661259637397166e-5,0.001616708889164969,29612.496721039523,29614.38755045795,1.8908294184257102,0.006385241461528929,1.7252885613865294e6,1.716595991455976e6,-8692.569930553436,-0.50383281528092,0.5
108.99999999999967,4.096997800761679,4.0982386861350335,0.0012408853733543168,0.030287674870697313,29611.457825689587,29613.34944494512,1.891619255533442,0.006388132818953469,1.7076450766169187e6,1.6990846791315326e6,-8560.397485386115,-0.5012984022619881,1.0836620535330972
109.99999999999967,4.065408237325385,4.068654186109847,0.0032459487844622714,0.07984312017328345,29615.85003027121,29617.74307840902,1.893048137812002,0.006392010142802125,1.5853882075134737e6,1.576942684357738e6,-8445.523155735806,-0.5327101031602716,2.0570271136818956
110.99999999999966,4.119704282044907,4.119754005269088,4.972322418073105e-5,0.0012069610043964083,29606.933954600554,29608.833507668438,1.8995530678839714,0.006415906053618241,1.7322979216637574e6,1.723864419573103e6,-8433.502090654336,-0.48683901222686427,0.5
111.99999999999966,4.096351094534282,4.097579845947659,0.0012287514133770827,0.02999624263204862,29605.903967961112,29607.804288962812,1.900321001699922,0.006418723116025807,1.7143858070378583e6,1.7060802203890758e6,-8305.586648782482,-0.48446426788454344,1.0866388652027765
112.99999999999966,4.064721621294319,4.067959173177951,0.0032375518836325057,0.07965002736402844,29610.314962381406,29612.217066895417,1.9021045140107162,0.006423790211037119,1.591679935330531e6,1.583477733949611e6,-8202.20138092013,-0.5153172568715485,2.0626697813922363
113.99999999999966,4.119157906281386,4.119191019107085,3.311282569828933e-5,0.0008038736666976257,29601.373800971764,29603.28206295478,1.9082619830151089,0.006446531826007561,1.739024314363977e6,1.73083701046455e6,-8187.303899426945,-0.4707987019963739,0.5
114.99999999999967,4.095712882142589,4.0969293970250495,0.001216514882460551,0.029702152408304462,29600.35225116988,29602.261279459934,1.909028290054266,0.006449343149214775,1.7208534358143148e6,1.7127897493571767e6,-8063.686457138043,-0.4685864751359417,1.089611210521609
115.99999999999967,4.064043364605263,4.0672727444376875,0.0032293798324243284,0.07946223853194527,29604.78156718631,29606.692716816116,1.9111496298064594,0.006455543762311564,1.5977082975713615e6,1.589737187251429e6,-7971.110319932457,-0.4989089893348587,2.068303904537105
116.99999999999967,4.118619592269623,4.118636049338305,1.6457068682029785e-5,0.0003995772931522643,29595.814960047166,29597.7319564251,1.9169963779349928,0.0064772549109488615,1.7454948924787e6,1.7375411357147957e6,-7953.7567639043555,-0.4556734481536968,0.5
117.99999999999969,4.095082737397528,4.096287271833539,0.0012045344360114285,0.029414166043856885,29594.801424957805,29596.71919455948,1.917769601674081,0.006480089439143163,1.7270740821134518e6,1.719239805127268e6,-7834.2769861838315,-0.45361557256402607,1.0925789721467865
118.99999999999969,4.063373073315731,4.066594193560707,0.003221120244976561,0.07927207733224732,29599.248640894628,29601.168855056367,1.9202141617388406,0.006487374679794584,1.603498446137806e6,1.5957465361770273e6,-7751.909960778663,-0.483437322901681,2.0739292606907807
119.9999999999997,4.118088919786283,4.118089023076261,1.0328997834818665e-7,2.5082017498919645e-6,29590.256273475778,29592.182065759065,1.925792283287592,0.006508197379195531,1.751733865407486e6,1.7440012123769654e6,-7732.653030520538,-0.44142852879776795,0.5
120.9999999999997,4.0944602757762665,4.09565277939757,0.001192503621303409,0.029124806225585446,29589.25037441451,29591.176961371137,1.9265869566261244,0.006511104310679064,1.7330710558627017e6,1.7254537703665914e6,-7617.285496110329,-0.43952528491790754,1.0955420329161614
121.99999999999972,4.062710385238976,4.065923493727458,0.003213108488481886,0.07908780552401806,29593.715109239936,29595.644446490212,1.9293372502761486,0.006519415501414214,1.60907284961826e6,1.6015283696654125e6,-7544.479952847585,-0.4688712481002618,2.079545627773929
122.99999999999972,4.11756550905239,4.117549260790063,-1.624826232760057e-5,-0.0003946084717262925,29584.69670693805,29586.631382124153,1.9346751861012308,0.006539445731912881,1.7577628759638055e6,1.7502392593780842e6,-7523.616585721262,-0.42802227129731363,0.5
123.99999999999973,4.093845143114741,4.095025891658805,0.0011807485440638033,0.028842042206937223,29583.698103397175,29585.633599020082,1.9354956229071831,0.006542439745506072,1.7388652120382763e6,1.7314530499251774e6,-7412.162113098893,-0.4262643281252633,1.098500275853019
124.99999999999973,4.06205497274787,4.065260028383986,0.003205055636116505,0.07890232056481432,29588.18001181182,29590.118548476217,1.9385366643982707,0.006551726613885655,1.614451625729141e6,1.607103272285666e6,-7348.3534434749745,-0.4551609553588333,2.0851527840618056
125.99999999999974,4.117049009366816,4.117016727836982,-3.2281529834143896e-5,-0.0007840938925113416,29579.135335347386,29581.07900377029,1.943668422904011,0.006571079245110002,1.7636013139973911e6,1.756274999025886e6,-7326.314971505199,-0.41541786759612476,0.5
126.99999999999974,4.093237018709363,4.09440600443019,0.0011689857208265764,0.028558955063764394,29578.143720510103,29580.08824549411,1.9445249840064207,0.006574195468047734,1.7444752474157554e6,1.7372565386177583e6,-7218.708797997097,-0.41380402551946804,1.101453584171292
127.99999999999974,4.061406533002227,4.064603799934051,0.0031972669318243163,0.07872314445362526,29582.6424887087,29584.590328245577,1.947839536875108,0.0065844000839971354,1.619652823349614e6,1.6124895272922474e6,-7163.296057366533,-0.44227355110288863,2.0907505081935747
128.99999999999974,4.1165391027600275,4.116490828910617,-4.8273849410307434e-5,-0.0011726804532948838,29573.571330182986,29575.52411722672,1.9527870437341335,0.00660314921702103,1.7692665836223527e6,1.7621262960540697e6,-7140.2875682830345,-0.4035733017499368,0.5
129.99999999999977,4.092635605711938,4.093793117941809,0.0011575122298710383,0.02828280700718974,29572.586427112197,29574.540108194975,1.9536810827776208,0.006606392334308921,1.749917953218612e6,1.7428816408656025e6,-7036.312353009358,-0.40209384331805487,1.104401841279125
130.99999999999977,4.060764791220254,4.063954266093496,0.003189474873242837,0.07854369896377093,29577.10176921759,29579.05902373445,1.9572545168630313,0.006617465538493183,1.6246926607881987e6,1.6177038843042157e6,-6988.776483983034,-0.43015990978826235,2.096338579180864
131.99999999999977,4.116035494236083,4.115971557187368,-6.39370487149904e-5,-0.0015533648532556402,29568.003948737045,29569.965994073493,1.9620453364477726,0.006635704391305651,1.774774329332208e6,1.767809192915604e6,-6965.136416604044,-0.39245194735405076,0.5
132.99999999999977,4.092040634590526,4.093186700169322,0.0011460655787960405,0.028007189594067235,29567.025507067006,29568.988491241787,1.9629841747810133,0.006639099270610862,1.7552084304252996e6,1.7483437246705107e6,-6864.705754788825,-0.3911048759676626,1.1073449307848278
133.9999999999998,4.060129492258915,4.0633114501160374,0.003181957857122164,0.07837084662420048,29571.55716198927,29573.52396203009,1.9668000408200896,0.006650985709160348,1.6295857318445912e6,1.6227612333789102e6,-6824.498465680983,-0.4187873232024479,2.1019167764159135
134.9999999999998,4.115537915677287,4.115458387710861,-7.952796642562987e-5,-0.001932383276623078,29562.4325247371,29564.403975709953,1.9714509728510166,0.006668771154746334,1.780138632384733e6,1.773338269019638e6,-6800.363365095109,-0.3820131332122777,0.5
135.9999999999998,4.091451854802277,4.092586771773367,0.0011349169710896945,0.027738734595094978,29561.460317824218,29563.432751737746,1.9724339135282207,0.00667231554977997,1.7603602763029095e6,1.7536570212847106e6,-6703.255018198863,-0.3807888139964718,1.1102827364996621
136.9999999999998,4.059500404077013,4.062674872067867,0.0031744679908545237,0.07819848934283542,29566.008046590912,29567.984524946605,1.9764783556929615,0.006684968605089918,1.6343451823622042e6,1.6276752758768394e6,-6669.906485364772,-0.4081087983949883,2.1074848796809516
137.9999999999998,4.115046117321088,4.114951334029561,-9.478329152745602e-5,-0.002303334855191376,29556.85646028694,29558.83747209819,1.9810118112472992,0.00670237653286647,1.7853721791221777e6,1.7787266358453268e6,-6645.543276850833,-0.37222173362857475,0.5
138.99999999999983,4.090869038385191,4.091992861517166,0.0011238231319756764,0.027471501077905167,29555.890282699467,29557.872326661054,1.9820439615868963,0.006706087830983339,1.7653857455096291e6,1.758834084722894e6,-6551.660786735127,-0.3711178026332031,1.1132151424443908
139.99999999999983,4.0588773103625115,4.062044570097093,0.003167259734581762,0.07803290152416269,29560.453866062988,29562.44016767093,1.9863016079434601,0.006719455719263643,1.6389828653364538e6,1.6324581888472305e6,-6524.67648922326,-0.39809302630408294,2.113042669157178
140.99999999999983,4.1145598717267475,4.114449930635971,-0.00010994109077611114,-0.002672001239587563,29551.275218729617,29553.2659490791,1.9907303494837834,0.006736529421315996,1.790486409488898e6,1.7839862389009888e6,-6500.170587909175,-0.3630393703890038,0.5
141.99999999999983,4.0902919726360105,4.091405004820588,0.0011130321845778113,0.027211558295201888,29550.314884063482,29552.306693682243,1.991809618761181,0.006740400657575957,1.7702958916645572e6,1.7638865964383252e6,-6409.295226231916,-0.3620465514499638,1.1161420328529519
142.99999999999986,4.058260014034843,4.061420117199576,0.00316010316473303,0.07786842523160957,29554.89412045404,29556.89038806337,1.996267609330971,0.006754440063953453,1.6435094752272333e6,1.6371212206868113e6,-6388.254540422,-0.3886959361483909,2.11858992543239
143.99999999999986,4.114078966239318,4.1139542060002405,-0.00012476023907748157,-0.0030325193099422923,29545.68831845907,29547.68892837456,2.0006099154888943,0.006771241522367871,1.7954916455387915e6,1.7891278279544234e6,-6363.817584368167,-0.35443314928143327,0.5
144.99999999999986,4.089720463705021,4.090822782169261,0.0011023184642402484,0.026953393857183566,29544.733657390603,29546.735397194378,2.0017398037743988,0.006775284647975373,1.7751006908571273e6,1.7688248404717334e6,-6275.850385393947,-0.35354897993778495,1.119063292176116
145.99999999999986,4.057648330713429,4.060801562088105,0.0031532313746760465,0.07771080975175676,29549.328361054122,29551.334745033502,2.006383979380189,0.006789947828474484,1.6479346674864462e6,1.6416743565665663e6,-6260.310919879936,-0.3798882955371424,2.124126429510214
146.9999999999999,4.113603206911767,4.11346374531213,-0.0001394615996375137,-0.003390254057639474,29540.095327370353,29542.105976803352,2.010649432999344,0.006806509629426883,1.8003972063131118e6,1.7941612159917208e6,-6235.990321391029,-0.34636747377325755,0.5
147.9999999999999,4.089154330090602,4.090246239568709,0.0010919094781076666,0.0267025744191825,29539.146185949274,29541.15801288123,2.01182693195733,0.006810714565996105,1.7798091514358493e6,1.7736584301766828e6,-6150.721259166487,-0.3455831909957555,1.1219788050878707
148.9999999999999,4.057042092172257,4.060188523088518,0.0031464309162609894,0.07755480088145449,29543.756185348764,29545.772830874692,2.0166455259277427,0.006825961848845173,1.6522671628607612e6,1.646126853390455e6,-6140.309470306151,-0.37162933503288437,2.1296519628193358
149.9999999999999,4.113132411780641,4.112978587904179,-0.0001538238764622335,-0.0037398231095516973,29534.495858018385,29536.516707103267,2.0208490848817746,0.0068423347891111205,1.8052115078940035e6,1.7990952338871344e6,-6116.274006869178,-0.3388120439141532,0.5
150.9999999999999,4.088593406163582,4.089675001870263,0.0010815957066805382,0.02645398060491966,29533.552096131367,29535.574172667228,2.0220765358608332,0.006846709563682004,1.784429410497075e6,1.7783958040622987e6,-6033.606434776215,-0.3381252516509173,1.124888456489065
151.99999999999991,4.056441140502574,4.059581056280776,0.0031399157782017184,0.07740567826438861,29538.177232473776,29540.204289114554,2.027056640778028,0.006862497387108626,1.6565148411870594e6,1.650486912255025e6,-6027.9289320344105,-0.36389223821953764,2.135166307220969
152.99999999999991,4.112666414682784,4.112498362522731,-0.00016805216005266743,-0.004086209361709915,29528.889563230387,29530.920768616958,2.031205386570946,0.006878705622239921,1.8099421538270072e6,1.803937955860131e6,-6004.197966876207,-0.33173424654377565,0.5
153.99999999999991,4.088037536341283,4.0891091225506315,0.0010715862093482187,0.026212729208628258,29527.951053247485,29529.98353245675,2.032479209265148,0.006883238209112432,1.7889688204550399e6,1.7830448868415812e6,-5923.933613458648,-0.3311367725208226,1.1277921315110313
154.99999999999991,4.055845331469996,4.058978819093887,0.0031334876238906517,0.07725855815007013,29532.591179217972,29534.628789389488,2.037610171515553,0.006899530620765221,1.6606848236725442e6,1.6547621629676626e6,-5922.660704881651,-0.3566396597630068,2.140669245018043
155.99999999999994,4.1122050592122665,4.1120231163013115,-0.00018194291095507964,-0.004424461045479396,29523.276132265222,29525.31784865481,2.0417163895872363,0.006915615937879934,1.8145960141863907e6,1.8086966444449981e6,-5899.369741392555,-0.3251065082956027,0.5
156.99999999999994,4.087486578499344,4.088548264773001,0.0010616862736574362,0.025974061401009357,29522.342757812014,29524.385795911086,2.0430380990728736,0.006920311561426669,1.7934340255010414e6,1.7876126082355161e6,-5821.4172655253205,-0.3245961202224297,1.1306897155219569
157.99999999999994,4.055254529261181,4.058381872587511,0.0031273433263301342,0.07711829932657516,29526.997736394063,29529.046044636627,2.0483082425635075,0.006937069121791634,1.6647835475181318e6,1.6589593468156583e6,-5824.200702473521,-0.34984732466609675,2.146160558964387
158.99999999999994,4.111748202397501,4.111552515643039,-0.00019568675446191008,-0.004759210555447145,29517.655287301328,29519.707664352318,2.0523770509898895,0.006953049051537756,1.8191792976955923e6,1.813377949061309e6,-5801.348634283291,-0.31889922239286855,0.5
159.99999999999994,4.08694039872072,4.087992487138277,0.0010520884175573286,0.025742690494988618,29516.72694217393,29518.78068491903,2.053742745101772,0.006957894583384023,1.7978310307252875e6,1.7921055075947389e6,-5725.523130548652,-0.31846836731029393,1.1335810941304965
160.99999999999997,4.054668609715543,4.057789908129247,0.003121298413703677,0.0769803580550237,29521.39664563704,29523.45578813825,2.0591425012098625,0.006975084972865545,1.6688168315932357e6,1.6630847582517418e6,-5732.0733414939605,-0.3434812756545303,2.1516400322721325
161.99999999999997,4.11129570923873,4.111086613153107,-0.00020909608562291737,-0.005085892633629964,29512.026780357875,29514.08996439006,2.0631840321839263,0.00699099403622494,1.8236976149026304e6,1.8179878450787037e6,-5709.769823926734,-0.3130875303706303,0.5
162.99999999999997,4.0863988745719775,4.08744148608454,0.0010426115125623525,0.025514188520609334,29511.10336753248,29513.167962178715,2.0645946462354914,0.0069959927303393085,1.8021652633525112e6,1.7965292763615334e6,-5635.986990977777,-0.3127341928949029,1.1364661531893552
163.99999999999997,4.054087455570602,4.057202989962768,0.003115534392166275,0.07684921517628612,29515.787676478518,29517.85778999256,2.070113514040713,0.007013580449660204,1.6727899364153794e6,1.6671439396760897e6,-5645.996739289723,-0.337519769600511,2.1571074486208603
165.0,4.118517202100315,4.117939353487187,-0.0005778486131280403,-0.01403050138611429,29506.390390457782,29508.46452180748,2.074131349698291,0.0070294309885124235,1.8281560362680631e6,1.822531810289936e6,-5624.225978127215,-0.3076447451175077,0.3165137588526031
166.0,4.085954463395409,4.087004602129079,0.001050138733670103,0.025701185440951842,29506.734241894916,29508.809764389152,2.075522494236793,0.007034063740235536,1.781619523547817e6,1.776068412640436e6,-5551.110907380935,-0.31157667695102287,1.13934477880165
167.0,4.053683321047103,4.056816061829507,0.0031327407824042197,0.07728133981603191,29512.110819065118,29514.18892196845,2.0781029033314553,0.007041525819932135,1.6400087005334941e6,1.6345042912069594e6,-5504.409326534718,-0.3356329344316366,2.162562592166727
168.0,4.118201533913835,4.117623132243331,-0.0005784016705039363,-0.014045006436444064,29501.93720544451,29504.011244806377,2.074039361868927,0.007030180246896357,1.8124415573089719e6,1.8071133599959852e6,-5328.197312986711,-0.29397898605336376,0.31731291409654283
169.0,4.085566251486549,4.086613482441641,0.0010472309550921821,0.025632455591954803,29502.037334003606,29504.108615851565,2.071281847958744,0.007020809527521734,1.771210585708725e6,1.7660241869130407e6,-5186.398795684334,-0.29281661014966603,1.1422168573244824
170.0,4.053240102307588,4.05637098229493,0.0031308799873421833,0.07724388164322446,29507.29819387613,29509.372973029615,2.0747791534849966,0.007031410127259944,1.632107340979381e6,1.6269348056226298e6,-5172.5353567511775,-0.31692372351240616,2.1680052475496137
171.0,4.117849249247079,4.117262547129356,-0.0005867021177223819,-0.014247780387532556,29497.018210576152,29499.088453052653,2.0702424765004253,0.007018480518000766,1.806770073585437e6,1.8017720697522163e6,-4998.003833220573,-0.2766264455167948,0.3181102279804629
172.0,4.085149266348137,4.086188518863906,0.0010392525157696397,0.025439768488524906,29497.059481907516,29499.127386774384,2.067904866868048,0.007010545807579327,1.7667492032475143e6,1.7618745952950772e6,-4874.607952437131,-0.27590831474421884,1.1450822753728
173.0,4.052773518179462,4.0558989633896365,0.003125445210174327,0.07711867431413491,29502.287188724116,29504.359796861645,2.072608137528732,0.007025245616620838,1.6283234491271474e6,1.6234304554147501e6,-4892.993712397292,-0.3004927377923686,2.173435199903
174.0,4.11747604904701,4.116878493818955,-0.0005975552280546026,-0.01451265826289158,29491.947570655793,29494.016192854793,2.0686221989999467,0.007014193260868964,1.8041799828485418e6,1.7994442367362867e6,-4735.746112255147,-0.2624874545375502,0.31890566902777645
175.0,4.084715599457622,4.085744986970812,0.0010293875131894836,0.025200959237557885,29491.95964674797,29494.02674805285,2.067101304877724,0.007009033409909943,1.7647111923103563e6,1.7600771784915116e6,-4634.013818844687,-0.262593326264217,1.1479409198248047
176.0,4.052293311390585,4.055412170134742,0.0031188587441572935,0.07696527631379738,29497.174579883856,29499.247453262164,2.072873378307122,0.007027362477356582,1.626510599475456e6,1.621832643663083e6,-4677.955812372966,-0.2876068446084268,2.1788522348616652
177.0,4.117090281607894,4.116480930576689,-0.0006093510312048522,-0.014800526331107695,29486.79025582295,29488.859998042914,2.069742219962791,0.007019218443262285,1.8032298794819615e6,1.7986890066121307e6,-4540.872869830811,-0.25181885690222316,0.31969920583583283
178.0,4.084271963606521,4.085291043978179,0.0010190803716580987,0.02495133479696645,29486.784304469373,29488.8533513719,2.0690469025284983,0.007016861795319229,1.7640654489045024e6,1.759607464399196e6,-4457.984505306464,-0.25271083383413606,1.1507926778261086
179.0,4.051805028041113,4.054916890365959,0.0031118623248458377,0.07680187726975352,29491.995123268232,29494.070759736343,2.0756364681110426,0.007037965588409556,1.625897919035847e6,1.6213779569709403e6,-4519.962064906722,-0.2779978996213395,2.184256138570345
180.0,4.1166967267810115,4.116075543323585,-0.0006211834574267883,-0.015089366515286473,29481.57311752787,29483.64651114044,2.073393612568907,0.007032845921428116,1.8033244816276953e6,1.7989227618289264e6,-4401.7197987688705,-0.24408917217137996,0.32049080707715766
181.0,4.083822286224926,4.08483093487704,0.0010086486521139193,0.024698642140138557,29481.554773257136,29483.62819358844,2.073420331304078,0.007032940926117261,1.7643397360382949e6,1.7600059564230738e6,-4333.779615221079,-0.24563180926550388,1.1536374367941882
182.0,4.051311957975976,4.054417007552328,0.003105049576351604,0.0766430630018153,29486.766101235633,29488.846701825805,2.080600590172253,0.007056048747526322,1.6261029735345242e6,1.6216952223746588e6,-4407.751159865409,-0.2710622409283619,2.189646697692173
183.0,4.1162982637619265,4.115665301251781,-0.0006329625101457736,-0.015376983629152829,29476.31039752997,29478.38957945795,2.079181927980244,0.007053738747962409,1.8041490104199732e6,1.799843138905567e6,-4305.871514406288,-0.23866496001923695,0.32128044150068935
184.0,4.083368964561097,4.084367498034486,0.0009985334733890738,0.024453667597887564,29476.28297558942,29478.36278146994,2.079805880519416,0.00705586210527899,1.7652709228911034e6,1.761021609022419e6,-4249.313868684461,-0.24071737734880227,1.1564750844228306
185.0,4.05081614256703,4.053914519626379,0.003098377059348678,0.0764877237154786,29481.497616964014,29483.5850186807,2.087401716686145,0.0070803788321968705,1.626903155560543e6,1.6225722531485646e6,-4330.902411978459,-0.26620529914002555,2.1950236994171064
186.0,4.115896706437761,4.115252365334202,-0.000644341103559043,-0.015654938632235726,29471.01074225021,29473.09746959018,2.086727339967183,0.007080610021208435,1.8055132916381827e6,1.8012702001788376e6,-4243.0914593450725,-0.235007489504285,0.32206807793301295
187.0,4.082913533571402,4.083902161972804,0.0009886284014024582,0.024213797164048347,29470.976388139923,29473.06423087706,2.087842737135361,0.007084403005987873,1.7666948907376179e6,1.762499708184064e6,-4195.182553553954,-0.237459369784129,1.1593055086865665
188.0,4.050318903437417,4.05341102500026,0.0030921215628429977,0.07634266922090459,29476.19618736248,29478.291909890322,2.0957225278434635,0.0071098811886113585,1.6281557210291778e6,1.6238744700228283e6,-4281.251006349456,-0.26295095432537763,2.200386931470323
189.0,4.115493256492381,4.11483779656281,-0.0006554599295709451,-0.01592664326534679,29465.679870590742,29467.775576400843,2.095705810101208,0.007112361972658574,1.807292341177869e6,1.8030869596152361e6,-4205.381562632741,-0.23268961345190908,0.3228536852795908
190.0,4.082457018921709,4.0834361915675075,0.0009791726457981653,0.023984885603444566,29465.640066015065,29467.73728503872,2.0972190236534516,0.007117507099641565,1.7685014296537274e6,1.7643375149388711e6,-4163.914714856306,-0.23544876159198813,1.1621285978450924
191.0,4.049821138544139,4.052907260530122,0.0030861219859827926,0.07620390828154487,29470.866306060172,29472.971593377402,2.1052873172302498,0.0071436220956875435,1.629762950622975e6,1.6255106615545973e6,-4252.289068377577,-0.2609145745246046,2.205736182120605
192.0,4.115088743818207,4.114422636481207,-0.0006661073370004544,-0.01618694950384966,29460.32179757481,29462.427652429116,2.105854854307836,0.007148105403523431,1.8093990789565658e6,1.8052123910645428e6,-4186.687892023008,-0.23138554345000353,0.3236372325259899
193.0,4.082000139827324,4.082970137814738,0.0009699979874140396,0.02376281122457464,29460.277615355782,29462.385310139984,2.1076947842011577,0.007154361583824822,1.770612545690456e6,1.7664624727276298e6,-4150.072962826118,-0.2343862847310722,1.1649442404476822
194.0,4.049323481677073,4.052404045806552,0.00308056412947888,0.07607601969608588,29465.51122561811,29467.62710566479,2.115880046680104,0.007180869968549879,1.6316547013796761e6,1.6274155091641014e6,-4239.192215574672,-0.25980939545543213,2.2110712401886965
195.0,4.1146837695288125,4.114007316222008,-0.0006764533068048806,-0.016439982868533876,29454.939469283345,29457.056430561865,2.1169612785197387,0.007187118074805011,1.8117701629182494e6,1.8075878065140445e6,-4182.356404204853,-0.23084365168417717,0.32441868873910673
196.0,4.081543418526791,4.082504694426507,0.00096127589971573,0.02355177444278412,29454.891714702135,29457.010780160952,2.1190654588172038,0.007194273465142268,1.7729708289680318e6,1.7688215422225385e6,-4149.2867454933,-0.2340301756633197,1.1677523253375868
197.0,4.048826400529528,4.05190167915673,0.003075278627202138,0.07595481561767964,29460.133389345112,29462.260705483015,2.127316137903108,0.007220999680444412,1.6337787738206692e6,1.62954068823417e6,-4238.08558649919,-0.2594038834638686,2.2163918950556396
198.0,4.114278782491935,4.113592444259652,-0.0006863382322830347,-0.01668186014043836,29449.535122768713,29451.66397708152,2.128854312806652,0.007228821453146616,1.8143579602730228e6,1.810169097143919e6,-4188.863129103789,-0.23087302620666172,0.325198023068388
199.0,4.081087250650418,4.082040090615419,0.0009528399650013952,0.02334769894590069,29449.484417683598,29451.615594227635,2.1311765440368617,0.007236719372774992,1.7755327027585488e6,1.7713742838470687e6,-4158.418911480112,-0.23420683297015044,1.1705527416564234
200.0,4.048330249428114,4.051400661147425,0.003070411719311217,0.07584390427991783,29454.734687467033,29456.874140855256,2.139453388223046,0.007263529652953832,1.6360951999946365e6,1.631849073779454e6,-4246.126215182478,-0.2595280650659202,2.2216979366710907
201.0,4.113874131711582,4.113178207379686,-0.000695924331895803,-0.01691651979654183,29444.110503942167,29446.251898171544,2.1413942293766013,0.007272742129839167,1.8171256899265465e6,1.8129222324918448e6,-4203.457434701733,-0.23132452851248003,0.32597520474704894
202.0,4.080631942455389,4.081576771565714,0.0009448291103248962,0.023153989961573838,29444.057339746,29446.20123237542,2.143892629421316,0.007281240505286322,1.7782642620989126e6,1.7740894121294308e6,-4174.8499694818165,-0.23477106628427527,1.1733453788485504
203.0,4.04783530707189,4.050901112958672,0.0030658058867825133,0.07573939289047425,29449.3166179884,29451.468785647903,2.1521676595039025,0.007308039393312453,1.638572660135908e6,1.6343116997422753e6,-4260.960393632762,-0.2600409794021185,2.226989155561612
204.0,4.113470092944125,4.112765013760247,-0.0007050791838780768,-0.017140739277222556,29438.66700662606,29440.8214750108,2.1544683847423585,0.007318498436961939,1.8200443260513467e6,1.8158202809706947e6,-4224.045080651995,-0.23208473662925652,0.3267502030932875
205.0,4.080177739530168,4.081114829851138,0.0009370903209706682,0.022966899502730342,29438.611779064195,29440.768891729975,2.157112665780005,0.007327494523074201,1.781138582597351e6,1.7769418446597548e6,-4196.737937596161,-0.23562107848319444,1.1761301266654338
206.0,4.047341795487797,4.05040338054826,0.0030615850604629458,0.07564434177207796,29443.880392224546,29446.04575649388,2.165364269334532,0.007354208210635018,1.6411861349496627e6,1.6369052475584615e6,-4280.88739120122,-0.2608410648882627,2.2322653428389416
207.0,4.113066891563264,4.112352940701342,-0.0007139508619218304,-0.017358114534589474,29433.205764979455,29435.37374830392,2.167983324463421,0.007365773683554903,1.8230905428598772e6,1.8188415788059186e6,-4248.964053958654,-0.2330637976594029,0.32752298751149594
208.0,4.079724840454279,4.080654583598953,0.0009297431446739779,0.0227893591120339,29433.148797932437,29435.319542763795,2.170744831357297,0.007375170241757427,1.784133911728459e6,1.7799114408189596e6,-4222.47090949933,-0.23666782418863527,1.1789068751699974
209.0,4.046849897321146,4.049907503613044,0.003057606291897663,0.07555521873745989,29438.42700673632,29440.605964801412,2.1789580650911375,0.007401747602181774,1.6439153082096984e6,1.639610862656782e6,-4304.445552916499,-0.2618410773000371,2.237526290208241
210.0,4.1126647123536095,4.111942288463624,-0.0007224238899858904,-0.01756583481789497,29427.727717194946,29429.909580465857,2.1818632709109806,0.007414311060232128,1.8262453010529738e6,1.8219683503752607e6,-4276.950677713146,-0.2341936581710654,0.32829352749346885
211.0,4.079273410811266,4.08019605976062,0.0009226489493547874,0.02261797277205049,29427.669279386373,29429.854001318,2.1847219316259725,0.007424039977084888,1.7872324131888964e6,1.7829814531354813e6,-4250.960053415038,-0.23785155316370957,1.1816755147409652
212.0,4.046359762970286,4.049413741930353,0.003053978960067205,0.07547472639519799,29432.95729377435,29435.150178878233,2.1928851038828725,0.007450440952960954,1.6467434488671569e6,1.6424128381491976e6,-4330.610717959236,-0.2629802912492769,2.2427717899763158
213.0,4.112263711503645,4.111533079181918,-0.0007306323217273203,-0.017767156315472904,29422.233650569968,29424.42969503777,2.196044467800675,0.007463894461181173,1.8294928496792158e6,1.8251858632143794e6,-4306.986464836402,-0.23541969380156863,0.3290617926196069
214.0,4.078823588303971,4.079739502541992,0.000915914238021287,0.02245535307404987,29422.173967645434,29424.372947910288,2.1989802648531622,0.007473887780254805,1.7904192720410961e6,1.7861380784908002e6,-4281.193550295895,-0.23911681566157914,1.1844359360771872
215.0,4.045871520029483,4.048922093741863,0.003050573712380711,0.07539966845903404,29427.471957672504,29429.6790434838,2.2070858112965652,0.007500086363079928,1.6496566065883106e6,1.6452981464520209e6,-4358.460136289708,-0.26420408458846056,2.248001635059816
216.0,4.11186402008915,4.111125547665889,-0.0007384724232606388,-0.017959553614922994,29416.7242342823,29418.934709342248,2.210475059946475,0.0075143481046417255,1.832820002313333e6,1.8284816971042408e6,-4338.30520909233,-0.236701105597748,0.32982775256011854
217.0,4.078375490869272,4.079284904319609,0.0009094134503371265,0.022298423781065155,29416.663497696027,29418.87697229478,2.213474598753237,0.00752456035310259,1.7936820419867113e6,1.7893695083630776e6,-4312.533623633673,-0.24042910185224586,1.1871880302019562
218.0,4.045385275822963,4.048432765350573,0.0030474895276100256,0.07533249171156058,29421.971601579287,29424.19311808856,2.2215165092711686,0.00755053583544321,1.652643022431483e6,1.6482556415496462e6,-4387.380881836871,-0.2654766227362187,2.2532156189934134
219.0,4.1114657514819015,4.110719685742332,-0.0007460657395697012,-0.018145979674056525,29411.200043615947,29413.425154413373,2.2251107974261686,0.007565521958051337,1.8362156034319282e6,1.8318453240962676e6,-4370.279335660627,-0.23800469441020308,0.3305913770762167
220.0,4.077929218351605,4.078832461900805,0.0009032435491995727,0.02214956417425717,29411.138417325765,29413.3665771384,2.2281598126355675,0.007575904682842824,1.7970101605306985e6,1.7926658248015072e6,-4344.335729191313,-0.24175354289083878,1.1899316884673081
221.0,4.044901123407575,4.047945732384356,0.003044608976781049,0.07527029422702322,29416.45674755132,29418.692882295425,2.236134744103765,0.007601645443888836,1.6556926872638187e6,1.6512759035316198e6,-4416.783732198877,-0.26676349821282413,2.258413535937951
222.0,4.111069002210848,4.110315684890128,-0.0007533173207203703,-0.018324122516923256,29405.661578281688,29407.901493967838,2.239915686150198,0.007617293969691011,1.8396701262633717e6,1.835267678813033e6,-4402.44745033863,-0.23930635104026066,0.33135263602131326
223.0,4.077484857909434,4.078382148272197,0.0008972903627624262,0.022005976577003785,29405.59920383905,29407.842209061626,2.243005222575448,0.0076278167536290575,1.8003945824567638e6,1.7960183445848522e6,-4376.23787191161,-0.2430710420123531,1.1926668025583125
224.0,4.04441914213153,4.047461165203422,0.0030420230718917196,0.07521532672522369,29410.92785180782,29413.1787622477,2.250910439877771,0.007653313255601396,1.6587970075742018e6,1.654350697085869e6,-4446.310488332761,-0.26804427956106425,2.263595180688566
225.0,4.1106738571580665,4.109913519290716,-0.0007603378673506356,-0.01849667217034578,29400.10927638721,29402.36413494087,2.254858553660597,0.007669558410354595,1.843175367043383e6,1.8387409427869315e6,-4434.424256451428,-0.24058612846832034,0.3321114993422083
226.0,4.0770424841673645,4.077934127572498,0.0008916434051338129,0.02186985807963463,29400.04627689492,29402.304255143616,2.257978248697327,0.007680186035869748,1.803827499201117e6,1.7994196741935252e6,-4407.825007591862,-0.2443595637356681,1.1953932644973486
227.0,4.043939401920993,4.0469790265920205,0.0030396246710271413,0.07516494113594353,29405.38531656078,29407.651129379996,2.2658128192160802,0.007705434888282181,1.6619485472550937e6,1.657472964979079e6,-4475.582276014611,-0.2692972826027959,2.2687603486827976
228.00000000000003,4.110280389233976,4.109513349815303,-0.0007670394186733986,-0.018661486468964473,29394.54352532617,29396.81343945105,2.269914124877687,0.007722229545500313,1.846724207670628e6,1.842258269419948e6,-4465.938250679988,-0.2418302761251565,0.33286793708042883
228.99999999999997,4.076602163211526,4.0774883615336925,0.0008861983221661873,0.021738651128714627,29394.480008521292,29396.753066541653,2.2730580203606223,0.007732941762200507,1.8073021208411548e6,1.8028632146839316e6,-4438.906157223275,-0.24560952516103499,1.1981109666486942
229.99999999999997,4.043461962921975,4.046499461251698,0.0030374983297232205,0.07512122922329155,29399.82949921956,29402.11032030722,2.2808210876610246,0.007757939846969421,1.6651408274052953e6,1.6606364265625277e6,-4504.4008427676745,-0.2705117049941448,2.27390883600845
231.0,4.109888663364733,4.109115140033906,-0.0007735233308263645,-0.01882102884492952,29388.964670277288,29391.24973043735,2.2850601600621303,0.007775231913402993,1.8503104310522561e6,1.8458136744339764e6,-4496.756618279731,-0.24302714521921936,0.333621919372654
232.0,4.076163952020873,4.0770449905165975,0.0008810384957245176,0.021614402808496407,29388.900730992227,29391.188951581506,2.288220589278353,0.0077860026484940885,1.8108125051799247e6,1.8063432930604257e6,-4469.212119498989,-0.24680700551352341,1.2008198017211411
233.0,4.042986878825712,4.046022424595667,0.003035545769955128,0.07508176160187797,29394.260719715774,29396.55663229032,2.295912574547401,0.007810751209019015,1.6683681676657698e6,1.663835645619935e6,-4532.522045834921,-0.27167397063062027,2.27904043941268
234.0,4.1094987355997095,4.10871902811438,-0.0007797074853295172,-0.018973299068693654,29383.37302100028,29385.67329975685,2.3002787565710605,0.00782850476331309,1.8539285741344332e6,1.8494018465240402e6,-4526.727610392962,-0.24416947198229638,0.334373416453408
235.00000000000003,4.075727901640908,4.076603969684386,0.000876068043477396,0.021494762766785455,29383.308743116875,29385.61219492976,2.3034518128843047,0.007839320728043926,1.8143534219167598e6,1.8098547629902188e6,-4498.658926540986,-0.24794832540335016,1.2035196627751714
236.00000000000003,4.042514196063412,4.04554804213947,0.0030338460760575003,0.07504849529067455,29388.679266315325,29390.990339231663,2.311072916338162,0.007863820266966077,1.671625560808301e6,1.6670657117944313e6,-4559.849013869651,-0.27277933053768166,2.28415495630816
236.99999999999997,4.102316835727079,4.101835871681591,-0.0004809640454874753,-0.01172420524174923,29377.768857239676,29380.084411122945,2.3155538832688762,0.00788199367528976,1.8575738114256945e6,1.8530180959128656e6,-4555.715512828901,-0.24525084735838162,0.5
237.99999999999997,4.075218771989193,4.076075460760362,0.0008566887711687343,0.02102190873916121,29376.571688907512,29378.89052942547,2.318840517957142,0.007893502831144615,1.8401912888975646e6,1.8356621013919427e6,-4529.187505621929,-0.24612590728735095,1.2062104432258807
239.0,4.041903741538572,4.044916354598471,0.003012613059898861,0.07453450780973062,29381.344267316177,29383.673525654474,2.3292583382972225,0.007927677907127928,1.7078455408831856e6,1.7032009225822212e6,-4644.618300964357,-0.27195774967813924,2.2892521847821024
240.0,4.108587650792389,4.107788185803641,-0.0007994649887477223,-0.019458389517223423,29371.082982482552,29373.424374398513,2.3413919159611396,0.007971758880520641,1.8793073801997344e6,1.8745203247818819e6,-4787.055417852476,-0.2547244515872493,0.33586883640805987
241.0,4.07474414676307,4.075606574968232,0.0008624282051616916,0.021165211215697914,29371.23646969116,29373.584951931476,2.3484822403152066,0.007995857589239248,1.8347446180955218e6,1.8299211442370934e6,-4823.4738584284205,-0.2628961987873398,1.208892036843892
242.0,4.04146998930668,4.044498843531028,0.0030288542243477323,0.07494437005252479,29376.7423245407,29379.097473603222,2.3551490625213773,0.008017053206590359,1.6889234246088637e6,1.684071783902096e6,-4851.640706767561,-0.2872623255782688,2.294331923605279
243.00000000000003,4.108235412067625,4.107437401444208,-0.0007980106234173334,-0.019424656656072792,29365.860821300757,29368.22109772765,2.3602764268944156,0.008037484210857428,1.8740069222676605e6,1.869157182494317e6,-4849.73977334355,-0.2587898537469155,0.33661270024549145
244.00000000000003,4.074340709567448,4.075203303944626,0.0008625943771782829,0.021171385474776858,29365.848991623425,29368.212099810884,2.3631081874591473,0.008047130488661238,1.8330233570142384e6,1.8282189927143897e6,-4804.364299848676,-0.2621005499719531,1.211564337765466
244.99999999999997,4.041026498843059,4.044057104318949,0.003030605475889736,0.07499593177024191,29371.29169829709,29373.661176116406,2.3694778193166712,0.00806732588970219,1.688552868639499e6,1.6837209244666826e6,-4831.944172816351,-0.2861588915903797,2.299393972237882
245.99999999999997,4.101184814317241,4.100682652227908,-0.0005021620893330692,-0.012244317485523225,29360.346295561347,29362.720047439707,2.3737518783600535,0.008084890601984874,1.8749393007967514e6,1.8701223488190966e6,-4816.951977654826,-0.25691242247724355,0.5
247.0,4.073856788564835,4.074702385762122,0.0008455971972871623,0.020756674600362054,29359.190747443714,29361.567092100147,2.3763446564335027,0.008094040046524136,1.8564291670711436e6,1.851658676871613e6,-4770.49019953073,-0.2569713019030535,1.2142272404933998
248.0,4.040441451271826,4.0434528717738205,0.003011420501994877,0.07453196731874336,29364.025588962544,29366.41122191382,2.3856329512746015,0.008124338892319049,1.7226008210850435e6,1.717742345624926e6,-4858.47546011745,-0.2820430247477277,2.3044381308395265
249.0,4.107372070999282,4.1065590202517495,-0.0008130507475323512,-0.019794913474555136,29353.70729953413,29356.1044813764,2.3971818422687647,0.008166538617446834,1.8949905769774755e6,1.8900050179962488e6,-4985.558981226757,-0.26309149194708725,0.33809258880860715
250.0,4.073401124159094,4.074253628003794,0.0008525038447002586,0.020928551319046636,29353.874226183023,29356.27773457691,2.403508393887023,0.008188044873964696,1.8498876426796957e6,1.8448840354302798e6,-5003.607249415945,-0.27048168407503165,1.2168806398998626
251.00000000000003,4.0400238421400765,4.043052203689566,0.003028361549489489,0.07495900192225868,29359.424827459916,29361.8341263646,2.409298904683965,0.008206219702337437,1.7029345533435242e6,1.6979226577240122e6,-5011.89561951207,-0.29430935027254956,2.30946420027505
252.00000000000003,4.107033905986099,4.10622316114421,-0.0008107448418890328,-0.01974039806945234,29348.488716616615,29350.902569985923,2.413853369307617,0.008224796147479084,1.8888947285213529e6,1.8838978841041573e6,-4996.844417195534,-0.26453800424903073,0.33882855511128485
252.99999999999997,4.073011712858277,4.073865024414709,0.0008533115564324234,0.020950383072520153,29348.487664962122,29350.903709937968,2.4160449758455798,0.008232263970214692,1.8474313155084993e6,1.8424939973631725e6,-4937.318145326804,-0.26725313703843023,1.2195244312338525
254.0,4.039594326880759,4.042624943706859,0.0030306168261002853,0.07502280132273646,29353.97195742644,29356.393708774864,2.4217513484218216,0.008250165776318825,1.7018997798408892e6,1.6969490731854748e6,-4950.706655414309,-0.2908929605641733,2.3144719821234174
255.0,4.106683354185237,4.105870229470525,-0.0008131247147122878,-0.01980003434848731,29342.969412104107,29345.39490890963,2.4254968055247446,0.008266023698761095,1.8892205680863212e6,1.8842959726806383e6,-4924.595405682921,-0.260668102437148,0.33956183065296824
256.0,4.072613426188653,4.073464680717398,0.0008512545287455708,0.020901923155083633,29342.939348126452,29345.36678652966,2.4274384032069065,0.008272649084018566,1.8483190505258888e6,1.8434542231971445e6,-4864.827328744344,-0.26320279106359856,1.2221585101220156
257.0,4.03915821662163,4.042189371973267,0.0030311553516364498,0.07504423419619649,29348.413736216142,29350.84711385204,2.4333776358980685,0.008291342959007231,1.7029594753836824e6,1.698072649275037e6,-4886.826108645415,-0.28696079849723943,2.319461278686394
258.0,4.106326886306077,4.105510100324751,-0.0008167859813257294,-0.019890914774699894,29337.37417836442,29339.811161739417,2.4369833749988175,0.00830675356350069,1.8909891297568877e6,1.8861280710195908e6,-4861.058737296844,-0.2570643406036818,0.3402923864856566
259.0,4.072211075759731,4.073059433493844,0.0008483577341129589,0.020832852677084897,29337.33244696503,29339.771445318212,2.438998353183706,0.008313633687019225,1.8502650380094473e6,1.8454594501894454e6,-4805.587820001878,-0.2597242946973601,1.2247827725760922
260.0,4.038719336532803,4.0417504435646885,0.0030311070318855826,0.07505119270030176,29342.80807848451,29345.25329743925,2.4452189547373564,0.008333282036937367,1.704830120196832e6,1.6999945845654586e6,-4835.535631373525,-0.2836373885050339,2.3244318929953067
261.0,4.105967780234456,4.105146940180745,-0.0008208400537110805,-0.01999139052338617,29331.739289572255,29334.188221725148,2.4489321528926666,0.008349086048788413,1.8933963094058067e6,1.888582581315166e6,-4813.728090640623,-0.25423774551199413,0.34102019376810244
262.0,4.071807239098162,4.0726524805651785,0.0008452414670161446,0.020758386077317146,29331.69137371766,29334.142482317446,2.4511085997874034,0.008356519808413409,1.8527281324049484e6,1.8479650968653213e6,-4763.035539627075,-0.257082269995241,1.227397114995029
263.0,4.03827978764774,4.041310662484639,0.0030308748368987892,0.07505361184159667,29337.172277901496,29339.62983194155,2.4575540400546743,0.008376928821820534,1.7071284930018897e6,1.702329766142104e6,-4798.726859785616,-0.2810993360755947,2.3293836288186025
264.0,4.105607821411382,4.104782923735997,-0.0008248976753844062,-0.02009197447165891,29326.077477224815,29328.538929472874,2.4614522480587766,0.008393390660480888,1.8961601578782317e6,1.8913785865023339e6,-4781.571375897853,-0.25217128184194854,0.34174522376772065
265.0,4.071403356699142,4.072245436893784,0.0008420801946416034,0.020682799537806374,29326.0258060892,29328.489596424075,2.46379033487392,0.008401378185933204,1.855494246607415e6,1.8507593877819034e6,-4734.858825511532,-0.25518046386663534,1.23000143416873
266.0,4.037840758433591,4.040871477340125,0.003030718906534169,0.07505791059749178,29331.513876748293,29333.984269525812,2.4703927775190095,0.00842231597011889,1.7096879971296529e6,1.7049137236378759e6,-4774.273491777014,-0.27924823124408704,2.33431629067023
267.0,4.1052480310808495,4.104419123952679,-0.0008289071281701865,-0.020191401881068508,29320.394738370687,29322.869224793943,2.4744864232561667,0.00843947172381647,1.89914845392426e6,1.8943870019045824e6,-4761.45201967773,-0.2507151039108616,0.3424674478615681
268.0,4.071000263242531,4.071839337443837,0.0008390742013064667,0.020611008279280935,29320.340604096786,29322.81756498389,2.476960887102905,0.008447926715956402,1.858456481056612e6,1.8537387466007683e6,-4717.734455843689,-0.25385229645848123,1.2325956272831335
269.0,4.03740294989174,4.0404335699071865,0.00303062001544685,0.07506360036538126,29325.83687262804,29328.320536705916,2.48366407787762,0.008469201027970686,1.7124209483776644e6,1.7076615949676107e6,-4759.353410053765,-0.27793127703575127,2.3392296838171456
270.0,4.104889017281493,4.104056311923221,-0.0008327053582712907,-0.020285697244569082,29314.6944022965,29317.182348290662,2.4879459941621462,0.008487026881532975,1.9022884031575916e6,1.8975379945616794e6,-4750.4085959121585,-0.2497207357216181,0.3431868375374743
271.0,4.070598465212316,4.071434636642903,0.0008361714305866741,0.02054173207533651,29314.638576316418,29317.12910807911,2.4905317626908072,0.008495863785620512,1.8615536526128696e6,1.8568447546014101e6,-4708.898011459503,-0.2529552669540366,1.235179591923938
272.0,4.036966791571981,4.039997503376918,0.003030711804937525,0.07507398404328652,29320.143658382443,29322.640951227877,2.497292845433549,0.00851732813634966,1.7152754349673062e6,1.7105238070664913e6,-4751.62790081487,-0.2770183612467719,2.3441236142870014
273.0,4.104531160796205,4.103694799341403,-0.0008363614548025922,-0.020376540511885238,29308.978525536397,29311.480271515335,2.5017459789378336,0.008535766528874783,1.9055355918419498e6,1.9007895595992198e6,-4746.032242730027,-0.24906552588410932,0.34390336439516667
274.0,4.070198282334897,4.071031772504403,0.0008334901695059571,0.020477876302080786,29308.921506681527,29311.425924556235,2.5044178747084516,0.008544899457107359,1.864747428538595e6,1.8600413680606273e6,-4706.06047796784,-0.25236986017221563,1.237753226080643
275.0,4.036532560286745,4.039563475977659,0.003030915690914071,0.07508711116896732,29314.435792460594,29316.946998783922,2.5112063233282242,0.008566449448684541,1.718218152757136e6,1.7134689952498868e6,-4749.157507249154,-0.27640014742181757,2.3489978888758007
276.0,4.104174709739141,4.103334940838846,-0.0008397689002945796,-0.020461334121615764,29303.248478905338,29305.764295047673,2.5158161423350975,0.008585451350713452,1.9088608992249868e6,1.9041143849369835e6,-4746.514288003324,-0.24865689741617353,0.34461700014739166
277.0,4.069799927378649,4.070630876557031,0.0008309491783817791,0.020417445407862885,29303.19060923646,29305.709165416636,2.5185561801772565,0.008594818952525257,1.8680121838499557e6,1.863304556933777e6,-4707.626916178735,-0.2520126451464765,1.2403164281505792
278.0,4.036100441269883,4.039131767459783,0.0030313261898999855,0.07510532094058184,29308.71435577715,29311.23970501993,2.5253492427800666,0.00861637672715687,1.72122644344202e6,1.71647588461015e6,-4750.55883187009,-0.2759984806165403,2.3538523151555304
279.0,4.103819834943268,4.102976826047073,-0.000843008896194597,-0.020542054234850463,29297.505230479917,29300.035329575392,2.530099095474725,0.008635885805193113,1.9122441814619373e6,1.9074937051552588e6,-4750.476306678494,-0.2484241475399177,0.34532771662103184
280.0,4.069403547038184,4.070232183404268,0.0008286363660836571,0.020362599985611157,29297.446755380668,29299.97964551902,2.532890138350922,0.008645429615417732,1.871329928332271e6,1.8666176450003143e6,-4712.283331956714,-0.2518146725818841,1.242869096942918
281.0,4.035670565351842,4.038702428469197,0.003031863117354483,0.07512662563154869,29302.98013594543,29305.5198079613,2.5396720158714743,0.008666941055446116,1.7242841814014637e6,1.7195294829660477e6,-4754.6984354159795,-0.2757491187764337,2.3586867014817523
282.0,4.103466657746664,4.102620658493735,-0.0008459992529292748,-0.020616696161821338,29291.74949603037,29294.29404569727,2.5445496668980923,0.008686915976947469,1.915670912451165e6,1.91091400746603e6,-4756.9049851349555,-0.2483153528206124,0.34603548575821763
283.0,4.069009248074321,4.069835721731065,0.0008264736567431541,0.02031142242142327,29291.690597927896,29294.2379782977,2.5473803698041593,0.008696597286823595,1.8746875362968268e6,1.8699683782489472e6,-4719.15804787958,-0.2517303794104052,1.245411131682666
284.0,4.035243027515461,4.038275629304029,0.0030326017885675682,0.07515289086404223,29297.233730288124,29299.78786931506,2.554139026935445,0.008718021129397346,1.7273794735531816e6,1.7226186737724813e6,-4760.799780700356,-0.27560821774195887,2.3635008570011724
285.0,4.1031152691552855,4.1022664536964,-0.00084881545888571,-0.02068709756380929,29285.981825038427,29288.540956173147,2.5591311347197916,0.008738416727868858,1.9191302630117375e6,1.9143652432587554e6,-4765.0197529820725,-0.24829058479356225,0.3467402796174355
286.0,4.068617109914101,4.069441642514021,0.0008245325999203246,0.02026567203660343,29285.922643542024,29288.484633674223,2.5619901321988436,0.008748196747572165,1.8780751293074805e6,1.8733476392951268e6,-4727.490012353752,-0.2517199625606544,1.2479424320146444
287.0,4.034817900437632,4.037851369736965,0.0030334692993330137,0.07518230993780392,29291.475607195676,29294.044324603114,2.5687174074373615,0.008769504964121154,1.7305032897607607e6,1.725735092144384e6,-4768.197616376681,-0.27553820004791074,2.3682945916591738
288.0,4.102765738423875,4.101914349009377,-0.0008513894144979162,-0.020751597063521043,29280.202652870248,29282.776467517608,2.5738146473595407,0.008790289732189534,1.9226139364852733e6,1.9178396874995527e6,-4774.2489857205655,-0.24832073122534212,0.34744207037463065
289.0,4.068227194773093,4.069049937548051,0.0008227427749583072,0.020223619172876503,29280.14329739881,29282.71999227212,2.576694873310771,0.00880014434061762,1.8814850797159888e6,1.8767482770536367e6,-4736.8026623521,-0.25175871514575726,1.2504628980074504
290.0,4.034395240337343,4.037429769447497,0.003034529110154338,0.07521645573576972,29285.70614450923,29288.289528883994,2.5833843747641367,0.008821314951452844,1.7336486066932257e6,1.7288721498325532e6,-4776.45686067245,-0.27551470593473376,2.3730677162073195
291.0,4.102418121051207,4.101564332091793,-0.0008537889594144588,-0.02081184643352938,29274.41233389243,29277.000910277886,2.5885763854566903,0.008842453798670342,1.9261154302303342e6,1.9213312867915619e6,-4784.143438772298,-0.24838300777229055,0.3481408303243056
292.0,4.067839551593539,4.068660716823585,0.0008211652300458283,0.020186765471714444,29274.352891940765,29276.944362103215,2.5914701624496956,0.00885235677801482,1.884911369684658e6,1.880164726375908e6,-4746.643308750121,-0.2518231565203103,1.2529724301574026
293.0,4.033975092941118,4.037010808810177,0.0030357158690588193,0.07525370878890378,29279.925654597428,29282.523772371784,2.5981177743560693,0.008873375585050783,1.7368098491524747e6,1.7320246700797225e6,-4785.179072752129,-0.27551542703924625,2.3778200422108267
294.0,4.10207246132532,4.101216505994963,-0.0008559553303566503,-0.020866411757146375,29268.61116338607,29271.21456101664,2.603397630569816,0.00889484511593966,1.929629547635758e6,1.9248351686468297e6,-4794.378988928394,-0.2484611097919088,0.3488365318806141
295.0,4.067454220836847,4.06827395758883,0.0008197367519828802,0.02015355815889738,29268.551706114733,29271.1580066882,2.6063005734686158,0.008904781485734096,1.8883491630394398e6,1.8835924071487053e6,-4756.755890734494,-0.25190023030900377,1.2554709293924684
296.0,4.033557495195635,4.036594580128289,0.0030370849326546434,0.07529544171050274,29274.134401280706,29276.74730423634,2.6129029556359455,0.00892563694563633,1.739982513582029e6,1.7351883894144492e6,-4794.124167579692,-0.27552714640276643,2.3825513820560014
297.0,4.101728796442789,4.100870846883387,-0.0008579495594016606,-0.020916779289399015,29262.799392486657,29265.417655117843,2.618262631185644,0.008947409972874616,1.933152065919802e6,1.9283473706715107e6,-4804.695248291362,-0.2485420227924629,0.3495291475784499
298.0,4.067071235520494,4.067889746590756,0.0008185110702623177,0.020125319249727047,29262.739978630587,29265.36114805299,2.6211694224039093,0.008957361560530713,1.8917945106503852e6,1.8870276453538262e6,-4766.865296558943,-0.2519758498992647,1.2579582970761762
299.0,4.033142478494285,4.0361810558853275,0.0030385773910426295,0.07534019458139843,29268.332611642338,29270.9603362929,2.627724650563323,0.008978046974627,1.7431629058477583e6,1.7383598560499025e6,-4803.049797855783,-0.27553648495749167,2.387261548957648
300.0,4.101387156977773,4.100527437468072,-0.0008597195097008736,-0.020961676544927376,29256.977238712618,29259.610397772794,2.6331590601766948,0.009000106329140927,1.9366795025659532e6,1.931864591674181e6,-4814.910891772248,-0.24861681477977418,0.3502186500745311
301.0,4.066690623995497,4.0675080550171705,0.0008174310216730873,0.02010064441218709,29256.917917371185,29259.553984383256,2.6360670120702707,0.009010063942877304,1.8952441418443013e6,1.8904672997381056e6,-4776.842106195632,-0.2520436286138412,1.2604344350115089
302.0,4.032730068918085,4.035770311649613,0.003040242731527698,0.0753891949019872,29262.520484444176,29265.16305786735,2.6425734231743263,0.009030573509821569,1.7463479547975701e6,1.7415361249017562e6,-4811.829895813949,-0.27553672122413414,2.391950356966442
303.0,4.101047569459675,4.100186248905096,-0.0008613205545788816,-0.021002452178148303,29251.14489351877,29253.792969831793,2.648076313023921,0.009052898006773951,1.9402089480883928e6,1.9353840719894103e6,-4824.876098982524,-0.24867816962375489,0.3509050121484799
304.0,4.066312409922241,4.06712895487951,0.0008165449572690164,0.020080723637381098,29251.085706205246,29253.736687846613,2.6509816413672525,0.009062848702415447,1.8986953137007712e6,1.8939087973975088e6,-4786.5163032624405,-0.252095018548973,1.2628992454447805
305.0,4.0323202893278145,4.035362316676988,0.0030420273491733596,0.07544111407083845,29256.698196294878,29259.355634799256,2.6574385043786606,0.009083179812529917,1.7495350759809616e6,1.7447147604286843e6,-4820.315552277258,-0.27551980057184705,2.3966176209762726
306.0,4.100710056066652,4.099847350566103,-0.0008627055005492323,-0.021037954128771744,29245.302527876865,29247.96553404683,2.6630061699652288,0.00910575695849557,1.9437379428721708e6,1.9389034492374423e6,-4834.493634728482,-0.24872147258620556,0.35158820670389684
307.0,4.065936614171449,4.066752414864828,0.0008158006933793871,0.020064274748799297,29245.243510038945,29247.909417313364,2.6659072744187142,0.009115695253156619,1.9021456996731306e6,1.8973498672307688e6,-4795.8324423618615,-0.2521275022826059,1.265352631069496
308.0,4.0319131590384485,4.034957135317465,0.003043976279016647,0.07549706947911025,29250.86590621893,29253.538220066646,2.672313847717305,0.009135845264495754,1.752722070972779e6,1.7478936226424382e6,-4828.448330340907,-0.2754828281280824,2.4012631567315466
309.0,4.1003746364946485,4.09951071143501,-0.000863925059638504,-0.02106941770513587,29239.450296426,29242.128237795605,2.6779413696058327,0.009158658396300846,1.94726438578353e6,1.942420706270401e6,-4843.679513129173,-0.2487427772259183,0.35226820676943066
310.0,4.0655632543834725,4.06637849682847,0.0008152424449976436,0.020052386200575107,29239.39147860574,29242.07231408399,2.680835478251538,0.009168574798189924,1.9055933062263513e6,1.900788622361704e6,-4804.68386464729,-0.25213584918400095,1.2677944950301914
311.0,4.03150869537052,4.0345547356567035,0.0030460402861836045,0.07555584066286268,29245.023759132455,29247.710950803044,2.6871916705895273,0.009188543297901707,1.7559070510352436e6,1.751070914905829e6,-4836.136129414663,-0.2754209641429132,2.405886780834469
312.0,4.100041327344615,4.099176391450951,-0.0008649358936638762,-0.021095784764297746,29233.58834065323,29236.281217026986,2.6928763737560075,0.00921158341007081,1.9507864644144403e6,1.9459340778610709e6,-4852.3865533694625,-0.24874001546991376,0.3529449854998431
313.0,4.065192346430567,4.0660071685767605,0.0008148221461938832,0.020043876814570313,29233.529749371497,29236.225511960416,2.695762588919024,0.009221474833968625,1.9090364091945854e6,1.904223350626581e6,-4813.058568004286,-0.2521197890633681,1.2702247409262586
314.0,4.031106913095801,4.034155173977694,0.003048260881892695,0.07561845784813724,29239.171888490306,29241.873956645573,2.702068155267625,0.009241260886500229,1.7590883791603113e6,1.754245018333108e6,-4843.360827203374,-0.2753335696251555,2.4104883107522754
315.0,4.099710143616833,4.098844358772397,-0.0008657848444357796,-0.021118196509179784,29227.716791319286,29230.424597445945,2.7078061266583973,0.009264514727550062,1.9543026020099926e6,1.9494420316922818e6,-4860.57031771075,-0.24871124424189336,0.3536185161770688
316.0,4.064823903807539,4.065638484503336,0.0008145806957973178,0.020039753629531074,29227.658449771297,29230.369132126638,2.7106823553403956,0.009274373997488691,1.9124735048980727e6,1.9076526163379876e6,-4820.888560085092,-0.2520760966224223,1.272643272815751
317.0,4.03070782569426,4.033758418166926,0.003050592472665592,0.07568379065382021,29233.310418360492,29236.027355893017,2.716937532524753,0.009293978320082191,1.762264624820671e6,1.7574145596135473e6,-4850.065207123756,-0.2752177589456692,2.415067564824444
318.0,4.0993810979773295,4.098514666272282,-0.0008664317050479653,-0.021135671076677166,29221.835770374622,29224.55849724,2.722726865376899,0.009317439488648504,1.9578114157451498e6,1.95294320224815e6,-4868.213496999815,-0.24865589493699813,0.3542887722112697
319.0,4.06445793884416,4.0652724123212005,0.000814473477040778,0.020038920055164746,29221.777698971004,29224.503291637982,2.7255926669786277,0.009327265079682696,1.91590327183202e6,1.9110750846235452e6,-4828.187208474847,-0.252005791704612,1.275049995219171
320.0,4.0303114447086195,4.0333645183794875,0.003053073670868045,0.07575279758779967,29227.439465036612,29230.171262501557,2.731797464944975,0.009346687615974344,1.7654345289171278e6,1.7605782738379415e6,-4856.255079186289,-0.27507420975644964,2.419624362269866
321.0,4.099054202027715,4.0981872819690235,-0.0008669200586917114,-0.021149270440553446,29215.945392446796,29218.683027457428,2.737635010631493,0.009370345452997917,1.9613116844114626e6,1.9564363889476757e6,-4875.295463786926,-0.24857321263804497,0.3549557271418855
322.0,4.064094462030921,4.06490900065987,0.0008145386289486467,0.020042315368368754,29215.887609250713,29218.62809800581,2.7404887550983403,0.009380131768547096,1.9193245406470203e6,1.914489630339527e6,-4834.910307493294,-0.25190686645747806,1.2774448131232388
323.0,4.029917780821049,4.0329734427852975,0.003055661964248557,0.07582442447810936,29221.559138334782,29224.305781897016,2.7466435622336576,0.009399373761102392,1.7685969756975959e6,1.7637350809230066e6,-4861.894774589222,-0.27490122630519154,2.4241585231939804
324.0,4.098729465530253,4.097862253196303,-0.0008672123339499294,-0.021158076941722184,29210.0457660485,29212.79829403864,2.752527990138333,0.009423223818901573,1.9648023223148696e6,1.9599205056843222e6,-4881.816630547401,-0.24846350063327463,0.35561935463867733
325.0,4.063733483072398,4.0645482175420815,0.0008147344696833869,0.02004891494674017,29209.988287120872,29212.743656656057,2.7553695351853094,0.009432970352816587,1.9227362700670394e6,1.9178951843217697e6,-4841.0857452696655,-0.25178105914134924,1.2798276319846442
326.0,4.029526843177128,4.0325852366763435,0.0030583934992156614,0.07589956881399591,29215.669542617637,29218.431017096285,2.7614744786478695,0.009452032152197082,1.7717509706692046e6,1.7668839665868143e6,-4867.00408239034,-0.2747002351324822,2.4286698685958763
327.0,4.098406897528299,4.097539548202016,-0.0008673493262829624,-0.02116308477828423,29204.136994527253,29206.90439775409,2.7674032268369047,0.009476065762037432,1.9682823587979581e6,1.9633945881690437e6,-4887.77062891447,-0.2483267000319741,0.35627962850276806
328.0,4.063375010194797,4.064190106962229,0.0008150967674325216,0.02005959984957052,29204.079834213127,29206.850065476585,2.77023126345739,0.009485768013180173,1.9261375277015571e6,1.9212908436889518e6,-4846.684012605343,-0.25162710050039094,1.2821983577337788
329.0,4.029138640340702,4.03219986875428,0.003061228413578476,0.07597724195759172,29209.77077763901,29212.54706442257,2.776286783562682,0.009504651045355058,1.7748956224492062e6,1.7700240617808227e6,-4871.560668383492,-0.2744702621814543,2.4331582203753634
330.0,4.098086505566328,4.097219209816916,-0.0008672957494120226,-0.021163431963527286,29198.219176858554,29201.00143581466,2.7822589561073983,0.00952886523405686,1.9717509212386196e6,1.9668577530489287e6,-4893.168189690914,-0.24816360611192773,0.35693652266767606
331.0,4.063019051088263,4.063834637466504,0.0008155863782413064,0.020073407680007184,29198.162348015736,29200.947421552253,2.7850735365173023,0.009538523360894223,1.9295274743062514e6,1.9246757333697672e6,-4851.740936484188,-0.2514471030389758,1.284556896778449
332.0,4.028753179615577,4.031817380312783,0.003064200697206587,0.07605828802594883,29203.862939218983,29206.6540190186,2.791079799615545,0.00955722811541927,1.7780301283165985e6,1.77315453612193e6,-4875.592194668483,-0.27421313716908674,2.4376234013399984
333.0,4.097768296702229,4.096901206726415,-0.0008670899758147499,-0.02116005379104914,29192.292408274643,29195.089501564657,2.7970932900134358,0.009581615759715367,1.9752072215945756e6,1.9703092102484817e6,-4898.011346093845,-0.24797455641842495,0.35759001120034445
334.0,4.0626656122184155,4.063481849198943,0.0008162369805271297,0.02009116817471532,29192.235922468684,29195.035815800475,2.799893331790372,0.009591226034300954,1.9329053510599441e6,1.928049114973699e6,-4856.236086245161,-0.25124024223856356,1.286903156007572
335.0,4.028370467911118,4.031437740714104,0.003067272802986132,0.07614177562414322,29197.946119815242,29200.751970589863,2.8058507746209216,0.009609753929632486,1.7811537620327682e6,1.7762746774875764e6,-4879.084545191843,-0.2739283182168122,2.442065235212082
336.0,4.097452276739628,4.096585577991402,-0.0008666987482257582,-0.021152137711177847,29186.35678080544,29189.168685822682,2.8119050172426796,0.00963431317707986,1.9786505449016315e6,1.973748228298778e6,-4902.3166028535925,-0.24776060712111805,0.3582400683021649
337.0,4.062314699685251,4.063131711343549,0.0008170116582979503,0.020111973559341734,29186.30064846659,29189.115339164844,2.814690698254708,0.009643876187517407,1.936270468888701e6,1.9314102596759342e6,-4860.209212766727,-0.2510087971106736,1.2892370427948507
338.0,4.0279905110754495,4.031060987868617,0.0030704767931677424,0.07622850115274833,29192.020408983917,29194.841008466734,2.8205994828167604,0.009662227702296048,1.7842658640506535e6,1.7793837945645328e6,-4882.069486120716,-0.273617827056188,2.446483546635619
339.0,4.097138451156597,4.096272292854436,-0.0008661583021609687,-0.021140567068619748,29180.41238370939,29183.239076438073,2.8266927286822465,0.009686952643137799,1.9820802401164516e6,1.9771741493484345e6,-4906.090768017108,-0.24752230856854027,0.3588866683099962
340.0,4.061966318549534,4.062784260760093,0.0008179422105589751,0.020136607406706652,29180.356614270135,29183.18607739918,2.8294631290445977,0.009696465216127272,1.939622199726786e6,1.9347585542767227e6,-4863.645450063283,-0.2507522058031906,1.2915584650024317
341.0,4.027613314691537,4.030687091863251,0.00307377717171331,0.07631758392746105,29186.085893779997,29188.92121743892,2.835323658924608,0.009714641659191647,1.7873658330383024e6,1.7824812951349802e6,-4884.53790332214,-0.2732813737979441,2.4508781611832395
342.0,4.096826824358751,4.095961387143445,-0.0008654372153058532,-0.0211245740278835,29174.459303855576,29177.30075945009,2.8414555945128086,0.009739531296599878,1.985495712051864e6,1.9805863587445058e6,-4909.353307358222,-0.2472608365537474,0.3595297856971772
343.0,4.061620473625446,4.062439467329121,0.0008189937036746642,0.02016421054091304,29174.403905861913,29177.248116833536,2.844210971623397,0.009748994292397246,1.942959969019282e6,1.9380933830033096e6,-4866.586015972309,-0.25047278860967687,1.29386733098454
344.0,4.027238883428666,4.030316087677418,0.003077204248752352,0.07640977696690582,29180.142659082427,29182.99268246365,2.8500233812228544,0.009766996051116885,1.7904531190211386e6,1.7855665956907377e6,-4886.523330400931,-0.27292104319784977,2.4552489053630864
345.0,4.096517400540012,4.095652830725897,-0.0008645698141149794,-0.021104995526224538,29168.497626028293,29171.35381856959,2.856192541297787,0.00979204543860046,1.988896414943004e6,1.9839843013926346e6,-4912.113550369395,-0.2469768417029482,0.3601693950745345
346.0,4.061277168827216,4.062097365047672,0.0008201962204559266,0.020195524372269732,29168.442607240075,29171.301539333916,2.858932093840849,0.009801456088475621,1.946283249520212e6,1.9414142301183105e6,-4869.019401901402,-0.2501701334120657,1.296163549591101
347.0,4.02686722178172,4.02994794614938,0.003080724367659826,0.07650424506166693,29174.190787883992,29177.0554846226,2.8646967386084725,0.009819284310014787,1.7935272172786416e6,1.7886391976616837e6,-4888.019616957987,-0.27253668468854836,2.4595956066256623
348.0,4.096210182960599,4.095346656601844,-0.0008635263587546405,-0.02108110473302211,29162.527433206153,29165.398336208906,2.870903002753039,0.009844493106191,1.9922818465931579e6,1.987367454411642e6,-4914.3921815159265,-0.24667153344390685,0.36080547119138523
349.0,4.060936407906837,4.0617579245183135,0.0008215166114764472,0.02022973346435357,29162.472800678344,29165.346427714674,2.873627036329708,0.00985385243552757,1.9495915558481696e6,1.9447205690597873e6,-4870.986788382288,-0.24984652676458508,1.2984470301713351
350.0,4.02649833344425,4.0295826996701285,0.0030843662258783766,0.07660170129115693,29168.230361527436,29171.109705539067,2.879344011631474,0.00987150737615298,1.7965876633938237e6,1.7916986027791547e6,-4889.060614668997,-0.2721303677123872,2.4639180933706455
351.0,4.095905174750495,4.095042835298914,-0.0008623394515812066,-0.02105369667484396,29156.54880678333,29159.434392925185,2.885586141856038,0.009896871406072247,1.9956515437215203e6,1.9907353440774458e6,-4916.199644074542,-0.24634559372558304,0.3614379889365333
352.0,4.0605981938234805,4.0614211771980315,0.0008229833745510007,0.020267540280218547,29156.494566941383,29159.382860884318,2.888293942934979,0.009906176945598338,1.9528844399567442e6,1.948011961334001e6,-4872.478622743161,-0.2495016357880902,1.3007176825773397
353.0,4.026132221999678,4.029220319832961,0.003088097833282788,0.07670135164485503,29162.26145992154,29165.155423471493,2.893963549951877,0.009923659569163135,1.7996340287223514e6,1.7947443868810686e6,-4889.641841282835,-0.2717020107001551,2.4682161949536594
354.0,4.095602378214119,4.094741397302853,-0.0008609809112662958,-0.021022082510893676,29150.561826779372,29153.46206835332,2.9002415739487333,0.009949178994157174,1.9990050775825926e6,1.9940875208172966e6,-4917.556765296031,-0.24600021382851406,0.36206692333926127
355.0,4.060262529434244,4.06108709441581,0.0008245649815661338,0.020308169129177676,29150.507985480057,29153.410918954884,2.9029334748265683,0.009958431860853083,1.956161487064172e6,1.951287951917886e6,-4873.535146286013,-0.24913766979434127,1.3029754171676453
356.0,4.0257688903174005,4.0288608367065875,0.0030919463891869725,0.07680387209071003,29156.28416171694,29159.19271748228,2.908555765341589,0.009975742276378992,1.8026659167204183e6,1.797776120142762e6,-4889.796577656176,-0.27125362122295854,2.472489741693014
357.0,4.095301795584131,4.094442313815093,-0.0008594817690381618,-0.020987019075490873,29144.566572003834,29147.481440632575,2.9148686287408054,0.010001413544920642,2.0023420505149593e6,1.997423576284345e6,-4918.474230614258,-0.24563606549387165,0.36269224957031576
358.0,4.059929416887361,4.060755705341642,0.000826288454280899,0.020352286196009588,29144.513134593293,29147.430678575238,2.9175439819446183,0.010010611494764064,1.959422312257339e6,1.9545481643816906e6,-4874.147875648458,-0.2487543315781287,1.305220144810756
359.0,4.02540834120216,4.028504222628183,0.003095881426022906,0.07690850625848165,29150.298544471203,29153.221663672903,2.923119201699592,0.010027750478233117,1.8056829594927088e6,1.8007934383067526e6,-4889.521185956197,-0.2707851431089468,2.476738564876401
360.0,4.095003428353336,4.094145613055321,-0.0008578152980147635,-0.020947852987749614,29138.563120217834,29141.49258726334,2.9294670455055893,0.010053574136169311,2.0056620925780297e6,2.0007431202217008e6,-4918.972356328974,-0.2452542915644502,0.363313942942888
361.0,4.059598858271799,4.060426982021273,0.0008281237494740523,0.02039915219176583,29138.51009157802,29141.44221777324,2.932126195220917,0.010062718327071903,1.9626665573762986e6,1.9577922017946288e6,-4874.355581669835,-0.2483537289281525,1.3074517768886686
362.0,4.025050576813698,4.028150505555706,0.003099928742007485,0.0770158953992932,29144.304684782488,29147.24233913431,2.9376543518228573,0.010079685837750436,1.8086848150067981e6,1.8037959671647428e6,-4888.847842055373,-0.27029849543116763,2.480962496767556
363.0,4.094707277984596,4.093851266897427,-0.0008560110871691506,-0.020905306022033325,29132.55154825882,29135.49558452994,2.944036271121149,0.010105658840916415,2.0089648589383096e6,2.0040457974032562e6,-4919.061535053421,-0.24485552911328815,0.3639319789135881
364.0,4.059270855034504,4.060100951540471,0.0008300965059664378,0.020449399303742247,29132.498932853196,29135.445611473537,2.9466786203411175,0.010114747200824918,1.9658938884110504e6,1.9610197381174832e6,-4874.150293567218,-0.24793557385270623,1.3096702253003696
365.0,4.024695599279002,4.027799658549104,0.003104059270102155,0.07712531776709343,29138.30265841814,29141.25481832381,2.9521599056715786,0.010131543831770486,1.8116711644051403e6,1.8067833911749579e6,-4887.773230182473,-0.26979362073068963,2.485161370612881
366.0,4.094413345269818,4.093559301495456,-0.0008540437743622675,-0.020858758077000817,29126.53193216754,29129.4905082954,2.9585761278576683,0.01015766701901848,2.012250027229194e6,2.0073312660420856e6,-4918.761187108466,-0.24444085578577174,0.36454633308341405
367.0,4.058945408593284,4.059777586642418,0.0008321780491336028,0.020502321794517858,29126.479734077137,29129.44093609959,2.9612020224521984,0.010166700711818867,1.9691039930668431e6,1.9642304240478652e6,-4873.569018977927,-0.24750186054863632,1.311875402465314
368.0,4.024343410135349,4.027451707627109,0.0031082974917602257,0.07723738197719279,29132.29254041787,29135.259176819596,2.966636401724827,0.010183326278249277,1.8146417098554526e6,1.8097553817351125e6,-4886.3281203401275,-0.26927233589981536,2.489335020648026
369.0,4.094121631000451,4.09326968938371,-0.0008519416167409588,-0.020808898550793077,29120.504347283844,29123.477433428194,2.9730861443495087,0.01020959702103105,2.0155172955410506e6,2.0105992144432534e6,-4918.081097797258,-0.24401086057051352,0.3651569811987154
370.0,4.058622519777853,4.059456912494244,0.0008343927163902976,0.02055851985062084,29120.45257024375,29123.428265270257,2.97569502650731,0.010218574108109757,1.972296578741706e6,1.9674239747860613e6,-4872.6039556446485,-0.24705229467838416,1.3140672213268836
371.0,4.023994010909197,4.027106626544529,0.003112615635331828,0.0773513983095753,29126.27440519562,29129.255487836526,2.9810826409047877,0.01023502903060274,1.8175961724186954e6,1.8127116632212047e6,-4884.5091974907555,-0.26873456665519296,2.4934832821044344
372.0,4.093832135353049,4.092982454815253,-0.0008496805377955496,-0.020755138698970468,29114.468868348096,29117.456434544732,2.9875661966361804,0.010261448388928448,2.018766380311836e6,2.0138493407320695e6,-4917.03957976657,-0.24356654775512168,0.36576389915215
373.0,4.058302189409509,4.059138902510503,0.0008367131009938689,0.020617318818133952,29114.417515775804,29117.407674182727,2.990158406923001,0.010270370016170743,1.9754713705881229e6,1.9706000803774511e6,-4871.290210671723,-0.24658875259839771,1.3162455953558225
374.0,4.023647402582154,4.026764439522503,0.0031170369403490383,0.07746794459049014,29120.248326620098,29123.24382580224,2.9954991821432486,0.010286653975422768,1.8205342903680545e6,1.815651944701529e6,-4882.34566652542,-0.2681820217480421,2.4976059912158464
375.0,4.093544858523967,4.092697570965033,-0.0008472875589342621,-0.02069813787846882,29108.425569575422,29111.427585445057,3.0020158696352155,0.010313219663700976,2.021997014763458e6,2.0170813691240689e6,-4915.645639389055,-0.2431084518670325,0.3663670629836363
376.0,4.057984417765446,4.0588235800772114,0.0008391623117658398,0.020679288665872448,29108.374644600335,29111.379235481527,3.004590881191689,0.010322083997737217,1.9786281099218589e6,1.973758489976548e6,-4869.6199453109875,-0.24611092508451735,1.3184104385536541
377.0,4.023303586139507,4.026425120978133,0.0031215348386259834,0.07758636085479195,29114.21437809629,29117.224263007975,3.009884911683912,0.010338197255112473,1.8234558174754241e6,1.8185759834501958e6,-4879.834025228396,-0.26761460181604674,2.501702985224765
378.0,4.0932598001407845,4.092415060322504,-0.0008447398182802601,-0.02063733697653899,29102.37452473762,29105.39095980987,3.0164350722479867,0.010364910497883788,2.0252089471918377e6,2.0202950308125827e6,-4913.91637925501,-0.24263750098816542,0.3669664488812991
379.0,4.057669205128149,4.05851091924956,0.0008417141214112078,0.020743783656573967,29102.32403022349,29105.34302343922,3.0189932157300063,0.010373718650767225,1.981766552662223e6,1.9768989263364065e6,-4867.626325816615,-0.2456205711655415,1.3205616654560757
380.0,4.022962562058488,4.026088693453797,0.0031261313953088177,0.07770719580619771,29108.172632628895,29111.1968730201,3.0242403912052396,0.010389660764259753,1.8263605216845458e6,1.8214835198304625e6,-4877.001854083268,-0.2670339068424979,2.505774102388883
381.0,4.092976959864161,4.09213489667794,-0.0008420631862211536,-0.020573367367528506,29096.315807220974,29099.346630648346,3.0308234273725247,0.010416519560254259,2.0284019397441454e6,2.0234900797970023e6,-4911.859947143123,-0.24215417323859814,0.36756203318240926
382.0,4.057356551272255,4.058200941748419,0.0008443904761641363,0.020811345157707745,29096.26574579012,29099.299109990978,3.0333642008590687,0.010425269783281245,1.9848864680667038e6,1.9800211667045213e6,-4865.301362182479,-0.24511736265305512,1.3226991911363326
383.0,4.022624330828928,4.025755131993253,0.003130801164324737,0.07782981722480616,29102.123162888176,29105.161727461393,3.0385645732167177,0.01044104086911287,1.8292481837184941e6,1.8243743383602784e6,-4873.845358215738,-0.2664398085287798,2.5098191819874653
384.0,4.092696336824281,4.0918571008734075,-0.0008392359508730962,-0.02050569799967861,29090.2494900931,29093.29467095513,3.045180862027337,0.010468046563383362,2.0315757670162702e6,2.026666274804469e6,-4909.492211801233,-0.2416593213755298,0.3681537923743186
385.0,4.057046455986118,4.0578936222357145,0.0008471662495965759,0.0208813544234031,29090.199864144244,29093.247568727358,3.047704583113955,0.010476739923916678,1.9879876374667457e6,1.9831249611626621e6,-4862.67630408355,-0.24460294482917233,1.324822931208571
386.0,4.0222888924630995,4.02542445756126,0.0031355650981605976,0.0779547462151704,29096.06604126002,29099.118899269833,3.052858009814372,0.010492339429960156,1.8321185960255996e6,1.8272482055281533e6,-4870.390497446293,-0.2658338007163724,2.5138380643276954
387.0,4.092417930192422,4.091581647285264,-0.0008362829071577593,-0.020434934100643967,29084.1756461481,29087.23515317201,3.0595070239069173,0.010519490258655886,2.0347302150891535e6,2.0298233946497876e6,-4906.820439365925,-0.24115336780168314,0.3687417030953874
388.0,4.056738918580418,4.0575889808663055,0.0008500622858873541,0.020954325702202643,29084.126457876173,29087.188471087484,3.062013211310841,0.010528125077937928,1.9910698532539888e6,1.9862101102936615e6,-4859.742960327305,-0.24407696959426448,1.3269328018311697
389.0,4.021956246990621,4.025096645790687,0.003140398800066002,0.07808137650467398,29090.001339899423,29093.06845960536,3.0671197059382393,0.010543552989567665,1.834971561639279e6,1.8301049284992637e6,-4866.633140015183,-0.2652157255051712,2.51783059075098
390.0,4.0921417386414785,4.091308555207751,-0.0008331834337278465,-0.02036057123486757,29078.094347961214,29081.168149808946,3.0738018477313744,0.010570850382934023,2.037865080374363e6,2.032961221090154e6,-4903.8592842090875,-0.24063709278085432,0.3693257421359069
391.0,4.0564339383839805,4.057286992872966,0.0008530544889850944,0.021029665512682746,29078.045599371802,29081.121890176048,3.076290804245218,0.010579427677600443,1.9941329178455784e6,1.989276387121456e6,-4856.530724122422,-0.24354097365632582,1.3290287197100488
392.0,4.021626393989043,4.0247717161558905,0.0031453221668478193,0.07821020300515734,29083.92913077016,29087.010480965866,3.081350195705454,0.01059468334505551,1.8378068933353215e6,1.8329442956691883e6,-4862.597666133195,-0.2645869750389481,2.521796603639212
393.0,4.0918677608894525,4.091037799571419,-0.0008299613180335896,-0.02028319013547936,29072.00566792417,29075.093732921017,3.0880649968457874,0.010622125738826895,2.0409801688507192e6,2.0360795536974955e6,-4900.615153223742,-0.24011086575051288,0.3699058864390161
394.0,4.056131514273316,4.0569876769303255,0.000856162657009385,0.021107862355956485,29071.957360849872,29075.047897108365,3.090536258492648,0.010630643888651814,1.9971766428723268e6,1.9923236116826793e6,-4853.031189647503,-0.2429945897358335,1.331110602101959
395.0,4.021299333054891,4.0244496448402876,0.003150311785396376,0.07834064376906641,29077.849485688428,29080.945034214597,3.0955485261692957,0.010645727180384736,1.8406244126945387e6,1.8357661330950437e6,-4858.279599494999,-0.26394736297031046,2.525735946420994
396.0,4.091595995183093,4.090769398208936,-0.0008265969741572121,-0.020202311643924244,29065.909678290267,29069.01197469667,3.102296406403184,0.010673316062494793,2.0440752951047847e6,2.0391781935721126e6,-4897.101532672066,-0.2395753984405466,0.37048211310161105
397.0,4.055831645144502,4.056691008805013,0.0008593636605116473,0.021188346452704638,29065.86181440222,29068.966564662373,3.1047502601541055,0.010681776029829237,2.000200848325091e6,1.9953515763448616e6,-4849.2719802292995,-0.24243925225258936,1.3331783668177488
398.0,4.020975063354152,4.024130449903922,0.0031553865497695455,0.0784731688223263,29071.762476354113,29074.872191562084,3.1097152079710213,0.010696686210546567,1.8434239494276014e6,1.8385702476182329e6,-4853.701809368562,-0.2632981854703405,2.529648463577818
399.0,4.0913264398152505,4.090503326571508,-0.0008231132437428457,-0.020118493497185096,29059.806451201624,29062.922946950475,3.116495748850866,0.01072442018526245,2.0471502817303138e6,2.0422569577188948e6,-4893.324011418968,-0.2390310108197324,0.37105439937524987
400.0,4.055534329462819,4.056397005766512,0.0008626763036927443,0.021271581833879113,29059.759032023125,29062.87796376893,3.11893174580473,0.010732820400773955,2.0032053619051075e6,1.9983601174174694e6,-4845.24448763812,-0.241874576605074,1.3352319322256072
401.0,4.020653584071028,4.023814108041888,0.003160523970859863,0.07860721906958572,29065.66817438651,29068.79202370934,3.1238493228302104,0.010747557235181799,1.8462053405988775e6,1.8413564811086622e6,-4848.859490215313,-0.2626392299700761,2.533534000650205
402.0,4.0910590926306725,4.090239601105746,-0.0008194915249264412,-0.020031280565040284,29053.696058726593,29056.82672168172,3.1306629551254446,0.010775437826558787,2.0502049585256206e6,2.0453156635473862e6,-4889.294978234451,-0.23847835104986415,0.37162272266705043
403.0,4.055239565712282,4.05610564407791,0.0008660783656280202,0.02135702099947079,29053.649085642388,29056.782167008412,3.133081366024271,0.010783779196853327,2.0061900183153544e6,2.0013490436497694e6,-4840.974665584974,-0.2413019016837725,1.3372712172542887
404.0,4.020334893977592,4.023500635967002,0.003165741989410442,0.07874324087161699,29059.5666513489,29062.704602703492,3.1379513545907685,0.010798341875635333,1.848968430087383e6,1.844124656004186e6,-4843.774083196884,-0.26197170294400135,2.537392404243806
405.0,4.09079395151891,4.08997819774909,-0.0008157537698192385,-0.01994120895569305,29047.57857288056,29050.72337058298,3.1447977024181455,0.010826367831410897,2.0532391620223736e6,2.0483541427627858e6,-4885.019259587862,-0.23791769365904147,0.37218706054058215
406.0,4.05494735196454,4.055816939669909,0.00086958770536949,0.021445104705199006,29047.532047148172,29050.679245239888,3.147198091715836,0.010834648832153786,2.0091546587421887e6,2.0043182050109005e6,-4836.453731288202,-0.24072082804795208,1.339296141396312
407.0,4.0200189918616225,4.023190010847389,0.0031710189857667714,0.07888069663815968,29053.45797877785,29056.60999919204,3.1520204141888826,0.010849037028539878,1.8517130679406144e6,1.846874627455466e6,-4838.440485148458,-0.2612953685383631,2.5412235220354535
408.0,4.090531013941348,4.089719131628853,-0.0008118823124947383,-0.01984784639763593,29041.45406565715,29044.61296557153,3.1588999143787078,0.010877209891891232,2.0562527348089723e6,2.0513722265866273e6,-4880.50822234503,-0.23734962826923284,0.3727473907167522
409.0,4.054657686307468,4.055530869264823,0.0008731829573545014,0.02153530642804274,29041.407988414325,29044.569270951073,3.161282536748331,0.010885431374434332,2.0120991302624517e6,2.0072674241858446e6,-4831.706076607108,-0.24013260599028619,1.341306624711139
410.0,4.019705876114597,4.02288224810837,0.003176371993773408,0.07902001021138527,29047.342228202386,29050.508285159307,3.1660569569212385,0.010899644215460368,1.854439109943586e6,1.8496062311434e6,-4832.878800185863,-0.26061135004496777,2.5450272027791763
411.0,4.090270277401208,4.089462379134042,-0.0008078982671664292,-0.019751708624979544,29035.322609043844,29038.495578313938,3.172969270093745,0.010927962856887415,2.0592455251642533e6,2.0543697591677778e6,-4875.765996475471,-0.23677438833266673,0.3733036910746847
412.0,4.054370566432532,4.055247447513805,0.000876881081273595,0.02162804477058861,29035.276981318086,29038.45231502021,3.1753337021254993,0.010936123337719756,2.0150232854294463e6,2.010196562650868e6,-4826.722778578289,-0.239536823890827,1.3433025878283311
413.0,4.019395545139977,4.022577325353089,0.0031817802131124395,0.07916066426852829,29041.219471168006,29044.39953128696,3.1800601189534063,0.010950160416337047,1.8571464170791246e6,1.8523193334151169e6,-4827.083664007718,-0.2599193913638559,2.548803296312172
414.0,4.090011738990839,4.089207954132204,-0.0008037848586344154,-0.019652385125739018,29029.184275047908,29032.37128073208,3.187005684172618,0.010978626385006674,2.0622173864856944e6,2.0573465834800696e6,-4870.803005624795,-0.23619250994315988,0.3738559396525939
415.0,4.054085990043708,4.054966651561716,0.0008806615180079191,0.021722812988444393,29029.139097762385,29032.32844992722,3.1893521648344176,0.01098672666141952,2.0179269817805567e6,2.0131054550068078e6,-4821.526773748919,-0.2389346501276549,1.3452839519506823
416.0,4.019087996958685,4.022275256773036,0.0031872598143509734,0.07930306121097197,29035.089779251444,29038.283809577893,3.1940303264491376,0.011000587050816012,1.859834855186828e6,1.8550137812494698e6,-4821.073937358102,-0.2592205390662928,2.5525516535607338
417.0,4.089755395840245,4.088955833429471,-0.0007995624107746124,-0.0195503724156183,29023.039135707968,29026.240144543914,3.201008835945686,0.011029199323262405,2.0651681770063653e6,2.0603025542539512e6,-4865.622752414085,-0.23560418984700868,0.3744041146486517
418.0,4.053803954462486,4.054688494833491,0.0008845403710049382,0.021820008588013324,29022.994409689592,29026.19774664272,3.203336953127291,0.011037237949705932,2.0208100815043524e6,2.015993972461473e6,-4816.109042879427,-0.23832566389881474,1.3472506388573289
419.0,4.018783229598971,4.021976020369327,0.0031927907703561687,0.07944670284380512,29028.953224080426,29032.16119081857,3.207966738144023,0.011050921173013274,1.8625042945089666e6,1.857689450467496e6,-4814.844041470671,-0.2585145202438346,2.556272126546135
420.0,4.08950124468374,4.088706029687179,-0.0007952149965611,-0.01944528070739339,29016.887263115634,29020.102241745873,3.2149786302397843,0.011079681294162983,2.0680977593089843e6,2.0632375245096115e6,-4860.234799372731,-0.23500991563361523,0.37494819442184774
421.0,4.053524457018323,4.054412954860758,0.0008884978424346102,0.021919143497364468,29016.842989099703,29020.060277707515,3.217288607811497,0.011087659015903573,2.0236724510288436e6,2.0188619598558322e6,-4810.491173011484,-0.23771095814274734,1.3492025709068403
422.0,4.01848124071869,4.021679629148226,0.0031983884295359033,0.07959197114390122,29022.80987734479,29026.031747096044,3.2218697512544168,0.011101164101169297,1.8651546094216094e6,1.860346197736666e6,-4808.411684943363,-0.2578023108998169,2.5599645683904733
423.0,4.0892492822882245,4.08845852009475,-0.0007907621934748477,-0.019337588366155078,29010.728729423678,29013.957644169346,3.2289147456685896,0.011130071139487488,2.0710060001105557e6,2.0661513580234556e6,-4854.642087100074,-0.23440985138821038,0.3754881574928443
424.0,4.053247494670471,4.054140043890632,0.0008925492201612428,0.022020595123659163,29010.684908060717,29013.916114243013,3.231206182295864,0.011137986547149951,2.026513960757333e6,2.021709296667327e6,-4804.664090006147,-0.23709010562209917,1.3511396710402808
425.0,4.018182027977766,4.021386061472971,0.0032040334952050387,0.079738385988888,29016.65981081276,29019.895549357912,3.235738545154163,0.011151312956939304,1.867785678050981e6,1.8629839069317193e6,-4801.771119261626,-0.2570836245126494,2.5636288333224666
426.0,4.088999505038363,4.088213316155855,-0.0007861888825084762,-0.01922692535276059,29004.56360686416,29007.806423941307,3.242817077145446,0.011180368445116022,2.0738927698473698e6,2.0690439164507822e6,-4848.8533965875395,-0.23380444095691583,0.37602398254482394
427.0,4.052973064381031,4.053869739806878,0.0008966754258468157,0.022123893043531878,29004.520238723628,29007.76532890594,3.2450901823140157,0.01118822223434515,2.029334484721345e6,2.0245358365882118e6,-4798.648133133072,-0.236464129953027,1.3530618627842546
428.0,4.017885588676489,4.021095329208974,0.003209740532485128,0.0798863098922245,29010.503096339107,29013.752669827973,3.2495734888652805,0.011201368959628111,1.8703973820639672e6,1.8656024430748764e6,-4794.938989090733,-0.25635937234896894,2.56726477668321
429.0,4.088751909345764,4.087970395410275,-0.0007815139354896417,-0.01911375287170922,28998.391967753872,29001.6486530562,3.2566853023272415,0.011230572046714404,2.0767579425142163e6,2.071915071342397e6,-4842.871171819279,-0.23319381968782948,0.3765556484243309
430.0,4.052701162752866,4.053602053723046,0.0009008909701799794,0.022229395506873098,28998.34905332993,29001.607993015,3.2589396850708,0.01123836284292388,2.0321339003730025e6,2.0273414661584336e6,-4792.43421456893,-0.23583260009044033,1.354969070253922
431.0,4.0175919201116175,4.020807411047132,0.003215490935514431,0.08003527982565979,29004.3398058785,29007.603179659727,3.263373781228438,0.011251329294407964,1.8729896063438517e6,1.8682016969210906e6,-4787.909422761062,-0.2556292574472555,2.570872254931886
432.0,4.0885064912518345,4.0877297682483515,-0.0007767230034829709,-0.01899771970877196,28992.213884509503,28995.484403816125,3.2705193066212814,0.011280681494864091,2.079601395309168e6,2.074764691819702e6,-4836.703489465872,-0.23257839220418558,0.3770831341421068
433.0,4.052431786386224,4.053336963841734,0.0009051774555102199,0.022336648788292533,28992.171424223954,28995.444179386857,3.272755162903195,0.011288409946999332,2.0349120882917196e6,2.030126046767674e6,-4786.041524045635,-0.23519647613197142,1.3568612181559987
434.0,4.017301019229957,4.02052231775279,0.003221298522833038,0.08018563974701856,28998.170011491384,29001.447151255587,3.2771397642027296,0.011301195085428031,1.875562238824968e6,1.8707815407390904e6,-4780.698085877579,-0.25489413184564147,2.574451125651429
435.0,4.088263246818922,4.087491412528413,-0.000771834290508977,-0.018879270827521718,28986.02942965096,28989.313748417768,3.2843187668077007,0.011330695619345644,2.082423008514336e6,2.0775926561566775e6,-4830.352357658558,-0.23195826870471806,0.37760641887391866
436.0,4.0521649315319905,4.053074480183688,0.000909548651697456,0.022445992872101226,28985.98742385813,28989.273959573915,3.286535715786158,0.011338360386788263,2.037668932021699e6,2.032889471022385e6,-4779.460999313975,-0.2345553256569492,1.3587382317917247
437.0,4.017012882968963,4.020240028311546,0.003227145342583171,0.08033694281303864,28991.993785354734,28995.28465601001,3.2908706552771037,0.011350963578570725,1.8781151702211353e6,1.873341871197202e6,-4773.299023933243,-0.25415369087142936,2.578001247554152
438.0,4.088022171750058,4.0872553375682505,-0.000766834181807674,-0.018758072965132596,28979.838675814004,28983.136759373418,3.2980835594134987,0.011380613937530348,2.0852226651917256e6,2.0803988399744758e6,-4823.825217249803,-0.231333818578376,0.3781254819613813
439.0,4.0519005944328015,4.0528145812384935,0.0009139868056919909,0.0225569898468828,28979.797124803055,28983.097406587476,3.300281784420804,0.01138821562555446,2.0404043178231805e6,2.0356316070536678e6,-4772.710769512691,-0.2339100504651201,1.360600037059816
440.0,4.0167275079249185,4.019960552426444,0.003233044501525839,0.08048951528693721,28985.81119976615,28989.11576653699,3.304566770839301,0.011400635807860231,1.880648293897535e6,1.8758825668918763e6,-4765.727005658671,-0.2534087325696596,2.5815224804873202
441.0,4.08778326176303,4.087021521514208,-0.0007617402488220293,-0.01863455570033076,28973.64169575183,28976.953509112613,3.311813360782253,0.011430435274789213,2.0880002511000717e6,2.0831831273997673e6,-4817.1237003044225,-0.23070513031626794,0.3786403029127726
442.0,4.0516387709909445,4.052557275971885,0.0009185049809401491,0.02266996227591885,28973.60059975094,28976.914592241927,3.313992490988312,0.011437972576376302,2.043118134547245e6,2.038352352711807e6,-4765.781835437985,-0.23326021901783384,1.3624465604593887
443.0,4.0164448906789145,4.019683869346409,0.00323897866749423,0.0806429256632159,28979.622327152552,28982.940554499066,3.318227346513595,0.01145020907813754,1.8831615056372671e6,1.8784035296049488e6,-4757.9760323183145,-0.2526589470990807,2.5850146854386877
444.0,4.087546512226238,4.0867899726492976,-0.0007565395769404404,-0.018508402893460882,28967.43856234567,28970.764070385172,3.3255080395028926,0.011480159118471972,2.0907556544291435e6,2.0859453997509843e6,-4810.254678159254,-0.23007254185676887,0.37915086140384313
445.0,4.051379457094783,4.052302543130141,0.0009230860353577341,0.022784487237827705,28967.39792152378,28970.725589770307,3.327668246525718,0.01148763259834652,2.0458102734239583e6,2.0410515820732072e6,-4758.691350751091,-0.2326066797380353,1.3642777290928603
446.0,4.016165027478938,4.01940998774736,0.0032449602684216927,0.08079748332599389,28973.427240072622,28976.759092747412,3.331852674789843,0.011499684338971186,1.8856547035481692e6,1.8809046434975446e6,-4750.060050624656,-0.2519050832417323,2.588477724541982
447.0,4.087311918516632,4.0865606693787395,-0.0007512491378927066,-0.01838002953700069,28961.229348604855,28964.568515877054,3.33916727219912,0.011529784291977844,2.093488765747204e6,2.0886855462867147e6,-4803.219460489228,-0.22943612304386415,0.37965713727861783
448.0,4.05112264830063,4.0520503906592396,0.0009277423586091516,0.02290087067589331,28961.18916307535,28964.530471270435,3.3413081950857304,0.011537192676279324,2.0484806279674794e6,2.043729197554708e6,-4751.430412771413,-0.23194900395449794,1.3660934706688288
449.0,4.015887914551965,4.019138887111826,0.003250972559860621,0.08095277131815362,28967.22601122399,28970.571453233206,3.34544200921664,0.011549058953454414,1.8881277878602426e6,1.8833858148046732e6,-4741.973055569455,-0.25114682841161867,2.5919114610823493
450.0,4.087079475670925,4.086333618985963,-0.0007458566849622983,-0.01824913582919403,28955.014127675877,28958.36691859632,3.352790920442203,0.011579310255758181,2.0961994777683849e6,2.091403453359158e6,-4796.02440922684,-0.22879618376456667,0.380159110550192
450.99999999999994,4.050868340145227,4.0518007975334465,0.0009324573882194542,0.023018703890682973,28954.974397497856,28958.329310217832,3.35491271997671,0.011586654071663156,2.0511290937931966e6,2.0463850785165404e6,-4744.015276656253,-0.23128799113677653,1.3678937135056723
451.9999999999999,4.015613547799407,4.018870575121584,0.0032570273221770307,0.08110908291864669,28961.01871344432,28964.377709064272,3.35899561995393,0.01159833379201752,1.8905806608571524e6,1.8858469326190853e6,-4733.728238067124,-0.25038488629842137,2.5953157595008056
452.9999999999999,4.082150051536565,4.0815979869822305,-0.0005520645543342084,-0.013523867260254322,28948.792972841195,28952.159351502924,3.366378661728959,0.011628735833259731,2.0988876853236062e6,2.0940990147657637e6,-4788.67055784259,-0.22815277784167254,0.5
453.99999999999983,4.050579998176013,4.051506950801564,0.0009269526255515359,0.022884441881630413,28947.936314964667,28951.304885936286,3.3685709716191923,0.011636653248673226,2.0698303185654955e6,2.065092093123597e6,-4738.225441898452,-0.22891854464583838,1.369678386532889
454.9999999999998,4.0152739292716255,4.018523916256775,0.0032499869851498886,0.08094060436218954,28953.547893399307,28956.922783882557,3.3748904832500557,0.011656224293049237,1.9168098237795467e6,1.9120377901151692e6,-4772.033664377406,-0.24895707467566902,2.598690485402421
455.9999999999997,4.081876437548251,4.081324558269127,-0.0005518792791239235,-0.013520234812776592,28941.792605873794,28945.181013972244,3.3884080984498723,0.01170766491417048,2.114629941103516e6,2.1096847700284203e6,-4945.171075095888,-0.23385515257176673,0.5
456.9999999999997,4.050272753285314,4.051203457599422,0.0009307043141077997,0.022978805892834596,28941.0979166177,28944.49164642399,3.393729806291958,0.011726334004569022,2.0819452079801913e6,2.0769977565166096e6,-4947.451463581761,-0.237636007163779,1.3714474192938986
457.99999999999966,4.014953364080683,4.018210053304761,0.0032566892240781797,0.08111399881288221,28946.8013303637,28950.20059407742,3.399263713719847,0.011743141063928866,1.9268722010433534e6,1.9219166468839245e6,-4955.554159428924,-0.25718125762287786,2.6020355055587947
458.9999999999996,4.081620612288529,4.081074233732478,-0.0005463785560513301,-0.013386314112741125,28935.083912041544,28938.497027815258,3.4131157737137983,0.011795769399145947,2.12378645759651e6,2.1186584632343934e6,-5127.994362116791,-0.24145527172821998,0.5
459.99999999999955,4.049980884369058,4.050918263264027,0.0009373788949691431,0.023145267144024467,28934.43079328859,28937.848893718256,3.418100429666083,0.011813263077768648,2.0901422925261178e6,2.085025292434496e6,-5117.000091621652,-0.24481587258048898,1.3732007419510652
460.99999999999955,4.014646476511206,4.01791143768048,0.0032649611692736613,0.08132624350303856,28940.17221296181,28943.594927004193,3.4227140423827223,0.01182686135105218,1.9342102655354072e6,1.929108703611577e6,-5101.561923830304,-0.26375425747304393,2.6053506879147337
461.9999999999995,4.081376702628385,4.080837010353992,-0.0005396922743932109,-0.013223289926794845,28928.462491010672,28931.898652605298,3.436161594625446,0.011878134192901577,2.130888547070698e6,2.1256263888792214e6,-5262.158191476483,-0.24694666451280603,0.5
462.99999999999943,4.04969984192334,4.0506445902430865,0.0009447483197462248,0.02332884797944757,28927.831631466626,28931.27217987584,3.440548409213079,0.011893557916973555,2.0967139829335394e6,2.0914778577659118e6,-5236.125167627586,-0.24973006381641313,1.3749382852847158
463.9999999999994,4.014349544162395,4.017623182355615,0.0032736381932201297,0.08154840920568572,28933.59769662916,28937.042081516556,3.4443848873961542,0.011904447291729068,1.9402198059070627e6,1.9350169220344573e6,-5202.883872605395,-0.2681595073282442,2.608635901591091
464.9999999999994,4.081141457877865,4.080608829205704,-0.000532628672161195,-0.013050973058849922,28921.8861599022,28925.3433735884,3.457213686200703,0.01195362455645733,2.1368739854982477e6,2.1315243446231177e6,-5349.6408751299605,-0.2503489167557348,0.5
465.9999999999993,4.049427019401972,4.0503793273873985,0.0009523079854263372,0.02351710454006345,28921.270258337892,28924.731253693124,3.4609953552317165,0.011966954854736799,2.1023315909765153e6,2.0970210233211964e6,-5310.567655318882,-0.2526037128544584,1.3766599807003623
466.99999999999926,4.0140603992271995,4.017342791799282,0.0032823925720828484,0.0817723762381549,28927.055219533013,28930.519461407617,3.4642418746043404,0.011975784774196818,1.945403131256463e6,1.940138080001223e6,-5265.051255240105,-0.2706406281889557,2.61189101689468
467.9999999999992,4.08091298694297,4.080387527730869,-0.0005254592121008983,-0.012876020973299953,28915.337482936517,28918.813907784548,3.4764248480314563,0.012022771133426887,2.14213118719284e6,2.136732339357883e6,-5398.847834956832,-0.2520316153947491,0.5
468.99999999999915,4.049160867609012,4.050120768525052,0.0009599009160403682,0.023706168942780975,28914.73282849903,28918.212499684443,3.4796711854141904,0.01203424982707966,2.1073036707532615e6,2.101954237264452e6,-5349.433488809504,-0.2538520462453014,1.3783657602291703
469.99999999999915,4.013777734165921,4.017068805942566,0.003291071776645005,0.08199437025699935,28920.5335571662,28924.016045740824,3.482488574623858,0.012041577890463692,1.9500104636045862e6,1.9447145278671244e6,-5295.935737461783,-0.2715849907631915,2.6151159053186466
470.9999999999991,4.080690127867109,4.0801718716726905,-0.000518256194418143,-0.012700209478758552,28908.807208254017,28912.301274577236,3.494066323219158,0.012086511553550143,2.146866464262825e6,2.1414480244220467e6,-5418.439840778243,-0.25238830318395167,0.5
471.99999999999903,4.048900419648715,4.049867838800626,0.0009674191519115638,0.023893379723957196,28908.211596071505,28911.70845685553,3.4968607840237382,0.012096427246640694,2.1118029832809106e6,2.106441860561421e6,-5361.122719489504,-0.2538647194806226,1.3800555565283814
472.999999999999,4.0135007183966165,4.016800375989296,0.0032996575926791394,0.08221395296018146,28914.02614648218,28917.525519661216,3.499373179034592,0.012102683871510376,1.9541882071861695e6,1.9488854489959953e6,-5302.758190174121,-0.2713535047788232,2.6183104395494423
473.999999999999,4.080472126368107,4.079961027124699,-0.0005110992434085304,-0.01252549282485708,28902.28972014052,28905.80012523451,3.5104050939880835,0.012145768131103685,2.1512051206931653e6,2.1457894629250877e6,-5415.657768077683,-0.2517499477842745,0.5
474.9999999999989,4.048645037259091,4.049619901134553,0.000974863875461196,0.024078768735951547,28901.70170638703,28905.214529841476,3.512823454446334,0.012154382776949186,2.115937872892814e6,2.1105854799120263e6,-5352.392980787903,-0.25295605553249795,1.381729302888482
475.99999999999886,4.013228795797151,4.0165368924894755,0.0033080966923249022,0.08242980554184458,28907.52875805206,28911.043881407655,3.5151233555952786,0.012159888813104293,1.9580307761247477e6,1.9527394068255348e6,-5291.369299212936,-0.2702393324830875,2.6214744934732774
476.9999999999988,4.080258463664879,4.079754486880864,-0.0005039767840147036,-0.012351589697139745,28895.781310279253,28899.306983293525,3.525673014271888,0.012201341699030928,2.1552299707469353e6,2.1498337563437237e6,-5396.214403211605,-0.25037766161638175,0.5
477.9999999999988,4.048394276128857,4.049376468996103,0.0009821928672462121,0.024261294732028954,28895.199884366553,28898.727665363684,3.5277809971303213,0.012208882483069413,2.119781508951097e6,2.114452959876098e6,-5328.549074998591,-0.25137256139361486,1.3833869332328323
478.99999999999875,4.012961573166869,4.016277983355106,0.003316410188237029,0.08264246063088639,28901.038483576376,28904.56841929291,3.5299357165349647,0.01221387154839064,1.9616031787091522e6,1.956336782352887e6,-5266.396356265061,-0.26847409371199393,2.624607942178245
479.9999999999987,4.080048764091786,4.0795518416983585,-0.000496922393427468,-0.012179324860056726,28889.27938471246,28892.819447105525,3.5400623930654547,0.012253896491924179,2.1589990373659185e6,2.153634526386799e6,-5364.510979119688,-0.24847213390445264,0.5
480.99999999999864,4.048147810350909,4.049137238395495,0.000989428044586127,0.02444149993871789,28888.70380398602,28892.245717510665,3.5419135246447695,0.012260548443700205,2.123385961988804e6,2.1180923418650394e6,-5293.6201237645,-0.24930089105451156,1.38502838212178
481.99999999999864,4.012698759059626,4.016023334284877,0.0033245752252506477,0.0828513532879742,28894.553228715697,28898.09720091254,3.5439721968432423,0.012265191189463374,1.9649523421894684e6,1.9597209440273251e6,-5231.398162143305,-0.26623537120061475,2.6277106619611548
482.9999999999986,4.07984274207817,4.07935282712004,-0.0004899149581296669,-0.012008182400680387,28882.782051829832,28886.335782346272,3.5537305164398276,0.012303975808364643,2.162554754472045e6,2.157230828763455e6,-5323.925708590075,-0.24618686290279992,0.5
483.9999999999985,4.047905390316715,4.04890194161917,0.0009965513024550177,0.024618937607557224,28882.21174977502,28885.767119262287,3.555369487268763,0.012309893432231546,2.1267897644774634e6,2.1215390384789123e6,-5250.725998551119,-0.24688505118140736,1.3866535847522232
484.99999999999847,4.0124401277477055,4.015772741763227,0.003332614015521429,0.08305704033999177,28888.071432651595,28891.628799873593,3.5573672219979926,0.01231431191345357,1.9681133764827335e6,1.9629242314138822e6,-5189.1450688513,-0.2636608810679878,2.630782530331465
485.9999999999984,4.079640172097716,4.079157203215029,-0.00048296888268684057,-0.011838516690517392,28876.287888380008,28879.854693771234,3.566805391226808,0.012352021856182255,2.165929193184349e6,2.1606521483459524e6,-5277.044838396832,-0.2436388435504912,0.5
486.9999999999984,4.047666817238978,4.04867040010328,0.0010035828643015776,0.024794107559133246,28875.722419834117,28879.290687939225,3.5682681051075633,0.012357329292847738,2.1300223095999165e6,2.124820082499692e6,-5202.227100224234,-0.2442334559961192,1.3882624769646994
487.99999999999835,4.012185498361071,4.015526016023336,0.0033405176622647303,0.08325930253297836,28881.591901242537,28885.162131381883,3.570230139346677,0.012361611338996447,1.9711132989926008e6,1.9659715404852955e6,-5141.758507305291,-0.26085555355611206,2.6338234260180284
488.9999999999983,4.079440869921347,4.078964803508855,-0.0004760664124923153,-0.01166989368573674,28869.79579738422,28873.375188590602,3.5793912063818425,0.012398394611111719,2.1691472332115322e6,2.163921380831313e6,-5225.852380219381,-0.24091736606012873,0.5
489.99999999999824,4.047431928105929,4.04844244444428,0.0010105163383506977,0.024966851976769067,28869.23480395648,28872.815511456138,3.5807074996591837,0.012403195041277829,2.133106570479693e6,2.127956615734078e6,-5149.954745614901,-0.24142979150154603,1.3898549952436576
490.99999999999824,4.011934721533776,4.0152830247802225,0.0033483032464465268,0.0834585674705709,28875.1137019699,28878.696353331583,3.582651361681201,0.01240740174621992,1.9739733773849343e6,1.968882488203957e6,-5090.889180977363,-0.25790059984099856,2.636833228971012
491.9999999999982,4.079244681320086,4.078775469134008,-0.0004692121860774279,-0.011502428089839072,28863.304917209058,28866.896490148956,3.5915729398984695,0.012443387720846476,2.17222858972071e6,2.167056720399612e6,-5171.8693210980855,-0.2380904728706774,0.5
492.9999999999981,4.0472005857608,4.048217952487569,0.0010173667267689979,0.025137541498397257,28862.748104449376,28866.34087130397,3.5927668545955385,0.01244776430017657,2.1360608640884506e6,2.1309655679903645e6,-5095.296098086052,-0.2385370278416872,1.3914310767176867
493.99999999999807,4.011687671180178,4.015043640398789,0.003355969218610255,0.08365479802227424,28868.636094737758,28872.230799408713,3.5947046709552524,0.012451938010367257,1.9767106702337489e6,1.971672868476915e6,-5037.801756833913,-0.2548578217690394,2.639811820368068
494.99999999999807,4.079051474373727,4.078589080790962,-0.00046239358276434217,-0.01133581141766139,28856.814560874864,28860.417980877744,3.603420002880739,0.012487241082272433,2.17518916372414e6,2.170072902546694e6,-5116.261177445762,-0.23520994232456616,0.5
495.999999999998,4.0469726726456035,4.04799680651414,0.0010241338685368362,0.025306172079173822,28856.26168263885,28859.86619415213,3.6045115132801584,0.012491262911747106,2.138900040612344e6,2.1338607152324216e6,-5039.32537992252,-0.2356035945690952,1.392990659166547
496.99999999999795,4.011444238780546,4.014807766024446,0.0033635272439003217,0.08384828614551086,28862.158484568998,28865.76493571722,3.6064511482218222,0.012495431172100287,1.9793390778857537e6,1.974355600792432e6,-4983.477093321737,-0.25177480447892114,2.64275908262047
497.9999999999979,4.078861134499754,4.078405524512079,-0.00045560998767513183,-0.011170029394271336,28850.3241741135,28853.939163419353,3.614989305853669,0.012530151425810623,2.178041973108909e6,2.1729820537158903e6,-5059.919393018819,-0.23231505432360222,0.5
498.99999999999784,4.046748086343301,4.047778914043137,0.0010308276998358679,0.025472989122170393,28849.775021519592,28853.39101614185,3.6159946222578583,0.012533874595419268,2.141636311783258e6,2.1366534571479904e6,-4982.8546352675185,-0.23266577092720697,1.3945336810213542
499.99999999999784,4.011204329601988,4.014575309317369,0.0033709797153811394,0.08403909246168034,28855.680388265315,28859.29832922951,3.6179409641954408,0.012538054606630388,1.9818700811707354e6,1.9769414162954043e6,-4928.664875331102,-0.24868758664642782,2.6456748993748693
500.9999999999978,4.0786735608226605,4.078224707362088,-0.00044885346057288444,-0.01100488808136809,28843.833305533117,28847.459633058123,3.626327525005763,0.012572280135560637,2.1807978130777776e6,2.1757942912625493e6,-5003.521815228276,-0.22943538301548302,0.5
501.9999999999977,4.046526736541945,4.047564187911846,0.0010374513699007437,0.025638070311808255,28843.28769896238,28846.914959057918,3.6272600955380767,0.012575751188268893,2.1442798433559663e6,2.139353337512814e6,-4926.505843152292,-0.2297510680994848,1.3960600813647268
502.99999999999767,4.0109678599121,4.0143461936222495,0.003378333710149839,0.08422739418869028,28849.20141029168,28852.83062597689,3.629215685210511,0.012579951984098328,1.9843132741054248e6,1.979439334072312e6,-4873.940033112653,-0.2456235160403258,2.6485591555193317
503.99999999999767,4.078488663620765,4.078046543014618,-0.00044212060614690074,-0.01084030489260693,28837.341584871054,28840.97905799968,3.6374731286268798,0.012613760245275897,2.183465736027814e6,2.1785181540705794e6,-4947.581957234535,-0.22659306604166063,0.5
504.9999999999976,4.046308542766854,4.047352553366505,0.0010440105996503135,0.02580155686635854,28836.799368041113,28840.43771200719,3.638343966078537,0.01261701730362904,2.146839188713256e6,2.14196844313705e6,-4870.745576205663,-0.22687985210131303,1.3975697999377525
505.99999999999756,4.010734754968152,4.014120348615983,0.0033855936478310866,0.08441330216707313,28842.7212249498,28846.361534662152,3.6403097123511543,0.012621242232865947,1.9866767563434984e6,1.9818570177822206e6,-4819.738561277743,-0.2426030578899271,2.6514117371893264
506.9999999999975,4.078306362402336,4.077870955093665,-0.0004354073086707544,-0.010676179521105831,28830.84870680937,28834.497164572225,3.6484577628543775,0.012654701219366713,2.1860534074266558e6,2.1811609245003867e6,-4892.482926269062,-0.22380436404929005,0.5
507.9999999999975,4.0460934326818325,4.047143942882063,0.0010505102002307254,0.02596356751787677,28830.309742304133,28833.959018265323,3.649275961190142,0.012657775770738181,2.1493216123283105e6,2.144505690476163e6,-4815.921852147672,-0.22406706490661932,1.3990627771393278
508.99999999999744,4.010504947509342,4.013897710468808,0.0033927629594661113,0.08459690248164713,28836.23956295068,28839.890814459235,3.6512515085560153,0.012662023772500522,1.9889674276819082e6,1.9842010412103957e6,-4766.386471512495,-0.239641253304364,2.654232531769333
509.9999999999974,4.078126584400861,4.077697875604741,-0.0004287087961198921,-0.010512395514149444,28824.354418716386,28828.01372633811,3.65930762172502,0.012695193684369001,2.1885673743362916e6,2.183728865732382e6,-4838.508603909519,-0.22108108987857192,0.5
510.9999999999973,4.045881340820423,4.04693829338583,0.0010569525654071654,0.026124161248704265,28823.81858455725,28827.47866526501,3.6600807077593345,0.012698111796055614,2.1517333351444867e6,2.1469710438742144e6,-4762.291270272341,-0.22132348802192803,1.4005389540300333
511.9999999999973,4.010278376540245,4.013678223536833,0.0033998469965883515,0.08477832901768466,28829.756201136945,28833.418265961147,3.662064824202389,0.012702378745949887,1.9911912125845742e6,1.986477085837314e6,-4714.126747260336,-0.2367490734926145,2.65702142789921
512.9999999999973,4.077949263465182,4.077527239520208,-0.0004220239449743701,-0.010348925837683449,28817.85851121459,28821.528555493787,3.670044279198919,0.012735312298693902,2.1910132711773408e6,2.1862274089466333e6,-4785.862230707426,-0.21843145788595533,0.5
513.9999999999973,4.0456722075131415,4.046735550744821,0.0010633432316797808,0.026283474714166564,28817.325698194654,28820.99647660392,3.67077840926504,0.012738095296243977,2.1540797234235257e6,2.1493696890533012e6,-4710.034370224457,-0.21865645542304707,1.4019982723314048
514.9999999999972,4.010054986451556,4.013461832826349,0.0034068463747924937,0.0849575974968654,28823.270954503263,28826.943723721804,3.6727692185413616,0.012742374813527328,1.993353233759055e6,1.9886901022147192e6,-4663.131544335745,-0.2339340296221376,2.659778315477631
515.9999999999972,4.077774339066657,4.0773589916629085,-0.0004153474037487115,-0.010185639743953522,28811.360810827195,28815.041496472928,3.6806856457333197,0.012775119057722998,2.1933959794528414e6,2.1886612922974424e6,-4734.687155399006,-0.21586103009909352,0.5
516.999999999997,4.045465978129266,4.046535660162686,0.0010696820334201718,0.026441503629078152,28810.830920410735,28814.51230639081,3.6813859800749924,0.012777784820731957,2.156365435973384e6,2.1517061566900145e6,-4659.279283369426,-0.2160709500180903,1.4034406744343497
517.999999999997,4.009834726202514,4.013248492960264,0.0034137667577498476,0.08513484946006321,28816.783669922028,28820.467051078966,3.683381156937685,0.012782068946793228,1.9954579480312828e6,1.9908444236408754e6,-4613.524390407372,-0.23120128364313924,2.662503085668361
518.999999999997,4.077601755622058,4.077193075285019,-0.0004086803370384473,-0.010022566241908564,28804.861174170423,28808.55242062118,3.6912464507586265,0.01281466495686013,2.1957197533213585e6,2.191034676965948e6,-4685.076355410274,-0.21337314784017347,0.5
519.9999999999969,4.045262602331216,4.046338577037332,0.0010759747061159786,0.026598389570454895,28804.334116819988,28808.02603395999,3.6919171400040796,0.012817227869358117,2.158594540291582e6,2.153984436513022e6,-4610.103778559715,-0.21356969511916696,1.4048661033922418
520.9999999999969,4.009617548783348,4.0130381554048355,0.0034206066214874653,0.08531004715213777,28810.294221152744,28813.98813522443,3.6939140716858674,0.012821507629636655,1.9975092539098382e6,1.9929438718884105e6,-4565.38202142762,-0.22855373573321572,2.6651956309016556
521.9999999999968,4.077431461778726,4.077029444517417,-0.00040201726130906223,-0.009859571278573679,28798.359483319127,28802.06122225535,3.7017389362226822,0.01285399238927773,2.197988319324547e6,2.193351232298888e6,-4637.087025659159,-0.21096959364570958,0.5
522.9999999999968,4.045062033603115,4.046144252747448,0.001082219144333152,0.02675408029204367,28797.835177147474,28801.537560661433,3.702383513958921,0.012856464700155475,2.160770605155645e6,2.1562080478364904e6,-4562.557319154497,-0.21115417380577736,1.406274502933116
523.9999999999968,4.009403410619137,4.012830782217284,0.003427371598147211,0.08548333123750079,28803.802504828825,28807.506884209517,3.7043793806915346,0.012860730384714006,1.999510577668823e6,1.9949918236880798e6,-4518.753980743233,-0.22599300204810768,2.66785584488044
524.9999999999967,4.077263409988748,4.076868048921809,-0.0003953610669391594,-0.009696726141621802,28791.855642064562,28795.567815181785,3.7121731172228465,0.01289313604295586,2.200204956521056e6,2.195614211852038e6,-4590.744669018313,-0.20865077389322662,0.5
525.9999999999967,4.0448642286930845,4.045952649686538,0.0010884209934536315,0.026908715148772883,28791.334011738465,28795.04680608739,3.7127943489249446,0.012895527339619649,2.162896775238768e6,2.1583801204441697e6,-4516.654794598464,-0.20882433439755152,1.40766581745577
526.9999999999967,4.009192271233611,4.012626329787463,0.0034340585538519264,0.08565462371290268,28797.308437198266,28801.023223446588,3.714786248321616,0.012899768936471594,2.0014649429074395e6,1.996991284913058e6,-4473.657994381618,-0.22351917830161608,2.6704836225840207
527.9999999999966,4.077097555959767,4.076708849576211,-0.00038870638355614773,-0.00953389950132416,28785.349572867366,28789.072130173667,3.722557306300587,0.012932124714613203,2.2023725614090953e6,2.197826507430639e6,-4546.053978456184,-0.20641621032308827,0.5
528.9999999999966,4.0446691473159255,4.045763724007581,0.001094576691655469,0.027062205876142886,28784.830548706603,28788.553706301394,3.723157594791701,0.012934443329418852,2.164975831770454e6,2.160503433921118e6,-4472.3978493362665,-0.20657957394743157,1.409039992033489
529.9999999999965,4.008984092787122,4.012424765692877,0.0034406729057554486,0.08582405981470052,28790.811951449865,28794.53709400306,3.7251425531940185,0.012938650564894629,2.0033750273265645e6,1.9989449292333792e6,-4430.098093185341,-0.22113174182355438,2.6730788602712603
530.9999999999965,4.076933858385584,4.076551800994344,-0.00038205739124030913,-0.009371194248208854,28778.84121434742,28782.57411257967,3.732898232250591,0.01297098171690662,2.2044937011305024e6,2.1999907014980777e6,-4502.999632424675,-0.20426457241023002,0.5
531.9999999999965,4.044476751712605,4.045577443354754,0.0011006916421498758,0.027214685847404014,28778.324731578276,28782.058210955307,3.733479377031472,0.012973233889930876,2.1670102423849003e6,2.162580478978667e6,-4429.763406233396,-0.20441820345796918,1.4103969724162135
532.9999999999964,4.008778839866985,4.012226050184073,0.0034472103170877233,0.08599153145605071,28784.31299550017,28788.04844995474,3.735454454566934,0.012977396594981769,2.005243209479823e6,2.0008551535228926e6,-4388.055956930388,-0.21882911440296993,2.675641455488564
533.9999999999964,4.076772278503722,4.0763968695425215,-0.00037540896120091816,-0.009208484937468783,28772.33051920243,28776.073720656317,3.743201453886286,0.013009726311145015,2.20657065737171e6,2.2021091024680533e6,-4461.55490365671,-0.20219406474710203,0.5
534.9999999999962,4.044287006464705,4.045393767662106,0.0011067611974011626,0.02736603993811589,28771.816517332834,28775.560282397324,3.7437650644897076,0.013011917625132822,2.1690022023827424e6,2.164613477743847e6,-4388.724638895597,-0.20233841321481344,1.4117367050342224
535.9999999999962,4.008576479112929,4.01203015501202,0.003453675899091735,0.08615716619322206,28777.811530144518,28781.557257468918,3.7457273243999225,0.01301602562959419,2.0070716076380159e6,2.0027240994902062e6,-4347.5081478096545,-0.2166095186272869,2.678171307068088
536.9999999999962,4.076612779928844,4.076244013698713,-0.00036876623013082366,-0.009045897906871115,28765.817452461375,28769.570923848503,3.7534713871282293,0.013048373797585439,2.208605463007451e6,2.2041837825677926e6,-4421.680439658463,-0.20020236813312392,0.5
537.9999999999961,4.044099878132693,4.045212668577972,0.0011127904452790105,0.02751639372944533,28765.305874754347,28769.05989333895,3.754018584600999,0.013050508139722878,2.170953669256664e6,2.166604433019356e6,-4349.2362373080105,-0.20033758890843542,1.4130591369940861
538.9999999999961,4.008376979091159,4.011837043513035,0.0034600644218754084,0.08632083359235157,28771.307527500063,28775.063492688292,3.755965188229311,0.013054551603674256,2.008862112347983e6,2.004553697404529e6,-4308.414943454089,-0.21447041670860922,2.680668315135624
539.9999999999961,4.076455328283704,4.076093203911725,-0.00036212437197935543,-0.008883315106308779,28759.30199001209,28763.06570165718,3.763711645089643,0.013086936694071207,2.2105999328440446e6,2.2062166014073994e6,-4383.33143664524,-0.19828696144968527,0.5
540.999999999996,4.043915335145316,4.045034109079746,0.0011187739344302727,0.027665612202785402,28758.792783037585,28762.55702651665,3.764243479065044,0.013089017704822636,2.172866391751959e6,2.1685551365927807e6,-4311.255159178283,-0.1984132653320743,1.414364216089994
541.999999999996,4.008180309980202,4.011646690633147,0.0034663806529451335,0.08648265259708976,28764.800969682874,28768.56714131268,3.7661716298061947,0.013092986924455386,2.010616413965599e6,2.0063456769797672e6,-4270.736985831754,-0.21240933656800562,2.683132381113569
542.9999999999959,4.076299891102968,4.075944401875661,-0.0003554892273065491,-0.008720880131573454,28752.78411734442,28756.558042350287,3.773925005865749,0.01312542462136465,2.2125556897323485e6,2.208209234539565e6,-4346.455192783382,-0.19644500759703679,0.5
543.9999999999959,4.043733347493532,4.04485806390286,0.001124716409328208,0.027813812451935097,28752.27723059604,28756.051672715457,3.7744421194183815,0.013127454528721294,2.1747419345914475e6,2.1704672106942288e6,-4274.723897218704,-0.19656235203013936,1.4156518907996583
544.9999999999959,4.007986443502577,4.011459062206909,0.003472618704332575,0.08664247629784536,28758.291847676683,28762.06819682891,3.77634915222734,0.01313134024868178,2.0123360260853532e6,2.0081016035085015e6,-4234.422576851677,-0.2104232355810378,2.6855634077248176
545.9999999999958,4.076146437517338,4.075797581221866,-0.0003488562954725438,-0.008558482891135333,28746.263828475403,28750.04794217725,3.784113701847673,0.013163845306739358,2.2144741867979504e6,2.210163189451466e6,-4310.997346484568,-0.19467363278314453,0.5
546.9999999999958,4.043553886672528,4.044684498501276,0.0011306118287484068,0.027960844851725133,28745.759214039364,28749.543830787996,3.784616748631379,0.01316582637616675,2.1765816995935976e6,2.1723421085781455e6,-4239.591015452053,-0.19478207577706144,1.4169221102878864
547.9999999999957,4.007795352654715,4.0112741356466755,0.003478782991960472,0.08680041483795245,28751.780160357313,28755.566660416203,3.786500058889942,0.013169619542760462,2.014022305659127e6,2.0098228817712215e6,-4199.423887905432,-0.2085093037999443,2.687961298995624
548.9999999999957,4.075994938207103,4.075652706277733,-0.000342231929369774,-0.008396279547891456,28739.741125017757,28743.535404366612,3.794279348854616,0.013202204335625418,2.2163567266174573e6,2.2120798279357892e6,-4276.898681668099,-0.19296977920135555,0.5
549.9999999999957,4.043376925416698,4.044513390007736,0.001136464591037445,0.028106817939569765,28739.238737286,28743.033505921736,3.7947686357365455,0.013204137626697993,2.178386943914716e6,2.174181150673988e6,-4205.793240728322,-0.1930691538744817,1.4181748244085877
550.9999999999956,4.007607011679136,4.011091878827484,0.0034848671483480587,0.0869563092936087,28745.26591364732,28749.06253941291,3.7966257655898517,0.013207829689226624,2.0156764703499035e6,2.0115107870016487e6,-4165.683348254766,-0.2066642841512974,2.6903259602633005
551.9999999999956,4.075845365126381,4.075509753171601,-0.0003356119547799352,-0.008234167999882617,28733.216015373368,28737.020438572912,3.8044231995445443,0.013240506031448178,2.218204477757354e6,2.213960377021991e6,-4244.100735362619,-0.1913304556870016,0.5
552.9999999999956,4.043202437679141,4.044344705906932,0.0011422682277908436,0.02825157150544564,28732.715810792895,28736.52070989384,3.8048991009454767,0.013242392838884513,2.1801587958238646e6,2.1759855200738367e6,-4173.2757500279695,-0.191420723940933,1.4194099837067538
553.9999999999955,4.007421395827898,4.010912271074401,0.0034908752465030446,0.08711026123026078,28738.749119777527,28742.555847436826,3.806727659299213,0.013245975471769878,2.0172996136350222e6,2.0131664641613215e6,-4133.149473700672,-0.20488525580258493,2.692657298174094
554.9999999999955,4.075697691492587,4.075368688401229,-0.00032900309135808214,-0.00807231341139033,28726.688514025227,28730.50306007242,3.8145460471932893,0.013278753119528254,2.2200184892320745e6,2.2158059470778177e6,-4212.54215425672,-0.1897525707416013,0.5
555.9999999999953,4.0430303983982325,4.044178425200539,0.0011480268023067453,0.02839520580309192,28726.190450878425,28730.005459513653,3.815008635228878,0.013280593685934495,2.1818982685093074e6,2.177756294885099e6,-4141.973624208476,-0.18983348967219768,1.420627539421961
556.9999999999953,4.007238481364097,4.010735281939687,0.0034968005755899867,0.0872621031129559,28732.229796640127,28736.046603022358,3.816806382230425,0.013284059083631415,2.0188927179812938e6,2.0147909552113712e6,-4101.762769922614,-0.20316893183031526,2.6949552206907734
557.9999999999953,4.075551891541985,4.07522949006143,-0.0003224014805551789,-0.007910621411158093,28720.158640918402,28723.98328937132,3.824648452919064,0.013316947516682522,2.221799703099821e6,2.217617539243726e6,-4182.163856095169,-0.18823316297415457,0.5
558.9999999999952,4.042860783504597,4.044014517047902,0.0011537335433047247,0.028537553111205535,28719.662679129127,28723.487777036116,3.825097906988958,0.013318742457823838,2.1836062721375637e6,2.179494440293451e6,-4111.831844112836,-0.18830463607744194,1.421827443484095
559.9999999999952,4.007058245351231,4.010560892234139,0.0035026468829082447,0.08741192836345275,28725.707967217753,28729.534829886845,3.826862669091497,0.01332208303955041,2.0204566664378115e6,2.0163851952322063e6,-4071.471205605194,-0.20151242405923245,2.6972196370952943
560.9999999999952,4.075407940545488,4.075092126447876,-0.0003158140976120549,-0.007749263441092074,28713.62642091036,28717.4611515434,3.834730633039726,0.013355089938229219,2.223548965607148e6,2.2193960604758644e6,-4152.905131283682,-0.18676922323362086,0.5
561.9999999999951,4.0426935697124184,4.04385296190951,0.001159392197091158,0.028678705845460176,28713.13252187271,28716.96768873661,3.8351668639006675,0.013356838934167718,2.1852836245253994e6,2.181200838064131e6,-4082.7864612685516,-0.1868309639740815,1.423009648524547
562.9999999999951,4.00688066567629,4.010389072895094,0.0035084072188045212,0.08755956344939872,28719.18365907864,28723.020555695603,3.8368966169618943,0.013360047634045418,2.0219922528457849e6,2.017950036947731e6,-4042.2158980539534,-0.19991253143353407,2.6994504579923735
563.999999999995,4.075265814589226,4.0749565772063505,-0.00030923738287569336,-0.0075881524529919165,28707.091883287005,28710.936675953475,3.844792666470312,0.013393180619276569,2.2252670369696193e6,2.221142328494885e6,-4124.708474734332,-0.18535791013879316,0.5
564.999999999995,4.042528734546479,4.043693730331613,0.001164995785134515,0.02881849113844859,28706.600009712885,28710.445225432522,3.8452157196370536,0.013394883818829202,2.1869310605305717e6,2.1828762762671094e6,-4054.784263462294,-0.18540978893402163,1.4241741078718861
565.999999999995,4.006705720859975,4.010219805885951,0.003514085025976499,0.08770509417952106,28712.65690392765,28716.503812429266,3.846908501614962,0.013397953782148031,2.0235001908966321e6,2.019486244652408e6,-4013.9462442242075,-0.19836648705457202,2.701647595313022
566.9999999999949,4.07512549060988,4.074822812128218,-0.00030267848166154465,-0.007427464070959101,28700.55506132903,28704.409895700486,3.8548343714574003,0.013431218884861859,2.226954600108488e6,2.2228570845572115e6,-4097.515551276505,-0.18399636665592065,0.5
567.9999999999949,4.042366256153935,4.043536803911817,0.0011705477578818346,0.028956994089781946,28700.065177112778,28703.920421162537,3.8552440497587668,0.01343287559093482,2.188549240436637e6,2.1845214765423522e6,-4027.7638942846097,-0.1840380750803227,1.4253207755552515
568.9999999999948,4.006533390095631,4.010053063292392,0.003519673196761275,0.08784834304543922,28706.127737206567,28709.98463524913,3.856898042562534,0.013435800459995633,2.0249811221672744e6,2.020994516600036e6,-3986.6055672382936,-0.1968712460376694,2.703810962317037
569.9999999999948,4.074986946195673,4.074690812081859,-0.0002961341138139062,-0.007267118096914916,28694.01599192811,28697.8808474256,3.8648554974897706,0.013469203817886594,2.2286122683623005e6,2.2245409965908853e6,-4071.2717714151368,-0.18268192404804975,0.5
570.9999999999948,4.042206113346016,4.043382154349651,0.0011760410036343316,0.029094038519001705,28693.528062025125,28697.39331378231,3.8652517571863427,0.013470813867263214,2.190138757377593e6,2.186137082218579e6,-4001.67515901383,-0.18271331647522265,1.4264496063061662
571.9999999999947,4.006363653076464,4.00988882796813,0.0035251748916653725,0.08798938880544231,28699.596197736064,28703.463062934836,3.8668651987718476,0.013473587475341834,2.0264356233015598e6,2.0224754773932337e6,-3960.1459083261434,-0.19542421495108223,2.7059404736003594
572.9999999999947,4.074850159636219,4.074560548107799,-0.00028961152842033044,-0.007107292711989817,28687.474715240223,28691.349570836,3.8748555957754434,0.013507133807483328,2.230240592431538e6,2.226194670223583e6,-4045.9222079548053,-0.18141191679879282,0.5
573.9999999999947,4.042048285426497,4.043229764125501,0.0011814786990038684,0.029229702754013605,28686.988705558786,28690.86394372962,3.875238170832745,0.013508696261597597,2.1917001440091687e6,2.1877236837508143e6,-3976.460258354433,-0.18143267769652516,1.4275605555603257
574.9999999999945,4.006196490046294,4.0097270729542895,0.003530582907995239,0.0881280515513217,28693.062327395615,28696.939136831304,3.8768094356892107,0.013511312914089699,2.0278642124099934e6,2.0239296986494137e6,-3934.51376057975,-0.1940225453214059,2.7080360450925474
575.9999999999945,4.074715109740484,4.074432002035804,-0.0002831077046794306,-0.006947914076315917,28680.931274378036,28684.816108576568,3.8848341985321895,0.013545007173468897,2.2318400665256768e6,2.227818650566187e6,-4021.415959489532,-0.18018387696344668,0.5
576.9999999999944,4.0418927522443715,4.043079605901384,0.0011868536570123212,0.029363808734244327,28680.447151681907,28684.332354670423,3.8852029885165393,0.013546521670212872,2.19323387843857e6,2.1892818057411667e6,-3952.072697403375,-0.18019385603403937,1.4286535794609136
577.9999999999944,4.006031881640984,4.009567781787302,0.003535900146317772,0.08826440354911422,28686.526170835208,28690.412901335454,3.8867305002459034,0.013548975840084234,2.0292673548233793e6,2.0253576903095522e6,-3909.6645138270687,-0.19266384513278453,2.710097594064027
578.9999999999944,4.07458177589742,4.074305145953819,-0.0002766299436016695,-0.006789161656738186,28674.385715131168,28678.28050581689,3.894790685721091,0.013582821701620102,2.233411133939188e6,2.229413431872811e6,-3997.7020663768053,-0.17899534956315194,0.5
579.9999999999943,4.041739494036451,4.042931662838541,0.0011921688020901655,0.02949642855135022,28673.903446952405,28677.79859233663,3.8951453842237242,0.01358428716002989,2.194740389590327e6,2.190811930839612e6,-3928.4587507150136,-0.1789942340947352,1.4297286348541018
580.9999999999943,4.005869808947719,4.009410928306131,0.0035411193584122813,0.08839826373045506,28679.98777521681,28683.884402911535,3.8966276947248843,0.013586573764484206,2.0306454682338603e6,2.026759919870196e6,-3885.5483636644203,-0.1913454822344665,2.712125039128374
581.9999999999942,4.07445013790823,4.074179962444332,-0.00027017546389807023,-0.0066309674864931546,28667.838085717605,28671.742810171872,3.904724454267125,0.013620575233444163,2.23495419199277e6,2.230979458292362e6,-3974.7337004081346,-0.17784407907099478,0.5
582.9999999999942,4.041588491487929,4.042785908405558,0.0011974169176287575,0.02962738339518388,28667.3576402778,28671.26270520584,3.905064928039792,0.013621991175612061,2.1962200619773795e6,2.1923144860259215e6,-3905.575951457955,-0.17783172183308202,1.430785679300102
583.9999999999942,4.005710253358526,4.009256496564764,0.0035462432062383087,0.08852969840404747,28673.447189980452,28677.35369061165,3.9065006311975594,0.013624105275220042,2.0319989273416242e6,2.0281368029346368e6,-3862.1244069873355,-0.19006527784145955,2.71411830024553
584.9999999999941,4.074320176054942,4.074056424477381,-0.00026375157756142187,-0.006473511313899873,28661.28843655624,28665.20307133936,3.9146347831228923,0.013658265195537908,2.2364695965473712e6,2.232517132427654e6,-3952.464119717013,-0.17672782700997897,0.5
585.9999999999941,4.041439725586793,4.042642326283371,0.00120260069657796,0.029756739633259026,28660.809782696047,28664.72474340204,3.914960705991689,0.01365963046988067,2.197673240044856e6,2.19378986518089e6,-3883.3748639659025,-0.1767039245509783,1.431824671068609
586.9999999999941,4.005553196635822,4.009104461071153,0.0035512644353303813,0.08865852632572728,28666.90446663397,28670.82081514944,3.916348515471327,0.013661567540470407,2.0333280680159074e6,2.0294887212320108e6,-3839.3467838966753,-0.1888208225858533,2.716077298724958
587.999999999994,4.074191870944884,4.073934515221113,-0.0002573557237708357,-0.006316730579287861,28654.73682006476,28658.661341058432,3.9245209936707397,0.013695889158970366,2.2379576660003318e6,2.2340268152999813e6,-3930.8507003504783,-0.17564455128303108,0.5
588.999999999994,4.04129317769057,4.042500890619589,0.0012077129290188893,0.02988431860588364,28654.25992717988,28658.18475939661,3.9248322167295555,0.013697203231574905,2.1991002320383405e6,2.195238414895596e6,-3861.8171427445486,-0.17560896436107598,1.4328455691420068
589.9999999999939,4.005398620776238,4.0089548062653915,0.003556185489153485,0.0887848083510925,28660.35965856224,28664.285829443485,3.926170881244616,0.013698958868688441,2.0346331910655133e6,2.030816012644409e6,-3817.178421104327,-0.1876101519362965,2.718001957227764
590.9999999999939,4.074065203585039,4.0738142083921725,-0.0002509951928661991,-0.006160804511555972,28648.183290473957,28652.1176727885,3.934382314542745,0.013733444367660825,2.239418684953027e6,2.2355088340037777e6,-3909.8509492492303,-0.174592226791715,0.5
591.9999999999939,4.041148829390679,4.042361585486601,0.001212756095921641,0.030010181439036464,28647.708128457853,28651.64280696469,3.934678506837372,0.013734706068611364,2.200501313533045e6,2.1966604558739522e6,-3840.8576590926386,-0.17454466559376405,1.4338483332169882
592.9999999999937,4.005246508080587,4.008807507219045,0.0035609991384584205,0.08890836384911896,28653.812820855488,28657.748787741904,3.9359668864162813,0.013736276254137857,2.035914565620151e6,2.032118988174664e6,-3795.577445487026,-0.18643107670536616,2.719892199773703
593.9999999999937,4.0739401552370715,4.073695487610593,-0.0002446676264789005,-0.006005675516965535,28641.62790366245,28645.57212169716,3.9442180347105023,0.013770928272572622,2.24085290746327e6,2.236963481057362e6,-3889.4264059076086,-0.17356901887462958,0.5
594.9999999999936,4.041006662583447,4.042224385606702,0.0012177230232550684,0.030134150347492093,28641.154442854273,28645.098941898297,3.944499044024269,0.013772137055070377,2.2018767305819523e6,2.1980562684621727e6,-3820.4621197795495,-0.17350935530209305,1.4348329237077098
595.9999999999936,4.0050968410267105,4.008662548653715,0.0035657076270041443,0.08902924869327433,28647.26401015282,28651.209746180164,3.9457360273445374,0.013773517868743545,2.0371724322079592e6,2.0333979216250929e6,-3774.51058286638,-0.18528184080988336,2.7217479517382475
596.9999999999936,4.073816707495772,4.073578327228752,-0.00023838026702005521,-0.0058515216598095466,28635.070717004408,28639.0247443734,3.9540273689926835,0.013808338062335071,2.242260560036573e6,2.238391021311417e6,-3869.5387251558714,-0.17257310743104523,0.5
597.9999999999935,4.040866659343442,4.0420892753416675,0.0012226159982251517,0.03025628166666112,28634.598928142324,28638.55322101239,3.954292870064819,0.01380949277476524,2.20322670259834e6,2.1994261130109304e6,-3800.589587409515,-0.17250106777152577,1.4357993017410944
598.9999999999935,4.004949602342583,4.0085199061187735,0.0035703037761907197,0.08914728350395147,28640.713284501657,28644.668761950703,3.955477449046157,0.013810680655033072,2.038407005509007e6,2.0346530656476372e6,-3753.939861369785,-0.18416046703255887,2.723569139859487
599.9999999999935,4.073694842153258,4.073462711211668,-0.00023213094158958114,-0.0056982898961298305,28628.5117892342,28632.475598838737,3.9638096045382554,0.01384567117466739,2.2436418442768585e6,2.2397916908225794e6,-3850.1534542790614,-0.1716028547114209,0.5
600.9999999999934,4.040728801997194,4.041956229903591,0.0012274279063975158,0.03037639907411852,28628.041643412977,28632.00570286351,3.964059450532659,0.013846771287775981,2.2045514249211247e6,2.2007702152666003e6,-3781.2096545244567,-0.17151832394473365,1.436747429167757
601.9999999999934,4.004804774886821,4.008379564534409,0.0035747896475877283,0.08926251961155221,28634.16070322912,28638.125893868804,3.9651906396829872,0.01384776275016095,2.0396184768718528e6,2.035884641208059e6,-3733.8356637938414,-0.183065397089381,2.7253556922400337
602.9999999999933,4.073574541280236,4.0733486144569895,-0.000225926823246958,-0.005546156599259236,28621.951180320957,28625.92474428892,3.9735639679638552,0.013882924832517646,2.2449969393380997e6,2.2411657031327016e6,-3831.236205398105,-0.17065663379156687,0.5
603.9999999999933,4.040593073004229,4.041825233862504,0.0012321608582750443,0.030494554537235746,28621.48264895384,28625.456446800417,3.973797846578236,0.013883969238482076,2.2058510711782966e6,2.202088785803718e6,-3762.285374578554,-0.170559355694347,1.4376772685572499
604.9999999999933,4.004662341723929,4.008241499858012,0.003579158134082938,0.0893747794112944,28627.60632682634,28631.581201582405,3.9748747560661286,0.013884761131220934,2.0408070165673366e6,2.0370928528188702e6,-3714.1637484664097,-0.18199485391390316,2.727107538349858
605.9999999999932,4.073455787098296,4.073236021189677,-0.0002197659086187187,-0.0053950728841779755,28615.38895135746,28619.372241123245,3.983289765783411,0.013920096534611147,2.246326004085988e6,2.242513247776394e6,-3812.7563095940277,-0.16973299078845897,0.5
606.9999999999932,4.040459455032961,4.041696262851459,0.001236807818497887,0.03061057368011128,28614.922006141587,28618.905513683098,3.9835075415103347,0.013921084742622606,2.207125795380811e6,2.2033820053875498e6,-3743.7899932614528,-0.16962286431958945,1.4385887832011066
607.9999999999932,4.004522286011718,4.008105697143134,0.0035834111314159145,0.08948411010055317,28621.050216842632,28625.03474614132,3.984529298686539,0.013921673972472761,2.0419727758476185e6,2.0382778778931578e6,-3694.897954460699,-0.18094746404867984,2.728824609029076
608.9999999999931,4.073338562062909,4.07312490677916,-0.00021365528374861498,-0.005245212998951185,28608.825164456586,28612.818150710453,3.9929862538665475,0.013957183599511827,2.2476291791111147e6,2.2438344960239995e6,-3794.683087115176,-0.16883047801576795,0.5
609.9999999999931,4.040327930848389,4.041569301585209,0.0012413707368201798,0.030724504497324712,28608.359777341957,28612.352964974187,3.9931876322298194,0.013958114562696652,2.208375733861004e6,2.2046500435559447e6,-3725.69030505931,-0.16870726516024137,1.439481937114289
610.999999999993,4.004384591077753,4.00797213269892,0.003587541621167034,0.08959033628189723,28614.49243579014,28618.486589243254,3.9941534531135403,0.013958498345117504,2.04311588879124e6,2.0394398812448482e6,-3676.0075463918038,-0.1799216366804638,2.730506836489683
611.999999999993,4.073222848742943,4.0730152556432335,-0.0002075930997094133,-0.005096531847587952,28602.259882659848,28606.26253543225,4.0026527724039624,0.01399418363732362,2.248906588497144e6,2.2451295991047095e6,-3776.9893924347125,-0.1679478112498539,0.5
612.999999999993,4.0401984833891,4.0414443260622415,0.0012458426731418726,0.030836174961800487,28601.796025821066,28605.798863454107,4.002837633041054,0.013995056916801243,2.209601006988465e6,2.205893044047635e6,-3707.962940829806,-0.16781142518954162,1.440356695036611
613.9999999999928,4.004249240312842,4.007840791661479,0.00359155134863709,0.08969350140543426,28607.933047056486,28611.936793802393,4.003746745907847,0.013995232508836561,2.044236473992535e6,2.0405790044145966e6,-3657.4695779383183,-0.178916168675683,2.732154154322206
614.9999999999928,4.073108629904616,4.072907043563815,-0.00020158634080136295,-0.004949201190494242,28595.693169851875,28599.705458469714,4.012288617839658,0.014031094102204768,2.250158341471856e6,2.2463986934942957e6,-3759.647977560293,-0.1670837073226172,0.5
615.9999999999927,4.040071095661065,4.041321321092592,0.0012502254315265304,0.0309456294684824,28595.230815662813,28599.243272350006,4.012456687192753,0.014031908723027202,2.2108017207598323e6,2.207111142600433e6,-3690.5781593993306,-0.1669339283004951,1.4412130224356994
616.9999999999927,4.004116217248186,4.007711650646695,0.0035954333985088738,0.08979343264366642,28601.372114825983,28605.3854232285,4.013308402518305,0.014031873668179514,2.0453346360749316e6,2.0416953795080828e6,-3639.2565668488387,-0.17792964059087654,2.7337664974923648
617.9999999999927,4.072995888397447,4.072800255099193,-0.00019563329825356135,-0.0048031793700271785,28589.125090684836,28593.146983857845,4.021893173008721,0.014067912747421463,2.2513845338584646e6,2.2476418989231098e6,-3742.634935354814,-0.16623703676868637,0.5
618.9999999999926,4.039945750815303,4.041200262996048,0.0012545121807452375,0.031052698677749915,28588.664211695675,28592.686256043875,4.022044348199415,0.014068668330974306,2.2119779682045807e6,2.2083044525122195e6,-3673.515692361165,-0.16607379210665854,1.4420508855020706
619.9999999999926,4.003985505454376,4.007584694834518,0.0035991893801421426,0.08989017006278356,28594.80970400751,28598.832541991927,4.022837984415673,0.014068420199529705,2.0464104670756503e6,2.0427891185563563e6,-3621.348519294057,-0.17696100452755287,2.7353438023476118
620.9999999999926,4.072884607238526,4.072694866396401,-0.0001897408421251967,-0.004658635351170523,28582.555710507735,28586.58717628958,4.031465781845327,0.014104637187371068,2.2525852494299333e6,2.2488593232665733e6,-3725.926163360011,-0.16540666615405297,0.5
621.9999999999925,4.039822432046942,4.041081136640362,0.0012587045934200347,0.031157423738108713,28582.096279424335,28586.127879236265,4.031599811929482,0.014105332836737199,2.213129830691276e6,2.209473081717226e6,-3656.7489740499295,-0.16522975395924855,1.4428702511598974
622.9999999999925,4.003857088618469,4.007459901112077,0.003602812493608276,0.0899835437146291,28588.245880169325,28592.278214933023,4.0323347636986,0.014104869464886234,2.0474640476885855e6,2.0438603267467432e6,-3603.720941842301,-0.17600899736972664,2.736886006618652
623.9999999999924,4.072774769504337,4.072590862114151,-0.00018390739018592228,-0.004515530580354291,28575.985095303993,28580.026101178762,4.041005874769326,0.014141265336232979,2.2537605610967143e6,2.250051060396706e6,-3709.500700008124,-0.16459160587152277,0.5
624.9999999999924,4.03970112267284,4.040963918631698,0.0012627959588584758,0.03125963828786808,28575.52708496916,28579.568207644716,4.041122675556835,0.01414190073744075,2.2142573790793126e6,2.2106171185320015e6,-3640.2605473110452,-0.16440096719129663,1.4436710870620264
625.9999999999924,4.0037309504481495,4.0073372546742565,0.003606304226106971,0.09007359062684536,28581.68070947924,28585.7225078211,4.0417983418628864,0.014141219975641274,2.04849544840179e6,2.0449090918734367e6,-3586.3565283534117,-0.17507271159188767,2.738393049421901
626.9999999999923,4.072666358414772,4.072488218727239,-0.0001781396875335517,-0.00437403096292155,28569.41331163257,28573.463824479342,4.050512846773927,0.01417779498161653,2.254910532027535e6,2.2512171947262003e6,-3693.337301334832,-0.1637908577248036,0.5
627.9999999999923,4.039581806035936,4.040848593867758,0.0012667878318222137,0.03135938056581455,28568.956695009347,28573.007307200027,4.050612190680113,0.014178369318567752,2.215360674796616e6,2.211736648060117e6,-3624.026736499276,-0.1635863079871626,1.444453361592827
628.9999999999922,4.0036070747484,4.007216732652048,0.003609657903647978,0.09016014399651896,28575.11425865076,28579.16548669194,4.051228041182185,0.014177469264031817,2.0495047305149e6,2.0459354970100487e6,-3569.2335048513487,-0.1741510254506534,2.739864871260894
629.9999999999922,4.072559357230332,4.07238692096494,-0.00017243626539187318,-0.004234100727979168,28562.840426576666,28566.900412754814,4.059986178148392,0.014214224207095052,2.256035216613146e6,2.2523577989436304e6,-3677.417669515591,-0.16300355785386558,0.5
630.9999999999922,4.0394644655822205,4.040735139214452,0.0012706736322316559,0.031456487439319746,28562.3851767331,28566.445244733135,4.060068000035244,0.01421473723189817,2.216439770776994e6,2.2128317381633525e6,-3608.0326136415824,-0.16278505110819017,1.445217043869441
631.999999999992,4.003485445330185,4.007098320234684,0.0036128749044994635,0.09024323814424394,28568.546594893312,28572.607218398818,4.060623505505646,0.014213615985041013,2.0504919470775507e6,2.0469396100888958e6,-3552.336988654919,-0.17324315726856976,2.7413014140326157
632.999999999992,4.072453749335522,4.072286945600962,-0.00016680373455990605,-0.004095902490902995,28556.26650769445,28560.335933010287,4.06942531583627,0.014250550977102587,2.257134661395612e6,2.2534729382637306e6,-3661.723131881561,-0.16222882907736996,0.5
633.999999999992,4.039349084769752,4.040623539579793,0.0012744548100416253,0.03155099456115145,28555.81259779006,28559.88208720159,4.069489411529503,0.014251001954832978,2.2174947123539187e6,2.213902455241984e6,-3592.2571119344793,-0.16199619741691382,1.4459621037429995
634.9999999999919,4.003366046086561,4.006981994776423,0.0036159486898617033,0.09032270964570994,28561.9777858676,28566.047769976136,4.069984108537028,0.014249657846001292,2.0514571437218175e6,2.0479214960570596e6,-3535.647664757911,-0.17234811244184362,2.742702621023824
635.9999999999919,4.072349518140937,4.07218827741384,-0.0001612407270972227,-0.003959402953478082,28549.691622976752,28553.770452767,4.078829790247255,0.014286773545969295,2.2582089058557954e6,2.2545626680736607e6,-3646.2377821346745,-0.161465919857085,0.5
636.9999999999918,4.0392356471448165,4.040513772069476,0.0012781249246591742,0.03164274224908449,28549.239026250194,28553.317902363644,4.078876113449951,0.014287162294236787,2.2185255380231645e6,2.214948850460996e6,-3576.687562168576,-0.16121912959161214,1.4466885118013932
637.9999999999918,4.003248860905605,4.006867741447383,0.003618880541778502,0.09039859043286777,28555.40789964432,28559.487209181127,4.0793095368062495,0.014285593647069073,2.052400359433006e6,2.0488812066132836e6,-3519.152819722425,-0.17146522137106926,2.744068436917263
638.9999999999918,4.07224664716576,4.0720908934545355,-0.00015575371122444892,-0.0038247612367205666,28543.11584080599,28547.204039905548,4.088199099558551,0.014322890052928118,2.2592579831764842e6,2.2556270379245053e6,-3630.945251978934,-0.16071406094464152,0.5
639.9999999999917,4.039124136255406,4.040405821589227,0.0012816853338204481,0.03173176388207454,28542.664530564176,28546.752758033126,4.088227468950208,0.014323215916203043,2.219532280180527e6,2.215970974942693e6,-3561.305237833876,-0.1604529598255816,1.4473962393641189
640.9999999999917,4.003133873745471,4.006755537810342,0.0036216640648714105,0.09047072066772666,28548.837004666962,28552.925603881755,4.088599214792339,0.01432142126883825,2.0533216272333618e6,2.0498187918872915e6,-3502.835346070351,-0.1705936030484449,2.745398807792862
641.9999999999916,4.072145119944349,4.071994778536747,-0.00015034140760139536,-0.0036919462144180655,28536.539229921036,28540.63676274388,4.097532822845096,0.014358898918439153,2.260281920890267e6,2.2566660891261427e6,-3615.831764124334,-0.15997260035155927,0.5
642.9999999999916,4.039014535726137,4.040299665470483,0.0012851297443461362,0.031817903426165674,28536.08917952915,28540.186722739512,4.097543210362346,0.014359161777857734,2.22051496574778e6,2.2169688662724546e6,-3546.099475325551,-0.15969716619907431,1.4480852584928818
643.9999999999916,4.003021068551349,4.006645369008623,0.003624300457273577,0.09053913020210941,28542.265169717382,28546.363022588084,4.0978528707018995,0.014357139653546548,2.0542209748176455e6,2.0507342903585674e6,-3486.6844590781257,-0.16973268707801217,2.7466936811298566
644.9999999999915,4.07204492010761,4.071899909973158,-0.00014501013445133992,-0.0035611133299459728,28529.96185938295,28534.068689890504,4.106830507553241,0.014394798450116344,2.2612807415050883e6,2.257679858503512e6,-3600.883001576178,-0.15924086450139147,0.5
645.9999999999915,4.038906829175652,4.040195288609636,0.001288459433984812,0.03190119228988971,28529.513042255654,28533.619865009587,4.106822753932647,0.014394997726915095,2.2214736167777944e6,2.217942563140239e6,-3531.0536375553347,-0.1589509598892766,1.4487555419863878
646.9999999999915,4.00291042932936,4.006537212803819,0.0036267834744592164,0.09060366297196516,28535.692463884887,28539.799533862923,4.1070699780357245,0.014392746849349044,2.055098425111164e6,2.0516277400878486e6,-3470.6850233154837,-0.16888169349493554,2.7479530058088635
647.9999999999914,4.071946031293748,4.071806272604608,-0.00013975868913984613,-0.0034322333367331416,28523.383798545674,28527.499890324747,4.116091779073031,0.014430587226761288,2.2622544630381693e6,2.258668375964277e6,-3586.087073892355,-0.15851828927663164,0.5
648.9999999999914,4.038801000290638,4.040092668554781,0.0012916682641428423,0.03198147826669083,28522.936188139225,28527.052254012797,4.116065873571642,0.014430722862547504,2.222408250967764e6,2.218892092141443e6,-3516.158826320898,-0.15821390263421498,1.449407063382991
649.9999999999912,4.002801940067228,4.006431054309865,0.0036291142426367884,0.09066434704925311,28529.118956537433,28533.23520684202,4.1162503045852645,0.014428241933640323,2.0559539967940808e6,2.0524991688368495e6,-3454.8279572313186,-0.16804013915771215,2.7491767321129013
650.9999999999912,4.07184843722832,4.0717138439952,-0.00013459323312048355,-0.003305457833103932,28516.80511702743,28520.93043325878,4.125316231351462,0.014466263715104009,2.2632030995291583e6,2.259631668047142e6,-3571.431482016109,-0.15780428556142917,0.5
651.9999999999912,4.03869703274669,4.039991790191155,0.0012947574444650556,0.03205879108947422,28516.358686832642,28520.483958868215,4.125272035573289,0.01446633520386361,2.2233188821583474e6,2.219817481897429e6,-3501.400260918308,-0.15748529322609936,1.4500397969617427
652.9999999999911,4.002695584806795,4.006326871481718,0.0036312866749232953,0.09072103031533867,28522.544717295918,28526.67011066611,4.125393370191887,0.014463623113158871,2.0567877047569796e6,2.0533486048817392e6,-3439.099875240354,-0.1672073334202813,2.750364811733351
653.9999999999911,4.071752121638893,4.071622609010032,-0.0001295126288605175,-0.0031807591668519416,28510.225884686366,28514.360388219273,4.13450353290682,0.014501826641533475,2.26412666147452e6,2.2605697554799067e6,-3556.9059946131893,-0.15709836623260037,0.5
654.9999999999911,4.038594910281066,4.039892631278603,0.0012977209975364445,0.03213298254382561,28509.780608222234,28513.915049274572,4.134441052337934,0.014501833981653157,2.224205520753154e6,2.220718750163713e6,-3486.770589441061,-0.15676476642591827,1.450653717743405
655.999999999991,4.00259134756824,4.00622464940555,0.0036333018373104764,0.09077373935557713,28515.969816009965,28520.1043149894,4.134498979434284,0.014498889591028453,2.057599560534355e6,2.0541760673443982e6,-3423.49318995676,-0.16638286941836655,2.751517197765863
656.999999999991,4.071657068333615,4.0715325454588065,-0.00012452287480879676,-0.0030582849370406223,28503.64617159639,28507.789824917167,4.143653320777958,0.014537274620350392,2.2650251562556457e6,2.261482656542394e6,-3542.499713251833,-0.15640001628538217,0.5
657.9999999999909,4.038494616616936,4.03979517669344,0.0013005600765039205,0.03220408097494024,28503.202022404614,28507.345594841296,4.143572436682007,0.014537217374472524,2.2250681741292584e6,2.221595917456887e6,-3472.256672371179,-0.15605169822403242,1.4512488014930198
658.9999999999909,4.002489212421221,4.006124366228071,0.003635153806849978,0.09082232615565175,28509.39432273641,28513.53788943179,4.1435666953802865,0.014534039722042666,2.0583895726770137e6,2.0549815766126423e6,-3407.9960643714294,-0.16556613527434466,2.75263384471621
659.9999999999909,4.071563261119562,4.071443638232355,-0.00011962288720646086,-0.002938008807299436,28497.066048026943,28501.21881333007,4.152765303126216,0.01457260651369316,2.2658985884899176e6,2.2623703846282535e6,-3528.2038616640493,-0.15570881590139393,0.5
660.9999999999908,4.038396135534924,4.039699404406164,0.0013032688712399931,0.03227194231324121,28496.622999666866,28500.77566570281,4.152666035945003,0.014572484732642001,2.2259068469806085e6,2.2224489944793256e6,-3457.852501282934,-0.15534578663853035,1.451825024714533
661.9999999999908,4.002389163412216,4.006026007012953,0.0036368436007370164,0.09086681610032254,28502.818307719022,28506.97090407511,4.152596356088907,0.01456907282380675,2.059157747106881e6,2.0557651448962896e6,-3392.602210591547,-0.16475679026330825,2.7537147085010836
662.9999999999907,4.071470683879704,4.071355865383982,-0.00011481849572181346,-0.002820074234512305,28490.485584422608,28494.64742357894,4.161839156331553,0.01460782107064918,2.2667469603844555e6,2.263232951441808e6,-3514.0089426473714,-0.1550243147585989,0.5
663.9999999999907,4.038299450800331,4.039605299290064,0.0013058484897330302,0.0323365937975261,28490.043610466913,28494.205331872537,4.161721405624121,0.014607634381069014,2.226721541655969e6,2.2232779952743445e6,-3443.5463816244155,-0.15464647542159754,1.4523823646612217
664.9999999999907,4.0022911846342595,4.005929550100124,0.0036383654658642683,0.09090706542874272,28496.241841370404,28500.403428934686,4.161587564281945,0.014603987386997173,2.0599040874251374e6,2.0565267862713165e6,-3377.3011538209394,-0.16395429158269875,2.754759746449831
665.9999999999906,4.071379320494701,4.071269211835426,-0.00011010865927563174,-0.002704455925326377,28483.904851386167,28488.07572601049,4.170874624323915,0.014642917275862685,2.267570272022585e6,2.2640703645776934e6,-3499.90744489152,-0.15434615138827595,0.5
666.9999999999906,4.038204546233186,4.039512839528049,0.0013082932948629278,0.032397895646056274,28483.463925416945,28487.634663841152,4.170738424207229,0.014642665776635092,2.2275122584399353e6,2.2240829249755703e6,-3429.333464364987,-0.1539535170399808,1.452920799330259
667.9999999999906,4.002195260157351,4.005834980539169,0.0036397203818179236,0.09094309860520956,28489.664994254883,28493.835534442933,4.170540188049927,0.014638782831917968,2.060628595201454e6,2.0572665074690427e6,-3362.0877324112225,-0.16315835567071385,2.755768917306144
668.9999999999905,4.07128915491823,4.0711836558848695,-0.00010549903336087851,-0.002591293060907569,28477.323919661274,28481.503791080184,4.179871418909897,0.014677893999808164,2.2683685216583703e6,2.264882630565552e6,-3485.8910928182304,-0.15367393170620033,0.5
669.9999999999905,4.038111405638769,4.039422009999298,0.0013106043605297657,0.03245587426586731,28476.88401526672,28481.06373195256,4.179716685837775,0.014677577376783886,2.2282789958323147e6,2.2248637925105286e6,-3415.2033217861317,-0.15326641449180256,1.453440307465166
670.9999999999903,4.002101374096653,4.005742276867515,0.0036409027708623753,0.09097477626198795,28483.087837073268,28487.267290939206,4.17945386593783,0.01467345777201129,2.06133127022715e6,2.0579843175665392e6,-3346.9526606108993,-0.16236849985990265,2.756742181228682
671.9999999999903,4.071200171102019,4.071099182493248,-0.00010098860877061355,-0.0024805611251307574,28470.742860118364,28474.93168943427,4.188829315906332,0.014712750336325147,2.2691417059453344e6,2.265669752474353e6,-3471.953470981214,-0.15300734466624166,0.5
672.9999999999903,4.038020012875904,4.039332789103886,0.001312776227981871,0.03251039429710263,28470.303950889793,28474.49260698608,4.188656096288469,0.014712368731692306,2.2290217507735863e6,2.2256205986770466e6,-3401.152096539736,-0.15258496671732158,1.4539408685566515
673.9999999999902,4.00200951054571,4.005651424131639,0.0036419135859295793,0.09100212221717013,28476.510440648428,28480.698769140843,4.188328492415167,0.01470801171774401,2.0620121107517285e6,2.0586802190075456e6,-3331.8917441829108,-0.16158448957742708,2.7576794997966574
674.9999999999902,4.071112353069463,4.071015770207706,-9.658286175717734e-5,-0.0023723948980272566,28464.16174373986,28468.35949179831,4.197748058450088,0.014747485263195222,2.269889820182118e6,2.2664317328238306e6,-3458.0873582875356,-0.15234604462035456,0.5
675.9999999999901,4.037930351790352,4.039245161738212,0.0013148099478605957,0.03256148158369375,28463.723803269124,28467.92135955329,4.19755628416533,0.014747038416959454,2.2297405188795673e6,2.226353348416769e6,-3387.170462798327,-0.1519087281286148,1.4544224628450075
676.9999999999901,4.001919653643186,4.005562401073078,0.0036427474298923457,0.09102500162830945,28469.93287591228,28474.130039650237,4.197163737957453,0.014742443391949729,2.062671113692048e6,2.059354216961367e6,-3316.89673068095,-0.16080589429227615,2.758580836005336
677.9999999999901,4.071025684843736,4.070933404039286,-9.228080445033982e-5,-0.002266770381574784,28457.580641608212,28461.787269058455,4.206627450243104,0.014782097969679605,2.2706128584999833e6,2.267168571219348e6,-3444.2872806354426,-0.15168976374558252,0.5
678.99999999999,4.037842406281739,4.039159106526559,0.0013167002448195575,0.03260900531360869,28457.143643485553,28461.350060664237,4.206417178684205,0.0147815860628273,2.2304352946236213e6,2.2270620392155815e6,-3373.255408039782,-0.1512375371825798,1.4548850713145427
679.99999999999,4.00183178750883,4.005475192748532,0.003643405239702524,0.09104343793447078,28463.355213893596,28467.561173413338,4.205959519742464,0.014776752382619466,2.0633082748265048e6,2.0600063105762522e6,-3301.964250252582,-0.16003252109916688,2.7594461542715063
680.99999999999,4.070940150519669,4.070852062790539,-8.80877291296045e-5,-0.0021638178374683253,28450.999624893422,28455.215092155184,4.21546726176166,0.014816587527115581,2.271310814061479e6,2.2678802671356164e6,-3430.5469258627854,-0.15103819805834504,0.5
681.9999999999899,4.037756160239413,4.03907460839617,0.0013184481567574124,0.03265299102854287,28450.56354270554,28454.778781144345,4.215238438806409,0.014816010348895733,2.231106071528398e6,2.227746672967255e6,-3359.3985611428507,-0.15057099274717706,1.455328675703853
682.9999999999899,4.001745896308505,4.005389778112282,0.0036438818037769494,0.09105730094302901,28456.77752570702,28460.99224124328,4.214715536258154,0.014810937508474752,2.0639235889616844e6,2.0606365020181076e6,-3287.086943576811,-0.15926398443997017,2.7602754204338855
683.9999999999898,4.0708557341947635,4.0707717315357295,-8.4002659034077e-5,-0.002063513534229755,28444.418764842816,28448.64303216344,4.224267320623767,0.01485095320648613,2.271983679215767e6,2.268566817595954e6,-3416.861619812902,-0.15039111640944178,0.5
684.9999999999898,4.037671597607756,4.038991646204248,0.0013200485964919295,0.03269331258327283,28443.98357217128,28448.207592184594,4.224020013312838,0.014850310972073158,2.231752842315949e6,2.228407244698868e6,-3345.597617080901,-0.14990896633558606,1.4557532585001969
685.9999999999898,4.001661964192807,4.005306142246314,0.003644178053507474,0.0910666139747903,28450.199882542434,28454.423314266103,4.223431723668909,0.014844998422174478,2.0645170500984439e6,2.0612447879636688e6,-3272.2621347750537,-0.158500126439693,2.761068601754466
686.9999999999897,4.070772420039314,4.070692389341257,-8.003069805706531e-5,-0.0019659831058866316,28437.838132770234,28442.07116019098,4.233027420745202,0.014885194159211735,2.2726314456639737e6,2.2692282198358607e6,-3403.2258281130344,-0.14974825040840467,0.5
687.9999999999897,4.037588702324875,4.038910204924263,0.0013215025993877916,0.032729995470486134,28437.403803190224,28441.6365647777,4.23276158747467,0.01488448670198164,2.232375599065666e6,2.2290437540380196e6,-3331.8450276465155,-0.14925109506845619,1.4561588029417727
688.9999999999897,4.001579975359332,4.005224264328024,0.0036442889686911784,0.09107125163389818,28443.62235565571,28447.854463460404,4.232107804695261,0.014878934025271053,2.0650886515644363e6,2.061831168331727e6,-3257.4832327093463,-0.15774060015494226,2.761825666919807
689.9999999999895,4.07069019223013,4.070614021359499,-7.617087063138683e-5,-0.0018712028436056582,28431.25780004751,28435.499547457257,4.241747409745585,0.01491930972444876,2.2732541045805523e6,2.269864469029681e6,-3389.6355508714914,-0.14910939978251694,0.5
690.9999999999895,4.037507458386033,4.038830263656956,0.0013228052709228777,0.03276291832415984,28430.824307126666,28435.06577025253,4.241463125865266,0.014918537289128377,2.2329743333354015e6,2.2296561942597437e6,-3318.1390756578185,-0.1485972779051832,1.45654529301838
691.9999999999894,4.001499913998399,4.005144129481329,0.0036442154829305906,0.09107123731733884,28437.045016359603,28441.28576009037,4.240743730766553,0.014912744022196707,2.0656383861494812e6,2.0623956380130092e6,-3242.748136471957,-0.1569852767171269,2.7625465860412666
692.9999999999894,4.070609035018975,4.070536606930803,-7.242808817231605e-5,-0.0017792936523558427,28424.677838095013,28428.928265196068,4.250427101054811,0.01495329912009891,2.273851646753955e6,2.270475560843976e6,-3376.0859099789523,-0.14847432614165904,0.5
693.9999999999894,4.03742784978505,4.038751807438753,0.0013239576537023012,0.03279210683041154,28424.245155392615,28428.49527972876,4.2501243361439265,0.014952461579573724,2.2335490362924407e6,2.2302445633762716e6,-3304.472916169092,-0.14794718461405806,1.4569127134720528
694.9999999999893,4.001421764347969,4.005065717118464,0.003643952770495673,0.09106645050423609,28430.467936015662,28434.717275260744,4.249339245081501,0.01494642738432893,2.0661662462165894e6,2.0629381953060532e6,-3228.0509105362,-0.15623384209509605,2.763231330660203
695.9999999999893,4.070528932668947,4.0704601313020055,-6.880136694142891e-5,-0.001690231615583126,28418.098318374326,28422.357384732917,4.259066358590644,0.014987161740646291,2.2744240626832303e6,2.271061489211917e6,-3362.5734713133425,-0.1478428550982871,0.5
696.9999999999892,4.037349860575892,4.038674815625735,0.0013249550498430906,0.03281744450192626,28417.666419440633,28421.92516463562,4.2587451949875685,0.014986259364611815,2.234099698811736e6,2.230808853500472e6,-3290.845311264042,-0.14730073653446907,1.4572610497992506
697.9999999999892,4.001345510641586,4.004989012423102,0.0036435017815161785,0.09105691502586515,28423.89118602643,28428.149080337276,4.257894310845586,0.01497998385576013,2.0666722238110232e6,2.0634588338846026e6,-3213.3899264205247,-0.15548619124976237,2.7638798737430657
698.9999999999892,4.070449869520951,4.070384574098821,-6.529542213051798e-5,-0.0016041328163612185,28411.51931238006,28415.78697739161,4.26766501154998,0.01502089685746015,2.274971342695481e6,2.271622248789483e6,-3349.0939059979282,-0.14721477335313515,0.5
699.9999999999891,4.037273474816457,4.0385992733352705,0.0013257985188133148,0.03283895745689083,28411.088170755873,28415.355496184446,4.2673254285728035,0.015019929553297614,2.234626311582938e6,2.2313490615703007e6,-3277.250012637116,-0.1466576311059193,1.4575902882450713
700.9999999999891,4.001271137167512,4.004913995055299,0.0036428578877867324,0.09104251531340865,28417.3148378285,28421.581246516427,4.2664086879267415,0.015013412464457736,2.067156310749979e6,2.06395755095117e6,-3198.7597988089547,-0.15474203775371112,2.764492189686484
701.9999999999891,4.070371829932642,4.070309920680014,-6.190925262838931e-5,-0.0015209729040752968,28404.94089163367,28409.217114570074,4.276222936405247,0.01505450390732817,2.275493477018846e6,2.2721578327771793e6,-3335.644241666887,-0.14658992765107628,0.5
702.999999999989,4.037198676628533,4.038525160191719,0.0013264835631865424,0.03285653418211981,28404.510480849916,28408.78634587207,4.275865022154903,0.015053471965438924,2.2351288651887453e6,2.231865179024769e6,-3263.686163976323,-0.1460178075102046,1.4579004158133355
703.999999999989,4.001198628214287,4.004840650277235,0.003642022062948058,0.09102327580706665,28410.7389628856,28415.013845233498,4.274882347897801,0.01504671298230679,2.0676184987143828e6,2.064434339435512e6,-3184.159278870793,-0.15400129573471413,2.7650682543172738
704.9999999999889,4.070294798343206,4.0702361509691345,-5.864737407179632e-5,-0.0014408630572819553,28398.36312767598,28402.64786765054,4.284739974558761,0.01508798220268905,2.2759904558863514e6,2.2726682352811e6,-3322.2206052513793,-0.14596812551033253,0.5
705.9999999999889,4.037125450143693,4.038452461411939,0.0013270112682466362,0.03287020144988073,28397.933421253674,28402.217784970468,4.28436371679345,0.015086885560436355,2.2356073501985846e6,2.232357202177986e6,-3250.1480205985717,-0.14538098652743592,1.4581914202607371
706.9999999999889,4.001127968129415,4.004768958010509,0.003640989881093404,0.09099908601012875,28404.1636326825,28408.446947746354,4.283315063854388,0.015079884481885977,2.0680587793216277e6,2.0648891958790713e6,-3169.583442556439,-0.1532637018951723,2.7656080448933893
707.9999999999887,4.070218759214606,4.070163250455154,-5.55087594520387e-5,-0.00136377828160641,28391.786092061968,28396.079308073644,4.293216011676122,0.015121331210918283,2.276462269592519e6,2.2731534491912522e6,-3308.820401266683,-0.1453492309301025,0.5
708.9999999999887,4.037053779561914,4.038381156902274,0.0013273773403597033,0.03287985280453077,28391.35706351209,28395.649885015053,4.292821502964216,0.015120170174891888,2.2360617572268415e6,2.2328251222035103e6,-3236.6350233312696,-0.1447471212666924,1.4584632900989192
709.9999999999886,4.001059141267055,4.004698903615293,0.0036397623482384844,0.0909699711933237,28397.58891871903,28401.88062553143,4.291706812400662,0.01511292675122735,2.0684771442005094e6,2.065322112862011e6,-3155.031338498462,-0.1525291854127747,2.7661115401038163
710.9999999999886,4.070143697094613,4.070091199372674,-5.249772193938185e-5,-0.0012898247788365863,28385.20985635425,28389.511507252024,4.30165089777438,0.015154550272988105,2.2769089085765304e6,2.273613468452128e6,-3295.4401244022883,-0.14473306823954232,0.5
711.9999999999886,4.036983649099326,4.038311231998455,0.001327582899129709,0.0328855158832734,28384.78147917794,28389.082717310925,4.301238132986327,0.015153324805905453,2.236492077009674e6,2.233268935167509e6,-3223.1418421650305,-0.1441159517307375,1.4587160145949258
712.9999999999885,4.000992132045,4.004630467289061,0.0036383352440614303,0.0909358260147788,28391.014892504765,28395.314949881096,4.300057376331097,0.015145838895200303,2.0688735850474304e6,2.065733086627576e6,-3140.4984198543243,-0.151797501913696,2.766578720073439
713.9999999999885,4.070069596560274,4.0700199833596935,-4.9613200580722605e-5,-0.0012189767128958202,28378.634492118385,28382.944536642673,4.310044524288969,0.015187638874893718,2.2773303634686554e6,2.274048285992914e6,-3282.0774757415056,-0.14411951504227505,0.5
714.9999999999885,4.036915043045268,4.038242666902955,0.0013276238576871435,0.032887089362317705,28378.206739807032,28382.51635340635,4.309613599318254,0.015186349295542412,2.2368983004560824e6,2.233688632314813e6,-3209.6681412695907,-0.14348744154417614,1.4589495837716266
715.9999999999884,4.0009269248945,4.004563634509794,0.0036367096152938316,0.09089667678421112,28384.441625553543,28388.749992287714,4.308366734170704,0.01517862070709902,2.0692480936925376e6,2.0661221097336926e6,-3125.983958845027,-0.1510685919379905,2.7670095663577854
716.9999999999884,4.069996442279199,4.0699495829755845,-4.6859303614255055e-5,-0.001151335247556478,28372.06007091703,28376.378467663737,4.3183967467084585,0.01522059637514676,2.277726625161685e6,2.274457895917015e6,-3268.7292446698993,-0.14350840915502175,0.5
717.9999999999883,4.036847945711999,4.038175447089921,0.0013275013779221467,0.032884601941280414,28371.632916952716,28375.950864614948,4.317947662231745,0.015219242667036167,2.2372804187086727e6,2.2340842097774837e6,-3196.2089311890304,-0.14286134650183183,1.4591639884097034
718.9999999999883,4.000863504315637,4.004498385765695,0.0036348814500577475,0.0908524233865236,28377.869189378875,28382.18582405408,4.316634675204114,0.01521127131285714,2.0696006621438703e6,2.066489178426701e6,-3111.483717169147,-0.15034222659872964,2.7674040619477824
719.9999999999883,4.06992421895515,4.069879984026456,-4.4234928694208975e-5,-0.0010868735218260445,28365.486664305903,28369.813371764943,4.326707459040335,0.015253422267155764,2.278097684844735e6,2.2748422914852123e6,-3255.393359522801,-0.14289963864059121,0.5
720.9999999999882,4.036782341490344,4.0381095530725055,0.001327211582161425,0.03287795748906864,28365.06008216172,28369.386322474824,4.32624031310479,0.015252004757167729,2.2376384231838128e6,2.234455659151655e6,-3182.7640321576037,-0.14223763764429034,1.459359220041643
721.9999999999882,4.000801854828934,4.004434706672515,0.0036328518435810864,0.09080309336480298,28371.29765548905,28375.622516665895,4.324861176846753,0.015243790500396847,2.0699312826385126e6,2.066834285513609e6,-3096.9971249036025,-0.1496183545260451,2.7677621912694192
722.9999999999881,4.0698529113875885,4.069811167410415,-4.1743977173602786e-5,-0.0010256876128570077,28358.914343828543,28363.24932034753,4.334976518988697,0.015286115915548343,2.278443534063195e6,2.2752014672257677e6,-3242.0668374272063,-0.1422930517679129,0.5
723.9999999999881,4.036718214801005,4.0380449704829635,0.0013267556819585025,0.03286718595055332,28358.488306969106,28362.82279828599,4.334491316883941,0.015284634603808338,2.237972305623437e6,2.2348029768950376e6,-3169.3287283992395,-0.14161608347143298,1.4595352709616272
724.9999999999881,4.000741961029255,4.004372578024048,0.0036306169947932787,0.0907485918901714,28364.727095382954,28369.06014141463,4.333046031675622,0.015276177405496456,2.070239947681853e6,2.0671574274967634e6,-3082.52018508967,-0.1488967589743071,2.7680839401843635
725.999999999988,4.069782504419276,4.069743119120775,-3.938529850078254e-5,-0.0009677494671524834,28352.343181012555,28356.686384832723,4.343203820168128,0.015318676810729187,2.278764164746501e6,2.2755354169738637e6,-3228.747772637289,-0.1416885442814776,0.5
726.999999999988,4.036655550148635,4.037981680159443,0.0013261300108080576,0.03285219643670682,28351.917662894568,28356.26036355551,4.342700660941773,0.015317132028163516,2.2382820581263225e6,2.2351261551903873e6,-3155.9029359351844,-0.1409966596692915,1.4596921342194669
727.999999999988,4.000683807539157,4.0043119855937475,0.0036281780545905917,0.09068894791818863,28358.157580545645,28362.498769758808,4.341189213162579,0.015308431800734247,2.0705266500899398e6,2.0674585976578763e6,-3068.0524320635013,-0.1481773939944328,2.76836929599052
728.9999999999878,4.069712982994086,4.069675820408342,-3.716258574382181e-5,-0.0009131500402881313,28345.773247364938,28350.124636584493,4.351389219555131,0.015351104313090638,2.279059569257338e6,2.275844135905962e6,-3215.433351376094,-0.14108597224704775,0.5
729.9999999999878,4.036594332075175,4.037919667911804,0.0013253358366283052,0.03283302030370147,28345.348221437856,28349.69908954977,4.35086811191286,0.015349496072241783,2.238567673192726e6,2.2354251910372362e6,-3142.4821554897353,-0.14037914480413333,1.4598298036224697
730.9999999999877,4.00062737906127,4.004252910495832,0.0036255314345616796,0.09062407195274444,28351.589182444644,28355.938472958922,4.349290514277527,0.01534055282153501,2.070791383017502e6,2.0677377929640624e6,-3053.590053439606,-0.1474600521560021,2.7686182474215215
731.9999999999877,4.069644332106525,4.069609257472506,-3.507463401852817e-5,-0.0008618599355677079,28339.20461436875,28343.564146976198,4.359532607446454,0.015383397899728108,2.2793297404124876e6,2.276127618632756e6,-3202.121779731475,-0.14048523664469847,0.5
732.9999999999877,4.036534545212143,4.037858914917607,0.0013243697054647896,0.03280957193926818,28338.78005407541,28343.139047725777,4.358993650366756,0.015381726531802089,2.2388291437460515e6,2.2357000773975956e6,-3129.0663484558463,-0.13976351688991473,1.4599482737356833
733.9999999999876,4.000572660333244,4.004195338681006,0.003622678347761976,0.09055399452387924,28345.02197252587,28349.37932242761,4.3573499017402355,0.01537254021522265,2.071034139995904e6,2.0679950073599769e6,-3039.1326359270606,-0.1467446903571117,2.768830784651207
734.9999999999876,4.069576536857812,4.069543411930512,-3.3124927299788e-5,-0.0008139649666194584,28332.6373534787,28337.004987316057,4.367633837355243,0.015415556917150111,2.279574671525917e6,2.2763858611622555e6,-3188.810363661498,-0.13988619910077132,0.5
735.9999999999876,4.036476174235689,4.037799407183308,0.0013232329476187132,0.032781884259957726,28332.213232256137,28336.580309297973,4.367077041835728,0.015413822443153945,2.2390664631734923e6,2.235950811992912e6,-3115.6511805802584,-0.13914956218692845,1.46004753988211
736.9999999999875,4.000519636178691,4.004139251598404,0.003619615419713007,0.09047863150024368,28338.456022210146,28342.821389376375,4.36536716622868,0.015404393107399151,2.0712549149559538e6,2.0682302384492042e6,-3024.676506749587,-0.14603110823825893,2.7690068992879624
737.9999999999875,4.069509582407211,4.069478270206241,-3.131220097074561e-5,-0.0007694342607303482,28326.071536118223,28330.44722891186,4.375692793637427,0.015447580819874846,2.2797943564225473e6,2.2766188590478855e6,-3175.4973746617325,-0.13928876373063412,0.5
738.9999999999874,4.036419203917289,4.0377411262397525,0.0013219223224636423,0.03274987694986524,28325.64782739844,28330.022945655975,4.375118257536087,0.015445783567584229,2.23927962533988e6,2.236177388724997e6,-3102.236614882946,-0.1385372590264195,1.4601275981444866
739.9999999999874,4.000468291463716,4.004084635395139,0.0036163439314229606,0.09039801513086836,28331.89140288959,28336.264745154815,4.373342265225801,0.015436111211338898,2.0714537022568185e6,2.0684434809956492e6,-3010.2212611692958,-0.14531926336995626,2.769146584379085
740.9999999999874,4.0694434540264135,4.069413814296676,-2.9639729737240827e-5,-0.0007283484848011466,28319.507233675322,28323.890942998947,4.383709323625226,0.015479468930915808,2.2799887894767756e6,2.2768266092829066e6,-3162.1801938689314,-0.13869279570425458,0.5
741.9999999999873,4.036363619080546,4.0376840583085,0.0013204392279542176,0.03271358461641779,28319.083910886166,28323.467027945295,4.38311705912929,0.01547760892591717,2.239468624624175e6,2.2363798061874085e6,-3088.818436766509,-0.13792639927183042,1.4601884453590626
742.9999999999873,4.000418611146222,4.004031471869244,0.0036128607230212495,0.09031206666609504,28325.328185924373,28329.70946090877,4.381274984396441,0.015467693633197218,2.0716304967054913e6,2.0686347333850046e6,-2995.7633204867598,-0.144608960200717,2.769249834410045
743.9999999999872,4.069378137052554,4.069350030867932,-2.8106184621456975e-5,-0.0006906751762767924,28312.944517499956,28317.336200803224,4.3916833032672,0.015511220673472317,2.28015796561973e6,2.277009108500885e6,-3148.857118844986,-0.1380982004897696,0.5
744.9999999999872,4.03630940465009,4.0376281852870415,0.0013187806369518995,0.03267293224430662,28312.521554065952,28316.912627472077,4.391073406124633,0.0155092982366102,2.239633455928099e6,2.236558059354038e6,-3075.3965740608983,-0.13731695987665363,1.4602300791252871
745.9999999999872,4.000370580234033,4.0039797473825205,0.003609167148487913,0.09022082019903183,28318.766442639273,28323.155607908884,4.389165269611112,0.015499140043764023,2.0717852935820415e6,2.0688039913281412e6,-2981.3022539003287,-0.14390015524947403,2.7693166453047082
746.999999999987,4.069313616940928,4.069286902309396,-2.6714631531810085e-5,-0.0006564898665119988,28306.383458900105,28310.7830734714,4.399614571295388,0.01554283533847931,2.2803018803740446e6,2.277166354807479e6,-3135.525566565804,-0.13750484501865493,0.5
747.999999999987,4.036256545609888,4.037573493629436,0.0013169480195482919,0.032627956242788775,28305.960828243446,28310.35981529728,4.398987053835299,0.015540850496217841,2.2397741147071705e6,2.236712147814362e6,-3061.9668928086758,-0.13670873650618107,1.4602524977995313
748.999999999987,4.000324183832628,4.003929444095215,0.0036052602625868957,0.0901242023623388,28312.20624432073,28316.603257219926,4.397012899196852,0.015530449521498766,2.0719180886524848e6,2.0689512541115356e6,-2966.834540949203,-0.14319265598374817,2.769347014425496
749.9999999999869,4.069249879219602,4.069224415546288,-2.5463673313907975e-5,-0.0006257584092818449,28299.82412913928,28304.231632132196,4.407502992915397,0.01557431230951416,2.2804205298589957e6,2.277298346031408e6,-3122.183827587869,-0.13691263460871061,0.5
750.9999999999869,4.036205027050816,4.037519965612386,0.0013149385615705,0.03257858688440569,28299.40180468075,28303.80866262865,4.4068579478989705,0.015572265372655587,2.239890596978279e6,2.2368420677229264e6,-3048.5292553524487,-0.1361017033360943,1.460255700496744
751.9999999999868,4.000279407104726,4.003880548601243,0.003601141496517357,0.09002224919893152,28305.647662213618,28310.05248001887,4.4048178052507865,0.015561621687006866,2.072028878191833e6,2.0690765184985078e6,-2952.3596933251247,-0.14248641630427067,2.7693409405724796
752.9999999999868,4.069186909540462,4.0691625533722195,-2.4356168242256615e-5,-0.0005985512286287971,28293.266599432955,28297.681947829038,4.415348396083573,0.015605650837687522,2.280513910817947e6,2.2774050814933577e6,-3108.829324589111,-0.1363214365780419,0.5
753.9999999999868,4.036154834130191,4.037467587939114,0.0013127538089223734,0.032524862471121664,28292.844554592943,28297.25924042788,4.4146858349377,0.015603541829875986,2.2399828993439567e6,2.2369478197689e6,-3035.079575056676,-0.13549565829031937,1.4602396870904875
754.9999999999867,4.0002362353163985,4.003833043435427,0.003596808119028516,0.08991489270743099,28299.090767518373,28303.503347274855,4.412579756481136,0.015592655582934432,2.0721176589948477e6,2.0691797847759337e6,-2937.8742189139593,-0.1417812451991301,2.769298423987459
755.9999999999867,4.0691246936353265,4.0691013029873515,-2.3390647974963485e-5,-0.000574832420632125,28286.71094094607,28291.134091579228,4.423150633156183,0.015636850259439346,2.280582020624216e6,2.2774865603115237e6,-3095.4603126924485,-0.13573115479728254,0.5
756.9999999999866,4.036105952117795,4.037416343276985,0.0013103911591896278,0.032466718533542195,28286.289149145574,28290.71161979032,4.422470644745772,0.015634679478199985,2.240051018999875e6,2.237029401376184e6,-3021.6176236909814,-0.13489057160135826,1.460204458214538
757.9999999999866,4.000194653798095,4.00378691544007,0.003592261641975014,0.08980217096596142,28292.535631388015,28296.9559300573,4.420298669283511,0.015623550772803795,2.072184428393795e6,2.069261050846084e6,-2923.377547710901,-0.14107709273623337,2.769219466347908
758.9999999999866,4.069063217365359,4.069040647600332,-2.2569765027569133e-5,-0.0005546673477877943,28280.157224789746,28284.588134308975,4.430909519229317,0.015667909778610715,2.280624857303232e6,2.2775427831098316e6,-3082.074193400331,-0.1351416557409967,0.5
759.9999999999865,4.036058366356942,4.037366218593861,0.0013078522369189827,0.03240419533624055,28279.73565945139,28284.165871564626,4.430212113235029,0.01566567724176872,2.24009495375496e6,2.2370868144184314e6,-3008.139336528722,-0.13428624226336153,1.460150015256484
760.9999999999865,4.000154647989268,4.003742147535997,0.0035874995467288784,0.0896840213048309,28285.982324925426,28290.410299226118,4.427974300691858,0.01565430625610607,2.0722291842669174e6,2.069320318077851e6,-2908.8661890663207,-0.14037376807311863,2.7691040707709402
761.9999999999865,4.069002466678606,4.068980574700879,-2.1891977727506173e-5,-0.0005380182958054552,28273.60552201892,28278.044146910852,4.4386248919327045,0.015698828677778616,2.2806424195348923e6,2.2775737503714585e6,-3068.669163433835,-0.13455284077631297,0.5
762.9999999999864,4.036012062308712,4.03731719695823,0.0013051346495176475,0.03233723361993804,28273.184156568066,28277.622066720574,4.437910152508266,0.015696534666673926,2.240114702034734e6,2.2371200576620423e6,-2994.644372691866,-0.13368263553521523,1.4600763603672333
763.9999999999864,4.000116203400515,4.003698726828911,0.00358252342839549,0.08956048390169195,28279.430919180486,28283.86652573014,4.4356065496540396,0.0156849215330058,2.0722519250536654e6,2.069357585582913e6,-2894.339470752515,-0.13967121640760738,2.768952241812175
764.9999999999862,4.068942427657744,4.068921067922342,-2.1359735401738078e-5,-0.0005249456285385107,28267.05590362913,28271.502200180836,4.446296551705018,0.015729606107066033,2.2806347066756403e6,2.277579464092887e6,-3055.2425827533007,-0.13396457459014843,0.5
765.9999999999862,4.0359670255142746,4.037269265616463,0.001302240102188712,0.03226587566142904,28266.634711494953,28271.08027598077,4.445564485817158,0.015727250630260977,2.2401102629005387e6,2.2371291342347143e6,-2981.1286658244208,-0.13307955037732816,1.4599834964545555
766.9999999999862,4.000079305656812,4.003656636635733,0.0035773309789206564,0.08943150136702752,28272.8814851475,28277.324680307116,4.4431951596161525,0.01571539555297992,2.0722526497617844e6,2.0693728558798637e6,-2879.793881920632,-0.1389692459677481,2.7687639854655592
767.9999999999861,4.068883086478983,4.068862115057249,-2.0971421733406714e-5,-0.0005154097890670627,28260.50844055438,28264.962364873987,4.453924319608632,0.01576024128857202,2.2806017187559404e6,2.2775599261867865e6,-3041.792569153942,-0.1333767550965992,0.5
768.9999999999861,4.035923241637853,4.037222408047355,0.001299166409501673,0.03219006734564275,28260.087395170867,28264.540570176905,4.453175006037782,0.015757824608846567,2.240081636052057e6,2.2371140443040757e6,-2967.591747981496,-0.1324769463853831,1.4598714271845585
769.9999999999861,4.000043940460814,4.0036158643392135,0.003571923878399552,0.08929711602088197,28266.334093762318,28270.78483377291,4.45074001059038,0.015745727747456816,2.0722313579810797e6,2.0693661293454217e6,-2865.2286356580444,-0.13826779643222661,2.768539309163132
770.999999999986,4.068824429458199,4.06880370017202,-2.0729286179133055e-5,-0.0005094662239307619,28253.96320366376,28258.424711643696,4.461507979936869,0.01579073331332977,2.2805434565056064e6,2.27751514007791e6,-3028.3164276964962,-0.13278924455737734,0.5
771.999999999986,4.0358806964300165,4.0371766117884595,0.0012959153584430894,0.032109852989197774,28253.542278470977,28258.00301989317,4.460741422193678,0.015788255427330027,2.240028821844749e6,2.2370747923081503e6,-2954.0295365988277,-0.1318746217812533,1.4597401569815454
772.9999999999859,4.000010093634627,4.0035763936611835,0.003566300026556668,0.08915727568367543,28259.788815899934,28264.24705673095,4.458240831016155,0.015775917010773254,2.0721880498884658e6,2.0693374097001757e6,-2850.640188290039,-0.1375666744359168,2.768278221773721
773.9999999999859,4.0687664430110875,4.06874581137377,-2.0631637317691798e-5,-0.0005070735223234728,28247.420263759635,28251.88931109549,4.469047335853247,0.015821081338131485,2.2804599213453336e6,2.277445109158756e6,-3014.8121865773574,-0.1322019369144975,0.5
774.9999999999859,4.03583937576921,4.037131860736571,0.0012924849673616734,0.03202518353732382,28246.999432204728,28251.46769581126,4.468263606533583,0.01581854248716862,2.2399518212879747e6,2.2370113798634447e6,-2940.4414245299995,-0.13127252990822108,1.4595896910278388
775.9999999999858,3.999977751084109,4.003538212273496,0.003560461189387354,0.08901202483994733,28253.245722371732,28257.711419852174,4.4656974804420315,0.015805962700087106,2.0721227262582309e6,2.0692866986361395e6,-2836.027622091351,-0.13686581331080488,2.7679807336066244
776.9999999999858,4.068709113697694,4.068688433168944,-2.0680528749927873e-5,-0.0005082823119574932,28240.87969157435,28245.35623372827,4.476542153919581,0.01585128438918691,2.2803511154099936e6,2.277349838330406e6,-3001.2770795873366,-0.13161469123353509,0.5
777.9999999999857,4.035799265626079,4.037088142731402,0.001288877105322328,0.03193610535340594,28240.458927112715,28244.93466836518,4.4757412524631945,0.015848684555781724,2.2398506360648684e6,2.236923812764168e6,-2926.8233007006347,-0.13067046764523055,1.4594200352651696
778.9999999999857,3.999946898839321,4.003501304310206,0.003554405470885147,0.08886131643188917,28246.704883923077,28251.177993594,4.4731096709219855,0.015835863649596542,2.0720353884685517e6,2.0692140011187417e6,-2821.3873498099856,-0.136165017523918,2.767646856405158
779.9999999999857,4.068652428183987,4.068631553989448,-2.08741945391111e-5,-0.0005130493426893225,28234.341557768315,28238.82554998653,4.483992218214553,0.01588134155365433,2.2802170415420355e6,2.277229332503878e6,-2987.7090381574817,-0.1310273971172934,0.5
780.9999999999856,4.035760352103741,4.037045442094083,0.0012850899903424917,0.03184257434098153,28233.920833864748,28238.40400807519,4.483174210443394,0.015878680955519715,2.2397252685252554e6,2.23681209411415e6,-2913.1744111054577,-0.13006838169145782,1.4592311963880717
781.9999999999856,3.9999175230198674,4.003465657742846,0.0035481347229788796,0.0887051971086669,28240.166371230694,28244.6468484712,4.480477240504115,0.01586561913837924,2.0719260385084997e6,2.0691193201892576e6,-2806.7183192421217,-0.13546421383181087,2.767276603350222
782.9999999999856,4.068596373283959,4.068575158787214,-2.1214496745081135e-5,-0.0005214205293104044,28227.80593292697,28232.297330203382,4.49139727641159,0.015911251788692852,2.28005770331128e6,2.2770835980931516e6,-2974.105218128301,-0.1304399100868838,0.5
783.9999999999854,4.035722621402881,4.037003746975886,0.0012811255730049709,0.031744638895911816,28227.38522305685,28231.875785213797,4.490562156948727,0.01590853039154587,2.2395757217057673e6,2.236676231099297e6,-2899.490606470499,-0.1294660670933738,1.4590231818531731
784.9999999999854,3.999889609873732,4.003431257123474,0.0035416472497415974,0.08854362482902121,28233.630254900276,28238.11805478392,4.4877998836454935,0.015895227936076638,2.0717946789838225e6,2.0690026620935495e6,-2792.016890272964,-0.13476320402764994,2.766869989058773
785.9999999999853,4.068540935923347,4.06851923632748,-2.169959586773018e-5,-0.0005333508058412961,28221.272887558778,28225.77164465121,4.498757092431333,0.015941014107888063,2.279873105007588e6,2.2769126415600213e6,-2960.46344756661,-0.12985211506132296,0.5
786.9999999999853,4.035686059860575,4.036963042126772,0.001276982266197102,0.03164225976093936,28220.85216520909,28225.350070128967,4.497904919877328,0.015938232104211168,2.239401999325284e6,2.2365162283392716e6,-2885.770986012183,-0.12886346385694242,1.4587959998725313
787.9999999999853,3.9998631457437597,4.0033980907320315,0.003534944988271782,0.08837664838691554,28227.09660546383,28231.591682879913,4.495077416082495,0.01592468924066529,2.0716413131252546e6,2.0688640312502543e6,-2777.2818750003353,-0.13406190817900612,2.7664270295832476
788.9999999999852,4.068486103180243,4.0684637720115635,-2.2331168679556868e-5,-0.0005488815277530652,28214.74249209222,28219.24856348644,4.506071394218452,0.015970627396232215,2.2796632516612248e6,2.2767164708600375e6,-2946.7808011872694,-0.12926386382023336,0.5
789.9999999999852,4.035650653916593,4.036923316017247,0.0012726621006535765,0.03153548733011515,28214.321730762887,28218.826932920783,4.5052021578958374,0.015967784733182815,2.2392041057997537e6,2.236332094441083e6,-2872.0113586708903,-0.12826036497664972,1.4585496594149026
790.9999999999851,3.9998381171050563,4.003366143542825,0.0035280264377690607,0.08820423063327681,28220.565493377442,28225.067802891284,4.502309513842192,0.01595400175414187,2.071465944790632e6,2.0687034352136077e6,-2762.5095770242624,-0.13336012517953685,2.7659477424099204
791.9999999999851,4.0684318622487865,4.068408754944867,-2.3107303919189803e-5,-0.0005679658576466232,28208.214816873922,28212.728156798727,4.513339924804313,0.01600009059100213,2.2794281490346314e6,2.276495094029227e6,-2933.0550054046325,-0.12867503661595217,0.5
792.9999999999851,4.03561639015064,4.0368845538292515,0.0012681636786116002,0.03142428704835998,28207.79399007885,28212.306443754445,4.512453675593861,0.015997187434015455,2.2389820462381253e6,2.236123835561239e6,-2858.2106768861413,-0.12765670370999296,1.4582841702053855
793.999999999985,3.9998145105322735,4.0033354041511995,0.0035208936189259354,0.08802642246671069,28214.036989018656,28218.546484988263,4.509495969607087,0.015983164590598124,2.0712685784731223e6,2.0685208797998093e6,-2747.698673313018,-0.13265776837779963,2.765432146462241
794.999999999985,4.068378200479088,4.068354170980391,-2.402949869662052e-5,-0.0005906407298562074,28201.689932165642,28206.2104945573,4.520562391659041,0.016029402502234738,2.279167803639694e6,2.276248520586867e6,-2919.2830528272316,-0.12808548138339404,0.5
795.999999999985,4.03558325524958,4.036846744358359,0.0012634891087790479,0.03130871125345939,28201.26901343395,28205.78867254703,4.5196591130807064,0.01602643877808379,2.2387358264570874e6,2.2358914617518806e6,-2844.3647052068263,-0.1270522708214384,1.4579995427250403
796.9999999999849,3.999792312735746,4.003305857956234,0.00351354522048819,0.08784319149023574,28207.511162684135,28212.0277991244,4.516636440264847,0.01601217638172888,2.0710492193048052e6,2.0683163738931327e6,-2732.8454116724897,-0.13195463372859056,2.764880262094049
797.9999999999849,4.068325105341725,4.068300009568794,-2.509577293174914e-5,-0.000616857608031332,28195.1679081424,28199.695646658736,4.527738516335376,0.01605856198865843,2.2788822227309844e6,2.275976760162766e6,-2905.462568218354,-0.1274950736478379,0.5
798.9999999999848,4.035551236043233,4.036809873219845,0.0012586371766118987,0.031188729940298417,28194.74687101952,28199.27368927072,4.526818251200893,0.01605553783443917,2.2384654529777304e6,2.2356349807231426e6,-2830.472254587803,-0.12644699299792866,1.457695788212063
799.9999999999848,3.9997715105296514,4.003277493874033,0.003505983344381569,0.08765459064728688,28200.988084587178,28205.511815282345,4.523730695167615,0.016041036156601872,2.070807873062458e6,2.0680899247233053e6,-2717.9483391526155,-0.13125062805238036,2.7642921110927934
800.9999999999848,4.068272564466177,4.068246257015427,-2.630745075027363e-5,-0.0006466491694792724,28188.648814889533,28193.183682874936,4.5348679854032525,0.01608756778369557,2.2785714143220475e6,2.2756798238559733e6,-2891.59046607418,-0.12690365761191322,0.5
801.9999999999847,4.035520319472681,4.036773929538546,0.0012536100658646632,0.031064397317381653,28188.227632938466,28192.76156364955,4.533930711084395,0.016084483104522727,2.2381709330367874e6,2.235354403986794e6,-2816.5290499934927,-0.12584065892465057,1.4573729186549795
802.9999999999847,3.999752090866648,4.003250297729321,0.0034982068626727703,0.08746059213671901,28194.46782485545,28198.998603227035,4.5307783715870755,0.016069742474773257,2.0705445461688582e6,2.0678415425187307e6,-2703.0036501274444,-0.13054554441385138,2.7636677166776686
803.9999999999845,4.068220565606259,4.068192903119569,-2.7662486689727928e-5,-0.0006799652635256166,28182.132722400816,28186.67467289944,4.541950498623919,0.01611641866626265,2.2782353871780727e6,2.275357722902541e6,-2877.664275531657,-0.12631110427514097,0.5
804.9999999999845,4.035490492624444,4.03673889936288,0.0012484067384361808,0.03093568776132319,28181.7113692032,28186.252365452838,4.540996249637828,0.016113273570036637,2.237852274583782e6,2.2350497408178356e6,-2802.533765946515,-0.12523318888275403,1.4570309468017184
805.9999999999845,3.9997340408069646,4.003224258762401,0.003490217955436581,0.0872612508688806,28187.95045352836,28192.488232743675,4.5377792153158225,0.016098294279312586,2.0702592457018245e6,2.0675712359334968e6,-2688.009768327698,-0.1298392833606911,2.7630071034986976
806.9999999999844,4.068169096677106,4.068139934637977,-2.9162039128394213e-5,-0.0007168344883258138,28175.619700575513,28180.16868629706,4.548985721547069,0.016145113292589452,2.2778741508316146e6,2.2750104699900066e6,-2863.680841607973,-0.12571725442173748,0.5
807.9999999999844,4.035461742699595,4.036704772149097,0.0012430294495020533,0.03080265726098809,28175.19814973286,28179.746164201697,4.548014468837209,0.016141907661722448,2.237509486294225e6,2.234721004198988e6,-2788.48209523689,-0.1246243697431285,1.4566698861527434
808.9999999999844,3.9997173475516834,4.003199363222911,0.003482015671227412,0.08705654346697353,28181.43604055488,28185.980773398805,4.544732843925885,0.016126690057191286,2.0699519793941358e6,2.0672790165505623e6,-2672.9628435734194,-0.12913163542836303,2.762310297635757
809.9999999999843,4.068118145721524,4.068087341720174,-3.080400134969352e-5,-0.0007572051805351417,28169.109819216505,28173.66579254854,4.555973332036956,0.016173650361251197,2.277487715576401e6,2.2746380779716624e6,-2849.6376047385857,-0.1251219747640826,0.5
810.9999999999843,4.03543405704686,4.036671534376923,0.0012374773300631858,0.030665284392449584,28168.688044351347,28173.24302945292,4.554985101571219,0.016170384273486348,2.2371425775635038e6,2.2343682049786723e6,-2774.3725848314352,-0.12401411571420873,1.45628975096211
811.9999999999842,3.999701998412626,4.0031756006771095,0.0034736022644836773,0.08684652671279651,28174.9246557909,28179.476294770575,4.551638979675772,0.01615492866540907,2.0696227556422455e6,2.0669648944561149e6,-2657.861186130671,-0.1284224953018495,2.7615773265965458
812.9999999999842,4.068067700945535,4.068035111571787,-3.2589373747171635e-5,-0.0008011020499879326,28162.603148027345,28167.166061001928,4.562912974583014,0.016202028450990776,2.2770760924809366e6,2.2742405611329814e6,-2835.5313479551114,-0.12452510292994745,0.5
813.9999999999842,4.035407423132322,4.03663917583474,0.001231752702417488,0.030523626817868854,28162.181122784415,28166.743030515085,4.561907730669191,0.01619870176524932,2.2367515585219525e6,2.2339913576192753e6,-2760.200902677141,-0.12340221211251036,1.4558905562369049
814.9999999999841,3.9996879808442487,4.003152957797119,0.003464976952870291,0.0866311814687832,28168.416368997096,28172.974866217595,4.558497220499703,0.016183008518423157,2.0692715835044102e6,2.0666288825947552e6,-2642.7009096550755,-0.12771165132319343,2.7608082193195136
815.9999999999841,4.068017750685602,4.0679832346925435,-3.45159930583705e-5,-0.0008484720365970223,28156.099756610478,28160.669560915827,4.569804305348953,0.016230246180584922,2.2766392933818228e6,2.2738179339466956e6,-2821.3594351271167,-0.12392650181031277,0.5
816.9999999999841,4.035381828571262,4.036607683430056,0.0012258548587933404,0.030377667117249166,28155.677454657816,28160.24623672324,4.568782065423875,0.01622685894445796,2.236336440027684e6,2.2335904745428804e6,-2745.9654848035425,-0.12278856775099323,1.4554723177366524
817.999999999984,3.9996752824143815,4.0031314244751615,0.003456142060779932,0.08641056627711166,28161.911249836372,28166.476557101712,4.56530726534038,0.016210928387777324,2.068898472708669e6,2.066270992486072e6,-2627.4802225970197,-0.1269989928097843,2.760003006166694
818.999999999984,4.067968283442775,4.067931698732863,-3.658470991130258e-5,-0.0008993361639570224,28149.59971446424,28154.17636141219,4.5766469479494845,0.016258302051797367,2.2761773308989103e6,2.2733702123009386e6,-2807.118597971741,-0.12332600627663534,0.5
819.9999999999839,4.035357261098555,4.036577047282276,0.0012197861837215385,0.030227464504331725,28149.177109494387,28153.75271716395,4.5756076695615775,0.016254854100222628,2.2358972336806e6,2.233165571698384e6,-2731.661982215941,-0.12217296667607763,1.4550350519742805
820.9999999999839,3.999663890834876,4.00311098780198,0.003447096967104102,0.08618466604163999,28155.409367871463,28159.981436564227,4.572068692763423,0.016238686616223297,2.0685034336551283e6,2.065891238441603e6,-2612.195213525323,-0.1262843063745594,2.759161718926524
821.9999999999839,4.067919287850773,4.067880494541014,-3.87933097591997e-5,-0.0009536401047842715,28143.10309098094,28147.686531518233,4.583440537291608,0.01628619460503085,2.2756902184276395e6,2.2728974122900805e6,-2792.806137559004,-0.12272347593464016,0.5
822.9999999999837,4.035333708599458,4.036547254721796,0.0012135461223383714,0.030073005356465465,28142.6801567121,28147.26254094143,4.582384229328454,0.016282685955323072,2.2354339518162804e6,2.232716663082347e6,-2717.2887339335866,-0.1215553128611025,1.4545787762091158
823.9999999999837,3.9996537939329446,4.003091637994123,0.003437844061178197,0.0859535409387944,28148.910792562554,28153.489573741626,4.578781179072394,0.016266281892094343,2.0680864774211699e6,2.065489633414339e6,-2596.8440068308264,-0.12556747675604932,2.7582843908115833
824.9999999999836,4.067870752708782,4.067829610206659,-4.1142502122504254e-5,-0.001011401409327167,28136.60995544409,28141.20014012073,4.590184676639183,0.016313922266783378,2.275177970153786e6,2.272399551404997e6,-2778.4187487890013,-0.12211874346696491,0.5
825.9999999999836,4.03531115908049,4.036518296196438,0.0012071371159478872,0.02991435030311151,28136.186665621302,28140.775776911152,4.589111289849825,0.016310352729700616,2.234946607518202e6,2.232243766130175e6,-2702.8413880271837,-0.12093538963906417,1.454103508455733
826.9999999999836,3.999644979680656,4.003073362555459,0.00342838287480296,0.08571717970520204,28142.415593265,28147.001037548827,4.58544428382811,0.01629371248758579,2.0676476157603965e6,2.0650661930827538e6,-2581.422677642666,-0.12484828932967497,2.7573710564572833
827.9999999999835,4.067822666950307,4.067779036923418,-4.363002688911877e-5,-0.0010725646239104296,28130.12037702641,28134.717256006526,4.596878980115434,0.016341483500616868,2.2746406010449864e6,2.2718766473621037e6,-2763.9536828827113,-0.12151166569404112,0.5
828.9999999999835,4.035289600698981,4.036490159452845,0.001200558753864378,0.029751489302190872,28129.696705422586,28134.292493937508,4.595788514921878,0.016337853063435073,2.2344352146141576e6,2.231746896411847e6,-2688.3182023107074,-0.12031309678293477,1.4536092674768897
829.9999999999835,3.9996374361669567,4.003056152023703,0.003418715856746246,0.08547564401293745,28135.923839226696,28140.51589688801,4.592057661313447,0.01632097700986547,2.0671868611123213e6,2.0646209318321818e6,-2565.929280139506,-0.12412662485474675,2.756421751920501
830.9999999999834,4.067775019674707,4.067728763213265,-4.6256461442517605e-5,-0.0011371440460396123,28123.634424786916,28128.23794781821,4.603523031291843,0.0163688766599615,2.274078126866137e6,2.2713287192540406e6,-2749.4076120965183,-0.12090207366294067,0.5
831.9999999999834,4.035269021734888,4.036462835263141,0.0011938135282525408,0.029584484251790555,28123.210345204112,28127.812760635905,4.602415431792906,0.01636518510973539,2.2338997876873272e6,2.2312260728503363e6,-2673.7148369909264,-0.11968821751663816,1.4530960727843723
832.9999999999833,3.9996311516260152,4.003039994309013,0.0034088426829979035,0.0852289262126601,28129.435599585853,28134.034220438793,4.598620852939348,0.016348073663472483,2.0667042266016372e6,2.0641538667076258e6,-2550.3598940114025,-0.12340226826772689,2.7554365146771516
833.9999999999833,4.067727800116792,4.067678780610529,-4.901950626301499e-5,-0.0012050832472518822,28117.15216766904,28121.76228409345,4.61011642441008,0.016396100134604304,2.273490564173119e6,2.27075578641642e6,-2734.777756699361,-0.12028982217016652,0.5
834.9999999999833,4.03524941061899,4.036436311782514,0.0011869011635239346,0.029413328464915605,28116.727653939513,28121.336645622217,4.6089916827040724,0.01639234742901631,2.2333403420708277e6,2.230681312583666e6,-2659.029487161897,-0.1190606481722511,1.4525639446382297
835.9999999999832,3.9996261144097836,4.003024880265589,0.0033987658558056744,0.08497708932244091,28122.950943368476,28127.556076860335,4.605133491859306,0.016375000977431987,2.066199726043022e6,2.0636650135227714e6,-2534.712520250585,-0.12267509710229278,2.754415383624719
836.9999999999832,4.0676809976771375,4.0676290780612865,-5.1919615851048206e-5,-0.0012763934999007315,28110.67367449775,28115.290333221947,4.6166587241968955,0.016423152207786357,2.272877930323713e6,2.2701578695407114e6,-2720.0607830015942,-0.11967474129216396,0.5
837.9999999999831,4.035230755905374,4.036410580101743,0.0011798241963685285,0.029238084950703503,28110.24870048515,28114.86421726299,4.615516777841549,0.016419338110522978,2.232756893859762e6,2.230112636020096e6,-2644.257839666214,-0.11843017244457325,1.452012904047554
838.9999999999831,3.999622313015368,4.003010798201682,0.003388485186314405,0.08472012908038262,28116.46993948607,28121.081534588215,4.611595102145657,0.01640175709138098,2.06567337394415e6,2.0631543906854047e6,-2518.9832587454002,-0.1219448965416885,2.7533583990747066
839.9999999999831,4.067634601892403,4.067579647434616,-5.495445778613828e-5,-0.0013510175609326262,28104.199013977548,28108.82216348344,4.623149505892798,0.016450031198517654,2.2722402434733654e6,2.269534989578058e6,-2705.2538953074254,-0.11905668439232253,0.5
840.999999999983,4.03521304629866,4.036385628775612,0.0011725824769523996,0.029058750145248537,28103.773553577958,28108.3955439169,4.621990338942851,0.0164461556386061,2.232149459907965e6,2.2295200618625963e6,-2629.3980453684926,-0.11779668398535048,1.4514429727633147
841.999999999983,3.999619736058203,4.0029977392820815,0.0033780032238786006,0.08445810969039191,28109.99265673304,28114.61066202997,4.618005296928459,0.01642834045999771,2.0651251855095238e6,2.0626220154331648e6,-2503.1700763590634,-0.12121154174687292,2.752265602755054
842.999999999983,4.0675886024644425,4.067530478091315,-5.812437312791019e-5,-0.0014289639097890626,28097.728254689693,28102.357843006146,4.62958831645301,0.016476735323540975,2.271577522586183e6,2.268887168814526e6,-2690.3537716572173,-0.11843548128589769,0.5
843.9999999999828,4.035196270626947,4.036361449206768,0.0011651785798214576,0.028875388002884535,28097.302281832857,28101.93069369305,4.628411860194319,0.016472798042205482,2.231518057834762e6,2.228903611999665e6,-2614.4458350972272,-0.11715996766945365,1.450854173287008
844.9999999999828,3.9996183722982,4.0029856922037474,0.0033673199055472836,0.08419103004600924,28103.51916378452,28108.143527368575,4.624363584054663,0.01645474916185525,2.0645551766413674e6,2.062067907531814e6,-2487.2691095534246,-0.12047481887113966,2.751137037807488
845.9999999999827,4.067542989231366,4.067481562228054,-6.1427003311465e-5,-0.0015101746551687391,28091.261465090167,28095.897439803495,4.635974713328324,0.016503262835275607,2.270889787429476e6,2.2682144298093757e6,-2675.3576201004907,-0.11781098470343865,0.5
846.9999999999827,4.035180417867924,4.036338030339248,0.0011576124713243985,0.028687997845113666,28090.83495374051,28095.469734684557,4.6347809440485435,0.01649926373381574,2.230862706026436e6,2.2282633066913993e6,-2599.39933503652,-0.1165199152782698,1.450246528863429
847.9999999999827,3.9996182106136997,4.0029746484348045,0.0033564378211048407,0.08391895536923837,28097.04952919368,28101.680198751535,4.630669557856891,0.016480981581519748,2.0639633639472027e6,2.0614920856358581e6,-2471.278311344562,-0.11973460161707496,2.7499727487858228
848.9999999999826,4.0674977521954885,4.067432889609922,-6.486258556659408e-5,-0.0015946557200082925,28084.79871350678,28089.44102173363,4.6423082268483995,0.01652961188792776,2.27017705858728e6,2.2675167964391164e6,-2660.262148163747,-0.11718302491433047,0.5
849.9999999999826,4.035165477122681,4.036315363879631,0.0011498867569503801,0.028496644399582827,28084.371637664568,28089.012734734453,4.641097069885291,0.01652555068620803,2.230183423642498e6,2.2275991693041734e6,-2584.2543383245356,-0.11587631362194162,1.4496200634813392
850.9999999999825,3.999619240026512,4.002964597050545,0.0033453570240333796,0.08364188747154853,28090.583821389486,28095.220744100618,4.636922711131774,0.016507035740570844,2.0633497647386275e6,2.0608945708670013e6,-2455.1938716261648,-0.11899067785713847,2.748772781653194
851.9999999999825,4.067452881495105,4.0673844527529495,-6.842874215529093e-5,-0.001682348736394902,28078.340068137233,28082.98865653516,4.648588397925778,0.01655578067166765,2.269439357452617e6,2.266794292866645e6,-2645.0645859721117,-0.11655145475846172,0.5
852.9999999999825,4.035151437640623,4.0362934391501595,0.0011420015095362501,0.028301329632475582,28077.912401839694,28082.559761661923,4.647359822229191,0.01655165724473409,2.2294802306130007e6,2.226911221648045e6,-2569.0089649558067,-0.11522905337669002,1.448974801872519
853.9999999999824,3.999621449676425,4.002955529814078,0.003334080137653128,0.08335989241989039,28084.122108674186,28088.765231295016,4.643122620829672,0.01653290995838384,2.0627143970378316e6,2.0602753832872484e6,-2439.0137505831663,-0.11824292078853577,2.7475371837842486
854.9999999999824,4.067408367431318,4.067336241815186,-7.212561613201274e-5,-0.0017732573082540539,28071.885597046235,28076.54041178792,4.654814741683367,0.01658176728311102,2.2686767062395494e6,2.2660469445512565e6,-2629.761688292958,-0.1159161056778304,0.5
855.9999999999824,4.035138288793932,4.036272248152303,0.0011339593583707952,0.028102118867151044,28071.45731436864,28076.11088303558,4.653568666941283,0.01657758133048301,2.2287531476488006e6,2.2261994885612335e6,-2553.6590875671245,-0.11457792399580365,1.4483107695107924
856.9999999999823,3.999624828845365,4.002947436167652,0.0033226073222869523,0.08307297470313339,28077.664459220912,28082.313727986962,4.649268766050227,0.016558602204263372,2.0620572795770266e6,2.0596345453687047e6,-2422.7342083218973,-0.11749112075193438,2.746266003957276
857.9999999999823,4.067364200440529,4.0672882496228535,-7.59508176750856e-5,-0.0018673227656097163,28065.43536816349,28070.09635494742,4.660986783932458,0.016607569855195365,2.267889127978947e6,2.265274777251749e6,-2614.35072719818,-0.11527683143522918,0.5
858.9999999999822,4.0351260201014405,4.036251780574464,0.0011257604730232629,0.027899016472228096,28065.00644322023,28069.666166392446,4.659723172215308,0.01660332122724659,2.2280021962378123e6,2.2254639933963474e6,-2538.2028414648958,-0.11392281595372239,1.4476279926125994
859.9999999999822,3.999629366932483,4.0029403081602,0.0033109412277170236,0.08278120105554558,28071.21094107119,28075.86630177906,4.655360707871296,0.01658411073766684,2.0613784318052058e6,2.0589720785750113e6,-2406.3532301944215,-0.11673515124959913,2.7449592923562784
860.9999999999822,4.0673203711202,4.067240466714858,-7.990440534211274e-5,-0.0019645466314743704,28058.98944928086,28063.656553306842,4.667104025982553,0.016633186431816306,2.267076646528342e6,2.2644778180051525e6,-2598.828523189295,-0.1146334653999889,0.5
861.999999999982,4.0351146212039115,4.03623202870324,0.0011174074993283156,0.02769208818645472,28058.55985622657,28063.22567901845,4.66582279188151,0.01662887480964602,2.2272273986542923e6,2.224704762457181e6,-2522.6361971115693,-0.11326352210985575,1.4469264981296428
862.999999999982,3.999635053477263,4.002934135588753,0.0032990821114902147,0.0824845784022722,28064.761622132555,28069.42302004582,4.6613979132634995,0.016609433481121778,2.0606778738879834e6,2.0582880067190635e6,-2389.867168919882,-0.11597480611614472,2.743617100567992
863.999999999982,4.067276870202031,4.067192886217657,-8.398398437403642e-5,-0.0020648701097612946,28052.54790805032,28057.221074030476,4.673165980155318,0.016658615094332467,2.266239286566306e6,2.2636560941575295e6,-2583.1924087763764,-0.11398586301494676,0.5
864.9999999999819,4.035104081886722,4.03621298258054,0.0011089006938185264,0.02748134053830973,28052.117621080946,28056.78948816029,4.6718670793452475,0.0166542403053179,2.2264287779549304e6,2.2239218206305e6,-2506.9573244303465,-0.11259993354618303,1.4462063137573036
865.9999999999819,3.9996418781353094,4.002928910777963,0.003287032642653731,0.08218317396421984,28058.316570176055,28062.9839501051,4.667379929043818,0.01663456863981962,2.0599556267126414e6,2.0575823526592958e6,-2373.274053345667,-0.11520995998991646,2.742239481579851
866.9999999999818,4.067233688576709,4.06714549903827,-8.818953843903188e-5,-0.002168292878934453,28046.110811981136,28050.789984116705,4.679172135569388,0.016683853839622113,2.2653770736044277e6,2.2628096343154213e6,-2567.4392890064046,-0.11333386035029336,0.5
867.9999999999818,4.035094392055727,4.036194634767318,0.0011002427115904823,0.027266839500871016,28045.679805335058,28050.357660812937,4.677855477879348,0.016679415547593505,2.2256063579878095e6,2.2231151956808707e6,-2491.162306938786,-0.11193184715697291,1.4454674679272284
868.9999999999818,3.9996498307005,4.002924623866869,0.0032747931663692498,0.08187699686189032,28051.87585283391,28056.54915904546,4.673306211549061,0.016659514094765772,2.0592117118884588e6,2.0568551415442622e6,-2356.5703441966325,-0.11444041089080016,2.740826489777895
869.9999999999817,4.0671908172677576,4.067098298592787,-9.25186749709539e-5,-0.002274756192361433,28039.678228437784,28044.36335043037,4.6851219925847545,0.016708900702837284,2.2644900339815277e6,2.2619384674073495e6,-2551.5665741781704,-0.11267731524046021,0.5
870.9999999999817,4.035085541759317,4.036176975645761,0.0010914338864438378,0.02704859352171174,28039.246476396795,28043.93026392473,4.683787527934328,0.016704398714413034,2.2247601633909387e6,2.2222849140202575e6,-2475.249370681122,-0.11125915554458653,1.4447099898077849
871.9999999999816,3.9996589010813954,4.002921267445139,0.0032623663637432188,0.08156611462195355,28045.439537596867,28050.11871389192,4.679176295052457,0.01668426800293037,2.0584461517527364e6,2.0561063976188013e6,-2339.7541339350864,-0.11366603551629564,2.7393781809436226
872.9999999999816,4.067148247455341,4.067051276143109,-9.697131223251887e-5,-0.00238425811729853,28033.250224637115,28037.94123966695,4.691015029835398,0.016733753639856873,2.263578194874653e6,2.2610426236021956e6,-2535.571272457484,-0.11201606722483438,0.5
873.9999999999816,4.035077521164673,4.036159998040101,0.0010824768754273961,0.026826668626553498,28032.81770152763,28037.50736419153,4.689662663899071,0.01672918760372601,2.223890219598283e6,2.221431004867886e6,-2459.214730396867,-0.11058166040413148,1.4439339093029129
874.9999999999815,3.999669079322422,4.002918831980462,0.0032497526580397285,0.08125053832179197,28039.007691811985,28043.69268143894,4.6849896269559395,0.01670882820979453,2.0576589693700653e6,2.055336147361668e6,-2322.8220083971974,-0.11288663685160177,2.737894612255782
875.9999999999815,4.067105970450758,4.067004425383843,-0.00010154506691506526,-0.0024967401305211385,28026.826867646363,28031.523718383858,4.6968507374949695,0.016758410645897715,2.2626415842919955e6,2.260122133401168e6,-2519.4508908274584,-0.11134997731493657,0.5
876.9999999999815,4.035070320579009,4.036143692659066,0.001073372080057311,0.026601074944916658,28026.393547840333,28031.089028255283,4.695480414949998,0.016753780349708335,2.222996552838701e6,2.2205534961535083e6,-2443.0566851925105,-0.10989925657207157,1.443139257050941
877.9999999999814,3.9996803555810088,4.00291731031625,0.0032369547352413264,0.08093033561355965,28032.580382679993,28037.271128410815,4.6907457308225275,0.016733192830584793,2.0568501885372123e6,2.0545444163937606e6,-2305.77214345173,-0.11210209456681652,2.7363758422821256
878.9999999999814,4.067063977719345,4.066957737918186,-0.00010623980115909148,-0.0026121989164937295,28020.408224380244,28025.110852965587,4.702628585342609,0.016782869641602523,2.261680231085104e6,2.259177028530195e6,-2503.2025549090467,-0.11067888910662078,0.5
879.9999999999812,4.035063930426381,4.036128052578517,0.0010641221521359157,0.02637187837624845,28019.974082296383,28024.675322504685,4.701240208301897,0.016778174720983204,2.222079190141323e6,2.219652418544414e6,-2426.771596909035,-0.1092117512137222,1.4423260644249543
880.9999999999812,3.9996927201479258,4.002916693235253,0.0032239730873273587,0.08060551929619539,28026.157677252966,28030.85412129978,4.696444046814577,0.016757359681260835,2.056019833783856e6,2.0537312325190667e6,-2288.601264789235,-0.11131221728427304,2.7348219309810933
881.9999999999812,4.067022260855625,4.066911207707781,-0.00011105314784387588,-0.0027305763460589564,28013.994361598885,28018.702709654088,4.708348055202805,0.016807128588763227,2.260694164942778e6,2.258207341056328e6,-2486.82388645038,-0.11000266754407824,0.5
882.9999999999811,4.0350583412683045,4.036113068819824,0.0010547275515193633,0.026139090499193128,28013.55937170357,28018.266313267315,4.706941563745204,0.016802368814652215,2.221138159336691e6,2.218727801480158e6,-2410.357856532559,-0.10851904220367703,1.4414943635252557
883.9999999999811,3.999706163424892,4.002916973822978,0.003210810398085684,0.08027615696989882,28019.73964243182,28024.441726521403,4.702084089582058,0.016781326841672134,2.0551679303768196e6,2.0528966227274574e6,-2271.307649362134,-0.11051688846398476,2.7332329396984414
884.999999999981,4.066980811605336,4.066864826683313,-0.00011598492202313793,-0.0028518679432213956,28007.585345905114,28012.299354514962,4.7140086098479514,0.016831185379346417,2.2596834163996223e6,2.257213104252768e6,-2470.3121468541212,-0.10932116104963481,0.5
885.999999999981,4.035053543780924,4.036098734698619,0.0010451909176953933,0.02590277691125826,28007.14948271355,28011.86206661666,4.712583903110499,0.01682636037637168,2.2201734890596094e6,2.2177796770704743e6,-2393.811989135109,-0.10782094286465185,1.4406441871875482
886.999999999981,3.9997206759442205,4.002918143163268,0.0031974672190475673,0.07994226292546631,28013.3263449639,28018.034010257743,4.7076652938412735,0.016805092104628248,2.0542945043194199e6,2.0520406161401714e6,-2253.8881792484317,-0.1097159231312424,2.7316089311648257
887.9999999999809,4.0669396218412395,4.066818589061754,-0.00012103277948583013,-0.002976016138420923,28001.181243742238,28005.90085346668,4.719609724441398,0.016855037947715673,2.2586480168335177e6,2.2561943517477685e6,-2453.665085749235,-0.10863423904310326,0.5
888.9999999999809,4.035049528774838,4.036085041534583,0.0010355127597447833,0.025662950413874994,28000.744481819464,28005.462648558027,4.7181667385630135,0.01685014747242332,2.219185208749064e6,2.216808076256902e6,-2377.1324921618216,-0.10711735472956722,1.439775568975337
889.9999999999809,3.9997362483469825,4.002920194571869,0.0031839462248868244,0.07960390453752271,28006.917851440492,28011.63103860768,4.713187167188153,0.016828653521207573,2.0533995823571696e6,2.051163241109943e6,-2236.3412472265773,-0.10890920921778909,2.729949969493322
890.9999999999808,4.066898683584315,4.0667724870873645,-0.00012619649695011503,-0.003103015510553442,27994.78212139137,27999.50727224793,4.725150856560504,0.01687868416361034,2.2575879984718966e6,2.255151118356752e6,-2436.8801151444204,-0.10794175539531048,0.5
891.9999999999808,4.035046287173106,4.036071982871093,0.001025695697986606,0.025419676132270426,27994.344435353305,27999.068124841666,4.723689488360833,0.016873727831952415,2.2181733486553887e6,2.2158130325864865e6,-2360.316068902146,-0.10640809792133339,1.4388885431801826
892.9999999999807,3.999752871401938,4.00292311941971,0.0031702480177715486,0.0792610973652569,28000.514228294396,28005.232877435094,4.71864914069738,0.016852008867498606,2.0524831919772069e6,2.0502645280702119e6,-2218.6639069949742,-0.10809656886191996,2.7282561201759044
893.9999999999807,4.066857988980224,4.066726515220629,-0.00013147375959476904,-0.0032328092092474676,27988.38804496924,27993.11867644588,4.730631476639246,0.016902121940850934,2.2565033943888084e6,2.2540834392586653e6,-2419.955130143091,-0.10724358474978296,0.5
894.9999999999807,4.03504381003014,4.036059550312054,0.0010157402819146455,0.02517296787186701,27987.94940948373,27992.67856114271,4.729151658983028,0.016897099497330637,2.217137939836194e6,2.214794578495993e6,-2343.361340200994,-0.105693078364539,1.4379831448203444
895.9999999999806,3.9997705359841755,4.002926911240738,0.003156375256562871,0.07891390838965266,27994.115541797502,27998.839592514312,4.72405071680987,0.016875156172576615,2.0515453614112276e6,2.049344506728675e6,-2200.854682552628,-0.10727789518817624,2.7265274500848284
896.9999999999806,4.066817530319701,4.066680666005516,-0.00013686431418502565,-0.0033653910745847122,27981.99908042545,27986.73513146438,4.7360510389298724,0.016925349133625457,2.255394238513554e6,2.252991350806103e6,-2402.887707450893,-0.10653958702291208,0.5
897.9999999999804,4.035042088510306,4.036047737616384,0.0010056491060774775,0.02492289012154399,27981.559470213335,27986.294022880225,4.734552666890522,0.016920260187537093,2.216079014163208e6,2.2137527489639926e6,-2326.265199215617,-0.10497212348242985,1.4370594096409675
898.9999999999804,3.9997892330934426,4.002931561678931,0.003142328585488574,0.07856235422330723,27987.721858058325,27992.451249383073,4.729391324748576,0.016898093202204926,2.0505861196374404e6,2.048403208825678e6,-2182.9108117623255,-0.10645301803507189,2.7247640274640363
899.9999999999804,4.066777300015678,4.066634934134218,-0.00014236588146054885,-0.0035007051273744445,27975.61529354039,27980.356702551326,4.741409010934149,0.016948363641635246,2.254260565623926e6,2.251874889724796e6,-2385.6758991298266,-0.10582964256705292,0.5
900.9999999999803,4.035041113906309,4.036036536658215,0.0009954227519060055,0.024669457480257007,27975.174683376492,27979.914575391307,4.739892014815268,0.01694320792796273,2.214996604321301e6,2.2126875779155525e6,-2309.0264057484455,-0.10424514426991441,1.4361173741063975
901.9999999999803,3.9998089538333854,4.002937064474534,0.003128110641148929,0.07820650129179225,27981.33324301958,27986.067913483268,4.734670463687507,0.016920817970203946,2.0496054963822763e6,2.0474406654178542e6,-2164.8309644220863,-0.10562183640916228,2.722965921930434
902.9999999999803,4.066737290622919,4.0665893124366805,-0.00014797818623879522,-0.003638744665902153,27969.236749922587,27973.98345476784,4.74670484525268,0.016971163309509395,2.2531024113544347e6,2.2507340938971005e6,-2368.3174573341385,-0.10511361780090782,0.5
903.9999999999802,4.035040877618123,4.036025941400009,0.0009850637818864527,0.024412733644173987,27968.79511463675,27973.540283755876,4.74516911912724,0.01696594043353687,2.2138907438103547e6,2.2115991017565383e6,-2291.6420538164675,-0.10351197592850919,1.4351570754081533
904.9999999999802,3.9998296894290686,4.0029434115306675,0.0031137221015988814,0.07784636705477654,27974.94976245581,27979.68965001861,4.739887562798685,0.0169433282384654,2.0486035221202269e6,2.0464569095466714e6,-2146.612573555438,-0.10478418836914696,2.7211332044701493
905.9999999999801,4.066697494815766,4.066543795825131,-0.00015369899063433223,-0.0037794547253703534,27962.863515006324,27967.61545301472,4.751938008397701,0.016993746029792568,2.2519198121943525e6,2.249569001588362e6,-2350.8106059907004,-0.1043913994299817,0.5
906.9999999999801,4.0350413711707125,4.0360159439720515,0.0009745728013390575,0.02415273380595596,27962.42082948446,27967.171212965117,4.750383480655728,0.016988455719280118,2.2127614669473046e6,2.210487355894451e6,-2274.111052853521,-0.10277253498954199,1.434178551457184
907.9999999999801,3.9998514312068765,4.0029505967819485,0.0030991655750720604,0.07748201722924865,27968.57148197081,27973.316524090646,4.745042119837308,0.01696562201217918,2.0475802280788126e6,2.0454519736119157e6,-2128.2544668968767,-0.10393997938209036,2.7192659474357295
908.99999999998,4.0666579054071015,4.0664983774020085,-0.00015952800509300147,-0.003922828248741802,27956.49565404916,27961.25276200246,4.757107953300874,0.017016109644671665,2.250712805493174e6,2.248379652206542e6,-2333.1532866321504,-0.10366286098065329,0.5
909.99999999998,4.035042586193792,4.036006538528537,0.0009639523347448886,0.023889520721370464,27956.051893234297,27960.807427751864,4.755534517567867,0.01701075150285711,2.2116088088691477e6,2.2093523781580515e6,-2256.4307110961527,-0.10202666502535426,1.4331818408839392
910.99999999998,3.9998741706113865,4.002958612377013,0.003084441765626167,0.07711346992584783,27962.19846699535,27966.94860056109,4.750133565739816,0.016987697055889744,2.0465356462373605e6,2.0444258919535715e6,-2109.7542837890796,-0.10308905626285811,2.717364224543284
911.9999999999799,4.066618515326686,4.066453052288137,-0.0001654630385496958,-0.004068811419760222,27950.133232129727,27954.895446276823,4.762214147096529,0.017038252045332596,2.2494814294544216e6,2.247166085552694e6,-2315.343901727814,-0.1029278957990494,0.5
912.9999999999799,4.035044514438715,4.035997717442407,0.0009532030036920602,0.02362310998754008,27949.688371022956,27954.448992753583,4.760621730627463,0.017032825795521473,2.2104328055303404e6,2.2081942054312513e6,-2238.60009908909,-0.10127428861389845,1.432166983036846
913.9999999999798,3.999897899185844,4.002967452433217,0.0030695532473732356,0.07674079000861561,27955.83078278472,27960.585944183378,4.755161398657947,0.01700955137268247,2.0454698093282275e6,2.0433786983082232e6,-2091.1110200043768,-0.10223133142655079,2.71542811086859
914.9999999999798,4.0665793176394525,4.066407813845312,-0.0001715037941405484,-0.00421739699989676,27943.77631414502,27948.543570189817,4.76725604479725,0.01706017107782274,2.248225723145098e6,2.2459283425553343e6,-2297.380589763634,-0.10218638485061776,0.5
915.9999999999798,4.035047147758861,4.035989475047966,0.0009423272891053713,0.023353563281875336,27943.3303278066,27948.095972348077,4.765644541475922,0.017054676323722217,2.209233493708253e6,2.2070128769631786e6,-2220.6167450742796,-0.10051525795704462,1.4311340179807537
916.9999999999797,3.9999226085883537,4.002977109331344,0.00305450074299074,0.0763639960541319,27949.468494416273,27954.228619469268,4.760125052995136,0.017031182735893925,2.0443827508395668e6,2.0423104283100555e6,-2072.3225295112934,-0.1013666608496013,2.7134576828480754
917.9999999999797,4.066540305524484,4.0663626573918314,-0.00017764813265230828,-0.004368532445404989,27937.424964808273,27942.197197924383,4.772233116109419,0.01708186463899526,2.246945726490388e6,2.244666464544626e6,-2279.261945762206,-0.1014382287427251,0.5
918.9999999999795,4.035050478125875,4.035981803947566,0.0009313258216909759,0.023080896428426857,27936.977828358566,27941.748430811233,4.770602452666935,0.01707630110163291,2.2080109110012166e6,2.205808431108452e6,-2202.479892764706,-0.09974950222351926,1.4300829864969158
919.9999999999795,3.9999482905730113,4.002987577360122,0.0030392867871102958,0.0759831519390693,27943.11166678704,27947.876690816232,4.765024029191409,0.017052589153322813,2.0432745050153316e6,2.0412211170282979e6,-2053.387987033697,-0.1004949644305521,2.7114530182698764
920.9999999999795,4.0665014722926545,4.066317576536147,-0.00018389575650790135,-0.004522210498653101,27931.07924864631,27935.8563934661,4.7771448197891,0.017103330584766523,2.245641480279445e6,2.243380493966954e6,-2260.9863124913536,-0.10068331620815976,0.5
921.9999999999794,4.035054497610854,4.035974698644556,0.0009202010337014954,0.02280516989910159,27930.630937266884,27935.406432157888,4.7754948910042,0.017097697870592753,2.2067650958308037e6,2.204580908533557e6,-2184.1872972468846,-0.09897688255870211,1.4290139300735727
922.9999999999794,3.9999749370055344,4.002998849119669,0.0030239121141342196,0.07559827653315208,27936.76036461141,27941.530222378213,4.769857766801579,0.0170737684131899,2.0421451068555159e6,2.0401108013875873e6,-2034.305467928527,-0.09961610764579504,2.709414196274718
923.9999999999794,4.066462811366224,4.066272566783327,-0.000190244582896959,-0.004678380000554877,27924.73922999743,27929.52122062725,4.781990629820939,0.017124566823829134,2.2443130261605023e6,2.2420704736765376e6,-2242.5524839647114,-0.09992155540803492,0.5
924.9999999999793,4.035059198399611,4.035968151957929,0.0009089535583184372,0.02252639957993546,27924.289718931963,27929.070040294566,4.78032136260299,0.01711886465410095,2.205496087442233e6,2.203330349059257e6,-2165.7383829760365,-0.09819733507157093,1.4279268909199239
925.9999999999793,4.000002539844838,4.003010919059117,0.003008379214279877,0.07520943260192464,27930.414652418574,27935.189278188824,4.7746257702492585,0.01709471853414038,2.040994592118846e6,2.03897951778597e6,-2015.074332876131,-0.09873001823019009,2.7073412973518014
926.9999999999792,4.066424316295867,4.0662276219762745,-0.00019669431959279393,-0.004837033823660687,27918.40497300867,27923.191743019157,4.786770010487089,0.01714557122842407,2.2429604066490997e6,2.2407364476336404e6,-2223.959015459288,-0.09915284321856581,0.5
927.9999999999792,4.035064572774618,4.035962158549094,0.0008975857744761839,0.022244644621857438,27917.954237564056,27922.739318865202,4.78508130114642,0.017139799214614428,2.204203925906818e6,2.202056794766624e6,-2147.131140193902,-0.09741073023951556,1.4268219119488532
928.9999999999792,4.000031091158179,4.00302377998547,0.00299268882729109,0.07481663914828672,27924.074594550304,27928.85392203623,4.779327485925023,0.01711543732538862,2.0398229973217994e6,2.0378273044365807e6,-1995.6928852186538,-0.09783657149855225,2.705234403335627
929.9999999999791,4.066385980740875,4.066182737796606,-0.00020324294426821155,-0.004998122294115861,27912.076541633825,27916.86802407546,4.791482441632979,0.017166341724830017,2.241583665120344e6,2.2393784602158074e6,-2205.2049045367166,-0.09837709557088183,0.5
930.9999999999791,4.035070613130018,4.035956711441735,0.000886098311717376,0.021959920821064058,27911.62455718113,27916.414331399043,4.789774217912054,0.017160499590769023,2.202888652118132e6,2.2007602869396354e6,-2128.365178496577,-0.09661701132511175,1.425699036783038
931.999999999979,4.000060583103321,4.00303742649783,0.00297684339450921,0.0744199577147334,27917.740255158486,27922.524217582413,4.783962423927733,0.017135922822563616,2.0386303597396666e6,2.0366541990613958e6,-1976.1606782707386,-0.09693570336719083,2.7030935974017796
932.999999999979,4.066347798485611,4.066137908310059,-0.00020989017555272937,-0.005161638550221814,27905.753999630753,27910.55012702546,4.796127394707582,0.01718687620757728,2.24018284581543e6,2.237996556890825e6,-2186.28892460512,-0.09759421775276149,0.5
933.999999999979,4.035077311953667,4.035951805445134,0.0008744934914677316,0.02167228590334809,27905.300741606232,27910.095141161277,4.794399555044947,0.017180963571901575,2.2015503077977975e6,2.199440869071423e6,-2109.438726374414,-0.09581605829777641,1.4245583097516679
934.9999999999789,4.0000910079430625,4.003051851598194,0.0029608436551313844,0.07401940728978357,27911.411698202774,27916.200228241843,4.788530039069883,0.017156172861647907,2.037416717406876e6,2.0354602411600929e6,-1956.4762467830442,-0.09602729918075627,2.700918964067579
935.9999999999789,4.066309763420309,4.066093129365117,-0.00021663405519145584,-0.005327534491844461,27899.43741055916,27904.238114916312,4.800704357152426,0.01720717262684119,2.2387579938396798e6,2.236590783556468e6,-2167.210283211898,-0.09680413377307162,0.5
936.9999999999789,4.035084661841867,4.035947433775954,0.0008627719340870144,0.0213817554373987,27898.982854465234,27903.781811296,4.798956830767565,0.017201189218263892,2.200188935493039e6,2.198098583905106e6,-2090.3515879330225,-0.09500782201982108,1.423399775888692
937.9999999999787,4.000122358028001,4.003067050025672,0.0029446919976710006,0.07361504809374603,27905.088987448187,27909.88201729691,4.793029848722654,0.01717618550106963,2.0361821091184586e6,2.0342454697769482e6,-1936.6393415103666,-0.0951113032983485,2.6987105891828413
938.9999999999787,4.066271869556976,4.06604839523936,-0.00022347431761637893,-0.0054958036448440085,27893.126837778225,27897.932050587264,4.805212809038494,0.017227228904757832,2.237309155162547e6,2.235161187188374e6,-2147.967974172905,-0.09600675745756958,0.5
939.9999999999786,4.0350926554818685,4.035943591381699,0.0008509358998303185,0.021088385632837475,27892.67095918452,27897.474404681634,4.803445497112989,0.01722117435129068,2.198804578576928e6,2.196733476346041e6,-2071.1022308869287,-0.09419219202405661,1.4222234809325967
940.9999999999786,4.000154625810655,4.0030830149661245,0.0029283891554694463,0.07320689896771156,27898.77218646282,27903.569647780514,4.797461317695706,0.01719595860933104,2.034926574428747e6,2.0330099256962275e6,-1916.6487325194757,-0.0941876113175005,2.696468559930427
941.9999999999786,4.066234111010759,4.0660037019390645,-0.00023040907169491476,-0.005666399558033344,27886.822344444266,27891.631996691227,4.809652246960468,0.017247043021087226,2.2358363766183476e6,2.2337078151994157e6,-2128.5614189319313,-0.09520202109562834,0.5
942.9999999999785,4.035101285666297,4.035940271661187,0.0008389859948900735,0.020792191707067295,27886.365118988564,27891.17298406937,4.807865080805641,0.017240917058537107,2.1973972812494435e6,2.195345590593147e6,-2051.690656296443,-0.09336912691226452,1.4210294713183862
943.9999999999785,4.000187803828582,4.00309974128929,0.0029119374607082804,0.0727950187219026,27892.461358615474,27897.263182587663,4.801823972189595,0.01721549027334728,2.0336501536514557e6,2.0317536492803541e6,-1896.5043711015023,-0.0932561762256057,2.6941929648218097
944.9999999999785,4.066196482015372,4.065959043943341,-0.00023743807203135958,-0.005839316252461948,27880.523993508366,27885.33801566958,4.814022161212051,0.01726661293142459,2.2343397059055283e6,2.2322307160703912e6,-2108.9898351370357,-0.09438984723597833,0.5
945.9999999999784,4.035110545275978,4.03593746969116,0.0008269244151826172,0.020493228274767388,27880.06539689766,27884.877611942968,4.812215045309131,0.01726041519918604,2.1959670885360846e6,2.1939349729610737e6,-2032.1155750108883,-0.09253852599246257,1.4198177941850691
946.9999999999784,4.000221884718154,4.003117222354291,0.002895337636137363,0.07237942593130334,27886.156567073347,27890.962684361722,4.80611728837539,0.017234778399151017,2.0323528878600888e6,2.0304766825968786e6,-1876.2052632102277,-0.0923169039401286,2.6918838936935896
947.9999999999783,4.066158976904995,4.065914417407832,-0.00024455949716273295,-0.0060145089887479585,27874.231847714113,27879.050169773032,4.818322058919875,0.017285936650178982,2.2328191915864213e6,2.2307299387283777e6,-2089.2528580436483,-0.09357017647986227,0.5
948.9999999999783,4.035120427293865,4.0359351790422044,0.0008147517483392264,0.02019151009293757,27873.77185572552,27878.588350652768,4.816494927246822,0.017279666893224827,2.1945140462893387e6,2.1925016691034827e6,-2012.3771858559921,-0.09170035567822779,1.4185884973675846
949.9999999999783,4.000256861198152,4.0031354531528045,0.002878591954652343,0.0719601779219285,27879.85787479958,27884.66821560235,4.810340802767314,0.017253821107586595,2.031034818889975e6,2.0291790673268589e6,-1855.7515631162096,-0.09136975623738625,2.689541437703941
950.9999999999782,4.066121590129216,4.065869817003582,-0.00025177312563329224,-0.006191972375948827,27867.945969595137,27872.768521037167,4.82255144203009,0.017305012171660066,2.23127488308928e6,2.2292055331573794e6,-2069.349931900855,-0.09274294026183659,0.5
951.9999999999782,4.035130924788653,4.03593339491198,0.0008024701233271259,0.01988709011639211,27867.484558076958,27872.305262279904,4.820704202946217,0.017298670042858285,2.193038201188681e6,2.191045726744397e6,-1992.4744442841038,-0.0908545251607625,1.4173416293964654
952.9999999999781,4.000292726083133,4.003154427207372,0.0028617011242388912,0.07153729289808528,27873.565344551083,27878.379838555484,4.814494004400331,0.01727261634773788,2.0296959893345232e6,2.0278608468194203e6,-1835.142515102867,-0.0904146495212101,2.6871656893280376
953.9999999999781,4.066084316235495,4.065825239027848,-0.0002590772076462855,-0.006371663435797787,27861.66642147301,27866.493131302643,4.826709829631,0.017323837550187054,2.22970683070372e6,2.2276575497967205e6,-2049.2809069994837,-0.09190808759161885,0.5
954.9999999999781,4.03514203092807,4.035932111033455,0.0007900801053848383,0.019579982546565337,27861.203566345666,27866.028408765997,4.824842420330242,0.01731742280566194,2.191539600737724e6,2.189567192990509e6,-1972.4077472151257,-0.09000100872241446,1.4160772394959247
955.999999999978,4.000329472267451,4.00317413962352,0.0028446673560695857,0.07111082664041626,27867.27903887617,27872.097615317572,4.818576441401092,0.017291162279169593,2.0283364425465232e6,2.026522064071894e6,-1814.3784746292513,-0.08945155431666685,2.6847567423583127
956.999999999978,4.066047149883639,4.065780678334762,-0.0002664715488771563,-0.006553577443999441,27855.393265454684,27860.224062191344,4.830796736659977,0.01734241082372715,2.2281150855855215e6,2.2260860401334506e6,-2029.0454520708881,-0.09106555874054771,0.5
957.999999999978,4.035153738963031,4.035931322717504,0.0007775837544725661,0.019270238627200172,27854.928942711755,27859.75785178162,4.828909069863585,0.017335923131575854,2.1900182932677176e6,2.188066116974482e6,-1952.1762932357378,-0.08913972541859015,1.4147953775819104
958.9999999999778,4.00036709273829,4.003194584078074,0.002827491339783883,0.0706807968927781,27860.99902011226,27865.821607729133,4.8225876168726245,0.017309456898481283,2.0269562226378217e6,2.0251627637156309e6,-1793.4589221908245,-0.08848039746299352,2.68231469189489
959.9999999999778,4.066010085828808,4.065736131356145,-0.0002739544726635401,-0.006737673219708645,27849.12656343049,27853.961375125993,4.83481169550214,0.017360730091445214,2.2264996997501156e6,2.224491056116371e6,-2008.6436337446794,-0.09021531123359744,0.5
960.9999999999777,4.0351660422405145,4.035931023850705,0.0007649816101906737,0.018957871923553356,27848.6607491396,27853.493652851794,4.83290371219482,0.017354169221024878,2.188474327934132e6,2.1865425472542495e6,-1931.780679882504,-0.08827065756380424,1.4134960942616788
961.9999999999777,4.00040558056021,4.003215755783136,0.0028101752229252597,0.07024725784258423,27854.725350383498,27859.551877475547,4.8265270920492185,0.01732749840946742,2.0255553744801357e6,2.023782990062199e6,-1772.3844179366715,-0.08750115846087687,2.6798396343457407
962.9999999999777,4.065973118935533,4.06569159312113,-0.00028152581440288316,-0.006923946769146037,27842.86637707152,27847.70513130687,4.8387542353484605,0.017378793439647988,2.2248607260787743e6,2.2228726507343533e6,-1988.0753444209695,-0.08935729419453912,0.5
963.9999999999776,4.035178934188349,4.035931209850298,0.000752275661948687,0.01864293192985759,27842.399047375475,27847.235873228587,4.8368258531118045,0.017372159076097078,2.186907754716573e6,2.1849965343714408e6,-1911.220345132053,-0.08739373396111765,1.4121794408256234
964.9999999999776,4.0004449288876565,4.003237648561422,0.002792719673765376,0.0698102266975065,27848.4580915987,27853.288485983947,4.830394385247928,0.017345284860511387,2.024133943700411e6,2.0223827890254199e6,-1751.154674991034,-0.08651377446838665,2.6773316674218983
965.9999999999775,4.065936244161281,4.065647060189793,-0.00028918397148824937,-0.0071123587317317135,27836.61276782777,27841.455391730844,4.842623903074127,0.017396599016784833,2.2231982183098127e6,2.221230877445923e6,-1967.340863889549,-0.08849147357563197,0.5
966.9999999999775,4.035192408327482,4.035931874748576,0.000739466421094015,0.01832543151022905,27836.14389894537,27840.984574012473,4.840675067101984,0.01738989094421725,2.1853186244182955e6,2.1834281283342508e6,-1890.4960840446874,-0.08650894487058673,1.4108454692545125
967.9999999999775,4.000485130950061,4.003260257724932,0.0027751267748712394,0.06936975601787038,27842.19730544881,27847.0314945207,4.834189071887522,0.017362814503657925,2.0226919766847303e6,2.0209622062306907e6,-1729.7704540395644,-0.08551823381801932,2.674790890133602
968.9999999999774,4.065899456570025,4.065602527758957,-0.00029692881106857527,-0.007302905894260924,27830.365796925416,27835.212217168697,4.8464202432805905,0.01741414496181722,2.2215122310460024e6,2.2195657907400625e6,-1946.4403059398755,-0.08761780730882544,0.5
969.9999999999774,4.035206458257275,4.035933014062744,0.0007265558054685428,0.018005418384028055,27829.895365152555,27834.739816029072,4.84445087651693,0.01740736288424193,2.1837069886668534e6,2.1818373810934387e6,-1869.607573414687,-0.08561622887675406,1.4094942322112587
970.9999999999774,4.000526180063971,4.0032835772346855,0.0027573971707148814,0.06892586241419846,27835.943053404833,27840.780964091584,4.837910686750547,0.017380085443732738,2.0212295205744859e6,2.0195212888754436e6,-1708.231699042255,-0.08451448396403449,2.672217402786391
971.9999999999773,4.065862751316328,4.065557992511352,-0.00030475880497604635,-0.007495550726039149,27824.12552536495,27828.97566818349,4.850142818540917,0.01743142947698192,2.2198028197465874e6,2.2178774455852644e6,-1925.3741613230668,-0.08673626973511402,0.5
972.9999999999773,4.03522107766759,4.035934621963691,0.0007135442961017091,0.017682904662912474,27823.653507075498,27828.501659946403,4.848152870905324,0.01742457319515012,2.1820728999110055e6,2.1802243441074626e6,-1848.5558035429567,-0.0847155841410408,1.408125783040387
973.9999999999771,4.000568069618658,4.0033076024966805,0.0027395328780226436,0.06847859679797377,27829.695396715433,27834.53695553605,4.841558820615319,0.017397095985415414,2.0197466232677645e6,2.0180600838979278e6,-1686.5393698366825,-0.08350252206922949,2.6696113069761656
974.9999999999771,4.065826123658516,4.0655134498049685,-0.00031267385354727395,-0.007690290829897159,27817.892013918638,27822.745805108614,4.853791189976619,0.017448450758051803,2.2180700407324177e6,2.216165897969726e6,-1904.1427626917139,-0.08584682754485772,0.5
975.9999999999771,4.0352362603243765,4.0359366940632,0.0007004337388236692,0.01735793628022574,27817.418385565517,27822.270166155624,4.8517805901065,0.01744151999606151,2.180416411421692e6,2.1785890707371053e6,-1827.3406845866702,-0.08380695884577356,1.406740175765928
976.999999999977,4.000610793087733,4.003332327603355,0.0027215345156212933,0.0680279751362859,27823.45439640485,27828.299529430555,4.845133025704854,0.017413844293650713,2.0182433334158442e6,2.0165786397786976e6,-1664.6936371466145,-0.08248230575493329,2.66697270558907
977.999999999977,4.0657895689432655,4.06546889644034,-0.0003206725029256674,-0.007887090502055005,27811.665323128524,27816.522688065405,4.857364936880913,0.0174652070648983,2.2163139511792692e6,2.214431204371338e6,-1882.7468079314567,-0.0849494633614373,0.5
978.9999999999769,4.035252000081426,4.035939224664282,0.0006872245828555279,0.017030524558110882,27811.190061244542,27816.045394884437,4.855333639894525,0.017458201641865484,2.178737577289511e6,2.1769316138896216e6,-1805.9633998894133,-0.08289035901864544,1.4053374650908177
979.9999999999769,4.000654344015378,4.003357748049485,0.00270340403410696,0.06757404668441329,27817.220113270465,27822.06874617968,4.848632909215667,0.017430328729730188,2.0167197004253126e6,2.015077004769913e6,-1642.6956553997006,-0.08145384086114035,2.6643017027915974
980.9999999999769,4.065753082618375,4.065424327930859,-0.0003287546875165859,-0.008085948183180505,27805.445513303966,27810.30637694187,4.860863637903094,0.017481696653906642,2.21453460912216e6,2.212673422278572e6,-1861.186843588017,-0.08404415247887186,0.5
981.9999999999768,4.03526829086659,4.03594220946864,0.0006739186020503496,0.016700713644634095,27804.968594502945,27809.827406081477,4.8588115785314585,0.017474616315488477,2.177036452425287e6,2.1752520283382633e6,-1784.4240870238282,-0.08196574223807432,1.4039177063886026
982.9999999999768,4.000698716027613,4.0033838580529455,0.002685142025332432,0.06711682673267064,27810.992607880788,27815.844665922585,4.852058041797136,0.017446547522443377,2.0151757744533424e6,2.0135552286370422e6,-1620.545816300204,-0.0804170949673018,2.6615984040303635
983.9999999999768,4.0657166602178645,4.065379741190734,-0.0003369190271307332,-0.008286829980736512,27799.2326445197,27804.096931409775,4.864286890075164,0.01749791784642697,2.2127320734476945e6,2.2108926096766787e6,-1839.4637710158713,-0.0831308857086241,0.5
984.9999999999767,4.0352851266929335,4.035945642905838,0.0006605162129043052,0.016368514049603794,27798.754045497237,27803.61625952625,4.862214029013558,0.01749076243149511,2.175313092557302e6,2.1735503684379407e6,-1762.72411936149,-0.08103312233041489,1.402480955710461
985.9999999999767,4.000743902818831,4.003410653192777,0.0026667503739457032,0.06665636288458186,27804.77194057303,27809.62734862103,4.855408047998935,0.017462499093236113,2.0136116064104615e6,2.0120133609450166e6,-1598.2454654448666,-0.07937208249876739,2.6588629160269766
986.9999999999766,4.065680297374356,4.065335131883774,-0.0003451654905815005,-0.00848973518169667,27793.0267766133,27797.89441090376,4.867634290458227,0.017513868962822515,2.2109064039004175e6,2.2090888255561967e6,-1817.5783442207612,-0.08220964673195762,0.5
987.9999999999766,4.035302501645433,4.0359495207633,0.0006470191178662432,0.016033968149907346,27792.54647414797,27797.412014716865,4.865540568895085,0.017506638239935684,2.1735675542314597e6,2.171826690375352e6,-1740.8638561079279,-0.08009246608042375,1.4010272697768489
988.9999999999766,4.000789898162831,4.00343812780692,0.0026482296440883957,0.06619266973515572,27798.55817145112,27803.416853968818,4.8586825176971615,0.017478181737810367,2.0120272479553386e6,2.0104514527458462e6,-1575.795209492324,-0.078318780776636,2.6560953467738173
989.9999999999765,4.065643989804649,4.065290497034445,-0.00035349277020380043,-0.00869463167680812,27786.827969183327,27791.698874638023,4.870905454696185,0.017529548389251946,2.209057661073609e6,2.207262129410308e6,-1795.5316633009352,-0.08128043441058488,0.5
990.9999999999765,4.035320409892021,4.035953837592326,0.0006334277003050559,0.015697085632959823,27786.345940137468,27791.214730976626,4.868790839158464,0.01752224221798621,2.171799894807863e6,2.170081049954856e6,-1718.8448530072346,-0.07914379483655418,1.3995567059767984
991.9999999999765,4.0008366958997765,4.003466277554927,0.0026295816551504814,0.06572579325333087,27792.3513603833,27797.213241477006,4.861881093704142,0.017493593941225592,2.0104227514969015e6,2.008869554918618e6,-1553.1965782835614,-0.07725721255030052,2.653295805529782
992.9999999999764,4.065607733321756,4.065245832452717,-0.00036190086903875596,-0.008901519595031594,27780.636281586827,27785.51038158597,4.874099999142345,0.017544954513417418,2.2071859064149857e6,2.205412581729906e6,-1773.3246850795113,-0.08034324068151685,0.5
993.9999999999764,4.035338845670509,4.035958589262832,0.0006197435923231964,0.01535790713060232,27780.152502907564,27785.024467345247,4.871964437683346,0.017537572686735357,2.1700101724630934e6,2.1683135047767586e6,-1696.6676863348112,-0.07818708446002308,1.3980693223656502
994.9999999999762,4.0008842899469075,4.0034950968902265,0.002610806943319055,0.06525574733264032,27786.151567000044,27791.016570386084,4.8650033860394615,0.017508734069590755,2.0087981701910803e6,2.0072677198018038e6,-1530.4503892764915,-0.07618736476302707,2.650464402815001
995.9999999999762,4.065571523820924,4.065201135270595,-0.00037038855032900386,-0.009110368570785926,27774.451772937417,27779.32899049627,4.877217558852863,0.017560085789362277,2.2052912022188827e6,2.20354024351757e6,-1750.958701312542,-0.07939807221607703,0.5
996.9999999999762,4.035357803299394,4.035963770443686,0.0006059671442919523,0.015016441510998124,27773.96622165757,27778.841282681777,4.875061024205934,0.017552628188927735,2.168198446185247e6,2.1665241120960074e6,-1674.3340892395936,-0.07722236367180485,1.3965651776627623
997.9999999999761,4.000932674285829,4.0035245815497404,0.0025919072639117857,0.06478257633701483,27779.95885069188,27784.826899748365,4.868049056483869,0.01752360067431355,2.0071535579399106e6,2.0056459995892972e6,-1507.5583506133407,-0.07510926827943643,2.6476012504103346
998.9999999999761,4.065535357291336,4.0651564014406825,-0.0003789558506532842,-0.009321179558152056,27768.274502102886,27773.154759873105,4.880257770219032,0.017574940675011877,2.2033736116305697e6,2.201645176765446e6,-1728.4348651235923,-0.07844492899433851,0.5
999.999999999976,4.035377277165125,4.035969377084614,0.000592099919488831,0.014672727698580504,27767.78715534197,27772.665235559507,4.878080217535171,0.017567407119067912,2.166364775775721e6,2.1647129309269246e6,-1651.8448487962596,-0.07624961720515307,1.395044331250715
1000.999999999976,4.0009818429730535,4.0035547260984785,0.0025728831254250295,0.0643062934650353,27773.773270607155,27778.644288342966,4.87101773581162,0.017538192194312296,2.0054889693907173e6,2.0040044479095342e6,-1484.5214811831247,-0.0740229192900589,2.644706461347171
1001.999999999976,4.065499229802573,4.06511162820046,-0.00038760160211381844,-0.009533923884979827,27762.10452770321,27766.987747991625,4.883220288415032,0.017589517695037027,2.2014331986394087e6,2.199727443986324e6,-1705.7546530845575,-0.07748382527068255,0.5
1002.9999999999759,4.035397261732802,4.03597540396872,0.0005781422359181221,0.014326773757829914,27761.615362668384,27766.496384365317,4.881021696932294,0.01758190808844612,2.164509221843761e6,2.1628800199763495e6,-1629.2018674113788,-0.07526888086083554,1.3935068431668731
1003.9999999999759,4.001031790127677,4.003585526348373,0.002553736220695768,0.06382694151536035,27767.59488564996,27772.468794755547,4.87390910558679,0.017552507250477002,2.0038044599333475e6,2.0023431182713783e6,-1461.3416619691998,-0.07292835659312827,2.6417801499068276
1004.9999999999759,4.065463137515977,4.06506681164233,-0.0003963258736465747,-0.009748603301535094,27755.94190810831,27760.8280128789,4.886104770590464,0.0176038153803856,2.1994700280811354e6,2.19778710867344e6,-1682.9194076955318,-0.0765147688401895,0.5
1005.9999999999758,4.035417751533624,4.035981847123606,0.000564095589982827,0.013978616954055072,27755.45090209527,27760.33478719803,4.883885102761269,0.017596129567445013,2.1626318458091454e6,2.161025439676286e6,-1606.406132859178,-0.074280147865766,1.391952774110159
1006.9999999999758,4.00108250994148,4.0036169769727845,0.0025344670313041107,0.06334453301092208,27761.42375447796,27766.30047729587,4.876722817909467,0.017566544356799583,2.002100085698867e6,2.0006620655937993e6,-1438.0201050676405,-0.07182558531111971,2.6388224316150684
1007.9999999999757,4.065427076671567,4.06502194910783,-0.00040512756373711767,-0.009965190768316581,27749.78670143598,27754.675612328618,4.888910892637796,0.017617832328724915,2.197484165633134e6,2.195824234849632e6,-1659.930783502292,-0.07553778131657374,0.5
1008.9999999999757,4.035438741175271,4.035988701443688,0.0005499602684171379,0.013628264575191368,27749.293831829964,27754.180501964434,4.886670134470478,0.017610070238490896,2.1607327098968923e6,2.159149250183754e6,-1583.4597131381743,-0.07328346101696841,1.3903821854325566
1009.9999999999757,4.001133996667127,4.003649073856794,0.0025150771896669255,0.06285910923657992,27755.259935500173,27760.13939407489,4.879458574716409,0.017580302205980683,2.000375903559477e6,1.998961344702667e6,-1414.5588568099774,-0.07071465189582146,2.6358334232375475
1010.9999999999756,4.065391043599051,4.064977036826974,-0.0004140067720763696,-0.010183688792452633,27743.638965549628,27748.530603882635,4.891638333006995,0.017631567146188486,2.1954756778162313e6,2.193838887511912e6,-1636.7903043194674,-0.074552878032679,0.5
1011.9999999999756,4.035460225329981,4.035995963033114,0.000535737703133421,0.013275752286459806,27743.144209826332,27748.033586280817,4.889376454484591,0.017623728649879652,2.1588118771384833e6,2.157251513350231e6,-1560.3637882522307,-0.07227882173413375,1.3887951391382185
1012.9999999999754,4.001186244627968,4.0036818117795905,0.0024955671516222466,0.06237068206891942,27749.103486874938,27753.98560292502,4.882116050081095,0.017593779389630693,1.9986319711250141e6,1.9972410118086257e6,-1390.959316388471,-0.06959557019422195,2.6328132427742394
1013.9999999999754,4.065355034705172,4.064932072244532,-0.0004229624606404414,-0.010404071896050662,27737.498758056325,27742.393044845296,4.8942867889709305,0.017645018506037394,2.193444631988747e6,2.191831132192679e6,-1613.4997960678302,-0.07356008775133321,0.5
1014.9999999999754,4.035482198744468,4.036003626895594,0.0005214281511261021,0.012921086637139185,27737.002093782812,27741.89409756592,4.892003783108521,0.017637103557796005,2.1568694113688455e6,2.1553322907844656e6,-1537.1205843798816,-0.07126627955673757,1.3871916978810148
1015.9999999999753,4.001239248206515,4.0037151866981215,0.002475938491606655,0.061879291339963005,27742.954466507712,27747.839161474516,4.884694966804091,0.017606974674240515,1.9968683467424596e6,1.9955011230562616e6,-1367.2236861980055,-0.06846839394436749,2.6297620094586143
1016.9999999999753,4.065319046484422,4.064887051726555,-0.000431994757867038,-0.010626343293784417,27731.366136304478,27736.26299226529,4.896855960811081,0.01765818509171955,2.1913910963486973e6,2.1898010353941065e6,-1590.0609545907937,-0.07255943301221576,0.5
1017.9999999999753,4.035504656228423,4.036011689210996,0.0005070329825729303,0.012564301760632895,27730.867541140156,27735.762092945435,4.894551805278752,0.017650193590292244,2.1549053772252966e6,2.1533916457609115e6,-1513.731464385055,-0.07024584375645157,1.385571924962061
1018.9999999999752,4.001293001854068,4.00374919349542,0.0024561916413512463,0.06138494832078349,27736.81293204902,27741.70012707036,4.887195021339721,0.01761988673072356,1.995085089493498e6,1.9937417359516409e6,-1343.3535418570973,-0.06733314528445206,2.6266798437471794
1019.9999999999752,4.065283075506774,4.064841972820775,-0.0004411026859987288,-0.010850478990168265,27725.241157381988,27730.14050294955,4.899345567562705,0.017671065653682254,2.18931513992866e6,2.1877486641601906e6,-1566.475768469274,-0.07155094942249011,0.5
1020.9999999999751,4.035527592664087,4.036020145090747,0.0004925524266603531,0.012205403515409757,27724.740609079512,27729.63762934205,4.897020262538717,0.01766299757890252,2.1529198401441216e6,2.1514296413409407e6,-1490.1988031808287,-0.06921757026871336,1.3839358843287284
1021.9999999999751,4.0013475000795875,4.0037838281997,0.0024363281201127407,0.06088769146054627,27730.678940892285,27735.568556850147,4.889615957861679,0.01763251440141028,1.993282259194025e6,1.9919629079575774e6,-1319.351236447692,-0.0661898850683177,2.623566867318561
1022.9999999999751,4.065247118428073,4.064796832028281,-0.0004502863997917217,-0.011076482847759472,27719.123878113885,27724.02563344564,4.90175533175352,0.017683658954400744,2.1872168325964264e6,2.185674086498428e6,-1542.746097998228,-0.07053466647688732,0.5
1023.999999999975,4.035551002995331,4.036028990790278,0.0004779877949472322,0.011844424580248212,27718.62135452013,27723.520763382858,4.899408862725977,0.017675514233059145,2.150912866361633e6,2.14944634222231e6,-1466.5241393228061,-0.06818147597970803,1.3822836405660777
1024.999999999975,4.001402737458891,4.003819085796405,0.0024163483375136963,0.06038753147473002,27724.552550171837,27729.444507667384,4.8919574955471035,0.017644856437969033,1.9914599163892644e6,1.9901646978776755e6,-1295.2185115888715,-0.0650386433053217,2.620423203067737
1025.999999999975,4.065211171978213,4.064751627000014,-0.00045954497819877815,-0.01130433226609368,27713.01435506051,27717.918440055153,4.904084994643199,0.017695963823392936,2.1850962450496284e6,2.183577370964329e6,-1518.874085299205,-0.06951062630491629,0.5
1026.999999999975,4.035574882236749,4.036038221527851,0.00046333929110176086,0.01148137017953069,27712.509834117358,27717.41155148651,4.90171736915363,0.01768774246177818,2.1488845229102597e6,2.1474418129204013e6,-1442.7099898583256,-0.06713762300751491,1.3806152589018688
1027.9999999999748,4.0014587086240265,4.00385496238481,0.002396253760783118,0.05988450550842028,27718.433816760673,27723.328036161034,4.89421940036118,0.01765691176029492,1.9896181223565338e6,1.9883471644945259e6,-1270.9578620078973,-0.0638794876125553,2.6172489751002375
1028.9999999999748,4.065175232971192,4.064706354371611,-0.00046887859958033573,-0.011534031688903053,27706.91264451517,27711.81897881652,4.90633430134767,0.01770797910361522,2.1829534488190743e6,2.1814585870725904e6,-1494.861746483948,-0.0684788650574584,0.5
1029.9999999999748,4.035599225462872,4.03604783363437,0.0004486081714984991,0.011116271622513382,27706.406104260634,27711.310049773492,4.903945512858627,0.017699681057170773,2.1468348776159417e6,2.1454161195590403e6,-1418.7580569013953,-0.06608603538605283,1.3789308052054734
1030.9999999999748,4.001515408272059,4.0038914530518275,0.0023760447797682716,0.05937862377979194,27712.322797268527,27717.219198683055,4.896401414527645,0.017668679202200475,1.9877569390996273e6,1.9865103679113074e6,-1246.5711883199401,-0.06271245562269731,2.6140443087320033
1031.9999999999748,4.065139298293651,4.064661011897924,-0.0004782863957277783,-0.011765559815589586,27700.818802502276,27705.72730551794,4.908503015663882,0.017719703705005595,2.1807885162613387e6,2.1793178048924347e6,-1470.7113689039834,-0.0674394311019812,0.5
1032.9999999999745,4.035624027817581,4.036057822434501,0.0004337946169208351,0.010749133564739584,27700.310221071228,27705.216314150308,4.906093079080165,0.01771132900651838,2.14476399909927e6,2.143369328111041e6,-1394.6709882291034,-0.06502678097985695,1.377230345973222
1033.9999999999745,4.001572831154978,4.003928553968094,0.0023557228131156904,0.05886992221595417,27706.219548039637,27711.118051365673,4.898503326036007,0.017680157762203982,1.9858764293495466e6,1.9846543682338076e6,-1222.0611157389358,-0.061537621257693735,2.61080933047397
1034.9999999999745,4.065103364914683,4.064615596349119,-0.000487768565563762,-0.011998921596277766,27694.732884775112,27699.64347568071,4.910590905597928,0.017731136552313433,2.1786015205613696e6,2.177155095446164e6,-1446.4251152058132,-0.06639236691770538,0.5
1035.9999999999745,4.035649284503491,4.036068184335745,0.0004188998322538495,0.01037998603749798,27694.22224040035,27699.13040022279,4.908159822440211,0.017722685186226984,2.1426719567715763e6,2.1413015061263815e6,-1370.4506451948546,-0.06395989086727727,1.3755139483333307
1036.9999999999745,4.001630972088037,4.00396626032159,0.002335288233553001,0.058358410604125645,27700.124125150905,27705.024650051364,4.900524900458549,0.01769134635757468,1.9839766565596964e6,1.982779226865107e6,-1197.4296945894603,-0.0603550294117803,2.6075441680413416
1037.9999999999743,4.065067429874718,4.064570105585081,-0.0004973242896371133,-0.012234096929910962,27688.65494681401,27693.567544571757,4.912597757745971,0.017742276637064444,2.1763925357253985e6,2.174970530317205e6,-1422.0054081934504,-0.06533772675890434,0.5
1038.9999999999743,4.035674990790462,4.036078914768763,0.0004039239783004689,0.010008833199458236,27688.142217826997,27693.052363377436,4.910145550438756,0.01773374866327204,2.140558820833225e6,2.1392127210343285e6,-1346.09979889635,-0.06288543840960058,1.3737816800522489
1039.9999999999743,4.001689825940087,4.00400456835492,0.002314742414832871,0.05784412374562504,27694.036584409554,27698.939050357596,4.902465948041936,0.017702244066514286,1.9820576849084084e6,1.9808850052354916e6,-1172.6796729168855,-0.05916476002922566,2.6042489503333424
1040.9999999999743,4.06503149029502,4.064524536510899,-0.0005069537841206895,-0.01247109119156903,27682.585043824,27687.499567187206,4.914523363204353,0.01775312296674687,2.1741616365849366e6,2.1727641820370923e6,-1397.4545478443615,-0.06427555910881642,0.5
1041.9999999999743,4.0357011420061575,4.036090010218573,0.00038886821241579383,0.009635703902060658,27682.070208655954,27686.98225869728,4.912050041326438,0.01774451839873768,2.1384246622714903e6,2.1371030418170397e6,-1321.6204544506036,-0.061803461107053634,1.37203360951096
1042.999999999974,4.00174938764167,4.004043473357152,0.0022940857154818417,0.05732707106963045,27687.956981351406,27692.861307609197,4.904326257790672,0.017712849890274926,1.9801195792907162e6,1.97897176605275e6,-1147.8132379662711,-0.05796686472730201,2.600923807441425
1043.999999999974,4.06499554336696,4.064478887092951,-0.0005166562740086533,-0.012709885373717202,27676.5232307331,27681.439598264566,4.916367531466676,0.017763674615051895,2.171908898788708e6,2.170536123705655e6,-1372.7750830529258,-0.06320592377601722,0.5
1044.999999999974,4.035727733543871,4.036101466222451,0.0003737326785806516,0.009260601885362268,27676.006267915734,27680.92014104068,4.913873124944075,0.01775499353980359,2.136269552859422e6,2.1349725373635744e6,-1297.015495847445,-0.060714037426193454,1.3702698057262899
1045.999999999974,4.001809652175447,4.004082971643729,0.0022733194682826863,0.05680728634973615,27681.885371238528,27686.79147690091,4.906105662383197,0.017723162987592744,1.978162405324218e6,1.9770395720721565e6,-1122.833252061624,-0.05676142914451927,2.597568870638428
1046.999999999974,4.064959586361224,4.0644331543720025,-0.0005264319892210878,-0.012950485190243357,27670.469562189985,27675.387692266853,4.918130076868692,0.0177739306729692,2.169634398805907e6,2.1682864293648847e6,-1347.9694410222583,-0.06212887488159916,0.5
1047.999999999974,4.035754760853481,4.0361132793442165,0.00035851849073509356,0.008883554922927826,27669.95045035649,27674.86606495993,4.91561460344019,0.017765173133430234,2.134093565154701e6,2.132821278086887e6,-1272.2870678137988,-0.05961721119390425,1.368490338324206
1048.9999999999739,4.001870614584506,4.004123058605206,0.0022524440206996843,0.05628477873549502,27675.821809057452,27680.72961303187,4.907803974416311,0.017733182444505176,1.976186229339874e6,1.9750884873077532e6,-1097.7420321207028,-0.05554851136106707,2.594184272367729
1049.9999999999739,4.064923616617406,4.064387336422693,-0.0005362801947130791,-0.013192872616862118,27664.424092562243,27669.343903394238,4.919810831994255,0.017783890297275253,2.1673382139191953e6,2.1660151736314185e6,-1323.0402877768502,-0.06104447747379482,0.5
1050.9999999999739,4.0357822194490085,4.0361254452284285,0.0003432257794200311,0.008504566420010903,27663.902810448137,27668.820084777304,4.917274329167412,0.0177750564078408,2.131896772493939e6,2.1306493343355022e6,-1247.4381584366783,-0.058513065666748874,1.3666952775610122
1051.9999999999739,4.001932269962621,4.004163730631252,0.0022314606686304472,0.055759581074851364,27669.766349516965,27674.675770566035,4.909421049069351,0.017742907500753278,1.9741911183855077e6,1.9731185758426548e6,-1072.542542852927,-0.05432820221225854,2.59077014625125
1052.9999999999739,4.064887631552982,4.064341430422507,-0.0005462011304748771,-0.013437053615826571,27658.386875934088,27663.30828556854,4.9214096344512654,0.017793552662803507,2.165020422227471e6,2.163722432059415e6,-1297.9901680559851,-0.05995279096353992,0.5
1053.9999999999736,4.0358101048998165,4.03613796051928,0.0003278556194636906,0.008123663178940109,27657.863402378167,27662.782254506143,4.918852127975697,0.017784642495387942,2.1296792489954475e6,2.1284567779608257e6,-1222.4710346218199,-0.057401650281301723,1.3648846942996435
1054.9999999999736,4.001994613462552,4.004204983214359,0.0022103697518076615,0.0552317023209393,27663.719047046266,27668.63000376873,4.910956722462288,0.017752337327134056,1.9721771402197797e6,1.9711299030000088e6,-1047.2372197709046,-0.05310056578661085,2.5873266270690705
1055.9999999999736,4.064851628653181,4.064295434556353,-0.0005561940968279444,-0.013683011033104542,27652.357966104646,27657.28089244455,4.922926339902915,0.017802917009599243,2.162681102638862e6,2.161408280784113e6,-1272.8218547492288,-0.05885388526288762,0.5
1056.9999999999736,4.035838412838366,4.0361508209698185,0.00031240813145227975,0.007740848356526894,27651.83228004979,27656.752627924594,4.920347874802246,0.01779393070582224,2.1274410695535378e6,2.12624368077199e6,-1197.3887815475464,-0.05628305285085189,1.3630586600158507
1057.9999999999736,4.002057640286539,4.004246812820002,0.0021891725334626244,0.0547011745014718,27657.67995579285,27662.592366665143,4.912410872293549,0.017761471244679198,1.9701443633126742e6,1.9691225341919088e6,-1021.8291207654402,-0.05186569775259,2.5838538507692004
1058.9999999999734,4.0648156054797155,4.064249346139723,-0.0005662593399922144,-0.013930750984838007,27646.337416585735,27651.26177739497,4.924360809236532,0.01781198259658903,2.160320334872113e6,2.159072796871511e6,-1247.5380006022751,-0.05774782473063778,0.5
1059.9999999999734,4.035867138950768,4.036164023306294,0.00029688435552621684,0.007356147893495818,27645.80949707982,27650.73125849913,4.921761419311224,0.017802920257520772,2.125182309839331e6,2.1240101160563286e6,-1172.19378300244,-0.05515732827133595,1.361217246804296
1060.9999999999734,4.002121345694368,4.0042892150434355,0.0021678693490674306,0.054168006459866726,27651.64912962049,27656.562912978727,4.913783358235378,0.017770308509273414,1.968092856843222e6,1.9670965360528068e6,-996.3207904151641,-0.050623667829029204,2.580351954447139
1061.9999999999734,4.064779559660977,4.064203163469981,-0.0005763961909961424,-0.014180257072642253,27640.325280599962,27645.250993521153,4.925712921191007,0.01782074874729582,2.157938199453896e6,2.1567160579775665e6,-1222.141476329416,-0.05663468382174709,0.5
1062.9999999999734,4.035896278985255,4.036177563391212,0.00028128440595764914,0.00696956478842842,27639.79510679671,27644.718199455674,4.92309265896256,0.01781161054175816,2.122903046297018e6,2.12175615708806e6,-1146.8892089580186,-0.0540245684304113,1.3593605273548728
1063.9999999999732,4.002185724994199,4.004332186427679,0.0021464614334805177,0.05363222951087881,27645.626622107335,27650.541696187836,4.915074080501654,0.017778848523445023,1.9660226906969713e6,1.965051975325487e6,-970.7153714841697,-0.049374576197797754,2.5768210763536383
1064.9999999999732,4.0647434889004765,4.0641568840020845,-0.000586604898392018,-0.01443153547066007,27634.321611078773,27639.248593638597,4.926982559823955,0.017829214804566423,2.1555347777144127e6,2.1543381426832145e6,-1196.6350311981514,-0.055514531408627256,0.5
1065.9999999999732,4.035925828742519,4.036191438035169,0.0002656092926498488,0.006581124230734567,27633.789162238667,27638.713503705672,4.9243414670054335,0.01782000086233018,2.1206033561412464e6,2.1194818785949238e6,-1121.4775463226251,-0.052884833133685145,1.3574885749736247
1066.9999999999732,4.002250773550124,4.004375722671619,0.002124949121495412,0.05309385247767756,27639.612486543854,27644.52876946595,4.916282922094979,0.017787090627585447,1.9639339354643614e6,1.962988919959616e6,-945.0155047455337,-0.04811849765822647,2.5732613558835937
1067.9999999999732,4.064707390967357,4.06411050614816,-0.0005968848191963971,-0.014684570420070138,27628.32646066038,27633.25463028721,4.928169626829913,0.017837380175187486,2.153110151788533e6,2.1519391301660277e6,-1171.0216225055046,-0.054387446064139686,0.5
1068.9999999999732,4.035955784084048,4.036205643211341,0.0002498591272930284,0.0061908291532419115,27627.791716151467,27632.717223914846,4.925507763378846,0.017828090692095917,2.1182833173585916e6,2.1171873553162264e6,-1095.9620423652232,-0.05173821808368112,1.3556014635560958
1069.999999999973,4.002316486773761,4.004419820397723,0.002103333623961312,0.05255290607107372,27633.60677593091,27638.524185736518,4.9174098056064395,0.017795034305436892,1.9618266624379524e6,1.960907438030704e6,-919.2244072484318,-0.046855536467534604,2.5696729335649264
1070.999999999973,4.064671263704572,4.064064027504221,-0.0006072362003504139,-0.01493936805597839,27622.339881687934,27627.2691557173,4.929274029364024,0.017845244285882734,2.150664404611075e6,2.1495191005219575e6,-1145.3040891173296,-0.05325350094890541,0.5
1071.999999999973,4.035986140922756,4.036220175816783,0.0002340348940261805,0.005798704104882595,27621.802820986723,27626.729412431552,4.926591444829683,0.01783587942017498,2.11594300870063e6,2.114872663422069e6,-1070.3452785611153,-0.050584787688511455,1.3536992676081359
1072.999999999973,4.002382860131118,4.004464475409696,0.002081615278577864,0.05200939918350715,27627.609542977752,27632.527997615052,4.918454637299874,0.017802678981866608,1.959700943611937e6,1.9588075988038757e6,-893.3448080613744,-0.04558577220536746,2.5660559510661454
1073.999999999973,4.064635105019682,4.0640174465995305,-0.0006176584201513791,-0.015195913143312484,27616.36192620743,27621.292221899377,4.930295691945503,0.01785280662644684,2.148197619916229e6,2.1470781344500296e6,-1119.4854661994614,-0.05211277844368512,0.5
1074.9999999999727,4.036016895230952,4.03623503193665,0.00021813670569859056,0.005404752045422451,27615.822528899742,27620.750121353274,4.92759245353227,0.017843366600345086,2.113582509686303e6,2.112537879118148e6,-1044.6305681550875,-0.049424641023838305,1.3517820622222207
1075.9999999999727,4.002449889134641,4.00450968441121,0.0020597952765690763,0.05146336203135873,27621.62084010006,27626.540257461947,4.919417361888918,0.01781002422112423,1.9575568516785556e6,1.9566894716912787e6,-867.3799872768577,-0.0443093127299522,2.562410551175792
1076.9999999999727,4.064598912892782,4.063970761172793,-0.0006281517199893116,-0.015454211681178033,27610.39264596588,27615.323880510412,4.931234544532344,0.01786006670663136,2.1457098822338167e6,2.1446163135659364e6,-1093.5686678802595,-0.05096535542548682,0.5
1077.9999999999727,4.036048043031722,4.036250208556875,0.00020216552515250896,0.005008996994016209,27609.850891747676,27614.779402457167,4.928510709491093,0.017850551706399032,2.1112019005969465e6,2.110183080020916e6,-1018.8205760302953,-0.048257846667446716,1.3498499230833894
1078.9999999999727,4.00251756934983,4.004555443311994,0.0020378739621644826,0.050914803666821024,27615.640719418054,27620.56101732668,4.920297908625798,0.017817069531781932,1.955394460026794e6,1.9545531272756131e6,-841.3327511809766,-0.043026241936343024,2.558736877811742
1079.9999999999725,4.064562685367582,4.063923969872798,-0.0006387154947837814,-0.015714248843624826,27604.4320924093,27609.364182943526,4.932090534224699,0.017867024098571948,2.143201276887982e6,2.142133720090237e6,-1067.556797745172,-0.04981131773564959,0.5
1080.9999999999725,4.036079580405718,4.036265701875849,0.00018612147013108427,0.004611442029901076,27603.88796108751,27608.81730726444,4.929346176930267,0.01785743437257476,2.1088012624758063e6,2.1078083438036833e6,-992.9186721229926,-0.047084506719105024,1.3479029264750844
1081.9999999999725,4.002585896387526,4.004601748898803,0.0020158525112767833,0.05036375391958886,27609.669232754397,27614.590328998635,4.92109624423756,0.017823814558413753,1.953213842741731e6,1.9523986363065585e6,-815.2064351725858,-0.04173667098469251,2.555035076000604
1082.9999999999725,4.0645264205590665,4.063877070582587,-0.0006493499764799182,-0.015976030397917836,27598.480316680732,27603.413180294392,4.93286361365972,0.017873678394814584,2.140671889996301e6,2.1396304371582028e6,-1041.4528380981646,-0.048650745729181516,0.5
1083.9999999999725,4.036111503483729,4.036281508970344,0.00017000548661449955,0.004212110752335782,27597.933788174152,27602.86388697305,4.930098798897234,0.017864014156776492,2.106380677125589e6,2.1054137495298255e6,-966.9275957634673,-0.045904693594272655,1.3459411492555091
1084.9999999999723,4.002654865910333,4.004648597188593,0.001993731278259858,0.049810222091342345,27603.70643163247,27608.628243953106,4.9218123206374,0.017830258892324872,1.951015074599327e6,1.950226070687732e6,-789.0039115950931,-0.04044068761268428,2.5513052918850394
1085.9999999999723,4.06449011664486,4.0638300620728085,-0.0006600545720516493,-0.016239541814817075,27592.5373696185,27597.47092337069,4.933553752187436,0.017880029248849207,2.1381218084644005e6,2.137106548514207e6,-1015.2599501935765,-0.047483728297160785,0.5
1086.9999999999723,4.036143808452796,4.0362976261536625,0.00015381770086619895,0.0038110064498708476,27591.98842395855,27596.91919251983,4.930768561276636,0.01787029077250255,2.103940227106022e6,2.1029993763431953e6,-940.8507628268562,-0.04471851199503895,1.3439646688781495
1087.9999999999723,4.002724473624913,4.004695985052907,0.0019715114279934554,0.049254237731932424,27597.752367274243,27602.674813400394,4.922446126151044,0.017836402257120555,1.9487982310673173e6,1.9480355025074037e6,-762.7285599135794,-0.03913840580078156,2.5475476727123922
1088.9999999999723,4.0644537718726275,4.0637829423724385,-0.0006708295001889297,-0.01650478853594776,27586.603301754036,27591.53746267874,4.934160924705793,0.017886076334711586,2.135551119987184e6,2.1345621388141587e6,-988.9811730254441,-0.046310348826085666,0.5
1089.9999999999723,4.036176491549066,4.036314050595397,0.0001375590463315035,0.003408152409081323,27586.051919085625,27590.9832745154,4.931355429776886,0.017876263860596483,2.101479995732713e6,2.100565304756781e6,-914.6909759319387,-0.043526037734802125,1.3419735633651944
1090.999999999972,4.0027947152886725,4.00474390861712,0.0019491933284472296,0.04869581047967028,27591.807090598475,27596.7300882335,4.92299763502524,0.017842244325862525,1.9465633883021194e6,1.945827004994179e6,-736.3833079405595,-0.037829916681155,2.543762366823324
1091.999999999972,4.064417384551695,4.063735710376224,-0.0006816741754711586,-0.016771756219282757,27580.67816331019,27585.612848432727,4.9346851225382125,0.017891819386452533,2.13295991304378e6,2.131997293328444e6,-962.6197153357789,-0.045130698868226723,0.5
1092.999999999972,4.036209549063718,4.036330778725104,0.00012122966138594649,0.0030035522168086687,27580.124323892545,27585.05618330429,4.931859411743062,0.017881933213298146,2.0990000670738094e6,2.098111615385793e6,-888.4516880162992,-0.04232737778112027,1.3399679113279437
1093.999999999972,4.002865586701784,4.004792364839381,0.0019267781375971182,0.0481349697076567,27585.870652218717,27590.794119075643,4.9234668569260975,0.0178477849004563,1.9443106231470404e6,1.9436006515750005e6,-709.9715720398817,-0.0365153367773473,2.5399495236589322
1094.999999999972,4.06438095306022,4.063688364260568,-0.0006925887996516167,-0.01704044989016449,27574.762004199136,27579.697130541685,4.935126342548756,0.017897258158736697,2.1303482768987627e6,2.129412098233365e6,-936.1786653976887,-0.0439448645815098,0.5
1095.9999999999718,4.036242977335952,4.036347807807072,0.00010483047111975452,0.0025972289504965812,27574.20568840657,27579.137968901672,4.932280495100713,0.017887298552989556,2.0965005259509753e6,2.0956383901951115e6,-862.1357558637392,-0.04112261099828121,1.3379477919431717
1096.9999999999718,4.002937083713891,4.004841349954359,0.001904266240467578,0.047571725476654655,27579.943102441444,27584.866956229456,4.923853788011911,0.017853023734396463,1.942040013130728e6,1.9413565168055804e6,-683.496325147571,-0.03519476017621897,2.536109293740039
1097.9999999999718,4.064344475837041,4.063640903046404,-0.0007035727906368194,-0.017310855288463718,27568.85487402067,27573.790358618273,4.935484597601317,0.017902392464810853,2.1277163015955575e6,2.1268066403262997e6,-909.6612692577764,-0.04275293978692689,0.5
1098.9999999999718,4.036276772759133,4.036365134388584,8.836162945069503e-5,0.002189186580242674,27568.296062343416,27573.228681051663,4.932618708247901,0.0178923597493773,2.0939814579322247e6,2.0931457112728537e6,-835.7466593710706,-0.03991184622027923,1.3359132849588167
1099.9999999999718,4.0030092022163215,4.004890861008433,0.0018816587921115513,0.04700610708238554,27574.024491264197,27578.94864972304,4.924158458841703,0.017857960706467564,1.9397516364624482e6,1.9390946754543846e6,-656.9610080635175,-0.03386830539097399,2.5322418286760393
1100.9999999999716,4.064307951388621,4.063593325058916,-0.0007146263297048705,-0.017582976936103223,27562.95682206019,27567.892581966258,4.9357599060676876,0.017907222138509173,2.125064077957089e6,2.1241810073044314e6,-883.0706526576541,-0.04155501294373137,0.5
1101.9999999999716,4.036310931773107,4.036382755830236,7.182405712935491e-5,0.001779448073833187,27562.395495105233,27567.32836916611,4.932874060876202,0.01789711660494903,2.0914429493338773e6,2.090633662036442e6,-809.2872974353377,-0.038695164871367635,1.333864470699567
1102.9999999999716,4.0030819381485525,4.00494089434642,0.0018589561978679114,0.04643812508938273,27568.114868373566,27573.039249260644,4.924380887077859,0.017862595649320807,1.9374455720348537e6,1.9368152034038242e6,-630.3686310295016,-0.03253606914838078,2.528347281144144
1103.9999999999716,4.064271378281125,4.063545629447106,-0.00072574883401888,-0.01785680055463757,27557.06789728681,27562.00384958877,4.9359523019593325,0.01791174707104928,2.122391697583666e6,2.12153528749221e6,-856.4100914560258,-0.040351179870852544,0.5
1104.9999999999716,4.036345450871027,4.036400668797927,5.521792690021954e-5,0.0013680178659709055,27556.504035778617,27561.43708238063,4.933046602014656,0.017901569065545186,2.0888850872186006e6,2.0881023260486922e6,-782.7611699083354,-0.037472677396084064,1.3318014300432743
1105.9999999999714,4.003155287490684,4.00499144710436,0.0018361596136760028,0.04586780881105841,27562.21428314342,27567.13880426712,4.924521123699378,0.017866928517100786,1.935121899417712e6,1.9345181767673907e6,-603.7226503212005,-0.031198171572698535,2.524425804896266
1106.9999999999714,4.064234755147134,4.063497814686091,-0.0007369404610431118,-0.018132330080338408,27551.188148351554,27556.12421017621,4.936061824657372,0.017915967173824796,2.1196992528497204e6,2.118869570110878e6,-829.6827388424426,-0.039141530937797826,0.5
1107.9999999999714,4.036380326591423,4.036418870750402,3.854415897919239e-5,0.0009549189090350546,27550.621733132903,27555.554869495565,4.933136362662481,0.01790571701229449,2.0863079593912596e6,2.0855517881826656e6,-756.1712085939944,-0.03624446741863695,1.32972424444107
1108.9999999999714,4.003229246269458,4.005042515737743,0.0018132694682844175,0.0452951693929138,27556.32278463293,27561.247363840244,4.924579207316128,0.017870959219792457,1.932780698858883e6,1.9322036727572891e6,-577.0261015938595,-0.029854711501130816,2.5204775547474068
1109.9999999999714,4.064198080677938,4.063449880054611,-0.0007482006233274774,-0.018409551121156772,27545.31762358539,27550.253712114238,4.936088528847904,0.01791988241450311,2.1169868369026706e6,2.1161839450122835e6,-802.8918903870508,-0.037926163563763535,0.5
1110.9999999999711,4.036415555524813,4.0364373584728375,2.1802948024784996e-5,0.0005401561787894306,27544.74863561813,27549.681779030107,4.933143411977653,0.017909560465542252,2.083711654398995e6,2.082982133476365e6,-729.520922630094,-0.03501064655898897,1.327632995893773
1111.9999999999711,4.003303810551386,4.005094097473505,0.0017902869221195772,0.04472023625588876,27550.440421584688,27555.364976793666,4.924555208977836,0.017874687785824434,1.9304220512813868e6,1.929871768831468e6,-550.2824499187991,-0.02850581040314627,2.5165026865640514
1112.9999999999711,4.064161353630044,4.063401824178618,-0.0007595294514262108,-0.01868846695143664,27539.456370997446,27544.392403471924,4.936032474477543,0.01792349278061935,2.1142545436595804e6,2.1134785029410752e6,-776.040718505159,-0.03670516971726138,0.5
1113.9999999999711,4.036451134306435,4.036456129523731,4.995217295800103e-6,0.00012375270081545054,27538.884791363344,27543.8178591651,4.933067801757716,0.017913099383402804,2.0810962615263376e6,2.0803934482588156e6,-702.8132675220259,-0.033771300276449576,1.3255277669574015
1114.9999999999711,4.003378976448111,4.005146188878325,0.001767212430213938,0.04414302119810423,27544.56724242308,27549.491691610696,4.924449187616119,0.0178781142004354,1.9280460382777834e6,1.927522543532414e6,-523.4947453695349,-0.027151568737287194,2.5125013572708537
1115.9999999999711,4.064124572817653,4.063353646467978,-0.0007709263496753493,-0.018969062976848344,27533.60443827324,27538.54033200952,4.935893736281287,0.017926798314208802,2.1115024678038172e6,2.1107533352754405e6,-749.1325283767655,-0.03547864801483947,0.5
1116.999999999971,4.036487059621749,4.036475180807965,-1.1878813783283704e-5,-0.0002942859374457364,27533.0302481746,27537.963157795282,4.9329096206820395,0.017916333858708066,2.0784618707960234e6,2.0777858190446731e6,-676.0517513502855,-0.03252654094113194,1.3234086407485814
1117.999999999971,4.003454740109952,4.005198787270792,0.0017440471608400898,0.04356355383181354,27538.70329525199,27543.627556485706,4.9242612337147875,0.017881238564212972,1.9256527421161192e6,1.9251560756648118e6,-496.6664513074793,-0.025792108849370606,2.5084737248297855
1118.999999999971,4.064087737118952,4.063305345700126,-0.0007823914188263004,-0.019251341738526065,27527.761872772517,27532.69754516678,4.935672394261928,0.01792979907728627,2.1087307047883132e6,2.1080085342846573e6,-722.1705036559142,-0.034246691719150076,0.5
1119.999999999971,4.0365233282002295,4.036494509984664,-2.8818215565884486e-5,-0.0007139365543747199,27527.18505353314,27532.117722473944,4.932668940804433,0.017919263924777228,2.0758085729664662e6,2.0751593336209636e6,-649.239345502574,-0.0312764555440085,1.3212757009210039
1120.999999999971,4.003531097730993,4.005251889328959,0.0017207915979664534,0.04298184667384536,27532.84862785338,27537.772619279513,4.923991426134307,0.01788406093640813,1.9232422457295002e6,1.9227724451039578e6,-469.8006255424116,-0.02442753254747754,2.5044199482485308
1121.9999999999707,4.064050845468821,4.06325692141713,-0.0007939240516909862,-0.019535288358317787,27521.928721527835,27526.86409007054,4.935368542704964,0.017932495184628854,2.105939350825057e6,2.1052441928750444e6,-695.157950012479,-0.03300940028211794,0.5
1122.9999999999707,4.036559936820258,4.036514114079001,-4.5822741257417476e-5,-0.0011351928863841839,27521.349254593584,27526.28160046349,4.932345869907294,0.01792188974559101,2.0731364595279323e6,2.0725140799769599e6,-622.3795509724878,-0.030021156982314997,1.3191290316852546
1123.9999999999707,4.00360804554282,4.005305492463651,0.0016974469208310694,0.042397929605542214,27527.00328768509,27531.926927559256,4.923639874166838,0.017886581487675246,1.9208146327211421e6,1.9203717320012716e6,-442.90071987058036,-0.023057962612620272,2.5003401875596007
1124.9999999999707,4.064013896864885,4.0632083725482495,-0.0008055243166351644,-0.01982090458048317,27516.10503124235,27521.040013523332,4.934982280981785,0.017934886770415017,2.1031285028904686e6,2.102460404839041e6,-668.0980514273979,-0.03176686781189007,0.5
1125.9999999999707,4.036596882303163,4.036533990851379,-6.289145178417499e-5,-0.001558031520558748,27515.522898182055,27520.45483868162,4.931940499565826,0.017924211427185626,2.0704456227022943e6,2.0698501473607013e6,-595.4753415929154,-0.028760733199827564,1.3169687177823954
1126.9999999999704,4.003685579819477,4.005359593464199,0.0016740136447221943,0.04181181592181058,27521.1673218793,27526.090528555218,4.923206675917754,0.017888800348972878,1.9183699873561442e6,1.9179540175652644e6,-415.96979087986983,-0.021683501807341677,2.496234603826788
1127.9999999999704,4.063976890360401,4.063159698768499,-0.0008171915919019668,-0.020108175168030956,27510.29084828826,27515.225362010646,4.934513722386328,0.017936974020372316,2.100298258718396e6,2.099657264609958e6,-640.9941084380262,-0.030519194394283855,0.5
1128.9999999999704,4.036634161517916,4.036554137447282,-8.002407063401051e-5,-0.0019824454590633167,27509.706030794336,27514.637483750383,4.931452956046996,0.01792622920261937,2.0677361554406693e6,2.0671676252374635e6,-568.5302032057662,-0.02749529729457204,1.3147948445036743
1129.9999999999704,4.003763696871116,4.005414189833778,0.0016504929626623976,0.041223535843342464,27515.340777240406,27520.263469199363,4.92269195895642,0.017890717759266407,1.9159083945659697e6,1.9155193832942562e6,-389.01127171353437,-0.020304273044414584,2.49210335913332
1130.9999999999704,4.063939825070123,4.06311089915897,-0.0008289259111524672,-0.02039710101116382,27504.486218704762,27509.420181689813,4.933962985051039,0.01793875713881046,2.0974487168014166e6,2.0968348675048633e6,-613.8492965532932,-0.029266474628729222,0.5
1131.9999999999702,4.036671771375246,4.036574551728706,-9.721964653941484e-5,-0.002408410989192051,27503.898698594043,27508.829581943948,4.9308833499053435,0.01792794324885076,2.065008151421627e6,2.0644666043149966e6,-541.5471066304017,-0.026224937962476363,1.312607497667007
1132.9999999999702,4.003842393049214,4.005469278472608,0.0016268854233940644,0.040633103496241114,27509.52370024341,27514.445796083444,4.922095840032853,0.01789233391921395,1.9134299399405434e6,1.913067911732498e6,-362.0282080452889,-0.018920379601488745,2.4879466165700346
1133.9999999999702,4.0639027001633785,4.063061973528012,-0.0008407266353662735,-0.02068766644763602,27498.691188196448,27503.624518397086,4.933330200638011,0.017940236380252148,2.0945799763842428e6,2.0939933094833242e6,-586.6669009185862,-0.02800880880811802,0.5
1134.9999999999702,4.0367097088326105,4.036595230961392,-0.00011447787121809938,-0.00283592032807347,27498.10094741086,27503.03117923607,4.930231825208466,0.01792935386569916,2.0622617050475248e6,2.0617471755352279e6,-514.5295122968964,-0.024949768064719945,1.310406763622241
1135.9999999999702,4.00392166473996,4.005524856976202,0.001603192236242279,0.040040549503268075,27503.716137032065,27508.637555496298,4.921418464233284,0.01789364913349617,1.9109347097286598e6,1.9105996857245574e6,-335.0240041024517,-0.017531944047948292,2.483764540241635
1136.9999999999702,4.063865514869708,4.063012921108218,-0.0008525937614898282,-0.020979871464008412,27492.905802131376,27497.8384176368,4.932615505425929,0.017941412017072163,2.0916921374659156e6,2.0911326873836173e6,-559.4500822983682,-0.026746291783462064,0.5
1137.99999999997,4.036747970887578,4.036616173108813,-0.00013179777876537457,-0.003264949402734092,27492.31282273867,27497.242321249552,4.929498510882695,0.01793046129900554,2.0594969114447513e6,2.059009431064317e6,-487.48038043431006,-0.023669876741516414,1.3081927292563131
1138.99999999997,4.004001508369477,4.005580922354728,0.0015794139852509659,0.039445888867662794,27497.91813341691,27502.83879338327,4.920659966359381,0.017894663670481793,1.9084227908387163e6,1.9081147891493673e6,-308.00168934906833,-0.016139069960158427,2.479557295245715
1139.99999999997,4.063828268472112,4.062963741841277,-0.0008645266308349164,-0.021273699913504335,27487.130105539298,27492.06192458806,4.931819048761099,0.01794228437026688,2.0887853007941905e6,2.0882530986923005e6,-532.2021018899977,-0.025479023702802087,0.5
1140.99999999997,4.036786554583475,4.036637375556123,-0.00014917902735245292,-0.0036954896013283406,27486.534369733756,27491.46305330194,4.928683568185079,0.017931265913290983,2.0567138664602246e6,2.0562534633207626e6,-460.40313946199603,-0.02238537635059504,1.3059654819697935
1141.99999999997,4.004081920397329,4.005637472295598,0.0015555518982690586,0.038849152669551267,27492.129734873655,27497.049555382153,4.919820508497651,0.01789537789884964,1.9058942708322788e6,1.905613306198964e6,-280.9646333148703,-0.014741879316955853,2.475325047680715
1142.9999999999698,4.063790960312513,4.062914435110577,-0.0008765252019360403,-0.021569150837144287,27481.364143109844,27486.29508409429,4.930940984446352,0.017942853778176227,2.0858595678662667e6,2.0853546417679624e6,-504.926098304335,-0.02420709936963062,0.5
1143.9999999999698,4.036825457002519,4.036658836368209,-0.000166620634309389,-0.004127516437956436,27480.765633213035,27485.69342035664,4.9277871436061105,0.01793176802050386,2.0539126666595188e6,2.0534793659310045e6,-433.3007285143249,-0.021096356020776905,1.3037251096962974
1144.9999999999698,4.004162897321569,4.005694503917759,0.001531606596190116,0.038250356827756064,27486.350986541296,27491.26988678389,4.918900242595555,0.01789579215154495,1.903349237923673e6,1.9030953220868798e6,-253.91583679313771,-0.013340475396419083,2.4710679646249174
1145.9999999999698,4.0637535897851675,4.062865000990776,-0.000888588794391687,-0.021866207553166695,27475.607959190802,27480.53794066959,4.92998147878825,0.01794312062579541,2.0829150409240643e6,2.0824374156224409e6,-477.6253016234841,-0.0229306184956824,0.5
1146.9999999999698,4.036864675271344,4.036680553048539,-0.000184122222805172,-0.004561020435811263,27475.006657652204,27479.933467067167,4.926809414962918,0.017931968047733764,2.0510934093255596e6,2.0506872327882412e6,-406.176537318388,-0.01980292732996236,1.3014717008761898
1147.9999999999695,4.004244435672428,4.005752014999713,0.001507579327284958,0.037649532926972575,27480.581933220295,27485.49983256737,4.917899347074126,0.017895906858977587,1.9007877809799034e6,1.9005609223518884e6,-226.8586280150339,-0.011934979290433075,2.4667862141424757
1148.9999999999695,4.063716156341921,4.062815439014976,-0.0009007173269450774,-0.022164868122971606,27469.8615977863,27474.790538488705,4.928940702404361,0.017943085315004163,2.0799518229525138e6,2.0795015201336592e6,-450.30281885457225,-0.0216496754340859,0.5
1149.9999999999695,4.036904206554299,4.0367025237627105,-0.00020168279158827573,-0.004995976651138377,27469.257487184066,27474.183237729776,4.925750545709889,0.017931866371007753,2.0482561924551236e6,2.0478771589768305e6,-379.03347829310223,-0.018505179170911098,1.2992053444758789
1150.9999999999695,4.004326532016955,4.005810002767503,0.0014834707505482214,0.0370466978326317,27474.822619370836,27479.73943736136,4.916817990524578,0.017895722416995795,1.8982099895158494e6,1.8980101935414711e6,-199.79597437824123,-0.010525493780021697,2.4624799652713585
1151.9999999999695,4.063678659485783,4.062765749390031,-0.0009129100957521175,-0.02246511528713338,27464.125102554986,27469.052921393002,4.92781883801581,0.017942748292962645,2.0769700176797179e6,2.076547055834907e6,-422.96184481075034,-0.020364369307712068,0.5
1152.9999999999693,4.036944048058704,4.036724746131021,-0.00021930192768238044,-0.0054323747139334005,27463.51816559655,27468.44277632607,4.924610729518463,0.017931463477565322,2.0454011147598152e6,2.0450492398640176e6,-351.87489579757676,-0.017203222060377936,1.2969261299643897
1153.9999999999693,4.004409182953302,4.00586846508956,0.001459282136258011,0.036441883673380554,27469.07308911099,27473.988745477953,4.915656366963958,0.017895239315201258,1.8956159536951592e6,1.89544322253967e6,-172.73115548910573,-0.009112138730020588,2.4581493880113126
1154.9999999999693,4.063641098775991,4.062715931797288,-0.0009251669787024852,-0.022766946101149405,27458.398516808327,27463.32513288066,4.926616072330944,0.01794211002260447,2.073969729571496e6,2.073574124122709e6,-395.6054487868678,-0.019074793770910245,0.5
1155.9999999999693,4.03698419702873,4.03674721841895,-0.00023697860978000307,-0.005870189186136083,27457.78873633119,27462.712126477265,4.92339014607569,0.01793075980499927,2.042528275660038e6,2.0422035719921615e6,-324.7036678765435,-0.015897144325780082,1.2946341473183816
1156.9999999999693,4.004492385114738,4.0059273992972,0.0014350141824621687,0.035835108284793304,27463.333386215094,27468.24780087589,4.914414660797775,0.017894458009472765,1.8930057643247934e6,1.8928600972267748e6,-145.6670980185736,-0.0076950160830878845,2.4537946533296915
1157.999999999969,4.063603473821757,4.062665986574629,-0.0009374872471274998,-0.02307034269379161,27452.681883508918,27457.607216112603,4.925332603685092,0.017941171010486173,2.07095106382959e6,2.0705828270484675e6,-368.2367811226286,-0.017781046957318605,0.5
1158.999999999969,4.037024650749603,4.0367699383617,-0.00025471238790331086,-0.0063094087834221005,27452.069242481208,27456.991331485373,4.922089004165173,0.017929755898139714,2.039637775285403e6,2.0393402521998654e6,-297.5230855375994,-0.014587055071382343,1.292329487027062
1159.999999999969,4.00457613516431,4.0059868033470165,0.0014106681827064094,0.03522640437072197,27457.60355411173,27462.51664719272,4.913093080987892,0.017893379046374076,1.890379512857305e6,1.8902609058316916e6,-118.60702561330982,-0.006274244129636992,2.449415933140391
1160.999999999969,4.0635657842871336,4.062615913549807,-0.0009498707373269966,-0.023375301096389935,27446.97524526855,27451.899213902736,4.923968634186167,0.01793993177822021,2.0679141263918297e6,2.0675732675251896e6,-340.8588666401338,-0.01648322153661557,0.5
1161.999999999969,4.037065406542492,4.036792904322979,-0.00027250221951291564,-0.006750007544373616,27446.35972678976,27451.28043428881,4.920707499048149,0.017928452253889098,2.036729714472693e6,2.0364593784854528e6,-270.33598724007607,-0.013273041843456668,1.2900122400688265
1162.999999999969,4.0046604297986095,4.0060466746733345,0.001386244874725051,0.034615790752444996,27451.883635882306,27456.79532770937,4.911691827062896,0.017892002939437032,1.8877372913826948e6,1.887645737565725e6,-91.55381696973927,-0.004849923630140274,2.4450134003113546
1163.9999999999688,4.063528029884907,4.062565713190156,-0.0009623166947507755,-0.023681802799771303,27441.278644346694,27446.201168723805,4.922524377110676,0.017938392889446455,2.064859023926103e6,2.0645455491202727e6,-313.47480583027937,-0.01518141443062013,0.5
1164.9999999999688,4.037106461768136,4.036816114151025,-0.0002903476171116637,-0.007191973257611339,27440.660231648282,27445.579477502215,4.919245853932807,0.01792684947229975,2.0338041947615438e6,2.0335610491564423e6,-243.14560510148294,-0.011955212096019444,1.2876824979302541
1165.9999999999688,4.0047452657425815,4.006107011318892,0.0013617455763101916,0.03400330073322877,27446.173674258884,27451.08388538113,4.910211122245528,0.017890330289830888,1.8850791926355795e6,1.8850146819989793e6,-64.51063660020009,-0.003422171166719317,2.440587228643478
1166.9999999999688,4.063490210381283,4.062515385467606,-0.0009748249136771747,-0.02398984280032769,27435.592122648482,27440.513122697812,4.92100004932945,0.01793655492227227,2.06178586383329e6,2.0614997762583215e6,-286.08757496858016,-0.013875717162823285,0.5
1167.9999999999688,4.037147813821923,4.036839566305832,-0.00030824751609070944,-0.007635279417696004,27434.970799094594,27439.888503373495,4.91770427890151,0.017924948106975216,2.030861318397215e6,2.0306453636653295e6,-215.95473188557662,-0.010633652329151219,1.2853403525799483
1168.9999999999686,4.004830639753194,4.0061678108183925,0.0013371710651988167,0.03338895412768872,27440.47371162286,27445.38236280337,4.9086511805107875,0.017888361666408288,1.8824053099833801e6,1.8823678296729606e6,-37.48031041957438,-0.001991086097175602,2.4361375928762232
1169.9999999999686,4.063452325589933,4.062464930976986,-0.0009873946129470568,-0.024299401932904596,27429.915721723322,27434.835117601666,4.919395878343494,0.01793441849494106,2.0586947542389538e6,2.05843605401955e6,-258.70021940371953,-0.012566225219695299,0.5
1170.9999999999686,4.037189460137362,4.036863258746175,-0.0003262013911866646,-0.008079912880173968,27429.291470811346,27434.207553822303,4.916083010957664,0.01792274881102588,2.0279011883222822e6,2.0277124217851267e6,-188.76653715549037,-0.00930846819571422,1.282985896487414
1171.9999999999686,4.004916548614093,4.006229071298178,0.0013125226840848825,0.03277278485463281,27434.7837900029,27439.69080224146,4.907012238560128,0.017886097722221595,1.8797157374315357e6,1.8797052714963634e6,-10.465935172280297,-0.0005567828668914092,2.431664668675359
1172.9999999999686,4.063414375376499,4.062414349831802,-0.00100002554469647,-0.024610474155833836,27424.249482762865,27429.167194857826,4.917712094960734,0.017931984239173783,2.0555858039959464e6,2.0553544883370649e6,-231.31565888156183,-0.011253028622395467,0.5
1173.9999999999684,4.037231398181212,4.036887190026023,-0.00034420815518920733,-0.008525846582493994,27423.622288124097,27428.53667039834,4.914382274244417,0.017920252192113253,2.0249239081795665e6,2.024762324419489e6,-161.58376007759944,-0.007979744790650696,1.2806192225997348
1174.9999999999684,4.005002989139612,4.006290790390387,0.0012878012507746561,0.03215481372340529,27429.103951073423,27434.009245597517,4.905294524094643,0.017883539078944927,1.8770105696175562e6,1.8770270993385345e6,16.529720978345722,0.0008806408043676428,2.427168632620733
1175.9999999999684,4.063376359652782,4.06236364275204,-0.0010127169007416725,-0.02492303963761333,27418.593446599487,27423.50939553976,4.915948940273665,0.017929252825634467,2.0524591226791171e6,2.052255185800884e6,-203.9368782332167,-0.009936221188513304,0.5
1176.9999999999684,4.03727362545722,4.036911358212089,-0.00036226724513088726,-0.008973066448768644,27417.963291999793,27422.87589431864,4.912602318847348,0.01791745895392887,2.021929582307333e6,2.0217951728047226e6,-134.4095026103314,-0.0066475857411883495,1.2782404243463539
1177.9999999999684,4.005089958169087,4.006352966302268,0.0012630081331810317,0.031535075276022305,27423.434236152767,27428.337734439403,4.903498286636022,0.017880686439234,1.8742899018102915e6,1.874333405442849e6,43.503632557578385,0.0023210727708429845,2.4226496622116858
1178.9999999999682,4.063338278381067,4.062312809989827,-0.0010254683912407359,-0.025237091302408306,27412.947653704574,27417.861760362928,4.914106658354285,0.017926224937325173,2.0493148205839242e6,2.0491382538454474e6,-176.56673847674392,-0.008615891355649965,0.5
1179.9999999999682,4.037316139500513,4.036935761949562,-0.0003803775509512164,-0.0094215448532667,27412.314523044948,27417.225266427213,4.910743382264627,0.01791436975573978,2.018918315737577e6,2.0188110692906727e6,-107.24644690426067,-0.0053120745930268125,1.2758495956437381
1180.9999999999682,4.005177452570892,4.006415596759874,0.0012381441889823819,0.030913591311356927,27417.774686201505,27422.67630996842,4.9016237669166,0.017877540475170043,1.8715538299087894e6,1.8716242830028273e6,70.45309403794818,0.0037644171870483537,2.4181079358459026
1181.9999999999682,4.063300131568464,4.062261852387589,-0.0010382791808742908,-0.025552608649499573,27407.312144186686,27412.224329689863,4.91218550317717,0.017922901294861505,2.0461530087247265e6,2.0460038005647943e6,-149.2081599321682,-0.007292131101435216,0.5
1182.9999999999682,4.037358937882045,4.036960399409733,-0.0003985384723117491,-0.009871266797021968,27406.676021503885,27411.584827230912,4.908805727027357,0.017910985349612624,2.015890214195455e6,2.0158101165721354e6,-80.09762331959791,-0.003973312770485619,1.2734468308721365
1183.9999999999682,4.00526546923689,4.00647868004826,0.0012132108113700468,0.030290396995862445,27412.125341820767,27417.02501304735,4.89967122658345,0.017874101936592137,1.868802450437571e6,1.8688998255934317e6,97.37515586079098,0.005210564435956891,2.4135436328264848
1184.999999999968,4.0632619192710475,4.062210770332768,-0.0010511489382798445,-0.025869583579992833,27401.686957790054,27406.597143521445,4.910185731390811,0.017919282630133433,2.042973798831444e6,2.0428519348930684e6,-121.863938375609,-0.005965026983963949,0.5
1185.999999999968,4.03740201820268,4.036985269326321,-0.0004167488763595628,-0.010322204092647821,27401.04782725718,27405.954616860457,4.9067896032756835,0.017907306443933346,2.0128453840947235e6,2.012792418442376e6,-52.965652347542346,-0.0026313820607420193,1.2710322248941524
1186.999999999968,4.005354005086284,4.006542213983669,0.0011882088973846905,0.029665515104927508,27406.486243250463,27411.38388416914,4.8976409186761884,0.017870371543460283,1.8660358605485058e6,1.8661601277283642e6,124.26717985840514,0.006659420779934948,2.408956933340786
1187.999999999968,4.063223641588341,4.062159564787178,-0.0010640768011631607,-0.026187994927771338,27396.07213389272,27400.980241501813,4.90810760909153,0.01791536971104527,2.0397773033477648e6,2.0396827664231185e6,-94.536924646236,-0.004634668916605661,0.5
1188.999999999968,4.037445378097579,4.037010369971599,-0.00043500812598029626,-0.010774340832946936,27395.429979819866,27400.334675105067,4.904695285200432,0.017903333836385666,2.0097839325374125e6,2.009758079050363e6,-25.853487049462274,-0.001286381417967725,1.2686058730287408
1189.9999999999677,4.0054430570602255,4.006606196925517,0.001163139865291818,0.029038981424079926,27400.857430367687,27405.752963483967,4.895533116279694,0.017866350090395697,1.8632541580152716e6,1.863405284310102e6,151.12629483034834,0.008110879247484265,2.404348018465607
1190.9999999999677,4.063185298667303,4.0621082362699426,-0.0010770623973606064,-0.026507833588438,27390.467711505033,27395.37366290992,4.905951404885855,0.01791116331622614,2.0365636354286198e6,2.0364964055808086e6,-67.22984781116247,-0.0033011415229857585,0.5
1191.9999999999677,4.03748901523039,4.037035700164553,-0.00045331506583679015,-0.01122764827660894,27389.82251833978,27394.7250413748,4.90252303501984,0.017899068282524248,2.0067059673117094e6,2.006707203626836e6,1.236315126530826,6.160918174709272e-5,1.2661678710696633
1192.9999999999677,4.0055326221253,4.006670626776064,0.0011380046507634134,0.028410819686686215,27395.23894268495,27400.132290769026,4.8933480840751145,0.017862038342913347,1.8604574412336813e6,1.8606353911675606e6,177.94993387931027,0.009564848404234957,2.3997170701547605
1193.9999999999677,4.063146890696915,4.062056785858874,-0.0010901048380409506,-0.026829077741119388,27384.87372926782,27389.77744666412,4.903717396300635,0.017906664258450625,2.0333329089387194e6,2.0332929634528281e6,-39.945485891308635,-0.0019645325030497756,0.5
1194.9999999999675,4.037532927297415,4.037061258274535,-0.00047166902288076074,-0.011682109629170991,27384.225481595877,27389.125754733832,4.900273137955082,0.017894510623455137,2.0036115968886984e6,2.0036398977693152e6,28.300880616763607,0.001412493352539511,1.2637183152622875
1195.9999999999675,4.005622697268699,4.006735501965362,0.0011128046966630833,0.02778106628519626,27389.630819348517,27394.521905454516,4.89108610599942,0.01785743713837965,1.857645809218749e6,1.8578505445259246e6,204.7353071756661,0.011021224076174646,2.395064271226663
1196.9999999999675,4.063108417912028,4.062005214200831,-0.0011032037111968762,-0.027151717299333016,27379.290225450837,27384.19163131411,4.901405863271066,0.01790187336089118,2.0300852384483141e6,2.0300725519504093e6,-12.686497904825956,-0.000624924395515669,0.5
1197.9999999999675,4.037577112022352,4.0370870432024715,-0.0004900688198805625,-0.012137695610105526,27378.638907996596,27383.536853864116,4.8979458675203205,0.01788966165914755,2.000500930421059e6,2.000556268142268e6,55.337721209041774,0.002766193225283553,1.2612573023081293
1198.9999999999675,4.005713279501107,4.00680082047742,0.0010875409763135835,0.02714974588618164,27384.033099136846,27388.921846594454,4.888747457607678,0.017852547285161488,1.8548193616005378e6,1.8550508415241116e6,231.47992357378826,0.012479917363707186,2.390389805369336
1199.9999999999673,4.0630698805880785,4.061953522485938,-0.0011163581021405022,-0.02747572980405947,27373.717237951147,27378.616255045246,4.89901709409969,0.017896791478899523,2.0268207392312428e6,2.0268352836453659e6,14.544414123054594,0.0007175974589924108,0.5
1200.9999999999673,4.037621567159437,4.037113053410527,-0.0005085137489100333,-0.01259438856395313,27373.06283557821,27377.958377097544,4.895541519334074,0.017884522271914276,1.9973740777394823e6,1.9974564217837849e6,82.34404430259019,0.004122615048443135,1.258784929369278
1201.9999999999673,4.005804365852205,4.006866580808698,0.0010622149564927241,0.026516895471672536,27378.445820458743,27383.332152891748,4.886332433005009,0.017847369660967612,1.851978198626439e6,1.8522363797035788e6,258.18107713968493,0.013940827021137218,2.3856938571192075
1202.9999999999673,4.063031279044776,4.061901711484566,-0.0011295675602100985,-0.02780110421585682,27368.154804291342,27373.05135567061,4.896551379268203,0.0178914194774301,2.0235395272641156e6,2.0235812719302261e6,41.74466611049138,0.0020629528382344665,0.5
1203.9999999999673,4.037666290489177,4.037139287877552,-0.0005270026116255266,-0.013052158690451815,27367.497302003132,27372.390362380695,4.893060377562506,0.017879093303881915,1.9942311493521808e6,1.9943404667858705e6,109.31743368972093,0.005481683190297792,1.256301294045283
1204.999999999967,4.005895953373447,4.0069327810204065,0.0010368276469598925,0.02588254061084035,27372.86902135188,27377.75286266995,4.883841318071063,0.017841905115103137,1.8491224211550646e6,1.8494072575086027e6,284.8363535380922,0.015403866735884777,2.3809766118660147
1205.999999999967,4.06299261364094,4.061849782495165,-0.0011428311457750695,-0.028127817459922787,27362.60296161806,27367.4969706354,4.894009017338249,0.017885758252616353,2.020241719221266e6,2.0203106308536197e6,68.91163235367276,0.003411058770741347,0.5
1206.999999999967,4.037711279820925,4.037165745154403,-0.000545534666522407,-0.013510987505441493,27361.94234455829,27366.83284730596,4.890502747668506,0.01787337567663987,1.9910722564420393e6,1.9912085116214827e6,136.25517944339663,0.0068433066154454285,1.2538064943913043
1207.999999999967,4.005988039133395,4.006999419670895,0.0010113805375002727,0.025246718852387343,27367.302739480994,27372.184013897437,4.881274416442466,0.01783615456338185,1.8462521306571416e6,1.846563573790641e6,311.44313349947333,0.016868938338807524,2.3762382558402524
1208.999999999967,4.062953884778044,4.06179773640714,-0.0011561483709039422,-0.028455857577795316,27357.06174670018,27361.95313700894,4.891390308759583,0.017879808709170254,2.016927432476542e6,2.0170234752804923e6,96.04280395037495,0.004761837357353311,0.5
1209.999999999967,4.037756532988806,4.0371924242936545,-0.000564108695151333,-0.013970844713952367,27356.39800015345,27361.285869077245,4.887868923793576,0.0178673702720883,1.9878975108651463e6,1.988060665804299e6,163.15493915276602,0.008207412015006745,1.2513006288922814
1210.9999999999668,4.006080620220853,4.007066494893784,0.0009858746729305423,0.02460945663335631,27361.74701213639,27366.62564416008,4.878632023690443,0.017830118893821034,1.843367429210708e6,1.84370542829208e6,337.99908137205057,0.018335958204316043,2.371478976100642
1211.9999999999668,4.0629150928951745,4.0617455746230275,-0.0011695182721469521,-0.028785200906415453,27351.531195927477,27356.419891489077,4.888695561599889,0.017873571781340688,2.0135967850941825e6,2.0137199207299363e6,123.1356357538607,0.006115208201829803,0.5
1212.9999999999668,4.037802047854164,4.037219323930265,-0.0005827239238991311,-0.014431711039643755,27350.864305319745,27355.74946454032,4.885159220575588,0.01786107804873071,1.9847070251454215e6,1.9848970392339185e6,190.01408849703148,0.009573911216599285,1.2487837964809616
1213.9999999999668,4.006173693739848,4.0071340053047555,0.0009603115649072791,0.02397079204049208,27356.201876232226,27361.077790684572,4.875914452346478,0.017823799058095117,1.8404684195018439e6,1.8408329211676999e6,364.5016658559907,0.019804831313250663,2.3666989605388524
1214.9999999999668,4.0628762384724215,4.061693298146554,-0.001182940325867854,-0.029115834606683,27346.01134530869,27350.897270394373,4.8859250856839935,0.01786704841151246,2.0102498958335435e6,2.0104000835304374e6,150.1876968939323,0.007471095867494497,0.5
1215.9999999999666,4.037847822301506,4.0372464431861,-0.0006013791154062531,-0.014893555722550163,27345.34129620782,27350.22367014942,4.882373941600235,0.017854499926381648,1.9815009124773012e6,1.9817177428369762e6,216.83035967499018,0.010942733274036484,1.2462560965148421
1216.9999999999666,4.00626725681284,4.007201949104601,0.0009346922917616851,0.023330752339904393,27350.667368304916,27355.540490311978,4.873122007062193,0.01781719598078023,1.837555204819298e6,1.8379461534515603e6,390.9486322624143,0.02127547685299934,2.361898397858267
1217.9999999999666,4.062837322025962,4.061640908479872,-0.0011964135460900138,-0.029447734458967062,27340.502230470185,27345.3853096683,4.88307919811632,0.01786023957041386,2.0068868841411136e6,2.0070640806619388e6,177.1965208251495,0.008829422436580634,0.5
1218.9999999999666,4.037893854241251,4.037273780775665,-0.0006200734655852358,-0.015356358734738262,27339.829008586483,27344.708521996574,4.879513410091022,0.017847636898381983,1.9782792867180821e6,1.9785228879327893e6,243.60121470713057,0.012313792918049458,1.2437176287804748
1219.9999999999666,4.006361306575792,4.007270324961516,0.0009090183857232148,0.022689376123696297,27345.143524511535,27350.013779520283,4.8702550087473355,0.017810310647599106,1.8346278890549743e6,1.8350452265930483e6,417.33753807400353,0.022747803004835827,2.357077477580319
1220.9999999999663,4.062798344111334,4.061588406736109,-0.00120993737522479,-0.02978088678652946,27335.00388665425,27339.88404487169,4.880158217441931,0.017853146235785124,2.0035078701502718e6,2.003712029907343e6,204.15975707117468,0.010190115053346998,0.5
1221.9999999999663,4.0379401416049285,4.037301335885397,-0.0006388057195314545,-0.01582008888515998,27334.327477840863,27339.20405577933,4.876577938466653,0.01784048992030242,1.9750422623906105e6,1.9753125868527226e6,270.3244621120393,0.013687021653138499,1.2411684934976543
1222.9999999999663,4.006455840181232,4.007339131138148,0.000883290956916305,0.02204669144378612,27339.630380628154,27344.4976943987,4.86731377054457,0.017803144017606642,1.8316865767004308e6,1.8321302429107314e6,443.6662103005219,0.024221731815043092,2.352236390023255
1223.9999999999663,4.0627593053185915,4.061535794512367,-0.0012235108062244038,-0.030115266848880166,27329.516348717465,27334.39351118664,4.877162469176255,0.017845769412619457,2.0001129746794123e6,2.0003440497000322e6,231.0750206199009,0.011553098427199529,0.5
1224.9999999999663,4.037986682348659,4.037329107304191,-0.0006575750444683948,-0.0162847254386169,27328.836738971,27333.710306829027,4.873567858026945,0.017833060018530623,1.9717899546771713e6,1.9720869523272591e6,296.99765008781105,0.015062337110670421,1.238608791296453
1225.9999999999661,4.006550854793476,4.007408366350175,0.0008575115566991087,0.021402737361318494,27334.12797204832,27338.992270669532,4.864298621210764,0.017795697108702206,1.8287313728454937e6,1.8292013051407011e6,469.9322952073999,0.02569717467449516,2.34737532630664
1226.9999999999661,4.062720206275465,4.061483073026069,-0.0012371332493961162,-0.03045086017701104,27324.039651129267,27328.91374340941,4.874092280140758,0.01783811011246032,1.9967023192266505e6,1.9969602592660037e6,257.94003935321234,0.012918302186032215,0.5
1227.9999999999661,4.038033474448034,4.037357094278579,-0.0006763801694553706,-0.016750236810452054,27323.35682659017,27328.22731007966,4.870483489488834,0.017825348182508246,1.9685224794185944e6,1.968846098082883e6,323.6186642886605,0.01643967329162742,1.2360386232349432
1228.9999999999661,4.0066463475913485,4.007478028916498,0.00083168132514988,0.020757542667818856,27328.63633378144,27333.49754366324,4.861209881801187,0.017787970912372802,1.8257623831746757e6,1.8262585168770724e6,496.133702396648,0.02717405654584469,2.3424944783386494
1229.9999999999661,4.062681047642651,4.061430243964421,-0.0012508036782303833,-0.030787641549073992,27318.573827970205,27323.44477595393,4.870947983723454,0.017830169372664392,1.9932760259718602e6,1.993560778481653e6,284.752509792801,0.014285653671772047,0.5
1230.9999999999661,4.03808051590155,4.037385295666616,-0.0006952202349337355,-0.01721660160554078,27317.887774923292,27322.755100094942,4.867325171650009,0.01781735546962022,1.9652399531131128e6,1.9655901382533407e6,350.18514022789896,0.017818950793931036,1.2334580907735582
1231.999999999966,4.006742315763945,4.007548117595116,0.0008058018311709603,0.020111146853658397,27323.155500451187,27328.01354833951,4.858047888323199,0.017779966476576904,1.8227797139666844e6,1.823301982135231e6,522.2681685464922,0.028652292130788876,2.3375940388033936
1232.999999999966,4.06264183011682,4.061377308643889,-0.0012645214729305465,-0.031125595752904106,27313.118912930626,27317.986642845,4.8677299143746495,0.017821948236274695,1.9898342177668172e6,1.9901457280072751e6,311.510240457952,0.015655085115963013,0.5
1233.999999999966,4.038127804725604,4.0374137107700445,-0.0007140939555592141,-0.017683787886147346,27312.429617805523,27317.293711038496,4.864093232972664,0.017809082901221147,1.9619424929098461e6,1.9623191879507068e6,376.695040860679,0.01920010613063309,1.230867295792691
1234.999999999966,4.006838756512799,4.007618630755626,0.0007798742428271055,0.019463579400580612,27317.685506293907,27322.540319263255,4.8548129693481314,0.017771684823846435,1.819783472090596e6,1.8203318057740852e6,548.3336834891234,0.030131809190419172,2.3326742011652373
1235.999999999966,4.062602554426015,4.061324268836793,-0.0012782855892226053,-0.03146469712696786,27307.674939308836,27312.5393777217,4.864438412863819,0.01781344777127679,1.9863770181408187e6,1.986715229151201e6,338.2110103822779,0.017026526550273518,0.5
1236.9999999999657,4.038175338957736,4.037442338510734,-0.0007330004470027518,-0.018151773647152755,27306.98238868043,27311.843176699713,4.8607880192830635,0.017800531564036923,1.958630216613119e6,1.9590333627008328e6,403.14608771377243,0.02058306281064612,1.2282663405697936
1237.9999999999657,4.006935667047963,4.007689567192842,0.0007539001448790827,0.018814880185847982,27312.226385157126,27317.07789062476,4.851505467635434,0.017763127030434957,1.8167737650051217e6,1.817348093080415e6,574.3280752932187,0.03161252580568828,2.327735159647549
1238.9999999999657,4.062563221332549,4.061271125953263,-0.0012920953792860956,-0.03180492976703214,27302.24194000982,27307.103013830692,4.861073820873571,0.017804669050822362,1.9829045512916446e6,1.983269403997924e6,364.8527062793728,0.01839991269583356,0.5
1239.9999999999657,4.038223116652128,4.037471178240874,-0.000751938411254649,-0.018620526640886557,27301.546120598727,27306.40353046505,4.857409866322996,0.017791702509690952,1.955303242672523e6,1.9557327789933179e6,429.5363207948394,0.02196775985538417,1.2256553277834485
1240.9999999999657,4.007033044590026,4.007760925321343,0.0007278807313175761,0.018165079329712598,27306.778170498,27311.626296216702,4.84812571870134,0.01775429414788747,1.8137507007537205e6,1.8143509501681495e6,600.2494144290686,0.03309437257168968,2.3227771092386225
1241.9999999999654,4.062523831628509,4.061217881845622,-0.0013059497828864508,-0.032146267616181494,27296.819947543576,27301.67758402961,4.8576364860346075,0.017795613171679155,1.9794169420851464e6,1.9798083752736193e6,391.43318847287446,0.01977517622237451,0.5
1242.9999999999654,4.038271135881915,4.03750022894061,-0.0007709069413053271,-0.019090024304100353,27296.120846216563,27300.97480534303,4.853959126467089,0.017782596852548307,1.9519616901853604e6,1.952417553733169e6,455.8635478087235,0.023354123705441897,1.2230343605173273
1243.9999999999654,4.007130886366265,4.007832703967255,0.0007018176009898625,0.017514217051848854,27301.340895381632,27306.185569453304,4.844674071671761,0.01774518727939586,1.8107143879663907e6,1.8113404835833237e6,626.0956169329584,0.034577270777426415,2.3178002456704148
1244.9999999999654,4.062484386138532,4.061164538012193,-0.0013198481263394513,-0.03248869413117897,27291.408994023568,27296.263120780368,4.854126756799815,0.01778628123547157,1.975914316054518e6,1.9763322664769588e6,417.95042244065553,0.021152254378884905,0.5
1245.9999999999654,4.038319394735613,4.037529490007314,-0.0007899047282986515,-0.019560234124333456,27290.706597794,27295.557033936308,4.850436142307444,0.01777321567298489,1.9486056788933035e6,1.9490878047772474e6,482.12588394386694,0.02474209580553449,1.220403542237384
1246.9999999999652,4.007229189612636,4.007904901584314,0.000675711971677373,0.01686232405745406,27295.914592479778,27300.755743348298,4.841150868520344,0.01773580750378709,1.8076649358521772e6,1.8083168006875578e6,651.8648353805766,0.03606115394793956,2.3128047654226704
1247.9999999999652,4.062444885715415,4.061111096380094,-0.001333789335321356,-0.032832182905700384,27286.009111165407,27290.85965615261,4.850544987202738,0.017776674366123776,1.9723967993921486e6,1.972841201741374e6,444.40234922547825,0.022531082455742868,0.5
1248.9999999999652,4.038367891318908,4.037558960474213,-0.0008089308446947996,-0.020031133033563405,27285.303407193645,27290.15024846595,4.846841272305028,0.017763560111364495,1.9452353291771847e6,1.9457436503999403e6,508.3212227555923,0.02613160552510668,1.2177629768091542
1249.9999999999652,4.007327951569781,4.007977517024245,0.0006495654544638185,0.016209440862192618,27290.49929406905,27295.336850533364,4.8375564643138205,0.01772615594968301,1.804602454202429e6,1.8052800092747402e6,677.555072311312,0.03754594651766489,2.307790865710076
1250.9999999999652,4.062405331242787,4.0610575585302895,-0.0013477727124975303,-0.03317671681188973,27280.620330285084,27285.46722181705,4.846891531964502,0.017766793691944803,1.9688645189536128e6,1.9693353059658685e6,470.7870122557506,0.023911600200198564,0.5
1251.999999999965,4.038416623751193,4.037588639778514,-0.0008279839726785809,-0.02050268830137406,27279.911305878893,27284.754480744257,4.843174865363835,0.017753631274893912,1.941850762059273e6,1.9423852098144563e6,534.4477551833261,0.0275225967734287,1.215112768474969
1252.999999999965,4.007427169485354,4.008050548774093,0.0006233792887391232,0.015555598701477574,27285.095032029632,27289.9289232367,4.833891207068518,0.017716233721722697,1.8015270533833054e6,1.8022302179435098e6,703.1645602043718,0.03903158483708663,2.3027587444694433
1253.999999999965,4.062365723630803,4.061003926459417,-0.001361797171385959,-0.03352226914146054,27275.24268229771,27280.08584904889,4.843166751179524,0.017756640362810983,1.965317602248143e6,1.9658147046799704e6,497.1024318274576,0.025293745461742064,0.5
1254.999999999965,4.038465590167665,4.037618527001273,-0.0008470631663923811,-0.020974876409859754,27274.530324912677,27279.36976219844,4.83943728576196,0.017743430328996706,1.938452099195703e6,1.9390126026528336e6,560.5034571306314,0.028915001684240427,1.2124530218578689
1255.999999999965,4.007526840609696,4.008123995705601,0.0005971550959049665,0.014900838338842334,27279.701837843677,27284.531993301018,4.830155457340879,0.01770604197235126,1.7984388443358592e6,1.7991675357241235e6,728.6913882642984,0.04051799651454898,2.2977086003636593
1256.999999999965,4.06232606381873,4.060950201825506,-0.001375861993224703,-0.033868822236572116,27269.8761977159,27274.715568721324,4.839371005422436,0.017746215532242777,1.9617561774412342e6,1.9622795241689244e6,523.3467276901938,0.026677460415738694,0.5
1257.9999999999648,4.038514788715116,4.037648621614153,-0.0008661671009626559,-0.021447664457810087,27269.160494955828,27273.996123844132,4.8356288883042,0.017732958406250464,1.9350394628773672e6,1.9356259494704567e6,586.4865930895321,0.03030876653117129,1.2097838419653957
1258.9999999999648,4.007626962198272,4.008197856333031,0.0005708941347588592,0.014245191484731181,27274.319742593758,27279.1460921626,4.826349568840669,0.017695581830785154,1.7953379385739148e6,1.7960920724411628e6,754.1338672479615,0.04200512065416443,2.2926406327604183
1259.9999999999648,4.062286352770736,4.0608963866893895,-0.0013899660813461168,-0.034216349135458464,27264.52090664835,27269.356411308767,4.835504660415609,0.017735520374526328,1.9581803733482908e6,1.9587298913462183e6,549.5179979274981,0.02806268540971421,0.5
1260.9999999999648,4.038564217554791,4.037678922740352,-0.0008852948144388861,-0.021921028532632843,27263.801846265633,27268.633596308253,4.831750042620115,0.01772221669547502,1.9316129760247064e6,1.9322253712463437e6,612.3952216373291,0.031703826244616005,1.2071053341669138
1261.9999999999648,4.007727531507408,4.008272129542473,0.0005445980350646806,0.013588699101504126,27268.94877696149,27273.771250868784,4.822473907293897,0.01768485447216148,1.7922244481809787e6,1.7930039383497674e6,779.4901687887032,0.043492887823277274,2.287555041737743
1262.9999999999645,4.062246591478367,4.060842482780542,-0.001404108697824924,-0.03456483170594351,27259.176838798394,27264.008406880672,4.831568082277954,0.017724556067302482,1.9545903194327555e6,1.955165933870224e6,575.6144374685828,0.029449365002259538,0.5
1263.9999999999645,4.038613874857849,4.037709429880991,-0.0009044449768582652,-0.022394935611171788,27258.454408694415,27263.28220980351,4.827801109095162,0.01771120635348744,1.9281727621864853e6,1.9288109898665692e6,638.2276800838299,0.03310012943861422,1.2044176042106
1264.9999999999645,4.0078285457966185,4.008346813869407,0.0005182680727884303,0.012931393318508752,27263.58897122602,27268.40750005765,4.818528831627191,0.017673861048567975,1.789098485806243e6,1.7899032444888134e6,804.7586825704202,0.044981239934802256,2.282452028062726
1265.9999999999645,4.062206780956449,4.0607884922186575,-0.0014182887377911513,-0.03491424278153596,27253.844023462527,27258.671585104465,4.827561641937791,0.0177133238077601,1.9509861458037433e6,1.951587780023891e6,601.6342201477382,0.03083744194912693,0.5
1266.9999999999645,4.03866375880821,4.037740142195803,-0.0009236166124066969,-0.022869361441449926,27253.118211687975,27257.94199415032,4.823782462342933,0.017699928591195742,1.9247189455381646e6,1.9253829276433669e6,663.9821052022744,0.03449761362517375,1.2017207581981675
1267.9999999999643,4.007930002324485,4.008421908208583,0.0004919058840986423,0.012273315247854903,27258.240355262507,27263.054869974905,4.814514712397795,0.01766260275663135,1.7859601646654033e6,1.78679010232684e6,829.9376614366192,0.04647011046811936,2.277331793195278
1268.9999999999643,4.062166922245443,4.060734416799045,-0.001432505446397947,-0.03526456381083674,27248.52248952895,27253.34597523966,4.823485710709065,0.017701824796418342,1.9473679832121343e6,1.9479955588259303e6,627.5756137960125,0.03222686308937062,0.5
1269.9999999999643,4.038713867598116,4.037771059210119,-0.000942808387996763,-0.023344272927100562,27247.79328428423,27252.612978752284,4.819694468053058,0.017688384588681254,1.9212516508753854e6,1.921941307780632e6,689.6569052466657,0.0358962296757135,1.1990149026017312
1270.9999999999643,4.008031898350679,4.008497411110579,0.00046551275989958896,0.011614497381898315,27252.90295854071,27257.71339045427,4.8104319135600235,0.01765108077065418,1.7828095985350371e6,1.7836646241034954e6,855.0255684582517,0.04795944385540889,2.272194539275158
1271.9999999999643,4.062127016407472,4.060680258694923,-0.001446757712549207,-0.03561576747121791,27243.212265476177,27248.03160614065,4.819340664471383,0.017690060252471287,1.9437359630482935e6,1.944389399914906e6,653.4368666124064,0.03361757353028773,0.5
1272.999999999964,4.03876419943078,4.0378021801146184,-0.0009620193161614665,-0.023819645531597333,27242.479655111743,27247.295192617203,4.8155375054593605,0.01767657557764122,1.9177710036163295e6,1.9184862539112696e6,715.2502949400805,0.03729591768732227,1.1963001442412076
1273.999999999964,4.008134231132376,4.008573321473156,0.00043909034077938003,0.01095498093274507,27247.576810123577,27252.383090933665,4.806280810087628,0.01763929630726612,1.7796469017512198e6,1.7805269224890696e6,880.0207378498744,0.04944917651832567,2.267040469109044
1274.999999999964,4.062087064528569,4.060626019761836,-0.001461044766733366,-0.03596783484755094,27237.913379371643,27242.728506250944,4.815126879300806,0.017678031397762993,1.9400902173375883e6,1.94076943365545e6,679.2163178615738,0.035009522330032225,0.5
1275.999999999964,4.038814752516509,4.037833504453863,-0.0009812480626463227,-0.02429544613391653,27237.17735238831,27241.988664333447,4.811311945137277,0.017664502759921243,1.9142771297936572e6,1.9150178905441263e6,740.7607504690532,0.03869663064662434,1.193576590288003
1276.999999999964,4.008236997925752,4.008649637856092,0.0004126399303396866,0.010294798699608488,27242.261938665753,27247.06400043635,4.802061770595174,0.017627250561670374,1.7764721892071613e6,1.7773771109112788e6,904.9217041174415,0.05093925531822188,2.261869786174103
1277.999999999964,4.062047067714804,4.060571702221224,-0.001475365493580405,-0.036320738509079,27232.62585887023,27237.436703605996,4.810844735766295,0.017665739472564685,1.9364308787388438e6,1.9371357910248002e6,704.9122859563213,0.036402656748348056,0.5
1278.9999999999638,4.0388655250744225,4.03786503144385,-0.0010004936305723078,-0.024771649968560717,27231.88640391954,27236.69342209031,4.807018170769879,0.01765216738741241,1.9107701560545887e6,1.9115363426168144e6,766.1865622256882,0.04009831113375413,1.1908443482685809
1279.9999999999638,4.008340195982688,4.008726359154338,0.0003861631716493008,0.009633991946001197,27236.958372412195,27241.756147586468,4.797775174272829,0.01761494476979634,1.7732855763494615e6,1.7742153032285604e6,929.7268790989183,0.052429619430666194,2.2566826945967495
1280.9999999999638,4.062007027094443,4.06051730798331,-0.0014897191111327146,-0.03667445923150734,27227.349731212886,27232.156225827366,4.806494614480471,0.01765318571924906,1.9327580805405944e6,1.9334886037204773e6,730.5231798829045,0.037796927987934034,0.5
1281.9999999999638,4.038916515329458,4.0378967606430205,-0.0010197546864372242,-0.02524822393745472,27226.606837097428,27231.409493654948,4.802656557520095,0.0176395706826613,1.9072502096585408e6,1.9080417359303427e6,791.5262718019076,0.04150091413247852,1.188103526041973
1282.9999999999638,4.0084438225521675,4.008803483930962,0.00035966137879483995,0.008972593722564492,27231.66613919675,27236.459560590807,4.793421394057077,0.017602380146536523,1.7700871791764784e6,1.7710416140448868e6,954.434868408367,0.05392021814724468,2.2514793991577635
1283.9999999999636,4.061966943814167,4.060462839312475,-0.0015041045016923604,-0.037028969523814334,27222.08502322532,27226.887100125612,4.802076900290558,0.0176403713976851,1.9290719566571745e6,1.9298280040452776e6,756.0473881030921,0.03919228546628306,0.5
1284.9999999999636,4.0389677215136395,4.037928691287528,-0.0010390302261118478,-0.025725143099743858,27221.33867889899,27226.136906392217,4.798227493229206,0.017626713916713513,1.903717418472159e6,1.9045341967134285e6,816.7782412695233,0.04290438451338193,1.185354231816341
1285.9999999999636,4.008547874877062,4.008881011072438,0.00033313619537533867,0.008310645295350392,27226.385266440688,27231.174267253857,4.789000813168968,0.01758955794646711,1.7668771142359683e6,1.7678561583922638e6,979.0441562954802,0.055410993124942805,2.2462601052710616
1286.9999999999636,4.061926819041141,4.0604082981681335,-0.0015185208730077449,-0.03738424990547237,27216.831761316484,27221.629353294677,4.797591978192941,0.017627297770241572,1.9253726416270884e6,1.9261541250115298e6,781.4833844413515,0.04058868229170109,0.5
1287.9999999999636,4.03901914186324,4.03796082294448,-0.0010583189187602926,-0.026202374427769595,27216.08195588487,27220.875687242285,4.793731357414799,0.017613598331990114,1.900171910967526e6,1.901013852044419e6,841.9410768928938,0.044308679232301446,1.182596574123932
1288.9999999999634,4.008652350195489,4.008958939139285,0.00030658894379609336,0.007648179912162799,27221.115781151486,27225.90029496012,4.784513808634074,0.017576479403342383,1.7636554986201974e6,1.764659052036503e6,1003.5534163056873,0.05690189592529953,2.2410250189870684
1289.9999999999634,4.061886653959344,4.0603536868524,-0.0015329671069439499,-0.03774027287171302,27211.589971477377,27216.383011714468,4.793040237091191,0.017613966115596905,1.921660270607881e6,1.922467100232601e6,806.8296247199178,0.04198606991363216,0.5
1290.9999999999634,4.039070774619991,4.037993154864846,-0.0010776197551454203,-0.026679892858446047,27210.83669419798,27215.62586273976,4.789168541778054,0.01760022521762156,1.8966138162188223e6,1.8974808294296146e6,867.0132107923273,0.04571374538021901,1.179830661837519
1291.9999999999634,4.008757245737471,4.009037267003763,0.0002800212662918966,0.006985238794133629,27215.857709921216,27220.63767068854,4.779960767322336,0.01756314578900763,1.7604224499656165e6,1.761450411171938e6,1027.9612063216045,0.05839287077608458,2.235774346979656
1292.9999999999634,4.061846449771547,4.0602990073684495,-0.0015474424030976763,-0.038097018738478164,27206.359679279507,27211.148101345472,4.788422065965278,0.017600377714671482,1.9179349793749142e6,1.91876706402235e6,832.0846474356949,0.04338440334963204,0.5
1293.9999999999632,4.0391226180282365,4.038025686619269,-0.0010969314089672721,-0.027157665480894887,27205.6029195621,27210.38745899206,4.784539429958386,0.017586595835073656,1.8930432638996355e6,1.8939352572101215e6,891.9933104859665,0.04711954171868614,1.1770566041479955
1294.9999999999632,4.008862558726669,4.009115993218107,0.0002534344914382203,0.006321855332419239,27210.61107892537,27215.386420995575,4.775342070206534,0.01754955835558224,1.7571780864484622e6,1.758230352711802e6,1052.2662633399013,0.05988387127378191,2.2305082965331056
1295.9999999999632,4.061806207695728,4.060244262050986,-0.001561945644741769,-0.03845446003264307,27201.140909873782,27205.924647731405,4.783737857622327,0.017586533864415485,1.914196904314851e6,1.9150541512867955e6,857.2469719445799,0.04478363589514917,0.5
1296.9999999999632,4.039174670336476,4.038058417468521,-0.0011162528679555805,-0.027635667161246904,27200.3806572806,27205.160501697956,4.779844417356799,0.017572711490996727,1.8894603842785663e6,1.8903772641522295e6,916.879873663187,0.04852601733765749,1.174274510567846
1297.9999999999632,4.008968286376674,4.009195116634913,0.00022683025823955205,0.005658070656492082,27205.375913921383,27210.14657202908,4.770658107696363,0.017535718391801926,1.753922526782884e6,1.7549989939955696e6,1076.4672126856167,0.06137484388550027,2.225227075545322
1298.999999999963,4.0617659289669845,4.060189452941624,-0.0015764760253604848,-0.03881257691679503,27195.93368798895,27200.712675993844,4.778988004894927,0.017572435863842252,1.910446182426145e6,1.9113284976232443e6,882.315197099233,0.046183724263760675,0.5
1299.999999999963,4.039226929793813,4.038091346981666,-0.0011355828121466516,-0.02811386515004788,27195.169932235,27199.945016126534,4.77508389153445,0.01755857346518892,1.8858653082195509e6,1.8868069798453867e6,941.671625835821,0.04993313264375466,1.1714844909344941
1300.999999999963,4.009074425892899,4.009274635792279,0.00020020989938007716,0.00499391824923496,27200.152240247386,27204.91814951175,4.765909264362563,0.01752162716688977,1.750655890216789e6,1.7517564530724941e6,1100.5628557051532,0.06286574431077184,2.2199308925066252
1301.999999999963,4.061725614834029,4.060134582402603,-0.0015910324314258872,-0.039171341993540845,27190.738037930438,27195.512210834655,4.7741729042172665,0.01755808502717877,1.90668295131293e6,1.9075902392172534e6,907.2879043233115,0.047584623531592325,0.5
1302.999999999963,4.039279394652239,4.038124474423968,-0.001154920228271017,-0.02859223429307864,27189.970768883806,27194.741027135136,4.770258251330233,0.01754418308087817,1.8822581671725772e6,1.8832245343030023e6,966.3671304250602,0.051340838747783606,1.168686655388017
1303.999999999963,4.009180974468915,4.009354549517725,0.0001735750488096599,0.004329439102774673,27194.940082820784,27199.701178754756,4.761095933972683,0.01750728598582314,1.7473782965298898e6,1.748502848412529e6,1124.5518826392945,0.06435652113068685,2.2146199565044875
1304.9999999999627,4.061685266561049,4.060079652508738,-0.0016056140523108553,-0.039530735321358326,27185.553983579015,27190.323276531064,4.769292952049,0.01754348267072215,1.9029073491817643e6,1.9038395129323907e6,932.1637506263796,0.04898629200350732,0.5
1305.9999999999627,4.0393320631627505,4.038157799358285,-0.0011742638044651699,-0.029070742046043492,27184.783191261027,27189.548559149076,4.765367888048786,0.01752954163555988,1.878639093177104e6,1.8796300583446214e6,990.965167517541,0.052749097531109464,1.1658811143872796
1306.9999999999627,4.009287929288277,4.0094348563295865,0.00014692704130947476,0.0036646667413471855,27189.739466136984,27194.49568464161,4.756218504626304,0.017492696134693966,1.7440898660306055e6,1.7452382991840844e6,1148.4331534788944,0.06584713183917677,2.209294477202342
1307.9999999999627,4.061644885424258,4.060024665644858,-0.0016202197793999673,-0.03989072962075875,27180.381548389472,27185.145896937785,4.764348548313137,0.017528630125486375,1.8991195148390208e6,1.900076456215261e6,956.9413762402255,0.05038868637613577,0.5
1308.9999999999627,4.039384933577652,4.0381913210492595,-0.0011936125283922294,-0.029549363282272187,27179.607222974962,27184.367636178802,4.760413203839562,0.017514650468589472,1.8750082188546513e6,1.876023683215866e6,1015.4643612147775,0.05415786186980416,1.163067978685141
1309.9999999999625,4.009395287520985,4.009515555024996,0.0001202675040108403,0.002999641975565893,27184.550414268077,27189.301691641274,4.751277373197809,0.017477858933815784,1.7407907195532958e6,1.7419629249749703e6,1172.205421674531,0.06733752705065721,2.2039546648426067
1310.9999999999625,4.0616044727137135,4.059969623913855,-0.0016348487998580907,-0.04025130489295984,27175.220755389386,27179.980095482264,4.759340092878119,0.01751352872426712,1.8953195876865739e6,1.8963012071805436e6,981.6194939697161,0.05179176643068837,0.5
1311.9999999999625,4.039438004146785,4.0382250390488,-0.0012129650979844087,-0.03002806570466509,27174.442887206995,27179.19828180046,4.755394593466917,0.01749951089413366,1.8713656774055401e6,1.872405540952124e6,1039.8635465838015,0.055567095150824156,1.1602473593444658
1312.9999999999625,4.009503046325036,4.0095966440968915,9.359777185569129e-5,0.002334398322542231,27179.37295086157,27184.119223792648,4.746272931079147,0.017462775685296646,1.7374809784535337e6,1.7386768460578488e6,1195.867604315048,0.06882766597994326,2.1986007302335318
1313.9999999999625,4.061564029729953,4.059914529718311,-0.0016495000116423242,-0.04061243401724721,27170.071627177764,27174.825895166763,4.754267988999345,0.017498179814306163,1.8915077077195153e6,1.8925139045196015e6,1006.1968000861816,0.05319549034771297,0.5
1314.9999999999623,4.03949127311966,4.038258952615944,-0.0012323205037159113,-0.030506824260674834,27169.290206710044,27174.040519172366,4.7503124623217445,0.017484124267436885,1.8677116026091378e6,1.8687757640126613e6,1064.1614035235252,0.0569767517660073,1.1574193677159303
1315.9999999999623,4.009611202843397,4.009678122306849,6.69194634523862e-5,0.001668976368704541,27174.207099138952,27178.948304717196,4.741205578244262,0.01744744772477462,1.7341607646085972e6,1.7353801831221743e6,1219.4185135771986,0.07031750103355748,2.193232884736083
1316.9999999999623,4.061523557785731,4.059859385184196,-0.0016641726015347302,-0.040974096982512816,27164.93418592392,27169.683318563777,4.749132639855816,0.017482584744551593,1.887684015520455e6,1.8887146875799792e6,1030.6720595241059,0.05459981919908022,0.5
1317.9999999999623,4.0395447387421894,4.038293061287248,-0.001251677454941813,-0.03098560694073544,27164.149203807658,27168.89437101621,4.74516720855172,0.0174684919190717,1.8640461288156311e6,1.8651344856333933e6,1088.3568177621346,0.05838679638543332,1.154584115441282
1318.9999999999623,4.009719754205073,4.009759988117096,4.023391202334636e-5,0.0010034095769698682,27169.05288189472,27173.788957603967,4.7360757092465064,0.017431876369906864,1.7308302004087514e6,1.7320730575291414e6,1242.85712039005,0.07180699297346083,2.1878513402668074
1319.999999999962,4.061483058202759,4.059804192727123,-0.0016788654756361154,-0.041336266865508675,27159.808453366193,27164.552387818036,4.743934451842506,0.017466744877777447,1.8838486522559356e6,1.8849036962781672e6,1055.0440222315956,0.05600471253187805,0.5
1320.999999999962,4.03959839925796,4.038327364311226,-0.0012710349467335291,-0.031464388810704735,27159.019900392526,27163.759859633024,4.739959240498138,0.017452615219114117,1.8603693909453747e6,1.8614818394706133e6,1112.4485252385493,0.05979718493826873,1.151741714456473
1321.999999999962,4.009828697522385,4.009842240248417,1.354272603126816e-5,0.0003377382689598689,27163.910321494786,27168.64120522167,4.730883726882894,0.017416062970651718,1.7274894087606713e6,1.7287555910547e6,1266.1822940288112,0.07329609591859615,2.182456309276676
1322.999999999962,4.061442532313369,4.059748954491277,-0.0016935778220918962,-0.04169892368579807,27154.694450810613,27159.433124641917,4.738673831303458,0.01745066157856179,1.8800017596757817e6,1.8810810711790184e6,1079.3115032366477,0.05741013260661957,0.5
1323.999999999962,4.039652252905839,4.038361861204434,-0.0012903917014046584,-0.03194313818662095,27153.902317925294,27158.63700688494,4.7346889596447,0.01743649551438195,1.856681524485633e6,1.8578179599430903e6,1136.4354574573226,0.06120788312212865,1.1488922769695922
1324.999999999962,4.0099380298919245,4.0099248771271006,-1.3152764823942675e-5,-0.000328004191733037,27158.779439875514,27163.505069904324,4.725630028809974,0.017400008860013902,1.7241385130779915e6,1.7254279061328564e6,1289.393054864835,0.07478477193592561,2.1770480047554552
1325.9999999999618,4.06140198145734,4.059693672900709,-0.0017083085566316214,-0.04206204075417904,27149.592199129853,27154.325550317535,4.733351187682274,0.017434336224888044,1.8761434801050352e6,1.8772469534066392e6,1103.4733016039245,0.05881604010062955,0.5
1326.9999999999618,4.039706297920818,4.038396551200458,-0.0013097467203593283,-0.03242183029576772,27148.796477433385,27153.525834210563,4.7293567771776,0.017420134189405908,1.8529826654852848e6,1.8541429818891564e6,1160.316403871635,0.06261884827550479,1.146035915476575
1327.9999999999618,4.010047748391916,4.010007897428146,-3.9850963769794134e-5,-0.0009937777869546546,27153.66025854222,27158.3805735628,4.720315020582348,0.01738371540204195,1.720777637283508e6,1.722090125610987e6,1312.48832747899,0.07627297676595444,2.1716266402105746
1328.9999999999618,4.0613614069835,4.059638350113083,-0.0017230568704169613,-0.042425598161596,27144.501718761905,27149.2296856922,4.727966930295224,0.017417770196265267,1.872273956443468e6,1.8734014847251077e6,1127.528281639563,0.0602223984240742,0.5
1329.9999999999618,4.039760532531745,4.038431433791429,-0.0013290987403165033,-0.03290043381565363,27143.70239950977,27148.42636260746,4.723963097691012,0.017403532606430024,1.849272950552789e6,1.8504570408936564e6,1184.0903408674058,0.06403004707949979,1.1431727427366722
1330.9999999999616,4.010157850083176,4.010091299536815,-6.655054636084401e-5,-0.0016595492957830493,27148.552798568257,27153.267737671038,4.7149391027815,0.017367183944442716,1.7174069058008671e6,1.71874237298027e6,1335.4671794029418,0.07776067365818481,2.1661924296698127
1331.9999999999616,4.061320810246647,4.059582988556438,-0.0017378216902086407,-0.04278956948744715,27139.423029708985,27144.145551180525,4.722521471539949,0.01740096488554786,1.8683933321587387e6,1.8695448074476563e6,1151.4752889175434,0.06162916924923569,0.5
1332.9999999999616,4.0398149549621545,4.038466508191526,-0.0013484467706286196,-0.03337892417503693,27138.62010431172,27143.33861264694,4.718508335219667,0.017386692164462706,1.8455525168521923e6,1.8467602729580642e6,1207.7561058718711,0.0654414379890875,1.1403028717880388
1333.9999999999616,4.0102683320063415,4.010175082077349,-9.324992899273354e-5,-0.0023252790405194784,27143.457080593445,27148.166583277125,4.709502683679602,0.017350415865216816,1.714026443556033e6,1.7153847721411013e6,1358.3285850682296,0.07924781966899827,2.1607455876680675
1334.9999999999616,4.061280192609092,4.059527590397334,-0.0017526022117584361,-0.043153934932829895,27134.35615153619,27139.073166759896,4.717015223704948,0.017383921687185114,1.8645017512869635e6,1.865677064518855e6,1175.3132318914868,0.06303631686482636,0.5
1335.9999999999613,4.039869563427991,4.03850177386416,-0.001367789563830435,-0.03385727044785602,27133.549611559676,27138.262604457046,4.712992897369986,0.017369614240822055,1.8418215020992188e6,1.8430528148172526e6,1231.3127180337906,0.06685298855673039,1.137426415925764
1336.9999999999613,4.010379191183198,4.010259243389077,-0.00011994779412027867,-0.0029909339840976487,27138.373124823225,27143.07713098993,4.704006166703039,0.017333412526487547,1.7106363759702838e6,1.7120174476276587e6,1381.071657374967,0.08073437913370773,2.1552863292341873
1337.9999999999613,4.061239555437648,4.05947215806347,-0.0017673973741780813,-0.04351866837827109,27129.301103370606,27134.012551972588,4.711448601981829,0.01736664200832091,1.8605993584225331e6,1.8617983994238744e6,1199.0410013413057,0.06444380386962431,0.5
1338.9999999999613,4.039924356138775,4.038537230000012,-0.0013871261387636835,-0.034335448302538325,27128.490940536092,27133.198357736954,4.707417200861528,0.017352300248398938,1.8380800445576867e6,1.8393348036184069e6,1254.7590607202146,0.06826465824681527,1.1345434887049233
1339.9999999999613,4.0104904246135575,4.010343782040849,-0.00014664257270879943,-0.003656474824345943,27133.300951027286,27137.999400989902,4.698449962615996,0.01731617531938409,1.7072368289576848e6,1.708640524377473e6,1403.6954197881278,0.08222031038570804,2.1498148698934867
1340.9999999999611,4.061198900105132,4.059416693725871,-0.0017822063792607423,-0.04388375017078348,27124.25790389997,27128.963725921374,4.7058220214057656,0.017349127257520858,1.8566862987184417e6,1.8579089562674144e6,1222.6575489726383,0.06585159538348319,0.5
1341.9999999999611,4.039979331294624,4.038572876029573,-0.001406455265051676,-0.03481342724099959,27123.44411008433,27128.145891740507,4.701781656178355,0.01733475157909707,1.8343282830334003e6,1.8356063772271248e6,1278.0941937244497,0.06967641536938443,1.1316542039435065
1342.9999999999611,4.010602029276776,4.010428696321115,-0.0001733329556614649,-0.0043218687467906575,27128.240578538433,27132.933413016086,4.692834477653378,0.01729870562031933,1.7038279289224828e6,1.7052541279501282e6,1426.1990276454017,0.08370557868172426,2.144331425646681
1343.9999999999611,4.061158227987443,4.059361199807725,-0.001797028179717941,-0.04424915452280914,27119.226571371546,27123.92670727148,4.70013589993323,0.017331378856117286,1.8527627178818036e6,1.8540088796889088e6,1246.161807105178,0.06725965473495006,0.5
1344.9999999999611,4.040034487088174,4.038608711115692,-0.0014257759724820573,-0.03529118320744027,27118.409138607287,27123.10522529003,4.696086682743044,0.017316969659763086,1.8305663568765917e6,1.8318676739197683e6,1301.3170431766193,0.07108822022693538,1.128758675700582
1345.999999999961,4.010714002128699,4.010513984738835,-0.00020001738986419326,-0.0049870768585851145,27123.192026251432,27127.879186376573,4.687160125140508,0.017281004833811585,1.7004098027549516e6,1.701858384302615e6,1448.5815476633143,0.08519014330053656,2.1388362129723277
1346.999999999961,4.061117540464992,4.059305678480232,-0.0018118619847600215,-0.04461486196118731,27114.2071235911,27118.901514246507,4.694390655407915,0.017313398227025767,1.8488287621675024e6,1.8500983149338004e6,1269.552766297944,0.06866794763672783,0.5
1347.999999999961,4.040089821701272,4.038644734652269,-0.0014450870490030354,-0.03576868616239113,27113.38604406659,27118.076376760488,4.690332693899109,0.01729895589682546,1.8267944059703564e6,1.828118832675635e6,1324.426705278689,0.07250004165494366,1.125857018291581
1348.999999999961,4.0108263401029225,4.010599645526789,-0.00022669457613311295,-0.0056520666044916745,27118.155312621915,27122.836739935865,4.6814273139498255,0.017263074349938894,1.6969825778282164e6,1.6984534200036332e6,1470.8421754168812,0.08667397029492503,2.1333294488135643
1349.999999999961,4.0610768389198695,4.059250132158042,-0.0018267067618271682,-0.04498084705811723,27109.19957792168,27113.888164630076,4.688586708394723,0.017295186805195123,1.8448845783777004e6,1.8461774077766454e6,1292.829398944974,0.07007643806540047,0.5
1350.999999999961,4.040145333306937,4.038680945770244,-0.0014643875366928683,-0.03624591235915364,27108.374843981233,27113.059364092718,4.684520111484744,0.01728071173003139,1.823012570732525e6,1.8243599928816927e6,1347.422149167629,0.07391184080679193,1.1229493462640483
1351.9999999999607,4.010939040108231,4.0106856771297155,-0.0002533629785155256,-0.006316799532029009,27113.130455665218,27117.806092124985,4.675636459767702,0.017244915585875254,1.6935463819936917e6,1.6950393620157868e6,1492.9800220951438,0.08815701996526158,2.127811350564904
1352.9999999999607,4.061036124737246,4.059194563008393,-0.0018415617288525254,-0.04534709055245542,27104.20395128271,27108.886675762024,4.682724479313038,0.017276746027036247,1.8409303138516587e6,1.8422463045861996e6,1315.9907345408574,0.07148509232744914,0.5
1353.9999999999607,4.040201020066141,4.0387173438231825,-0.0014836762429588646,-0.036722832244980116,27103.375555426635,27108.054204778346,4.678649351710192,0.017262238580365435,1.8192209921080088e6,1.8205912946122868e6,1370.302504278021,0.075323586866167,1.1200357744128056
1354.9999999999607,4.011052099029417,4.010772077720277,-0.0002800213091402881,-0.006981243380210566,27108.117472955226,27112.78726092943,4.669787974205974,0.017226529945743557,1.6901013435789621e6,1.691616337897423e6,1514.9943184608128,0.08963925886554576,2.1222821360745163
1355.9999999999607,4.0609953993025805,4.059138973433531,-0.0018564258690494384,-0.04571356740192943,27099.220260148624,27103.897064540022,4.676804391398036,0.017258077341345567,1.8369661164698908e6,1.8383051522510452e6,1339.035781154409,0.07289387480524913,0.5
1356.9999999999604,4.040256880129634,4.038753927906193,-0.001502952223441767,-0.037199422413793246,27098.388195033433,27103.060915872324,4.6727208388911095,0.01724353790070629,1.8154198115678194e6,1.8168128783462567e6,1393.0667784372345,0.07673524159870021,1.1171164177582231
1357.9999999999604,4.011165513725002,4.010858845674607,-0.00030666805039558653,-0.007645360166421971,27103.11638162338,27107.780263898676,4.66388227529751,0.017207918859322553,1.6866475913824912e6,1.6881844755983516e6,1536.8842158603948,0.09112064806618315,2.1167420236232313
1358.9999999999604,4.060954664003003,4.05908336559275,-0.0018712984102533525,-0.04608025858650582,27094.248520548117,27098.919347415802,4.670826867684809,0.017239182198179374,1.8329921346411288e6,1.8343540982436193e6,1361.9636024904903,0.07430275213685744,0.5
1359.9999999999604,4.04031291163522,4.03879069732915,-0.0015222143060702464,-0.03767565382588564,27093.412778986527,27098.07951397844,4.666734991911653,0.017224611125886444,1.8116091711020665e6,1.8130248852359718e6,1415.7141339052469,0.07814677450788227,1.1141913915490709
1360.9999999999604,4.011279281027967,4.010945979100937,-0.00033330192703040495,-0.00830911795662829,27098.127198357583,27102.785118134685,4.6579197771025065,0.017189083743709133,1.6831852546702796e6,1.684743903652151e6,1558.648981871549,0.09260115471822346,2.1111912319282844
1361.9999999999602,4.060913920224615,4.059027741872164,-0.0018861783524508624,-0.04644713947412446,27089.28874806297,27093.953540396797,4.664792333827791,0.01722006205925709,1.829008517302407e6,1.830393290546738e6,1384.7732443311252,0.07571168921474014,0.5
1362.9999999999602,4.040369112708733,4.038827651147511,-0.001541461561221702,-0.038151503444898864,27088.44932302393,27093.110015261496,4.660692237564945,0.017205459721917605,1.8077892132182461e6,1.8092274568322687e6,1438.24361402262,0.07955814779214458,1.1112608112652451
1363.9999999999602,4.011393397743558,4.011033476302692,-0.0003599214408662732,-0.00897247926540269,27093.149939400948,27097.801840301097,4.651900900149485,0.017170026041838468,1.679714463174236e6,1.6812947509766126e6,1580.2878023765516,0.09408074032953237,2.105629980122353
1364.9999999999602,4.060873169353778,4.058972104419307,-0.001901064934471286,-0.04681419131279615,27084.340957826887,27088.999659042358,4.658701215470501,0.0172007183882546,1.8250154139163725e6,1.8264228777174607e6,1407.4638010882773,0.07712065280960807,0.5
1365.9999999999602,4.04042548146218,4.03886478862388,-0.0015606928383000707,-0.038626942767801646,27083.497842435827,27088.152435433196,4.654592997369036,0.017186085137333995,1.803960080935458e6,1.805420735346482e6,1460.6544110239483,0.08096933110994974,1.1083247925961808
1366.99999999996,4.011507860650024,4.011121335319511,-0.0003865253305130878,-0.009635412516690303,27088.18462055107,27092.830446612046,4.6458260609761055,0.017150747183890067,1.6762353470841143e6,1.6778371470618942e6,1601.799977779854,0.0955593724095042,2.100058487755675
1367.99999999996,4.060832412774527,4.058916455600585,-0.0019159571739422177,-0.04718138990210525,27079.405164524782,27084.0577184655,4.652553940719372,0.017181152659935174,1.8210129744607788e6,1.8224430088122296e6,1430.0343514508568,0.07852960805368808,0.5
1368.99999999996,4.040482015994321,4.038902108770779,-0.0015799072235420653,-0.039101949155768395,27078.558352063512,27083.206789763964,4.648437700452632,0.01716648885075671,1.8001219177804133e6,1.8016048633831174e6,1482.9456027040724,0.08238028702703505,1.1053834514557124
1369.99999999996,4.011622666496287,4.011209554378044,-0.0004131121182426867,-0.010297880747679964,27083.231257158703,27087.87095284101,4.639695682308229,0.01713124862485474,1.672748037048083e6,1.6743712217786997e6,1623.184730616631,0.09703701302684432,2.0944769747827525
1370.99999999996,4.060791651869825,4.058860797548101,-0.0019308543217242402,-0.04754871678371291,27074.481382391437,27079.127733329096,4.646350937659008,0.017161366350976082,1.8170013494317422e6,1.8184538334531765e6,1452.4840214343276,0.07993852188874732,0.5
1371.99999999996,4.0405387143889095,4.03893961080021,-0.0015991035886999683,-0.03957649466407393,27073.630866298292,27078.27309306921,4.64222677091675,0.017146672324233656,1.7962748677846673e6,1.7977799841944727e6,1505.1164098053705,0.08379098526617029,1.102436903958119
1372.9999999999598,4.0117378120030525,4.011298131445387,-0.0004396805576654117,-0.010959852768789994,27078.289864126913,27082.92337431009,4.633510183175531,0.017111531808048062,1.6692526641645802e6,1.6708971055563346e6,1644.4413917544298,0.09851362990499896,2.0888856615491096
1373.9999999999598,4.060750888019014,4.058805132605131,-0.001945755413883532,-0.04791614820855814,27069.56962521085,27074.2097178477,4.640092636851477,0.0171413609491966,1.8129806898309567e6,1.8144555017503337e6,1474.8119193769526,0.08134735949749497,0.5
1374.9999999999598,4.040595574715292,4.038977293678411,-0.0016182810368805534,-0.04005055707646714,27068.715399080684,27073.35135972098,4.6359606402947975,0.01712663704924928,1.7924190754773675e6,1.7939462414180357e6,1527.165940668201,0.08520138853473634,1.0994852664328705
1375.9999999999598,4.011853293860178,4.011387064667706,-0.00046622919247241157,-0.011621292164046433,27073.360455909962,27077.98772589851,4.627269988548505,0.017091598200689558,1.665749359982966e6,1.6674149291988683e6,1665.5692159023602,0.09998918540298238,2.0832847687932623
1376.9999999999598,4.060710122599071,4.058749462884846,-0.001960659714224988,-0.04828366603450289,27064.669906314997,27069.303685783725,4.63377946872788,0.01712113794392401,1.8089511471677274e6,1.8104481643695647e6,1497.017201837385,0.08275608792317378,0.5
1377.9999999999595,4.040652595026624,4.039015156563608,-0.0016374384630157834,-0.04052410902712101,27063.81196389924,27068.441603634383,4.629639735143428,0.017106384500893527,1.7885546858843602e6,1.7901037793281705e6,1549.0934438102413,0.08661146656772667,1.0965286554031493
1378.9999999999595,4.011969108727918,4.011476351935566,-0.0004927567923518339,-0.012282168157273603,27068.443046512402,27073.064022032264,4.620975519861531,0.017071449258907096,1.662238256495132e6,1.6639248240574044e6,1686.5675622723065,0.10146364732505153,2.0776745176258316
1379.9999999999595,4.060669356982114,4.058693790704114,-0.001975566278000329,-0.04865124698230954,27059.782238583073,27064.409650449266,4.6274118661931425,0.017100698835614308,1.804912873450093e6,1.8064319724561644e6,1519.099006071454,0.08416467234607809,0.5
1380.9999999999595,4.040709773360803,4.039053198372812,-0.0016565749879902114,-0.04099712874484372,27058.920573789754,27063.543838279023,4.623264489269786,0.017085916183027815,1.7846818445202876e6,1.786252742577752e6,1570.8980574645102,0.08802118216688413,1.0935671875885091
1381.9999999999595,4.012085253234328,4.011565991311058,-0.000519261923269454,-0.012942444900712238,27063.537649488102,27068.1522766924,4.614627204296994,0.01705108646202533,1.6587194861332194e6,1.660426921850154e6,1707.4357169345021,0.10293697826597849,2.0720551295329535
1382.9999999999593,4.060628592536608,4.058638118153814,-0.00199047438279365,-0.049018873246672215,27054.906634440442,27059.5276247026,4.6209902621594665,0.01708004512673876,1.8008660211814062e6,1.8024070776957818e6,1541.0565143756103,0.08557307963224518,0.5
1383.9999999999593,4.040767107738031,4.039091418207382,-0.001675689530649116,-0.041469589460877025,27054.041241334176,27058.658076665986,4.6168353318098525,0.017065233584238344,1.7808006973874483e6,1.7823932764401603e6,1592.5790527120698,0.08943050477509853,1.0906009799074097
1384.9999999999593,4.012201723976518,4.011655980604518,-0.0005457433720001958,-0.0136020920568098,27058.64427793914,27063.252503404816,4.608225465675787,0.017030511278914532,1.6551931817675857e6,1.656921354832833e6,1728.173065247247,0.10440914597060665,2.0664268263554293
1385.9999999999593,4.060587830624965,4.058582447521289,-0.0020053831036763725,-0.04938652203387321,27050.043105857716,27054.657620949536,4.614515091820067,0.01705917833018458,1.796810743357155e6,1.7983736322485285e6,1562.8888913735282,0.0869812748588887,0.5
1386.9999999999593,4.040824596162451,4.03912981493193,-0.0016947812305208032,-0.041941469870539,27049.17397865981,27053.784331358594,4.610352698786301,0.017044338220544533,1.7769113909681416e6,1.7785255265648416e6,1614.1355967000127,0.09083939722062104,1.087630149455883
1387.999999999959,4.012318517518136,4.0117463177905295,-0.0005721997276069146,-0.014261074366569856,27053.7629445151,27058.364715248455,4.601770733355806,0.017009725200866275,1.651659476698576e6,1.6534082556206887e6,1748.7789221126586,0.10588011310952605,2.060789830290543
1388.999999999959,4.0605470726047095,4.058526780871921,-0.00202029173278806,-0.04975417589463156,27045.191664349997,27049.799651140333,4.607986790335417,0.01703809996070207,1.792747193456819e6,1.7943317888020023e6,1584.5953451832756,0.08838922470311165,0.5
1389.999999999959,4.040882236619414,4.0391683875884015,-0.0017138490310122378,-0.04241274381819247,27044.318797438333,27048.922614460083,4.603817021750729,0.017023231593419934,1.7730140722222219e6,1.7746496392057834e6,1635.5669835614972,0.0922478286656544,1.0846548135219838
1390.999999999959,4.012435630390408,4.01183700059554,-0.0005986297948679109,-0.014919361953967706,27048.893661411978,27053.48892484543,4.5952634334535105,0.01698872970915304,1.648118504654813e6,1.649887757353361e6,1769.2526985479053,0.10734984732899792,2.055144363878741
1391.999999999959,4.060506319826143,4.058471120460547,-0.002035199365595375,-0.050121812535007096,27040.352320975773,27044.953726770993,4.601405795219762,0.01701681154372517,1.7886755254413432e6,1.790281700507999e6,1606.1750666557346,0.08979689405988948,0.5
1392.999999999959,4.040940027077154,4.039207134986087,-0.001732892091066418,-0.04288339048475891,27039.47570888488,27044.072937623816,4.597228738937702,0.017001915231023144,1.7691088885818066e6,1.7707657609888036e6,1656.8724069970194,0.09365576181832648,1.0816750895621376
1393.9999999999588,4.012553059090092,4.011928026903399,-0.0006250321866936304,-0.015576920167514644,27044.036440371296,27048.62514436877,4.588703997473203,0.01696752630692064,1.6445703997895303e6,1.6463599935255395e6,1789.5937360092066,0.10881831122816245,2.0494906499903784
1394.9999999999588,4.06046557363348,4.0584154683240055,-0.0020501053094745814,-0.050489414878601195,27035.52508633624,27040.119858880185,4.594772543943691,0.016995314606505975,1.7845958937476825e6,1.7862235210339904e6,1627.6272863079794,0.0912042492090427,0.5
1395.9999999999588,4.040997965484148,4.0392460561049,-0.0017519093792479623,-0.04335338434247561,27034.644723757283,27039.23531204156,4.590588284278056,0.01698039064757517,1.765195987945409e6,1.7668740391279703e6,1678.0511825613212,0.09506316545136047,1.0786910952154738
1396.9999999999588,4.012670800080089,4.0120193943533655,-0.0006514057267237305,-0.016233719614146495,27039.191292679254,27043.773385533088,4.582092853834183,0.016946116487865395,1.6410152966740583e6,1.6428250981423787e6,1809.8014683204237,0.11028547217009216,2.0438289118273834
1397.9999999999588,4.060424835362584,4.058359826681794,-0.002065008680789404,-0.050856961143697796,27030.709970574346,27035.2980580505,4.588087476153305,0.01697361068631901,1.7805084532829344e6,1.7821574045033385e6,1648.951220404124,0.09261125479992849,0.5
1398.9999999999586,4.041056049770661,4.0392851496960445,-0.0017709000746162218,-0.04382270507524201,27029.825852355025,27034.409748453232,4.583896098207333,0.01695865938332693,1.761275518675742e6,1.7629746212034815e6,1699.1025277394801,0.09647000197998504,1.075702948282612
1399.9999999999586,4.012788849787669,4.012111100735283,-0.0006777490523859342,-0.016889726266603743,27034.35822916582,27038.933659601946,4.575430436125316,0.016924501766752306,1.6374533302952992e6,1.6392832055587894e6,1829.8752634902485,0.11175129267105573,2.0381593729025065
1400.9999999999586,4.060384106342064,4.058304197539297,-0.0020799088027674273,-0.051224434642002,27025.906983373978,27030.488334405574,4.581351031596569,0.016951701322789878,1.7764133594197796e6,1.7780835055424555e6,1670.1461226758547,0.09401787674133265,0.5
1401.9999999999586,4.041114277846565,4.039324414675155,-0.0017898631714095004,-0.04429132779593863,27025.019104518546,27029.596257135585,4.577152617039246,0.0169367229652539,1.7573476295931174e6,1.7590676553712408e6,1720.0257781234104,0.09787623968979045,1.0727107667281346
1402.9999999999586,4.012907204605041,4.012203143598049,-0.0007040610069912745,-0.017544911235009977,27029.5372602039,27034.105977378968,4.568717175068741,0.016902683649695147,1.6338846360501042e6,1.635734450626217e6,1849.814576112898,0.11321573967332246,2.0324822570424064
1403.9999999999584,4.060343387891088,4.058248583077993,-0.002094804813094875,-0.05159181411459145,27021.116133959145,27025.690697611313,4.574563652167853,0.016929588065456372,1.772310767992084e6,1.7740019792218339e6,1691.2112297499552,0.09542407913404434,0.5
1404.9999999999584,4.041172647602117,4.039363849732683,-0.001808797869434109,-0.044759232707055535,27020.224489628403,27024.79484791169,4.570358283286623,0.016914582945233986,1.7534124699698281e6,1.7551532901451364e6,1740.8201753082685,0.09928184070335849,1.0697146686829362
1405.9999999999584,4.01302586088761,4.012295520634514,-0.0007303402530958181,-0.018199241131585428,27024.72839570845,27029.2903492147,4.561953506250575,0.01688066366274755,1.6303093497420996e6,1.632178968541141e6,1869.6187990412582,0.11467877549355987,2.0267977883669355
1406.9999999999584,4.06030268132045,4.058192985269048,-0.00210969605140221,-0.05195908327494729,27016.337431093205,27020.905156872894,4.567725779688772,0.01690727246555545,1.7682008352879726e6,1.7699129811071965e6,1712.1458192239515,0.09682982753172992,0.5
1407.9999999999584,4.041231156906573,4.03940345371752,-0.0018277031890532314,-0.04522639557328061,27015.442016604404,27020.00553013994,4.563513535536913,0.016892240862585395,1.7494701895266445e6,1.7512316746004275e6,1761.4850737829693,0.1006867727342971,1.0667147724231605
1408.9999999999582,4.0131448149546,4.012388229300194,-0.0007565856544067273,-0.01885268758773377,27019.931645135726,27024.486784998306,4.555139862579381,0.016858443324002343,1.6267276075748433e6,1.628616894983216e6,1889.2874083726201,0.11614036668309859,2.0211061912906656
1409.9999999999582,4.060261987930442,4.058137406253368,-0.0021245816770738557,-0.052326221396289195,27011.570883078042,27016.131720936275,4.560837858232844,0.01688475608462326,1.7640837180462496e6,1.7658166671943371e6,1732.9491480875295,0.09823508546446978,0.5
1410.9999999999582,4.041289803608603,4.039443225257214,-0.0018465783513885725,-0.04569279712976043,27010.671693904816,27015.228312723266,4.556618818449351,0.01686969828105974,1.7455209384279274e6,1.7473029581647364e6,1782.0197368089575,0.10209099745396936,1.0637111963842392
1411.9999999999582,4.013264063087175,4.012481267187988,-0.0007827958991866169,-0.019505217869577627,27015.14701748233,27019.69529416412,4.548276681791322,0.016836024171358356,1.6231395461514178e6,1.6250483659689848e6,1908.8198175670113,0.11760047508502657,2.0154076905095706
1412.9999999999582,4.060221309011887,4.05808184796529,-0.002139461046597013,-0.05269321260514447,27006.816497753254,27011.370398085062,4.553900331808109,0.01686204048591568,1.7599595734509362e6,1.7617131939642602e6,1753.6205133239273,0.0996398178558966,0.5
1413.999999999958,4.041348585534927,4.039483163131611,-0.0018654224033163302,-0.04615841380259001,27005.913529525602,27010.463204098447,4.549674572845106,0.016846956752160747,1.7415648672764972e6,1.7433672908134544e6,1802.4235369572416,0.10349448193542837,1.060704059139876
1414.999999999958,4.01338360152941,4.012574631657216,-0.000808969872194254,-0.02015680414615672,27010.37452128458,27014.915885683466,4.541364398886799,0.016813407734528583,1.6195453024653892e6,1.6214735179883107e6,1928.2155229214113,0.1190590667631305,2.009702510987767
1415.999999999958,4.060180645844101,4.05802631250273,-0.0021543333413704957,-0.05306003671476089,27002.07428249555,27006.621196142063,4.54691364651444,0.01683912724239129,1.7558285591241892e6,1.7576027183188375e6,1774.1591946482658,0.10104398777596033,0.5
1416.999999999958,4.041407500491121,4.039523265903353,-0.0018842345877683186,-0.04662322687180994,27001.167530999734,27005.71021224518,4.542681245446147,0.016824017851193827,1.737602127106709e6,1.7394248228646435e6,1822.6957579345908,0.10489718730775104,1.0576934794043913
1417.999999999958,4.013503426486139,4.012668320198226,-0.0008351062879130566,-0.020807414350314888,27005.61416461767,27010.148568071287,4.534403453617415,0.01679059556274902,1.615945013898608e6,1.6178924878580086e6,1947.4739594005514,0.12051610312544614,2.0039908779589024
1418.999999999958,4.060139999695877,4.057970801760716,-0.0021691979351610158,-0.05342667827521955,26997.344244217893,27001.88412246639,4.53987824849537,0.016816017929125345,1.7516908331226315e6,1.7534853976290245e6,1794.564506392926,0.10244755937860713,0.5
1419.9999999999577,4.041466546259561,4.039563532281086,-0.0019030139784748101,-0.047087213433353266,26996.43370539633,27000.96934467564,4.535639279307361,0.01680088314183784,1.7336328693826618e6,1.7354757051706933e6,1842.8357880315743,0.10629907984426941,1.054679576034943
1420.9999999999577,4.0136235341240605,4.012762330071283,-0.0008612040527777864,-0.02145702120430029,27000.865955094887,27005.393349377995,4.527394283108151,0.016767589197463725,1.612338818216077e6,1.6143054128573798e6,1966.5946413027123,0.12197154959517693,1.998273016905548
1421.9999999999577,4.060099371823523,4.057915317791899,-0.0021840540316242496,-0.05379311764586983,26992.626389368834,26997.15918395469,4.532794585855299,0.016792714130406224,1.7475465539312458e6,1.7493613896796377e6,1814.8357483919244,0.10385049510179321,0.5
1422.9999999999577,4.041525720600943,4.03960396076033,-0.0019217598406138237,-0.04755035532294158,26991.71205932009,26996.240608443146,4.528549123057019,0.016777554210361163,1.7296572459886686e6,1.7315200889220235e6,1862.8429333548993,0.10770012022180164,1.051662468010664
1423.9999999999577,4.0137439205696195,4.012856658661686,-0.0008872619079332011,-0.022105593318651064,26996.12989986696,27000.650237195932,4.520337328973255,0.01674439019866893,1.6087268535599255e6,1.610712430585916e6,1985.5770259904675,0.12342536718378365,1.9925491535619797
1424.9999999999575,4.060058763471817,4.057859862449653,-0.002198901022164357,-0.05415933980926038,26987.920723931795,26992.446387038526,4.525663106731372,0.01676921743259086,1.7433958804579165e6,1.7452308527130946e6,1834.9722551780287,0.10525275846677228,0.5
1425.9999999999575,4.041585021251929,4.039644549976888,-0.0019404712750406006,-0.0480126303130329,26987.002598910385,26991.524010132292,4.521411221907329,0.0167540326323231,1.7256754092292557e6,1.727558125827253e6,1882.7165979973506,0.10910027389439564,1.0486422744464112
1426.9999999999575,4.013864581910121,4.012951303128074,-0.0009132787820469446,-0.02275310398270419,26991.406005621153,26995.91923865165,4.513233030498668,0.01672100011966311,1.6051092584481842e6,1.6071136790919122e6,2004.4206437279936,0.12487752052878086,1.9868195138936189
1427.9999999999575,4.060018175872085,4.057804437739211,-0.0022137381328741768,-0.05452532567538739,26983.227253424404,26987.74573768569,4.518484261287085,0.016745529431486557,1.739238972027972e6,1.7410939453720693e6,1854.9733440971468,0.10665431110563416,0.5
1428.9999999999575,4.041644445926722,4.039685298357162,-0.0019591475695603933,-0.04847402080444941,26982.305329840754,26986.819555867307,4.514226026552933,0.01673032000553518,1.7216875118193894e6,1.7235899679236633e6,1902.4561042739078,0.11049950070576348,1.0456191145696703
1429.9999999999573,4.013985514191698,4.01304626074835,-0.0009392534433478872,-0.023399522495213237,26986.694278580806,26991.20036041207,4.506081831263145,0.016697420531567655,1.6014861717655044e6,1.6035092967354637e6,2023.124969959259,0.12632796995861245,1.9810843240982812
1430.9999999999573,4.059977610243178,4.057749045470081,-0.0022285647730964087,-0.05489106066678348,26978.54598289787,26983.057241397502,4.511258499631367,0.016721651724637517,1.7350759883781576e6,1.7369508267446198e6,1874.8383664621506,0.10805511568485449,0.5
1431.9999999999573,4.041703992314777,4.039726204462388,-0.0019777878523887793,-0.048934505251980474,26977.620257318198,26982.12725130241,4.506993984210567,0.01670641791685817,1.71769370688032e6,1.7196157677547615e6,1922.0608744414058,0.11189776540150792,1.0425931077341883
1432.9999999999573,4.014106713420221,4.0131415285769805,-0.0009651848432401522,-0.024044822725147887,26981.99472450447,26986.49360867696,4.498884172488033,0.016673652998687463,1.597857732760872e6,1.599899422314066e6,2041.6895531939808,0.12777667944606247,1.975343810592877
1433.9999999999573,4.059937067789578,4.057693687598058,-0.002243380191520039,-0.05525652624811353,26973.87691693624,26978.380903210098,4.503986273859482,0.01669758591888413,1.730907089652236e6,1.7328016563101811e6,1894.566657945048,0.10945513304967129,0.5
1434.999999999957,4.041763658082271,4.039767266648005,-0.001996391434265554,-0.04939406662914077,26972.947386082404,26977.447101629885,4.499715547481173,0.016682327975039733,1.7136941479366526e6,1.7156356781854688e6,1941.530248816125,0.11329502707083379,1.0395643733992448
1435.999999999957,4.0142281755597224,4.013237103782321,-0.0009910717774017641,-0.024688974668550686,26977.307348685314,26981.798989184936,4.491640499622008,0.01664969910290509,1.5942240810424802e6,1.5962841949304182e6,2060.1138879379723,0.12922360867807503,1.9695982000001722
1436.999999999957,4.059896549702352,4.057638365886695,-0.002258183815657233,-0.055621708287685055,26969.22005965592,26973.716727691906,4.496668035986659,0.01667333362270035,1.7267324363927639e6,1.7286465939813561e6,1914.1575885922648,0.11085432509688889,0.5
1437.999999999957,4.041823440870263,4.039808483399313,-0.0020149574709495965,-0.04985268407755454,26968.286720405304,26972.779111570984,4.492391165680601,0.01665805177857841,1.7096889889074657e6,1.7116498525701524e6,1960.8636626866646,0.11469124942658172,1.0365330311318224
1438.999999999957,4.0143498965328925,4.013332983312461,-0.0010169132204316256,-0.025331952785428883,26972.632155950472,26977.116507206363,4.484351255890942,0.016625560419774022,1.5905853565716185e6,1.592663754108979e6,2078.3975373604335,0.13066872071802899,1.9638477191499044
1439.999999999957,4.059856057157346,4.057583082240452,-0.002272974916894377,-0.05598658880743377,26964.575414704985,26969.06471894495,4.489304239963531,0.016648896453660876,1.7225521895368514e6,1.7244858000485224e6,1933.6105116710532,0.11225265181607935,0.5
1440.9999999999568,4.041883338295397,4.0398498529990094,-0.0020334852963879158,-0.05031034115016064,26963.63826409034,26968.12328538356,4.485021293221507,0.016633590946792124,1.7056783841023212e6,1.7076584445770998e6,1980.0604747785255,0.11608639080107758,1.0334992006086554
1441.9999999999568,4.014471872219784,4.013429164224011,-0.0010427079957731067,-0.025973727776962753,26967.969150660374,26972.446167548922,4.477016888547951,0.01660123854168055,1.5869416996593336e6,1.5890382396746052e6,2096.540015271632,0.1321119746063572,1.9580925950583512
1442.9999999999568,4.05981559131608,4.0575278383749716,-0.0022877529411085007,-0.056351154126359576,26959.942985262547,26964.424880602266,4.481895339718903,0.0166242760311804,1.718366510411931e6,1.7203194352240637e6,1952.9248121327255,0.11365007408486828,0.5
1443.9999999999568,4.04194334794887,4.0398913738548625,-0.0020519740940070363,-0.05076701767847226,26959.002020471933,26963.479626853255,4.477606381322403,0.016608947089073366,1.7016624882159706e6,1.7036616083524781e6,1999.120136507554,0.11748041402754544,1.0304630015956597
1444.9999999999568,4.014594098458236,4.013525643356591,-0.001068455101645327,-0.026614274704774173,26963.318336708195,26967.787974550887,4.469637842692464,0.016576735054926246,1.5832932509595875e6,1.5854077918595793e6,2114.5408999917563,0.13355333250553522,1.952333054930808
1445.9999999999566,4.059775153324017,4.0574726361415925,-0.0023025171824242463,-0.05671538682478554,26955.322774038334,26959.797215829298,4.4744417909641925,0.016599473983200427,1.7141755607263881e6,1.71614766058804e6,1972.0998616518918,0.11504655105549443,0.5
1446.9999999999566,4.042003467396746,4.039933044175546,-0.0020704232212001017,-0.05122269780074084,26954.377992414844,26958.84813930107,4.470146886225848,0.01658412183536114,1.6976414563224085e6,1.6996594983451345e6,2018.0420227260329,0.11887327652198754,1.027424553961279
1447.9999999999566,4.014716571042657,4.013622417653124,-0.0010941533895323374,-0.02725356498200261,26958.679717519222,26963.14193208661,4.46221456738931,0.016552051562412084,1.5796401514655922e6,1.5817725511866424e6,2132.3997210501693,0.1349927525627736,1.946569326141214
1448.9999999999566,4.059734744311444,4.057417477206205,-0.0023172671052389404,-0.05707927367633875,26950.714783272033,26955.181727321444,4.466944049410813,0.0165744919395733,1.7099795025657336e6,1.7119706376275315e6,1991.1350617979188,0.1164420426566708,0.5
1449.9999999999566,4.042063694179047,4.0399748622899105,-0.0020888318891367774,-0.05167736204020961,26949.766182313702,26954.22882557477,4.462643261067569,0.01655911680597906,1.6936154438688448e6,1.6956522694668097e6,2036.8255979649257,0.12026494003337983,1.024383977653731
1450.9999999999563,4.014839285724474,4.013719483842819,-0.001119801881654503,-0.027891574281346008,26954.053296050304,26958.50804355983,4.454747509524168,0.016527189660847565,1.575982542503456e6,1.5781326585774103e6,2150.116073954385,0.1364301961453783,1.9408016362331366
1451.9999999999563,4.059694365391798,4.057362363365363,-0.0023320020264350205,-0.05744279782032214,26946.11901473276,26950.578417305303,4.459402572541876,0.016549331538629745,1.7057784983867386e6,1.707788528187356e6,2010.029800617369,0.11783650705636046,0.5
1452.9999999999563,4.042124025810065,4.040016826331242,-0.00210719947882243,-0.05213099512452826,26945.166592092402,26949.621688056228,4.455095963825443,0.0165339336411187,1.689584606670573e6,1.6916400769254877e6,2055.470254914835,0.12165536113431229,1.0213413927142405
1453.9999999999563,4.014962238210766,4.013816838753,-0.0011453994577665938,-0.02852827473358831,26949.43907478924,26953.88631190916,4.447237119919009,0.01650215096342887,1.5723205657280292e6,1.5744882552323912e6,2167.6895043619443,0.137865620510932,1.9350302129065051
1454.9999999999563,4.05965401766251,4.057307296233485,-0.002346721429025145,-0.057805946487438684,26941.53546971859,26945.987287536427,4.451817817836854,0.016523994420587322,1.7015727110114896e6,1.703601494506236e6,2028.7834947463125,0.11922990311359156,0.5
1455.9999999999561,4.042184459777435,4.040058934548214,-0.002125525229220493,-0.05258357826989236,26940.579223203593,26945.02672865305,4.447505449457822,0.01650857397166591,1.6855491009055956e6,1.6876230763767336e6,2073.975471138023,0.12304450045529597,1.0182969192566094
1456.9999999999561,4.015085424165127,4.01391447900069,-0.0011709451644366098,-0.02916364263109269,26944.837055754324,26949.27673960155,4.43968384722757,0.01647693707718835,1.5686543631169596e6,1.5708394827389934e6,2185.119622033788,0.13929898602340257,1.9292552840044117
1457.9999999999561,4.0596137022034045,4.05725227755078,-0.0023614246526246774,-0.05816870337547106,26936.96414905612,26941.408339300466,4.444190244346828,0.016498482233390635,1.697362303618346e6,1.6994096991692316e6,2047.3955508854706,0.12062218811628739,0.5
1458.9999999999561,4.042244993542798,4.0401011849977015,-0.0021438085450968813,-0.05303509679698941,26936.004076628273,26940.443948805805,4.439872177532379,0.01648303944750569,1.6815090831065595e6,1.6836014237633147e6,2092.3406567552593,0.12443231367443436,1.01525067746922
1459.9999999999561,4.015208839205947,4.01401240129604,-0.0011964379099067557,-0.029797650827630796,26940.24724049383,26944.679328637652,4.432088143821602,0.0164515496248295,1.5649840769645819e6,1.5671864829550472e6,2202.4059904653113,0.14073024913691537,1.9234770775139702
1460.999999999956,4.059573420077522,4.057197308878592,-0.0023761111989299977,-0.05853105617399138,26932.405053099883,26936.841573411086,4.436520311202912,0.016472796627170414,1.693147439740067e6,1.6952133051418664e6,2065.865401799325,0.12201331988645227,0.5
1461.999999999956,4.042305624540204,4.040143575846999,-0.002162048693205243,-0.05348553261484693,26931.441152875166,26935.87334947997,4.432196604804631,0.01645733170997221,1.677464710158067e6,1.6795752754612444e6,2110.56530317734,0.12581876032303904,1.012202787616921
1462.999999999956,4.015332478907452,4.014110602142084,-0.0012218767653680018,-0.03043027624204278,26935.669630085365,26940.094080545532,4.424450460166554,0.016425990223850738,1.561309849879556e6,1.5635293981119248e6,2219.5482323686592,0.1421593691053625,1.9176958215460782
1463.999999999956,4.05953317232956,4.0571423918993395,-0.0023907804302201185,-0.05889298913766903,26927.858181731946,26932.286990211098,4.428808479151485,0.016446939259937208,1.6889282832558304e6,1.6910124757237826e6,2084.192467952147,0.12340325451441587,0.5
1464.999999999956,4.04236635017749,4.040186105075321,-0.002180245102168854,-0.0539348716395565,26926.890451980402,26931.31493117285,4.424479192446597,0.016431452418677585,1.6734161392886145e6,1.6755447881238007e6,2128.648835186148,0.1272037949921445,1.00915337002076
1465.999999999956,4.015456338798051,4.014209078130304,-0.0012472606677471632,-0.031061492455936063,26931.10422513564,26935.52099638581,4.416771250169404,0.01640026050638909,1.5576318247753375e6,1.5598683707026234e6,2236.5459272859152,0.14358630144247983,1.9119117443376155
1466.9999999999557,4.059492959986698,4.057087528119787,-0.002405431866910668,-0.05925449041592993,26923.32353436158,26927.744589570393,4.421055208811595,0.01642091179110599,1.6847049983827595e6,1.686807374582544e6,2102.376199784456,0.1247919488458004,0.5
1467.9999999999557,4.042427167834359,4.040228770767857,-0.0021983970665022667,-0.054383096472212004,26922.351973507015,26926.768693905833,4.416720398818143,0.01640540322466783,1.6693635280639103e6,1.6715101188238228e6,2146.5907599125057,0.12858737619612862,1.0061025450709338
1468.9999999999557,4.015580414361317,4.014307825648192,-0.0012725887131246338,-0.03169127702120842,26926.55102577976,26930.96007674564,4.409050965878123,0.0163743620995383,1.5539501448681413e6,1.5562035435822785e6,2253.3987141372636,0.14501100447649645,1.9061250742312605
1469.9999999999557,4.05945278405707,4.057032719163222,-0.0024200648938483837,-0.0596155448180811,26918.801109924643,26923.21437088706,4.413260962417553,0.016394715887961427,1.6804777496742145e6,1.682598165709162e6,2120.4160349473823,0.12617935794499252,0.5
1470.9999999999557,4.0424880748638365,4.040271570825102,-0.0022165040387349677,-0.05483019362548463,26917.82571654448,26922.234637231108,4.408920686626516,0.016379185797003898,1.6653070343845156e6,1.6674714249022114e6,2164.390517695807,0.12996945746378527,1.0030504332043895
1471.9999999999554,4.015704701034457,4.0144068411672125,-0.0012978598672441777,-0.03231960425052782,26922.010031680977,26926.411321743723,4.401290062745829,0.016348296644888436,1.5502649536693653e6,1.5525350598570623e6,2270.1061876970343,0.14643343270605821,1.9003360396762363
1472.9999999999554,4.0594126455305934,4.056977966480438,-0.002434679050155708,-0.05997614095320626,26914.290906883427,26918.696333085547,4.4054262021199975,0.016368353219342272,1.676246702008225e6,1.6783850134466859e6,2138.3114384608343,0.1275654374680668,0.5
1473.9999999999554,4.042549068590413,4.040314503249318,-0.002234565341094452,-0.05527614639130696,26913.311679708462,26917.71276022426,4.401080515799549,0.0163528017962865,1.6612468164747644e6,1.6634288641035452e6,2182.047628780827,0.1313499961078164,0.9999971549176624
1474.9999999999554,4.015829194209104,4.014506120957782,-0.0013230732513216381,-0.03294645233491337,26917.481242030175,26921.874731024513,4.393488994337531,0.016322065778863953,1.546576394981683e6,1.5488630629811129e6,2286.667999429861,0.14785354327465625,1.8945448692150921
1475.9999999999554,4.059372545377482,4.056923271634351,-0.002449273743130753,-0.06033626418249806,26909.79292322607,26914.190474617622,4.397551391553861,0.016341825461459784,1.6720120205861058e6,1.6741680824507806e6,2156.06186467479,0.12895014139425898,0.5
1476.9999999999552,4.042610146311385,4.04035756586135,-0.002252580450035069,-0.05572094187935485,26908.809861140224,26913.203061490676,4.393200350452389,0.016326252900529557,1.657183032882195e6,1.6593825944321554e6,2199.5615499604028,0.13272894461964746,0.9969428307467559
1477.9999999999552,4.015953889230204,4.014605661370173,-0.0013482278600305264,-0.033571796320822814,26912.96465554548,26917.35030376296,4.385648217481503,0.01629567115185071,1.5428846128918738e6,1.5451876966539838e6,2303.083762109978,0.14927128982077542,1.888751791470561
1478.9999999999552,4.05933248454905,4.0568686360184865,-0.002463848530563695,-0.06069590357384591,26905.30715646636,26909.69679346062,4.38963699425949,0.01631513429202571,1.6677738709224388e6,1.669947537717174e6,2173.66679473524,0.1303334242509144,0.5
1479.9999999999552,4.042671305295437,4.040400756580033,-0.002270548715403997,-0.056164564070045414,26904.32025850651,26908.70553915851,4.385280652000802,0.016299540779567846,1.6531158424655753e6,1.6553327742805753e6,2216.931815000018,0.1341062591048385,0.9938875812689884
1480.9999999999552,4.016078781396456,4.014705458556517,-0.0013733228399388508,-0.034195615043719936,26908.46027047193,26912.838038659174,4.377768187245238,0.016269114409527153,1.5391897517654474e6,1.5415091049067406e6,2319.3531412931625,0.15068662837917607,1.8829570351461857
1481.999999999955,4.059292463976302,4.0568140611342525,-0.0024784028420494764,-0.061055045036635364,26900.833603643405,26905.215287118564,4.381683475159662,0.016288281395734197,1.6635324188385548e6,1.66572354453906e6,2191.1257005052175,0.13171523895128043,0.5
1482.999999999955,4.042732542783249,4.040444073145674,-0.002288469637574231,-0.05660700066986666,26899.842868999036,26904.220190884895,4.3773218858586915,0.016272667119938366,1.649045404392298e6,1.6512795622909106e6,2234.1578986125533,0.13548189107842543,0.9908315271047237
1483.999999999955,4.016203865959387,4.01480550874466,-0.0013983572147271417,-0.034817884285689854,26903.968084581058,26908.337933942803,4.369849361744855,0.01624239721072692,1.5354919562422466e6,1.5378274320078027e6,2335.475765556097,0.15209951156446444,1.87716082900628
1484.999999999955,4.059252484570698,4.0567595483167125,-0.0024929362539856115,-0.06141367809618429,26896.372261321154,26900.745952620306,4.373691299151687,0.01626126845902322,1.659287830459278e6,1.6614962685373155e6,2208.438078037463,0.13309553879064998,0.5
1485.999999999955,4.04279385598683,4.040487513392947,-0.0023063425938829596,-0.05704823634446704,26895.377689334226,26899.747013849123,4.369324514897016,0.016245633600563785,1.6449718781322693e6,1.6472231174792133e6,2251.2393469440285,0.13685579534041192,0.9877747888974152
1486.999999999955,4.016329138123824,4.014905807967331,-0.0014233301564932077,-0.03543858353098267,26899.488095170578,26903.849987368034,4.361892197455745,0.016215521210007196,1.5317913712300102e6,1.5341428225439042e6,2351.451313894009,0.15350989423617276,1.8713634018778724
1487.9999999999548,4.059212547222792,4.056705099004712,-0.0025074482180800217,-0.06177178920565647,26891.923125588353,26896.28878652071,4.36566093235524,0.01623409717470597,1.6550402722024992e6,1.6572658756187968e6,2225.6034162975848,0.1344742755616327,0.5
1488.9999999999548,4.04285524208978,4.040531074981195,-0.0023241671085845184,-0.057488259396177153,26890.92471575295,26895.28600475864,4.361289005690196,0.01621844191596473,1.6408954234494397e6,1.6431635991010077e6,2268.175651567988,0.13822792233766484,0.9847174873261725
1489.9999999999548,4.016454593046989,4.015006352328962,-0.0014482407180267387,-0.036057689299757896,26895.020299064054,26899.374196217774,4.353897153720027,0.016188488074394734,1.5280881418985925e6,1.5304554213288708e6,2367.279430278344,0.15491772793531974,1.8655649826307323
1490.9999999999548,4.0591726528030065,4.056650714473756,-0.002521938329250517,-0.06212936834576442,26887.486192058044,26891.843784898905,4.357592840860889,0.01620676923731168,1.650789910775427e6,1.6530325320033836e6,2242.62122795661,0.135851401399902,0.5
1491.9999999999548,4.042916698246736,4.04057475566037,-0.002341942586365775,-0.057927055172355864,26886.483944020194,26890.837159842587,4.353215822393395,0.016191093753490184,1.6368162003970784e6,1.6391011667705337e6,2284.966373455245,0.13959822568355143,0.9816597430837206
1492.9999999999545,4.016580225838979,4.0151071377418965,-0.0014730880970823534,-0.03667518172812436,26890.564692610682,26894.9105572989,4.345864688217262,0.01616129946654289,1.5243824136726302e6,1.526765373483114e6,2382.959810483735,0.1563229665410906,1.859765800177888
1493.9999999999545,4.0591328021602955,4.056596396099171,-0.0025364060611243744,-0.06248640250879408,26883.061455867562,26887.410943359464,4.349487491901527,0.016179286347434204,1.6465369131650606e6,1.6487964041839016e6,2259.491018841043,0.13722686693356478,0.5
1494.9999999999545,4.04297822158363,4.0406185530083265,-0.002359668575303786,-0.05836461256967905,26882.055369424874,26886.400474857597,4.345105432723358,0.01616359081554975,1.6327343693107706e6,1.6350359803308328e6,2301.6110200621188,0.1409666546698409,0.9786016768888596
1495.9999999999545,4.0167060315617755,4.015208160186179,-0.0014978713755962048,-0.03729103807514145,26886.121271684882,26890.459066946332,4.337795261450083,0.016133957061401905,1.5206743322287763e6,1.5230728243427326e6,2398.4921139562503,0.15772556050452302,1.8539660834624834
1496.9999999999545,4.059092996122905,4.056542145095897,-0.0025508510270073614,-0.0628428821277029,26878.648911678025,26882.99025703066,4.3413453526336525,0.01615165020719274,1.6422814466349303e6,1.6445576589541452e6,2276.2123192148283,0.13860062316838784,0.5
1497.9999999999543,4.043039809197089,4.040662464689847,-0.0023773445072423627,-0.058800917612396246,26877.6389867795,26881.975945081493,4.3369583019921265,0.01613593479741795,1.6286500908022244e6,1.6309681999701413e6,2318.109167916933,0.1423331617398002,0.9755434094666565
1498.9999999999543,4.016832005230077,4.015309415452943,-0.0015225897771333763,-0.037905239132503,26881.69003168613,26886.019721018405,4.329689332276757,0.01610646252960005,1.5169640434876315e6,1.5193779195377058e6,2413.876050074352,0.1591254624944598,1.8481660614446997
1499.9999999999543,4.059053235497106,4.056487962774866,-0.002565272722240053,-0.06319879472893604,26874.2485536744,26878.581720565755,4.333166891356086,0.016123862524757483,1.6380236787145908e6,1.6403164633655413e6,2292.7846509504598,0.1399726194892177,0.5
1500.9999999999543,4.04310145815507,4.040706488201074,-0.002394969953996018,-0.05923595978936625,26873.2347904201,26877.563565319066,4.328774898964184,0.016108127409013396,1.6245635257521046e6,1.626897986092871e6,2334.460340766469,0.1436976950276975,0.97248506155015
1501.9999999999543,4.016958141809988,4.0154108993971835,-0.0015472424128040174,-0.03851776289874036,26877.27096753873,26881.592514900978,4.321547362247657,0.01607881755356429,1.5132516936079655e6,1.515680804902622e6,2429.1112946565263,0.16052262190864797,1.8423659631021712
1502.999999999954,4.059013521067918,4.056433850289535,-0.0025796707783829476,-0.06355413119452338,26869.860375565167,26874.185328141342,4.324952576174837,0.016095925009375373,1.6337637771951403e6,1.6360729847568832e6,2309.20756174298,0.14134280573336297,0.5
1503.999999999954,4.0431631654956,4.040750621121215,-0.002412544374385206,-0.05966972579721458,26868.84277420595,26873.16332989592,4.320555689970206,0.016080170352993143,1.6204748353038414e6,1.622825499433968e6,2350.6641301265918,0.14506020574431436,0.9694267538819317
1504.999999999954,4.0170844362200375,4.015512607687955,-0.0015718285320822645,-0.039128590823480684,26872.86407369155,26877.17744350277,4.313369811217854,0.01605102381119335,1.5095374289817463e6,1.5119816265545462e6,2444.197572799865,0.16191699032256462,1.8365660174101612
1505.999999999954,4.058973853597891,4.056379808885654,-0.002594044712236787,-0.06390887957894618,26865.48437058218,26869.801073458446,4.316702876265481,0.016067839376059375,1.6295019101221352e6,1.6318273907140899e6,2325.4805919546634,0.14271113016249012,0.5
1506.999999999954,4.043224928228079,4.040794860864243,-0.002430067363835775,-0.06010220571381219,26864.46293151937,26868.775232664055,4.31230114468417,0.016052065346240964,1.6163841808576859e6,1.618750900935105e6,2366.720077419188,0.14642064092481769,0.9663686071945123
1507.9999999999538,4.017210883329928,4.0156145360546525,-0.001596347275275356,-0.03973770164518023,26868.469344117875,26872.774501259555,4.305157141679956,0.016023082991969743,1.5058213962264834e6,1.5082805308035868e6,2459.134577103425,0.1633085160873593,1.8307664533419405
1508.9999999999538,4.0589342338278325,4.056325839654369,-0.0026083941734631466,-0.06426303120963026,26861.12053148056,26865.428949741185,4.308418260625331,0.016039607340937144,1.6252382457873626e6,1.627579849093097e6,2341.603305734461,0.14407754135763945,0.5
1509.9999999999538,4.043286743331734,4.040839204923805,-0.0024475384079289952,-0.060533386902759806,26860.095255265685,26864.39926699609,4.304011730404454,0.016023814098576925,1.6122917240623187e6,1.6146743518512216e6,2382.627788902959,0.1477789505052911,0.963310742222513
1510.9999999999538,4.017337477961351,4.015716680043507,-0.0016207979178437526,-0.04034507747320863,26864.08677231518,26868.383682129617,4.29690981443855,0.015994996780857394,1.5021037421818892e6,1.5045776642288077e6,2473.922046918422,0.16469714956737358,1.8249674998556955
1511.9999999999538,4.058894662475618,4.056271943775536,-0.0026227187000822383,-0.06461657466327492,26856.7688505385,26861.06894973771,4.300099199208489,0.016011230625467696,1.6209729527237096e6,1.623330527985806e6,2357.5752620964777,0.14544198643999953,0.5
1512.9999999999538,4.043348607756991,4.040883650631427,-0.002464957125564382,-0.06096326002747988,26855.739737872922,26860.035425790513,4.29568791759084,0.01599541833335876,1.608197626811918e6,1.610596013635593e6,2398.3868236748967,0.1491350803961479,0.9602532796809939
1513.9999999999536,4.017464214887175,4.015819035257893,-0.001645179629282012,-0.040950697785573545,26859.716351305025,26864.004979597823,4.288628292797512,0.015966766873877065,1.4983846139007567e6,1.5008731735922974e6,2488.559691540664,0.16608283804130747,1.8191693858815208
1514.9999999999536,4.058855140236904,4.05621812227723,-0.0026370179596737486,-0.06496950170830273,26852.429319557305,26856.721065719026,4.291746161721676,0.01598271095195059,1.6167061996961213e6,1.6190795957394748e6,2373.396043353481,0.14680441281165302,0.5
1515.9999999999536,4.043410518423967,4.0409281953951055,-0.0024823230288610887,-0.06139181311297187,26851.396371291972,26855.68370146631,4.287330174338422,0.0159668797669018,1.6041020512328849e6,1.6065160480378203e6,2413.996804935392,0.15048897936886474,0.9571963402775406
1516.9999999999536,4.0175910888319,4.015921597120773,-0.0016694917111275132,-0.04155454535351709,26855.35807363293,26859.638386671315,4.2803130383836105,0.015938394962553483,1.494664158644396e6,1.4971672059113346e6,2503.047266938491,0.16746553079915022,1.813372340321679
1517.9999999999536,4.058815667783996,4.056164376272797,-0.0026512915111993607,-0.0653218014368929,26848.101929861143,26852.38528947995,4.283359618806571,0.01595405004791981,1.6124381556969578e6,1.6148272209227467e6,2389.065225788858,0.14816476634145462,0.5
1518.9999999999534,4.04347247222375,4.040972836463728,-0.002499635760022656,-0.06181903740395579,26847.065146996243,26851.344085968,4.27893897175818,0.015938200128504266,1.6000051596838394e6,1.6024346169928901e6,2429.4573090507183,0.15184059215976395,0.9541400446927832
1519.9999999999534,4.017718094471053,4.01602436110902,-0.0016937333620328232,-0.04215660039373194,26851.011931368233,26855.28389588341,4.2719645151773875,0.01590988274891323,1.4909425238766088e6,1.4934599083754707e6,2517.384498861851,0.16884517401223384,1.8075765920309612
1520.9999999999534,4.0587762457665395,4.056110706726562,-0.0026655390399774603,-0.06567346605415168,26843.786672297138,26848.061612337908,4.274940040770161,0.015925249641407378,1.6081689899357327e6,1.6105735723467506e6,2404.5824110179674,0.14952299329649812,0.5
1521.9999999999534,4.043534466017313,4.041017571159853,-0.0025168948574600947,-0.06224492158067631,26842.74605598177,26847.016570760392,4.270514778621873,0.015909381140497027,1.595907114744547e6,1.598351882720058e6,2444.7679755110294,0.1531898663101303,0.9510845135819623
1522.9999999999534,4.017845226431626,4.016127322521968,-0.0017179039096575366,-0.04275684634032707,26846.677916104065,26850.94149928955,4.263583185485913,0.015881231930481757,1.487219857256358e6,1.4897514284155194e6,2531.5711591613945,0.17022171582832876,1.8017823698182183
1523.9999999999532,4.058736874810425,4.056057114684803,-0.0026797601256216552,-0.06602448516071448,26839.483537235283,26843.75002513402,4.266487898737978,0.01589631146522973,1.6038988718339799e6,1.606318819029261e6,2419.947195281042,0.1508790384342593,0.5
1524.9999999999532,4.043596496636081,4.041062396649563,-0.002534099986517546,-0.06266945746504866,26838.43908876708,26842.70114683368,4.262058066597092,0.015880424537732998,1.5918080792104583e6,1.5942680076105257e6,2459.9284000673797,0.1545367454905438,0.9480298675763736
1525.9999999999532,4.017972479291528,4.016230476709737,-0.0017420025817909135,-0.04335526414800316,26842.356018957147,26846.611188471023,4.255169513875444,0.01585244421492015,1.4834963066332857e6,1.4860419136249549e6,2545.606991669163,0.17159510140246187,1.7959899024267976
1526.9999999999532,4.058697555518488,4.056003601047501,-0.002693954470986526,-0.06637485139348799,26835.19251456836,26839.45051823189,4.258003663529962,0.015867237252791704,1.5996279710193083e6,1.602063130217177e6,2435.1591978687793,0.1522328467610539,0.5
1527.9999999999532,4.0436585608815605,4.041107310169942,-0.0025512507116181027,-0.06309263438557738,26834.14423539322,26838.39780469827,4.253569305048586,0.015851332048213,1.5877082160860323e6,1.5901831543241267e6,2474.938238094328,0.1558811759628899,0.9449762272640649
1528.999999999953,4.01809984758003,4.016333818847789,-0.001766028732240521,-0.04395183791423557,26838.04623056797,26842.292954531218,4.2467239632496785,0.01582352130540989,1.4797720200389996e6,1.4823315118227932e6,2559.49178379355,0.1729652777004186,1.7901994185347074
1529.999999999953,4.058658288469439,4.055950166793381,-0.0027081216760578286,-0.06672455485477909,26830.91359371208,26835.16308151877,4.249487806690013,0.01583802874191319,1.595356457314569e6,1.5978066753487305e6,2450.2180341614876,0.1535843618476268,0.5
1530.999999999953,4.043720655525583,4.0411523088045325,-0.0025683467210502187,-0.06351444473645021,26829.861485423764,26834.106534389746,4.245048965982278,0.01582210541149661,1.5836076885771588e6,1.586097485681399e6,2489.7971042401623,0.1572231002791605,0.9419237132016596
1531.999999999953,4.018227325777129,4.016437344159249,-0.00178998161787991,-0.04454654933027528,26833.74854110052,26837.986788099068,4.2382469985495845,0.015794464914426612,1.4760471456838136e6,1.4786203709815887e6,2573.2252977751195,0.17433218886670535,1.7844111467416355
1532.999999999953,4.058619074218543,4.055896812757556,-0.0027222614609865303,-0.06707358860749163,26826.646763604982,26830.887704404326,4.240940799343662,0.015808687670563572,1.591084500734107e6,1.5935496240781657e6,2465.1233440586366,0.15493352759839335,0.5
1533.999999999953,4.04378277731003,4.041197389705054,-0.0025853876049755087,-0.06393487848759614,26825.59082794479,26829.82732546398,4.2364975191885605,0.015792746360595758,1.5795066600843186e6,1.5820111647568499e6,2504.5046725312714,0.15856246357312437,0.9388724458930671
1534.9999999999527,4.018354908314334,4.016541047695618,-0.0018138606187161344,-0.04513938315809524,26829.46294024247,26833.692679325643,4.229739083173627,0.015765276750394023,1.4723218319472198e6,1.4749086392846955e6,2586.8073374757078,0.17569578072849226,1.7786253155560412
1535.9999999999527,4.058579913296614,4.055843539850784,-0.0027363734458303313,-0.0674219432483144,26822.392012708613,26826.624375821935,4.232363113322208,0.015779215781041783,1.5868122714734192e6,1.5892921462359084e6,2479.8747624892276,0.15628028640001404,0.5
1536.9999999999527,4.043844922947079,4.0412425498726545,-0.0026023730744242357,-0.0643539286003993,26821.332251565025,26825.560167001993,4.227915436968033,0.01576325663957775,1.5754052941950075e6,1.5779243547718464e6,2519.060576838907,0.1598992072783457,0.9358225458012022
1537.9999999999527,4.018482589573698,4.016644924553074,-0.0018376650206235468,-0.04573032182325558,26825.189417205143,26829.41061788749,4.2212006823465344,0.015735958530228085,1.4685962273735688e6,1.4711964650571132e6,2600.237683544401,0.17705599640512867,1.7728421533952237
1538.9999999999527,4.058540806210671,4.055790348842847,-0.0027504573678243105,-0.06776961226102156,26818.149329007494,26822.37308422742,4.223755219925806,0.015749614815356545,1.5825399399050786e6,1.585034411853979e6,2494.471948900493,0.1576245809663491,0.5
1539.9999999999525,4.043907089118901,4.041287786373895,-0.002619302745005214,-0.06477158567893597,26817.085744415766,26821.305047605132,4.219303189365746,0.015733637985791762,1.5713037546792566e6,1.5738372191873067e6,2533.4645080501214,0.16123327526619868,0.9327741333288417
1540.9999999999525,4.018610363888838,4.016748969659012,-0.0018613942298255637,-0.046319350752489455,26820.927960723497,26825.14059298323,4.212632259732345,0.01570651196670493,1.464870480665067e6,1.4674839968231553e6,2613.516158088343,0.17841278069183145,1.7670618885659395
1541.9999999999525,4.058501753442973,4.055737240576192,-0.0027645128667810326,-0.06811658672897694,26813.9187000093,26818.133817600392,4.215117591091257,0.015719886519570132,1.5782676765674157e6,1.5807765911272229e6,2508.9145598071627,0.15896635260653735,0.5
1542.9999999999525,4.043969272478218,4.041333096127958,-0.0026361763502604774,-0.06518784324602397,26812.851294151154,26817.061955399953,4.210661248798715,0.015703892147110855,1.5672022054774133e6,1.5697499215984643e6,2547.716121050995,0.16256460794571748,0.9297273288200609
1543.9999999999525,4.0187382255439195,4.016853177982786,-0.0018850475611333906,-0.046906453103903206,26816.678559056298,26820.88259333708,4.204034280781343,0.015676938780927414,1.4611447406749341e6,1.463771383233713e6,2626.642558778869,0.17976607557479668,1.7612847492657218
1544.9999999999523,4.0584627554516555,4.05568421575489,-0.0027785396967656695,-0.06846286055066811,26809.700112744944,26813.906563443168,4.2064506982242165,0.015690032639434602,1.5739956521608513e6,1.5765188544346478e6,2523.2022737965453,0.16030554279693093,0.5
1545.9999999999523,4.044031469647399,4.041378476116461,-0.0026529935309378416,-0.06560269253219134,26808.62888794814,26812.8308780336,4.201990085461148,0.01567402086479014,1.563100810698514e6,1.5656626258234074e6,2561.815124893328,0.1638931479888691,0.9266822525615508
1546.9999999999523,4.018866168774727,4.016957544327764,-0.0019086244469628255,-0.04749161496822691,26812.441199986122,26816.636607195403,4.195407209281257,0.0156472406894581,1.4574191564016186e6,1.4600587731272632e6,2639.6167256445624,0.1811158247817876,1.7555109635635717
1547.9999999999523,4.058423812669821,4.055631275152784,-0.002792537517036564,-0.06880842528862215,26805.493553768734,26809.691308781872,4.197755013137794,0.015660054923881856,1.5697240375372255e6,1.5722613723076608e6,2537.3347704352345,0.16164209184285122,0.5
1548.9999999999523,4.044093677219665,4.041423923176803,-0.0026697540428619604,-0.0660161276159515,26804.418512506723,26808.611802678402,4.193290171679109,0.015644025889696336,1.5589997346084735e6,1.5615754958047646e6,2575.761196291074,0.16521883481512906,0.9236390247636557
1549.999999999952,4.018994187767715,4.017062063536709,-0.0019321242310059716,-0.04807482023454078,26808.2158708195,26812.402622330213,4.186751510715112,0.015617419416830172,1.4536938769811443e6,1.4563463154576998e6,2652.438476555515,0.18246196937031742,1.7497407593999479
1550.999999999952,4.058384925506153,4.055578419407906,-0.0028065060982465084,-0.06915327525016586,26801.29900915852,26805.48804016573,4.189031007208541,0.015629955121865807,1.565453003694505e6,1.568004315443261e6,2551.3117487560958,0.1629759400464237,0.5
1551.999999999952,4.044155891757884,4.041469434206282,-0.0026864575516025724,-0.06642814034636144,26800.220154050025,26804.404716027697,4.184561977672274,0.01561390896648999,1.5548991416261725e6,1.557488695689447e6,2589.554063274525,0.16654160993145006,0.9205977655718376
1552.999999999952,4.019122276660892,4.017166730289044,-0.001955546371847916,-0.048656055656823516,26804.002558387045,26808.180626035915,4.178067648870638,0.01558747668289305,1.4499690516820557e6,1.4526341593516793e6,2665.1076696235687,0.18380445200067375,1.7439743645738983
1553.999999999952,4.058346094344046,4.055525649225278,-0.002820445118767445,-0.06949740246890689,26797.116464515857,26801.29674366796,4.180279152104049,0.015599734985066328,1.5611827217689625e6,1.5637478546780578e6,2565.1329090953805,0.16430702654644108,0.5
1554.9999999999518,4.04421810979579,4.041515005960772,-0.0027031038350182612,-0.06683872535140674,26796.033798324504,26800.209604300126,4.175805975621188,0.015583671848787905,1.5507991963153158e6,1.553402389737423e6,2603.193422107259,0.16786141160586243,0.9175585950477784
1555.9999999999518,4.019250429543291,4.0172715393013245,-0.0019788902419666243,-0.04923530585257625,26799.801249043594,26803.970605132698,4.16935608910353,0.015557414214974159,1.4462448298975218e6,1.4489224540397085e6,2677.624142186716,0.18514321274195655,1.7382120067302762
1556.9999999999518,4.058307319542212,4.055472965176625,-0.0028343543655875436,-0.06984080165489454,26792.94590496628,26797.117404885186,4.171499918906193,0.015569396264607743,1.5569133630266255e6,1.5594921609991845e6,2578.7979725589976,0.165635290556299,0.5
1557.9999999999518,4.044280327837133,4.0415606352539415,-0.002719692583191602,-0.06724787509094564,26791.859430600198,26796.026453235732,4.167022635534522,0.01555331628373347,1.5467000633754705e6,1.5493167423968974e6,2616.679021426942,0.16917818026827922,0.9145216331707309
1558.9999999999518,4.019378640455492,4.017376485129396,-0.0020021553260960445,-0.04981255823833388,26795.611928668444,26799.772545963544,4.160617295099655,0.015527233735790295,1.4425213611385722e6,1.4452113489089282e6,2689.987770356005,0.1864781931709362,1.7324539133596355
1559.9999999999518,4.058268601433851,4.055420367897987,-0.00284823353586372,-0.07018346530481974,26788.78731515955,26792.950008938475,4.162693778926041,0.015538940714089018,1.552645098854722e6,1.5552374055171746e6,2592.30666245264,0.1669606701727783,0.5
1560.9999999999516,4.044342542356236,4.041606318760488,-0.0027362235957477665,-0.06765558473574895,26787.697035670957,26791.85524810017,4.158212429214473,0.015522844026783363,1.5426019076359577e6,1.5452319182164243e6,2630.0105804665945,0.1704918532414558,0.9114869998387493
1561.9999999999516,4.019506903389323,4.01748156236393,-0.0020253410253934234,-0.05038779815717242,26791.434582665453,26795.586434397344,4.151851731890929,0.01549693697468986,1.4387987950291305e6,1.441500993441779e6,2702.198412648402,0.1878093324781866,1.7267003117791189
1562.9999999999516,4.05822994032723,4.055367857894575,-0.0028620824326548444,-0.07052538852502932,26784.640679269807,26788.794540472634,4.153861202827102,0.015508370086301054,1.548378100756957e6,1.550983759480136e6,2605.658723179018,0.1682831035846598,0.5
1563.9999999999516,4.044404749797827,4.041652053210894,-0.002752696586932224,-0.06806184734774201,26783.54659785459,26787.695973680977,4.149375826385949,0.015492256827250509,1.5385048940484405e6,1.5411480819163409e6,2643.1878679003567,0.1718023698283494,0.9084548148499747
1564.9999999999516,4.019635212288355,4.017586765437632,-0.002048446850722918,-0.05096101368752687,26787.269195963334,26791.41225582627,4.143059862937662,0.015466525656754866,1.4350772812974607e6,1.4377915372612062e6,2714.255963745527,0.18913657118810734,1.72095142913358
1565.9999999999513,4.058191336504904,4.055315435733337,-0.002875900771567075,-0.07086656426712323,26780.505980995906,26784.65098365742,4.14500266151299,0.01547768613652925,1.5441125403437393e6,1.546731394242634e6,2618.8538988947403,0.16960252769605444,0.5
1566.9999999999513,4.044466946577292,4.041697835199409,-0.002769111377882716,-0.06846665863411568,26779.40810099323,26783.548614291623,4.1405132983927615,0.015461556442090265,1.5344091876801625e6,1.5370653983046282e6,2656.210624465719,0.1731096662997425,0.9054251979138521
1567.9999999999513,4.019763561047628,4.017692088815819,-0.002071472231809146,-0.05153219089506051,26783.115753015893,26787.2499951687,4.1342421528061095,0.015436001512783576,1.4313569697697326e6,1.4340831300727488e6,2726.160303016193,0.19045984758468465,1.7152074923765548
1568.9999999999513,4.058152790224291,4.055263101852826,-0.0028896883714653043,-0.07120698802731855,26776.383203561763,26780.519322186792,4.136118625028757,0.015446890618440866,1.5398485893243607e6,1.5424804812820659e6,2631.891957705142,0.17091887968413422,0.5
1569.9999999999513,4.044529129080592,4.041743661373909,-0.00278546770668342,-0.06887001225076146,26775.28152845364,26779.413153768026,4.131625314385019,0.01543074462165565,1.5303149537049078e6,1.532984032344923e6,2669.0786400150973,0.17441368089315415,0.9023982686305106
1570.9999999999511,4.0198919435142,4.017797526808614,-0.0020944167055860774,-0.05210131851840606,26778.974237802264,26783.099636866766,4.125399064501835,0.015405366269325796,1.4276380103645648e6,1.4303759217092558e6,2737.911344690947,0.19177910120169664,1.7094687282700871
1571.9999999999511,4.058114301716912,4.055210856750839,-0.0029034449660727546,-0.07154665320403523,26772.27232971661,26776.399539280206,4.127209563597717,0.015415985287945126,1.5355864194996648e6,1.5382311921679492e6,2644.772668284364,0.1722320954848052,0.5
1572.9999999999511,4.0445912936645,4.041789528248813,-0.0028017654156871075,-0.06927190443385042,26771.166863127473,26775.289575472536,4.1227123450626095,0.015399823123664114,1.52622235739567e6,1.5289041490751454e6,2681.7916794754565,0.17571434899247826,0.8993741465018823
1573.9999999999511,4.020020353486757,4.01790307375651,-0.0021172797302471125,-0.05266838334315134,26774.844633827248,26778.96116488926,4.116531062012655,0.015374621658165827,1.4239205530841458e6,1.4266700620737881e6,2749.508989642374,0.1930942694581566,1.7037353633719967
1574.9999999999511,4.0580758711889615,4.055158700799177,-0.0029171703897841184,-0.07188555567664699,26768.173341735328,26772.29161768193,4.118275946602807,0.015384971899378127,1.531326202755696e6,1.5339836985765884e6,2657.495820892509,0.17354211115242565,0.5
1575.999999999951,4.044653436656499,4.041835432390035,-0.002818004266464058,-0.06967232942443527,26767.06408743162,26771.177862290588,4.1137748589681,0.015368793699342274,1.5221315641191935e6,1.5248259136729897e6,2694.34955379623,0.17701160775516533,0.8963529509131539
1576.999999999951,4.020148784716472,4.018008723847737,-0.00214006086873475,-0.05323337476639391,26770.726924121536,26774.834562729302,4.1076386077656935,0.015343769406816298,1.4202047480096745e6,1.4229657011818122e6,2760.953172137728,0.194405290927736,1.698007624023231
1577.999999999951,4.058037498820581,4.055106634426484,-0.0029308643940968437,-0.07222368928204,26764.086221418915,26768.19553966233,4.109318243416055,0.015353852208589236,1.5270681110526193e6,1.5297381722613408e6,2670.061208721483,0.17484886164514235,0.5
1578.999999999951,4.044715554355348,4.041881370233029,-0.002834184122319172,-0.07007128398107806,26762.97318330861,26767.077996634598,4.10481332598647,0.015337658106486234,1.5180427393261197e6,1.5207494913763423e6,2706.752050222596,0.1783053915480773,0.8933348011340041
1579.999999999951,4.020277230906356,4.018114471298778,-0.0021627596075779465,-0.05379628029011224,26766.621091242177,26770.719813407173,4.098722164995706,0.015312811247351557,1.4164907452923155e6,1.4192629891065427e6,2772.2438142271712,0.19571210213979018,1.6922857363476045
1580.999999999951,4.0579991847664365,4.055054657937769,-0.0029445268286671933,-0.07256105027622546,26760.01095009482,26764.111287017327,4.1003369225072674,0.015322627969600058,1.5228123164186126e6,1.52549478506565e6,2682.4686470374,0.17615228207150935,0.5
1581.9999999999507,4.044777643030351,4.041927338262404,-0.0028503047679464544,-0.07046876292094524,26758.894132227008,26762.98996044078,4.09582821377262,0.015306418096104425,1.5139560485432476e6,1.5166750475474691e6,2718.9990042215213,0.1795956366657926,0.8903198163197252
1582.9999999999507,4.020405685712288,4.018220310176603,-0.002185375535685097,-0.054357089968593994,26762.527117272803,26766.61689946814,4.089782195336738,0.01528174890740102,1.412778695148234e6,1.41556207601959e6,2783.3808713559993,0.19701464078660647,1.6865699262329803
1583.9999999999507,4.057960929154993,4.055002771692567,-0.0029581574624266693,-0.07289763292626524,26755.94750861729,26760.0388410696,4.091332452309871,0.015291300937827655,1.5185589909435965e6,1.5212537088960856e6,2694.7179524891544,0.17745230633514744,0.5
1584.9999999999507,4.044839698922566,4.041973332835267,-0.002866366087298289,-0.07086476351737277,26754.826915181777,26758.913735173024,4.0868199912474665,0.015275075425468135,1.5098716573677517e6,1.5126027475933526e6,2731.0902256008703,0.18088227646859342,0.8873081154928617
1585.9999999999507,4.020534142742348,4.018326234574559,-0.002207908167789263,-0.05491579201671151,26758.44498382411,26762.525802985278,4.08081916116862,0.015250584118903539,1.4090687478496337e6,1.4118631121369563e6,2794.36428732262,0.19831284254846135,1.680860419332212
1586.9999999999504,4.0579227320891045,4.054950975929101,-0.002971756160003558,-0.07323343385776188,26751.89587736794,26755.978182668146,4.082305300205917,0.015259872866279882,1.51430830676799e6,1.5170151157334214e6,2706.8089654312935,0.1787488685978666,0.5
1587.9999999999504,4.044901718243802,4.042019350355947,-0.0028823678878548975,-0.07125928115520078,26750.771512694715,26754.84930181982,4.0777891251054825,0.015243631845049205,1.5057897314582216e6,1.50853275703118e6,2743.0255729584023,0.18216524629252384,0.884299817554086
1588.9999999999504,4.020662595557868,4.018432238439188,-0.0022303571186794713,-0.05547237714359886,26754.374672034195,26758.44650555733,4.071833523135865,0.015219318608825756,1.4053610537201972e6,1.4081662477595168e6,2805.194039319642,0.1996066442779157,1.6751574410444061
1589.9999999999504,4.057884593645321,4.054899270937888,-0.0029853227074330135,-0.07356844775990062,26747.856036256122,26751.92929218956,4.0732559334392135,0.015228345508955956,1.510060436077012e6,1.5127791776059165e6,2718.741528904531,0.18004190189682429,0.5
1590.9999999999504,4.044963697177857,4.042065387103952,-0.002898310073905286,-0.07165231361476536,26746.72790481497,26750.79664089802,4.0687360830524995,0.015212089110608711,1.5017104365270047e6,1.504465241409092e6,2754.804882087279,0.18344447871443825,0.8812950412619822
1591.9999999999502,4.020791037672848,4.018538315741685,-0.002252721931163215,-0.056026834273562365,26750.316162569034,26754.378988311597,4.062825742563291,0.015187954108177191,1.4016557631253097e6,1.404471633219017e6,2815.870093707228,0.20089598086684324,1.6694612165146079
1592.9999999999502,4.0578465138744635,4.054847656890425,-0.002998856984038234,-0.0739026716211329,26743.82796471944,26747.892149537653,4.064184818213107,0.015196720617462075,1.505815551091802e6,1.508546066599173e6,2730.515507370932,0.18133133937892676,0.5
1593.9999999999502,4.045025631879579,4.042111439404229,-0.0029141924753499637,-0.07204385683943967,26742.696071119444,26746.755732450063,4.059661330618837,0.015180448971272704,1.4976339383329595e6,1.5004003663666176e6,2766.4280336580705,0.18471990803957247,0.8782939052438274
1594.9999999999502,4.020919462554833,4.018644460309006,-0.0022750022458266628,-0.0565791547682768,26746.269435622882,26750.323231901883,4.05379627900038,0.015156492342820719,1.3979530264684774e6,1.400779418917008e6,2826.3924485305324,0.20218078826801447,1.663771970621218
1595.9999999999502,4.057808492800953,4.05479613400835,-0.003012358792602754,-0.07423610054410025,26739.811641724227,26743.866734144653,4.055092420425353,0.015164999943746328,1.5015738240625784e6,1.504315954832027e6,2742.1307694485877,0.18261711315862075,0.5
1596.99999999995,4.045087518476018,4.042157503459491,-0.002930015016526788,-0.07243390910935513,26738.675990713324,26742.72655604756,4.050565334237035,0.015148713181026044,1.4935604026735516e6,1.4963382975624276e6,2777.894888876006,0.18599146602329764,0.875296527977403
1597.99999999995,4.021047863624721,4.018750665991306,-0.00229719763341496,-0.05712932825783827,26742.234470918767,26746.27921651129,4.044745592524123,0.015124935042068532,1.3942529941808179e6,1.3970897552745074e6,2836.7610936895944,0.20346100065980569,1.6580899279634986
1598.99999999995,4.057770530423393,4.054744702396526,-0.0030258280268666837,-0.07456873187333649,26735.807045766145,26739.853024971017,4.045979204871401,0.015133185237107395,1.4973354272580482e6,1.5000890144645274e6,2753.587206479162,0.18389915555004185,0.5
1599.99999999995,4.045149353065829,4.042203575516453,-0.002945777549376416,-0.07282246691692121,26734.66764223066,26738.70909078871,4.041448558051343,0.0151168834867705,1.4894899953758141e6,1.4922792007292334e6,2789.2053534192964,0.1872590861354225,0.8723030277921265
1600.99999999995,4.021176234257292,4.018856926497065,-0.0023193077602270407,-0.05767734675412491,26738.211247709016,26742.24692185045,4.035674141432537,0.015093283930047198,1.3905558167162559e6,1.3934027927661294e6,2846.9760498735122,0.20473655322923584,1.65241531286118
1601.99999999995,4.057732626713933,4.0546933622078996,-0.0030392645060333123,-0.0749005611169259,26731.814154870677,26735.851000506642,4.03684563596471,0.015101278246875644,1.4931005329597893e6,1.495865417672445e6,2764.8847126557957,0.18517739774527672,0.5
1602.9999999999498,4.045211131719809,4.04224965170184,-0.0029614800179693646,-0.07320952903415699,26730.671003834817,26734.703315301816,4.03231146699909,0.015084961639835415,1.4854228822908094e6,1.4882232416044709e6,2800.3593136614654,0.18852269929642995,0.869313522870075
1603.9999999999498,4.021304567781229,4.018963235556443,-0.0023413322247858304,-0.05822320058879971,26734.199744775702,26738.226327160104,4.026582384401991,0.015061540733751906,1.3868616445439477e6,1.3897186818731662e6,2857.037329218583,0.20600737935600522,1.6467483493359425
1604.9999999999498,4.057694781618819,4.0546421134808455,-0.0030526681379736686,-0.07523158596851894,26727.832946593706,26731.860638770624,4.027692176918208,0.015069280719339098,1.4888693134535328e6,1.491645336658837e6,2776.0232053042855,0.18645177116755215,0.5
1605.9999999999498,4.045272850480941,4.042295728185014,-0.0029771222959276145,-0.07359509249354257,26726.68605321918,26730.709207742868,4.0231545236893,0.015052949384290458,1.4813592292833645e6,1.4841705859832435e6,2811.3566998790484,0.18978223811648276,0.8663281312279818
1606.9999999999498,4.021432857479629,4.019069586760619,-0.0023632707190106572,-0.05876688242140141,26730.199940431303,26734.21741120955,4.0174707782462065,0.015029707174653415,1.3831706281402176e6,1.3860375731161707e6,2866.9449759530835,0.20727341353451945,1.6410892611122019
1607.9999999999495,4.0576569950577905,4.054590956299834,-0.003066038757956413,-0.07556180233299256,26723.86339802216,26727.88191731261,4.018519290450058,0.01503719440037053,1.484641941019389e6,1.4874289436261086e6,2787.0026067194995,0.18772220625842484,0.5
1608.9999999999495,4.045334505364623,4.042341801017884,-0.002992704346738151,-0.07397915655107008,26722.71276760757,26726.72674579896,4.013978191389469,0.015020848468105707,1.47729920222637e6,1.4801213996509628e6,2822.197424592683,0.1910376327516781,0.8633469707277862
1609.9999999999495,4.021561096590053,4.019175973721005,-0.0023851228690476844,-0.05930838328106141,26726.211812519097,26730.22015229916,4.00833978006267,0.014997784976713694,1.3794829179830186e6,1.382359617009424e6,2876.6990264053456,0.20853458849722106,1.6354382715986804
1610.9999999999495,4.057619266924645,4.054539890636943,-0.0030793762877019404,-0.07589120824625482,26719.905485774576,26723.9148132126,4.00932743802332,0.015005021032570072,1.4804185879265552e6,1.483216410787172e6,2797.822860616725,0.18898863358202628,0.5
1611.9999999999495,4.0453960923588,4.042387866293469,-0.003008226065331243,-0.0743617187699709,26718.751123755035,26722.75590668602,4.00478293098422,0.014988660631760062,1.473242966990926e6,1.4760758484353134e6,2832.8814443873707,0.1922888150739646,0.8603701590568242
1612.9999999999493,4.021689278305088,4.0192823899127506,-0.0024068883923371587,-0.059847696472252694,26722.23533841394,26726.234528258992,3.999189845053479,0.014965775858221468,1.3757986645436252e6,1.3786849640911545e6,2886.2995475293137,0.20979083799930465,1.6297956038879657
1613.9999999999493,4.057581597086649,4.054488916508424,-0.0030926805782254263,-0.07621980000219777,26715.959186001826,26719.959303082327,4.000117080500786,0.014972762357702282,1.476199426421828e6,1.4790079103381608e6,2808.4839163327124,0.19025098276458619,0.5
1614.9999999999493,4.045457607424191,4.0424339199899,-0.0030236874342906006,-0.07474277888220986,26714.80109794839,26718.796667152303,3.9955692039111455,0.014956387619213798,1.4691906894399861e6,1.4720340981378343e6,2843.4086978482082,0.1935357144777466,0.8573978137382869
1615.9999999999493,4.02181739577225,4.019388828829771,-0.002428566942478838,-0.06038481371709608,26718.2704950227,26722.26051645128,3.9900214285771654,0.014933681539456154,1.3721180182801157e6,1.375013764879308e6,2895.7465991922654,0.21104209409201882,1.624161480744098
1616.9999999999493,4.057543985385088,4.054438033820284,-0.003105951564804421,-0.07654757597186332,26712.024474387646,26716.015363065046,3.990888677399198,0.01494042011389212,1.4719846287255324e6,1.4748036144710553e6,2818.985745522892,0.1915091836226316,0.5
1617.999999999949,4.045519046494381,4.042479958124902,-0.0030390883694790816,-0.07512233497238344,26710.862666006913,26714.849003476083,3.986337469170394,0.014924031166704073,1.4651425354194802e6,1.4679963145863728e6,2853.7791668926366,0.19477826203957557,0.8544300521133927
1618.999999999949,4.021945442094905,4.019495283832584,-0.0024501582623210894,-0.06091972896193437,26714.317258785006,26718.298093769063,3.9808349840568553,0.01490150373484749,1.3684411296300427e6,1.3713461699024201e6,2905.0402723774314,0.2122882898998225,1.6185361245902454
1619.999999999949,4.057506431634709,4.054387242520857,-0.0031191891138524497,-0.07687453282965652,26708.1013261495,26712.082968837105,3.9816426876059268,0.014907996038294045,1.4677743670185702e6,1.4706036953430537e6,2829.3283244834747,0.19276316497000648,0.5
1620.999999999949,4.045580405476357,4.042525976604106,-0.00305442887225027,-0.07550038724024863,26706.935803283035,26710.912891469205,3.977088186169567,0.014891593013379958,1.4610986707506587e6,1.463962663568458e6,2863.992817799328,0.19601638651330192,0.8514669913424306
1621.999999999949,4.022073410331876,4.01960174829911,-0.002471662032765387,-0.06145243461783163,26710.37560567391,26714.34723663879,3.971630964879296,0.014869244160069496,1.3647681490019623e6,1.3676823296539197e6,2914.180651957402,0.2135293569159352,1.6129197575081953
1622.9999999999488,4.057468935624275,4.054336542450342,-0.0031323931739333233,-0.07720066927515193,26704.189716039244,26708.162095607702,3.972379568458564,0.014875491863633098,1.4635688134368814e6,1.466408325090259e6,2839.5116533776745,0.19401285592507828,0.5
1623.9999999999488,4.045641680250015,4.042571971370993,-0.003069708879022137,-0.07587693428233697,26703.0204846631,26706.988306474923,3.967821811824251,0.01485907489043486,1.4570592612209695e6,1.4599333108801716e6,2874.049659202108,0.1972500182864042,0.8485087484056903
1624.9999999999488,4.022201293498519,4.019708215476578,-0.0024930780219403204,-0.06198292526955647,26706.445511196485,26710.40792101899,3.962409822503105,0.014836904524946582,1.3610992267704643e6,1.364022394623164e6,2923.1678526997566,0.21476522763411426,1.6073126012201528
1625.9999999999488,4.057431497116007,4.054285933489488,-0.003145563626519632,-0.07752598235498186,26700.28961834374,26704.252718120384,3.963099776643503,0.014842909321555667,1.459368140063462e6,1.4622176758005554e6,2849.535737093305,0.19525818461196434,0.5
1626.9999999999488,4.0457028666693065,4.042617938259706,-0.003084928409600174,-0.07625197675824111,26699.116684567976,26703.0752233713,3.958538803322881,0.01482647853144485,1.453024472578436e6,1.4559084222634288e6,2883.9496849928983,0.19847908548128185,0.8455554400858265
1627.9999999999488,4.022329084566346,4.019814678628479,-0.0025144059378670036,-0.06251119401231404,26702.526950394596,26706.480122402827,3.9531720082304673,0.014804486540072754,1.35743451326705e6,1.3603665152516149e6,2932.0019845648203,0.21599583301504013,1.6017148770893892
1628.9999999999486,4.057394115846162,4.0542354154129825,-0.003158700433179895,-0.07785047109038738,26696.40100688578,26700.354810653036,3.953803767257341,0.014810250139101297,1.4551725189187524e6,1.4580319195223197e6,2859.40060356725,0.1964990794144389,0.5
1629.9999999999486,4.045763960561454,4.042663873140878,-0.003100087420576436,-0.07662551376690346,26695.224376953953,26699.173616569293,3.9492396153400477,0.014793805661919948,1.4489944705213155e6,1.4518881634511848e6,2893.692929869285,0.19970351776623407,0.8426071829780933
1630.9999999999486,4.02245677646411,4.01992113089028,-0.0025356455738299033,-0.06303723606593557,26698.619897845587,26702.563815816924,3.943917971337214,0.014771991909797047,1.3537741587745943e6,1.3567148419609421e6,2940.683186347829,0.21722110495960928,1.596126806102134
1631.9999999999486,4.057356791524486,4.054184988034358,-0.0031718034901286885,-0.07817413289248674,26692.523855024818,26696.46834701933,3.9444919945126458,0.014777516041331935,1.450982121953388e6,1.453851228240073e6,2869.1062866849825,0.19773546781006796,0.5
1632.9999999999486,4.0458249577281675,4.0427097717782905,-0.0031151859498770307,-0.07699754641946463,26691.34353531345,26695.28346001611,3.93992470266312,0.014761058009127496,1.444969420690767e6,1.4478727001074057e6,2903.2794166386593,0.20092324273898807,0.8396640934709474
1633.9999999999484,4.022584362077497,4.020027565412699,-0.0025567966647983553,-0.06356104520522414,26694.724327663098,26698.658975823964,3.9346481608663453,0.014739422338926214,1.350118313517162e6,1.3530675251107481e6,2949.21159358602,0.21844097395457862,1.5905486088670313
1634.9999999999484,4.05731952383477,4.054134651063133,-0.0031848727716372593,-0.07849696709681572,26688.658135657737,26692.593300568824,3.9351649110867584,0.014744708748879093,1.4467971210383438e6,1.4496757738810733e6,2878.6528427295852,0.19896727750353974,0.5
1635.9999999999484,4.045885853944878,4.0427556299709915,-0.0031302239738861815,-0.07736807430773425,26687.474132675812,26691.404727193356,3.9305945175437955,0.014728237292158062,1.4409494886634382e6,1.4438621978702357e6,2912.7092067974154,0.20213818941697376,0.836726287756196
1636.9999999999484,4.022711834250042,4.020133975220968,-0.0025778590290732595,-0.06408261728133087,26690.8402134977,26694.765576521466,3.925363023765385,0.01470677952573523,1.3464671276575674e6,1.3494247150270771e6,2957.58736950974,0.21965537136097923,1.5849805056029087
1637.9999999999484,4.05728231243436,4.0540844042460185,-0.003197908188341536,-0.07881897147114711,26684.803821219706,26688.729644188337,3.9258229686311097,0.014711829979837821,1.4426176879593134e6,1.4455057282940594e6,2888.0403347460087,0.20019443535531234,0.5
1638.9999999999482,4.045946644961886,4.042801443413568,-0.0031452015483184326,-0.07773709898609057,26683.616141608174,26687.53739112037,3.9212495121973916,0.014695345231274432,1.436934839942589e6,1.439856822294494e6,2921.982351904968,0.20334828488268208,0.8337938818115388
1639.9999999999482,4.022839185783201,4.020240353354816,-0.0025988324283847675,-0.06460194674371018,26686.967528537873,26690.8835915445,3.916063006628974,0.014674065168480863,1.3428207512840119e6,1.3457865619588378e6,2965.810674825916,0.22086422718668844,1.5794227161266399
1640.9999999999482,4.057245156954669,4.054034247227722,-0.003210909726946376,-0.07914014565874682,26680.960883685115,26684.877350302235,3.9164666171200224,0.014678881447312737,1.4384439944044934e6,1.4413412632526702e6,2897.2688481768128,0.20141686846669782,0.5
1641.9999999999482,4.0460073265039425,4.042847207834967,-0.0031601186689753646,-0.07810462052983842,26679.76953421633,26683.681424352602,3.911890136270813,0.014662383538410567,1.4329256399494554e6,1.4358567388905264e6,2931.098941070959,0.2045534575802796,0.8308669914015281
1642.9999999999482,4.022966409436941,4.020346692731023,-0.002619716705917874,-0.0651190300712586,26683.10624551072,26687.012994064593,3.9067485538726032,0.014641280958546164,1.339179334406831e6,1.342153216105986e6,2973.881699154852,0.22206747242497488,1.5738754598525375
1643.999999999948,4.057208057000746,4.053984179688575,-0.0032238773121706643,-0.07946048777577078,26677.129294568338,26681.036390873818,3.9070963054800814,0.014645864861762302,1.434276211959285e6,1.4371825504350828e6,2906.338475797791,0.2026345031427108,0.5
1644.999999999948,4.046067894270763,4.042892918861743,-0.003174975409019787,-0.07847064092808616,26675.93428214555,26679.836798984754,3.9025168392035994,0.014629353926005095,1.4289220540170618e6,1.4318621130712617e6,2940.059054199839,0.20575363407224265,0.8279457320784191
1645.999999999948,4.023093497929981,4.020452986280031,-0.0026405116499503833,-0.06563386238249289,26679.256336682753,26683.153756792217,3.897420109464292,0.01460842858691499,1.335543026951729e6,1.338524827579938e6,2981.800628209021,0.22326503662070282,1.5683389557744876
1646.999999999948,4.0571710121517555,4.053934201208874,-0.0032368109428810854,-0.07977999776658207,26673.309024924692,26677.20673740553,3.897712480837072,0.014612781928162271,1.430114512096931e6,1.4330297614294682e6,2915.249332537176,0.20384726592716268,0.5
1647.999999999948,4.046128343937248,4.042938572153953,-0.003189771783294937,-0.07883516073024517,26672.110356581554,26676.003486649355,3.893130067801394,0.01459625809789263,1.4249242473785712e6,1.4278731101889461e6,2948.862810374936,0.20694874241911107,0.8250302191649077
1648.999999999948,4.023220443940412,4.02055922681201,-0.0026612171284021713,-0.06614644078005652,26675.41777386095,26679.305851976053,3.888078115101962,0.014575509737327757,1.3319119787480526e6,1.3349015464258085e6,2989.56767775584,0.2244568504118359,1.5628134224664767
1649.9999999999477,4.057134021960577,4.053884311403021,-0.0032497105575561847,-0.080098674087818,26669.500045351353,26673.388360940524,3.8883155891708157,0.014579634348445806,1.4259590661696347e6,1.428883067710861e6,2924.001541226404,0.20505508261753702,0.5
1650.9999999999477,4.046188671153698,4.0429841632716235,-0.003204507882074381,-0.07919818235170614,26668.297728251324,26672.18145851994,3.8837302686151816,0.014563097758207917,1.4209323851641081e6,1.4238898954812225e6,2957.5103171144146,0.20813870863903508,0.8221205677640586
1651.9999999999477,4.023347240105939,4.0206654071500125,-0.0026818329559263887,-0.0666567610469479,26671.590528393415,26675.469251405368,3.8787230119523883,0.014542526092785012,1.3282863395264281e6,1.3312835225857564e6,2997.1830593282357,0.22564284297291026,1.5572990780648215
1652.9999999999477,4.0570970859542905,4.053834509787333,-0.003262576166957132,-0.08041651697841301,26665.70232598829,26669.58123206291,3.8789060746166797,0.01454642381887055,1.421810045401394e6,1.4247426406471853e6,2932.5952457913663,0.20625787919253727,0.5
1653.9999999999477,4.046248871546102,4.043029687807248,-0.0032191837388539923,-0.07955970680626764,26664.496367424203,26668.370685309663,3.8743178854601865,0.014529874602069772,1.4169466323872397e6,1.4199126341086794e6,2966.0017214396503,0.20932346029452056,0.8192168927403328
1654.9999999999475,4.023473879024525,4.020771519999518,-0.0027023590250072616,-0.06716482090502443,26667.7745711705,26671.64392640937,3.869355238872231,0.014509479328864738,1.3246662589078462e6,1.327670905920894e6,3004.64701304771,0.22682294448451984,1.551796140267537
1655.9999999999475,4.057060203633772,4.053784795910774,-0.0032754077229979472,-0.08073352522755949,26661.915836519325,26665.78532089936,3.8694843800331,0.014513152032131894,1.417667620877003e6,1.420608651476122e6,2941.030599118909,0.20745558097034883,0.5
1656.9999999999475,4.046308940716362,4.043075141255673,-0.0032337994606894682,-0.0799197369273774,26660.706243912737,26664.571137274495,3.8648933617587318,0.014496590324351131,1.412967153940169e6,1.4159414911017446e6,2974.337161575677,0.21050292310628074,0.8163193087294304
1657.9999999999475,4.023600353254527,4.020877558078084,-0.002722795176443249,-0.06767061679574837,26663.969872625556,26667.829847859564,3.8599752340087434,0.014476371119709258,1.321051886398124e6,1.3240638461768345e6,3011.9597787105013,0.2279970839694021,1.54630482632231
1658.9999999999475,4.057023374474198,4.053735169226135,-0.0032882052480633917,-0.08104969936214755,26658.140546172956,26662.000597119306,3.860050946350384,0.0144798206749065,1.4135319635372492e6,1.4164812713133376e6,2949.3077760883607,0.2086481135317207,0.5
1659.9999999999472,4.046368874242538,4.04312051914319,-0.003248355099348288,-0.08027827418369922,26656.927327073678,26660.78278421188,3.855457138201018,0.014463246610892341,1.408994114585262e6,1.4119766313981519e6,2982.5168128898367,0.21167702419876622,0.8134279301212126
1660.9999999999472,4.023726655315675,4.02098351398854,-0.00274314132713549,-0.06817414705622643,26660.176402736008,26664.026986169218,3.8505834332099766,0.014443203132049831,1.3174433713804926e6,1.3204624930016936e6,3019.1216212010477,0.22916519121709492,1.5408253530145586
1661.9999999999472,4.056986597924642,4.053685629217451,-0.0033009687071903215,-0.0813650384962804,26654.376423723545,26658.227029936676,3.850606213130959,0.014446431429938664,1.4094032441671009e6,1.4123606711263342e6,2957.4269592333585,0.20983540171862422,0.5
1662.9999999999472,4.046428667679357,4.043165816901034,-0.003262850778322779,-0.08063532181809192,26653.159585809095,26657.00559546394,3.846009654844238,0.014429845146359171,1.4050276789451148e6,1.4080182197889397e6,2990.540843824856,0.21284568899526118,0.8105428710605866
1663.9999999999472,4.023852777688911,4.021089380345079,-0.0027633973438323522,-0.06867540878122042,26656.394131024357,26660.235311295786,3.841180271429039,0.014409977030458281,1.313840863105904e6,1.3168669959128536e6,3026.1328069495503,0.23032719501476065,1.5353579366667522
1664.999999999947,4.056949873408584,4.0536361752744785,-0.003313698134105536,-0.08167954343792323,26650.6234374923,26654.46458811026,3.841150617958192,0.014412985973733103,1.4052816333887023e6,1.4082470217419476e6,2965.388353245333,0.21101737066715817,0.5
1665.999999999947,4.046488316557914,4.0432110299906405,-0.003277286567273663,-0.08099088174462934,26649.402988567337,26653.239539916372,3.8365513490352896,0.014396387606435988,1.4010680114956242e6,1.4040664209538836e6,2998.4094582593534,0.21400884422866703,0.8076642454482895
1666.999999999947,4.023978712817513,4.021195149649858,-0.0027835631676547123,-0.06917440091788445,26652.623026559068,26656.45479274032,3.831766181250714,0.014376694471806388,1.310244510689285e6,1.3132775043173304e6,3032.993628045544,0.23148302498515844,1.5299027931208888
1667.999999999947,4.056913200323534,4.053586806816858,-0.003326393506676517,-0.08199321361894656,26646.881555348304,26650.713239945166,3.8316845968620328,0.014379485978136807,1.401167301652822e6,1.4041404938257358e6,2973.192172913812,0.2121939449633619,0.5
1668.999999999947,4.046547816386741,4.043256153780943,-0.0032916626057977183,-0.08134495760727035,26645.65750334411,26649.484586001516,3.8270826574043895,0.014362875665290223,1.3971152765568714e6,1.4001213994115617e6,3006.1228546903003,0.2151664150505001,0.8047921669239986
1669.9999999999468,4.0241044531069825,4.021300814415917,-0.00280363869106548,-0.069671121208119,26648.863057955743,26652.685399550057,3.8223415943139116,0.014343357110587093,1.306654463097725e6,1.3096941674747097e6,3039.7043769846205,0.23263260967848393,1.5244601377378153
1670.9999999999468,4.05687657804152,4.053537523171817,-0.0033390548697029843,-0.08230605012181395,26643.150744709666,26646.972953293545,3.822208583878819,0.014345933108672465,1.3970604192301366e6,1.4000412578830407e6,2980.8386529041454,0.2133650493474552,0.5
1671.9999999999468,4.046607162651239,4.043301183670176,-0.0033059789810625517,-0.08169755175584067,26641.923097683553,26645.740701697297,3.8176040137441305,0.01432931098759932,1.3931696382866008e6,1.3961833195533252e6,3013.681266724365,0.2163183279267241,0.8019267488759765
1672.9999999999468,4.024229990926042,4.021406367046794,-0.0028236238792480606,-0.07016556920491261,26645.11419337805,26648.92710031785,3.8129069398019055,0.014309966593235711,1.303070869147464e6,1.3061171345197111e6,3046.2653722472023,0.23377587853224174,1.5190301853853534
1673.9999999999468,4.056840005908734,4.053488323695171,-0.0033516822135633006,-0.08261805268833919,26639.430972544567,26643.243695556015,3.8127230114478152,0.014312329026011579,1.392961156203249e6,1.395949484240823e6,2988.328037573956,0.2145306079976522,0.5
1674.9999999999468,4.046666350814802,4.043346114966381,-0.003320235848421227,-0.08204866822669214,26638.19973867938,26642.007854530402,3.8081158510212845,0.014295695236085336,1.3892312606689816e6,1.3922523455916557e6,3021.084922674112,0.21746450776088314,0.7990681044225139
1675.9999999999466,4.024355318606832,4.02151179995667,-0.002843518650162302,-0.070657743291581,26641.376400538848,26645.17986318469,3.8034626458429557,0.014276524563370635,1.2994938774937917e6,1.302546554426266e6,3052.6769324743655,0.2349127599094017,1.513613150426508
1676.9999999999466,4.056803483246021,4.053439207652144,-0.0033642755938769753,-0.0829292226692991,26635.722205372465,26639.525433682276,3.8032283098109474,0.014278675383706436,1.388869682457403e6,1.391865343050594e6,2995.660593190929,0.2156905454146384,0.5
1677.9999999999466,4.046725376318283,4.043390943006113,-0.003334433312169871,-0.08239830979594528,26634.487392975996,26638.28601157529,3.79861859929224,0.014262030063676035,1.3853003075092325e6,1.388328641595596e6,3028.3340863634367,0.2186048808296575,0.7962163464214941
1678.9999999999466,4.024480428445602,4.021617105452767,-0.0028633229928347603,-0.07114764362118361,26637.649646701295,26641.443655839306,3.794009138011461,0.014243032656153641,1.2959236366236354e6,1.2989825760274758e6,3058.9394038403407,0.23604318320869733,1.508209246718752
1679.9999999999466,4.05676700934854,4.053390174335312,-0.0033768350132286074,-0.08323956010899625,26632.024409265177,26635.818134172747,3.7937249075694126,0.014244973830264252,1.3847861676717668e6,1.3877890042678094e6,3002.8365960426163,0.2168447855809586,0.5
1680.9999999999463,4.046784234581047,4.043435663037954,-0.00334857154309276,-0.08274648088420827,26630.786026769605,26634.575139457284,3.7891126876784256,0.014228317120904962,1.3813769424236836e6,1.384412371440576e6,3035.4290168923326,0.21973937190283094,0.7933715874536893
1681.9999999999463,4.024605312703121,4.021722275852626,-0.002883036850495735,-0.07163526921250687,26633.933898679945,26637.718445520688,3.7845468407431326,0.014209492503586583,1.2923602948496952e6,1.2954253479811542e6,3065.053131459048,0.23716707667930337,1.5028186875967513
1682.9999999999463,4.056730583486252,4.05334122294845,-0.003389360537802588,-0.0835490666202895,26628.33754984811,26632.121763079205,3.784213231094327,0.014211226006919505,1.3807107813131618e6,1.3837206376547199e6,3009.856341558043,0.21799325262713154,0.5
1683.9999999999463,4.046842921000731,4.043480270338507,-0.003362650662223743,-0.08309318468412913,26627.09560580947,26630.87520435188,3.779598542409076,0.014194558048548288,1.3774613288323635e6,1.3805036988384703e6,3042.370006106794,0.22086790695501615,0.7905339398235872
1684.9999999999463,4.024729963605313,4.021827303369491,-0.0029026602358213083,-0.07212062081355478,26630.229122841927,26634.004199017807,3.7750761758798035,0.014175905729033902,1.2888040003009145e6,1.2918750187885647e6,3071.0184876502026,0.23828436961191696,1.4974416858727406
1685.999999999946,4.056694204903596,4.053292352721503,-0.0034018521820931014,-0.0838577425427102,26624.661592301498,26628.436286006472,3.7746937049741973,0.014177433549298697,1.3766436926236006e6,1.379660412760657e6,3016.720137056429,0.21913587032147577,0.5
1686.999999999946,4.046901430953737,4.043524760098307,-0.0033766708554301417,-0.08343842599186703,26623.416095399083,26627.186171987647,3.7700765885638248,0.014160754484152577,1.3735536299491455e6,1.3766027872933662e6,3049.157344220672,0.22199041069357908,0.7877035155601151
1687.999999999946,4.024854373343718,4.021932180226659,-0.002922193117059102,-0.0726036980719737,26626.535285108086,26630.30088267203,3.7655975639427197,0.014142273951987944,1.2852549009159636e6,1.2883317367620817e6,3076.8358461181633,0.2393949903575853,1.4920784538193592
1688.999999999946,4.056657872819952,4.053243562797375,-0.0034143100225767498,-0.08416558974452831,26620.996501361522,26624.761668113,3.7651667514764995,0.014143598085383211,1.3725850706154003e6,1.3756084989260298e6,3023.428310629446,0.22027256272530255,0.5
1689.999999999946,4.046959759795577,4.043569127535456,-0.0033906322601211514,-0.08378220840753854,26619.747460397364,26623.50800764566,3.760547248297371,0.014126908055352513,1.369654008774741e6,1.3727098001294238e6,3055.791354682762,0.22310680909964978,0.7848804264001308
1690.9999999999459,4.0249785340761575,4.02203689854582,-0.0029416355303375497,-0.07308450232549465,26622.852350954156,26626.60846237705,3.7561114228956285,0.01410859878340951,1.2817131444369673e6,1.2847956500407483e6,3082.50560378097,0.24049886803143125,1.4867292031689174
1691.9999999999459,4.056621586429368,4.053194852343999,-0.0034267340853686434,-0.0844726088534388,26617.342241321698,26621.097874112693,3.7556327909951506,0.014109721237174364,1.3685350840596962e6,1.3715650652597563e6,3029.9812000601087,0.22140325340230294,0.5
1692.9999999999459,4.047017902861072,4.043613367784173,-0.0034045350768998617,-0.08412453709416501,26616.089665219934,26619.840676162436,3.7510109425020346,0.014093020386099752,1.3657626280890438e6,1.368824900445912e6,3062.272356868256,0.22421702672835211,0.7820647837977942
1693.9999999999459,4.025102437927057,4.022141450458398,-0.0029609874686586934,-0.07356303384377003,26619.180285412025,26622.9269035812,3.746618169174326,0.014074881829578974,1.2781788783989986e6,1.281266906562176e6,3088.028163177427,0.2415959311614804,1.481394145101749
1694.9999999999459,4.056585344901012,4.0531462204440105,-0.0034391244570013413,-0.08477880198734639,26613.698776033973,26617.444868275536,3.7460922415630193,0.014075804618847006,1.3644939014816368e6,1.3675302806457845e6,3036.3791641476564,0.22252786625507093,0.5
1695.9999999999459,4.0470758554647706,4.04365747600561,-0.003418379459160903,-0.084465416049592,26612.442673840374,26616.18414192945,3.741468089076079,0.014059093090142699,1.3618796504408666e6,1.3649482511448222e6,3068.600703955628,0.2253209894840754,0.7792566989064328
1696.9999999999457,4.025226076988449,4.022245827997062,-0.0029802489913874908,-0.07403929454857407,26615.519053070893,26619.25617128753,3.737118216635281,0.014041124688132253,1.2746522501261684e6,1.2777456540744363e6,3093.403948267922,0.2426861089337683,1.476073490234653
1697.9999999999457,4.056549147378883,4.05309766620397,-0.003451481174912452,-0.08508417005480157,26610.066068910197,26613.802614429456,3.73654551925938,0.014041849838264639,1.360461691147759e6,1.3635043137190607e6,3042.6225713016465,0.22364632470721946,0.5
1698.9999999999457,4.047133612901161,4.043701447279244,-0.0034321656219162833,-0.08480485079552287,26608.806449791526,26612.538368896116,3.731919104589906,0.014025127777270689,1.358005238140936e6,1.3610800148879418e6,3074.776747005759,0.22641862200878,0.7764562825878387
1699.9999999999457,4.02534944332,4.022350023203965,-0.002999420116034379,-0.07451328532512541,26611.86861807862,26615.59623005618,3.727611977559718,0.014007328951817334,1.271133406721688e6,1.2742320401081217e6,3098.63338643359,0.2437693298003322,1.470767448620124
1700.9999999999457,4.056512992982286,4.053049188646858,-0.0034638043354284775,-0.08538871541693106,26606.444082923346,26610.17107596098,3.7269930376351112,0.014007858494804215,1.356438621059391e6,1.3594873328718843e6,3048.7118124933913,0.2247585526658272,0.5
1701.9999999999454,4.047191170445018,4.04374527671085,-0.0034458937341677043,-0.08514284571807869,26605.180956166805,26608.903320569327,3.7223644025216345,0.013991126046668849,1.3541395532532602e6,1.357220354121942e6,3080.800868681865,0.22750985016871983,0.7736636453959456
1702.9999999999454,4.025472528950168,4.022454028025202,-0.0030185009249654726,-0.07498500867307345,26608.22894414293,26611.947044004435,3.7180998615040153,0.01397349620416,1.2676224950609459e6,1.2707262119911711e6,3103.7169302252587,0.24484552319939978,1.4654762297294563
1703.9999999999454,4.056476880805571,4.053000786818529,-0.0034760939870412955,-0.08569243925657435,26602.83278060889,26606.550215817108,3.717435208218376,0.013973832181240703,1.3524248589445862e6,1.3554795062321613e6,3054.6472875750624,0.22586447353229422,0.5
1704.9999999999454,4.0472485233519295,4.043788959326937,-0.0034595640249923676,-0.08547940668904508,26601.566155621582,26605.278960016414,3.7128043948323466,0.013957089492821977,1.3502827575858403e6,1.3533694310378144e6,3086.6734519740567,0.22859459877075639,0.7708788975776057
1705.9999999999454,4.025595325876233,4.022557834416309,-0.0030374914599233804,-0.07545446608601236,26604.599994532804,26608.30857680911,3.7085822763074248,0.013939628023234823,1.264119661784259e6,1.2672283168193025e6,3108.655035043601,0.24591461781836754,1.460200042453047
1706.9999999999452,4.056440809918565,4.052952459682945,-0.003488350235619997,-0.08599534417192758,26599.232124066148,26602.93999650615,3.7078724400016654,0.013939772481803711,1.3484205722481073e6,1.3514810016660069e6,3060.429417899577,0.22696401114655068,0.5
1707.9999999999452,4.047305666858078,4.0438324901794465,-0.00347317667863134,-0.08581453847363019,26597.962010374424,26601.665249864924,3.703239490499982,0.013923019699988852,1.346435012684972e6,1.3495274075935155e6,3092.3949085434433,0.2296727936669437,0.7681021490732666
1708.9999999999452,4.025717826065461,4.022661434239421,-0.003056391826040006,-0.07592166063529528,26600.98173207967,26604.680791706796,3.6990596271280083,0.013905725978026959,1.2606250532897038e6,1.2637385014687192e6,3113.448179015424,0.24697654317519926,1.4549390950836074
1709.9999999999452,4.056404779366347,4.052904206225927,-0.0035005731404202933,-0.08629743161300385,26595.642074959636,26599.34038009948,3.6983051398419775,0.013905680973666021,1.3444259281246646e6,1.3474919867595043e6,3066.058634839719,0.22805708895517618,0.5
1710.9999999999452,4.04736259618131,4.043875864243428,-0.0034867319378824035,-0.08614824728508728,26594.368482208614,26598.062152305418,3.693670096803544,0.013888918247013743,1.3425964798235947e6,1.3456944454751934e6,3097.965651598759,0.2307443597651771,0.7653335095008444
1711.999999999945,4.025840021455191,4.022764819366165,-0.003075202089026341,-0.07638659441600887,26597.37411917889,26601.063651496213,3.689532317323028,0.013871791631725675,1.2571388157248092e6,1.2602569125681715e6,3118.09684336232,0.24803122808395406,1.4496935953153978
1712.999999999945,4.056368788169692,4.0528560253530665,-0.003512762816625603,-0.08659870440948308,26592.06259452055,26595.751328232538,3.6887337119878794,0.013871559225150007,1.340441093428977e6,1.3435126288187015e6,3071.5353897244204,0.2291436307631496,0.5
1713.999999999945,4.047419306520675,4.043919076518831,-0.0035002300018440735,-0.08648053825816758,26590.785532473485,26594.469629091385,3.68409661790065,0.013854786701963048,1.3387673199952669e6,1.3418707061195907e6,3103.3861243238207,0.23180922315423658,0.762573088164837
1714.999999999945,4.025961903953843,4.022867981577314,-0.003093922376528724,-0.07684927106464232,26593.777117791044,26597.45711853841,3.6800007473648293,0.013837826537633631,1.2536610949799584e6,1.2567836965145143e6,3122.601534555899,0.24907860242770144,1.4444637502328173
1715.999999999945,4.056332835324828,4.052807915990847,-0.0035249193339810247,-0.0868991642718281,26588.49364354813,26592.17280210654,3.6791585584105633,0.013837408796956555,1.3364662347082007e6,1.339543094853893e6,3076.860145692248,0.23022356014583775,0.5
1716.9999999999447,4.04747579305749,4.043962121930788,-0.0035136711267025333,-0.08681141793928512,26587.213122085843,26590.88764154209,3.674519456246344,0.013820626627444236,1.3349476939055303e6,1.3380563506753498e6,3108.6567698195577,0.23286730888495374,0.7598209940402751
1717.9999999999447,4.026083465441341,4.022970912663401,-0.003112552777940536,-0.077309693270339,26590.190689443367,26593.861154759255,3.6704653158885776,0.013803832243090296,1.2501920366801615e6,1.2533189994415923e6,3126.9627614307683,0.250118595358702,1.4392497662990902
1718.9999999999447,4.056296919803884,4.052759876987154,-0.0035370428167302848,-0.08719881425498051,26584.93518241118,26588.60476248958,3.669580078400031,0.013803231240630808,1.3325015181917439e6,1.3355835515779902e6,3082.0333862463012,0.23129680110449252,0.5
1719.9999999999447,4.047532050955163,4.044004995429111,-0.0035270555260522585,-0.0871408918236959,26583.65121153148,26587.316150542545,3.664939011065144,0.013786439574844269,1.3311377619622985e6,1.3342515400234624e6,3113.7780611638445,0.23391854322979047,0.75707733577347
1720.9999999999447,4.02620469776982,4.02307360432665,-0.0031310934431694193,-0.07776786522810882,26586.614795231166,26590.275721649803,3.6609264186372457,0.013769810285489618,1.2467317861774825e6,1.2498629672334355e6,3131.1810559530277,0.2511511369701517,1.4340518493554715
1721.9999999999447,4.056261040554686,4.052711907209846,-0.003549133344839639,-0.08749765632327997,26581.38717104949,26585.047169718422,3.6599986689325306,0.013769028099928261,1.328547109784672e6,1.3316341653890903e6,3087.055604418274,0.23236327727351852,0.5
1722.9999999999445,4.047588075359693,4.044047691890574,-0.0035403834691187797,-0.08746896678225241,26580.099760866557,26583.755116546356,3.6553556797989586,0.01375222708975938,1.3273376842688543e6,1.3304564347418328e6,3118.750472978456,0.2349628515743058,0.7543422216826637
1723.9999999999445,4.026325592764219,4.02317604827923,-0.003149544484989164,-0.0782237902133217,26583.049395819166,26586.70078026858,3.6513844494147634,0.01373576219584888,1.2432804885455794e6,1.2464157454990894e6,3135.25695350999,0.25217615673979504,1.4288702046047324
1724.9999999999445,4.056225196501175,4.052664005449781,-0.0035611910513937417,-0.08779569375155895,26577.84956897529,26581.49998369955,3.6504147242594627,0.013734800909252814,1.32460317505899e6,1.327695102373001e6,3091.9273140109144,0.23342291278089516,0.5
1725.9999999999445,4.047643861400071,4.044090206216453,-0.003553655183617721,-0.0877956486613553,26576.558729719192,26580.204499575797,3.645769856604602,0.0137179907063277,1.3235476206148858e6,1.326671195122632e6,3123.574507746147,0.23600016040941657,0.7516157597421776
1726.9999999999445,4.026446142222974,4.023278236147665,-0.00316790607530848,-0.07867747297271684,26579.49445144314,26583.136291242154,3.641839799012814,0.01370168949475666,1.2398382885688727e6,1.2429774795816578e6,3139.1910127850715,0.25319358514154244,1.423705036611417
1727.9999999999443,4.056189386543211,4.052616170516908,-0.0035732160263028945,-0.08809292875124061,26574.322335274905,26577.963163911085,3.640828636180231,0.013700551194667246,1.3206698792434633e6,1.3237665282827155e6,3096.6490392521955,0.2344756314898383,0.5
1728.9999999999443,4.047699404188505,4.04413253323702,-0.0035668709514844466,-0.0881209446480511,26573.028077290925,26576.66425922463,3.636181933707121,0.013683731952304564,1.319767730468916e6,1.3228959811391432e6,3128.250670227222,0.23703039542539417,0.7488980575913484
1729.9999999999443,4.026566337918628,4.023380159568641,-0.0031861783499866903,-0.07912891736023546,26575.949921911266,26579.58221476737,3.632292856105778,0.013667593695723497,1.2364053307378204e6,1.239548314535332e6,3142.9837975115515,0.2542033521997182,1.4185565492854388
1730.9999999999443,4.056153609557009,4.052568401145758,-0.003585208411251095,-0.08838936481112833,26570.805428610212,26574.436669403807,3.6312407935947704,0.013666280472193811,1.3167473872163645e6,1.3198486085426467e6,3101.221326282248,0.23552135788462084,0.5
1731.9999999999443,4.047754698820871,4.044174667806684,-0.003580031014187135,-0.08844486093067878,26569.507762358284,26573.13435465828,3.6265922999955365,0.013649452343763118,1.3159981729682805e6,1.3191309524626238e6,3132.7794943433255,0.23805348356048475,0.7461892225171279
1732.999999999944,4.026686171598541,4.023481810095899,-0.00320436150264225,-0.0795781286667831,26572.415766605656,26576.038510612143,3.622744006486755,0.013633476302292263,1.2329817592399588e6,1.2361283951315812e6,3146.635891622398,0.25520538872870785,1.4134249458813017
1733.999999999944,4.056117864394945,4.052520696089103,-0.0035971683058422244,-0.08868500438358976,26567.298807220188,26570.920458803233,3.6216515830456046,0.01363199024983808,1.3128358634969257e6,1.3159415082261488e6,3105.6447292231023,0.23656001603664106,0.5
1734.999999999944,4.047809740376948,4.044216604710917,-0.003593135666030811,-0.0887674050039764,26565.997743274304,26569.614744616723,3.617001342419826,0.013615153390335357,1.3122391069130201e6,1.3153762684271175e6,3137.161514097359,0.23906935081956077,0.7434893614629507
1735.999999999944,4.026805634985405,4.023583179293494,-0.0032224556919109304,-0.08002511131686668,26568.891944483894,26572.505138117573,3.6131936336787476,0.013599338810322128,1.2295677179538745e6,1.2327178658388713e6,3150.1478849968407,0.2561996252015307,1.4083104289869448
1736.999999999944,4.056082149885981,4.05247305402585,-0.0036090958601313616,-0.0889798511658058,26563.802428922463,26567.414490310555,3.6120613880921155,0.013597682025218388,1.3089354722382494e6,1.312045392061296e6,3109.919823046541,0.23759153059918606,0.5
1737.9999999999438,4.047864523920826,4.04425833875895,-0.003606185161876496,-0.08908858338923575,26562.49797797013,26566.105387414613,3.6074094444811635,0.013580836589514299,1.3084906907571657e6,1.311632088049655e6,3141.3972924894188,0.2400779244880704,0.740798581013073
1738.9999999999438,4.026924719778242,4.023684258645378,-0.0032404611328633592,-0.0804698711388329,26565.37841408057,26568.98205619874,3.603642118170683,0.013565182705097954,1.2261633504406526e6,1.2293168708287745e6,3153.5203881219495,0.2571859929583324,1.4032132005126854
1739.9999999999438,4.0560464648354975,4.052425473652337,-0.0036209911831601715,-0.0892739078448163,26560.31625111507,26563.91872170481,3.6024705897398235,0.013563357287165519,1.305046377215497e6,1.3081604244088952e6,3114.0471933982335,0.23861582605535434,0.5
1740.9999999999438,4.047919044501396,4.044299864693335,-0.00361917980806048,-0.08940840388042577,26559.008423956668,26562.606240944264,3.597816987596161,0.013546503431772966,1.3047530825985558e6,1.3078985699931113e6,3145.487394555472,0.24107913110202397,0.738116987393289
1741.9999999999438,4.027043417652615,4.023785039646053,-0.003258378006561813,-0.08091241311873262,26561.875133508893,26565.469223347078,3.5940898381850275,0.013531009464203589,1.2227687999363001e6,1.225925553953649e6,3156.754017348867,0.25816442303020143,1.3981334616904209
1742.9999999999438,4.056010808025698,4.0523779535925755,-0.0036328544331221124,-0.08956717832047492,26556.840230777925,26560.433110343947,3.5928795660220203,0.013529017514132081,1.3011687418199454e6,1.3042867692658226e6,3118.0274458772037,0.23963282744680886,0.5
1743.9999999999436,4.047973297152247,4.04434117727978,-0.003632119872466255,-0.08972687332254527,26555.529038326138,26559.11726267589,3.588224349750817,0.013512155395481408,1.3010264401731351e6,1.304175872585917e6,3149.4324127817526,0.24207289840801693,0.7354446864715514
1744.9999999999436,4.027161720261826,4.023885513712595,-0.0032762065492306647,-0.08135274361461854,26558.38206046221,26561.96659763102,3.5845371688119485,0.013496820554247141,1.219384209345395e6,1.2225440587548683e6,3159.8494094733614,0.25913484734804554,1.3930714130575044
1745.9999999999436,4.055975178215458,4.052330492487222,-0.0036446857282355083,-0.08985966550808853,26553.374324474564,26556.957613166844,3.5832886922798934,0.013494664175231144,1.2973027290501888e6,1.3004245902469414e6,3121.8611967526376,0.24064245968543416,0.5
1746.9999999999436,4.048027276892677,4.044382271219542,-0.0036450056731354152,-0.09004399980064792,26552.059777753802,26555.638409660503,3.578631906701048,0.013477793951410673,1.2973109208447738e6,1.3004641537865452e6,3153.232941771392,0.24305915344627577,0.7327817837425082
1747.9999999999436,4.027279619237076,4.023985672273029,-0.0032939469640469454,-0.08179086816601396,26554.899152215712,26558.474136698504,3.5749844827914785,0.013462617433789749,1.2160097212328564e6,1.2191725284396873e6,3162.807206830941,0.26009719754742716,1.3880272544569783
1748.9999999999434,4.055939574140748,4.0522830889061145,-0.0036564852346332444,-0.0901513735053085,26549.9184883538,26553.492186694686,3.5736983408860397,0.013460298729179348,1.2934485015029334e6,1.2965740505834743e6,3125.5490805408917,0.24164464815639228,0.5
1749.9999999999434,4.048080978727339,4.044423141236728,-0.0036578374906106603,-0.09035979047436532,26548.600598499605,26552.169638530337,3.5690400307321397,0.013443420558045701,1.293606681597202e6,1.2967635712011056e6,3156.889603903517,0.24403782454228978,0.730128384336205
1750.9999999999434,4.027397106188696,4.024085506680623,-0.0033115995080725824,-0.08222679365250117,26551.42636562798,26554.99179777767,3.5654321496913326,0.0134284015502344,1.212645477816943e6,1.215811105888492e6,3165.628071548883,0.26105140615769945,1.3830011850215649
1751.9999999999434,4.055903994514456,4.052235741434997,-0.0036682530794589496,-0.09044230544954224,26546.472678151364,26550.036787032765,3.564108881400898,0.013425922624870154,1.2896062213654246e6,1.292735313109562e6,3129.0917441374622,0.2426393182892996,0.5
1752.9999999999434,4.0481343976473,4.044463781992991,-0.0036706156543093726,-0.0906742537116027,26545.1514564098,26548.710905501608,3.5594490918083466,0.013409036665898752,1.28991387902774e6,1.293074282051578e6,3160.4030238378327,0.24500883936685414,0.727484593001113
1753.9999999999432,4.027514172706341,4.024185008300071,-0.0033291644062698467,-0.08266052615856523,26547.963657142718,26551.519537679298,3.5558805365799344,0.013394174342344432,1.2092916209614314e6,1.2124599336339466e6,3168.312672515167,0.2619974055551829,1.3779934031728918
1754.9999999999432,4.055868438026827,4.052188448590277,-0.003679989436549569,-0.09073246563046503,26543.03684919169,26546.591369872036,3.5545206803471956,0.013391537300508403,1.285776050406974e6,1.2889085402585175e6,3132.489851543447,0.2436263959460087,0.5
1755.9999999999432,4.048187528629694,4.0445041881726285,-0.0036833404570657535,-0.09098739697744583,26541.712306918762,26545.26216637516,3.549859456397826,0.013374643713067699,1.2862326693371155e6,1.2893964431889253e6,3163.7738518097904,0.24597212675684108,0.7248505141127698
1756.9999999999432,4.0276308103600575,4.024284168423849,-0.003346641936208705,-0.08309207307681525,26544.51098279034,26548.05731279771,3.54633000737158,0.013359937237761809,1.2059482921696703e6,1.2091191538661271e6,3170.861696456792,0.2629351288977711,1.373004106610611
1757.9999999999432,4.055832903345295,4.052141208903559,-0.0036916944417360043,-0.09102185740174489,26539.61095638956,26543.15589049098,3.5449341014209494,0.013357144184389361,1.2819581499706535e6,1.2850938940493872e6,3135.7440787337255,0.24460580704647097,0.5
1758.999999999943,4.048240366638729,4.044544354399387,-0.003696012239341684,-0.09129922891437642,26538.283105050665,26541.823376539192,3.540271488527651,0.01334024312919429,1.2825632083219693e6,1.2857302110643412e6,3167.0027423719876,0.24692761509317804,0.7222262516585057
1759.999999999943,4.0277470107008355,4.024382978356546,-0.0033640323442893916,-0.08352144102774826,26541.068298189766,26544.60507911315,3.5367809233830485,0.01332569165508788,1.2026156325750516e6,1.205788908413215e6,3173.2758381634485,0.26386450934192507,1.368033492301607
1760.999999999943,4.05579738911492,4.052094020838562,-0.0037033682763576437,-0.09131048524013707,26536.19495425203,26539.730303757115,3.535349505084014,0.013322744693347705,1.2781526809631912e6,1.281291536083934e6,3138.8551207426935,0.24557747814426306,0.5
1761.999999999943,4.048292906625606,4.044584275319691,-0.0037086313059147002,-0.091609757284237,26534.863805421275,26538.394490969957,3.530685548681504,0.013305836331295427,1.2789056513660597e6,1.2820757417407357e6,3170.090374676045,0.24787523389938276,0.719611909238138
1762.999999999943,4.027862765261347,4.02448142933307,-0.0033813359282763855,-0.08394863790889331,26537.63555855013,26541.16279219281,3.527233642678766,0.013291439001400902,1.1992937829347379e6,1.202469338745083e6,3175.555810345104,0.26478548088311976,1.3630817564792141
1763.9999999999427,4.0557618939582225,4.052046882873539,-0.003715011084683084,-0.09159835270944414,26532.788796880013,26536.314564129065,3.525767249051569,0.013288340234578595,1.274359803849193e6,1.277501627530595e6,3141.82368140202,0.24654133565043157,0.5
1764.9999999999427,4.048345143529011,4.044623945521052,-0.0037211980079590035,-0.09191899099579172,26531.454362239667,26534.97546423452,3.521101994854689,0.013271424727722515,1.275260153433258e6,1.278433190865285e6,3173.0374320270494,0.2488149122737499,0.7170075900645765
1765.9999999999427,4.027978065556671,4.02457951260103,-0.0033985529556410654,-0.08437367086733084,26534.2127186724,26537.730407193114,3.517688520714728,0.013257180674666462,1.1959828836240412e6,1.1991605859554545e6,3177.702331413282,0.2656979773643815,1.3581490946274977
1766.9999999999427,4.055726416475617,4.0519997934202845,-0.0037266230553321122,-0.09188546446805226,26529.392437970168,26532.90862565786,3.516187687691854,0.0132539322033599,1.2705796786419353e6,1.2737243291264344e6,3144.650484499056,0.2474973067301241,0.5
1767.9999999999427,4.048397072275557,4.044663359613715,-0.0037337126618419703,-0.09222693809881881,26528.054729310108,26531.566250491498,3.5115211813899805,0.013237009713758616,1.271626869058749e6,1.274802713680915e6,3175.844622166129,0.24974658049785242,0.7144133969487472
1768.9999999999427,4.028092903085014,4.024677219341005,-0.0034156837440084686,-0.0847965482968996,26530.799732951327,26534.3078788609,3.508145909570885,0.013222918060829347,1.192683074625511e6,1.1958627907658163e6,3179.7161403053906,0.26660193373698926,1.3532357014814818
1769.9999999999425,4.055690955245058,4.051952750904478,-0.0037382043405802534,-0.09217182427930776,26526.00583081675,26529.51244198924,3.50661117249183,0.013219521984791253,1.2668124648945697e6,1.2699598011579206e6,3147.3362633509096,0.24844531851151674,0.5
1770.9999999999425,4.04844868777999,4.04470251215088,-0.003746175629109949,-0.09253360775987023,26524.66486003379,26528.16680349389,3.5019434600981185,0.01320259267582564,1.2680059523407267e6,1.2711844649974706e6,3178.512656743871,0.2506701684543647,0.7118294323080768
1771.9999999999425,4.028207269328426,4.024774540746886,-0.00343272858154009,-0.08521727786148368,26527.3965553771,26530.89516153576,3.498606158656912,0.013188652536457615,1.1893944955245329e6,1.1925760935052973e6,3181.5979807644617,0.2674972847727322,1.3483417710115415
1772.9999999999425,4.055655508823294,4.051905753686756,-0.003749755136538191,-0.09245743698843255,26522.628928313385,26526.12596636498,3.4970380515951547,0.013185110952036897,1.2630583216911617e6,1.266208203462229e6,3149.88177106739,0.24938529891872938,0.5
1773.9999999999425,4.048499984945734,4.044741397708366,-0.003758587237368438,-0.09283900830788364,26521.284707410734,26524.777076589813,3.4923691790791054,0.013168174987025598,1.2643975569324896e6,1.2675785992050702e6,3181.0422725805547,0.25158560732258684,0.7092557981499518
1774.9999999999422,4.028321155753599,4.024871467948209,-0.0034496878053902336,-0.08563586844269079,26524.00313953717,26527.492209151176,3.4890696140064392,0.013154385466067028,1.1861172855020813e6,1.1893006341163716e6,3183.3486142903566,0.26838396617269183,1.3434674964226605
1775.9999999999422,4.055620075744494,4.051858800141024,-0.003761275603469727,-0.09274230655787614,26519.261682954962,26522.749151625172,3.487468670209637,0.0131507004678459,1.2593174076416425e6,1.2624696954095694e6,3152.2877679269295,0.25031717570158135,0.5
1776.9999999999422,4.048550958665082,4.044780010806847,-0.003770947858234841,-0.0931431491596743,26517.914224041644,26521.397022725425,3.4827986837808567,0.01313375801111569,1.2608018360345422e6,1.2639852702432375e6,3183.434208695311,0.252492827795033,0.7066925960801438
1777.9999999999422,4.028434553812416,4.024967992088359,-0.0034665617240570157,-0.0860523282121176,26520.619438618138,26524.098975236953,3.479536618815473,0.013120118204134886,1.1828515833251069e6,1.1860365521353094e6,3184.968810202554,0.2692619137600769,1.3386130701438268
1778.9999999999422,4.055584654521474,4.0518118885775305,-0.00377276594394349,-0.09302643799426857,26515.904046839536,26519.381950209605,3.477903370068816,0.01311629188250646,1.2555898808688559e6,1.2587444359048933e6,3154.555036037462,0.25124087762275854,0.5
1779.999999999942,4.048601603819673,4.044818345989464,-0.0037832578302090525,-0.09344603891476305,26514.55336212968,26518.026594445673,3.4732323159914813,0.013099343098693279,1.2572189423869378e6,1.2604046316162944e6,3185.6892293565907,0.253391761924004,0.7041399272879282
1780.999999999942,4.0285474549430225,4.025064104249185,-0.00348335069383765,-0.08646666652923707,26517.245405407462,26520.715412920406,3.470007512943994,0.013085852093205657,1.1795975273431167e6,1.1827839866972272e6,3186.459354110528,0.2701310642187929,1.3337786838175272
1781.999999999942,4.055549243645378,4.05176501731921,-0.0037842263261680387,-0.09330983545810784,26512.555971670154,26516.024314160117,3.4683424899631063,0.013081886535833002,1.2518758990049772e6,1.255032583369324e6,3156.6843643467873,0.2521563332959601,0.5
1782.999999999942,4.048651915280929,4.044856397746306,-0.0037955175346224834,-0.09374768723132176,26511.202073482567,26514.665743897258,3.4636704146905686,0.01306493159039006,1.2536490282599113e6,1.256836836361922e6,3187.8081020107493,0.2542823414010449,0.7015978925467663
1783.999999999942,4.028659850570136,4.025159795526975,-0.0035000550431609767,-0.0868788920629685,26513.88099229553,26517.341474928842,3.4604826333124947,0.013051588465370462,1.1763552554760359e6,1.1795430765149912e6,3187.821038955357,0.27099135436474425,1.3289645282989992
1784.9999999999418,4.05551384158609,4.051718184626699,-0.0037956569593911027,-0.09359250412289657,26509.217408756882,26512.6761951221,3.4587863652195665,0.013047485755188735,1.2481756191800253e6,1.2513342957399131e6,3158.6765598878264,0.2530634721068244,0.5
1785.9999999999418,4.04870188791007,4.044894160589558,-0.0038077273205123774,-0.09404810297055279,26507.860309514323,26511.314422829495,3.4541133151724353,0.013030524813549998,1.250092245447119e6,1.2532820370644361e6,3189.791617317125,0.2551644991747178,0.6990665922149064
1786.9999999999418,4.028771732106264,4.025255056959142,-0.0035166751471225055,-0.0872890146417893,26510.526151277358,26513.977113590743,3.4509623133853893,0.013017328640303548,1.1731249052115225e6,1.176313959886467e6,3189.0546749446075,0.27184272201344145,1.324170793640923
1787.9999999999418,4.05547844679212,4.0516713887727684,-0.003807058019351217,-0.09387444833697975,26505.888309018657,26509.337544346654,3.4492353279965755,0.013013090856581363,1.2444891980151858e6,1.2476497304566891e6,3160.5324415033683,0.2539622237415999,0.5
1788.9999999999418,4.0487515165590375,4.044931628980402,-0.0038198875786354947,-0.09434729602477432,26504.528021247294,26507.972582597147,3.444561349853757,0.012996124085259818,1.2465487452572484e6,1.2497403858279902e6,3191.6405707418453,0.256038168012691,0.6965461262206929
1789.9999999999418,4.028883090951981,4.025349879598279,-0.0035332113537016596,-0.08769704342219573,26507.18083395459,26510.622280838314,3.4414468837239838,0.012983073927332302,1.1699066135957607e6,1.1730967746735867e6,3190.161077826051,0.2726851050120101,1.3193976690936644
1790.9999999999416,4.0554430576909954,4.051624627969232,-0.0038184297217638274,-0.09415567343554039,26502.56862298532,26506.00831269232,3.4396897070000705,0.012978703143577087,1.2408167916142577e6,1.2439790444581755e6,3162.252843917813,0.2548525185417451,0.5
1791.9999999999416,4.048800796070244,4.044968797402035,-0.00383199866820938,-0.09464527550796542,26501.20515931412,26504.64017416149,3.435014847371349,0.012961730708929961,1.2430186785056293e6,1.2462120342859419e6,3193.3557803125586,0.2569032819483973,0.6940365940708547
1792.9999999999416,4.02899391849714,4.025444254440738,-0.003549664056402335,-0.08810298869168806,26503.844991537422,26507.276928208747,3.4319366713243653,0.01294882562292441,1.166700517226457e6,1.169891658307479e6,3191.1410810220987,0.27351844229985006,1.3146453430900849
1793.9999999999416,4.055407672689181,4.051577900439501,-0.0038297722496798414,-0.0944361839494248,26499.25830079953,26502.688450627298,3.430149827767309,0.012944323908355636,1.2371585555559967e6,1.2403223941673844e6,3163.8386113876477,0.2557342870223917,0.5
1794.9999999999416,4.048849721277575,4.045005660288476,-0.003844060989099063,-0.09494205153868014,26497.891673959668,26501.317148093203,3.4254741335353174,0.012927345977875067,1.2395021955073096e6,1.2426971335742988e6,3194.9380669891834,0.25775977473614264,0.6915380948343886
1795.9999999999413,4.029104206121213,4.025538172498873,-0.0035660336223397593,-0.08850686008373937,26500.518574846494,26503.94100684674,3.422432000246772,0.012914585013046662,1.1635067522461617e6,1.166698747769737e6,3191.9955235752277,0.2743426729078321,1.309914003244841
1796.9999999999413,4.055372290172451,4.051531204347353,-0.0038410858250976787,-0.09471598537095938,26495.95729221881,26499.37790823113,3.4206160123212612,0.012909954430390818,1.233514644885889e6,1.2366799354913249e6,3165.2906054358464,0.25660746052420513,0.5
1797.9999999999413,4.048898287006118,4.045042212095755,-0.0038560749103631053,-0.09523763347521402,26494.587515043073,26498.00345457331,3.415939530237665,0.012892971171180401,1.235999446067852e6,1.2391958343437756e6,3196.388275923673,0.25860758158852787,0.6890507271507909
1798.9999999999413,4.029213945194344,4.025631624731296,-0.00358232046304785,-0.08890866833518471,26497.201534314932,26500.614467505853,3.4129331909207394,0.012880353370528034,1.1603254543346928e6,1.1635181795961633e6,3192.7252614705358,0.27515773695589396,1.3052038363440774
1799.9999999999413,4.055336908505813,4.051484537867661,-0.003852370638152358,-0.09499508240788217,26492.665546617533,26496.076635196932,3.4110885793998023,0.012875595977299896,1.229885214107761e6,1.2330518238052845e6,3166.609697523527,0.25747197065222,0.5
1800.9999999999413,4.048946488073167,4.045078447232519,-0.003868040840647957,-0.09553203165420691,26491.292632039713,26494.699043396166,3.406411356452736,0.012858607557461637,1.2325105794777942e6,1.2357082867323423e6,3197.7072545480914,0.25944663744005647,0.6865745892140649
1801.9999999999416,4.029323127077933,4.025724602113558,-0.0035985249643744055,-0.08930842354616661,26493.89381999027,26497.297260551004,3.4034405607344524,0.012846131957268116,1.1571567587031904e6,1.1603500898595843e6,3193.3311563939787,0.27596357471676536,1.3005150283371079
1802.9999999999418,4.055301526033902,4.051437899116957,-0.0038636269169449733,-0.0952734807052341,26489.383012989,26492.78458083322,3.401567844219244,0.012841249803935764,1.2262704171764487e6,1.2294382139504668e6,3167.79677401809,0.2583277497072878,0.5
1803.9999999999418,4.0489943192881235,4.045114360129593,-0.003879959158530788,-0.09582525567022641,26488.00697404331,26491.403863970627,3.3968899273168063,0.01282425639137576,1.2290357445015723e6,1.2322346403738598e6,3198.895872287452,0.26027687856912124,0.6841097787764191
1804.999999999942,4.0294317431255715,4.025817095570094,-0.003614647555477468,-0.08970613689248497,26490.595381536517,26493.989335960003,3.393954423485411,0.012811922022148804,1.1540008000847495e6,1.1571946141712356e6,3193.81408648612,0.2767601275711045,1.2958477643300348
1805.9999999999422,4.055266141080879,4.051391286222395,-0.003874854858484156,-0.09555118514247163,26486.10963994755,26489.50169406615,3.3920541186016635,0.012806917152852128,1.2226704074879435e6,1.2258392602213642e6,3168.8527334206738,0.2591747304926836,0.5
1806.9999999999422,4.049041775452968,4.0451499451718576,-0.003891830281110842,-0.09611731606981162,26484.730489767975,26488.117865322853,3.387375554877508,0.012789918916434419,1.2255750893719005e6,1.2287750443750268e6,3199.9550031262916,0.2610982412155789,0.6816563931473578
1807.9999999999425,4.029539784683644,4.025909096043135,-0.0036306886405093053,-0.09010181893003316,26487.306168236104,26490.69064332592,3.3844750898169877,0.012777724802666762,1.1508577127302664e6,1.1540518876665873e6,3194.1749363208655,0.2775473371719501,1.2912022285774991
1808.9999999999427,4.05523075195083,4.051344697254058,-0.0038860546967720566,-0.0958282015123951,26482.845375730434,26486.227923441318,3.382547710883955,0.012772599253945006,1.2190853378749914e6,1.2222551163625852e6,3169.778487593867,0.2600128464442992,0.5
1809.9999999999427,4.0490888513626855,4.045185196766547,-0.003903654596138395,-0.096408222675199,26481.463127550258,26484.840996097573,3.377868547315302,0.012755596362049579,1.2221287617808918e6,1.2253296473236098e6,3200.885542717995,0.2619106630019614,0.6792145291823443
1810.999999999943,4.029647243092225,4.026000594426363,-0.0036466486658621733,-0.09049548126361179,26484.026128991998,26487.401131858718,3.375002866720024,0.01274354152303685,1.1477276304002116e6,1.150922045005672e6,3194.4146054603625,0.27832514621491455,1.2865786044772984
1811.9999999999432,4.0551953569276895,4.051298130292197,-0.0038972266354928564,-0.0961045348613115,26479.590168200186,26482.963217126093,3.3730489259069145,0.012738297324396165,1.215515360595446e6,1.2186859355549226e6,3170.5749594764784,0.2608420314757112,0.5
1812.9999999999434,4.049135541805791,4.045220109276916,-0.003915432528875051,-0.09669798623557284,26478.20483535126,26481.57320456095,3.3683692096929008,0.012721289946347738,1.2186969088736242e6,1.221898597263678e6,3201.6883900538087,0.26271408147026126,0.6767842832805089
1813.9999999999434,4.0297541096856895,4.026091581632141,-0.0036625280535487192,-0.09088713489355774,26480.755212329746,26484.12075038778,3.365538058034872,0.012709373396072322,1.1446106863568097e6,1.1478052203563037e6,3194.533999494044,0.2790934976906385,1.2819770745621961
1814.9999999999436,4.055159954275609,4.051251583361248,-0.00390837091436147,-0.09638019112515227,26476.343964846525,26479.707522911514,3.3635580649897747,0.01270401256856187,1.2119606273264869e6,1.2151318704125846e6,3171.243086097762,0.2616622202565554,0.5
1815.9999999999438,4.049181841564289,4.045254677088381,-0.003927164475908462,-0.09698661679247556,26474.95556075875,26478.314438601956,3.358877843205846,0.012687000873324916,1.2152796772392625e6,1.2184820417028551e6,3202.3644635926466,0.2635084354300586,0.6743657513867587
1816.9999999999438,4.029860375793679,4.026182048526895,-0.003678327266784187,-0.09127679184318495,26477.49336639952,26480.84944736341,3.356080963887507,0.012675221621040768,1.1415070133588281e6,1.1447015473981525e6,3194.5340393243823,0.27985233572281115,1.2773978204927137
1817.999999999944,4.055124542238914,4.051205054495381,-0.003919487743533345,-0.09665517551205267,26473.106712788547,26476.460788214517,3.3540754259702226,0.012669746178108919,1.2084212891576942e6,1.2115930729719568e6,3171.7838142625988,0.26247334788957805,0.5
1818.9999999999443,4.049227745414545,4.045288894544204,-0.003938850870341071,-0.09727412528973041,26471.715250989277,26475.064645735107,3.349394745830068,0.012652730335277,1.2118772129042149e6,1.2150801275918728e6,3202.9146876579616,0.2642936638755923,0.6719590289791083
1819.9999999999443,4.029966032741673,4.026271985996666,-0.0036940467450072845,-0.09166446354621367,26474.24053897828,26477.58717085945,3.346631881169742,0.012641087385462347,1.1384167436538378e6,1.1416111593049855e6,3194.4156511477195,0.28060160472473306,1.2728410230499607
1820.9999999999445,4.055089119042454,4.05115854167419,-0.0039305773682638545,-0.09692949409683996,26469.87835877699,26473.222960079955,3.3446013029642927,0.012635499331092604,1.2048974965800536e6,1.2080696946866305e6,3172.1981065769214,0.26327535044107875,0.5
1821.9999999999447,4.049273248127269,4.045322756009996,-0.003950492117273718,-0.09756052198010505,26468.483852890367,26471.823773101984,3.3399202116161177,0.012618479510118963,1.2084896613243157e6,1.211693001328971e6,3203.3400046552997,0.2650697070213195,0.6695642110708375
1822.9999999999447,4.03007107185197,4.0263613848841455,-0.003709686967824588,-0.092050162433484,26470.99667747186,26474.3338685749,3.337191103040823,0.01260697186321261,1.1353400089709635e6,1.1385341887477646e6,3194.179776801029,0.2813412503357592,1.268306862128499
1823.999999999945,4.05505368289155,4.0511120428865866,-0.003941640004963887,-0.09720315224416975,26466.65884919625,26469.993985182955,3.3351359867046995,0.012601273193219787,1.201389399481313e6,1.2045618864142094e6,3172.4869328963105,0.26406816426597385,0.5
1824.9999999999452,4.049318344468109,4.045356255810776,-0.0039620886573326075,-0.09784581799416517,26465.261312942705,26468.59176747407,3.330454531365831,0.012584249563925856,1.2051171673752118e6,1.2083208087383122e6,3203.6413631003816,0.26583650534810876,0.6671813922052563
1825.9999999999452,4.030175484444248,4.026450236052595,-0.003725248391653224,-0.09243390036071661,26467.76172891709,26471.089487836467,3.327758919378539,0.012572876216211473,1.1322769405152653e6,1.1354707678785974e6,3193.827363332035,0.2820712185376327,1.2637955167292374
1826.9999999999454,4.055018231972377,4.0510655560681235,-0.003952675904253411,-0.09747615616344131,26463.448130066685,26466.77380983081,3.3256797641261073,0.012567068916267214,1.1978971471356386e6,1.2010697984149242e6,3172.65127928555,0.2648517267840449,0.5
1827.9999999999457,4.049363029197867,4.045389388294051,-0.0039736409038155784,-0.09813002378803048,26462.047577262274,26465.36857525417,3.320997991897457,0.012550041648141585,1.2017598753480474e6,1.2049636950776372e6,3203.819729589857,0.26659400062445787,0.6648106664519731
1828.9999999999459,4.030279261836538,4.026538530324474,-0.0037407315120647766,-0.09281569015543059,26464.53563998405,26467.853975600283,3.318335616233526,0.012538801592346875,1.1292276689583703e6,1.13242102833131e6,3193.3593729396816,0.2827914565612195,1.2593071649532834
1829.9999999999459,4.0549827644518945,4.051019079163285,-0.003963685288609575,-0.09774851137117817,26460.246147046768,26463.562379965428,3.316232918659807,0.012532887639179927,1.194420888197994e6,1.1975935803381922e6,3172.69214019808,0.2656259758638913,0.5
1830.999999999946,4.049407297073012,4.0454221477684325,-0.003985149304579494,-0.09841315067170534,26458.84259160255,26462.154142479347,3.3115508767950814,0.012515856902395626,1.1984179289402585e6,1.2016218050149707e6,3203.876074712258,0.26734213477141433,0.662452127403181
1831.9999999999463,4.030382395345888,4.0266262585438835,-0.003756136802004484,-0.09319554408390403,26461.318356978038,26464.627278454478,3.308921476440446,0.012504749127769214,1.1261923244370879e6,1.1293851012079248e6,3192.7767708369065,0.2835019118455432,1.2548419839912464
1832.9999999999463,4.054947278478217,4.050972610064385,-0.003974668413832205,-0.09802022420680795,26457.052845435293,26460.359641165323,3.3067957300299895,0.012498730487286757,1.1909607706965662e6,1.1941333812195242e6,3172.6105229579844,0.26639085022946607,0.5
1833.9999999999466,4.0494511428459,4.045454528565132,-0.003996614280767474,-0.09869520929591231,26455.646301356857,26458.948414822444,3.3021134655864444,0.01248169645138129,1.195091471247347e6,1.1982952826351374e6,3203.811387790367,0.26808085112066515,0.6601058681699632
1834.9999999999468,4.030484876289179,4.026713411516628,-0.003771464772551525,-0.09357347535872332,26458.109825842064,26461.409342620977,3.2995167789122206,0.012470719944209806,1.1231710365388305e6,1.126363117078253e6,3192.0805394225754,0.2842025333255839,1.2504001501217428
1835.9999999999468,4.054911772180576,4.050926146672302,-0.003985625508273749,-0.09829130033402508,26453.8681701737,26457.165538648078,3.2973684743774356,0.012464598572753017,1.1875169420228268e6,1.1906893494674896e6,3172.40744466288,0.2671462892360065,0.5
1836.999999999947,4.04949456126531,4.04548652497813,-0.004008036287180161,-0.0989762111429483,26452.458651560446,26455.751337594967,3.2926860345214664,0.012447561407783275,1.191780644757016e6,1.1949842714190728e6,3203.6266620566603,0.2688100932122308,0.6577719813786164
1837.9999999999472,4.030586695983833,4.026799980071112,-0.0037867159127209504,-0.09394949664509436,26454.90999215877,26458.20011395801,3.2901217992402962,0.012436715151234639,1.120163934302834e6,1.1233552059670258e6,3191.271664191736,0.28489327021387406,1.2459818387007697
1838.9999999999472,4.054876243669665,4.0508796868369235,-0.003996556832741582,-0.09856174621804725,26450.692065848274,26453.980017272308,3.287951424033963,0.01243049299371335,1.1840895489261574e6,1.187261632862008e6,3172.0839358505327,0.2678922332121986,0.5
1839.9999999999475,4.049537547076629,4.04551813132414,-0.004019415752488875,-0.09925616705024752,26449.279586892884,26452.56285574864,3.283268855757342,0.012413452869182825,1.1884855913406988e6,1.1916889142497685e6,3203.322909069713,0.26952980603291377,0.6554505591669944
1840.9999999999477,4.030687845748733,4.026885955000071,-0.0038018907486616627,-0.09432362152955139,26451.718801152852,26454.99953796202,3.280736809167138,0.012402735844236151,1.1171711462082684e6,1.1203614973532418e6,3190.3511449734215,0.2855740730327331,1.2415872241556956
1841.9999999999477,4.05484069103762,4.050833228416347,-0.004007462621272495,-0.09883156766504185,26447.524476692448,26450.803021540207,3.2785448477588943,0.012396414835150998,1.180678737505704e6,1.1838503785401748e6,3171.641034470871,0.26862862298776247,0.5
1842.999999999948,4.049580095022416,4.045549341884289,-0.004030753138127174,-0.09953508866466468,26446.10905168024,26449.382913878402,3.273862198162533,0.012379371921082393,1.1852064522469607e6,1.1884093533899565e6,3202.9011429958045,0.2702399347323514,0.6531416931808709
1843.9999999999482,4.03078831690484,4.026971327119859,-0.0038169897849815726,-0.09469586306414028,26448.536197693207,26451.807559770255,3.271362077048252,0.01236878310616515,1.1141928001704058e6,1.1173821201552618e6,3189.3199848560616,0.2862448926584595,1.2372164799783794
1844.9999999999484,4.054805112358345,4.050786769218835,-0.0040183431395099944,-0.09910077126179948,26444.365346589067,26447.63449559957,3.2691490105025878,0.012362365167989406,1.1772846532029645e6,1.1804557329948773e6,3171.079791912809,0.2693554004365428,0.5
1845.9999999999484,4.049622199842566,4.045580150962583,-0.004042048879982829,-0.09981298700258924,26442.94698989749,26446.211456223926,3.264466326436377,0.012345319633562645,1.1819433680923772e6,1.1851457304898445e6,3202.362397467252,0.27094042607437047,0.6508454745703218
1846.9999999999486,4.030888100776129,4.027056087213684,-0.0038320135624445584,-0.09506623519781464,26445.36212629528,26448.624124162554,3.261997867273749,0.01233485800532965,1.1112290235311752e6,1.1144172027348005e6,3188.1792036253028,0.2869056815573589,1.2328697787183158
1847.9999999999488,4.054769505687511,4.050740307060534,-0.0040291986269771485,-0.09936936295208655,26441.21461907279,26444.474383246306,3.2597641735155776,0.012328345049490345,1.173907440793237e6,1.177077842062333e6,3170.40126909595,0.27007250818289685,0.5
1848.9999999999488,4.049663856274881,4.045610552829059,-0.0040533034458221096,-0.10008987386796533,26439.793345170707,26443.048426672656,3.255081501949462,0.012311297064445515,1.1786964788568087e6,1.1818981865651251e6,3201.7077083163895,0.27163122701627596,0.6485619939861252
1849.999999999949,4.030987188690197,4.027140226089439,-0.0038469626007584523,-0.09543475135698606,26442.196531123252,26445.44917556412,3.2526444408686075,0.012300961597649982,1.108279943056798e6,1.11146687287925e6,3186.9298224519007,0.2875563924455659,1.22854729197583
1850.9999999999493,4.054733869062888,4.050693839708888,-0.004040029353999941,-0.09963734944048633,26438.072237332315,26441.322627926573,3.250390594257624,0.012294355522895713,1.1705472443804871e6,1.173716850918016e6,3169.6065375288017,0.27077988972639183,0.5
1851.9999999999493,4.049705059055249,4.045640541776801,-0.004064517278448143,-0.10036576044864733,26436.648060779517,26439.893768761463,3.2457079819469072,0.012277305256267058,1.1754659238741975e6,1.178666862002759e6,3200.93812856148,0.2723122860092417,0.646291341576185
1852.9999999999495,4.031085571979236,4.027223734524385,-0.003861837454850914,-0.09580142584159478,26439.03935599243,26442.28265804736,3.2433020549287903,0.012267094924512426,1.1053456849275269e6,1.1085312578041248e6,3185.5728765979875,0.2881969794641079,1.224249190395296
1853.9999999999498,4.054698200504314,4.050647364938915,-0.004050835565398536,-0.09990473680370841,26434.93814421278,26438.179172739343,3.241028526561422,0.012260397618032475,1.167204207387656e6,1.1703729040641948e6,3168.6966765387915,0.2714774892416399,0.5
1854.9999999999498,4.049745802918175,4.045670112066522,-0.004075690851653491,-0.10064065869805014,26433.511079659365,26436.747425679638,3.2363460202723218,0.01224334523900117,1.172251841825888e6,1.175451896540367e6,3200.054714479018,0.2729835518530424,0.6440336069819693
1855.99999999995,4.031183241980601,4.0273066033215486,-0.0038766386590527446,-0.09616627244034866,26435.89054437152,26439.12451533455,3.233970963032334,0.012233259014309548,1.102426374732676e6,1.1056104841383991e6,3184.1094057231676,0.28882739733937085,1.2199756436584048
1856.9999999999502,4.054662498014053,4.050600880478045,-0.0040616175360073115,-0.10017153185984445,26431.812282218165,26435.04396043844,3.2316782202760805,0.012226472349949957,1.1638784725504701e6,1.1670461453297704e6,3167.67277930025,0.2721652521296967,0.5
1857.9999999999502,4.049786082596985,4.04569925798215,-0.004086824614835116,-0.10091457996750236,26430.3823444039,26433.609340270486,3.2269958665856393,0.012209418027086884,1.1690543707337028e6,1.1722534292733164e6,3199.0585396136157,0.27364497492155776,0.6417888793349746
1858.9999999999504,4.031280190037798,4.0273888232558255,-0.0038913667819722164,-0.09652930579195812,26432.750039384937,26435.97469079982,3.2246514148828282,0.012199454881077756,1.0995221374644306e6,1.1027046779260552e6,3182.540461624507,0.28944760211592024,1.2157268204774658
1859.9999999999507,4.054626759576768,4.050554384060993,-0.004072375515775661,-0.10043774081441581,26428.694593513566,26431.916933435266,3.2223399217000406,0.012192580720543437,1.1605701819112496e6,1.1637367178546358e6,3166.535943386145,0.27284312424531115,0.5
1860.999999999951,4.049825892824412,4.045727973776871,-0.004097919047540977,-0.10118753635314982,26427.261797267347,26430.479455034507,3.217657767159835,0.012175524622428156,1.1658736479535908e6,1.1690715986324039e6,3197.9506788130384,0.27429650583716914,0.6395572472518077
1861.999999999951,4.031376407501056,4.0274703851289795,-0.0039060223720763787,-0.09689054003512461,26429.617783815236,26432.833127471837,3.215343656600453,0.01216568352558409,1.0966330975110058e6,1.0998139646114216e6,3180.8671004157513,0.2900575504820406,1.2115028885887416
1862.9999999999511,4.054590983159859,4.050507873375983,-0.004083109783876715,-0.1007033705948468,26425.585019927792,26428.79803380084,3.213013873046293,0.012158723716516884,1.1572794768075063e6,1.1604447640900856e6,3165.2872825793456,0.2735110529490395,0.5
1863.9999999999513,4.049865228332595,4.045756253727136,-0.004108974605459004,-0.10145953936227023,26424.149380167022,26427.357712131048,3.2083319640260015,0.012141666011145302,1.1627098101651184e6,1.1659065423905333e6,3196.732225414831,0.2749380969754489,0.6373387988362792
1864.9999999999513,4.0314718857282905,4.027551279717115,-0.003920606011175387,-0.09724999013523133,26426.493720105427,26429.69976803579,3.2060479303618195,0.012131945933949761,1.093759378650211e6,1.0969384690407207e6,3179.090390509693,0.2906572005291467,1.2073040147458316
1865.9999999999516,4.054555166713446,4.050461346118241,-0.004093820595205244,-0.1009684275309448,26422.483502955514,26425.687203268495,3.2037003129808,0.012124902311406295,1.1540064978708026e6,1.1571704257842333e6,3163.9279134306125,0.27416898598649236,0.5
1866.9999999999518,4.0499040838538765,4.045784092080298,-0.0041199917735781355,-0.10173060122593235,26421.045034685554,26424.244053381342,3.1990186957882543,0.01210784316664455,1.159562993368701e6,1.1627583976425163e6,3195.40427381522,0.27556970100710965,0.6351336216675326
1867.9999999999518,4.031566616085705,4.027631497824327,-0.0039351182613778235,-0.09760767056848178,26423.377790361308,26426.574554836152,3.1967644748438033,0.012098243079315604,1.090901104044319e6,1.0940783154475708e6,3177.2114032518584,0.291246510932377,1.203130364713085
1868.999999999952,4.054519308170707,4.050414799937593,-0.004104508233114146,-0.1012329186555531,26419.38998375991,26422.584383236055,3.194399476145918,0.012091117463762511,1.1507513850152674e6,1.1539138439811987e6,3162.4589659313206,0.2748168724462898,0.5
1869.9999999999523,4.049942454120849,4.045811483107265,-0.004130971013584173,-0.10200073360007564,26417.948702073412,26421.13842027031,3.1897181968961377,0.01207405704685085,1.156433332877213e6,1.1596273008109364e6,3193.96793372347,0.276191272157199,0.632941802802186
1870.9999999999523,4.031660589948723,4.027711030231517,-0.003949559717206341,-0.09796359661457944,26420.269936353972,26423.457429878665,3.1874935246923997,0.012064575919818469,1.0880583962323277e6,1.0912336274544515e6,3175.231222123839,0.2918254418254448,1.19898210325906
1871.9999999999525,4.054483405447864,4.0503682324906,-0.004115172957264157,-0.10149685041834793,26416.30440317503,26419.489514768506,3.185111593476904,0.012057370118335247,1.1475142774316487e6,1.15067515900726e6,3160.88157561142,0.27545466211418856,0.5
1872.9999999999527,4.049980333866881,4.0458384210512435,-0.004141912815637916,-0.10226994884400484,26414.86032325146,26418.04075394966,3.180430698197597,0.0120403085962868,1.1533209633066203e6,1.1565133876253797e6,3192.4243187594693,0.27680276526030123,0.6307634287694959
1873.9999999999527,4.031753798702614,4.0277898677487025,-0.003963930953911898,-0.09831778307463762,26417.170099522195,26420.348334833172,3.1782353109774704,0.012030945400298403,1.0852313771239326e6,1.0884045280576348e6,3173.1509337022435,0.292393954007457,1.194859394150015
1874.999999999953,4.054447456444522,4.050321641389481,-0.004125815055040505,-0.1017602299539619,26413.226701708267,26416.402538600236,3.175836891969084,0.012023661205178266,1.144295313580555e6,1.1474545104706916e6,3159.1968901366927,0.2760823060833321,0.5
1875.9999999999532,4.050017717826354,4.045864900179253,-0.004152817647101514,-0.10253825875434276,26411.779838813174,26414.950995239662,3.171156426487869,0.012006598744351666,1.1502260185733754e6,1.1534167931287051e6,3190.774555329699,0.2774041365615442,0.6285985855679378
1876.9999999999534,4.031846233743367,4.027868001165118,-0.003978232578249141,-0.09867024553055816,26414.078220974774,26417.247211035596,3.1689900608216703,0.01199735245088073,1.0824201679947209e6,1.085591139630933e6,3170.971636212198,0.292952009762226,1.190762400144313
1877.9999999999534,4.054411459043648,4.050275024252957,-0.004136434790691368,-0.10202306382754421,26410.156819542804,26413.323395137668,3.1665755948633887,0.01198999164033819,1.141094631185855e6,1.1442520372476722e6,3157.4060618171934,0.2766997561399387,0.5
1878.9999999999536,4.050054600735151,4.045890914732119,-0.004163686003031408,-0.10280567581176885,26408.707189027362,26411.869084632253,3.1618956048914697,0.011972928406753723,1.1471486318837453e6,1.1503376516581487e6,3189.019774403423,0.2779953430417032,0.626447358661815
1879.9999999999538,4.031937886478435,4.027945421300344,-0.0039924651780909315,-0.09902099909525194,26410.99424149313,26414.153999490827,3.1597579976987618,0.011963797988091671,1.0796248894777824e6,1.082793583908756e6,3168.6944309736136,0.29349957210659716,1.1866912829825274
1880.9999999999538,4.0543754111119075,4.050228378656445,-0.004147032455462885,-0.10228535927129564,26407.094696540207,26410.25202446163,3.1573279214244394,0.011956362325000882,1.1379123672258842e6,1.1410678774800044e6,3155.5102541202214,0.27730696536966526,0.5
1881.999999999954,4.05009097733087,4.045916458974701,-0.004174518356169443,-0.10307221194622582,26405.64231384054,26408.794962292985,3.1526484524438274,0.011939298483912902,1.1440889357286813e6,1.1472760968482548e6,3187.1611195735168,0.2785763431532168,0.6243098329778811
1882.9999999999543,4.032028748327473,4.028022118955543,-0.004006629371930082,-0.09937005964037514,26407.918101533643,26411.068640874757,3.150539341113472,0.011930282913633029,1.0768456615602074e6,1.080011981989124e6,3166.320428916719,0.29403660542487936,1.182646203386262
1883.9999999999543,4.054339310499669,4.0501817021816295,-0.004157608318039685,-0.10254712296212051,26404.040272242844,26407.188366329952,3.148094087107893,0.011922774146111707,1.1347486579290428e6,1.1379021685659108e6,3153.5106368679553,0.2779038877757499,0.5
1884.9999999999545,4.050126842353339,4.045941527147153,-0.0041853152061861465,-0.1033378797527797,26402.585152879477,26405.728568064,3.1434151845242013,0.011905709862586615,1.1410470618768127e6,1.1442322616144235e6,3185.199737610761,0.2791470960340315,0.6221860929019908
1885.9999999999548,4.032118810723085,4.0280980849633305,-0.004020725759754207,-0.099717442577868,26404.84974123025,26407.991075537113,3.1413343068634276,0.011896808115360506,1.074082603574369e6,1.0772464543203933e6,3163.850746024167,0.29456307508336843,1.1786273210483331
1886.9999999999548,4.054303155041298,4.050134992367925,-0.004168162673373388,-0.10280836222596014,26400.993485876435,26404.132360179912,3.1388743034767685,0.01188922797604549,1.1316036387649204e6,1.1347550471539241e6,3151.4083890037145,0.27849047856043424,0.5
1887.999999999955,4.050162190544813,4.045966113513893,-0.0041960770309197315,-0.1036026912876615,26399.535645453703,26402.669841466064,3.134196012360917,0.011872163413982855,1.1380231413680953e6,1.141206278156169e6,3183.1367880736943,0.2797075623828728,0.6200762222757645
1888.9999999999552,4.03220806511167,4.02817331014037,-0.00403475497129957,-0.1000631640566849,26401.789100396807,26404.92124350363,3.1321431068245147,0.011863374466457804,1.0713358341943424e6,1.0744971207007645e6,3161.286506422097,0.29507894775118976,1.1746347946273341
1889.9999999999552,4.054266942555196,4.050088246760798,-0.004178695794397669,-0.1030690838468582,26397.954276352582,26401.083945130787,3.1296687782050867,0.011855724672607149,1.1284774444389995e6,1.1316266491347433e6,3149.2046957437415,0.2790666939124607,0.5
1890.9999999999554,4.050197016650466,4.045990212316096,-0.004206804334369707,-0.10386665925325174,26396.493730558035,26399.61872170161,3.124991143573425,0.011838659995799984,1.1350173045064793e6,1.1381982779400137e6,3180.973433534382,0.28025770364069574,0.6179803043932827
1891.9999999999557,4.032296502954067,4.028247785335921,-0.004048717618146291,-0.10040723977465928,26398.736118529716,26401.859084478852,3.1229659491364146,0.011829982826126104,1.068605471428002e6,1.071764100267207e6,3158.628839205019,0.2955841911406341,1.1706687817413721
1892.999999999956,4.054230670844085,4.050041462864452,-0.004189207979632847,-0.10332929524112797,26394.922582271378,26398.04305998642,3.1204777150414884,0.01182226507888079,1.1253702088847556e6,1.1285171096354495e6,3146.900750693865,0.2796324912325919,0.5
1893.999999999956,4.050231315418623,4.046013817819448,-0.004217497599174891,-0.104129795824735,26393.459346875192,26396.575147656786,3.1158007815938618,0.011805200450022674,1.1320296808535566e6,1.1352083917018503e6,3178.710848293733,0.2807974827918794,0.6158984219977934
1894.9999999999561,4.032384115726431,4.028321501385667,-0.004062614340763382,-0.10074968614520259,26395.690734810385,26398.80453784836,3.113803037973412,0.011796634038702984,1.0658916326128673e6,1.0690475114932596e6,3155.8788803922944,0.29607877422361867,1.1667294389618454
1895.9999999999563,4.0541943376950345,4.0499946381889425,-0.004199699506092003,-0.10358900329577427,26391.898341923872,26395.0096432378,3.111301313929289,0.011788850023671645,1.1222820652580368e6,1.1254265630112796e6,3144.4977532427292,0.2801878289411799,0.5
1896.9999999999563,4.05026508160123,4.046036924267827,-0.004228157333403537,-0.10439211380535071,26390.432432778278,26393.539057904494,3.106625126216386,0.011771785604989926,1.1290603992231025e6,1.132236749432444e6,3176.3502093416173,0.2813268636051037,0.6138306572784491
1897.9999999999566,4.032470894920859,4.0283944491590535,-0.004076445761805658,-0.10109051913902685,26392.65288810778,26395.757542681597,3.1046545738172426,0.011763328934683044,1.0631944344089364e6,1.066347472179011e6,3153.0377700745594,0.2965626669996098,1.162816921807262
1898.9999999999568,4.054157940879759,4.049947770204052,-0.004210170675706948,-0.10384821551361006,26388.881493294793,26391.98363306557,3.102139770777285,0.011755480320624859,1.1192131459291629e6,1.1223551428412274e6,3141.9969120644964,0.28073266682871495,0.5
1899.9999999999568,4.050298309954071,4.046059525929869,-0.004238784024201969,-0.10465362548197185,26387.412926333447,26390.51039070655,3.0974643731024116,0.011738416273507744,1.1261095876727696e6,1.1292834803773512e6,3173.892704581609,0.28184581139574616,0.6117770918670596
1900.999999999957,4.032556832046278,4.028466619514302,-0.004090212531975723,-0.10142975542145524,26389.622516981017,26392.71803773413,3.0955207531114866,0.011730068329395776,1.0605139927932268e6,1.0636640994507747e6,3150.1066575478762,0.2970358410124313,1.1589313847370986
1901.9999999999573,4.054121478154644,4.049900856385232,-0.00422062176941207,-0.10410693888070698,26385.871974065012,26388.964967342738,3.092993277725327,0.011722156769219023,1.1161635824777938e6,1.1193029819172926e6,3139.399439498782,0.28126696559383946,0.5
1902.9999999999573,4.0503309952372595,4.046081617053834,-0.004249378183425634,-0.10491434375171885,26384.400765302504,26387.489084016677,3.0883187141735107,0.011705093254325052,1.1231773734974065e6,1.1263487130233154e6,3171.33952590893,0.28235429245105365,0.6097378068348712
1903.9999999999575,4.032641918629053,4.028538003344575,-0.004103915284478177,-0.10176741122289762,26386.599559681923,26389.685961450505,3.086401768581709,0.011696853024205723,1.057850423053587e6,1.0609975097482193e6,3147.086694632191,0.2974982687578668,1.1550729811457074
1904.9999999999577,4.0540849472610425,4.049853894168636,-0.004231053092406789,-0.10436518098283332,26382.869721614272,26385.953583637136,3.0838620228641958,0.011688880153692035,1.113133505685029e6,1.1162702122423628e6,3136.706557333702,0.28179068739857527,0.5
1905.9999999999577,4.050363132215446,4.046103191912985,-0.004259940302461018,-0.10517428100652643,26381.39588714543,26384.47507548266,3.079188337229425,0.011671817330673497,1.1202638832254754e6,1.123432575100142e6,3168.691874666605,0.2828522745501064,0.6077128826893646
1906.999999999958,4.032726146213861,4.0286085915341285,-0.004117554679732294,-0.10210350344761383,26383.58395415756,26386.661251966554,3.077297808995354,0.01166368380559014,1.0552038397842154e6,1.058347818824205e6,3143.9790399896447,0.297949924123909,1.1512418633562551
1907.9999999999582,4.054048345925279,4.049806880995911,-0.004241464929368277,-0.10462294890072957,26379.87467302373,26382.94941921421,3.0747461904793454,0.01165565124395229,1.1101230455278682e6,1.113256965018728e6,3133.919490859844,0.2823037953751921,0.5
1908.9999999999584,4.050394715658337,4.046124244761648,-0.0042704708966887495,-0.1054334502309028,26378.398229023114,26381.468302449495,3.0700734263809863,0.011638589271895611,1.1173692426094394e6,1.120535193564245e6,3165.950954805594,0.2833397263926843,0.6057023993697553
1909.9999999999584,4.032809506364313,4.028678375003349,-0.004131131360963991,-0.10243804857245337,26380.57563805291,26383.64384711226,3.06820905935092,0.011630561445843332,1.0525743568784106e6,1.0557151417349295e6,3140.7848565189634,0.2983907821803201,1.1474381826147124
1910.9999999999586,4.054011671858994,4.049759814270361,-0.004251857588633001,-0.10488025029990315,26376.886765078638,26379.952411039532,3.0656459608944715,0.011622470794973411,1.1071323311717175e6,1.1102633706460453e6,3131.0394743278157,0.28280625415519434,0.5
1911.9999999999588,4.050425740340739,4.046144769879296,-0.004280970461442379,-0.10569186391458806,26375.407727799913,26378.46870196152,3.060974161606282,0.011605409831750157,1.1144935766216102e6,1.1176566946017412e6,3163.117980130948,0.28381661828140636,0.6037064362491311
1912.9999999999588,4.03289199066381,4.028747344666005,-0.00414464599780473,-0.10277106372795582,26377.574548713408,26380.633684414057,3.059135700648767,0.011597486702195594,1.0499620875247444e6,1.0530995928385411e6,3137.5053137966897,0.29882081944437333,1.1436620890838818
1913.999999999959,4.0539749227591,4.049712691400631,-0.0042622313584690374,-0.10513709235202173,26373.905934270973,26376.962495781503,3.0565615105297184,0.01158933954700255,1.104161490966481e6,1.1072895587116454e6,3128.0677451645024,0.28329802938757453,0.5
1914.9999999999593,4.050456201043278,4.0461647615279155,-0.00429143951536215,-0.10594953512290299,26372.424320046357,26375.476210765497,3.0518907191399194,0.011572279749875323,1.1116370094471413e6,1.114797203614115e6,3160.194166973699,0.2842829215037903,0.601725072123371
1915.9999999999593,4.032973590716156,4.028815491473181,-0.004158099242975055,-0.10310256562420682,26374.580623187667,26377.630701097787,3.050077910120308,0.01156446031766958,1.0473671441989976e6,1.0505012857830857e6,3134.1415840880945,0.2992400135374701,1.1399137318374715
1916.9999999999595,4.053938096308126,4.049665509757958,-0.004272586550168711,-0.10539348279786773,26370.932116802138,26373.97960981398,3.0474930118434713,0.011556258225327474,1.1012106524371924e6,1.1043356579854016e6,3125.005548209185,0.28377908816019376,0.5
1917.9999999999598,4.050486092552467,4.046184213995005,-0.004301878557462224,-0.10620647643679079,26369.4479420418,26372.490765312916,3.0428232711165037,0.011539199750424872,1.1087996644774312e6,1.1119568452180556e6,3157.1807406244334,0.28473860894541203,0.599758385213338
1918.9999999999598,4.033054298146403,4.028882806371617,-0.004171491774785707,-0.10343257160467516,26371.593798230006,26374.634834091048,3.0410358610424737,0.011531483020364814,1.0447896386615527e6,1.0479203335076454e6,3130.6948460927233,0.29964834357501463,1.1361932588542063
1919.99999999996,4.053901190174234,4.049618266718769,-0.00428292345546577,-0.10564942889695081,26367.965248585635,26371.00368921907,3.03844063343422,0.01152322754065068,1.0982799422788024e6,1.101401796412235e6,3121.854133432498,0.2842493988331441,0.5
1920.9999999999602,4.050515409661178,4.046203121551797,-0.004312288109380447,-0.10646270099590033,26366.478529777112,26369.512301763,3.0337719858871424,0.01150617054325604,1.1059816643046662e6,1.109135743233484e6,3154.078928817762,0.2851836545410308,0.5978064531604632
1921.9999999999602,4.033134104601477,4.0289492803465485,-0.004184824254928721,-0.10376109859957737,26368.61401030319,26371.646020026084,3.032009722894145,0.011498555524038643,1.0422296819491682e6,1.0453568482310182e6,3127.166281849961,0.30004578990703507,1.1325008170119901
1922.9999999999604,4.053864202011477,4.049570959623019,-0.004293242388457408,-0.10590493846160792,26365.005265249718,26368.034669789668,3.02940453994961,0.011490248188732599,1.0953694863516998e6,1.0984881011067403e6,3118.6147550405003,0.2847089309952879,0.5
1923.9999999999607,4.050544147168881,4.046221478495351,-0.004322668673530039,-0.1067182214654137,26363.516018957333,26366.540755985094,3.024737027761148,0.011473192822938096,1.1031831307156305e6,1.10633402068347e6,3150.8899678394664,0.28561803386129525,0.595869353023682
1924.999999999961,4.03321300175097,4.029014904381083,-0.004198097369886966,-0.10408816415261019,26365.64119558107,26368.664195242258,3.0229996611888055,0.011465678527459692,1.0396873843716384e6,1.0428109414496804e6,3123.557078041951,0.30043233427611055,1.1288365520829255
1925.999999999961,4.053827129459877,4.04952358581571,-0.004303543644166297,-0.10616001883483599,26362.052102140133,26365.072487032317,3.0203848921846657,0.011457320850752222,1.0924794096734826e6,1.0955946983460172e6,3115.288672534516,0.2851576555997157,0.5
1926.9999999999611,4.05057229988234,4.046239279107792,-0.004333020774548224,-0.10697305105933028,26360.560345004455,26363.576063561715,3.0157185572606977,0.011440267269706206,1.1004041846855138e6,1.1035517997798983e6,3147.6150943844113,0.2860417234131087,0.5939471612763901
1927.9999999999613,4.033290981287869,4.029079669498083,-0.004211311789785732,-0.10441378540065115,26362.675289951283,26365.689295788918,3.0140058376346133,0.011432852715002974,1.0371628555045448e6,1.040282723929561e6,3119.868425016175,0.3008079597584956,1.1252006087242723
1928.9999999999613,4.053789970145677,4.049476142606277,-0.004313827539399462,-0.10641467789818525,26359.10569432293,26362.117076169805,3.0113818468744284,0.011424446192508732,1.089609836412526e6,1.0927217135639682e6,3111.877151442226,0.28559554507032464,0.5
1929.9999999999616,4.050599862614849,4.046256517697359,-0.0043433449174896666,-0.10722720250836716,26357.6114430601,26360.618159790894,3.006716730793414,0.011407394548207727,1.0976449463713977e6,1.1007892019271327e6,3144.2555557349697,0.28645470159811437,0.5920399538034269
1930.9999999999618,4.033368034929207,4.029143566720447,-0.004224468208760435,-0.10473798007462469,26359.716229017886,26362.721257427886,3.0050284099997953,0.01140007875612763,1.0346562041859971e6,1.0377723057038414e6,3116.1015178442467,0.30117265089960976,1.121593130477674
1931.9999999999618,4.053752721681361,4.049428627309086,-0.004324094372274878,-0.10666892307336863,26356.165976586974,26359.168372143973,3.002395556999545,0.011391624865569102,1.0867608898845585e6,1.0898692713443756e6,3108.3814598170575,0.28602257301946576,0.5
1932.999999999962,4.050626830188127,4.046273188558662,-0.004353641629465166,-0.10748068908789025,26354.66924798824,26357.66697968931,2.997731701070734,0.011374575309077586,1.0949055351070408e6,1.0980463477056446e6,3140.8125986037776,0.2868569477362925,0.5901478058980764
1933.9999999999623,4.033444154416781,4.029206587111954,-0.004237567304826939,-0.10506076550450402,26356.763948104137,26359.76001563638,2.9960675322436146,0.01136735730586199,1.0321675385093848e6,1.0352797960633448e6,3112.257553959964,0.3015263935208195,1.1180142597601932
1934.9999999999623,4.053715381665968,4.049381037203825,-0.004334344462142425,-0.10692276230703515,26353.23288344692,26356.226309618454,2.9934261715352477,0.01135885750630424,1.0839326925442752e6,1.0870374954156887e6,3104.802871413529,0.2864387145779079,0.5
1935.9999999999625,4.0506531974316005,4.046289286012705,-0.004363911418895583,-0.10773352361200932,26351.73369437796,26354.722457994627,2.988763616667711,0.011341810187256683,1.0921860693976667e6,1.0953233568755155e6,3137.2874778488185,0.2872484428938937,0.5882707922590985
1936.9999999999627,4.033519331517924,4.029268721738678,-0.004250609779246517,-0.1053821595952757,26353.818382255184,26356.80550560953,2.9871233543453855,0.011334689004143344,1.029696965819141e6,1.0328053035555586e6,3108.3377364175394,0.3018691750679099,1.1144641378595197
1937.9999999999627,4.053677947685107,4.049333369574995,-0.004344578110111463,-0.10717620309705359,26350.30634914581,26353.29082298138,2.984473835571407,0.011326144736333034,1.0811253659806112e6,1.0842265086443445e6,3101.142663733335,0.2868439462541434,0.5
1938.999999999963,4.050678959183042,4.046304804368154,-0.004374154814887454,-0.10798571940565865,26348.80471654622,26351.78452916866,2.9798126224413863,0.01130909980356778,1.0894866669123885e6,1.0926203483613678e6,3133.6814489793032,0.2876291692362032,0.5864089869877771
1939.9999999999632,4.033593558026139,4.029329961708725,-0.00426359631741402,-0.10570217985721977,26350.879466240774,26353.85766226335,2.978196022577322,0.011302074476841712,1.0272445927060999e6,1.030348935974045e6,3104.343267945107,0.3022009840681903,1.1109429049283863
1940.9999999999634,4.053640417311245,4.049285621673303,-0.0043547956379415,-0.1074292534518888,26347.386307657966,26350.361846348267,2.9755386903016188,0.011293487162469574,1.078339030909575e6,1.0814364330281706e6,3097.40211859555,0.287238246025733,0.5
1941.9999999999634,4.050704110288831,4.0463197379603635,-0.004384372328467556,-0.10823728934757798,26345.88224854061,26348.853127399772,2.9708788591633493,0.011276444763309896,1.0868074444799738e6,1.0899374402553798e6,3129.995775406016,0.2879991107259747,0.5845624635849962
1942.9999999999636,4.0336668257618555,4.029390298134647,-0.004276527627208537,-0.10602084435669304,26347.947134558068,26350.91642023719,2.9692856791225495,0.01126951433429902,1.024810525000003e6,1.027910800359175e6,3100.2753591719083,0.30252181096324116,1.1074506999790408
1943.9999999999638,4.053602788103726,4.049237790754164,-0.004364997349561861,-0.1076819209413413,26344.472692691652,26347.439313564682,2.966620873030479,0.011260885376739629,1.0755738071710716e6,1.0786673896910893e6,3093.582520017633,0.2876215931805035,0.5
1944.9999999999638,4.050728645604352,4.046334081113606,-0.0043945644907452674,-0.10848824681243532,26342.96622414217,26345.92818660603,2.9619624638617097,0.011243845657544828,1.0841485180821645e6,1.087274749802622e6,3126.231720457552,0.2883582524272402,0.5827312949483375
1945.999999999964,4.033739126573043,4.029449722172199,-0.004289404400844354,-0.10633817077031744,26345.021321434288,26347.98171389683,2.960392462540767,0.01123700917308499,1.022394867768278e6,1.0254910029869688e6,3096.135218690848,0.3028316471745607,1.1039876608777544
1946.9999999999643,4.053565057609055,4.049189874040059,-0.004375183568996022,-0.10793421363210264,26341.565437691952,26344.523158209104,2.957720517151756,0.011228339956286637,1.0728298137203497e6,1.0759194988770105e6,3089.685156660853,0.2879939685816961,0.5
1947.9999999999643,4.050752559994219,4.046347828179138,-0.004404731815081497,-0.10873860473688828,26340.05657686813,26343.009640437616,2.953063569486403,0.011211303061815696,1.0815100028487092e6,1.0846323934035848e6,3122.390554875601,0.28870658122913245,0.5809155533692032
1948.9999999999645,4.033810452336006,4.029508224983705,-0.004302227352300569,-0.10665417731289585,26342.10196082962,26345.053477336907,2.9515165072880336,0.011204559574163452,1.0199977253062634e6,1.0230896493686071e6,3091.9240623436635,0.3031304860425336,1.1005539243393823
1949.9999999999648,4.053527223360937,4.049141868758085,-0.004385354602852054,-0.10818613916242523,26338.66447584359,26341.613313595764,2.9488377521738585,0.01119585146345736,1.070107168623115e6,1.0731928799432323e6,3085.711320117349,0.28835535454712174,0.5
1950.9999999999648,4.050775848332716,4.046360973498381,-0.004414874834334448,-0.10898837653906705,26337.153239974752,26340.097422280058,2.9441823053057306,0.011178817537641184,1.0788920130519879e6,1.0820104865999222e6,3118.4735479343217,0.28904408506211215,0.5791153105299616
1951.999999999965,4.033880794955944,4.029565797775848,-0.004314997180095759,-0.10696888181453774,26339.188986439854,26342.13164438403,2.942657944175153,0.011172166104621198,1.0176192011371276e6,1.0207068442414714e6,3087.6431043437915,0.3034183219905381,1.0971496259219626
1952.9999999999652,4.05348928288055,4.049093772103254,-0.004395510777295719,-0.10843770565422876,26335.769740073643,26338.709712777345,2.939972703701642,0.011163420445721975,1.0674059890512128e6,1.0704876513570219e6,3081.662305809092,0.28870573497046753,0.5
1953.9999999999652,4.050798505504,4.046373511440037,-0.004424994063962906,-0.10923757520771447,26334.25614646016,26337.191465256616,2.935318796455249,0.011146389630792033,1.0762946620998415e6,1.0794091440776295e6,3114.481977788033,0.2893707538892468,0.5773306375011168
1954.9999999999654,4.033950146367745,4.029622431763973,-0.00432771460377257,-0.10728230262511639,26336.28233169935,26339.21614859932,2.9338168999711343,0.011139829316151737,1.0152593980020953e6,1.0183426915672712e6,3083.2935651759617,0.3036951513321129,1.093774900021369
1955.9999999999657,4.053451233676555,4.04904558127511,-0.0044056524014450815,-0.10868892081005926,26332.881163054495,26335.812288548026,2.931125493530999,0.011131047436022385,1.0647263912754604e6,1.067803930685351e6,3077.539409890538,0.28904509506934284,0.5
1956.999999999966,4.050820526402562,4.046385436364233,-0.004435090038329648,-0.10948621419839466,26331.36522906712,26334.291702231552,2.9264731644325366,0.011114019873158765,1.0737180625323174e6,1.0768284796518113e6,3110.417119493941,0.28968657863109404,0.5755616047372479
1957.999999999966,4.034018498536567,4.029678118208944,-0.0043403803276236275,-0.10759445771501047,26333.38192978364,26336.306923281427,2.924993497785181,0.011107549746494765,1.012918417859794e6,1.0159972945236529e6,3078.876663858886,0.30396097154243445,1.090429879866001
1958.9999999999661,4.053413073245406,4.048997293441947,-0.004415779803458975,-0.1089397928033877,26329.998677206568,26332.92097344607,2.922296239503339,0.011098732952209077,1.0620684906613305e6,1.065141834594244e6,3073.3439329133835,0.2893734217648872,0.5
1959.9999999999663,4.050841905933282,4.046396742658547,-0.004445163274735542,-0.10973430654562687,26328.480420285905,26331.398065812577,2.9176455266715493,0.01108170878112481,1.0711623260153944e6,1.0742686062706728e6,3106.2802552783396,0.2899915521518909,0.5738082820792553
1960.9999999999663,4.034085843458581,4.029732848382333,-0.0043529950762479785,-0.10790536555652429,26330.48771361239,26333.403901469093,2.9161878567028907,0.011075327918044123,1.0105963618791696e6,1.0136707555039572e6,3074.393624787568,0.30421578196371474,1.0871146975115276
1961.9999999999666,4.05337479907137,4.048948905776509,-0.00442589329486065,-0.10919032939847122,26327.12221470123,26330.035699756936,2.913485055705678,0.011066477497790357,1.059432401662108e6,1.0625014788394128e6,3069.0771773047745,0.28969070348328047,0.5
1962.9999999999668,4.050862639012086,4.046407424703274,-0.004455214308812572,-0.10998186573660512,26325.601652357185,26328.51048835405,2.908835996866401,0.011049456856785435,1.0686275633346315e6,1.0717296360021615e6,3102.0726675300393,0.29028566864306604,0.5720707387440548
1963.9999999999668,4.034152173161557,4.029786613602381,-0.004365559559175836,-0.10821504424694409,26327.5996158522,26330.507015944342,2.9074000921427796,0.01104316433919101,1.0082933304342724e6,1.0113631761051625e6,3069.845670890063,0.3044595831619633,1.0838294838356715
1964.999999999967,4.053336408626768,4.048900415421114,-0.004435993205653688,-0.1094405388166772,26324.25170746368,26327.156399515912,2.90469205223053,0.011034281561010018,1.0568182378153077e6,1.0598829782631602e6,3064.7404478525277,0.28999693023731954,0.5
1965.9999999999673,4.0508827205659905,4.046417476906537,-0.004465243659453222,-0.11022890484544408,26322.728857274797,26325.628901959524,2.900044684727618,0.011017264587011594,1.0661138843916643e6,1.0692116800347823e6,3097.7956431179773,0.29056892405876616,0.5703490433268817
1966.9999999999673,4.034217479705608,4.029839405200062,-0.004378074505545726,-0.10852351236813368,26324.7175689194,26327.61619923493,2.8986303155288624,0.011011059503070094,1.0060094231011624e6,1.0090746571311447e6,3065.234029982239,0.3046923775856128,1.0805743685330433
1967.9999999999675,4.053297899372056,4.048851819522466,-0.004446079849589779,-0.10969042887961858,26321.38708717574,26324.283004511235,2.8959173354960512,0.01100214561605302,1.054226111735831e6,1.057286446785665e6,3060.3350498338696,0.2902920934859875,0.5
1968.9999999999677,4.050902145533567,4.046426893670237,-0.004475251863330421,-0.11047543738534223,26319.861966788696,26322.753238485002,2.891271696305921,0.010985132444669454,1.0636213981973638e6,1.0667148486639122e6,3093.4504665483255,0.2908413155086139,0.5686432637973231
1969.9999999999677,4.03428175518375,4.029891214554148,-0.004390540629602313,-0.10883078813126518,26321.841504982927,26324.731383617574,2.889878634647175,0.010979013888903249,1.0037447386528587e6,1.006805298580702e6,3060.5599278433947,0.3049141689102171,1.077349480110022
1970.999999999968,4.053259268756062,4.04880311519765,-0.0044561535584115575,-0.10994000785395461,26318.52828527881,26321.41544628675,2.887161007936811,0.010970070121860636,1.051656135111486e6,1.0547119974040845e6,3055.8622925984673,0.2905761865093399,0.5
1971.9999999999682,4.050920908865125,4.0464356694244445,-0.004485239440680466,-0.11072147646390403,26317.000912407842,26319.883429541434,2.882517133592046,0.01095306088708994,1.0611502128680071e6,1.0642392512971773e6,3089.0384291701484,0.29110284215288407,0.5669534674966337
1972.9999999999684,4.034344991722621,4.029942033058113,-0.004402958664508461,-0.1091368902149453,26318.971355967195,26321.8525011205,2.8811451533038053,0.01094702796069032,1.0014993750527421e6,1.0045551996479632e6,3055.8245952210855,0.3051249627649699,1.0741549458804622
1973.9999999999684,4.053220514216032,4.048754299568068,-0.004466214647964151,-0.11018928361532779,26315.67523297673,26318.553656145006,2.8784231682766404,0.010938055523156888,1.049108418697776e6,1.0521597421822129e6,3051.3234844368417,0.2908492039578092,0.5
1974.9999999999686,4.050939005523137,4.046443798594161,-0.004495206928976536,-0.11096703561440137,26314.14562540301,26317.01940649795,2.8737810949423874,0.01092105035767573,1.0587004356192513e6,1.061784996439791e6,3084.5608205397148,0.29135350442502694,0.5652797211350775
1975.9999999999688,4.034407181483118,4.0299918521544225,-0.004415329328695705,-0.109441836931109,26316.107053554962,26318.97948352659,2.8724299716268433,0.010915102168346041,999273.4294525186,1.0023244587131833e6,3051.0292606647126,0.3053247660488991,1.0709908919575406
1976.9999999999688,4.053181633177888,4.0487053697263065,-0.004476263451581808,-0.11043826447205633,26312.827861238686,26315.697565150018,2.8697039113321807,0.010906102249692172,1.0465830723115443e6,1.0496297922491755e6,3046.719937631162,0.291111142367514,0.5
1977.999999999969,4.050956430482444,4.046451275632868,-0.00450515484957581,-0.11121212797243721,26311.296036809792,26314.1611004845,2.865063674707926,0.010889101284481277,1.0562721727610822e6,1.0593521916952056e6,3080.018934123451,0.29159330459992333,0.5636220907892949
1978.9999999999693,4.0344683166609885,4.03004066330215,-0.004427653358838768,-0.10974564704236388,26313.24852919018,26316.112262376035,2.8637331858553807,0.01088323694688835,997066.9981872517,1.0001131733426622e6,3046.1751554104267,0.3055135874468435,1.0678574432534729
1979.9999999999693,4.053142623056271,4.048656322769219,-0.004486300287052103,-0.11068695835009157,26309.986100802133,26312.847104130342,2.8610033282093355,0.010874210716979853,1.0440802048280436e6,1.0471222577908775e6,3042.052962833899,0.2913619996592996,0.5
1980.9999999999695,4.050973178730634,4.046458094990114,-0.0045150837405198985,-0.11145676708564861,26308.452077431426,26311.30844239508,2.856364963652595,0.0108572140817928,1.0538655296938233e6,1.0569409437550937e6,3075.4140612704214,0.29182224625602027,0.5619806418996932
1981.9999999999698,4.034528389487466,4.030088458010422,-0.0044399314770444676,-0.11004833894869437,26310.39571408092,26313.250768969458,2.8550548885359603,0.010851432717174902,994880.1767690894,997921.440279866,3041.2635107765673,0.30569143719932024,1.064754723471447
1982.9999999999698,4.053103481254795,4.048607155765613,-0.004496325489181885,-0.11093537359647854,26307.14988217568,26310.00220368182,2.8523215061395604,0.010842381325664402,1.0415999241740106e6,1.0446372480482118e6,3037.32387420116,0.2916017756635072,0.5
1983.99999999997,4.0509892452682665,4.046464251144231,-0.0045249941240355085,-0.11170096611144797,26305.61367784178,26308.461362890306,2.8476850485276373,0.010825389148500841,1.0514806109019464e6,1.0545513583998366e6,3070.7474978901446,0.2920403349383777,0.5603554392678634
1984.9999999999702,4.034587392229946,4.030135227806965,-0.004452164422980687,-0.11034993148382251,26307.548539202253,26310.394934370644,2.8463951683916093,0.01081968988539562,992713.0598849839,995749.3554437979,3036.2955588139594,0.30585832719534745,1.0616828551015294
1985.9999999999702,4.053064205166091,4.048557865788527,-0.0045063393775643945,-0.11118351818410754,26304.319135642065,26307.162794170712,2.843658528647211,0.010810614462147719,1.0391423373240031e6,1.0421748713083431e6,3032.533984340029,0.291830471670455,0.5
1986.9999999999704,4.05100462510925,4.046469738570735,-0.004534886538515082,-0.11194473860648288,26302.78076838825,26305.61979240073,2.839024012479058,0.010793626869639245,1.0491175199499168e6,1.0521835404878545e6,3066.0205379377585,0.2922475775720651,0.5587465470540228
1987.9999999999707,4.034645317192534,4.030180964270627,-0.004464352921906389,-0.11065044312278888,26304.706935299175,26307.544689409566,2.8377541103909607,0.010788008843325612,990565.7413908275,993597.0139228085,3031.272531980998,0.30601427096851413,1.058641959415823
1988.999999999971,4.053024792172053,4.04850844988372,-0.004516342288333419,-0.1114314004951613,26301.493791261088,26304.328805736528,2.8350144754404027,0.010778910498164793,1.0367075502946151e6,1.0397352349023463e6,3027.6846077311784,0.2920480907919269,0.5
1989.999999999971,4.0510193132810635,4.046474551774229,-0.004544761506834583,-0.11218809774455554,26299.953279194713,26302.78366112944,2.830381934727484,0.01076192761515867,1.046776359477468e6,1.0498375939555245e6,3061.2344780565472,0.2924439829329601,0.5571540287744805
1990.9999999999711,4.034702156716739,4.030225659000744,-0.004476497715995009,-0.11094989275832402,26301.87083288954,26304.69996468527,2.8291317957300635,0.010756389968246427,988438.3143080304,991464.5099710117,3026.1956629812485,0.3061592837080357,1.0556321564636817
1991.9999999999714,4.0529852396439034,4.0484589051011435,-0.004526334542759969,-0.11167902854631796,26298.67377887253,26301.500168295046,2.826389422516513,0.010747269791175323,1.0342956681399964e6,1.0373184451981203e6,3022.77705812396,0.2922546377439545,0.5
1992.9999999999714,4.051033304825106,4.046478685257598,-0.004554619567508134,-0.11243105708568764,26297.13114016449,26299.95289905537,2.8217588908810285,0.010730291741106549,1.044457231193658e6,1.0475136218071626e6,3056.3906135046855,0.29262956129009604,0.5555779472991311
1993.9999999999716,4.034757903181993,4.030269303648853,-0.004488599533139848,-0.11124829892767381,26299.040162266952,26301.860690568872,2.820528301919694,0.010724833623268504,986330.8708186352,989351.9370031519,3021.066184516647,0.30629338226119,1.052653565066974
1994.9999999999718,4.0529455449424,4.0484092284642275,-0.004536316478172431,-0.11192641075163769,26295.85902809917,26298.67681154123,2.8177834420603176,0.010715692683967071,1.0319067949466417e6,1.0349246075977809e6,3017.8126511392184,0.29245011913069774,0.5
1995.9999999999718,4.051046594796938,4.046482133553122,-0.004564461243816709,-0.11267362981406304,26294.31428098325,26297.127435935938,2.81315495268791,0.010698719588677233,1.0421602358748313e6,1.0452117261157567e6,3051.490240925341,0.2928043246980918,0.5540183648489722
1996.999999999972,4.034812549006334,4.030311889888828,-0.0045006591175065225,-0.11154568056984243,26296.21485350369,26299.026797206385,2.811943702694407,0.010693340156976035,984243.5022629538,987259.3875918369,3015.8853288830724,0.30641658511831743,1.0497063028153877
1997.9999999999723,4.052905705417928,4.048359417000562,-0.004546288417365929,-0.1121735551678009,26293.049468349673,26295.858664952295,2.809196602622251,0.01068417950532451,1.0295410338302127e6,1.0325538265298413e6,3012.792699628626,0.2926345430274013,0.5
1998.9999999999723,4.051059178266622,4.046484891192434,-0.004574287074188277,-0.11291582948796948,26291.502631122094,26294.307201310305,2.8045701882110734,0.01066721148486665,1.0398854733563111e6,1.0429320080130281e6,3046.5346567169763,0.2929682868714426,0.5524753429936485
1999.9999999999725,4.034866086646921,4.030353409447804,-0.0045126771991164105,-0.11184205627172532,26293.394836453794,26296.198214521883,2.803378068088932,0.010661909903708066,982176.2991313401,985186.9534595533,3010.6543282131897,0.30652891246468517,1.0467904860617903
2000.9999999999727,4.0528657184107075,4.048309467711956,-0.0045562506987515405,-0.11242047023798832,26290.245028821668,26293.045657790637,2.8006289689692494,0.01065273056945249,1.0271984869282071e6,1.0302062054468511e6,3007.7185186439892,0.2928079194935773,0.5
2001.9999999999727,4.051071050318956,4.046486952736869,-0.004584097582087665,-0.11315766929653681,26288.696119840348,26291.492124502172,2.796004661824554,0.010635767742449504,1.0376330425319921e6,1.0406745676885372e6,3041.5251565451035,0.2931214631642118,0.5509489426490202
2002.999999999973,4.034918508600711,4.030393854077071,-0.004524654523639704,-0.11213744500651217,26290.580040755813,26293.374872220254,2.7948314644418133,0.010630543183563273,980129.3510645175,983134.7254790755,3005.3744145579403,0.3066303862131877,1.0439062299176345
2003.9999999999732,4.052825581250872,4.048259377604361,-0.004566203646510836,-0.11266716405549124,26287.445638504654,26290.23771910683,2.7920806021757016,0.01062134617631311,1.0248792553979229e6,1.0278818468196117e6,3002.5914216887904,0.2929702602403631,0.5
2004.9999999999734,4.0510822060538505,4.046488312748215,-0.0045938933056355324,-0.1133991627908838,26285.89467618879,26288.682134622955,2.787458434166183,0.010604388659790288,1.0354030413453807e6,1.0384395043811304e6,3036.463035749737,0.2932638706376815,0.5494392240735592
2005.9999999999734,4.034969807404949,4.030433215582228,-0.00453659182272137,-0.11243186539824529,26287.77039583595,26290.556699790388,2.786303954439063,0.010599240302556892,978102.7468469794,981102.7936649935,3000.046818014118,0.30672102983915495,1.041053648248415
2006.9999999999736,4.052785291258671,4.048209143658677,-0.004576147599993696,-0.11291364508906626,26284.651226183,26287.43477774273,2.7835515597289486,0.010590026612018202,1.0225834394110825e6,1.0255808521311503e6,2997.412720067776,0.2931215785964635,0.5
2007.9999999999739,4.0510926405863925,4.046488965818138,-0.0046036747682540735,-0.11364032315952406,26283.098229012412,26285.877160574604,2.778931562192156,0.010573074521042013,1.0331955667892691e6,1.0362269163788586e6,3031.3495895895176,0.2933955281099065,0.547946246870772
2008.9999999999739,4.035019975637834,4.0304714857948,-0.004548489843033465,-0.11272533644184661,26284.965830910896,26287.74362650793,2.777795597034128,0.01056800155230738,976096.5744047101,979091.2471735504,2994.6727688403334,0.30680086861965356,1.0382328536691712
2009.999999999974,4.052744845744556,4.048158762859927,-0.004586082884628695,-0.11315992146518061,26281.861720438992,26284.636762334303,2.7750418953110056,0.010558772147990182,1.0203111381482932e6,1.0233033218750078e6,2992.1837267145747,0.2932618899118287,0.5
2010.9999999999743,4.051102349047428,4.046488906539877,-0.00461344250755058,-0.11388116394134995,26280.306706953575,26283.07713105277,2.7704240991952247,0.010541825596206573,1.031010714898568e6,1.034036901010587e6,3026.1861120190006,0.2935164560648354,0.5464700699796392
2011.9999999999743,4.035069005919005,4.030508656601656,-0.004560349317348944,-0.11301787678623118,26282.166274990977,26284.9355814385,2.7693064475242863,0.010536827210318062,974110.9207983415,977100.1742956378,2989.2534972962458,0.30686992964275317,1.035443957540044
2012.9999999999745,4.052704242009395,4.048108232168801,-0.004596009840594384,-0.11340600167545434,26279.077049655825,26281.84360131485,2.766551659024117,0.010527583041811395,1.0180624497964421e6,1.0210493555483163e6,2986.9057518742047,0.2933912111650347,0.5
2013.9999999999748,4.051111326583615,4.0464881295369395,-0.004623197046675465,-0.11412169831862659,26277.52003845495,26280.281974549758,2.761936094808334,0.010510642141139925,1.0288485807472109e6,1.0318695546435525e6,3020.973896341631,0.29362667674067455,0.5450107516770964
2014.9999999999748,4.035116890910186,4.030544719917327,-0.00457217099285856,-0.11330950543609239,26279.37165688297,26282.13249344058,2.7608365576088545,0.010505717540189927,972145.8722230728,975129.6624532925,2983.790230219718,0.30692824147846043,1.0326870699618766
2015.999999999975,4.052663477344534,4.048057548550104,-0.004605928794429559,-0.11365189387616134,26276.297142020594,26279.05522291795,2.7580808973543753,0.010496459537077242,1.0158374715420969e6,1.0188190516476453e6,2981.5801055483753,0.2935095612315003,0.5
2016.9999999999752,4.051119568357815,4.046486629435294,-0.004632938922521035,-0.11436193981307417,26274.73815176257,26277.491619357635,2.7534675950664678,0.010479524397778855,1.0267092584434295e6,1.0297249726770917e6,3015.7142336622346,0.29372621400476023,0.5435683495745309
2017.9999999999752,4.035163623315673,4.030579667712702,-0.004583955602970313,-0.11360024105301836,26276.581905193227,26279.33429116858,2.7523859753528086,0.010474672791474583,970201.5140016645,973179.7981961134,2978.284194448963,0.3069758345526405,1.0299622997718714
2018.9999999999754,4.052622549032015,4.048006708945012,-0.004615840087002887,-0.11389760657837229,26273.521925527377,26276.271555180498,2.7496296531207918,0.01046540186319387,1.0136362995696336e6,1.016612507664684e6,2976.208095050417,0.29361696067061194,0.5
2019.9999999999757,4.051127069549277,4.04648440089152,-0.00464266865775631,-0.11460190159556875,26271.96097492885,26274.70599357114,2.7450186422902334,0.01044847259368947,1.0245928411250304e6,1.0276032495410112e6,3010.4084159807535,0.2938150936790896,0.5421429206155082
2020.999999999976,4.035209195882922,4.030613491988014,-0.004595703894908709,-0.11389010263947787,26273.796948330662,26276.540903075806,2.743954745143128,0.010443693199499544,968277.9305819956,971250.6671981666,2972.736616170965,0.3070127411025639,1.0272697545400358
2021.999999999976,4.05258145434464,4.04795571029882,-0.00462574404582039,-0.11414314796464563,26270.751327980215,26273.492525945767,2.7411979655516916,0.010434410235660527,1.0114590290554528e6,1.0144298200828204e6,2970.7910273675807,0.2937134319856577,0.5
2022.9999999999761,4.051133825353994,4.046481438565661,-0.004652386788333018,-0.11484159716512168,26269.188435815577,26271.92502509087,2.736589275293227,0.01041748694284801,1.0224994209577654e6,1.0255044786893971e6,3005.0577316316776,0.2938933431196341,0.5407345210735217
2023.9999999999764,4.035253601403135,4.030646184800912,-0.004607416602222969,-0.1141791088575172,26271.01671450972,26273.752257417553,2.735542907834315,0.01041277898591359,966375.2055338051,969342.3542517931,2967.1487179880496,0.3070389948952653,1.0246095405619509
2024.9999999999764,4.052540190546197,4.047904549533879,-0.004635641012318281,-0.11438852656248412,26267.98527699618,26270.718062866483,2.732785870302905,0.01040348485613057,1.0093057541645587e6,1.01227108437144e6,2965.3302068812773,0.29379899942567905,0.5
2025.9999999999766,4.051139830984901,4.046477737148668,-0.004662093836233616,-0.11508103967618866,26266.420462097045,26269.148641626285,2.728179529240151,0.01038656764509259,1.0204290891271862e6,1.0234287525952408e6,2999.663468054612,0.29396099150998767,0.5393432065497744
2026.9999999999768,4.035296832711717,4.030677738240011,-0.004619094471705942,-0.1144672786958751,26268.241131753424,26270.968282254096,2.7271505006719963,0.01038193035838771,964493.4215444569,967454.9432667154,2961.5217222585343,0.30705463159263524,1.021981762859057
2027.9999999999768,4.052498754891509,4.047853223576665,-0.004645531314844575,-0.11463375057764681,26265.223700008417,26267.948093407904,2.724393399486871,0.010372625912514113,1.0071765680453472e6,1.0101363949808755e6,2959.826935528312,0.2938736890267932,0.5
2028.999999999977,4.051145081672215,4.046473291335938,-0.004671790336276516,-0.11532024260034927,26263.65698126303,26266.376770698782,2.7197894357523182,0.010355714886516624,1.0183819358380745e6,1.021376162748482e6,2994.226910407422,0.2940180697474108,0.5379690319709801
2029.9999999999773,4.035338882688834,4.03070814445227,-0.004630738236564014,-0.1147546308050949,26265.470127896464,26268.188905453822,2.7187775573584076,0.0103511475108561,962632.6604143776,965588.5172631121,2955.8568487345474,0.3070596885277257,1.0193865251715204
2030.9999999999773,4.052457144626669,4.0478017293313995,-0.004655415295269805,-0.11487882855078736,26262.46652426922,26265.182544850817,2.71602058159624,0.010341833578679129,1.0050715628269973e6,1.0080258453414296e6,2954.2825144323288,0.2939375287987179,0.5
2031.9999999999775,4.051149572663608,4.046468095854072,-0.0046814768095355674,-0.11555921907019401,26260.897920621846,26263.60933964474,2.7114190228930966,0.010324928839405395,1.0163580503088222e6,1.0193467996516929e6,2988.7493428706657,0.294064610592943,0.5366120515871987
2032.9999999999777,4.035379744259995,4.0307373956173125,-0.004642348642682315,-0.11504118414842332,26262.703630588156,26265.41405469616,2.7104241080050997,0.01032043062332802,960793.0030553472,963743.1583708856,2950.1553155384026,0.3070542048242265,1.0168239299548802
2033.9999999999777,4.052415356989079,4.047750063706429,-0.004665293282649863,-0.1151237687075628,26259.71367685306,26262.421344294744,2.7076674416821334,0.010311108015122188,1.0029908296145857e6,1.0059395278554735e6,2948.698240887723,0.29399054845005956,0.5
2034.999999999978,4.051153299224571,4.046462145435077,-0.004691153789493363,-0.1157979825249095,26258.143207303452,26260.846275618685,2.703068315233395,0.010294209662477438,1.0143575207680905e6,1.0173407528134806e6,2983.232045390061,0.2941006483720949,0.5352723189696913
2035.9999999999782,4.035419410396491,4.030765483974033,-0.004653926422458099,-0.11532695735338296,26259.941567295507,26262.643657474775,2.702090179267543,0.010289779862392243,958974.5294858553,961918.947823472,2944.4183376167202,0.30703822125446245,1.014294078376008
2036.9999999999784,4.052373389207681,4.047698223588523,-0.00467516561915815,-0.11536857959854083,26256.965084659678,26259.664418660923,2.699334001245006,0.010280449368545112,1.0009344584858287e6,1.0038775338957368e6,2943.0754099080805,0.29403277956483187,0.5
2037.9999999999784,4.051156256638577,4.04645543484246,-0.004700821796117083,-0.11603654607036962,26255.392768262464,26258.08750559626,2.694737333797093,0.010263557500668942,1.0123804344511459e6,1.0153581107476719e6,2977.676296525984,0.294126219274507,0.5339498870088077
2038.9999999999786,4.035457874115987,4.030792401795588,-0.0046654723203989334,-0.11561196934612925,26257.1838653063,26259.87764110051,2.6937757942105236,0.010259195380696626,957177.318828006,960115.9659563738,2938.6471283677965,0.30701178042600885,1.0117970703091128
2039.9999999999789,4.052331238503017,4.04764620586859,-0.004685032634426989,-0.1156132694660395,26254.220674417174,26256.91169469541,2.691020278234646,0.010249857771847134,998902.5384857049,1.0018399538009098e6,2937.415315204882,0.29406425572387496,0.5
2040.9999999999789,4.051158440207423,4.046447958846078,-0.004710481361345664,-0.11627492310827721,26252.64653028134,26255.332956377417,2.686426096075593,0.0102329724851813,1.0104268775940768e6,1.0133989609672052e6,2972.0833731284365,0.29414136134276747,0.5326448079118971
2041.999999999979,4.035495128482955,4.030818141415331,-0.004676987067623983,-0.11589623871958883,26254.430451732147,26257.1159327046,2.685480972453661,0.01022867731749437,955401.4493032019,958334.2922017854,2932.8428985835053,0.3069749266889328,1.0093330043317976
2042.9999999999793,4.052288902087428,4.047594007416617,-0.004694894670810967,-0.11585784686754487,26251.480372685062,26254.1630989723,2.6827262872393476,0.010219333344837772,996895.1576244205,999826.8768703474,2931.7192459269427,0.29408501220059746,0.5
2043.9999999999793,4.051159845251424,4.046439712247581,-0.004720133003842442,-0.11651312671296238,26249.9044199733,26252.58255458947,2.6781346161697,0.01020245473401394,1.008496935433874e6,1.0114633899814417e6,2966.4545475676423,0.29414611421614467,0.531357133201247
2044.9999999999795,4.035531166609255,4.030842695202438,-0.004688471406817385,-0.1161797843518266,26251.681253511528,26254.358459241652,2.677205730124115,0.010198225798456247,953646.9982306765,956574.0050868005,2927.006856124033,0.30692770611710385,1.0069019777211685
2045.9999999999798,4.0522463771651385,4.047541625106758,-0.004704752058380279,-0.11610232005862435,26248.74410585735,26251.418557896694,2.6744520393440325,0.010188876193688955,994912.4028739871,997838.3913621157,2925.9884881286416,0.2940950861278226,0.5
2046.9999999999798,4.051160467109707,4.046430689855893,-0.004729777253813516,-0.11675117024401573,26247.166363785578,26249.836226690255,2.6698629046768474,0.010172004351527179,1.00659069220102e6,1.0095514832912787e6,2960.7910902587464,0.29414051939866986,0.5300869137120501
2047.99999999998,4.035565981654543,4.030866055587191,-0.004699926067351257,-0.11646262478960467,26248.93619741293,26251.60514749279,2.668950079860224,0.010167840935676749,951914.042021468,954835.1822284436,2921.140206975513,0.3068701666352385,1.0045040864499932
2048.99999999998,4.052203660932439,4.047489055792895,-0.004714605139543693,-0.11634669760055522,26246.01180016575,26248.677997707877,2.6661975421266106,0.010158486410913574,992954.3601606473,995874.5844874525,2920.2243268052116,0.29409451672408754,0.5
2049.9999999999804,4.051160301140467,4.046420886512064,-0.00473941462840255,-0.11698906673893719,26244.432288002434,26247.09389897118,2.661610968745663,0.01014162142864264,1.0047082311175325e6,1.0076633253863805e6,2955.094268848072,0.29412462019556995,0.5288341995892415
2050.9999999999804,4.03559956682682,4.030888215037194,-0.00471135178962534,-0.11674477885153164,26246.195210037837,26248.855924068783,2.66071403094611,0.010137522828179386,950202.6561782554,953117.900330411,2915.2441521555884,0.30680235770764847,1.0021394251836433
2051.9999999999804,4.052160750577774,4.047436296333101,-0.0047244542446724935,-0.11659098775878675,26243.28338168261,26245.941344482486,2.657962799876259,0.010128164076189775,991021.1143664223,993935.542407347,2914.428040924715,0.29408334481228093,0.5
2052.999999999981,4.051159342721098,4.046410297065202,-0.004749045655896289,-0.1172268295106465,26241.702118748246,26244.355497560424,2.6533788121778343,0.01011130604322401,1.0028496343937895e6,1.0057989997398836e6,2949.3653460941277,0.29409846151830965,0.5275990402901417
2053.999999999981,4.0356319153829405,4.030909166082114,-0.004722749300826834,-0.11702626502741129,26243.458217823885,26246.110715413033,2.65249758914797,0.010107271561285552,948512.9152899021,951422.2351816068,2909.319891704712,0.3067243307715543,0.9998080872734362
2054.999999999981,4.052117643281931,4.047383343565816,-0.0047342997161150535,-0.11683519909556729,26240.5587763241,26243.208524137535,2.6497478134369885,0.01009790925575777,989112.7493230838,992021.3502307467,2908.6009076628834,0.29406161326435576,0.5
2055.9999999999814,4.051157587248635,4.046398916396909,-0.004758670851725988,-0.11746447155510095,26238.975781990663,26241.62094842597,2.645166435308056,0.010081058259612358,1.0010149832241291e6,1.0039585888075003e6,2943.6055833712453,0.2940620902486698,0.526381484575567
2056.9999999999814,4.035663020628994,4.030928901290367,-0.004734119338626996,-0.11730710206545297,26240.725147047924,26243.369447804842,2.6443007569178008,0.010077087207383383,946844.8930291743,949748.2616508462,2903.3686216719216,0.3066361389333134,0.9975101647573319
2057.9999999999814,4.052074336218105,4.047330194333703,-0.004744141884402531,-0.11707933988275122,26237.837909853413,26240.479462433646,2.6415525802331103,0.010067722002509574,987229.3478071047,990132.0920069834,2902.7441998786526,0.29402936676532243,0.5
2058.999999999982,4.051155030139883,4.046386739397818,-0.0047682907420654175,-0.11770200613381049,26236.25320354369,26238.89017737887,2.636973835182289,0.010050878129298267,999204.3577844079,1.0021421740204331e6,2937.816236025188,0.29401555478995045,0.5251815805125319
2059.999999999982,4.035692875920838,4.030947413293266,-0.004745462627572472,-0.11758730838727868,26237.995923829174,26240.632047362462,2.6361235332879005,0.010046969825518537,945198.662149565,948096.0536830286,2897.3915334636113,0.3065378369108544,0.9952457483533773
2060.9999999999823,4.052030826552113,4.047276845460421,-0.004753981091692339,-0.11732341868034399,26235.120707883732,26237.75408497816,2.6333770944293065,0.01003760235659205,985370.9915394142,988267.8507255279,2896.8591861136956,0.29398665182826456,0.5
2061.9999999999823,4.051151666831652,4.046373760991218,-0.004777905840434471,-0.11793944619632576,26233.534309070867,26236.163110076224,2.6288010053576727,0.010020765690152174,997417.8372263785,1.0003498357855378e6,2931.998559159343,0.29395890565910177,0.5239993754711944
2062.9999999999823,4.035721474664567,4.0309646947623845,-0.004756779902182373,-0.1178669026602669,26235.27047413226,26237.898440046138,2.6279659138781426,0.010016919461414715,943574.2944813839,946465.6842997073,2891.389818323427,0.3064294815187414,0.9930149274568546
2063.9999999999827,4.05198711144245,4.047223293773895,-0.004763817668555603,-0.11756744376365381,26232.407095881466,26235.03231722825,2.6252213467851107,0.010007550344845307,983537.7611796963,986428.7083118373,2890.94713214098,0.2939335169677123,0.5
2064.9999999999827,4.051147492781053,4.046359976110339,-0.004787516670713643,-0.11817680494834525,26230.819024088247,26233.439672024506,2.620647936259047,0.00999072096777633,995655.4996782615,998581.6534783175,2926.153800056083,0.2938921947402136,0.5228349161229843
2065.9999999999827,4.035748810316924,4.03098073843301,-0.004768071883913372,-0.11814590322679025,26232.54872377032,26235.168551661434,2.619827891114255,0.009986936148298577,941971.8609311876,944857.2255910257,2885.364659838029,0.30631113088513046,0.9908177901367534
2066.999999999983,4.051943188040484,4.047169536083659,-0.004773651956825553,-0.11781142368716396,26229.696999169308,26232.314084494137,2.6170853248295316,0.00997756598146145,981729.7363242721,984614.7456223846,2885.0092981124762,0.2938700124246351,0.5
2067.999999999983,4.0511425034656785,4.046345379721356,-0.004797123744322285,-0.11841409528838923,26228.107273967715,26230.719788582577,2.612514614862448,0.009960743974291492,993917.4222374954,996837.7054417013,2920.2832042059163,0.2938154759005842,0.5216882484387627
2068.999999999983,4.0357748763858154,4.030995537082106,-0.004779339303709662,-0.11842432866299361,26229.830598408225,26232.442307862195,2.6117094539695245,0.009957019905908266,940391.4314756708,943270.7487164504,2879.3172407796374,0.30618284518622063,0.9886544231322926
2069.9999999999836,4.051899053490536,4.047115569203558,-0.004783484286978279,-0.11805536672631352,26226.99034292946,26229.5993119422,2.6089690127373615,0.009947649267506267,979946.9955014571,982826.0424422981,2879.0469408410136,0.2937961904120897,0.5
2070.9999999999836,4.0511366943838905,4.046329966801234,-0.004806727582656656,-0.11865133036167959,26225.39898394002,26228.003384964944,2.6044010249243,0.009930834709203815,992203.6809693526,995118.0689814023,2914.3880120497197,0.2937288046747067,0.5205594176870063
2071.9999999999836,4.035799666430681,4.03100908355117,-0.004790582879511618,-0.1187021972215107,26227.116023565577,26229.71963415377,2.6036105881939875,0.009927170741360174,938833.0751611765,941706.3238995587,2873.2487383822445,0.3060446861534967,0.9865249118494985
2072.999999999984,4.051854704930056,4.047061389929654,-0.004793315000402032,-0.11829928142709092,26224.28705220667,26226.887924598144,2.600872391474695,0.00991780019146733,978189.6161704205,981062.6774825914,2873.0613121708157,0.29371210496168976,0.5
2073.999999999984,4.051130061055,4.046313732360167,-0.004816328694833061,-0.11888852301075684,26222.69407909788,26225.29038624479,2.596307146908657,0.009900993159120804,990514.35090482,993422.8203651019,2908.4694602818927,0.29363223840472874,0.5194484684320195
2074.999999999984,4.035823174063002,4.031021370724742,-0.004801803338259525,-0.1189795273767008,26224.404924619925,26227.000455896137,2.5955312762125686,0.009897388648753815,937296.860099706,940164.0204268972,2867.1603271912318,0.3058967173843124,0.9844293403578296
2075.9999999999845,4.051810139489712,4.047006995062369,-0.004803144427342865,-0.11854317606174351,26221.587051911487,26224.17984735021,2.5927954387225327,0.00988801872895609,976457.6747154025,979324.7283752756,2867.0536598730832,0.2936178120274094,0.5
2076.9999999999845,4.051122599019571,4.046296671419969,-0.004825927599601876,-0.11912568631642544,26219.992484399267,26222.58071735731,2.588232958041772,0.009871219297952715,988849.5060349809,991752.0348155266,2902.52878054569,0.29352583611878874,0.5183554445321771
2077.9999999999845,4.035845392946671,4.03103239155271,-0.004813001393960903,-0.1192563372812161,26221.697226809854,26224.284698307103,2.587471497248771,0.009867673609636763,935782.853466149,938643.906642933,2861.053176784073,0.3057390041062094,0.9823677913868603
2078.999999999985,4.0517653542935665,4.046952381384944,-0.0048129729086223705,-0.11878705916477048,26218.890266823302,26221.475004952274,2.5847381289713667,0.009858304843062052,974751.2464453882,977612.2716718948,2861.0252265066374,0.2935133693791004,0.5
2079.999999999985,4.051114303839564,4.046278779035969,-0.00483552480359517,-0.11936283306082371,26217.294124670378,26219.874303102755,2.580178432377579,0.009841513087155859,987209.2193103617,990105.7865104489,2896.5672000872437,0.2934096586041517,0.5172803891381899
2080.999999999985,4.035866316798475,4.031042139029332,-0.004824177769142679,-0.11953264529756642,26218.992855238135,26221.57228646542,2.5794312272846582,0.00983802559284549,934291.121496329,937146.0499485049,2854.9284521759255,0.3055716132251764,0.9803403463230153
2081.9999999999854,4.051720346459149,4.04689754568503,-0.004822800774118896,-0.11903093900183916,26216.196621593626,26218.773322027177,2.576700433550286,0.00982865848445736,973070.4055882428,975925.3828378229,2854.977249580086,0.2933988366293176,0.5
2082.9999999999854,4.051105171098644,4.046260050275931,-0.004845120822713156,-0.11959997625534806,26214.598924608996,26217.171068149746,2.572143540750403,0.009811874475545759,985593.56263572,988484.1485766587,2890.585940938676,0.29328376833230696,0.5162233446914042
2083.9999999999854,4.035885939388451,4.031050606214992,-0.004835333173459411,-0.11980846946809648,26216.291734874885,26218.863145313953,2.5714104390681314,0.009808444554526556,932821.7294835005,935670.5167984625,2848.7873149620136,0.30539461345303087,0.9783470852063532
2084.999999999986,4.051675113097654,4.0468424847336895,-0.004832628363964808,-0.11927482409294378,26213.50604074915,26216.074723069672,2.568682320521475,0.00979907959098807,971415.2252900606,974264.1362524267,2848.9109623660333,0.29327427532498884,0.5
2085.999999999986,4.051095196402342,4.046240480241409,-0.004854716160932249,-0.11983712861755456,26211.906808787462,26214.470937038255,2.5641282507931464,0.00978230339936021,984002.6068692297,986887.193090208,2884.5862209782936,0.29314822957188,0.5151843529221242
2086.999999999986,4.035904254540358,4.031057786215743,-0.004846468324615216,-0.12008382803340739,26213.593790560717,26216.157199662874,2.5634091021565837,0.009778930438296654,931374.7417758242,934217.3726977551,2842.6309219308896,0.3052080751632722,0.9763880867274108
2087.9999999999864,4.05162965131399,4.046787195306452,-0.004842456007538409,-0.11951872269391514,26210.818448694947,26213.37913244987,2.560683754923957,0.009769568088597611,969785.7776116623,972628.6052036094,2842.8275919471635,0.2931397487544446,0.5
2088.9999999999864,4.051084375378329,4.046220064047197,-0.004864311331131965,-0.12007430308527428,26209.21770165594,26211.773834183034,2.556132527093723,0.009752799782849767,982436.4218188152,985314.9910703839,2878.569251568755,0.2930031081542732,0.5141634548479661
2089.9999999999864,4.0359212561320374,4.031063672204525,-0.00485758392751201,-0.12035873891572012,26210.898947009842,26213.45437419286,2.5554271830187645,0.009749483175624884,929950.2217739233,932786.6821987452,2836.4604248219403,0.30501207036773004,0.9744634282240936
2090.999999999987,4.051583958206995,4.04673167416284,-0.004852284044154942,-0.11976264330709546,26208.133769717642,26210.686474416252,2.5527046986098867,0.0097401238906962,968182.133524522,971018.8618849594,2836.728360437439,0.2929953220796127,0.5
2091.999999999987,4.051072703676592,4.04619879684215,-0.00487390683444211,-0.12031151230682052,26206.531527545558,26209.079683876582,2.5481563310240745,0.009723363537619312,980895.0762388126,983767.6124791376,2872.53624032496,0.29284847175903256,0.5131606907722371
2092.9999999999873,4.0359369380958094,4.031068257401165,-0.004868680694644745,-0.12063322022424441,26208.207128813294,26210.754593458172,2.547464644878346,0.009720102685229713,928548.2319289289,931378.5089006374,2830.2769717085175,0.3048066728670641,0.9725731856800396
2093.9999999999873,4.051538030869478,4.0466759180669065,-0.004862112802571872,-0.12000659417550723,26205.45192798861,26207.996673098914,2.544745110302756,0.00971074689837672,966604.3629087313,969434.9773945282,2830.61448579689,0.2928410624258854,0.5
2094.9999999999873,4.051060176969697,4.046176673789146,-0.004883503180550974,-0.12054876914230307,26203.84821067161,26206.388410292508,2.540199620896601,0.009693994563218756,979378.6378275257,982245.1262162795,2866.488388753729,0.29268438967713467,0.5121761002823454
2095.9999999999877,4.0359512944189975,4.031071535093239,-0.00487975932575857,-0.12090728975115259,26205.518260442033,26208.05778188995,2.53952144791765,0.009690788873850014,927168.8337393027,929992.9154437766,2824.081704473938,0.304591957980762,0.9707174337159543
2096.9999999999877,4.051491866388419,4.046619923767273,-0.004871942621146097,-0.12025058378036543,26202.772847567096,26205.309652512828,2.536804945732001,0.009681437000922371,965052.5345514517,967877.0217294546,2824.48717800295,0.29267703849052606,0.5
2097.9999999999877,4.051046790952959,4.0461536900854025,-0.004893100867556122,-0.12078608616626421,26201.167675136738,26203.69993748869,2.53226235195325,0.00966469274709542,977887.1732242124,980747.6001178497,2860.426893637283,0.2925109329541678,0.5112097222482379
2098.999999999988,4.035964319144097,4.031073498616352,-0.004890820527744921,-0.12118096546458353,26202.83226625023,26205.363863799394,2.5315975491648715,0.00966154163580866,925812.0877469283,928629.9635088345,2817.8757619061507,0.30436800288099286,0.9688962455951662
2099.999999999988,4.0514454618450415,4.046563688017157,-0.004881773827884572,-0.12049462034869393,26200.096452403497,26202.625336560992,2.5288841574947583,0.009652194075273216,963526.716141294,966345.0637850689,2818.347643774934,0.2925033210352254,0.5
2100.999999999988,4.051032541344711,4.046129840942921,-0.004902700401789417,-0.12102347615706888,26198.489844934044,26201.014189410434,2.5243444763909793,0.009635457964685347,976420.7480078626,979275.1009526151,2854.3529447525507,0.2923281741581311,0.5102615948208639
2101.9999999999886,4.035976006369287,4.031074141374483,-0.0049018649948040505,-0.1214542650171428,26200.149070478248,26202.672763380895,2.5236929026468715,0.00963236085358962,924478.0535382509,927289.713813876,2811.6602756251814,0.3041348861516102,0.9671096932150642
2102.9999999999886,4.05139881431498,4.046507207554908,-0.004891606760072165,-0.12073871233778423,26197.42266634244,26199.943649037657,2.5209826952159347,0.00962301798663121,962026.974268563,964839.1713508206,2812.197082257597,0.29231998244079727,0.5
2103.9999999999886,4.051017423886458,4.046105121608312,-0.004912302278146541,-0.12126095161135557,26195.814643950358,26198.331089893753,2.5164459433945012,0.009606290079532408,974979.4266923117,977827.6944197904,2848.2677274787566,0.292136187646719,0.5093317554306704
2104.999999999989,4.035986350248812,4.031073456820962,-0.004912893427849951,-0.1217272062267277,26197.468597255986,26199.984404715287,2.515807459301868,0.009603246397498813,923166.7897391453,925972.2261131387,2805.436373993405,0.30389268820925885,0.9653578471056776
2105.999999999989,4.051351920868367,4.046450479123546,-0.004901441744820545,-0.12098286795509904,26194.751413126007,26197.264513631548,2.5131005055409332,0.009593908588426748,960553.3744215111,963359.411108648,2806.036687136977,0.29212709692752886,0.5
2106.999999999989,4.051001434342928,4.046079527343726,-0.004921906999202363,-0.12149852521591853,26193.141995969352,26195.650562668518,2.508566699165385,0.009577188943393686,973563.2727264839,976405.4451462666,2842.172419782728,0.29193504925706226,0.5084202407861246
2107.9999999999895,4.035995344993293,4.0310714384781345,-0.004923906515158727,-0.12199980659707399,26194.79077060596,26197.298711773008,2.507941167048557,0.009574198125922046,921878.3540136953,924677.5591930406,2799.2051793453284,0.3036414910012893,0.9636407764268909
2108.9999999999895,4.051304778569993,4.046393499451781,-0.004911279118211986,-0.12122709563079433,26192.08261639695,26194.587853929028,2.5052375320774445,0.00956486572209076,959105.9809838932,961905.8486301297,2799.8676462365547,0.29192474051348605,0.5
2109.9999999999895,4.0509845685030825,4.046053053446181,-0.004931515056901148,-0.1217362093957183,26190.471824674845,26192.972531361702,2.5007066868565744,0.00954815439598374,972172.3484885291,975008.4166843314,2836.068195802276,0.2917248366723876,0.5075270868722629
2110.99999999999,4.03600298487015,4.031068079918862,-0.0049349049512876775,-0.12227208378653982,26192.115514446552,26194.61560841737,2.5000939708188525,0.00954521588544422,920612.8030612603,923405.7708693296,2792.967808069312,0.3033813780106054,0.9619585489657149
2111.99999999999,4.051257384479416,4.046336265273067,-0.004921119206349189,-0.12147140354997588,26189.416199701926,26191.91359341744,2.4973937155155,0.009535889217507353,957684.8572308142,960478.5483725724,2793.6911417582305,0.2917129910392763,0.5
2112.99999999999,4.050966822179108,4.046025695228979,-0.00494112695012916,-0.12197401674771591,26187.804053653857,26190.296919500637,2.4928658467797504,0.009519186265760732,970806.7152870434,973636.6715080041,2829.95622096071,0.2915056289164587,0.5066523289492726
2113.9999999999905,4.036009264203911,4.031063374785683,-0.004945889418228155,-0.12254405514115477,26189.442752595132,26191.93501840771,2.492265812576079,0.009516299510913108,919370.1926154172,922156.91798741,2786.7253719927976,0.30311243440089597,0.9603112311336093
2114.9999999999905,4.051209735651101,4.0462787733071,-0.004930962344000811,-0.12171580011293387,26186.752086494573,26189.241655488204,2.48956899363111,0.009506978893022279,956290.065329706,959077.5736779536,2787.5083482476184,0.2914919279524829,0.5
2115.9999999999905,4.0509481912074,4.045997448040548,-0.0049507431668525115,-0.1222119595999307,26185.138606399913,26187.62365051618,2.4850441162670904,0.009490284369393105,969466.4333550418,972290.271012302,2823.837657260243,0.2912775068949794,0.5057960015510983
2116.999999999991,4.036014177376599,4.031057316772775,-0.004956860603824609,-0.12281573815101307,26186.772408771307,26189.256865402625,2.484456631318608,0.009487448825447595,918150.5774400504,920931.0564175361,2780.4789774856763,0.30283474691461754,0.9586988879638619
2117.999999999991,4.0511618291344975,4.046221020278401,-0.004940808856096268,-0.12196029347837328,26184.090200138835,26186.571963440147,2.48176330131173,0.009478134555534685,954921.6663352771,957702.9867695,2781.3204342228128,0.29126163247470804,0.5
2118.999999999991,4.0509286714486175,4.04596830724632,-0.004960364202297285,-0.12245005046024303,26182.475406316204,26184.952647746,2.477241429794958,0.00946144851222644,968151.5618512621,970969.2755081904,2817.713656928274,0.2910405527353951,0.5049581384840789
2119.9999999999914,4.036017718828042,4.031049899644635,-0.004967819183407052,-0.12308714999520819,26184.104406600087,26186.581072963214,2.4766663631271513,0.009458663640612704,916954.0113291072,919728.2410537528,2774.2297246456146,0.30254840377702497,0.9571215831090204
2120.9999999999914,4.05111366197423,4.046163002898275,-0.004950659075954711,-0.12220489201337553,26181.43046391212,26183.904440482616,2.4739765704980528,0.009449356000269448,953579.72018821,956354.8487512805,2775.128563070437,0.291022187691104,0.5
2121.9999999999914,4.0509082587878265,4.045938268247117,-0.004969990540709013,-0.12268830156613342,26179.814376718838,26182.28383443771,2.4694577188711264,0.009432678487847353,966862.1588540558,969673.7442247006,2811.5853706448106,0.2907948506307411,0.5041387728256135
2122.999999999992,4.0360198830562375,4.031041117218487,-0.00497876583775092,-0.1233583079868476,26181.438669615094,26183.907564556244,2.468894941150211,0.009429943756358548,915780.5471030958,918548.5258120243,2767.978708928451,0.30225349486669545,0.9555793788383798
2123.999999999992,4.0510652312101625,4.046104717882937,-0.004960513327225691,-0.12244960384762432,26178.772801008487,26181.239009738885,2.466208730398648,0.009420643011591599,952264.2857122277,955033.2196014452,2768.9338892175583,0.2907736781440446,0.5
2124.9999999999923,4.050886949134829,4.0459073264615455,-0.004979622673283224,-0.12292672532731999,26177.155440839968,26179.617133752272,2.461692912303988,0.009403974079106425,965598.2813630977,968403.7353002144,2805.453937116661,0.29054048575524705,0.5033379369206574
2125.9999999999923,4.036020664617666,4.031030963382503,-0.004989701235163402,-0.12362922912923385,26178.775121261722,26181.23626355745,2.461142295727768,0.009401288961487324,914630.2366085147,917391.9636273803,2761.7270188656403,0.3019501114577443,0.9540723360355244
2126.9999999999923,4.051016533877573,4.046046161935923,-0.004970371941650065,-0.1226944373118245,26176.117134541953,26178.57559424922,2.458459707268048,0.0093919953621535,950975.4206119772,953738.1581753216,2762.737563344417,0.29051619037288307,0.5
2127.9999999999927,4.050864738424004,4.045875477343625,-0.00498926108037967,-0.12316533388672835,26174.498521831098,26176.952468767082,2.453946935984277,0.009375335057279277,964359.9852936855,967159.305785396,2799.3204917105613,0.2902775451490823,0.5025556623892388
2128.9999999999927,4.036020058127652,4.031019432078629,-0.005000626049023182,-0.12389993055046958,26176.113684900418,26178.56709325471,2.4534083542930603,0.009372699033272838,913503.1307136173,916258.6064517192,2755.4757381018717,0.3016383464333974,0.952600514195924
2129.9999999999927,4.050967567007222,4.045987331765765,-0.004980235241456299,-0.1229394005031643,26173.46338754954,26175.914116974225,2.4507294246868696,0.009363412813959722,949713.1814725404,952469.7221986521,2756.540726111736,0.2902498122472819,0.5
2130.999999999993,4.050841622615006,4.045842716366011,-0.004998906248994572,-0.12340413955180865,26171.843542766183,26174.289762479253,2.4462197130706045,0.009346761182770147,963147.325477716,965940.5116396089,2793.186161892838,0.29000611723730135,0.5017919801120155
2131.999999999993,4.036018058260627,4.031006517320356,-0.005011540940270898,-0.12417042906965299,26173.454283809784,26175.899976851295,2.445693041510822,0.00934417373798331,912399.2793101228,915148.5052527478,2749.2259426249657,0.3013182939714389,0.9511639714245843
2132.999999999993,4.050918327625526,4.045928224068848,-0.0049901035566781715,-0.12318450171280435,26170.81148299466,26173.254500798073,2.4430178034126584,0.009334895117792159,948477.6237546277,951227.9682676779,2750.3445130502805,0.2899746334724074,0.5
2133.9999999999936,4.050817597692612,4.0458090390371675,-0.005008558655444695,-0.12364315436709918,26169.19042664497,26171.628937808873,2.438511163902149,0.009318252204773225,961960.355658718,964747.407727983,2787.0520692649297,0.28972629203169714,0.5010469202378559
2134.9999999999936,4.036014659750512,4.030992213175978,-0.005022446574534101,-0.12444074162120526,26170.796841189895,26173.234837469074,2.4379962791790604,0.009315712830500934,911318.7313066992,914061.7100117018,2742.978705002577,0.30099004999815404,0.9497627644337547
2135.9999999999936,4.050868812754652,4.045868835546647,-0.004999977208005824,-0.1234297490025544,26168.161343770258,26170.59666853171,2.435324761452648,0.009306442013482982,947268.8017942534,950012.9518466936,2744.1500524402363,0.289690745355748,0.5
2136.999999999994,4.050792659667024,4.045774440884654,-0.005018218782369743,-0.12388239053396138,26166.539096396118,26168.969917602313,2.4308212061951053,0.009289807862018324,960799.128492665,963580.0478185633,2780.919325898285,0.28943816073824796,0.5003205121804476
2137.999999999994,4.036009857390977,4.030976513785907,-0.0050333436050697955,-0.12471088483226678,26168.1412801654,26170.57159815183,2.430317986429145,0.009287316055081249,910261.5346322223,912998.2697204122,2736.7350881899474,0.30065371149574993,0.9483969485406883
2138.999999999994,4.05081901941265,4.045809162889011,-0.005009856523638945,-0.12367515062090705,26165.512892701983,26167.940542916145,2.427650214161986,0.009278053230285042,946086.7688014316,948824.7272656044,2737.958464172785,0.2893982406752629,0.5
2139.9999999999945,4.050766804574027,4.04573891747216,-0.005027887101867634,-0.12412185999426742,26163.889474880514,26166.312624635302,2.423149754788028,0.00926142788179277,959663.695543334,962438.4845835333,2774.789040199248,0.2891418163555976,0.49961278461713665
2140.9999999999945,4.036003646035769,4.030959413346343,-0.005044232689425776,-0.12498087543553899,26165.48752378889,26167.910181868403,2.422658079514804,0.009258983144541813,909227.7362285256,911958.2323811435,2730.496152617852,0.30030937726822365,0.9470665776654579
2141.9999999999945,4.050768944613554,4.045749202790981,-0.005019741822573032,-0.12392071459044716,26162.866052551584,26165.28604662569,2.419994074105489,0.009249728486338652,944931.5768543936,947663.3477177265,2731.770863332902,0.28909721404662575,0.5
2142.999999999995,4.050740028475204,4.045702464383131,-0.005037564092072344,-0.1243615748396622,26161.24148489439,26163.656981616376,2.4154967219838,0.009233111981243389,958554.1072822231,961322.7695928601,2768.662310637068,0.288837353009422,0.49892376548779527
2143.999999999995,4.03599602059899,4.030940906126168,-0.00505511447282192,-0.12525072985755029,26162.83549504396,26165.250511515987,2.415016472026764,0.009230713821077388,908217.3820527631,910941.6450034162,2724.262950653094,0.29995714731815465,0.9457717043288276
2144.999999999995,4.050718585367548,4.045688951936483,-0.005029633431065328,-0.12416644911433551,26160.22074601996,26162.633102271204,2.4123562512431818,0.009221467489375829,943803.2769025193,946528.8652581585,2725.588355639251,0.28878776142676643,0.5
2145.9999999999955,4.0507123274580925,4.045665077237393,-0.005047250220699517,-0.12460154690537535,26158.595049172643,26161.002911189986,2.407862017342268,0.009204859866579207,957470.4130859453,960232.9533158423,2762.540229897015,0.28852486637088814,0.49825348199371805
2146.9999999999955,4.035986976055428,4.030920986451002,-0.005065989604426058,-0.1255204646219474,26160.185116848446,26162.59250992339,2.407393074943684,0.009202507796449821,907230.5170756982,909948.5536029488,2718.036527250544,0.2995971229023102,0.9445123796501805
2147.9999999999955,4.050667938681027,4.045628407014739,-0.0050395316662879,-0.12441236217276466,26157.57689575042,26159.98163240338,2.404736652963038,0.0091932699368408,942701.9187622657,945421.3308011745,2719.4120389088057,0.2884699802541293,0.5
2148.999999999996,4.050683697636397,4.045626751675178,-0.005056945961219306,-0.12484178816949025,26155.950090391987,26158.350335939875,2.4002455478876072,0.009176671233859339,956412.6612353327,959169.0851164683,2756.4238811355317,0.28820445325088523,0.4976019605965499
2149.999999999996,4.035976507440781,4.030899648719674,-0.005076858721106525,-0.12579009594696006,26157.536312057782,26159.936099854243,2.399787796461169,0.009174364771329569,906267.1852770615,908979.0031989692,2711.817921907641,0.29922940673159115,0.9432886533454984
2150.999999999996,4.050617001556786,4.04556756470437,-0.0050494368524161,-0.12465846192013304,26154.934424332023,26157.331559515955,2.397135183931823,0.009165135515315077,941627.5511143968,944340.7941198174,2713.2430054206634,0.2881439696841492,0.5
2151.9999999999964,4.050654135150141,4.045587483373337,-0.0050666517768034325,-0.12508231035666129,26153.306531174287,26155.69917839219,2.392647217904596,0.00914854576820947,955380.8989111196,958131.2132550441,2750.3143439245177,0.2878762122059532,0.4969692270172392
2152.9999999999964,4.035964609852012,4.030876887388683,-0.005087722463329669,-0.1260596401393178,26154.88900346809,26157.281204010254,2.3922005421627546,0.009146284435944474,905327.429645958,908033.0378146219,2705.6081686639227,0.29885410295388837,0.9421005737254006
2153.9999999999964,4.05056577099407,4.045506421689397,-0.005059349304673333,-0.12490475629116106,26152.29325430271,26154.682806048986,2.389551746276993,0.009137063901208173,940580.2215035766,943287.303842314,2707.0823387374403,0.2878098302354263,0.5
2154.999999999997,4.050623636165878,4.045547268029768,-0.005076368136109899,-0.12532312532780607,26150.664294089645,26153.049361018893,2.3850669292478415,0.009120483144999473,954375.1721963851,957119.3848820027,2744.2126856176183,0.287540242617809,0.4963553062350244
2155.999999999997,4.035951278447562,4.030852696988249,-0.0050985814593129675,-0.12632911320163778,26152.243113819444,26154.627745034482,2.384631215038098,0.0091182664701446,904411.2921793184,907110.7004730589,2699.4082937404746,0.2984713168757363,0.9409481876932365
2156.9999999999973,4.05051424398876,4.045444974643745,-0.005069269345014504,-0.1251512533880765,26149.653308152534,26152.03529439213,2.381986239597609,0.009109054760794821,939559.9763365767,942260.9074517504,2700.9311151736183,0.2874676639276159,0.5
2157.9999999999973,4.050592196876833,4.045506101379225,-0.005086095497608412,-0.12556424469315852,26148.02330165975,26150.400806240876,2.377504581127141,0.009092483029018217,953395.5260704455,956133.6460405125,2738.1199700669385,0.2871966455886873,0.49576022248644586
2158.9999999999973,4.035936508447651,4.030827072107149,-0.005109436340501539,-0.12659853121591325,26149.598565799064,26151.975645514573,2.3770797155084438,0.009090310543494977,903518.8138810862,906212.0331970316,2693.2193159454037,0.29808115498742266,0.9398315407432336
2159.9999999999977,4.050462417533443,4.04538322024685,-0.005079197286592674,-0.12539796109713533,26147.01450832696,26149.388946887942,2.374438560982526,0.00908110775028004,938566.8608800783,941261.6512821612,2694.790402082959,0.2871175740805615,0.5
2160.9999999999977,4.050559813503122,4.045463979178134,-0.005095834324988502,-0.12580568019266886,26145.38347636111,26147.75343643138,2.3699600702711905,0.009064545075094991,952442.0044101566,955174.0416609365,2732.0372507799184,0.28684552320556855,0.4951839992643911
2161.9999999999977,4.035920295134541,4.030800007408374,-0.005120287726167128,-0.12686790996194433,26146.95528204465,26149.324827986035,2.3695459413829667,0.00906241631510402,902650.0347576555,905337.0770067741,2687.0422491186764,0.2976837252147336,0.9387506769587017
2162.999999999998,4.050410288617571,4.045321155168552,-0.005089133449018846,-0.1256448874653584,26144.37677723005,26146.743685835016,2.3669086049667385,0.009053222515627731,937600.9192597743,940289.5805194263,2688.661259651999,0.2867596654848278,0.5
2163.999999999998,4.050526482291878,4.045420897220015,-0.005105585071863317,-0.12604744331839213,26142.744740628175,26145.107173919117,2.3624332909421355,0.009036668928150846,951514.6499877151,954240.6155616475,2725.9655739323935,0.28648697883606816,0.494626659317166
2164.999999999998,4.0359026338527855,4.030771497614332,-0.005131136238453848,-0.12713726529015695,26144.31318514751,26146.67521493548,2.362029787971551,0.009034583434050246,901804.9938199071,904485.8719191061,2680.878099199035,0.2972791365728913,0.9377056390102924
2165.9999999999986,4.050357854227543,4.045258776084319,-0.005099078143223856,-0.12589204032680015,26141.74003722773,26144.099433491392,2.3593962636623473,0.009025398693057142,936662.1944575205,939344.739198175,2682.544740654528,0.28639404435535665,0.5
2166.9999999999986,4.050492199517464,4.045376851320668,-0.005115348196795821,-0.12628954568546544,26140.107016856713,26142.461940991634,2.3549241349210206,0.009008854223138504,950613.5044687031,953333.4104468294,2719.905978126335,0.28612111708285565,0.4940882246475967
2167.9999999999986,4.035883520009485,4.03074153752211,-0.005141982487375074,-0.12740661274988901,26141.672197655782,26144.026728803885,2.3545311481029785,0.009006811539447419,900983.7290809284,903658.4569457234,2674.727864795015,0.2968674992081644,0.9366964681543152
2168.999999999999,4.05030511134687,4.045196079660516,-0.005109031686354015,-0.1261394276703041,26139.104210651003,26141.45611207772,2.351901426718541,0.00899763590888552,935750.7283112527,938427.1702004836,2676.441889230977,0.28602081817891245,0.5
2169.999999999999,4.050456961481618,4.045331837333222,-0.005125124148396054,-0.12653199866420337,26137.470227406986,26139.817659898505,2.3474324915187026,0.008981100585079782,949738.6084106227,952452.46790444,2713.859493817319,0.28574804370214385,0.49356871651216183
2170.999999999999,4.035862949074549,4.030710121989051,-0.005152827085497691,-0.12767596795325445,26139.03224207779,26141.379291989848,2.347049912059447,0.008979100260189587,900186.2775525923,902854.8700914861,2668.592538893805,0.29644892456582633,0.9357232042311069
2171.9999999999995,4.050252056956255,4.045133062569257,-0.0051189943869980326,-0.12638705727477445,26136.46921979921,26138.813643780617,2.3444239814052708,0.008969933779843892,934866.561513358,937536.9152536754,2670.3537403173978,0.2856400956297592,0.5
2172.9999999999995,4.0504207645136425,4.045285851133684,-0.005134913379958306,-0.12677481374147764,26134.834294606942,26137.174252854664,2.33995824772137,0.00895340762961804,948890.001262325,951597.8284049903,2707.827142665279,0.2853678655126526,0.4930681554201528
2173.9999999999995,4.035840916580913,4.0306772459476194,-0.005163670633293371,-0.12794534621220735,26136.39324088511,26138.73282685284,2.339585967729363,0.008951449215531211,899412.6752477556,902075.1483542577,2662.4731065020896,0.29602352510416585,0.9347858856634617
2175.0,4.062705503756732,4.057759545503079,-0.004945958253652627,-0.12174050639602509,26133.834986943268,26136.17195075581,2.336963812540489,0.008942291912794506,934009.7336083947,936674.0149312981,2664.281322903349,0.2852519868942191,0.13700148514928243
2176.0,4.050504636030488,4.04541435621962,-0.005090279810867848,-0.1256702625541578,26134.634318133507,26136.96677540777,2.3324572742640157,0.008924774863391301,900129.6633903718,902832.379713477,2702.7163231051527,0.3002585552980524,0.4925865611328638
2177.0,4.036039769512426,4.030943959494718,-0.005095810017707869,-0.12625767605663282,26137.521736652358,26139.846764605394,2.3250279530366242,0.008895364971715215,827226.4961759447,830022.9282905897,2796.432114645024,0.3380491470682105,0.9338845494551115
2178.0,4.062865907275155,4.057955158145042,-0.0049107491301132455,-0.12086909197076456,26133.537151405966,26135.844144852625,2.3069934466584527,0.008827712197138756,893426.4841600993,896520.3817326893,3093.897572590038,0.34629570842625945,0.1368711025767485
2179.0,4.050653748611505,4.045585567143876,-0.005068181467628996,-0.12512008634078592,26133.853031222017,26136.146960214955,2.293928992938163,0.008777614958642396,870262.5506483509,873540.3731870849,3277.8225387340644,0.376647545765593,0.49212395266496123
2180.0,4.03618204063651,4.031098655847424,-0.005083384789085876,-0.12594537951722862,26136.486130897134,26138.772538935456,2.2864080383224064,0.008747954973256864,802992.0848272416,806338.2813648719,3346.1965376302833,0.4167160051584064,0.9330192311879089
2181.0,4.062978402699863,4.058078760504916,-0.004899642194946985,-0.12059237606803806,26132.343293358488,26134.6120833155,2.2687899570119043,0.008681923130822007,872707.8821443216,876321.4792418794,3613.597097557853,0.4140672006627144,0.1367460021779478
2182.0,4.050763070942747,4.045700636022594,-0.005062434920152903,-0.12497484625716969,26132.542400493483,26134.799241137516,2.2568406440332183,0.00863613118634259,852133.333222754,855890.7612575977,3757.4280348437605,0.44094367493326786,0.4916803482772824
2183.0,4.036290672448951,4.031208548848611,-0.00508212360033955,-0.12591074361986068,26135.083902535695,26137.334848340455,2.250945804760704,0.008612736095108963,786886.1623364266,790665.1669157675,3779.0045793409226,0.4802479393105964,0.9321899650244982
2184.0,4.063061794675273,4.05816436862544,-0.004897426049833342,-0.12053535725820169,26130.873989184227,26133.109042753917,2.235053569689626,0.008553305835138664,858093.5640963379,862094.2973484873,4000.7332521494245,0.4662350843247047,0.13662618889162986
2185.0,4.050847182356764,4.045783926966646,-0.005063255390118648,-0.12499250557195468,26131.01428714768,26133.239085349585,2.224798201907106,0.008514013950852856,838820.5616262654,842922.6306045615,4102.068978296127,0.48902818623606825,0.49125576548256916
2186.0,4.036377180280902,4.031291334307677,-0.005085845973225034,-0.12600026573510398,26133.50407205766,26135.72468286157,2.220610803909949,0.008497179703828005,774710.184176761,778793.1337605126,4082.949583751615,0.5270292900680434,0.9313967837028869
2187.0,4.063125759246062,4.058226325075781,-0.004899434170281047,-0.12058288275059857,26129.255939494145,26131.462432284618,2.2064927904721117,0.008444529746968481,846767.3525464453,851031.8018042699,4264.44925782457,0.5036152191036043,0.13651166744781815
2188.0,4.050913911352878,4.045846602821712,-0.005067308531166326,-0.1250905016017485,26129.359303301506,26131.557114614385,2.197811312878912,0.008411271349470912,828309.4606981046,832640.5898335626,4331.129135458032,0.5228878023206119,0.4908502210426229
2189.0,4.036447942886359,4.031355859377716,-0.005092083508642986,-0.12615258714328345,26131.81447085825,26134.00953031612,2.1950594578702294,0.008399950414151768,764955.9030084888,769237.1919090868,4281.288900597952,0.5596778695033408,0.9306397185365162
2190.0,4.0631757486121325,4.058272068740862,-0.00490367987127005,-0.1206858913977573,26127.54158060627,26129.7240497052,2.1824690989305964,0.008353136066006996,837563.4677093363,841994.6884379181,4431.220728581771,0.5290608890453135,0.13640244236762314
2191.0,4.050967771469001,4.045894577831588,-0.005073193637413098,-0.12523411499700499,26127.619095706425,26129.7941921058,2.1750963993763435,0.008324893253414655,819674.5032140949,824146.1633139455,4471.660099850618,0.5455409534292471,0.4904637309676441
2192.0,4.0365067042201535,4.031407073602516,-0.005099630617637629,-0.12633772197890775,26130.04890267105,26132.222394431825,2.173491760775505,0.008317978159441287,756872.6071908438,761272.056179946,4399.448989102268,0.5812667742634998,0.929918799413022
2193.0,4.063215041255905,4.058305688798678,-0.004909352457226568,-0.120824332637564,26125.75878238266,26127.92093688972,2.162154507059313,0.008275949131541836,829863.4185934342,834388.8462074735,4525.427614039392,0.5453219786106134,0.13629851796306394
2194.0,4.051011525054034,4.045931433866776,-0.005080091187258162,-0.12540302973318257,26125.81699724708,26127.972839702514,2.1558424554350495,0.008251770483052125,812398.3428864655,816944.6839549986,4546.341068533133,0.5596196876005315,0.49009631051559877
2195.0,4.036555803195663,4.0314477454344395,-0.00510805776122325,-0.1265449559047171,26128.22715577004,26130.38230299906,2.1551472290193487,0.008248348485991387,750022.011510438,754479.9792045911,4457.967694153078,0.5943782483363871,0.9292340547930571
2196.0,4.063245733206252,4.058329878140937,-0.004915855065315,-0.12098345480660766,26123.92448115711,26126.0693097179,2.1448285607875732,0.008210208088507582,823292.4726885661,827858.349313864,4565.87662529794,0.5545874372429873,0.13619989833689813
2197.0,4.0510469748715305,4.045959224339306,-0.005087750532224433,-0.12559100311064103,26123.967648111822,26126.107023111323,2.1393749995004328,0.008189318821389145,806157.4135746227,810729.6915781731,4572.278003550367,0.5671693798951996,0.4897479741916176
2198.0,4.036596790076541,4.031479845831124,-0.005116944245417088,-0.12676381891786773,26126.36199414908,26128.501399256656,2.1394051075767493,0.008188683552864584,744122.3574042082,748594.581926524,4472.224522315897,0.6010066056766226,0.9285855117091663
2199.0,4.063269253001802,4.058346216208379,-0.00492303679342232,-0.12115950203854572,26122.049873318887,26124.179788002897,2.1299146840101457,0.008153704224359685,817603.7585462695,822170.2811742936,4566.522628024104,0.5585251511249844,0.13610658738245968
2200.0,4.051075367286408,4.045979537435354,-0.00509582985105439,-0.1257895592909644,26122.080937404073,26124.20609668361,2.125159279537911,0.008135489988835103,800733.9227855689,805296.0551874952,4562.132401926327,0.5697438652349983,0.48941873574742195
2201.0,4.036630755987629,4.031504525107173,-0.005126230880455829,-0.12699281134029836,26124.462205087308,26126.587979114833,2.12577402752504,0.008137101582558436,738980.3487079233,743433.9769341084,4453.628226185101,0.6026720783539219,0.9279731957647207
2202.0,4.063286628210654,4.05835602063992,-0.004930607570734047,-0.12134530546040594,26120.142802500937,26122.25976275637,2.1169602554327867,0.008104703988180697,812624.9303598602,817162.6077916069,4537.677431746735,0.558397516765488,0.13601858878350528
2203.0,4.0510976139774355,4.045993316831754,-0.005104297145681613,-0.12599788087234287,26120.163900983345,26122.27667859972,2.1127776163739327,0.008088684375730097,795973.4413229545,800498.6871267722,4525.245803817757,0.5685171852337854,0.4891086081807821
2204.0,4.036658507094239,4.031522811497752,-0.0051356955964863005,-0.12722640737284455,26122.534127780735,26124.6479956508,2.113867870066315,0.008092124063179091,734456.9936063569,738867.6527972163,4410.659190859413,0.6005333503874797,0.9273971311329047
2205.0,4.063298636877647,4.058360088084513,-0.004938548793133712,-0.12154038465970673,26118.209001295843,26120.3146101823,2.1056088864570484,0.008061842549588985,808230.4197454285,812717.4513772338,4487.031631805352,0.5551673782853471,0.135935906014069
2206.0,4.051114410915142,4.046001456689454,-0.005112954225688249,-0.12621105471403454,26118.221741291,26120.323639925442,2.1018986344424775,0.008047633009867319,791762.1163402775,796230.7591003915,4468.642760114046,0.5643920904891522,0.488817603735003
2207.0,4.036680666779486,4.031535313762895,-0.005145353016591692,-0.127464950570309,26120.582499166034,26122.68587870864,2.103379542604671,0.008052575177723646,730448.7121024817,734798.425991268,4349.7138887862675,0.5954851883120308,0.9268573405557636
2208.0,4.063305889944914,4.058359209319802,-0.004946680625112165,-0.12174029617984847,26116.252796666482,26118.348373850076,2.095577183594287,0.00802403468793873,804325.6827827772,808746.0699136618,4420.38713088457,0.5495767728802434,0.1358585423383249
2209.0,4.051126310991288,4.046004495550238,-0.005121815441049726,-0.12642941858301246,26116.25842078308,26118.350680384017,2.0922596009368135,0.008011329828440557,788013.4238244153,792411.0345544046,4397.6107299892465,0.5580629208886573,0.48854573389844236
2210.0,4.036697732376382,4.03154267013474,-0.005155062241642305,-0.1277049356531223,26118.610956965236,26120.705020487425,2.0940635221886623,0.00801751488867069,726876.1124820948,731151.7615993212,4275.649117226363,0.588222538036932,0.9263538453433058
2211.0,4.063308883874403,4.05835386891478,-0.004955014959623583,-0.12194531848878122,26114.277538196806,26116.36417584654,2.086637649732438,0.007990409256700122,800837.6495624409,805179.8152872258,4342.165724784834,0.5422029954707165,0.13578650081045854
2212.0,4.051133764808245,4.046003014341634,-0.005130750466610934,-0.12664974213345412,26114.27702903758,26116.360676511045,2.083647473464225,0.007978959061923592,784659.9865790101,788976.2063413926,4316.219762382447,0.5500751709285524,0.48829300940405534
2213.0,4.03671011271224,4.03154526024731,-0.005164852464929481,-0.12794707374860886,26116.6223563139,26118.708076894964,2.085720581064379,0.007986180420302856,723676.9397957833,727869.1440840146,4192.204288231325,0.5792922307866183,0.9258866653726595
2214.0,4.063308030452507,4.05834459996432,-0.00496343048818737,-0.12215245437926156,26112.28587195632,26114.36447761756,2.078605661241454,0.007960259287272141,797708.6289562668,801964.3978656867,4255.768909419887,0.5334991693631539,0.135719784274546
2215.0,4.0511371490763,4.0459973655353325,-0.0051397835409678905,-0.12687261259816426,26112.28002101158,26114.35591115521,2.0758901436311135,0.007949861681786203,781648.275535433,785875.8593803036,4227.583844870678,0.5408550082164209,0.48805944022897246
2216.0,4.036718149747775,4.031543521315638,-0.005174628432136785,-0.12818899512367765,26114.618978078783,26116.69716656376,2.0781884849784547,0.007957950628048353,720801.4472011956,724903.7116861213,4102.264484925661,0.5691254506847023,0.9254558190872905
2217.0,4.063303678707589,4.058331732203571,-0.004971946504018554,-0.12236216874639248,26110.279923145652,26112.351253425655,2.071330280003167,0.007933006793109947,794892.253847507,799056.082620482,4163.828772975015,0.5238230405216415,0.1356583953644419
2218.0,4.051136783042704,4.045987957834411,-0.005148825208292962,-0.12709581246046728,26110.26937793007,26112.338223359646,2.0688454295741394,0.007923493241792628,778935.0414372553,783069.179691641,4134.138254385674,0.530742364184509,0.4878450355941048
2219.0,4.0367221350459035,4.0315377146988896,-0.0051844203470139405,-0.1284314395089021,26112.602671171702,26114.67400451797,2.0713333462663286,0.007932312884893237,718209.2430865985,722217.3235414873,4008.08045488887,0.5580658413227346,0.9250613234962719
2220.0,4.063296127585371,4.058315648833775,-0.004980478751596351,-0.12257237954635661,26108.26142218839,26110.326109189446,2.064687001056882,0.007908174993614034,792350.6904365285,796419.0837700439,4068.393333515385,0.5134586721031305,0.1356023365036753
2221.0,4.051132941724633,4.045975041105793,-0.005157900618840472,-0.12731995451733236,26108.246719463856,26110.309116223387,2.0623967595311115,0.007899407347003435,776484.8347959424,780522.5963771279,4037.7615811855067,0.5200052081180203,0.4876498039637802
2222.0,4.03672231943147,4.031528157144324,-0.005194162287145865,-0.12867276656962146,26110.574952695224,26112.63999727218,2.065044576957007,0.0079088437565939,715867.0796652836,719778.4823688054,3911.4027035218896,0.5463867266184018,0.9247031941736145
2223.0,4.063285636775357,4.058296589049625,-0.004989047725731943,-0.12278358382137454,26106.23179433549,26108.29036692135,2.058572585858201,0.007885368528386652,790052.6619655811,794023.7211567906,3971.059191209497,0.5026322145829941,0.1355516099053541
2224.0,4.051125863631962,4.045958916270562,-0.005166947361399998,-0.1275434912498045,26106.21338415843,26108.26983060559,2.0564464471608517,0.007877229902704804,774268.2342429778,778208.1693546671,3939.935111689265,0.5088591960047854,0.48747375304540924
2225.0,4.036718921465722,4.031515039278605,-0.005203882187116982,-0.1289136620200315,26108.53708034398,26110.596310059813,2.059229715832771,0.007887189195993209,713747.2603322814,717560.8650927795,3813.6047604981577,0.534307446409357,0.9243814452576504
2226.0,4.063272432972371,4.058274838726618,-0.004997594245753412,-0.12299431869739447,26104.19222491129,26106.245125727615,2.0529008163248363,0.00786425719913964,787972.0153347795,791845.0886182709,3873.0732834914234,0.4915242176266756,0.13550621757207745
2227.0,4.0511157579369055,4.045939768802516,-0.00517598913438988,-0.12776700157849438,26104.170488401724,26106.221401905015,2.0509135032916674,0.007856650737869276,772260.5528189583,776102.3546180181,3841.8017990598455,0.49747482051701825,0.48731688978918064
2228.0,4.036712132406923,4.031498598417899,-0.005213533989024022,-0.12915297940543036,26106.490105828496,26108.543917399318,2.0538115708222904,0.007867053604282713,711826.469235789,715542.2243946759,3715.7551588868955,0.5220029486787839,0.9240960894504764
2229.0,4.06325671602852,4.058250577853871,-0.005006138174649344,-0.12320506737616146,26102.143707819007,26104.191307246743,2.0475994277367136,0.007844564226819986,786086.6599808094,789862.0674540814,3775.4074732719455,0.480278786738871,0.13546616129585698
2230.0,4.0511028086214,4.04591782650091,-0.005184982120490567,-0.127989398577002,26102.118970554988,26104.16469987394,2.0457293189538177,0.007837407075117323,770440.8740167117,774185.137639488,3744.263622776256,0.48598974289298136,0.4871792203877871
2231.0,4.03670212116514,4.031478978404161,-0.005223142760979016,-0.12939133491156454,26104.4349151053,26106.483640066464,2.048724961165135,0.00784818735907454,710084.8939081703,713703.5846559068,3618.6907477364875,0.5096138192463033,0.9238471380174509
2232.0,4.063238662459024,4.058224024674381,-0.00501463778464295,-0.1234147979289051,26100.087082245984,26102.12968975763,2.0426075116447464,0.007826056308579084,784377.7686060912,788056.5858282277,3678.8172221365385,0.4690108987502441,0.13543144265804594
2233.0,4.051087178841691,4.045893230801979,-0.005193948039711849,-0.12821121369194852,26100.059624507627,26102.100461054793,2.040836547166691,0.007819279252720064,768791.3222468701,772439.3324337364,3648.010186866275,0.47451240425094776,0.48706075027618106
2234.0,4.036689037158564,4.03145636094323,-0.0052326762153338535,-0.129627924449121,26102.372259104905,26104.416174151524,2.0439150466190767,0.007830380420331826,708505.5582472513,712028.614925845,3523.0566785936244,0.49725180523766094,0.9236346007867499
2235.0,4.063218429325827,4.058195317555927,-0.005023111769900446,-0.12362396600799738,26098.02306086899,26100.06093448175,2.0378736127604498,0.00780853633245504,782829.1659483074,786413.0515159408,3583.885567633435,0.45781196249784206,0.1354020630292766
2236.0,4.051069013404881,4.04586615732145,-0.005202856083430518,-0.1284316822600258,26097.993125597783,26100.029311815597,2.0361862178142474,0.007802079677218889,767296.5020789768,770850.0831857489,3553.5811067720642,0.4631301064378238,0.48696148413135953
2237.0,4.036673013499864,4.031430856811642,-0.005242156688221478,-0.12986329758913118,26100.302777584093,26102.342112771374,2.0393351872808125,0.007813454137521611,707073.8074000938,710503.1595272725,3429.3521271786885,0.4850062456405218,0.92345848614898
2238.0,4.06319615640143,4.058164625693354,-0.005031530708076382,-0.1238318435635792,26095.952251821167,26097.98560590492,2.0333540837527835,0.007791837079296009,781426.8551952804,784917.9134081457,3491.0582128652604,0.4467543173945355,0.13537802356940645
2239.0,4.051048441662346,4.045836715663246,-0.005211725999099137,-0.12865128803447506,26095.92005086825,26097.951788047252,2.031737179000629,0.0077856506880776945,765943.0622919188,769404.4416135451,3461.379321626271,0.4519107871110997,0.4868814258721799
2240.0,4.036654168792291,4.031402607251656,-0.005251561540634775,-0.1300968901729317,26098.22701782777,26100.26196377256,2.034945944789797,0.0077972574282525785,705776.905950595,709114.8588997602,3337.9529491651338,0.4729473181995548,0.9233188010568448
2241.0,4.063171968813778,4.058132056818087,-0.005039911995691426,-0.12403885521888955,26093.875176006375,26095.904187865228,2.029011858852755,0.007775816528464331,780158.6466676699,783559.3171543002,3400.67048663029,0.43589473771209764,0.13535932522747224
2242.0,4.05102557911178,4.045805042962331,-0.00522053614944884,-0.12886949360101263,26093.84089510463,26095.868349205903,2.027454101273179,0.007769856915367113,764719.3525666066,768091.065269182,3371.7127025753725,0.4409085099336097,0.48682057865920525
2243.0,4.036632609325261,4.0313716986486945,-0.005260910676566866,-0.1303291923177088,26096.145449517357,26098.17616314072,2.030713623364136,0.0077816611931923975,704603.7202453644,707852.861627704,3249.1413823396433,0.4611303189270976,0.9232155510248731
2244.0,4.063145978481615,4.058097743550096,-0.005048234931519069,-0.1242444883411641,26091.79228089583,26093.817096275467,2.024815379638312,0.007760353745882238,779013.8635920252,782326.8325395127,3312.9689474874176,0.4252772771220463,0.13534596874165242
2245.0,4.051000529436485,4.045771224984258,-0.005229304452226913,-0.12908673830645823,26091.75608364649,26093.779390864296,2.023307217805268,0.00775458428830482,763615.1507762639,766899.9502739805,3284.7994977165945,0.43016426460074614,0.4867789448945793
2246.0,4.036608430279606,4.031338242035694,-0.005270188243912344,-0.130559808684423,26094.05847663878,26096.08508630228,2.026609663498675,0.007766555997078942,703544.4653684044,706707.5843476324,3163.118979227962,0.44959759260868104,0.9231487401291991
2247.0,4.063118286016073,4.058061770403215,-0.005056515612857915,-0.12444913627695238,26089.703951632633,26091.72468940909,2.0207377764563716,0.007745345750962109,777983.1066066587,781211.2351031045,3228.128496445832,0.4149355518175724,0.13533795463923826
2248.0,4.050973385603535,4.045735369854309,-0.005238015749226221,-0.12930264533065638,26089.665982742616,26091.68525364274,2.0192709001239564,0.007739734580962563,762621.4438157956,765822.2408901373,3200.797074341681,0.4197098180620797,0.4867565262219319
2249.0,4.036581717317836,4.031302305304413,-0.00527941201342319,-0.13078917715881572,26091.966447143288,26093.98905675609,2.0226096128026256,0.00775184812881006,702590.5010681984,705670.5276943743,3080.026626175968,0.4383814784704866,0.9231183710074027
2250.0,4.06308898172291,4.058024242200746,-0.005064739522163464,-0.12465243918964863,26087.61052005463,26089.62727620239,2.0167561477610434,0.0077307047581482375,777058.0635371315,780204.3295261206,3146.2659889890347,0.4048945808074343,0.1353352832366127
2251.0,4.050944231365969,4.045697545077521,-0.005246686288447933,-0.12951761339550116,26087.570907980386,26089.586231539786,2.015323559400713,0.007725225037277081,761730.2502238087,764850.0535104118,3119.80328660307,0.40956799151489925,0.48675332352631356
2252.0,4.036552547431302,4.0312639765267715,-0.005288570904530943,-0.1310170211433609,26089.869660829136,26091.888353583963,2.018692754827498,0.007737458182316362,701734.1662098143,704734.1180816939,2999.9518718796317,0.42750545952221236,0.9231244448584051
2253.0,4.063058147024115,4.057985225530222,-0.005072921493893823,-0.12485475989580304,26085.512272092143,26087.525123087245,2.012850995102781,0.007716356014431238,776231.3543191643,779298.8057766897,3067.4514575253706,0.3951723207851923,0.13533795463923826
2254.0,4.050913142046746,4.045657836565883,-0.005255305480863726,-0.1297313789899838,26085.4711312261,26087.482577826617,2.0114466005179565,0.007710984365201351,760934.4749884028,763976.3519655237,3041.8769771208754,0.399755442433757,0.48676933693416163
2255.0,4.036520990134666,4.03122330932238,-0.00529768081228621,-0.1312437325418062,26087.76837585373,26089.783217213353,2.0148413596216415,0.007723318187256426,700968.642808863,703891.5857025081,2922.942893645144,0.4169862551814831,0.9231669614424203
2256.0,4.063025855182882,4.057944803800125,-0.005081051382757273,-0.12505584664876734,26083.40945388604,26085.418459613396,2.009005727355543,0.007702235901741868,775496.4035105833,778488.1203659821,2991.7168553987285,0.3857808807178949,0.13534596874165242
2257.0,4.050880185681515,4.045616297630796,-0.005263888050718535,-0.12994430369292556,26083.36688637234,26085.374510782436,2.0076244100964686,0.007696952693424648,760227.7900094542,763194.8272548312,2967.037245376967,0.390282660587831,0.486804565813294
2258.0,4.036487108080803,4.031180374082379,-0.0053067339984238515,-0.13146911798132815,26085.662814136707,26087.673854593366,2.0110404566585203,0.0077093707412666124,700287.8438561962,703136.8563738373,2849.012517641182,0.4068344956486529,0.9232459190809671
2259.0,4.062992172397174,4.0579030295886795,-0.005089142808494707,-0.1252560328092412,26081.302276889543,26083.307483148164,2.005206258621911,0.007688290397978747,774847.3345757743,777766.398202537,2919.0636267627124,0.376727581874033,0.13535932522747224
2260.0,4.050845423593933,4.0455729969773735,-0.005272426616559578,-0.13015620358778962,26081.258374151228,26083.262217719363,2.003843568134471,0.007683078551610272,759604.5345566043,762499.813055362,2895.2784987576306,0.3811560314667763,0.4868590087729348
2261.0,4.036450957982873,4.031135213285673,-0.005315744697200309,-0.13169352861050823,26083.553165900255,26085.560443173432,2.0072772731764417,0.0076955668593518545,699686.3196011354,702464.4678755963,2778.1482744608074,0.39705625172784914,0.9233613146569327
2262.0,4.062957158336619,4.057859969635925,-0.005097188700694311,-0.12545514269663396,26079.19092215701,26081.192362816426,2.001440659416403,0.007674473741882725,774278.8815233586,777128.3499337344,2849.468410375761,0.3680157729175773,0.13537802356940645
2263.0,4.050808911286095,4.04552797677865,-0.0052809345074456004,-0.13036740619218573,26079.145766183858,26081.145859066342,2.0000928824847506,0.007669319004605659,759059.6319897345,761886.2006675211,2826.5686777866213,0.37237768400056975,0.4869326636637693
2264.0,4.036412591068807,4.031087883572712,-0.005324707496094483,-0.13191682901485913,26081.439593495263,26083.443134592595,2.003541097332345,0.007681865451292153,699159.1789964401,701869.4934326079,2710.3144361677114,0.38765341535786535,0.9235131436146975
2265.0,4.0629208670018375,4.0578156654838775,-0.005105201517960012,-0.12565348145033667,26077.07554397674,26079.073242839175,1.997698862433026,0.007660747306821577,773786.3144558789,776569.2027397224,2782.888283843524,0.35964558067952274,0.1354020630292766
2266.0,4.0507706988683685,4.045481292290538,-0.005289406577830391,-0.1305777831193469,26077.02920842541,26079.02557120583,1.9963627804208954,0.007655637321508528,758588.5192825616,761349.3798806258,2760.860598064144,0.36394705797488736,0.4870255275780283
2267.0,4.036372053809376,4.031038418661625,-0.005333635147750648,-0.1321393339525519,26079.322234666844,26081.322057513204,1.9998228463591659,0.00766823166784922,698702.023015309,701347.4824782419,2645.459462932893,0.37862484661432405,0.9237013999603143
2268.0,4.062883347128036,4.0577701707924145,-0.005113176335621361,-0.12585092651591276,26074.956272970925,26076.950245383247,1.9939724123214546,0.007647078642998106,773365.376374194,776084.640885605,2719.264511410962,0.3516144625144482,0.13543144265804594
2269.0,4.050730831765951,4.045432976889786,-0.005297854876165076,-0.1307876305830825,26074.908824105536,26076.90146947309,1.9926453675543598,0.007642003203141458,758187.087179128,760885.1768658303,2698.089686702355,0.3558606750664574,0.48713759684960384
2270.0,4.036329388259588,4.030986864413915,-0.005342523845673242,-0.1323609480735879,26077.201205345158,26079.197320332903,1.9961149877453863,0.007654636600097383,698310.8879358949,700894.4047620863,2583.5168261914514,0.36996656801785666,0.9239260762617446
2271.0,4.062844642871461,4.057723518362201,-0.005121124509259722,-0.1260477561760843,26072.833218758573,26074.82347300402,1.9902542454474315,0.007633440634351571,773012.2291446296,775670.7554042143,2658.5262595847016,0.3439177492090225,0.13546616129585698
2272.0,4.050689351043714,4.045383075242878,-0.005306275800836424,-0.13099685858332213,26072.784716265534,26074.773650214014,1.9889339484798256,0.007628390945287202,757851.6287949665,760489.811525701,2638.1827307344647,0.3481133549754782,0.48726886705419264
2273.0,4.0362846326396795,4.0309332476257405,-0.005351385013939058,-0.13258195347931448,26075.07660206096,26077.069013260705,1.9924111997461296,0.0076410559790595235,697982.1964839493,700506.6071515922,2524.4106676428346,0.3616726444255209,0.9241871636491533
2274.0,4.0628047941154035,4.057675751518962,-0.005129042596441202,-0.12624388461562674,26070.70647225846,26072.693010766103,1.9865385076445818,0.007619810800901904,772723.4069890882,775324.0000504041,2600.5930613159435,0.33654902100728873,0.13550621757207745
2275.0,4.050646293974722,4.045331613750304,-0.005314680224418389,-0.13120573455954174,26070.656969951557,26072.642193049585,1.985223098028655,0.007614779713134109,757578.7953861705,760159.850813926,2581.055427755462,0.34069795029569,0.48741933300947204
2276.0,4.036237821594957,4.030877605653888,-0.0053602159410690575,-0.13280228217451562,26072.94850403543,26074.93721036596,1.9887063305286574,0.00762747002020449,697712.7157407554,700180.7716150226,2468.0558742671274,0.3537352578771356,0.9244846518152566
2277.0,4.062763837025528,4.057626896113487,-0.005136940912040977,-0.12643956474225895,26068.57610769203,26070.558928077964,1.9828203859324276,0.007606170654435394,772495.7761938155,775041.1536966909,2545.3775028754026,0.32950050748714765,0.1355516099053541
2278.0,4.050601694287162,4.04527862868877,-0.00532306559839224,-0.1314141947330867,26068.525654130586,26070.50716240728,1.9815082766945125,0.007601152067380306,757365.5578611116,759892.1771340914,2526.6192729797913,0.33360630764821914,0.4875889887753035
2279.0,4.036188986666117,4.0308199598093015,-0.005369026856815395,-0.13302218688352846,26070.816975011177,26072.80197113773,1.9849961265535967,0.007613862382817582,697499.5204104763,699913.8828778701,2414.362467393861,0.3461453946194854,0.924818529015732
2280.0,4.062721804282888,4.057576987258667,-0.005144817024221204,-0.12663473582654813,26066.44218433531,26068.421280309896,1.9790959745878354,0.007592505185756336,772326.5000086486,774819.2868273436,2492.786818695022,0.3227633414970362,0.1356023365036753
2281.0,4.050555582627083,4.045224140910032,-0.005331441717050467,-0.13162248013376562,26066.390823364523,26068.368609272206,1.9777859076821187,0.0075874942606528285,757209.1732764847,759683.9523533776,2474.7790768928826,0.3268289878455091,0.487777827653968
2282.0,4.03613815648688,4.030760340701027,-0.005377815785852391,-0.13324161803552656,26068.68206485278,26070.663342069758,1.9812772169789241,0.007600220111051146,697339.9608211127,699703.1960383032,2363.235217190464,0.33889284279761794,0.9251887820696788
2283.0,4.062678725537835,4.057526045264736,-0.0051526802730990084,-0.1268296269825489,26064.30474805852,26066.280110203097,1.9753621445779572,0.007578802364659652,772213.0078942825,774655.7327615257,2442.7248672432033,0.31632785802251306,0.1356583953644419
2284.0,4.050507986746419,4.045168180007262,-0.00533980673915746,-0.13183054462871638,26064.252519288104,26066.226572351472,1.9740530633680464,0.007573795035584485,757107.1553533599,759532.5938467956,2425.4384934357367,0.32035603894190207,0.48798584219043023
2285.0,4.036085357168813,4.0306987652860835,-0.005386591882729164,-0.13346080189215048,26066.543810963478,26068.52135785641,1.977546892932878,0.007586532788060418,697231.6346939516,699546.2118068143,2314.577112862724,0.3319667378372329,0.9255953963601404
2286.0,4.062634627587456,4.057474098682918,-0.005160528904537998,-0.1270241943367305,26062.16383268557,26064.13544913015,1.9716164445817412,0.0075650527609264,772152.9684613732,774548.0615926344,2395.093131261179,0.31018376268548825,0.135719784274546
2287.0,4.05045893188311,4.045110762410328,-0.0053481694727821605,-0.1320386050747027,26062.110771911495,26064.081079456017,1.9703075445213472,0.007560045929375954,757057.2485706317,759435.7461533315,2378.4975826997543,0.3141767134771507,0.48821302417263207
2288.0,4.036030612451639,4.030635258793699,-0.005395353657940305,-0.13367970107300453,26064.402239534073,26066.376042643336,1.9738031092638266,0.00757279254334862,697172.3623233436,699440.6510132038,2268.2886898601428,0.32535550926043827,0.9260383558346809
2289.0,4.062589534749779,4.057421163397502,-0.005168371352276324,-0.1272186448586087,26060.019461199077,26061.98731819753,1.9678569984534988,0.007551249151534415,772144.265537663,774494.0577261352,2349.792188472231,0.30432035739280056,0.1357865008104585
2290.0,4.05040844090407,4.04505191236164,-0.005356528542429295,-0.1322466269903806,26059.965600780193,26061.93214840145,1.9665476212576323,0.007546240280527298,757057.4051508465,759391.2624731862,2333.8573223397834,0.3082800995619023,0.48845936463181805
2291.0,4.035973944020752,4.0305698347225345,-0.005404109298217108,-0.13389851800761085,26062.25736665752,26064.227410960197,1.9700443026777066,0.007558993355648703,697160.1644843324,699384.4353050952,2224.2708207627293,0.31904731998104807,0.9265176430060185
2292.0,4.062543468998462,4.057367262691367,-0.005176206307095477,-0.1274129457714225,26057.87164681236,26059.83572924446,1.9640824320995307,0.007537386240598033,772184.9769377824,774491.6992381818,2306.722300399444,0.298726648315162,0.1358585423383249
2293.0,4.05035653461985,4.044991642762679,-0.005364891857170484,-0.1324548051835642,26057.817016004363,26059.779788116626,1.9627721122633375,0.0075323735332772845,757105.7646906328,759397.1819494406,2291.4172588078072,0.3026548423844219,0.48872485384288855
2294.0,4.035915371621176,4.030502513994025,-0.00541285762715038,-0.13411722320074576,26060.10919931792,26062.075468723513,1.9662694055914471,0.007545131106522419,697193.2428690552,699375.6667357668,2182.423866711557,0.31302997971273416,0.9270332389527168
2295.0,4.062496450273514,4.0573124089077,-0.005184041365813741,-0.12760728358211162,26055.72039392604,26057.680685718373,1.9602917923330097,0.007523460348423073,772273.3555507828,774539.1400632496,2265.7845124668675,0.29339151690024545,0.135935906014069
2296.0,4.0503032318928405,4.04492997355235,-0.00537325834049085,-0.1326631126820534,26055.66501918178,26057.62399934994,1.9589801681613608,0.007518442406744138,757200.6359253501,759451.7151668948,2251.0792415447067,0.2972896660069146,0.4890094813247843
2297.0,4.03585491332141,4.030433307360133,-0.005421605961276832,-0.13433599764405263,26057.95773627923,26059.920213973826,1.9624776945966005,0.0075312029993215394,697269.9625448803,699412.6125000252,2142.6499551448505,0.30729130326002496,0.9275851233199305
2298.0,4.06244849658288,4.057256621079578,-0.00519187550330269,-0.1278016326279539,26053.565698984225,26055.52218347721,1.9564844929846004,0.007509469205057333,772407.8124493248,774634.6934081165,2226.880958791706,0.28830378498247056,0.13601858878350528
2299.0,4.050248549899498,4.044866914814483,-0.005381635085015546,-0.1328717242587269,26053.509604221148,26055.464775570643,1.9551713494947762,0.007504445194508468,757340.4804984473,759553.2256865337,2212.74518808641,0.2921731037841898,0.48931323584089953
2300.0,4.03579258559924,4.030362232279451,-0.0054303533197890275,-0.13455481679524223,26055.8029688776,26057.761637690077,1.9586688124763896,0.007517207643978292,697388.8363388128,699493.6883718086,2104.852032995783,0.30181900301787756,0.9281732743202092
2301.0,4.062399624262073,4.057199908713437,-0.005199715548636519,-0.1279961606332867,26051.40755124232,26053.36021149287,1.9526602505502524,0.007495411703607299,772586.901764347,774776.8174503447,2189.915685997694,0.28345234445427575,0.13610658738245968
2302.0,4.050192504211539,4.044802483011731,-0.005390021199808359,-0.13308061762999207,26051.35075808431,26053.30210352821,1.951345443900209,0.007490381063233979,757523.8983466781,759700.2185560745,2176.320209396421,0.2872939341116913,0.48963610539952596
2303.0,4.035728403562398,4.030289297324332,-0.005439106238066316,-0.13477384239398107,26053.64488173716,26055.59972437815,1.9548426409892272,0.007503144569071465,697548.510753374,699617.4464986859,2068.935745311901,0.29660098379070243,0.9287976687343594
2304.0,4.062349848049991,4.057142287398587,-0.005207560651403931,-0.1281908463374631,26049.245933457587,26051.194752502193,1.9488190446063527,0.00748128774853822,772809.3071029356,774964.1018637484,2154.7947608127724,0.2788261917924548,0.13619989833689813
2305.0,4.050135109015783,4.044736685976993,-0.005398423038790234,-0.1332899494333683,26049.188461450998,26051.135963992878,1.9475025418796577,0.007476250343697569,757749.6146347864,759891.3251340557,2141.7104992693057,0.2826409222658,0.4899780772543264
2306.0,4.035662381012483,4.030214517159951,-0.005447863852531931,-0.13499305289173247,26051.48345341057,26053.43445273888,1.9509993283099902,0.00748901432733794,697747.7533784346,699782.5618212746,2034.8084428400034,0.29162522315373085,0.9294582819123584
2307.0,4.062299181307112,4.0570837643665305,-0.005215416940581363,-0.12838584032856037,26047.08082251076,26049.025783577414,1.9449610666524677,0.007467098059493742,773073.8293352495,775195.2562260688,2121.4268908193335,0.27441452683031653,0.13629851796306394
2308.0,4.0500763771743005,4.0446695373532435,-0.005406839821056941,-0.13349970019156135,26047.02268932056,26048.966332201595,1.9436428810331563,0.007462053933058774,758016.4679365801,760125.2939218631,2108.825985283009,0.27820318878078054,0.49033913790483763
2309.0,4.035594530630515,4.030137898631877,-0.005456631998637995,-0.13521259277218467,26049.318656960048,26051.265796141324,1.9471391812767251,0.00747481808226287,697985.4414887569,699987.8222389043,2002.380750147393,0.28688001656258716,0.9301550877743291
2310.0,4.062247636071182,4.057024352403497,-0.005223283667684875,-0.1285811239399623,26044.91218996699,26046.853276658752,1.9410866917605745,0.007452844062604745,773379.3755923987,775469.0989783258,2089.723385927151,0.27020676421923584,0.1364024423676231
2311.0,4.050016320409723,4.044601043175139,-0.005415277234583904,-0.13371001018672596,26044.853411552518,26046.793178472006,1.939766919487738,0.007447793576858184,758323.3996371403,760400.9779741009,2077.5783369605197,0.27396996294122616,0.4907192730970031
2312.0,4.035524864023834,4.030059454144737,-0.0054654098790969385,-0.13543244220399528,26047.150460478646,26049.093723175167,1.9432626965208328,0.00746055772768444,698260.5518237352,700232.1173803258,1971.5655565905618,0.2823538507855234,0.9308880588115688
2313.0,4.0621952232415435,4.056964056914904,-0.00523116632663978,-0.1287768322090986,26042.74000258253,26044.67719901996,1.9371964374295203,0.007438527732632658,773724.9493306193,775784.5479640237,2059.5986334043555,0.26619260955539786,0.13651166744781815
2314.0,4.04995494934898,4.044531214789429,-0.005423734559551363,-0.13392086152521804,26042.68059335742,26044.616468559292,1.9358752018706582,0.007433471354574891,758669.4443138465,760717.327553037,2047.8832391904434,0.2699308973808196,0.4911184678237366
2315.0,4.035453391882937,4.029979189179486,-0.005474202703450892,-0.1356527302350192,26044.97882756478,26046.918198033174,1.939370468393463,0.007446235534432167,698572.1512938251,700514.4306373257,1942.279343500617,0.27803561019478407,0.9316571660876365
2316.0,4.0621419526191485,4.056902888395285,-0.00523906422386311,-0.12897294789230881,26040.564222762863,26042.49751370692,1.9332909440563526,0.007424151518062743,774109.6413655475,776140.6113229197,2030.9699573721737,0.26236205426785475,0.13662618889162992
2317.0,4.049892273680256,4.044460056794663,-0.005432216885592922,-0.1341323797893643,26040.504195738704,26042.43616416868,1.9319684299771325,0.00741908995100518,759053.7210891297,761073.3796141397,2019.6585250099888,0.2660758348054836,0.49153670632551383
2318.0,4.0353801240150915,4.029897114306298,-0.0054830097087936736,-0.1358734379485973,26042.803717748513,26044.739180970926,1.935463222413091,0.007431854278785073,698919.3886406159,700833.8298206542,1914.4411800383823,0.27391444723860525,0.9324623792394936
2319.0,4.062087833062976,4.056840850783039,-0.005246982279937029,-0.12916959198247063,26038.384808977637,26040.31417991948,1.9293709418416256,0.007409718214074508,774532.6217523782,776536.3797319364,2003.7579795581987,0.25870543386858275,0.13674600217794777
2320.0,4.049828302183946,4.044387578660445,-0.005440723523500779,-0.13434454790507455,26038.324175894984,26040.252223241743,1.9280473467588308,0.00740465221085051,759475.4257637865,761468.2519041874,1992.8261404008372,0.2623950786026683,0.49197397209099486
2321.0,4.035305069477539,4.029813233931539,-0.005491835546000523,-0.13609468061138594,26040.625086880817,26042.55662861692,1.9315417361030995,0.007417416938567286,699301.4868270461,701189.4606847914,1887.9738577452954,0.2699799576162257,0.9333036664787038
2322.0,4.062032872517858,4.056777952690818,-0.005254919827040183,-0.12936674793040048,26036.201716136668,26038.127153374386,1.9254372377181426,0.007395230912367677,774993.1324403937,776971.0188571981,1977.8864168043947,0.25521341209517334,0.1368711025767485
2323.0,4.049763042866232,4.044313783839282,-0.005449259026949704,-0.13455747828379053,26036.14048758281,26038.064600386722,1.9241128039138857,0.007390161398274588,759933.8237315029,761901.1341278242,1967.3103963213507,0.25887917274970956,0.49243024785767603
2324.0,4.035228236600766,4.029727557133106,-0.0055006794676595305,-0.13631643974352353,26038.44288748374,26040.370494357256,1.927606873516197,0.0074029268257157065,699717.7362008479,701580.5391090749,1862.802908226964,0.2662220509574539,0.9341809945926871
2325.0,4.061977078147832,4.056714196877571,-0.00526288127026131,-0.12956452409773478,26034.0148959308,26035.936386619825,1.921490689026541,0.007380692900067735,775490.4806163359,777443.7629651394,1953.2823488034774,0.25187702462202616,0.13700148514928243
2326.0,4.049696502980071,4.044238680260535,-0.005457822719535876,-0.13477115422154723,26033.95308144743,26035.87324710825,1.920165660820203,0.007375620808768263,760428.2435217052,762371.2832065318,1943.0396848266246,0.25551913693105266,0.49290551561257107
2327.0,4.035149633102145,4.029640087475306,-0.005509545626838808,-0.13653881832885528,26036.257069070572,26038.180728587413,1.9236595168404165,0.00738838732363571,700167.4882463213,702006.3458295913,1838.8575832699426,0.26263110100636755,0.9350943289460323
2328.0,4.061920456354456,4.056649590403781,-0.005270865950675052,-0.12976290420530823,26031.82429714144,26033.741829336646,1.9175321952061495,0.007366107627795852,776024.0326677953,777953.9086469921,1929.875979196746,0.24868765630392506,0.13713714474826894
2329.0,4.049628689139364,4.044162270463261,-0.005466418676102869,-0.13498567635998757,26031.761905321506,26033.678112170397,1.9162068488913064,0.0073610340162937205,760958.0709774934,762878.0158226261,1919.9448451326462,0.2523062594850159,0.4933997565929232
2330.0,4.035069266101189,4.029550832819698,-0.005518433281491042,-0.13676179806507077,26034.067578434355,26035.98727903559,1.9197006012364,0.007373802020958907,700650.1499622359,702466.2198689724,1816.0699067364912,0.2591978188878394,0.9360436334818624
2331.0,4.061863012891004,4.056584135079509,-0.005278877811494276,-0.12996198529445407,26029.629865921575,26031.543428598336,1.9135626767601934,0.007351478628843131,776593.2087070752,778500.8095419651,1907.6008348899195,0.24563707401791757,0.1372780760180993
2332.0,4.049559607332256,4.044084561108523,-0.00547504622373296,-0.13520102812709991,26029.566904497948,26031.479141780837,1.9122372828896914,0.007346404532605781,761522.7439402947,763420.7046166469,1897.9606763521442,0.24923230349387293,0.4939129512869444
2333.0,4.034987142216896,4.029459796075137,-0.005527346141759537,-0.13698547100506275,26031.87435991211,26033.790090967414,1.915731055301876,0.007359174482848664,701165.1787178587,702959.5542427852,1794.375524926465,0.2559133823798318,0.9370288707232601
2334.0,4.0618047528734325,4.056517836679378,-0.005286916194054747,-0.13016175113573927,26027.43154605113,26029.341129122004,1.9095830708720314,0.007336809502287414,777197.4776015275,779083.8711022882,1886.3935007607797,0.24271739874687834,0.13742427339504829
2335.0,4.049489263019119,4.044005554008636,-0.005483709010483118,-0.13541729967187782,26027.368021976345,26029.27627989859,1.9082579222449567,0.00733173604274435,762121.7474555653,763998.7718656613,1877.0244100959972,0.24628931222113368,0.49444507943458726
2336.0,4.034903267576805,4.029366984110293,-0.005536283466511804,-0.13720981890692677,26029.677355622887,26031.58910745862,1.9117518357343215,0.007344508384086245,701712.0776225388,703485.7904245065,1773.7128019677475,0.25276931358759563,0.9380500017747463
2337.0,4.061745680878593,4.056450696249602,-0.0052949846289909175,-0.13036228865627952,26025.229279169092,26027.13487348342,1.9055943143284821,0.00732210384733764,777836.3524593717,779702.5462333034,1866.1937739317073,0.23992113097197823,0.13757573110749383
2338.0,4.04941766113988,4.043925254776771,-0.0054924063631087705,-0.13563447445336377,26025.165198688588,26027.069468381043,1.9042696924552729,0.007317032103032449,762754.6093885258,764611.6864445967,1857.077056070906,0.24346979136050861,0.4949961200283433
2339.0,4.034817647900762,4.029272399328473,-0.0055452485722886635,-0.1374349241080015,26027.476505686373,26029.384269561404,1.9077638750313781,0.007329807308113708,702290.3912795874,704044.4148472998,1754.0235677124,0.24975759165899075,0.9391069863238153
2340.0,4.061685800949506,4.056382718494876,-0.005303082454629404,-0.13056358158943993,26023.023004984716,26024.924602326853,1.9015973421373928,0.007307365257960774,778509.3865297805,780356.3309118865,1846.9443821060704,0.23724111925468983,0.1377324431761447
2341.0,4.049344806198508,4.043843664648541,-0.005501141549966171,-0.13585263328391634,26022.958373702557,26024.858647245965,1.9002735434078204,0.00730229636507484,763420.8964710258,765258.9584490686,1838.0619780428242,0.2407665268974707,0.4955660513140737
2342.0,4.03473028850515,4.029176047787143,-0.005554240718007364,-0.13766076839959446,26025.27174841976,26027.17551653541,1.9037681156514736,0.007315074878198225,702899.7019675383,704634.954223425,1735.2522558866767,0.2468705351601949,0.9401997826425267
2343.0,4.061625116680189,4.056313903846271,-0.005311212833918333,-0.13076570784699862,26020.812661469667,26022.71025454336,1.8975930736924056,0.0072925972696551,779216.1694757751,781044.7605802998,1828.5911045246758,0.23467058002080185,0.1378944034142769
2344.0,4.049270702265759,4.043760788368586,-0.0055099138971730355,-0.13607175964032184,26020.747484409076,26022.643754788547,1.8962703794713889,0.007287532307085269,764120.2106767423,765940.1367745299,1819.9260977876838,0.23817274721419399,0.4961548507918669
2345.0,4.03464119437532,4.0290779315045935,-0.005563262870726504,-0.13788742549107538,26023.063020518803,26024.962785982643,1.8997654638405947,0.007300314579965692,703539.6261322304,705256.972700487,1717.3465682566166,0.24410090128083858,0.9413283475891537
2346.0,4.061563631216629,4.056244256114342,-0.005319375102287083,-0.1309686511225156,26018.5981850328,26020.491767446398,1.8935824135987787,0.00727780336255034,779956.3239909307,781767.4064749627,1811.0824840320274,0.23220306423890044,0.13806160542797738
2347.0,4.0491953530522995,4.043676626716539,-0.005518726335760782,-0.13629192603910167,26018.532466690434,26020.42472780512,1.8922611146845156,0.007272743445876646,764852.1859632409,766654.8045282126,1802.6185649717227,0.235681952415621,0.49676249521692795
2348.0,4.034550370166123,4.028978055875425,-0.005572314290698266,-0.13811487723398594,26020.8502572209,26022.74601404378,1.8957568228797754,0.007285529889069227,704209.8112342692,705910.067891845,1700.2566575758392,0.24144177352425664,0.9424926366098841
2349.0,4.0615013473302986,4.056173775234635,-0.005327572095663591,-0.1311724813083099,26016.37951067956,26018.26907692003,1.8895662404720497,0.007262986918285055,780729.5027172111,782523.8726386098,1794.3699213986984,0.22983247272629825,0.13823404261639705
2350.0,4.049118761907983,4.043591183715072,-0.0055275781929111645,-0.1365131160121003,26016.313255075598,26018.20150168577,1.8882466101713362,0.0072579330962774,765616.4852689836,767402.5771172725,1786.0918482888956,0.2332880603611074,0.4973889606004955
2351.0,4.034457820264758,4.028876422629916,-0.005581397634841778,-0.1383431896798342,26018.63339245539,26020.525135507338,1.8917430519468326,0.007270724113032701,704909.9328456502,706593.8685724838,1683.9357268335298,0.23888665038888746,0.9436926037405812
2352.0,4.06143826741588,4.056102464267274,-0.005335803148606821,-0.1313771821035646,26014.156572157008,26016.04211756617,1.8855454091608408,0.0072481512284697435,781535.3854468317,783313.7928415475,1778.4073947158176,0.22755302291258875,0.13841170817201093
2353.0,4.049040931885394,4.043504459785074,-0.005536472100320822,-0.1367353947134049,26014.08978287995,26015.974010606205,1.8842277262556308,0.007243104571337545,766412.7978237654,768183.0983182981,1770.300494532683,0.23098524705739043,0.49803422221078847
2354.0,4.0343635487885505,4.028773036621427,-0.005590512167123585,-0.13857234479531025,26016.412358978756,26018.3000839771,1.8877249983452202,0.00725590051502136,705639.6920451515,707308.0313009317,1668.3392557802144,0.23642933845527828,0.9449282016085967
2355.0,4.061374393555267,4.056030322748637,-0.005344070806629908,-0.13158281627791,26011.929302085933,26013.810822827836,1.881520741902932,0.007233299460613443,782373.6765784946,784136.8281059036,1763.151527408976,0.22535925992802508,0.1385945950808871
2356.0,4.048961865736526,4.043416458347543,-0.00554540738898357,-0.136958745793839,26011.86198233414,26013.74218760046,1.8802052663195354,0.007228260966463954,767240.8366648197,768996.038780049,1755.2021152292145,0.22876807794264997,0.4986982545739837
2357.0,4.034267559639679,4.028667899370364,-0.00559966026931491,-0.13880240183710185,26014.187088499548,26016.070791960312,1.8837034607640817,0.007241062172559052,706398.8130169499,708052.2385579081,1653.425540958182,0.2340640316051194,0.9461993814346433
2358.0,4.061309727512854,4.055957353106384,-0.005352374406469629,-0.13178936760746446,26009.6976320816,26011.575125113035,1.8774930314357334,0.00721843466999764,783244.1027961553,784992.6641176359,1748.5613214806654,0.22324602448181352,0.13878269612296354
2359.0,4.048881565968218,4.043327179543069,-0.005554386425148827,-0.1371832278779089,26009.62978470032,26011.505964725973,1.876180025654321,0.0072134053471147415,768100.3364076249,769841.0926471668,1740.7562395419227,0.22663136012716403,0.4993810314752204
2360.0,4.034169856500909,4.0285610152889735,-0.005608841211935278,-0.1390333429539871,26011.95751179078,26013.837191010807,1.8796792200264463,0.00722621209562725,707187.0408933499,708826.1958673006,1639.1549739507027,0.23178521086586223,0.9475060930347178
2361.0,4.061244270791461,4.055883554555474,-0.005360716235986551,-0.1319968925420447,26007.461492863422,26009.33495589731,1.873463033887674,0.007203559772266746,784146.4109670573,785881.009176535,1734.5982094776118,0.22120846122835647,0.13897600387233322
2362.0,4.0488000348368915,4.043236626290111,-0.005563408546780835,-0.1374088248101134,26007.393120379187,26009.265273120196,1.8721527410089038,0.007198540554769789,768991.0511950913,770717.9764012685,1726.9252061771695,0.22457026040723746,0.5000825259596354
2363.0,4.034070442883441,4.028452385750817,-0.005618057132624088,-0.13926522137299263,26009.723558793765,26011.599211800058,1.8756530062928505,0.0072113531005165215,708004.1397691343,709629.6302959727,1625.4905268383445,0.22958771503347195,0.9488482848220836
2364.0,4.06117802462587,4.0558089289883625,-0.005369095637507648,-0.13220537501559704,26005.220814355387,26007.09024582812,1.8694314727326855,0.007188677558549024,785080.3662227925,786801.5920181012,1721.22579530871,0.21924198710890386,0.13917451069753717
2365.0,4.048717274397138,4.0431447985123325,-0.00557247588480525,-0.13763558942591275,26005.15191900668,26007.020043143042,1.8681241363628942,0.007183669382825321,769912.752852255,771626.4259539866,1713.673101731576,0.22258016838700517,0.500802710333428
2366.0,4.033969322121141,4.028342014809809,-0.00562730731133243,-0.13949801949345217,26007.485158711672,26009.356784239855,1.8716255281833583,0.007196487921695204,708849.8909159604,710462.2879985401,1612.3970825796714,0.2274666474867009,0.9502259038093068
2367.0,4.061110990031885,4.055733475361417,-0.005377514670468209,-0.13241486587457163,26002.975525777467,26004.840924810273,1.8653990328057262,0.0071737906723655705,786045.7502159724,787754.160117785,1708.4099018125562,0.21734229863123827,0.13937820876186585
2368.0,4.048633286495051,4.043051698707739,-0.005581587787312436,-0.13786350583864515,26002.906109543208,26004.770204420358,1.8640948771499097,0.007168794400506553,770865.2291851415,772566.1957629643,1700.9665778228082,0.2206568039942402,0.5015415561649521
2369.0,4.033866497412523,4.028229903743531,-0.0056365936689921625,-0.13973178518941293,26005.24224009607,26007.109837539363,1.8675974432917428,0.007181619098368543,709724.0911375087,711323.9330121981,1599.8418746893294,0.2254174396313906,0.9516388956103494
2370.0,4.061043167798589,4.055657195112445,-0.005385972686143603,-0.13262534929081368,26000.725555729186,26002.58692209409,1.8613663649048249,0.007158901627245853,787042.3595328804,788738.4778551261,1696.1183222457767,0.2155053411931277,0.13958709002366845
2371.0,4.048548072810943,4.042957326634355,-0.005590746176588723,-0.13809262175086431,26000.655620354162,26002.51568596753,1.8600656133676239,0.007153918118555072,771848.2824551581,773537.0563179862,1688.7738628281513,0.21879609001089714,0.5022990342858392
2372.0,4.033761971813929,4.0281160563163105,-0.005645915497618503,-0.1399665011735834,26002.994730924845,26004.858300310796,1.863569385950541,0.007166749081151929,710626.5512920957,712214.3451528032,1587.7938607075484,0.22343576352734704,0.9530872044427141
2373.0,4.060974558531594,4.055580086990106,-0.0053944715414884215,-0.13283687114353668,25998.470832265913,26000.32816634671,1.8573340807961358,0.007144012787440771,788070.0042489108,789754.3251087815,1684.3208598706406,0.2137273149326275,0.13980114623667036
2374.0,4.048461634851736,4.042861684438005,-0.005599950413730959,-0.13832292161355858,25998.4003792844,26000.256416222193,1.8560369377919415,0.0071390428284612345,772861.7279697225,774538.7934829231,1677.0655132005922,0.21699425039536863,0.5030751147921504
2375.0,4.033655748276504,4.028000473750858,-0.005655274525646625,-0.14020221056452337,26000.742558674523,26002.602100614742,1.85954194021906,0.007151880128126066,711557.0949269594,713133.3190601674,1576.2241332080448,0.22151759070996863,0.954570773129648
2376.0,4.06090516264441,4.055502152044581,-0.005403010599828839,-0.13304941591668365,25996.211282968554,25998.064585726643,1.8533027580888302,0.007129126386593971,789128.5066155549,790801.4957103092,1672.9890947543317,0.2120046457236113,0.14002036895029896
2377.0,4.048373973988644,4.0427647717526645,-0.005609202235979716,-0.1385544485766287,25996.140313725326,25997.992323151713,1.8520094263876672,0.007124170757802271,773905.3928205615,775571.2063194009,1665.8134988393867,0.21524769232686092,0.5038697670455559
2378.0,4.03354782963866,4.027883159579226,-0.0056646700594340516,-0.14043889644272578,25998.485650385184,26000.34116605154,1.8555156663569505,0.007137014406565868,712515.5570598921,714080.6623885902,1565.1053286980605,0.21965910964193894,0.9560895431023999
2379.0,4.060834980396706,4.055423388858112,-0.0054115915385937186,-0.13326302508517734,25993.946835007268,25995.79610794327,1.8492729360041267,0.007114244511393799,790217.6998634549,791879.796283471,1662.0964200161397,0.2103339902793041,0.1402447495100167
2380.0,4.048285091448932,4.0426665904290235,-0.005618501019908351,-0.13878718748776211,25993.875350677285,25995.72333427736,1.8479836000769865,0.007109303923121399,774979.1147127501,776634.1066085935,1654.9918958434137,0.21355309638980977,0.5046829596745456
2381.0,4.033438218658748,4.0277641150025145,-0.0056741036562337754,-0.1406765976973512,25996.223932721026,25998.075423797152,1.851491076125967,0.007122153897880242,713501.783043711,715056.1950560283,1554.4120123173343,0.21785678035539077,0.9576434544025314
2382.0,4.060764011885128,4.055343798149302,-0.005420213735826351,-0.13347768350887562,25991.677415199778,25993.522660320228,1.8452451204502722,0.00709936912102173,791337.4271131392,792989.0449346383,1651.6178214991232,0.20871220858646283,0.14047427905766346
2383.0,4.048194988349313,4.042567140010807,-0.005627848338505714,-0.1390211774556966,25991.60541680555,25993.449376768214,1.8439599626653944,0.007094444275739635,776082.7409219551,777727.3169576953,1644.5760357402032,0.21190730691762494,0.5055146605756669
2384.0,4.033326918007059,4.027643343368496,-0.005683574638562838,-0.14091529781997433,25993.957332024544,25995.804800682476,1.8474686579320405,0.007107300494242021,714515.6275591779,716059.747683955,1544.1201247770805,0.21610725717110965,0.9592324456842856
2385.0,4.060692257077276,4.055263378367574,-0.005428878709702545,-0.13369342875566823,25989.4029500646,25991.244169845006,1.8412197804063908,0.007084502033171233,792487.540386189,794129.0702987373,1641.529912548256,0.20713636857285078,0.14070894853180557
2386.0,4.048103665687298,4.0424664221014766,-0.0056372435858218495,-0.1392564037725734,25989.330438492543,25991.170377458286,1.8399389657424763,0.007079593566663651,777216.127325884,778850.6704727262,1634.5431468422757,0.2103074150643451,0.5063648369147921
2387.0,4.033213930294838,4.027520845883597,-0.0056930844112415,-0.14115503193318885,25991.68577436739,25993.529223221383,1.8434488539933227,0.007092455910694736,715556.9536738981,717091.1610143213,1534.2073404231342,0.2144074392046675,0.9608564542170069
2388.0,4.060619715802207,4.055182129947041,-0.00543758585516585,-0.13391024611354457,25987.123365869964,25988.96056322295,1.83719735298655,0.007069644943462355,793667.8997016845,795299.7104279127,1631.81072622817,0.20560371999945037,0.1409487486680941
2389.0,4.048011124370931,4.042364436182047,-0.005646688188884141,-0.1394929019559364,25987.050341884824,25988.886262928914,1.8359210440903553,0.007064753482742501,778379.137536896,780004.0091055334,1624.871568637318,0.20875065765239595,0.5072334551284152
2390.0,4.033099258066005,4.027396625751673,-0.005702632314331879,-0.14139578397250918,25989.409185595727,25991.248617679772,1.8394320840452565,0.007077621776276224,716625.6320069414,718150.284561599,1524.6525546576595,0.21275439874900978,0.9625154158876201
2391.0,4.0605463877807155,4.055100051231728,-0.005446336548987851,-0.13412816968123684,25984.83858867844,25986.671766918753,1.8331782403110992,0.007054799413338717,794878.3722554898,796500.812007626,1622.4397521362407,0.20411169919399394,0.14119366999963023
2392.0,4.047917365209914,4.042261183649162,-0.005656181560751428,-0.13973065777883323,25984.765052936862,25986.596959520346,1.831906583483942,0.007049925522712761,779571.6421016498,781187.1834451921,1615.5413435422815,0.2072344934439814,0.5081204809249766
2393.0,4.03298290382299,4.0272706842063135,-0.005712219616676784,-0.14163758570020202,25987.127491372896,25988.96291009738,1.8354187244840432,0.00706279955371504,717721.5399495861,719236.9761660945,1515.4362165083876,0.21114542787929064,0.9642092652031581
2394.0,4.06047227261573,4.055017142411026,-0.005455130204703451,-0.1343471852152137,25982.54854438799,25984.377707202504,1.8291628145125287,0.0070399668892665735,796118.8316734957,797732.2294150658,1613.3977415701374,0.20265790449632576,0.14144370285733923
2395.0,4.047822388942173,4.042156663943631,-0.005665724998541677,-0.13996970356256946,25982.47449745045,25984.302393404207,1.8278959537565242,0.007035111124369189,780793.5177828551,782400.0512718152,1606.5334889601218,0.20575650954711328,0.5090258792862166
2396.0,4.032864870018365,4.027143024341537,-0.005721845676827542,-0.14188042151785477,25984.84061721752,25986.672026348162,1.8314091306419868,0.00704799062507429,718844.5609742771,720351.1008251047,1506.5398508276558,0.20957797173644685,0.9659379352933507
2397.0,4.060397369819386,4.054933401746023,-0.0054639680733625795,-0.13456732372983551,25980.253158769454,25982.078310184454,1.8251514149997092,0.0070251486921467585,797389.1573321418,798993.8240738807,1604.6667417389108,0.2012401005185111,0.1416988373703519
2398.0,4.047726196224931,4.0420508782895475,-0.0056753179353838945,-0.14021002558614065,25980.178601111613,25982.00249059061,1.8238894789974438,0.007020311549819004,782044.6468948637,783642.4774451264,1597.8305502627045,0.20431449235116536,0.509949614468558
2399.0,4.0327451590779155,4.027013647435825,-0.005731511642090403,-0.1421243201839441,25982.548488539476,25984.37589215687,1.8274036173934292,0.007033196217066507,719994.583987646,721492.530358962,1497.9463713159785,0.208049672126656,0.9677013579132624
2400.0,4.060321678803455,4.054848829215149,-0.0054728495883065165,-0.1347885714788815,25977.95235750114,25979.773501854506,1.8211443533655256,0.00701034603614426,798689.2337384829,800285.4636548022,1596.229916319251,0.19985619548765687,0.1419590634663946
2401.0,4.0476287876585175,4.041943826105958,-0.00568496155255982,-0.14045165332091805,25977.877289523698,25979.697176992362,1.819887468664092,0.007005528005161577,783324.9167102067,784914.3326311936,1589.4159209869104,0.20290634027857937,0.5108916500045178
2402.0,4.032623773392288,4.026882556502246,-0.005741216890042367,-0.14236926657833965,25980.2510306719,25982.074433152135,1.8234024802331987,0.007018417482111765,721171.502759042,722661.1423958087,1489.6396367667476,0.20655830562740168,0.969499463445988
2403.0,4.060245198903637,4.054763423015012,-0.0054817758886249734,-0.13501095673003158,25975.646066200417,25977.46320811128,1.8171419108621194,0.006995560018915524,800018.9499680839,801607.0215484052,1588.0715803212952,0.19850424547876647,0.14222437087218662
2404.0,4.047530163777528,4.041835508473611,-0.005694655303916996,-0.14069457356686427,25975.570488238583,25977.386378428382,1.8158901897986652,0.006990761533498862,784634.218907102,786215.4932705817,1581.2743634796934,0.20153013026658617,0.5118519487041456
2405.0,4.032500715337701,4.026749752878573,-0.005750962459127429,-0.14261528676866747,25977.948168901636,25979.767574878857,1.8194059772213222,0.007003655428796892,722375.2153832697,723856.8201264263,1481.6047431565821,0.205101824038978,0.9713321809053999
2406.0,4.060167929370123,4.054677182941892,-0.005490746428231219,-0.13523446625231164,25973.334210452937,25975.1473547961,1.8131443431630032,0.006980791639886208,801378.1991501577,802958.3761839991,1580.1770338413771,0.19718243340249544,0.14249474911384588
2407.0,4.047430325072188,4.041725924804964,-0.005704400267224408,-0.14093881324869173,25973.258122784606,25975.070020680745,1.8118978961392713,0.006976013126939258,785972.4490804127,787545.8404543883,1573.3913739755517,0.20018403645273045,0.5128304726564936
2408.0,4.032375987267644,4.026615239521522,-0.005760747746121453,-0.14286236611643355,25975.639828496267,25977.455242844993,1.8154143487263354,0.006988910997814023,723605.6238081648,725079.4514212891,1473.8276131242746,0.2036782972149759,0.9731994379389507
2409.0,4.060089869389494,4.05459010714317,-0.005499762246324202,-0.1354591258629255,25971.016715839327,25972.82586771742,1.8091518780929619,0.006966041791462048,802766.8780032056,804339.4105986647,1572.5325954590226,0.1958890729735293,0.14277018751730228
2410.0,4.047329271979715,4.041615076062422,-0.005714195917292386,-0.1411843596925174,25970.94011869296,25972.74802949538,1.8079108024176094,0.006961283627604761,787339.5062809524,788905.2599528338,1565.7536718813935,0.19886639237466053,0.5138271832311112
2411.0,4.032249591531562,4.026479017839857,-0.005770573691704861,-0.14311052827245832,25973.325934729877,25975.137362530644,1.8114278007669782,0.006974184997789798,724862.6333885605,726328.928658048,1466.295269487542,0.20228595073703276,0.9751011608305299
2412.0,4.060011018075467,4.0545021952576965,-0.005508822817770209,-0.13568492285475398,25968.693507959924,25970.498672680143,1.8051647202191816,0.006951311276656496,804184.8864091012,805750.0118573105,1565.12544820935,0.19462258924039846,0.14305067520871942
2413.0,4.047227004903577,4.04150296166439,-0.005724043239186294,-0.14143123754242362,25968.616401521384,25970.42033063292,1.8039291115346714,0.0069465738322084325,788735.2926127824,790293.6412213776,1558.3486085952027,0.19757561544291768,0.514842041079572
2414.0,4.032121530466686,4.026341090754945,-0.0057804397117404704,-0.14335975907629528,25971.00641290598,25972.813859429483,1.8074465235040407,0.006959478176424661,726146.1524956399,727605.1479496856,1458.995454045711,0.2009231129341378,0.9770372745033744
2415.0,4.059931374488699,4.054413445396279,-0.005517929092420104,-0.1359118808532822,25966.364512457512,25968.16569550616,1.8011830486466351,0.006936600800556841,805632.1270255393,807190.0707036492,1557.9436781099066,0.19338152313537496,0.14333620111492335
2416.0,4.047123524205054,4.041389582476455,-0.005733941728598424,-0.1416794346479627,25966.286896876543,25968.0868498671,1.7999529905573581,0.0069318843995899646,790159.7128512828,791710.8774783419,1551.16462705913,0.19631026510599597,0.5158750061370253
2417.0,4.031991806414918,4.026201459756053,-0.005790346658864465,-0.14361008000194833,25968.681188379414,25970.48465905504,1.8034706756261585,0.006944791160335026,727456.092147224,728908.0090341492,1451.9168869252317,0.1995882504247954,0.9790077025230312
2418.0,4.059850937627803,4.054323857061663,-0.005527080566140263,-0.1361399876757488,25964.029655038255,25965.82686205978,1.7972070215255371,0.006921910987637443,807108.5049359526,808659.4810626042,1550.9761266516289,0.19216451284634958,0.14362675396384028
2419.0,4.047018830220692,4.041274937933358,-0.0057438922873336296,-0.141928973605008,25963.95153043423,25965.747513030536,1.795982596304384,0.006917215949194723,791612.6741078099,793156.8648181389,1544.190710328985,0.19506897259690428,0.5169260376237799
2420.0,4.031860421714879,4.026060127747223,-0.005800293967656245,-0.14386147735712523,25966.350186575895,25968.149686977667,1.799500401772093,0.006930124522091673,728792.3656845674,730237.4145938947,1445.0489093273645,0.1982799185842191,0.981012367100376
2421.0,4.059769706447304,4.054233428338637,-0.00553627810866697,-0.13636926498256363,25961.68886149107,25963.482098265016,1.7932367739449546,0.006907242373607133,808613.9273295669,810158.1397593793,1544.2124298124108,0.19097029838604745,0.14392232228494123
2422.0,4.046912923254087,4.04115902882249,-0.005753894431597573,-0.1421798427768225,25961.610227958434,25963.402246011257,1.7920180528235505,0.006902568974299215,793094.0855161062,794631.5023303529,1537.4168142466806,0.1938504954612297,0.5179950940469119
2423.0,4.031727378717171,4.025917096305945,-0.005810282411225387,-0.14411397064932807,25964.013333010684,25965.808868828597,1.7955358179133327,0.006915478723893913,730154.8884656085,731593.2701964279,1438.3817308194702,0.19699679527479058,0.9830511890946843
2424.0,4.059687679848964,4.054142158612347,-0.0055455212366171125,-0.13659970110861896,25959.34205770562,25961.131330127773,1.7892724221528624,0.006892595421622965,810148.303208334,811685.9460928108,1537.6428844768088,0.18979770473967106,0.144222894409695
2425.0,4.046805803591779,4.041041854603588,-0.005763948988191103,-0.142432062914293,25959.262915318577,25961.05097479392,1.7880594753441983,0.0068879439342211185,794603.8579534054,796134.6913081043,1530.8333546989597,0.19265365243025614,0.5190821332019047
2426.0,4.031592679776719,4.025772368334428,-0.005820311442291448,-0.1443675466395031,25961.670553305376,25963.46213033305,1.791577027674066,0.006900854180379262,731543.5775961754,732975.483692939,1431.906096763676,0.195737634860915,0.9851240880167539
2427.0,4.0596048566981136,4.054050045950432,-0.005554810747681493,-0.1368313159473237,25956.989169688863,25958.774483750436,1.7853140615734446,0.006877970514616679,811711.5431223745,813242.8016105583,1531.258488183841,0.18864564649328722,0.14452845847202872
2428.0,4.0466974714953015,4.040923416002031,-0.005774055493270147,-0.14268562287994727,25956.909518505992,25958.693625455206,1.7841069492133101,0.006873341173152105,796141.9037783187,797666.3353917314,1524.4316134126857,0.19147737434470669,0.5201871121743132
2429.0,4.031456327266589,4.025625945504667,-0.005830381761922077,-0.14462222305345412,25959.32177320379,25961.109397312477,1.7876241086887603,0.006886251206046588,732958.3516791945,734383.9652009538,1425.6135217592819,0.19450129990240603,0.9872309820320858
2430.0,4.059521235815303,4.053957089636564,-0.005564146178739016,-0.13706409833871772,25954.63012358038,25956.41148535131,1.7813617709289247,0.006863367971137129,813303.558930099,814828.6097418348,1525.0508117357967,0.18751311180071575,0.14483900240879644
2431.0,4.046587927215644,4.040803712509818,-0.005784214705826685,-0.14294054175678467,25954.54996364853,25956.330124201006,1.7801605524764454,0.006858761007105521,797708.1366048852,799226.3398639814,1518.2032590961317,0.19032064353232447,0.5213099873414602
2432.0,4.031318323570602,4.025477830730403,-0.005840492840198941,-0.14487798708552305,25956.966918586495,25958.750595714366,1.7836771278707602,0.006871670074031482,734399.130589717,735818.6265693537,1419.4959796367912,0.19328671842203118,0.9893717879641105
2433.0,4.05943681599122,4.053863287728735,-0.005573528262485361,-0.13729806658228366,25952.264845666727,25954.042261276947,1.777415610220487,0.006848788037539097,814924.2635782066,816443.2756194338,1519.0120412271935,0.1863991672744466,0.1451545139602553
2434.0,4.046477170985637,4.04068274480444,-0.0057944261811968545,-0.14319680888711042,25952.184177024876,25953.960397360755,1.7762203358797706,0.006844203646844626,799302.4710823246,800814.6118156037,1512.140733279055,0.18918254202711093,0.5224507143741564
2435.0,4.03117867109595,4.0253280257832165,-0.0058506453127336044,-0.14513485484241756,25954.605915484542,25956.38565161312,1.7797361285774969,0.006857110966634652,735865.8352672986,737279.3813925476,1413.5461252490059,0.1920929138849807,0.991546421297477
2436.0,4.059351595978664,4.0537686394232875,-0.005582956555376661,-0.13753321000593627,25949.893262394668,25951.66673801925,1.7734756245808967,0.006834230902795011,816573.5709015543,818086.7057635294,1513.1348619750934,0.18530294340833084,0.14547498067054943
2437.0,4.046365203033159,4.040560512416273,-0.0058046906168858214,-0.14345444184164644,25949.812085077145,25951.584371421384,1.7722863442395465,0.006829669280182295,800924.8227087551,802431.0595087984,1506.2368000432616,0.18806219476993075,0.5236092482384517
2438.0,4.031037372266048,4.02517653359994,-0.005860838666107426,-0.14539281392999728,25952.23869009194,25954.014491236983,1.775801145042351,0.0068425740308882,737358.3875305303,738766.1445363379,1407.7570058075944,0.19091896554161136,0.9937547961813837
2439.0,4.059265574506228,4.053673142774949,-0.005592431731279213,-0.1377695454665954,25947.515300383544,25949.28484222605,1.7695418425064418,0.006819696691653113,818251.3954420885,819758.8079400314,1507.412497942918,0.1842236391333603,0.14580038988820193
2440.0,4.046252023573824,4.04043701598733,-0.005815007586493337,-0.14371343041942483,25947.43361442324,25949.201973020903,1.768358597662882,0.0068151579995946706,802575.1076492278,804075.5925605656,1500.4849113377277,0.1869588150737323,0.5247855431974131
2441.0,4.030894429532064,4.025023356055853,-0.005871073476210853,-0.1456518789774509,25949.86516877762,25951.63704096778,1.7718721901619574,0.006828059331475218,738876.7099049295,740278.8321769347,1402.1222720051883,0.1897640368425739,0.9959968254329724
2442.0,4.059178750270604,4.053576796905205,-0.005601953365399481,-0.1380070627593335,25945.130886436757,25946.896500716157,1.7656142794003244,0.0068051854782637785,819957.6522841483,821459.4908895101,1501.8386053618742,0.18316050849433707,0.14613072876661395
2443.0,4.04613763282309,4.040312255091549,-0.005825377731540904,-0.14397379081433753,25945.048691867905,25946.813128979353,1.764437111447478,0.006800669878875636,804253.2425817829,805748.1213675688,1494.878785785986,0.1858716516935864,0.5259795528129297
2444.0,4.030749845366077,4.024868496120904,-0.005881349245172807,-0.14591203797810123,25947.485278096236,25949.25322736542,1.7679492691859195,0.006813566903449974,740420.7254716017,741817.3613763448,1396.6359047431033,0.18862733803859064,0.9982724205407665
2445.0,4.059091121949143,4.053479599871001,-0.00561152207814164,-0.13824577743026945,25942.73994755256,25944.50164048836,1.7616929358009656,0.006790697279325594,821692.2569050001,823188.6642167482,1496.4073117481312,0.18211286514789907,0.14646598426457236
2446.0,4.046022030989273,4.0401862303463885,-0.005835800642884692,-0.1442355132569016,25942.657244413367,25944.41776629191,1.7605218785429315,0.006786204905521202,805959.1445470857,807448.5573017846,1489.4127546988893,0.184800031710773,0.5271912299475463
2447.0,4.030603622271602,4.024711955777361,-0.005891666494241221,-0.14617330420897962,25945.09894479871,25946.862977166755,1.7640323680461734,0.006799096707240788,741990.3577209514,743381.6501424022,1391.292421450722,0.18750815384233885,1.0005814916681681
2448.0,4.059002688192534,4.053381550730016,-0.005621137462517467,-0.13848567971805284,25940.342410934136,25942.100188734894,1.7577778007580491,0.006776232067072201,823455.1250370193,824946.2381557483,1491.1131187290885,0.1810800702299417,0.146806143146764
2449.0,4.045905218284664,4.040058941373778,-0.005846276910886239,-0.14449861268289607,25940.259199269072,25942.01581215724,1.7566128881662735,0.0067717630524515736,807692.7308207124,809176.8121900208,1484.0813693084056,0.18374331137045166,0.5284205267663246
2450.0,4.03045576277705,4.024553738036997,-0.005902024740053413,-0.14643566602469843,25942.706095841626,25944.466217307978,1.7601214663518476,0.006784648678705029,743585.5304300147,744971.6170477325,1386.0866177177522,0.18640580820826083,1.002923947657002
2451.0,4.058913447636342,4.053282647546166,-0.0056308000901754696,-0.13872678397354093,25937.93820399899,25939.692072849193,1.753868850202707,0.006761789762966988,825246.1725447789,826732.123484861,1485.9509400820825,0.18006153672908468,0.14715119198429868
2452.0,4.045787194918868,4.039930388776304,-0.0058568061425647855,-0.14476307972699076,25937.854483861083,25939.6071939704,1.7527101093182864,0.0067573442144524655,809453.9187885249,810932.7985138003,1478.8797252753284,0.18270091612981557,0.5296673947387305
2453.0,4.030306269445388,4.024393844991701,-0.005912424453686782,-0.1466991354605017,25940.306658396476,25942.062874922827,1.7562165263516363,0.006770222686566336,745206.1675417462,746587.1813051783,1381.0137634321582,0.18531969052105224,1.005299696031118
2454.0,4.058823398894049,4.05318288932316,-0.0056405095708891295,-0.13896908085298956,25935.527254387824,25937.277220437853,1.7499660500288883,0.006747370249559224,827065.3153124005,828546.2313232343,1480.916010833811,0.17905671818367053,0.14750111715523917
2455.0,4.0456679611090305,4.039800572227683,-0.005867388881347857,-0.14502892817084875,25935.443025840523,25937.191839348838,1.7488135083149245,0.006742948275734143,811242.6258434717,812716.4289382402,1473.803094768431,0.18167229480034738,0.5309317846405522
2456.0,4.030155144867874,4.024232279702641,-0.005922865165232771,-0.1469637012057745,25937.900559857975,25939.65287736307,1.7523175050955615,0.006755818579270382,746852.1930640998,748228.2624248844,1376.0693607846042,0.18424922274634079,1.007708643000037
2457.0,4.058732540567705,4.053082274136033,-0.005650266431672435,-0.13921258361316208,25933.109489972856,25934.855559327338,1.7460693544817332,0.006732973364250276,828912.4691418201,830388.4730688278,1476.0039270076668,0.17806511326048524,0.14785590484513883
2458.0,4.045547517073483,4.0396694923242356,-0.005878024749247146,-0.14529614902408222,25933.02475309197,25934.76967612508,1.744923033111263,0.006728575049477086,813058.7692805955,814527.6165177192,1468.8472371237585,0.18065695772808807,0.5322136465558408
2459.0,4.030002391672936,4.024069044373403,-0.005933347299533764,-0.1472293741510836,25935.48772785232,25937.23615219629,1.7484243439685088,0.006741436144618412,748523.53096805,749894.7803010436,1371.2493329936406,0.18319388452895158,1.0101506934626583
2460.0,4.058640871241299,4.052980800943336,-0.005660070297962783,-0.13945728330064594,25930.68483886571,25932.42701757486,1.7421787091516308,0.006718598910817811,830787.5496581404,832258.7602187294,1471.210560588981,0.17708625522786992,0.14821554104758722
2461.0,4.045425863041223,4.03953714879476,-0.005888714246463422,-0.14556475500545876,25930.59959374095,25932.340632370917,1.741038629967079,0.006714224342067762,814902.2662127294,816366.2742623878,1464.0080496583832,0.17965443346505622,0.5335129298788831
2462.0,4.029848012520193,4.0239041421211335,-0.0059438703990597475,-0.14749614329356703,25933.068090244426,25934.81262722475,1.744536980324483,0.006727075154600576,750220.1051069539,751586.6549017269,1366.5497947729891,0.18215318217553889,1.0126257510110106
2463.0,4.058548389490621,4.052878467834893,-0.005669921655727883,-0.1397031921661898,25928.253229424707,25929.991523474117,1.7382940494098875,0.006704246653365691,832690.4722282591,834157.0043254142,1466.5320971551118,0.17611971627713097,0.14858001156476278
2464.0,4.045302999245841,4.039403542236988,-0.005899457008853304,-0.145834737470917,25928.16747616133,25929.904636389852,1.7371602285238623,0.006699895895539199,816773.0334844835,818232.3153501065,1459.2818656229647,0.17866430523513202,0.5348295833161978
2465.0,4.029692010108622,4.023737575262733,-0.0059544348458890894,-0.14776401846474083,25930.641575145375,25932.382230482737,1.7406553373621136,0.006712735326342788,751941.8391314328,753303.8063662996,1361.96723486681,0.1811266728341672,1.0151337179340603
2466.0,4.058455093876957,4.052775273732011,-0.00567982014494639,-0.13995030161885016,25925.814590262016,25927.549005565113,1.7344153030971938,0.006689916326674097,834621.1518817795,836083.1168419858,1461.9649602063,0.175165098189769,0.14894930200799367
2467.0,4.045178925934275,4.039268672437664,-0.00591025349661134,-0.14610610815555722,25925.728328982146,25927.461616739598,1.7332877574517624,0.006685589447892714,818670.9876015435,820125.6527265152,1454.6651249716524,0.1776861702688864,0.5361635548885623
2468.0,4.029534387170867,4.0235693469770615,-0.005965040193805393,-0.1480329889427608,25928.208110918975,25929.94489025418,1.736779335205938,0.006698416364818282,753688.6564222565,755046.1547205821,1357.498298325576,0.1801139352116019,1.0176744952215668
2469.0,4.05836098295625,4.052671216742561,-0.005689766213689218,-0.14019862298066438,25923.368850250157,25925.099392639244,1.7305423890866223,0.006675607630641426,836579.5032443812,838037.0090903271,1457.5058459459106,0.17422203631495675,0.14932339779832543
2470.0,4.04505364336106,4.03913254000282,-0.005921103358240032,-0.1463788587317757,25923.282081094185,25925.01150222463,1.7294211304433702,0.006671304679065444,820596.0446607041,822046.1993172974,1450.1546565933386,0.1767196741964484,0.5375147919330624
2471.0,4.029375146480773,4.023399459695543,-0.005975686785229861,-0.14830306357671816,25925.767626188343,25927.500535069576,1.7329088812330156,0.0066841179255288695,755460.4800215141,756813.6199843676,1353.1399628535146,0.17911459283945333,1.0202479825679942
2472.0,4.058266055273092,4.052566295757779,-0.005699759515312763,-0.14044814799430916,25920.91593852843,25922.642613748314,1.7266752198847826,0.006661320240301696,838565.4404718443,840018.5921242613,1453.1516524170293,0.17329019087638162,0.14970228416709688
2473.0,4.044927151796449,4.038995144779661,-0.005932007016787644,-0.14665300002135015,25920.82866165605,25922.554221917024,1.7255602609729976,0.006657041267841757,822548.1202931765,823993.8676608305,1445.7473676539958,0.175764472860104,0.5388832411051738
2474.0,4.029214290847932,4.02322791666375,-0.0059863741841823526,-0.1485742318987592,25923.320049841837,25925.049093722402,1.7290438805648591,0.0066698396549534885,757257.2325766584,758606.1219095518,1348.889332893421,0.1781282865141695,1.0228540783764684
2475.0,4.058170309369254,4.0524605089065115,-0.00570980046274272,-0.14069888712063866,25918.455784508842,25920.178598208837,1.722813699994731,0.006647053799495402,840578.877195802,842027.7767147266,1448.8995189245325,0.17236925150416668,0.15008594615652282
2476.0,4.044799451520939,4.038856487388713,-0.005942964132225725,-0.14692852398382897,25918.368000100287,25920.089705149127,1.7217050488397945,0.006642798839931329,824527.1296039073,825968.5701197978,1441.4405158904847,0.17482026535414727,0.5402688483808659
2477.0,4.029051823124684,4.02305472042852,-0.005997102696164269,-0.14884650184303877,25920.865311039073,25922.59049526598,1.725184226907004,0.006655581155202752,759078.8362847896,760423.580091804,1344.7438070144271,0.1771546962890043,1.0254926797627888
2478.0,4.0580737437780146,4.052353855056418,-0.005719888721596789,-0.1409508324082757,25915.988317881784,25917.7072756104,1.7189577286153508,0.006632807931269542,842619.7264716106,844064.4732250725,1444.7467534618918,0.17145892839604296,0.150474368620285
2479.0,4.044670542832817,4.03871656773987,-0.005953975092946706,-0.14720544058890506,25915.900026138697,25917.617881533097,1.7178553943995212,0.006628577022858159,826532.9871283269,827970.2185410447,1437.2314127178397,0.17388675770961046,0.5416715590587362
2480.0,4.028887746200884,4.022879874306475,-0.006007871894409433,-0.14911986317004414,25918.403339216267,25920.12466902874,1.7213298124734138,0.006641342022287798,760925.2128465561,762265.9137315867,1340.7008850305574,0.17619351578785386,1.0281636825594909
2481.0,4.057976357032044,4.052246332359988,-0.005730024672056189,-0.1412039935157991,25913.51346862158,25915.228575819572,1.7151071979933477,0.006618582231506948,844687.900731514,846128.5916054401,1440.6908739261562,0.17055895706313465,0.1508675362241295
2482.0,4.044540426042967,4.038575386473739,-0.00596503956922767,-0.14748374205431422,25913.424669768036,25915.138680953645,1.7140111856097064,0.006614375395967489,828565.6067819304,829998.7244643397,1433.11768240924,0.1729636942058616,0.5430913177621693
2483.0,4.028722063010413,4.022703380960472,-0.006018682049941049,-0.1493943229591684,25915.9340640918,25917.65154461097,1.7174805191680207,0.00662712181208896,762796.2834189908,764133.0417475353,1336.758328544558,0.1752444732101952,1.0308669813199576
2484.0,4.057878147658063,4.052137939667238,-0.005740207990824864,-0.14145836276867332,25911.03116699168,25912.742428987487,1.711261995806126,0.006604376278108605,846783.3117427782,848220.0412849999,1436.7295422217576,0.16966909034435287,0.15126543344647264
2485.0,4.044409101481894,4.038432943564882,-0.005976157917012337,-0.14776343755191926,25910.941861274987,25912.65203358633,1.7101723113446496,0.006600193541789292,830624.9018221581,832053.9988091089,1429.0969869507244,0.1720508238815964,0.544528068441522
2486.0,4.0285547765261684,4.022525243781946,-0.006029532744222799,-0.14966987117454755,25913.457415671102,25915.171051899062,1.713636227959796,0.006612920076513907,764691.9685790224,766024.882558901,1332.9139798785327,0.17430730734041844,1.0336024693225832
2487.0,4.057779114184224,4.0520286751567305,-0.0057504390274933925,-0.1417139490760443,25908.541343549652,25910.248765553384,1.7074220037320629,0.006590189625465554,848905.8705693262,850338.7311729292,1432.8606036029523,0.16878910292397808,0.1516680445790133
2488.0,4.044276569494786,4.038289239679061,-0.00598732981572514,-0.14804451952881847,25908.451531241135,25910.157869890572,1.7063386494373844,0.006586030999883701,832710.7848116594,834135.9520770087,1425.1672653493006,0.17114792931037173,0.5459817543763381
2489.0,4.028385889766104,4.022345465550134,-0.006040424215969509,-0.1499465140942649,25910.973324251667,25912.68312106236,1.7097968106936605,0.006598736331889767,766612.1882862507,767941.3541986047,1329.1659123540157,0.17338178712307523,1.0363700385749846
2490.0,4.057679255135007,4.0519185376662765,-0.005760717468730192,-0.141970745012435,25906.043929152023,25907.747516251646,1.703587099622382,0.006576021812830088,851055.4875384241,852484.5695614839,1429.0820230598329,0.16791878367335145,0.15207535372735334
2491.0,4.044142830448087,4.03814427485728,-0.0059985555908070864,-0.14832699640686164,25905.953610547735,25907.656120626798,1.7025100790633587,0.0065718873146216605,834823.1675848172,836244.4940637457,1421.3264789285604,0.17025479575998412,0.5474523181775856
2492.0,4.028215405788466,4.022164049734547,-0.006051356053919044,-0.15022424186212494,25908.48172042769,25910.187682566542,1.7059621388507367,0.006584570092757157,768556.8618509355,769882.3741118874,1325.5122609519167,0.1724676893469731,1.0391695798182672
2493.0,4.057578569038135,4.05180752540276,-0.005771043635375506,-0.14222875878269325,25903.538854958875,25905.23861211501,1.6997571561332734,0.006561872359026645,853232.0722090781,854657.46413561,1425.3919265319128,0.16705794038443403,0.15248734481162513
2494.0,4.044007884724789,4.037998049795059,-0.0060098349297303955,-0.14861086083513877,25903.448030380274,25905.146716849616,1.6986864693426469,0.006557761991185038,836961.961218098,838379.5340570078,1417.5728389098076,0.16937123843080037,0.5489397017899239
2495.0,4.0280433276973975,4.021980999230961,-0.006062328466436284,-0.15050306000312494,25905.982535094667,25907.684667170273,1.7021320756066416,0.006570420841212158,770525.9079051625,771847.8592729501,1321.9513677875511,0.17156481751295752,1.0420009825313354
2496.0,4.057477054419757,4.051695637196785,-0.005781417222972429,-0.14248798318341213,25901.026052438327,25902.72198448114,1.6959320428140927,0.00654774077050294,855435.5333451539,856857.321884404,1421.7885392501485,0.16620639239643095,0.15290400156712602
2497.0,4.043871732730576,4.037850564601452,-0.006021168129123566,-0.1488961205269942,25900.934722232865,25902.629589924076,1.6948676912106748,0.006543654541377741,839127.0760042322,840540.980566203,1413.9045619708486,0.1684970730182609,0.5504438464939945
2498.0,4.027869658638387,4.021796317589759,-0.0060733410486282224,-0.1507829588180195,25903.47569945369,25905.174005938006,1.6983064843152533,0.006556288059640857,772519.2443776756,773837.7259965544,1318.4816188787809,0.17067298044347368,1.0448641349352594
2499.0,4.0573747098109125,4.051582871285654,-0.0057918385252584415,-0.1427484257555389,25898.505453370883,25900.197564995502,1.6921116246194288,0.006533626535577511,857665.7788893947,859084.0491173224,1418.2702279277146,0.16536397543624226,0.1533253075449607
2500.0,4.043734374889378,4.03770182000593,-0.006032554883447894,-0.1491827683071523,25898.41361791262,25900.104671518995,1.6910536063733161,0.006529564440980663,841318.421425253,842728.7415190056,1410.3200937525835,0.16763214234194482,0.5519646929087405
2501.0,4.027694401803501,4.021610007823232,-0.006084393980269276,-0.1510639431220213,25900.96114501586,25902.6556302367,1.6944852208398515,0.006542171201109742,774536.7884661813,775851.8900536023,1315.101587421028,0.16979201078690265,1.0477589239976834
2502.0,4.057271533742964,4.05146922649738,-0.005802307245583727,-0.14301007949130068,25895.976989853556,25897.66528561759,1.6882957640336826,0.006519529132633935,859922.7159424057,861337.5513837069,1414.8354413011111,0.16453053455513916,0.1537512461126907
2503.0,4.043595811649102,4.037551816187058,-0.0060439954620443714,-0.1494708112178859,25895.88464954358,25897.571893622437,1.687244078857475,0.0065154911743368965,843535.9061355547,844942.7240062467,1406.8178706920007,0.16677628782122378,0.553502180993749
2504.0,4.027517560427032,4.021422073565048,-0.006095486861984689,-0.1513460033514638,25898.438803606103,25900.129471747805,1.69066814170219,0.006528069720815685,776578.4566232587,777890.2664980515,1311.8098747928161,0.1689217443008742,1.0506852354372929
2505.0,4.057167524753671,4.051354701101648,-0.005812823652023624,-0.1432729513030534,25893.440594303935,25895.12507862356,1.6844843196267902,0.0065054480245369355,862206.2507416395,863617.7334924137,1411.4827507741284,0.1637059287798042,0.15418180045499053
2506.0,4.043456043477409,4.0374005539120965,-0.006055489565312655,-0.14976024223339593,25893.34774957094,25895.031188535184,1.6834389642426686,0.006501434192766996,845779.4379381071,847182.8344737341,1403.3965356270783,0.16592937504467647,0.5550562500516234
2507.0,4.0273391377903565,4.021232517943824,-0.0061066198465322685,-0.15162914365048313,25895.908607367444,25897.59546246414,1.6868550966973999,0.006513983047567158,778644.164530864,779952.7697802144,1308.6052493504249,0.16806203770099074,1.0536429537283232
2508.0,4.057062681382866,4.051239293928167,-0.005823387454698903,-0.14353703435299103,25890.896199464096,25892.57687661207,1.680677147975075,0.0064913826660425245,864516.2886442911,865924.4994407876,1408.2107964964816,0.1628900247449121,0.15461695357431207
2509.0,4.043315070867101,4.0372480334304575,-0.0060670374366438296,-0.15005106775769356,25890.802850764776,25892.48248888535,1.679638120574964,0.006487392956705281,848048.9237706922,849448.9784862045,1400.0547155123204,0.16509126729236762,0.5566268387303781
2510.0,4.027159137217811,4.021041344678559,-0.00611779253925171,-0.15191335457079122,25893.3704887647,25895.053534701212,1.6830459365119168,0.006499910613190358,780733.8270881133,782039.3135870302,1305.486498916871,0.1672127495469124,1.0566319621051194
2511.0,4.056957002178162,4.051123003280861,-0.005833998897300852,-0.14380233495619016,25888.343738404412,25890.020612506698,1.6768741022860922,0.006477332498480816,866852.7341124732,868257.7524368168,1405.018324343604,0.16208270090791504,0.1550566882915552
2512.0,4.043172894332114,4.03709425555071,-0.006078638781404244,-0.15034328089025156,25888.249886223886,25889.925727622314,1.6758413984280196,0.006473366897311193,850344.2696899377,851741.0609103448,1396.791220407118,0.1642618490175082,0.5582138850258611
2513.0,4.026977562081199,4.020848557013875,-0.006129005067323945,-0.15219863962083732,25890.824380588318,25892.503621094194,1.6792405058768054,0.006485851826084836,782847.3583930368,784149.8109521073,1302.4525590705452,0.16637375665980533,1.0596521425667498
2514.0,4.056850485690856,4.051005827995118,-0.005844657695738498,-0.144068846420481,25885.78314452732,25887.456219561518,1.673075034199428,0.006463296956704761,869215.4906965191,870617.3948347855,1401.9041382663418,0.161283841955344,0.15550098724674635
2515.0,4.043029514412558,4.03693922059434,-0.006090293818217241,-0.15063688742579326,25885.688789379463,25887.360838030432,1.6720486509693728,0.006459355455340988,852665.3808566566,854058.9856954435,1393.6048387868796,0.16344100160214683,0.5598173262842029
2516.0,4.026794415795875,4.020654158755823,-0.006140257040051722,-0.15248498944881278,25888.27021595798,25889.945654608713,1.675438650734577,0.006471806098894192,784984.671731909,786284.1741073169,1299.502375407843,0.16554493637955442,1.0627033758816604
2517.0,4.056743130481303,4.050887766410869,-0.005855364070433744,-0.1443365744909525,25883.214351570794,25884.883631363384,1.6692797925898049,0.006449275464461392,871604.4610261039,873003.3281587317,1398.8671326277545,0.16049334247107064,0.15594983289972336
2518.0,4.0428849316709305,4.036782929414462,-0.006102002256468175,-0.1509318805654508,25883.119493998674,25884.787753723234,1.6682597245599027,0.006445358044831921,855012.1615251764,856402.6560511171,1390.4945259407395,0.1626286254759659,0.5614370992042872
2519.0,4.026609701824933,4.0204581532645856,-0.006151548560347386,-0.15277240695961647,25885.70792832624,25887.379568537875,1.6716402116362588,0.00645777282299865,787145.679566541,788442.3145925908,1296.6350260498002,0.16472618216793372,1.0657855415923854
2520.0,4.05663493511504,4.05076881737291,-0.005866117742129973,-0.144605512597441,25880.63729361207,25882.302781837127,1.6654882250550145,0.006435267440134076,874019.5467965608,875415.4530468159,1395.9062502551824,0.15971110204244635,0.1564032075308286
2521.0,4.042739146696852,4.036625382405769,-0.0061137642910829015,-0.1512282655208708,25880.541934188168,25882.20640865658,1.6644744684126636,0.006431374090408419,857384.5150335649,858771.9742394461,1387.4592058812268,0.161824616791325,0.5630731398402534
2522.0,4.026423423675472,4.0202605444347075,-0.006162879240764418,-0.1530608828799905,25883.137451482013,25884.805296512655,1.6678450306426384,0.0064437513951661265,789330.293523286,790624.1431137864,1293.849590500351,0.1639173868172565,1.0688985180202992
2523.0,4.056525898167851,4.0506489792588685,-0.005876918908982454,-0.14487566593958617,25878.05190507093,25879.713605247845,1.661700176915474,0.006421272292872462,876460.6487612237,877853.6692734761,1393.020512252464,0.1589370286300176,0.1568610932416077
2524.0,4.042592160103469,4.036466580468905,-0.006125579634564282,-0.15152603557237146,25877.956044397528,25879.61673712306,1.66069272553068,0.0064174029922669,859782.3437923084,861166.8417481403,1384.497955831932,0.16102888897732184,0.564725383604018
2525.0,4.026235584902509,4.020061335741368,-0.0061742491611411765,-0.15335041954060616,25880.55871955398,25882.222772498913,1.6640529449323367,0.006429741192855572,791538.4243844041,792829.5696533812,1291.145268977154,0.16311845757599255,1.0720421822704231
2526.0,4.056416018222102,4.050528250926436,-0.005887767295665647,-0.14514702804684748,25875.458120713163,25877.116036205767,1.6579154926039337,0.006407289427957147,878927.6667227945,880317.8757002293,1390.2089774347842,0.15817103387112322,0.157323471955517
2527.0,4.042443972531909,4.03630652407283,-0.006137448459078598,-0.1518251953714654,25875.36175942253,25877.01867376448,1.656914341951051,0.006403444161887649,862205.5492796688,863587.159095788,1381.6098161191912,0.16024135048463323,0.5663937652678268
2528.0,4.026046189105425,4.019860531168782,-0.006185657936642386,-0.15364100773063463,25877.971667013906,25879.631930807314,1.660263793408376,0.006415741599735495,793769.982082035,795058.5033369724,1288.5212549373973,0.16232929992611264,1.075216410236275
2529.0,4.056305293871511,4.050406630792564,-0.005898663078947486,-0.14541960359491457,25872.85587565383,25874.51000966836,1.6541340145304275,0.006393318242409242,881420.4995258488,882807.9703021451,1387.4707762963371,0.15741303691515152,0.1577903254186366
2530.0,4.042294584647877,4.036145214168469,-0.006149370479407779,-0.15212573825673936,25872.759014408563,25874.412153566496,1.653139157933765,0.006389496987983116,864654.0320315837,866032.8260009506,1378.7939693669323,0.15946192561287545,0.5680782189668276
2531.0,4.0258552399316025,4.019658134306479,-0.006197105625123989,-0.15393264923329122,25875.376228679997,25877.03270609059,1.6564774105936522,0.006401751982093423,796024.8756875283,797310.8525394084,1285.9768518800847,0.16154983231766268,1.0784210766047706
2532.0,4.056193723717687,4.050284117731128,-0.0059096059865586525,-0.14569338619118585,25870.245105360525,25871.895460945132,1.6503555846065865,0.006379358130876848,883939.0450517037,885323.8501189735,1384.80506726983,0.15666295939996966,0.15826163520039105
2533.0,4.042143997145833,4.035982651300037,-0.006161345845796085,-0.15242766834003502,25870.147744853708,25871.79711187075,1.6493670170420955,0.006375560871584897,867127.6916397113,868503.7411926221,1376.0495529108448,0.15869053268369024,0.5697786782016736
2534.0,4.025662741073028,4.019454149229278,-0.00620859184375,-0.15422533488473797,25872.772339720046,25874.425033352993,1.652693632946466,0.00638777171323554,798303.0134095697,799586.5247594349,1283.511349865119,0.16077997055068272,1.0816560548611676
2535.0,4.056081306374646,4.050160710199976,-0.005920596174670223,-0.14596838000671375,25867.62574565651,25869.272325699632,1.646580043121503,0.006365408481286628,886483.2002129623,887865.4112827579,1382.2110697955359,0.15592072917608404,0.1587373826942773
2536.0,4.04199221074579,4.035818836471296,-0.006173374274494492,-0.1527309789979887,25867.527886611962,25869.173484369556,1.6455977575933503,0.006361635192998278,869626.4267434478,870999.8025786738,1373.3758352260338,0.15792710444288274,0.5714950758411452
2537.0,4.0254686962697175,4.0192485796403155,-0.006220116629402028,-0.15451906594543952,25870.159935654603,25871.808847947595,1.6489122929924633,0.006373800150805833,800604.302587746,801885.4267257442,1281.1241379982093,0.16001964189516688,1.0849212172940657
2538.0,4.055968040465513,4.0500364070922625,-0.0059316333732502,-0.14624457870652782,25864.99773272388,25866.640539953984,1.6428072301023349,0.006351468680099237,889052.8609496021,890432.5489753962,1379.6880257941084,0.1551862759116996,0.15921754911859873
2539.0,4.041839226197233,4.0356537703026385,-0.006185455894594405,-0.15303567382154373,25864.899375896388,25866.54120711752,1.6418312211317243,0.006347719344548287,872150.1350268329,873520.907066495,1370.7720396621153,0.1571715676705068,0.573227344124803
2540.0,4.025273109306453,4.019041429705748,-0.006231679600705142,-0.15481383328493825,25867.53895236014,25869.184085585413,1.6451332252727298,0.006359836659770948,802928.649687577,804207.464277405,1278.8145898279035,0.15926877068410697,1.088216435000441
2541.0,4.0558539246268195,4.049911206908267,-0.0059427177185522595,-0.14652198597362084,25862.3610031066,25864.000040090752,1.6390369841537904,0.0063375381078197325,891647.9222254734,893025.1574574783,1377.2352320048958,0.154459534719426,0.1597021155172073
2542.0,4.041685044276083,4.03548745385303,-0.006197590423053789,-0.15334174620634883,25862.26214928201,25863.900216526556,1.6380672445448,0.006333812700101626,874698.7132183865,876066.9507241887,1368.2375058021862,0.15642386173953104,0.5749754146656607
2543.0,4.025075984015985,4.0188327032414985,-0.00624328077448677,-0.1551096376634756,25864.90932607204,25866.55068233288,1.6413562608395296,0.0063458805911414074,805275.9602983975,806552.5424653501,1276.582166952663,0.1585272912505201,1.091541577890742
2544.0,4.0557389575053735,4.049785108563353,-0.0059538489420205565,-0.14680059551176544,25859.715493713516,25861.350762857448,1.6352691439315095,0.006323616144690542,894268.2780254487,895643.1300270685,1374.8520016198745,0.15374044181188654,0.1601910627602511
2545.0,4.041529665788408,4.035319887819923,-0.006209777968485319,-0.15364919923887127,25859.616143708972,25861.250449376956,1.6343056679834262,0.006319914645682062,877272.0570845922,878637.8286126151,1365.7715280229459,0.1556839200557427,0.5767392184528869
2546.0,4.024877324275918,4.018622404505592,-0.006254919770325884,-0.15540646997113516,25862.270993387592,25863.908574620513,1.6375812329206383,0.006331931303864735,807646.1391318906,808920.5654427436,1274.426310852985,0.15779513441651802,1.0948965146940202
2547.0,4.05562313776232,4.049658110601712,-0.005965027160608649,-0.14708041053094095,25857.06114182132,25858.69264536826,1.6315035469415307,0.006309702166046744,896913.8213550965,898286.3590499255,1372.537694828934,0.15302893791459743,0.16068437154493034
2548.0,4.0413730915675155,4.035151073319684,-0.006222018247831862,-0.153958026315718,25856.961296485424,25858.591842812733,1.6305463273092755,0.006306024550266491,879870.0614300609,881233.4349381159,1363.373508054996,0.15495168750702715,0.5785186858545281
2549.0,4.024677134011715,4.018410537425847,-0.006266596585867923,-0.155704330489276,25859.62389126906,25861.25769924055,1.6338079714878404,0.006317988143823933,810039.0900163058,811311.4365627219,1272.3465464160545,0.15707224035206038,1.0982811129631154
2550.0,4.0555064640701985,4.049530211963713,-0.005976252106485447,-0.14736142475501185,25854.397885077502,25856.025625108425,1.6277400309227232,0.006295795547658888,899584.4442374228,900954.7359202419,1370.2916828191373,0.15232496422064445,0.16118202239625878
2551.0,4.041215322477504,4.034981011127646,-0.006234311349857968,-0.15426823003422563,25854.297545290403,25855.924334352192,1.626789061789168,0.006292141795534888,882492.6200972043,883853.662895474,1361.0427982696565,0.15422710255863004,0.5803137466202586
2552.0,4.024475417193701,4.018197106352515,-0.006278310841185686,-0.15600321011685053,25856.967957046454,25858.59799335538,1.6300363089249004,0.0063040504657495555,812454.715899635,813725.0582719358,1270.3423723008018,0.1563585449675365,1.1016952390798833
2553.0,4.055388935116774,4.049401411238911,-0.005987523877863055,-0.14764364093454443,25851.72566150316,25853.349639935903,1.6239784327444795,0.006281895661467625,902280.0377135241,903648.1510933884,1368.1133798643714,0.1516284659617783,0.161683995667833
2554.0,4.041056359410457,4.03480970241964,-0.006246656990817279,-0.154579803775085,25851.624828176697,25853.247861883425,1.6230337067281653,0.006278265747378314,885139.6259650951,886498.4048163194,1358.778851224226,0.15351011426504685,0.5821243298841523
2555.0,4.0242721778398955,4.017982115324357,-0.00629006251553843,-0.15630310867578398,25854.303128420466,25855.92939449514,1.6262660746724578,0.006290117612509838,814892.9188462724,816161.3322091093,1268.413362836931,0.15565399250649448,1.1051387582604713
2556.0,4.055270549602269,4.0492717073953335,-0.005998842206935251,-0.14792705279611007,25849.04440949585,25850.66462808551,1.6202185896581796,0.0062680018804214645,905000.4918433187,906366.4940488533,1366.0022055346053,0.15093938819329383,0.16219027154260768
2557.0,4.040896203289824,4.034637148049659,-0.006259055240165345,-0.15489274965958408,25848.94308357372,25850.562363674613,1.6192801008946844,0.006264395784614078,887810.9709489779,889167.552017709,1356.581068731146,0.1528006651327029,0.5839503641674828
2558.0,4.024067420013142,4.01776556878405,-0.006301851229092215,-0.15660401706370103,25851.629343465345,25853.25184056594,1.622497100594046,0.006276188935859755,817353.6000366893,818620.159103385,1266.5590666957432,0.15495852304790608,1.108611534560637
2559.0,4.055151306243002,4.049141099069321,-0.006010207173680726,-0.14821166264321306,25846.354067832486,25847.9705281707,1.6164603382130736,0.0062541135742811265,907745.6957027784,909109.6533214372,1363.9576186587801,0.1502576795588991,0.16270083003367816
2560.0,4.040734855067764,4.034463349254915,-0.00627150581284841,-0.1552070610370013,25846.252250290276,25847.867778369626,1.6155280793500424,0.006250531271248034,890506.5460013284,891860.9949473575,1354.4489460290642,0.15209870742792314,0.5857917773815428
2561.0,4.02386114782374,4.01754747088028,-0.006313676943459967,-0.1569059346611562,25848.94654063166,25850.565269847528,1.6187292158683704,0.006262263776683931,819836.6597686561,821101.4388702763,1264.7791016201954,0.15427208414626084,1.1121134308811202
2562.0,4.055031203768749,4.049009585259102,-0.0060216185096466646,-0.14849746418844242,25843.65457567195,25845.26727918745,1.6127035155004705,0.006240230114430476,910515.5373879198,911877.5164688372,1361.9790809173137,0.14958328825717232,0.16321565098506957
2563.0,4.040572315728328,4.0342883069688105,-0.006284008759517512,-0.15552273956479842,25843.55226751729,25845.16404499796,1.6117774806698435,0.006236671584407859,893226.241112586,894578.6230388944,1352.381926308386,0.15140418676279419,0.587648496830492
2564.0,4.023653365426736,4.01732782614821,-0.006325539278526193,-0.15720885235488782,25846.254658749036,25847.869621001293,1.6149622522571008,0.006248341485370419,822341.9974564274,823605.0705115623,1263.0730551348533,0.15359461866737245,1.1156443089730488
2565.0,4.054910240926214,4.0488771646491974,-0.006033076277016214,-0.1487844592988611,25840.945872557888,25842.554820516023,1.6089479581351043,0.006226350869933699,913309.9040154554,914669.9701018634,1360.0660864079837,0.14891616530471435,0.1637347140725321
2566.0,4.040408586284946,4.0341120224917315,-0.006296563793214638,-0.15583977854586656,25840.843074830478,25842.45110297062,1.6080281401409593,0.006222816088021573,895969.9453131908,897320.3248520457,1350.3795388549333,0.15071705763332288,0.5895204492142253
2567.0,4.023444077024356,4.017106638845385,-0.006337438178971588,-0.15751276910150588,25843.55363702892,25845.16483306803,1.6111960391099274,0.006234421402486184,824869.5116333483,826130.95221303,1261.4405796816573,0.15292607641466124,1.1192040294434022
2568.0,4.0547884164765335,4.048743836270462,-0.006044580206071792,-0.1490726416576951,25838.227898421403,25839.833091924862,1.6051935034593043,0.006212475212192762,916128.6817228749,917486.899852756,1358.2181298810756,0.14825626104477002,0.16425799880434397
2569.0,4.040243667783439,4.033934496837197,-0.006309170946241949,-0.15615817918485322,25838.124612193133,25839.728892089646,1.6042798965136171,0.006208964158941125,898737.5466744793,900085.9879344892,1348.4412600098876,0.1500372678319058,0.5914075606312686
2570.0,4.023233286863427,4.016883913599369,-0.006349373264058045,-0.15781767576814099,25840.84341506721,25842.4508454756,1.607430408388609,0.006220502878212375,827419.0999530766,828678.9812486054,1259.881295528845,0.15226640231054536,1.1227924517605117
2571.0,4.05466572919858,4.048609598856978,-0.006056130341601573,-0.14936201270526414,25835.500593583667,25837.102033572104,1.6014399884370505,0.00619860251066617,918971.7556725185,920328.1904074391,1356.4347349206218,0.14760352824205797,0.1647854845221198
2572.0,4.040077561299639,4.033755731370456,-0.006321829929182954,-0.156477934724335,25835.39681995869,25836.997352544135,1.6005325854457624,0.006195115161572818,901528.9323108013,902875.4989589396,1346.5666481382214,0.14936477353940247,0.5933097565816935
2573.0,4.023020999237662,4.016659654775454,-0.006361344462208152,-0.15812357090389503,25838.123932847062,25839.72759803685,1.603665189788444,0.006206585253466344,829990.6591881979,831249.0540735353,1258.3948853373295,0.15161554788678558,1.126409434259608
2574.0,4.054542177886602,4.048474451474556,-0.006067726412045893,-0.1496525660810525,25832.763898758632,25834.361586009425,1.59768725079266,0.006184732137274073,921839.010051821,923193.7254771757,1354.7154253546614,0.14695791896228239,0.16531715040162692
2575.0,4.039910267942248,4.033575727185821,-0.006334540756427032,-0.15679904592667024,25832.65963887338,25834.256424919477,1.596786046095076,0.006181268473387107,904343.988381232,905688.7435902993,1344.7552090672543,0.1486995243341369,0.5952269619700618
2576.0,4.022807218485177,4.016433867093414,-0.0063733513917627604,-0.15843044534862652,25835.39513074137,25836.995030957074,1.5999002157041105,0.006192667879115964,832584.0852359274,833841.0662331596,1256.9809972322546,0.1509734595606721,1.1300548341484165
2577.0,4.054417761353356,4.0483383929081995,-0.006079368445156774,-0.14994430280730356,25830.017755055524,25831.611690183636,1.5939351281122072,0.006170863462918981,924730.32807771,926083.3878266689,1353.0597489589127,0.14631938716356319,0.16585297545360644
2578.0,4.039741788850562,4.033394485714987,-0.0063473031355751885,-0.15712150596093427,25829.913010078795,25831.506050193613,1.5930401148179953,0.006167423460529633,907182.6000949467,908525.6066175294,1343.0065225827275,0.14804147725520386,0.5971591011083869
2579.0,4.02259194899064,4.016206555025128,-0.00638539396551252,-0.1587382972591779,25832.65694951542,25834.25308483199,1.5961353165694163,0.006178750097942819,835199.2731190056,836454.912453813,1255.6393348074052,0.15034008951160713,1.1337285075127896
2580.0,4.054292478427877,4.048201422260919,-0.00609105616695782,-0.15023721646544194,25827.262103981466,25828.852287440357,1.5901834588912607,0.0061569958615401285,927645.5919984791,928997.0592489745,1351.4672504954506,0.14568788577800587,0.16639293852460307
2581.0,4.039572125197186,4.033212008133714,-0.006360117063471726,-0.157445315156027,25827.156875114433,25828.74616974591,1.5892946314779692,0.006153579502238291,910044.6517107325,911385.9718278887,1341.3201171562541,0.1473905829384081,0.5991060977191243
2582.0,4.022375195182878,4.0159777233822735,-0.0063974718006045705,-0.15904711744110953,25829.90933032948,25831.501700654924,1.59237032544479,0.006164831262396376,837836.1169877351,839090.4865579519,1254.369570216746,0.14971538523865144,1.137430309322395
2583.0,4.054166327958483,4.048063538369981,-0.006102789588502411,-0.1505313076677723,25824.496887443944,25826.083319525493,1.5864320815489918,0.006143128706295636,930584.6830983503,931934.6205953123,1349.9374969620258,0.14506336945794707,0.16693701829779914
2584.0,4.039401278185889,4.03302829594162,-0.006372982244268854,-0.1577704665957571,25824.391175920246,25825.97672535355,1.58554943330455,0.006139735967068928,912930.0265431782,914269.7221347312,1339.695591552998,0.14674679905378654,0.6010678749381817
2585.0,4.022156961536921,4.0157473767421195,-0.006409584794801582,-0.15935690367370425,25827.15221474134,25828.74081981498,1.5886050736371544,0.006150910717637802,840494.5101229941,841747.6815480491,1253.171425055014,0.14909929927699714,1.1411600934364345
2586.0,4.054039308810652,4.047924740377759,-0.006114568432892931,-0.15082656992506527,25821.722047753436,25823.30472858892,1.5826808354831883,0.006129261373646016,933547.4816986131,934895.9517500608,1348.470051447628,0.1444457917656264,0.16748519329385697
2587.0,4.0392292490541735,4.032843350396542,-0.006385898657631728,-0.1580969601843483,25821.61585483912,25823.197659200163,1.581804361041577,0.006125892236698028,915838.6069638161,917176.7394561421,1338.1324923259672,0.1461100768357143,0.6030443553179533
2588.0,4.0219372525716865,4.015515520007843,-0.006421732563843818,-0.15966764672267492,25824.385544708788,25825.970384103945,1.5848393951564503,0.006136987818791187,843174.3449395752,844426.3895283195,1252.044588744291,0.14849177945920744,1.144917712609419
2589.0,4.0539114198698805,4.047785027175104,-0.006126392694776328,-0.151123003446705,25818.937527625756,25820.516457185884,1.5789295601280173,0.006115393239704748,936533.8671632456,937880.9316604864,1347.064497240819,0.1438351077811065,0.16803744187176606
2590.0,4.039056039071227,4.032657173067432,-0.006398866003794801,-0.15842478890850467,25818.830854619377,25820.408913872405,1.5780592530281865,0.0061120476830028424,918770.2744056812,920106.904839153,1336.6304334718734,0.145480374224829,0.6050354608303783
2591.0,4.021716072851895,4.015282157860873,-0.006433914991021972,-0.15997934400325603,25821.60926259216,25823.19033571455,1.5810731223900802,0.006123061914195199,845875.5129889563,847126.5017870672,1250.9887981108623,0.14789277841728882,1.148703018496976
2592.0,4.053782660039683,4.047644397945851,-0.006138262093831948,-0.151420601660274,25816.143270184584,25817.71844828063,1.5751780960454198,0.0061015236844638,939543.7179020903,940889.4383123899,1345.7204102996038,0.14323127116473797,0.16859374222969856
2593.0,4.038881649540376,4.0324697652947945,-0.006411884245581589,-0.15875395225584935,25816.036118417163,25817.610432368234,1.5743139510705078,0.006098201690798658,921724.9093685257,923060.0983441614,1335.1889756356832,0.1448576426724132,0.6070411128700199
2594.0,4.021493426985857,4.015047295295389,-0.006446131690467816,-0.16029198623604976,25818.82331115677,25820.400617247175,1.577306090402999,0.006109132362052368,848597.9049625576,849847.9087199585,1250.0037574009039,0.14730224410064474,1.152515861661712
2595.0,4.05365302824433,4.047502851635754,-0.00615017660857653,-0.1517193643788556,25813.339218963876,25814.910645247746,1.571426283870096,0.006087652087706813,942576.9113748462,943921.348760733,1344.4373858867912,0.14263423702218525,0.16915407240586858
2596.0,4.038706081797142,4.03228112871824,-0.006424953078902007,-0.15908444310567493,25813.231589798965,25814.80215809371,1.5705682947445894,0.006084353635773586,924702.3914197962,926036.1991637689,1333.8077439727494,0.14424184000701126,0.6090612322571705
2597.0,4.021269319627271,4.0148109370957235,-0.00645838253154718,-0.16060557048553525,25816.027633575362,25817.601171708226,1.5735381328631775,0.006095198514649452,851341.4106958958,852590.4999102514,1249.0892143555684,0.14672012880643845,1.1563560915791065
2598.0,4.053522523426946,4.047360387472127,-0.006162135954819625,-0.1520192849356615,25810.525317910244,25812.09299187568,1.5676739654372795,0.006073777833376569,945633.3240953044,946976.539106423,1343.2150111186784,0.1420439589947556,0.1697184102794004
2599.0,4.038529337211552,4.0320912647615215,-0.006438072450030141,-0.15941626053595492,25810.41721274383,25811.984034870988,1.5668221271589573,0.0060705029068082745,927702.5992025341,929035.0855136357,1332.4863111015875,0.14363291773107148,0.6110957392409749
2600.0,4.021043755473095,4.01457308834648,-0.006470667126615481,-0.1609200874227785,25813.222173430462,25814.791942516604,1.569769086141605,0.00608125973423561,854105.9191718429,855354.1640556527,1248.2448838098207,0.14614638018433854,1.1602235566434582
2601.0,4.053391144552119,4.0472170044569316,-0.006174140095187575,-0.15232036275319263,25807.701511385338,25809.26543236809,1.5639209827531886,0.0060599003055861,948712.8316362335,950054.884527103,1342.052890869556,0.14146039202979196,0.17028673357120086
2602.0,4.038351417186325,4.031900175136156,-0.006451242050169448,-0.15974939730887205,25807.59293164593,25809.156006935205,1.56307528927573,0.006056648883976495,930725.410436679,932056.6347469206,1331.2243102415232,0.14303083329560515,0.6131445535025817
2603.0,4.020816739265231,4.014333753933605,-0.006482985331626168,-0.16123553377393857,25810.40687471687,25811.972873502127,1.5659987852559425,0.006067315377309877,856891.3185248604,858138.7890477325,1247.4705228720559,0.14558095010456848,1.1641181041738689
2604.0,4.053258890604117,4.047072701862927,-0.006186188741190257,-0.1526225910595175,25804.86774416819,25806.427911347277,1.5601671790864202,0.006046018892846341,951815.3086334546,953156.2592531228,1340.9506196682341,0.14088348942332846,0.17085901984483973
2605.0,4.038172323159047,4.031707861349705,-0.006464461809342126,-0.1600838520998282,25804.75869131675,25806.318018942286,1.5593276255349338,0.0060427909603341665,933770.7019264001,935100.7232498594,1330.0213234593393,0.14243553805184303,0.6152075941583115
2606.0,4.020588275788495,4.014092939031478,-0.006495336757017078,-0.16155190015678114,25807.581681843916,25809.143908911967,1.5622270680505608,0.006053364810812997,859697.496045318,860944.2618986184,1246.7658533004578,0.14502378557989146,1.16803958042027
2607.0,4.053125760589369,4.046927478749576,-0.006198281839792763,-0.15292596889200558,25802.023961457522,25803.58037385552,1.5564123979966098,0.006032132984302097,954940.6287916229,956280.5365995503,1339.9078079273459,0.14031320560974125,0.1714352465074347
2608.0,4.03799205660045,4.031514325186775,-0.006477731413674803,-0.160419617544477,25801.914436987514,25803.470015966002,1.5555789784884837,0.006028928521127614,936838.349561887,938167.226552459,1328.8769905719673,0.14184698899158188,0.617284779762852
2609.0,4.020358369872193,4.013850648626344,-0.006507721245848863,-0.1618691829717594,25804.74653963793,25806.304993408954,1.5584537710237782,0.0060394073959605925,862524.3381815285,863770.4688217138,1246.1306401853217,0.14447483798689734,1.1719878305694946
2610.0,4.052991753534803,4.046781334436993,-0.00621041909781006,-0.15323048936365746,25799.17010887414,25800.72276535834,1.55265648420027,0.006018241973086579,958088.664886183,959427.5889452377,1338.9240590546979,0.13974949377088774,0.17201539081054387
2611.0,4.037810619016492,4.031319568239273,-0.0064910507772184545,-0.1607566919223049,25799.060114311385,25800.611943505442,1.5518291940570634,0.006015060964163671,939928.2283267628,941256.0192270072,1327.7909002443776,0.14126513708478342,0.6193760283124723
2612.0,4.020127026388151,4.013606887981646,-0.006520138406505005,-0.16218737277968473,25801.90139334438,25803.456072077937,1.5546787335588306,0.006025442504635961,865371.7305476491,866617.2951590435,1245.564611394424,0.14393405370500956,1.1759626987513871
2613.0,4.052856868490185,4.046634268043422,-0.006222600446762705,-0.1535361511318513,25796.306132463025,25797.855031745978,1.548899282952334,0.006004345253924328,961259.2887729802,962597.2877592935,1337.998986313236,0.1391923076260884,0.17259942985106344
2614.0,4.037628011946706,4.0311235923660185,-0.0065044195806871485,-0.16109506773386736,25796.19566936577,25797.743747482255,1.5480781164842483,0.006001187680254209,943040.2123019936,944366.9749976262,1326.7626956325257,0.14068993859698223,0.6214812572482601
2615.0,4.019894250252224,4.013361662182594,-0.006532588069630307,-0.16250646566686242,25799.046188630284,25800.59709042418,1.550901793896628,0.006011469503783885,868239.5579252293,869484.62546018,1245.0675349506782,0.14340138313047243,1.1799640280449568
2616.0,4.052721104526568,4.046486278938197,-0.0062348255883710735,-0.15384294718447977,25793.431978695717,25794.97711933639,1.5451406406718888,0.00599044222555614,964452.3713896456,965789.5035860147,1337.1321963691153,0.1386415997342086,0.17318734057213225
2617.0,4.037444236966199,4.030926399243779,-0.0065178377224199835,-0.1614347428688598,25793.32104865459,25794.865374247867,1.5443255932768807,0.005987308072364084,946174.1746712641,947499.9666426928,1325.791971428669,0.14012134413722485,0.6236003834593821
2618.0,4.019660046422392,4.013114976580917,-0.006545069841474849,-0.1628264521349297,25796.180871586468,25797.72799437945,1.5471227929810993,0.005997487770312533,871127.7042692383,872372.3434141498,1244.6391449115472,0.14287677212098726,1.183991660484575
2619.0,4.052584460738548,4.046337366299612,-0.006247094438935896,-0.1541508758042619,25790.547594472537,25792.088974876773,1.5413804042364063,0.0059765322880029,967667.7827622745,969004.10607038,1336.323308105464,0.1380973234730247,0.1737790997640415
2620.0,4.037259295684074,4.030727990806655,-0.006531304877419153,-0.16177570968506463,25790.436199110438,25791.976770580855,1.5405714704174898,0.005973421537052666,949329.9877259467,950654.8660996682,1324.878373721498,0.13955930928666344,0.6257333232863637
2621.0,4.019424419900165,4.012866836359442,-0.006557583540723222,-0.16314732796707496,25793.305388729736,25794.848730300622,1.543341570886696,0.005983496677246538,874036.0527127074,875280.3319224963,1244.2792097888887,0.14236016991828584,1.1880454370662117
2622.0,4.052446936242763,4.046187529548035,-0.006259406694727687,-0.15445992984503118,25787.652927124687,25789.190545546604,1.5376184219167044,0.005962614846190068,970905.392011699,972240.9639404572,1335.5719287581742,0.1375594305837454,0.17437468406515177
2623.0,4.03707318974533,4.030528368816775,-0.0065448209285552394,-0.16211796568811043,25787.541068096798,25789.07788369402,1.5368155972209934,0.005959527483301901,952507.5228716981,953831.5443708564,1324.0214991582325,0.13900378394560742,0.627879992524393
2624.0,4.019187375728777,4.012617246957359,-0.006570128771417494,-0.16346908360365184,25790.419687005156,25791.95924497549,1.5395579703326803,0.005969495607349139,876964.4855707218,878208.4730373756,1243.987466653809,0.14185152159773398,1.1921251977537046
2625.0,4.0523085301800865,4.04603676792308,-0.006271762257006763,-0.15477010721905826,25784.747924416544,25786.28177895897,1.5338545424274344,0.005948689306266089,974165.0673573969,975499.9450355041,1334.877678107121,0.13702787369785532,0.17497406996281445
2626.0,4.036885920829367,4.030327535284533,-0.006558385544834344,-0.16246150308569882,25784.635603410283,25786.168661231695,1.5330578214125126,0.0059456253134318095,955706.6506311488,957029.871628316,1323.2209971671691,0.1384547231405488,0.6300403064266439
2627.0,4.018948918994484,4.012366213653738,-0.006582705340745676,-0.1637917145359645,25787.523713788283,25789.059485621423,1.5357718331397336,0.0059554839393849,879912.8843448185,881156.6480323393,1243.7636875207536,0.14135077570171709,1.1962307814850914
2628.0,4.052169241714187,4.0458850808979125,-0.0062841608162740314,-0.15508140063803572,25781.832534547768,25783.36262316356,1.5300886157929199,0.0059347550789595515,977446.6761231945,978780.9162906548,1334.240167460288,0.13650260418831525,0.17557723379430085
2629.0,4.036697490651794,4.030125492057905,-0.006571998593889461,-0.16280631900480358,25781.71975328267,25783.249051276776,1.5292979941077647,0.005931714442412423,958927.240652699,960249.7171192118,1322.4764665127732,0.13791207616676135,0.6322141797076227
2630.0,4.018709054824829,4.012113741974356,-0.006595312850473434,-0.1641152111411289,25784.61741688716,25786.149399891117,1.531983003958885,0.005941461062577338,882881.1297315389,884124.7373403481,1243.6076088091359,0.14085787621118195,1.2003620261789525
2631.0,4.052029070033643,4.045732467774726,-0.006296602258917261,-0.15539380764770727,25778.906706155347,25780.433026648076,1.5263204927287006,0.005920811577180867,980750.0847454105,982083.743760379,1333.6590149685508,0.13598357376790343,0.17618415174773538
2632.0,4.036507900963022,4.029922241224532,-0.006585659738489902,-0.16315240549680848,25778.793466383057,25780.31900234807,1.5255359650145692,0.005917794279254965,962169.1617149983,963490.9492698296,1321.787554831244,0.13737579704542302,0.6344015265465348
2633.0,4.0184677883898825,4.011859837293157,-0.006607951096725628,-0.16443956862904952,25781.70074454468,25783.228935871237,1.5281913265571347,0.005927426362205739,885869.1016223478,887112.620624637,1243.519002289162,0.1403727706510846,1.2045187687408248
2634.0,4.051888014350586,4.045578928081214,-0.0063090862693719885,-0.1557073208101279,25775.970388315847,25777.492938340987,1.5225500251399353,0.005906858217955207,984075.1587757894,985408.292608381,1333.1338325915858,0.1354707331755059,0.17679479986303676
2635.0,4.036317153549968,4.029717784718708,-0.006599368831260222,-0.16349975931539554,25775.856691820016,25777.378463407113,1.5217715870967368,0.005903864245100617,965432.2817319963,966753.4355962236,1321.1538642272353,0.13684583468216646,0.6366022605906718
2636.0,4.018225124900555,4.011604505221579,-0.006620619678975537,-0.16476477731295325,25778.773645440568,25780.298042088023,1.5243966474554327,0.005913379233713273,888876.6791129183,890120.1767192535,1243.4976063352078,0.13989540231567268,1.2087008450696262
2637.0,4.05174607390272,4.045424461183395,-0.006321612719324854,-0.1560219373085183,25773.0235305474,25774.542307613083,1.5187770656812063,0.005892894420715056,987421.7628884243,988754.4271274749,1332.6642390505876,0.1349640335202106,0.17740915403286275
2638.0,4.036125250234723,4.029512124706243,-0.006613125528479813,-0.16384837234907967,25772.909379143624,25774.42738385565,1.5180047120265954,0.0058899237555812,968716.4677590514,970037.0428014699,1320.5750424185535,0.1363221423780957,0.6388162949588224
2639.0,4.017981069609757,4.011347751227058,-0.006633318382698761,-0.1650908321313474,25775.83606869355,25777.356667506025,1.520598812476237,0.005899319069316648,891903.7405059019,893147.2836970713,1243.5431911693886,0.13942571767487277,1.2129080900641473
2640.0,4.051603247952045,4.045269066665186,-0.006334181286859142,-0.15633764954801208,25770.066082811787,25771.58108428012,1.5150014683313202,0.005878919609530227,990789.7608861108,992122.0107302166,1332.2498441057978,0.1344634247041777,0.17802719000356276
2641.0,4.035932192876197,4.0293052632082,-0.006626929667996606,-0.16419824098367575,25769.951478347513,25771.465713542228,1.5142351947142743,0.005875972238390004,972021.586000587,973341.636690956,1320.050690368982,0.13580466826877494,0.6410435422447005
2642.0,4.017735627810795,4.0110895810057405,-0.006646046805054873,-0.16541772333278695,25772.887963863384,25774.40476153346,1.5167976700759027,0.005885245270932118,894950.1633177695,896193.8188129361,1243.6554951665457,0.1389636592227719,1.2171403376295562
2643.0,4.051459535786792,4.045112743957674,-0.006346791829118459,-0.15665445435297712,25767.09799551645,25768.609218604113,1.5112230876620742,0.005864933210270832,994179.0157066182,995510.9059745627,1331.8902679445455,0.133968857409236,0.17864888337613505
2644.0,4.035737983368823,4.029097202469422,-0.006640780899401122,-0.16454935693961345,25766.98293987092,25768.493402759785,1.5104628888657317,0.005862009116047866,975347.5018136761,976667.0822689023,1319.5804552262416,0.13529336495684444,0.6432839145203972
2645.0,4.017488804838441,4.0108300001171555,-0.0066588047212858825,-0.1657454455944317,25769.92928095295,25771.442274021116,1.5129930681650876,0.005871157237840655,898015.8242837815,899259.6585699682,1243.8342861867277,0.1385091723944571,1.2213974206839693
2646.0,4.051314936720232,4.044955492702646,-0.006359444017586036,-0.15697234396529944,25764.119219516564,25765.626661296323,1.5074417797586648,0.0058509346541789145,997589.3894279028,998920.9745454608,1331.5851175580174,0.13348028073170007,0.17927420960718948
2647.0,4.035542623644145,4.0288879445981784,-0.006654679045966283,-0.1649017162395134,25764.003714600658,25765.510402252054,1.506687651395623,0.005848033823026394,978694.0797157788,980013.2436543029,1319.163938524085,0.13478818007228383,0.6455373233398506
2648.0,4.017240606067404,4.010569014341174,-0.006671591726230552,-0.16607398909973609,25766.959970410247,25768.469155267547,1.5091848572992603,0.005857054379066635,901100.5993633625,902344.6786648263,1244.0793014637893,0.13806219886467117,1.2256791711650339
2649.0,4.0511694500925115,4.044797312397503,-0.0063721376950081066,-0.15729131485385273,25761.12970611691,25762.633363518224,1.5036574013138306,0.005836923374353382,1.0010207432757645e6,1.0023520772868611e6,1331.3340110966237,0.132997644658185,0.17990314400991753
2650.0,4.035346115669582,4.028677491919181,-0.006668623750401004,-0.16525531043065148,25761.013753873132,25762.516663211252,1.5029093381199345,0.005834045789032562,982061.1833906065,983379.9841758182,1318.8007852116134,0.13428906543871327,0.6478036797423397
2651.0,4.0169910369133355,4.010306629328028,-0.006684407585307639,-0.1664033482744326,25763.979983130437,25765.485356017918,1.5053728874809167,0.005842936100969627,904204.3637455587,905448.7540525437,1244.3903069850057,0.137622683198549,1.2299854200365739
2652.0,4.051023075269547,4.0446382027435215,-0.006384872526025376,-0.15761135909107454,25758.129407073982,25759.629276884425,1.4998698104427604,0.005822898808912924,1.0044729376281634e6,1.0058040741835526e6,1331.1365553892683,0.13252089782851167,0.1805356617550656
2653.0,4.035148461449947,4.0284658466283325,-0.006682614821614585,-0.16561013517736412,25758.013009476283,25759.512137284248,1.4991278079651238,0.005820044455345216,985448.6756940691,986767.1662907286,1318.4905966594815,0.13379596818990547,0.6500828942559936
2654.0,4.016740102831337,4.010042850940297,-0.006697251891039535,-0.16673351323673513,25760.98927045778,25762.490827469144,1.501557011364639,0.005828801819682432,907326.9918550657,908571.7588931766,1244.7670381108765,0.13719056627709283,1.2343159972952578
2655.0,4.050875811644788,4.0444781633056355,-0.006397648339152795,-0.1579324727942015,25755.118274597768,25756.614353463785,1.496078866017342,0.0058088603984122345,1.0079458320246688e6,1.0092768243897526e6,1330.9923650837736,0.13204998947316432,0.18117173787191634
2656.0,4.034949663026272,4.028253011130994,-0.006696651895278016,-0.16596618184960027,25755.0014336515,25756.496776570417,1.4953429189154122,0.005806029259084397,988856.418662012,990174.6516763256,1318.2330143136205,0.13330883932545806,0.6523748769013268
2657.0,4.0164878093169305,4.009777684917513,-0.006710124399417872,-0.16706447817051978,25757.98778418765,25759.485521268816,1.4977370811648143,0.005814650949109648,910468.3573574418,911713.5666153376,1245.2092578958254,0.13676579178544337,1.2386707319773096
2658.0,4.0507276586381655,4.044317193846208,-0.006410464791957615,-0.15825464786030027,25752.096261353832,25753.588545782095,1.492284428262792,0.005794807588158418,1.0114392851691472e6,1.0127701862147709e6,1330.901045623701,0.13158486773638903,0.18181134724927364
2659.0,4.034749722477249,4.028038987711108,-0.0067107347661412575,-0.16632344575814262,25751.978979095584,25753.47053362754,1.4915545319563535,0.005791999648520749,992284.2735140442,993602.3011542415,1318.0276401973097,0.1328276256490177,0.654679537194788
2660.0,4.016234161904604,4.009511137203932,-0.006723024700672653,-0.16739623312910662,25754.97547656842,25756.46938952005,1.4939129516315006,0.005800482912478971,913628.3331661121,914874.049865695,1245.7166995828738,0.13634829988973018,1.2430494521652617
2661.0,4.0505786156978,4.044155293998925,-0.006423321698875384,-0.1585778800584723,25749.063320465073,25750.551806823252,1.488486358179216,0.005780739825965566,1.0149531549400245e6,1.0162840171502975e6,1330.8622102730442,0.13112548138753136,0.18245446463645462
2662.0,4.034548641918124,4.02782377885545,-0.006724863062673947,-0.16668191809125843,25748.94559896258,25750.433361469775,1.4877625071967486,0.005777955068019137,995732.1006621737,997049.9747764637,1317.8741142899962,0.13235227762704388,0.6569967841523355
2663.0,4.015979166168733,4.009243213626986,-0.006735952541746748,-0.16772877206364809,25751.95230030343,25753.44238478062,1.490084477190976,0.005786297131240875,916806.7914456272,918053.0805696546,1246.2891240273602,0.13593803358090345,1.2474519849947372
2664.0,4.050428682298996,4.043992463588793,-0.0064362187102027235,-0.1589021611053171,25746.01940551365,25747.50409003187,1.4846845182219113,0.0057666565647968016,1.0184872983938705e6,1.0198181738550062e6,1330.875461135758,0.1306717779627214,0.18310106464428585
2665.0,4.034346423502065,4.027607386936389,-0.006739036565675427,-0.16704159381101244,25745.901246865687,25747.38521357351,1.4839667078231287,0.00576389497339421,999199.7597166703,1.0005175317521896e6,1317.7720355193596,0.13188274143430767,0.6593265262930277
2666.0,4.015722827722182,4.008973920211548,-0.006748907510633728,-0.16806208496371441,25748.91820855283,25750.40446006765,1.4862515148197417,0.005772093036227302,920003.6036202153,921250.5298816741,1246.9262614587788,0.135534932314626,1.25187815666128
2667.0,4.050277857945893,4.043828702319463,-0.00644915562643078,-0.15922748642488155,25742.96447054281,25744.445349314403,1.4808787715919607,0.005752557260009826,1.0220415717746032e6,1.023372512183309e6,1330.9404087057337,0.13022370571431646,0.18375112174610642
2668.0,4.0341430694191285,4.027389814522828,-0.006753254896300298,-0.16740246392086167,25742.845876879026,25744.326043875153,1.4801669961270818,0.005749818816483286,1.0026871094936418e6,1.0040048305353078e6,1317.7210416659946,0.13141896701269506,0.6616686716426331
2669.0,4.015465152217155,4.00870326287157,-0.006761889345584748,-0.1683961655563402,25745.873154935452,25747.35556885664,1.4824139211887086,0.005757870056562955,923218.6403793216,924466.2682474921,1247.6278681705007,0.13513893823221437,1.2563277924272096
2670.0,4.050126142170526,4.04366401008011,-0.006462132090415906,-0.15955384754887533,25739.898470058757,25741.37553904166,1.477068982901983,0.005738441371943031,1.0256158305178059e6,1.0269468871719972e6,1331.0566541913431,0.12978121189094052,0.18440461027877478
2671.0,4.033938581897544,4.027171064075952,-0.0067675178215926834,-0.1677645230386546,25739.77944353956,25741.25580677696,1.4763632374015287,0.005735726060279362,1.0061940080191062e6,1.0075117287508453e6,1317.7207317390712,0.13096090030721486,0.6640231277372646
2672.0,4.015206145343861,4.008431247711462,-0.006774897632399579,-0.16873100376816091,25742.817093530666,25744.295665086163,1.478571555497183,0.0057436276306712265,926451.7716822505,927700.165355095,1248.3936728445115,0.1347499903397755,1.2608007166285264
2673.0,4.0499735345344,4.04349838664555,-0.006475147888850508,-0.15988123955962874,25736.821359032343,25738.294614049944,1.473255017601332,0.005724308363683353,1.0292099292601743e6,1.0305411530644327e6,1331.2238042583922,0.12934424420247426,0.1850615044436826
2674.0,4.03373296320273,4.026951138247471,-0.006781824955258919,-0.16812776197942073,25736.701901848774,25738.17445714496,1.4725552961863286,0.00572161616434835,1.009720312539744e6,1.0110380832799233e6,1317.770740179345,0.13050849069924755,0.6663898016270261
2675.0,4.014945812831319,4.0081578807303035,-0.006787932101015137,-0.16906659311121122,25739.749978880198,25741.2247031569,1.4747242767007265,0.0057293651955079485,929702.866764519,930952.0901931172,1249.2234285981394,0.13436803017996402,1.2652967526818413
2676.0,4.04982003462762,4.04333183197064,-0.006488202656980135,-0.16020965379951072,25733.73309290096,25735.202529643517,1.4694367425581731,0.005710157703328086,1.0328237218439985e6,1.034155163301344e6,1331.4414573454997,0.12891274950272738,0.1857217783077735
2677.0,4.033526215638553,4.026730039587749,-0.006796176050804625,-0.16849217502181804,25733.613207274528,25735.081950314503,1.4687430399753794,0.005707488599230933,1.0132658795253406e6,1.0145837501895452e6,1317.8706642045872,0.13006168379240574,0.6687685998796857
2678.0,4.01468416044606,4.007883168110961,-0.006800992335098677,-0.16940292345047234,25736.671765989926,25738.142637936187,1.470871946261468,0.00571508219724499,932971.7941462465,934221.9110056352,1250.1168593886541,0.13399299606186102,1.2698157230913496
2679.0,4.0496656420703925,4.0431643459025475,-0.006501296167845005,-0.16053908501249048,25730.633627570198,25732.09924159563,1.4656140254337515,0.00569598886155433,1.036457061325714e6,1.0377887705442852e6,1331.7092185711954,0.12848667525771204,0.1863854058045652
2680.0,4.03331834154637,4.02650777083196,-0.006810570714410602,-0.16885775279021084,25730.513315752738,25731.978242088266,1.4649263355277071,0.005693342832110737,1.0168305646802728e6,1.0181485848162472e6,1318.020135974395,0.129620428590168,0.6711594285843608
2681.0,4.014421193992885,4.007607115936263,-0.0068140780566219306,-0.16973998809139426,25733.582410331608,25735.049424757042,1.4670144254341722,0.005700778080727656,936258.4216352502,937509.4953509768,1251.0737157266121,0.13362482908741283,1.2743574494558367
2682.0,4.0495103565122115,4.042995928463277,-0.006514428048934207,-0.16086952434775337,25727.52291941562,25728.984706150964,1.4617867353445035,0.005681801314192384,1.0401097999820111e6,1.0414418266655344e6,1332.0266835233197,0.12806596799168293,0.18705236073518108
2683.0,4.033109343306219,4.026284334619992,-0.00682500868622693,-0.1692244892282538,25727.402183689133,25728.863288741682,1.461105052549101,0.005679178341120753,1.020414222945869e6,1.021732441696865e6,1318.2187509960495,0.1291846704361331,0.6735621933552286
2684.0,4.014156919313633,4.007329730466437,-0.00682718884719602,-0.1700777768389627,25730.481867844715,25731.945019422674,1.4631515779583424,0.005686452299934722,939562.616335108,940814.7100540715,1252.0937189635588,0.13326346719152374,1.2789217524757224
2685.0,4.049354177633317,4.042826579573536,-0.006527598059781425,-0.16120096621423569,25724.400925284426,25725.85888002666,1.4579547422326868,0.005667594539780586,1.0437817893178173e6,1.045114182772368e6,1332.393454550649,0.1276505748793969,0.18772261676938196
2686.0,4.032899223335936,4.026059733771104,-0.006839489564831602,-0.1695923747674039,25724.27976796096,25725.737047021044,1.4572790600832377,0.0056649946013192076,1.0240167085105926e6,1.0253351746499855e6,1318.4661393929273,0.1287543580524779,0.6759767993352495
2687.0,4.013891342287868,4.007051017866686,-0.006840324421182764,-0.17041628280061671,25727.370094938087,25728.8293782055,1.4592832674134115,0.00567210430770197,942884.2446510242,944137.4212656653,1253.1766146410955,0.1329088508743632,1.28350845196014
2688.0,4.049197105143915,4.042656299323927,-0.0065408058199887265,-0.1615334015644629,25721.26760249716,25722.72172041467,1.4541179175103025,0.005653368022068745,1.0474728800723245e6,1.0488056891963081e6,1332.8091239836067,0.1272404421479228,0.18839614744660776
2689.0,4.032687984092282,4.025833971015047,-0.006854013077234988,-0.1699614030213091,25721.146025918595,25722.59947414861,1.4534482300150557,0.005650791098306623,1.0276378748163122e6,1.028956636711111e6,1318.7618947987212,0.12832943657652232,0.6784031511999145
2690.0,4.013624468831699,4.006770984473505,-0.006853484358193995,-0.1707554957225217,25724.24704849161,25725.70245785148,1.4554093598708278,0.005657733566029365,946223.1722965079,947477.4944183376,1254.3221218297258,0.13256091782084073,1.2881173668340462
2691.0,4.049039138785594,4.04248508770986,-0.006554051075734257,-0.16186682447579348,25718.122908849346,25719.57318498271,1.450276133364241,0.005639121247317843,1.0511829222267282e6,1.0525161955191062e6,1333.2732923780568,0.12683551684361222,0.1890729261770201
2692.0,4.032475628070092,4.025607049255755,-0.006868578814336779,-0.17033156422631676,25718.000915387278,25719.450527820944,1.4496124336656067,0.005636567314990227,1.0312775745640047e6,1.0325966802096318e6,1319.1056456271326,0.12790985454956816,0.6808411531610058
2693.0,4.013356304898448,4.006489636533108,-0.006866668365339557,-0.17109540852275035,25721.11268585797,25722.56421557923,1.4515297212601581,0.005643339535844579,949579.2642986677,950834.7942807479,1255.5299820802175,0.1322196081237638,1.2927483151453747
2694.0,4.0488802783305795,4.042312944891965,-0.006567333438614931,-0.16220122570091777,25714.966802613093,25716.413231876602,1.4464292635093443,0.005624853707228436,1.054911765011719e6,1.0562455505620728e6,1333.7855503538158,0.126435745110777,0.18975292624255405
2695.0,4.032262157803372,4.025378971313161,-0.006883186490211024,-0.17070285167075372,25714.844394668602,25716.29016621381,1.4457715452081175,0.005622322744865086,1.0349356597238544e6,1.0362551567072474e6,1319.496983392979,0.12749555694554504,0.6832907089703809
2696.0,4.013086856477483,4.006206980457153,-0.006879876020329689,-0.17143601089084207,25717.966964864245,25719.414609084215,1.4476442199702433,0.005628921687114721,952952.3850062753,954209.1849169102,1256.799910634989,0.1318848591398103,1.2974011140722141
2697.0,4.048720523583109,4.042139870941511,-0.006580652641598128,-0.1625365989889138,25711.79924253877,25713.241819721195,1.4425771824244293,0.005610564895971045,1.0586592569138373e6,1.0599936024085586e6,1334.3454947213177,0.12604107374559312,0.19043612079797081
2698.0,4.032047575864486,4.025149740176435,-0.006897835688051579,-0.17107525539483887,25711.6764225423,25713.11834798048,1.4419254381791689,0.005608056878449916,1.0386119815385932e6,1.0399319170733116e6,1319.9355347184464,0.1270864921819121,0.6857517219237712
2699.0,4.0128161295948575,4.005923022571524,-0.006893107023333123,-0.17177729556298074,25714.809843813553,25716.25359653784,1.4437527242880606,0.005614479488890319,956342.3980947344,957600.5297404395,1258.1316457050852,0.13155661070884112,1.3020755799300316
2700.0,4.048559874378736,4.041965866090542,-0.006594008288193898,-0.16287293489035454,25708.62018785648,25710.058907622573,1.4387197660944366,0.005596254313072854,1.0624252456842707e6,1.0637601983980895e6,1334.952713818755,0.12565144881877865,0.1911224828719198
2701.0,4.031831884865193,4.024919358756,-0.006912526109193351,-0.1714487683661065,25708.496958267606,25709.93503225663,1.4380739890257246,0.00559376921708079,1.0423063905350665e6,1.0436268114242302e6,1320.420889163739,0.12668260514894308,0.6882240948645986
2702.0,4.012544130312198,4.005637769361936,-0.006906360950261536,-0.17211925217440996,25711.641281486627,25713.081136591554,1.439855104927119,0.005600012419136659,959749.1665737367,961008.6914735817,1259.5248998450115,0.13123480006150579,1.306771528178917
2703.0,4.0483983305856395,4.04179093048734,-0.006607400098299188,-0.16321022682922023,25705.429598277668,25706.864455169,1.4348568913337658,0.005581921460787044,1.066209578344717e6,1.0675451851479518e6,1335.6068032348994,0.1252668171775778,0.19181198536800087
2704.0,4.031615087455881,4.02468783012679,-0.006927257329091496,-0.17182338042749234,25705.30596158497,25706.740178658576,1.4342170736053959,0.005579459259301355,1.0460187365270024e6,1.0473396891986426e6,1320.9526716402033,0.1262838442097164,0.6907077301878133
2705.0,4.012270864727283,4.0053512272326035,-0.006919637494679165,-0.1724618732875478,25708.46123714342,25709.897188376013,1.435951232593652,0.005585519955270598,963172.5527933718,964433.5321999133,1260.9794065414462,0.13091936672036403,1.311488773430876
2706.0,4.048235892103985,4.041615064436732,-0.0066208276672536925,-0.16354846515163562,25702.227433996668,25703.6584224331,1.4309884364338359,0.005567565846612379,1.070012101195612e6,1.0713484085436615e6,1336.3073480494786,0.12488712478637513,0.1925046010658366
2707.0,4.031397186326564,4.024455157290012,-0.006942029036552277,-0.17219908423059402,25702.103392717472,25703.53374728809,1.4303545706170553,0.005565126514207149,1.049748868627068e6,1.0510703990973912e6,1321.5304703232832,0.12589015428534536,0.6932025298437446
2708.0,4.011996338972992,4.005063402742199,-0.006932936230792386,-0.1728051484854323,25705.269670524653,25706.701711505026,1.4320409803731309,0.0055710015834426465,966612.4184506424,967874.9133252444,1262.4948746020673,0.1306102477584229,1.3162271294571415
2709.0,4.0480725588671875,4.0414382681651455,-0.006634290702042023,-0.16388764296009956,25699.01365569217,25700.44076997269,1.427114280519163,0.005553186980789304,1.0738326598236228e6,1.0751697137649497e6,1337.0539413269144,0.12451231847860966,0.19320030262214516
2710.0,4.031178184206142,4.024221343406865,-0.006956840799276165,-0.17257586942032366,25698.889212372407,25700.31569873061,1.4264863582029648,0.005550770488228732,1.053496635250043e6,1.0548187891575613e6,1322.1539075183682,0.1255014836572839,0.6957083953419748
2711.0,4.011720559217847,4.004774302371955,-0.006946256845891341,-0.17314907016468845,25702.06654185329,25703.49466607464,1.4281242213473888,0.005556456789269566,970068.624596877,971332.695631214,1264.0710343369283,0.13030738262071173,1.3209864091955328
2712.0,4.0479083308413015,4.041260542051526,-0.006647788789775788,-0.16422775039458803,25695.78822452871,25697.21145883287,1.423234304158541,0.005538784378678637,1.077671099108816e6,1.0790089452763929e6,1337.846167576965,0.12414234442060308,0.1938990625718201
2713.0,4.0309580838633705,4.023986391569616,-0.006971692293754828,-0.17295372833728362,25695.66338174267,25697.085994059955,1.422612317284802,0.005536390698111336,1.0572618841230054e6,1.0585847066951392e6,1322.8225721337367,0.12511777753446704,0.698225227755224
2714.0,4.011443531664977,4.004483932752401,-0.006959598912575693,-0.17349362785837508,25698.851811836157,25700.27601266708,1.4242008309229277,0.005541885066892294,973541.0316426982,974806.7392352972,1265.7075925989775,0.13001070848172613,1.3257664247578334
2715.0,4.0477432080262385,4.041081886401568,-0.006661321624670258,-0.16456878023935845,25692.55110215812,25693.97045054694,1.419348388822982,0.005524357558653489,1.0815272632327208e6,1.0828659468498142e6,1338.6836170933675,0.12377714946288065,0.19460085332901528
2716.0,4.030736888106149,4.023750305026207,-0.006986583079942044,-0.17333265042821255,25692.42586250829,25693.844594836686,1.4187323283949809,0.005521986658586678,1.0610444622915187e6,1.062367998374409e6,1323.5360828903504,0.124738984079134,0.7007529277232587
2717.0,4.011165262552662,4.00419230044049,-0.006972962112172354,-0.1738388138048153,25695.625441665266,25697.045712349915,1.4202706846481306,0.005527285910484872,977029.4993671459,978296.9036416312,1267.4042744853068,0.1297201645709005,1.3305669874372141
2718.0,4.047577190455216,4.040902301669657,-0.0066748887855583305,-0.1649107224267076,25689.302250720928,25690.71770713836,1.4154564174314146,0.005509906044223883,1.0854009956857418e6,1.0867405615571963e6,1339.5658714545425,0.12341667980580971,0.19530564718823307
2719.0,4.030514599782438,4.023513086960215,-0.007001512822222722,-0.17371262772750293,25689.17661683774,25690.59146311245,1.414846274710726,0.00550755789418092,1.0648442161285114e6,1.0661685101559868e6,1324.2940274754073,0.12436504865380085,0.7032913954568116
2720.0,4.010885758153317,4.003899412137515,-0.0069863460158021695,-0.17418461749004807,25692.387393019402,25693.80372667969,1.4163336602869094,0.005512658822323869,980533.8869231341,981803.0477069691,1269.1607838349883,0.1294356881247165,1.3353879077156816
2721.0,4.047410278195915,4.040721788241851,-0.006688489954064458,-0.16525356942676375,25686.04163284784,25687.453191121534,1.4115582736958459,0.005495429361489145,1.0892921392746523e6,1.0906326317951176e6,1340.4925204652827,0.12306088257993875,0.19601341632541897
2722.0,4.030291221779592,4.023274740706784,-0.007016481072808389,-0.17409364948347908,25685.91560738948,25687.32656142852,1.410954039038188,0.005493103927477969,1.06866099134006e6,1.0699860873640997e6,1325.096024039667,0.1239959196394029,0.7058405307415239
2723.0,4.010605024773993,4.00360527447486,-0.006999750299132579,-0.17453103100141437,25689.13762806545,25690.55001770125,1.4123896357996273,0.005498003304932229,984054.0528440491,985325.0296862916,1270.976842242526,0.12915721840372807,1.3402289952715558
2724.0,4.047242471349959,4.040540346649265,-0.006702124700693979,-0.16559731096265362,25682.769211661016,25684.176865503905,1.4076538428889762,0.005480927042126923,1.0932005361300881e6,1.0945419992738378e6,1341.4631437496282,0.12270970415898126,0.19672413279905906
2725.0,4.030066757025249,4.02303526954104,-0.007031487484209009,-0.17447570742970092,25682.642797313223,25684.049852820026,1.4070555068028625,0.0054786242907605325,1.0724946329736975e6,1.0738205746338859e6,1325.9416601883713,0.12363154270636705,0.7084002329418984
2726.0,4.010323068755424,4.003309894223508,-0.007013174531915745,-0.17487804378045368,25685.876109459885,25687.284547951214,1.4084384913294343,0.0054833188688110145,987589.8550509976,988862.7072021012,1272.852151103667,0.12888469283009585,1.3450900589869912
2727.0,4.04707377005405,4.040357977359409,-0.006715792694641287,-0.16594193919404626,25679.48495077549,25680.88869378658,1.4037430110874993,0.005466398620448608,1.0971260277153444e6,1.0984685050441755e6,1342.477328831097,0.12236309183427836,0.19743776855128412
2728.0,4.029841208486668,4.0227946768857406,-0.007046531600927608,-0.17485879061656132,25679.35815025129,25680.761300814465,1.4031505631755863,0.005464118514822987,1.0763449854274543e6,1.0776718159786754e6,1326.8305512210354,0.12327186628682109,0.7109704010052754
2729.0,4.010039896472486,4.00301327808801,-0.007026618384476713,-0.17522564777118108,25682.60280035007,25684.007280457317,1.4044801072486734,0.005468605024836227,991141.1508603019,992415.9372881614,1274.7864278594498,0.12861805069368235,1.349970906955514
2730.0,4.046904174479467,4.040174680981389,-0.006729493498077943,-0.16628744363445483,25676.188814300513,25677.588639966336,1.3998256658233004,0.005451843635935792,1.1010684548323217e6,1.1024119894867593e6,1343.5346544375643,0.12202099229535798,0.19815429540897644
2731.0,4.029614579171603,4.022552966107799,-0.007061613063803485,-0.17524289048148103,25676.061630339966,25677.46086943585,1.3992390958846954,0.005449586139921447,1.080211892455804e6,1.0815396547391634e6,1327.7622833594214,0.1229168362830023,0.7135509334658219
2732.0,4.009755514333276,4.00271543290796,-0.007040081425315314,-0.17557383237331636,25679.317664375627,25680.718178741787,1.4005143661597685,0.005453861292049331,994707.7969901783,995984.5763600098,1276.7793698315509,0.12835722949944442,1.3548713464896056
2733.0,4.046733684833167,4.039990458065233,-0.006743226767933486,-0.16663381613686512,25672.880766840724,25674.276668536288,1.395901695563225,0.0054372616312158535,1.105027657632603e6,1.1063722923376013e6,1344.6347049982287,0.12168335296502501,0.1988736850848827
2734.0,4.0293868721276604,4.022310140717973,-0.00707673140968712,-0.17562799587795233,25672.75320221081,25674.14852320317,1.3953209923602117,0.005435026704654543,1.0840951971778898e6,1.0854239336494668e6,1328.7364715770818,0.12256640145958038,0.7161417284485329
2735.0,4.009469928779542,4.002416365459837,-0.007053563319705525,-0.1759225893945683,25676.02066566983,25677.417206820617,1.3965411507888348,0.005439087189457215,998289.649566357,999568.4802587824,1278.8306924253702,0.12810216884256753,1.3597911841283024
2736.0,4.046562301357311,4.0398053092992745,-0.006756992058036815,-0.16698104600466332,25669.5607734976,25670.952744487717,1.3919709901165334,0.005422652153649884,1.109003475621283e6,1.110349252680442e6,1345.7770591590088,0.12135012096378517,0.1995959091787301
2737.0,4.02915809044314,4.022066204175164,-0.0070918862679762995,-0.17601409795256534,25669.432830991842,25670.824227134464,1.3913961426223977,0.005420439757213894,1.0879947420859162e6,1.0893244947873594e6,1329.7527014431544,0.12222050805996883,0.7187426836732608
2738.0,4.009183146285817,4.002116082650784,-0.007067063635033399,-0.1762719081960738,25672.711768860787,25674.10432920694,1.392560346153914,0.005424282244476382,1.0018865641315307e6,1.0031675042209915e6,1280.9400894608116,0.12785280642735977,1.36473022564484
2739.0,4.04639002433033,4.039619235317108,-0.006770789013222256,-0.16732912478803394,25666.228799870587,25667.61683331086,1.3880334402747394,0.005408014753931198,1.112995747667312e6,1.1143427089679276e6,1346.961300615687,0.12102124410077353,0.20032093917834823
2740.0,4.02892823724642,4.021821160078508,-0.007107077167912479,-0.17640118536263197,25666.10048230892,25667.487946745325,1.387464436404116,0.005405824844177108,1.0919103690514993e6,1.0932411796391055e6,1330.81058760616,0.1218791052201642,0.7213536964587445
2741.0,4.008895173359801,4.00181459132798,-0.007080582031821159,-0.17662178045645974,25669.390939072822,25670.779510910234,1.3885718374112912,0.005409445984546786,1.0054983956507315e6,1.0067815029239786e6,1283.107273247093,0.12760908210268207,1.3696882760543148
2742.0,4.0462168540664925,4.039432236887501,-0.006784617178991148,-0.16767804158031058,25662.88481205837,25664.26890099654,1.3840889381681336,0.005393348987475421,1.1170043120114778e6,1.1183524990177003e6,1348.1870062225498,0.12069666980915797,0.20104874646079418
2743.0,4.0286973157067605,4.021575011979079,-0.0071223037276810786,-0.17678924896921927,25662.756122286803,25664.139648052802,1.3835257659993658,0.005391181521605328,1.0958419193363395e6,1.0971738290511603e6,1331.9097148207948,0.12154213954759295,0.7239746637266723
2744.0,4.008606016541524,4.0015118984650755,-0.007094118076448552,-0.1769721955007465,25666.058141927668,25667.442717439637,1.3845755119691603,0.005394577945365671,1.0091249985189856e6,1.0104103304533319e6,1285.3319343463518,0.127370933851875,1.3746651396213876
2745.0,4.046042790916912,4.039244314728649,-0.006798476188262903,-0.16802778763301798,25659.528776660052,25660.908914036936,1.3801373768837948,0.0053786544129336075,1.1210290062739819e6,1.1223784600321914e6,1349.453758209478,0.12037634625483265,0.20177930229348248
2746.0,4.028465329033727,4.021327763564726,-0.007137565469000684,-0.17717827723523463,25659.399717550466,25660.77929757395,1.379580023483868,0.005376509344216129,1.0997892335967813e6,1.1011222832926428e6,1333.0496958615258,0.12120956044476658,0.7266054820057423
2747.0,4.008315682403727,4.001208010978749,-0.007107671424978257,-0.17732314488553189,25662.713343545704,25664.093914803136,1.380571257432166,0.005379677662881998,1.012766226567668e6,1.0140538403498037e6,1287.6137821356533,0.127138301846761,1.3796606198680055
2748.0,4.045867835269155,4.039055469690922,-0.006812365578232615,-0.1683783518296617,25656.16066077632,25657.536839427274,1.3761786509530793,0.005363930594093178,1.125069667461932e6,1.1264204285935704e6,1350.7611316384282,0.12006022122040125,0.20251257783531995
2749.0,4.0282322804779405,4.0210794184788705,-0.007152861999069948,-0.1775682607414406,25656.031235226208,25657.40686232963,1.3756271034217207,0.005361807875931173,1.1037521518944032e6,1.105086382010131e6,1334.2301157277543,0.12088131501603641,0.7292460474357554
2750.0,4.0080241775510554,4.000902935908114,-0.007121241642941811,-0.17767461790345196,25659.35651054709,25660.733069510767,1.376558963675052,0.005364744681376664,1.0164219330743584e6,1.0177118855773e6,1289.9525029415963,0.12691112430444054,1.3846745195811623
2751.0,4.045691987548216,4.038865702578128,-0.006826284970088636,-0.1687297251273329,25652.780432010604,25654.152644666367,1.3722126557622687,0.005349177097582626,1.129126131978547e6,1.1304782406872867e6,1352.1087087397464,0.11974824339336396,0.2032485441378436
2752.0,4.0279981733305465,4.020829980498385,-0.007168192832161857,-0.17795918775789424,25652.650642942826,25654.022309843014,1.3716669001878472,0.005347076679443259,1.1077305137018815e6,1.1090659642890757e6,1335.4505871941801,0.12055735313558257,0.7318962557717077
2753.0,4.007731508620392,4.000596680238176,-0.0071348283822159075,-0.17802660599566905,25655.9876100531,25657.360148573785,1.3725385206853389,0.005349778545057919,1.0200919707660977e6,1.0213843185699584e6,1292.3478038607864,0.12668934183358216,1.3897066408206833
2754.0,4.045515248216145,4.038675014323394,-0.00684023389275179,-0.16908189620019268,25649.38805847022,25650.756297758326,1.368239288105542,0.00533439349502807,1.1331982356302429e6,1.1345517316947363e6,1353.4960644934326,0.11944036108922004,0.20398717214636414
2755.0,4.027763010923923,4.020579453359182,-0.007183557564741427,-0.17835104859095474,25649.257908832707,25650.625608143328,1.3676993106200825,0.0053323153265541256,1.111724157913335e6,1.1130608686076177e6,1336.7106942827813,0.12023762232456454,0.7345560023879142
2756.0,4.00743768228009,4.000289251072499,-0.0071484312075904555,-0.17837909842488808,25652.606609687107,25653.975119507835,1.3685098207279225,0.005334778806498116,1.0237761918294901e6,1.0250709911986729e6,1294.799369182787,0.12647289314952498,1.394756784927037
2757.0,4.045337617772999,4.038483405817116,-0.006854211955882761,-0.16943485571560468,25645.983508767415,25647.347767213178,1.364258445762971,0.005319579361409873,1.1372858136353479e6,1.1386407364137087e6,1354.9227783607785,0.11913652330101186,0.20472843270111235
2758.0,4.027526796631165,4.0203278409274485,-0.0071989557037168694,-0.17874383131947014,25645.85300153289,25647.216725764363,1.3637242314725881,0.005317523388249462,1.1157329228505972e6,1.1170709328986546e6,1338.0100480574183,0.1199220728056427,0.7372251822821305
2759.0,4.007142705230317,3.999980655463247,-0.007162049767069689,-0.17873208652443134,25649.213477575737,25650.57795033205,1.364472756311443,0.005319745018709274,1.0274744479177883e6,1.0287717548182538e6,1297.3069004655117,0.12626171902323682,1.3998247525291825
2760.0,4.04515909675647,4.038290878076299,-0.006868218680171623,-0.16978859213915135,25642.56675202047,25643.927022048298,1.3602700278279372,0.0053047342763405565,1.1413887006322492e6,1.1427450890571633e6,1356.3884249140974,0.11883667887747211,0.20547229653839097
2761.0,4.027289533866783,4.020075147031719,-0.007214386835064701,-0.17913752598109928,25642.435890186247,25643.795631748046,1.359741561798728,0.005302700443989886,1.1197566462708728e6,1.1210959945054492e6,1339.348234576406,0.11961065281789927,0.7399036900797064
2762.0,4.006846584202275,3.9996709005774322,-0.00717568362484311,-0.17908555953039365,25645.808182350072,25647.16860957211,1.3604272220363782,0.0053046767423482865,1.0311865901561063e6,1.0324864602372913e6,1299.870081185014,0.12605575883102135,1.4049103435524353
2763.0,4.044979685742828,4.038097432078896,-0.00688225366393258,-0.17014309585262377,25639.137757854736,25640.49403178911,1.3562739343724388,0.005289857822761354,1.14550673068721e6,1.1468646232709878e6,1357.8925837776624,0.11854077740451496,0.20621873429172916
2764.0,4.027051226086197,4.019821375627746,-0.007229850458450926,-0.17953212046615705,25639.00654444234,25640.362295642997,1.3557512006555044,0.0052878460727620695,1.1237951653778143e6,1.1251358902412518e6,1340.72486343747,0.11930331298290689,0.74259142003774
2765.0,4.006549325958538,3.999359993533254,-0.0071893324252840785,-0.17943950867406538,25642.39069314654,25643.747066259424,1.3563731128851941,0.00528957353905271,1.0349124691516017e6,1.036214957761242e6,1302.4886096403934,0.12585495377286782,1.4100133572263716
2766.0,4.044799385346577,4.037903068926868,-0.006896316419709336,-0.17049835511479708,25635.69649640361,25637.04876647044,1.3522700668327161,0.005274949588447593,1.1496397373035762e6,1.1509991721324492e6,1359.4348288730253,0.11824876826731069,0.2069677164930428
2767.0,4.026811876786391,4.019566530636799,-0.007245346149592713,-0.17992760454890885,25635.564934458584,25636.916687508023,1.3517530494391394,0.005272959862187988,1.1278483168262476e6,1.129190456346295e6,1342.1395200474653,0.11900000204142971,0.7452882660492542
2768.0,4.006250937292322,3.9990479415601774,-0.007202995732144224,-0.17979392316878845,25638.960979608077,25640.313289934034,1.35231032595766,0.005274434978208433,1.0386519349996661e6,1.0399570971643307e6,1305.1621646645945,0.12565924355255872,1.4151335920927473
2769.0,4.044618196221339,4.037707789686665,-0.006910406534673896,-0.17085436002661275,25632.242938309595,25633.591196637204,1.3482583276090736,0.005260009164449613,1.1537875534286976e6,1.155148568167055e6,1361.014738357393,0.11796060152606783,0.2077192135737968
2770.0,4.02657148950546,4.019310616104422,-0.007260873401038204,-0.1803239659338565,25632.111030901182,25633.458777910626,1.3477470094439923,0.005258041399006095,1.131915936731701e6,1.133259528546927e6,1343.5918152260128,0.11870067128001623,0.747994121647387
2771.0,4.005951425027773,3.9987347518413277,-0.007216673186444922,-0.18014879415056537,25635.519011885175,25636.867250643758,1.3482387585827382,0.005259260629588447,1.0424048372892183e6,1.0437127277325537e6,1307.8904433354037,0.1254685700362426,1.4202708460134585
2772.0,4.044436119059545,4.037511595546259,-0.006924523513285763,-0.17121109864125947,25628.777054725208,25630.121293345706,1.3442386204987997,0.005245036146783137,1.1579500114631339e6,1.1593126433486345e6,1362.6318855006248,0.11767622712649435,0.20847319586617327
2773.0,4.02633006782322,4.019053636044702,-0.007276431778517889,-0.18072119413825882,25628.644804946027,25629.988537930472,1.3437329844455235,0.005243090279148115,1.1359978606797727e6,1.13734294201236e6,1345.0813325874042,0.11840526986402224,0.7507088800095917
2774.0,4.005650796019281,3.998420431667654,-0.007230364351626939,-0.18050411081296203,25632.064760636677,25633.408918947043,1.3441583103667654,0.005244050071342664,1.0461710251158201e6,1.0474816982360703e6,1310.673120250227,0.1252828733337481,1.425424916178516
2775.0,4.044253154593291,4.0373144876615035,-0.006938666931787907,-0.1715685607837695,25625.29881731392,25626.639028164114,1.3402108501941257,0.0052300301344724315,1.1621269432696942e6,1.1634912291181548e6,1364.2858484606259,0.11739559575326158,0.20922963360424246
2776.0,4.026087615360757,4.018795594593177,-0.007292020767580176,-0.18111927668337083,25625.16622827977,25626.50593915777,1.3397108780009148,0.005228106097210087,1.1400939237317506e6,1.141440531415273e6,1346.607683522394,0.11811374970885585,0.7534324339618573
2777.0,4.005349057151753,3.9981049882861233,-0.0072440688656301155,-0.18085986420323252,25628.598197031028,25629.938265912122,1.3400688810943393,0.005228802881811855,1.0499503470809413e6,1.05126385697017e6,1313.5098892287351,0.12510209581629633,1.4305955991140558
2778.0,4.044069303594049,4.037116467307405,-0.00695283628664356,-0.17192673430359934,25621.808198251096,25623.144373173887,1.3361749227915425,0.005214990731539189,1.1663181801798737e6,1.1676841563798108e6,1365.976199937053,0.1171186579400132,0.20998849692513752
2779.0,4.025844135781032,4.018536495856819,-0.007307639924213127,-0.18151820283512818,25621.67527310052,25623.010953696674,1.3356805961520877,0.005213088457000239,1.144203960436668e6,1.1455521308889643e6,1348.1704522962682,0.11782606064234906,0.7561646759829365
2780.0,4.005046215339945,3.9977884290482155,-0.007257786291729573,-0.18121604349860262,25625.11929274692,25626.45526311968,1.335970372758311,0.005213518647448606,1.053742651308089e6,1.0550590517314908e6,1316.4004234017339,0.12492617830051657,1.435782690690368
2781.0,4.043884566873491,4.036917535730107,-0.006967031143383373,-0.17228560875489823,25618.30517022485,25619.63730097017,1.3321307453225018,0.005199917545173071,1.1705235530044409e6,1.1718912555219575e6,1367.7025175166782,0.11684536496562827,0.21074975587023403
2782.0,4.025599632788453,4.01827634406133,-0.007323288727123511,-0.18191795993509702,25618.171912118974,25619.50355416381,1.331642044835462,0.0051980369614332755,1.1483278048354567e6,1.1496775740835571e6,1349.7692481004633,0.11754215498542868,0.7589054982085934
2783.0,4.0047422775281145,3.9974707612636746,-0.007271516264439892,-0.18157263964881556,25621.62801997444,25622.959882662086,1.3318626876462076,0.005198196955353098,1.0575477854432946e6,1.0588671298554854e6,1319.3444121908396,0.12475506358682481,1.4409859861299583
2784.0,4.043698945283197,4.036717694292631,-0.0069812509905657905,-0.17264517178533095,25614.78970643693,25616.11778466315,1.328078226219077,0.005184810187550883,1.1747428920396287e6,1.1761123564133653e6,1369.4643737366423,0.11657566800501609,0.21151338038633224
2785.0,4.025354110129388,4.018015143406604,-0.007338966722784335,-0.18231853700315662,25614.656118559058,25615.983713691377,1.3275951323194022,0.0051829512220446915,1.1524652904716185e6,1.1538166941294256e6,1351.4036578070372,0.11726198341765312,0.761654792435859
2786.0,4.004437250691766,3.997151992343577,-0.00728525834818905,-0.18192964184744115,25618.124351415776,25619.452097145957,1.32774573018105,0.005182837400458136,1.061365596667007e6,1.0626879381936982e6,1322.3415266911034,0.1245886931744948,1.4462052800156362
2787.0,4.043512439715506,4.036516944332269,-0.006995495383236516,-0.1730054126834517,25611.261780603516,25612.585797878397,1.3240172748810437,0.005169668274148748,1.1789760270776413e6,1.1803472884226858e6,1371.261345044477,0.11630951890035104,0.21227934032684392
2788.0,4.025107571591912,4.017752898208648,-0.007354673383264121,-0.18271992120586683,25611.12786615884,25612.451405925774,1.3235397669341182,0.0051678308501320325,1.1566162504000207e6,1.1579693236889176e6,1353.0732888968196,0.11698549872776329,0.7644124501273052
2789.0,4.004131141834399,3.9968321296594094,-0.007299012174990072,-0.18228704096954726,25614.60826028617,25615.93187969135,1.3236194051787606,0.005167439578730348,1.0651959317010168e6,1.06652132315229e6,1325.3914512731135,0.12442701026435475,1.4514403662986115
2790.0,4.043325051103228,4.036315287301006,-0.007009763802221514,-0.1733663188990677,25607.721366956,25609.041314758044,1.3199478020433162,0.00515449142517837,1.183222787414882e6,1.1845958804182885e6,1373.0930034064222,0.11604686944935963,0.21304760545298196
2791.0,4.024860021006173,4.017489612760296,-0.00737040824587698,-0.1831221013255128,25607.587129171337,25608.906605030574,1.3194758592362632,0.0051526754652067895,1.1607805171944725e6,1.1621352949215742e6,1354.7777271016967,0.11671265213652124,0.7671783624153277
2792.0,4.003823957989138,3.996511180680921,-0.007312777308217555,-0.1826448261698871,25611.079720314745,25612.399203934234,1.3194836194888921,0.0051520030935762375,1.0690386368135854e6,1.0703671306688255e6,1328.4938552400563,0.12426995708965322,1.4566910383066443
2793.0,4.043136780420389,4.036112724628106,-0.007024055792283157,-0.17372787945978974,25604.168440241865,25605.484309961314,1.3158697194485285,0.005139279264310676,1.1874830018586314e6,1.1888579607840634e6,1374.95892543206,0.11578767218393812,0.21381814543495484
2794.0,4.024611462244054,4.017225291467971,-0.007386170776082501,-0.18352506435401592,25604.03388236531,25605.349285685148,1.3154033198370598,0.005137484686516679,1.1649579229539959e6,1.1663144395365857e6,1356.5165825898293,0.11644339729885661,0.7699524201064455
2795.0,4.003515706218444,3.996189152840327,-0.007326553378117051,-0.1830029882669653,25607.53870574527,25608.854044025644,1.3153382803720888,0.0051365275495101805,1.0728935578298734e6,1.0742252062501486e6,1331.648420275189,0.12411747750342497,1.4619570887521922
2796.0,4.04294762868201,4.035909257855436,-0.007038370826574436,-0.17409008161871553,25600.60297572535,25601.914758665513,1.311782940163539,0.005124031419913741,1.1917564987374726e6,1.1931333574204796e6,1376.8586830070708,0.11553187957990517,0.21459092985316333
2797.0,4.024361899219718,4.016959938717438,-0.007401960502280147,-0.183928798841757,25600.46810102592,25601.77942308755,1.3113220616323815,0.005122258141755741,1.1691482993164281e6,1.1705065887558113e6,1358.2894393831957,0.11617768594260913,0.7727345136856115
2798.0,4.003206393613508,3.9958660536651562,-0.007340339948351371,-0.18336151640998927,25603.985191336964,25605.296374634163,1.3111832971990225,0.005121012558789707,1.076760540138618e6,1.0780953949495752e6,1334.8548109570984,0.12396951422321385,1.4672383097406025
2799.0,4.042757596944854,4.0357048885050215,-0.0070527084398328554,-0.17445291414856645,25597.02494918819,25598.332636566443,1.3076873782520124,0.00510874752377614,1.1960431059091943e6,1.1974218977615281e6,1378.7918523338158,0.11527944482282698,0.21536592819940192
2800.0,4.024111335889199,4.016693559005616,-0.007417776883582583,-0.184333291612159,25596.889760955564,25598.196992953144,1.3072319975799473,0.005106995458385514,1.1733514774611925e6,1.1747115733680283e6,1360.0959068357479,0.11591547229979361,0.7755245333205342
2801.0,4.0028960272944705,3.9955418906473548,-0.0073541366471157055,-0.18372040135367482,25600.419152365248,25601.72617094497,1.307018579722353,0.005105457734669927,1.0806394286993835e6,1.0819775414054205e6,1338.1127060370054,0.12382601175745614,1.4725344927783124
2802.0,4.042566686307198,4.035499618209488,-0.00706706809770985,-0.17481636410964124,25593.434336930306,25594.737919879488,1.3035829491818731,0.005093427212700621,1.2003426507702374e6,1.2017234087734171e6,1380.7580031796824,0.11503032090825697,0.21614310987806273
2803.0,4.023859776250904,4.016426156811167,-0.007433619439737527,-0.1847385309898535,25593.298838474442,25594.601971517324,1.3031330428821093,0.005091696272162881,1.177567288122492e6,1.1789292236932528e6,1361.935570760863,0.11565670891999105,0.7783223688660164
2804.0,4.00258461440985,3.9952166713713497,-0.00736794303850008,-0.18407963224498694,25596.84056462245,25598.143408662203,1.3028440397538361,0.005089862697955406,1.0845300680504614e6,1.085871489818518e6,1341.4217680566944,0.1236869135835043,1.4778454287810847
2805.0,4.0423748979095375,4.035293448584377,-0.007081449325160527,-0.1751804200254313,25589.83111577053,25591.130585339866,1.2994695693378162,0.005078070126601881,1.2046549602618853e6,1.2060377169746922e6,1382.7567128068767,0.11478446181023264,0.216922444207344
2806.0,4.0236072243452465,4.016157736721557,-0.007449487623689244,-0.18514450363383775,25589.69531042135,25590.99433553421,1.2990251128612726,0.00507636021884265,1.1817955615946047e6,1.1831593696327547e6,1363.8080381499603,0.11540135049329216,0.7811279098683003
2807.0,4.0022721621367445,3.9948904033878505,-0.007381758748894018,-0.18443919978078213,25593.249404418497,25594.54806400809,1.2986595895927167,0.005074227070863898,1.0884323023180743e6,1.0897770839888738e6,1344.781670799479,0.12355216469921446,1.4831709080822588
2808.0,4.042182232934386,4.0350863813539215,-0.007095851580464441,-0.17554506876631515,25586.215263047125,25587.510610203663,1.2953471565379004,0.005062675910527122,1.2089798608832986e6,1.2103646484338732e6,1384.7875505746342,0.1145418211981536,0.2177039004204609
2809.0,4.023353684255108,4.015888303308281,-0.007465380946826805,-0.1855511976499019,25586.079154154213,25587.374062279257,1.2949081250444578,0.005060986942324118,1.1860361277420651e6,1.1874018406379411e6,1365.7128958760295,0.1151493503385961,0.7839410455694322
2810.0,4.001958677680279,3.994563094337319,-0.007395583342959977,-0.18479909310924722,25589.645648581598,25590.94011372519,1.2944651435936976,0.005058550483153909,1.0923459752217536e6,1.0936941672948943e6,1348.192073140759,0.12342170921324326,1.488510720441032
2811.0,4.041988692606955,4.034878418227901,-0.007110274379053649,-0.17591029861263038,25582.58675661853,25583.87797224813,1.2912156296006287,0.005047244212966757,1.2133171786952587e6,1.2147040287869675e6,1386.850091708824,0.11430235358574367,0.21848744766686
2812.0,4.023099160105489,4.015617861249374,-0.007481298856115259,-0.1859585995369573,25582.450347550766,25583.74112954789,1.2907819971223944,0.0050455760866783906,1.190288816007402e6,1.1916564657580876e6,1367.6497506855521,0.11490066379629389,0.7867616649116306
2813.0,4.001644168273806,3.9942347518282766,-0.007409416445529615,-0.18515930287539342,25586.02927445892,25587.31953507546,1.2902606165407633,0.00504283256577353,1.0962709300836222e6,1.0976225827296358e6,1351.6526460135356,0.12329549283135995,1.493864655050754
2814.0,4.041794278194951,4.034669561022945,-0.007124717172006356,-0.17627609624872415,25578.945574863927,25580.2326497726,1.2870749086723663,0.005031774687136271,1.217666739331981e6,1.219055683238365e6,1388.9439063840546,0.11406601342712516,0.21927305501343786
2815.0,4.022843656063952,4.015346415209068,-0.007497240854883458,-0.18636669718899643,25578.80886900912,25580.09551565813,1.2866466490086168,0.00503012730419788,1.1945534554206685e6,1.1959230736083288e6,1369.6181876603514,0.11465524472306123,0.7895896565416742
2816.0,4.001328641178371,3.993905383556373,-0.007423257621997692,-0.18551981823246544,25582.400259917165,25583.686305842442,1.2860459252769942,0.005027072957231412,1.1002070098354833e6,1.1015621728797047e6,1355.1630442214664,0.12317346027672622,1.4992325005472538
2817.0,4.0415989910092485,4.034459811543769,-0.007139179465479373,-0.17664244971757112,25575.291696683726,25576.574621598687,1.282924914961768,0.005016266989940612,1.222028368009259e6,1.2234194365770475e6,1391.0685677884612,0.11383275578574142,0.22006069144576143
2818.0,4.022587176340274,4.015073969955954,-0.007513206384319737,-0.18677547694951904,25575.154697448354,25576.437199449072,1.282502000718523,0.00501464024710857,1.1988298746062021e6,1.2002014924204007e6,1371.617814198602,0.11441304919508768,0.7924249088152951
2819.0,4.00101210368289,3.993574997187022,-0.00743710649586804,-0.18588062977920664,25578.75858334316,25580.040404330342,1.2818209871838917,0.005011271297656373,1.1041540570274536e6,1.1055127799621583e6,1358.7229347047396,0.12305555787773159,1.5046140450171857
2820.0,4.0414028324036755,4.034249171700155,-0.007153660703520082,-0.1770093455213756,25571.62510150022,25572.90386707119,1.2787655709689716,0.005000720782872536,1.226401889531958e6,1.2277951131784632e6,1393.2236465052702,0.11360253587321019,0.22085032586929315
2821.0,4.022329725186878,4.01480053024689,-0.007529194939987605,-0.1871849265076795,25571.48781230896,25572.76616028347,1.278347974512144,0.004999114575948941,1.2031179017937854e6,1.2044915500092476e6,1373.6482154622208,0.11417403177312745,0.795267309801589
2822.0,4.000694563103642,3.9932436004702265,-0.007450962633415603,-0.1862417266774629,25575.1042236444,25576.38180936606,1.2775857216583972,0.004995427234573138,1.1081119138356186e6,1.1094742458038146e6,1362.3319681959692,0.12294173099180869,1.5100090760063838
2823.0,4.041205803775682,4.034037643392407,-0.0071681603832756124,-0.1773767714719807,25567.94576925793,25569.2203660583,1.2745968003691814,0.004985135731560082,1.2307871283056627e6,1.2321825370200004e6,1395.40871433774,0.1133753093647234,0.22164192711061795
2824.0,4.022071306898477,4.014526100940969,-0.007545205957507406,-0.18759503205639858,25567.80819355342,25569.082378046314,1.274184492893255,0.0049835499517495736,1.2074173648256483e6,1.2087930738220555e6,1375.708996407222,0.11393814901824566,0.798116747287431
2825.0,4.000376026784452,3.9929112011273844,-0.007464825657067742,-0.18660309948582643,25571.43716024967,25572.7105002983,1.2733400486322353,0.004979540417116716,1.1120804220683887e6,1.1134464118761132e6,1365.989807724487,0.12283192659608604,1.5154173805282671
2826.0,4.041007906566128,4.0338252286241705,-0.007182677941957927,-0.17774471389395155,25564.25368042428,25565.524098952348,1.270418528067239,0.004969511505982498,1.2351839083414837e6,1.2365815316822117e6,1397.6233407279942,0.11315103210862117,0.22243546391867441
2827.0,4.02181192581251,4.014250686887531,-0.007561238924978397,-0.1880057810871112,25564.115821666695,25565.38583314719,1.2700114804938494,0.004967946043404559,1.2117280911644534e6,1.2131058909069737e6,1377.7997425203212,0.11370535622362896,0.8009731087819092
2828.0,4.000056502096178,3.9925778069620423,-0.00747869513413546,-0.1869647373784932,25567.75737310948,25569.026456999505,1.2690838900234667,0.0049636105017102795,1.1160594231762704e6,1.1174291192771979e6,1369.6961009274237,0.1227260907872908,1.5208387450722294
2829.0,4.040809142259911,4.033611929391949,-0.007197212867962044,-0.17811316037403452,25560.54881598991,25561.815046670017,1.2662306801066734,0.0049538477801171375,1.2395920532683558e6,1.2409919203654288e6,1399.8670970730018,0.11292966047838551,0.22323090496598785
2830.0,4.021551586308785,4.013974293036087,-0.007577293272698071,-0.18841715964789982,25560.410677656626,25561.67650651882,1.2658288621933025,0.004952302520318322,1.2160499079046152e6,1.2174298279619885e6,1379.9200573733542,0.11347561053239212,0.8038362815207617
2831.0,3.9997359964368844,3.9922434257506945,-0.007492570686189914,-0.1873266308792525,25564.064842696527,25565.329659864958,1.2648171684304543,0.004947637146961015,1.1200487582599323e6,1.1214222087644148e6,1373.450504482491,0.12262417098843398,1.5262729556120853
2832.0,4.040609512385788,4.033397747793934,-0.007211764591853687,-0.1784820970635067,25556.831157469158,25558.093190653042,1.2620331838843413,0.004938144232781784,1.2440113863400435e6,1.2454135258907396e6,1402.1395506961271,0.1127111508859502,0.22402821884990803
2833.0,4.0212902928098755,4.013696924328283,-0.007593368481592755,-0.18882915503936154,25556.692743054384,25557.954379619452,1.2616365650683292,0.0049366190600354885,1.2203826417780847e6,1.221764711303642e6,1382.0695255573373,0.11324886787505242,0.8067061524708318
2834.0,3.999414517231363,3.991908065349633,-0.007506451881730047,-0.18768876917830635,25560.359550006226,25561.620089814587,1.2605398083615,0.004931620018471896,1.1240482680759055e6,1.1254255207383474e6,1377.252662441926,0.12252611400749225,1.5317197976145034
2835.0,4.040409018516968,4.033182685923393,-0.00722633259357508,-0.17885151133108562,25553.100686900445,25554.358512868333,1.2578259678884933,0.004922400546612748,1.248441730444264e6,1.2498461707169327e6,1404.4402726688422,0.11249546041440521,0.22482737409384776
2836.0,4.0210280497807895,4.0134185858039375,-0.007609463976852027,-0.18924175316973638,25552.961999914893,25554.219434431347,1.2574345164539409,0.004920895340658077,1.224726119164205e6,1.2261103669147664e6,1384.2477505614515,0.11302508609076693,0.8095826083345289
2837.0,3.9990920719313023,3.991571733589579,-0.007520338341723498,-0.18805114277080553,25556.64147655709,25557.897728292097,1.2562517350052076,0.004915558784034896,1.1280577930465217e6,1.129438895274095e6,1381.102227573283,0.12243186794919164,1.5371790560474925
2838.0,4.040207662270934,4.032966745973695,-0.007240916297238442,-0.17922138915920088,25549.35738684669,25550.610995808667,1.2536089619788982,0.004906616409163703,1.25288290811189e6,1.2542896769402504e6,1406.7688283603638,0.11228254605854442,0.22562833914852662
2839.0,4.020764861729348,4.013139282496784,-0.007625579232564128,-0.1896549411567513,25549.218430817145,25550.47165346303,1.253222645886126,0.004905131048449234,1.2290801660994038e6,1.23046662041402e6,1386.454314616276,0.11280422163318388,0.8124655355542998
2840.0,3.998768668014799,3.991234438378791,-0.0075342296360081384,-0.18841374086659854,25552.91060439112,25554.162557266685,1.251952875565621,0.004899453118857153,1.132077173267977e6,1.1334621721051452e6,1384.9988371680956,0.12234138006422365,1.5426505153888725
2841.0,4.040005445310019,4.032749930135403,-0.0072555151746156454,-0.17959171770519425,25545.601240395576,25546.850622492693,1.249382097117632,0.004890791511855155,1.2573347415262375e6,1.258743866313205e6,1409.1247869676445,0.11207236549092361,0.22643108239321552
2842.0,4.02050073320586,4.012859019536804,-0.007641713669055861,-0.1900687047745549,25545.46201886459,25546.7110197478,1.2490008832101012,0.004889325870433465,1.2334446082847686e6,1.2348332971034537e6,1388.688818685012,0.11258623284398042,0.815354820317115
2843.0,3.998444312986522,3.990896187601366,-0.007548125385155924,-0.1887765539372504,25549.16691607424,25550.414559232082,1.247643157843413,0.004883302700012733,1.136106248516358e6,1.1374951906561991e6,1388.9421398411505,0.12225459913234092,1.548133959634802
2844.0,4.03980236934123,4.032532240697642,-0.007270128643588336,-0.17996248278783683,25541.83223116,25543.077376465637,1.2451453056382888,0.004874925551030995,1.2617970525299048e6,1.263208560242788e6,1411.5077128831763,0.11186487637240088,0.22723557213698575
2845.0,4.02023566880346,4.012577802049579,-0.007657866753881137,-0.19048303096520566,25541.69274768549,25542.93751684585,1.244769160359283,0.004873479501361867,1.2378192710942738e6,1.2392102219395982e6,1390.9508453244343,0.11237107692585746,0.8182503485589586
2846.0,3.9981190143772674,3.990556989216756,-0.007562025160511521,-0.18913957121632496,25545.410394696602,25546.65371720828,1.2433225116765243,0.004867107212083178,1.1401448582570103e6,1.1415377900258212e6,1392.9317688108422,0.12217147310038115,1.5536291723082871
2847.0,4.0395984361167985,4.032313679948762,-0.007284756168036033,-0.1803336713596402,25538.050343278213,25539.291241799267,1.2408985210531682,0.004859018227206921,1.266269662636505e6,1.267683579809447e6,1413.9171729420777,0.11166003693069257,0.22804177661995986
2848.0,4.019969673157807,4.012295635255063,-0.007674037902744679,-0.19089790537440773,25537.91060143307,25539.151128842816,1.2405274097473011,0.004857591637421147,1.2422039795859398e6,1.2435972195787486e6,1393.2399928087834,0.11215871271586073,0.8211520059693346
2849.0,3.9977927797440906,3.990216851161604,-0.0075759285824865685,-0.18950278315754834,25541.64102387287,25542.880014740498,1.2389908676268533,0.004850866342020907,1.1441928416530096e6,1.1455898090194284e6,1396.9673664188012,0.12209195124841103,1.5591359364677448
2850.0,4.039393647434024,4.032094250274177,-0.007299397159846954,-0.18070526908125945,25534.25556141422,25535.49220309245,1.2366416782315355,0.004843069245771439,1.270752393037261e6,1.2721687457672495e6,1416.3527299885172,0.1114578054504586,0.2288496640145651
2851.0,4.019702750947416,4.012012524370418,-0.007690226576998249,-0.1913133147764649,25534.115564785963,25535.351840351814,1.2362755658505193,0.0048416619824321,1.2465985585067996e6,1.2479941143489478e6,1395.55584214814,0.11194909801754979,0.8240596779957755
2852.0,3.9974656166698805,3.989875781445798,-0.0075898352240826306,-0.18986617902183237,25537.85878774261,25539.093435900842,1.234648158231721,0.004834579784051098,1.1482500375717583e6,1.1496510861322673e6,1401.0485605089925,0.12201598211760877,1.5646540347155509
2853.0,4.0391880051357925,4.031873954060475,-0.0073140510753173515,-0.1810772627076927,25530.447870757947,25531.680245471154,1.2323747132068092,0.004827078316234107,1.2752450646113514e6,1.2766638785595214e6,1418.8139481700491,0.11125814069333037,0.22965920242679067
2854.0,4.019434906893339,4.011728474705344,-0.007706432187994494,-0.1917292446950179,25530.307622948327,25531.53963651194,1.2320135636146006,0.004825690241613796,1.2510028323055273e6,1.252400730294701e6,1397.8979891736526,0.11174219218971758,0.8269732498483698
2855.0,3.9971375327634906,3.989533788057709,-0.007603744705781512,-0.1902297492506977,25534.063670970452,25535.293965287263,1.230294316810614,0.0048182472350036835,1.1523162845948415e6,1.1537214595810971e6,1405.174986255588,0.1219435154255112,1.5701832492066379
2856.0,4.038981511110401,4.031652793789845,-0.007328717320556066,-0.18144963774645376,25526.62725702544,25527.855354588908,1.2280975634675997,0.004811045153368636,1.2797474979342183e6,1.281168798322187e6,1421.3003879687749,0.11106100150717643,0.23047035989744596
2857.0,4.019166145759464,4.011443491568275,-0.007722654191189449,-0.1921456817438974,25526.48676165002,25527.71450299017,1.2277413401498052,0.00480967612822582,1.2554166251402546e6,1.256816891151402e6,1400.2660111472942,0.11153795346551644,0.8298926065042884
2858.0,3.9968085356592997,3.989190879056912,-0.007617656602387779,-0.19059348313594401,25530.2556587464,25531.481588025064,1.225929278665717,0.0048018683990174865,1.1563914210243004e6,1.157800767290263e6,1409.3462659625802,0.12187450030667119,1.5757233616570858
2859.0,4.038774167292084,4.0314307719475035,-0.007343395344580728,-0.1818223807622382,25522.79370645911,25524.017516626784,1.2238101676739461,0.004794969476104937,1.2842595132871787e6,1.2856833248974523e6,1423.8116102735512,0.11086634714732821,0.23128310440342323
2860.0,4.01889647235224,4.011157580358397,-0.007738891993843033,-0.19256261133080393,25522.652967146965,25523.876425979954,1.223458832988399,0.004793619356746528,1.2598397608847634e6,1.261242420386547e6,1402.6595017835498,0.11133634175813649,0.8328176327123302
2861.0,3.996478633017375,3.988847062482709,-0.007631570534666121,-0.19095737111208377,25526.434736786043,25527.656289765917,1.2215529798741045,0.0047854429828139275,1.1604752848906121e6,1.1618888469206106e6,1413.5620299985167,0.12180888713470195,1.581274153352739
2862.0,4.038565975660844,4.031207891112861,-0.007358084547982813,-0.18219547711558148,25518.94720582785,25520.166718293738,1.2195124658865097,0.004778851008430338,1.2887809306653254e6,1.290207277838856e6,1426.3471735306084,0.11067413705401936,0.23209740385896074
2863.0,4.018625891520944,4.010870746475077,-0.007755145045867273,-0.19298001991750854,25518.806226221124,25520.025392202897,1.2191659817726759,0.004777519649488762,1.264272063139887e6,1.2656771411779046e6,1405.0780380174983,0.11113731600838447,0.8357482129974683
2864.0,3.99614783252303,3.9885023464436307,-0.007645486079399522,-0.1913214025060836,25522.60089133068,25523.81805668922,1.217165358539205,0.004768970700602235,1.164567713963525e6,1.1659855358567806e6,1417.821893255692,0.12174662548648495,1.5868354051578475
2865.0,4.038356938242921,4.030984153870118,-0.007372784372803309,-0.18256891318802515,25515.08774242722,25516.302946826603,1.2152043993846746,0.004762689478680483,1.2933115697873007e6,1.294740476423568e6,1428.9066362674348,0.11048433104966611,0.23291322611691054
2866.0,4.018354408157384,4.010582995406694,-0.007771412750689599,-0.19339789280192385,25514.946526180705,25516.16138890746,1.2148627267561096,0.004761376730731329,1.268713355242879e6,1.2701208764513123e6,1407.5212084334344,0.1109408364479605,0.8386842316654112
2867.0,3.995816141886968,3.9881567390291073,-0.007659402857860709,-0.1916855677509642,25518.754109147587,25519.966875501184,1.2127663535975444,0.004752451269408995,1.168668545755315e6,1.170090671234739e6,1422.1254794239067,0.1216876662411395,1.5924068975237113
2868.0,4.038147057110656,4.030759562896291,-0.00738749421436502,-0.18294267419896448,25511.21530407947,25512.426189990452,1.2108859109830519,0.004746484620783317,1.2978512501036872e6,1.2992827396556477e6,1431.4895519604906,0.11029688894209771,0.23373053897000656
2869.0,4.0180820271961695,4.01029433264316,-0.007787694553009317,-0.19381621630167653,25511.07385486027,25512.28440387057,1.210549010298564,0.004745190332581531,1.2731634602740912e6,1.2745734488591698e6,1409.9885850786231,0.1107468623687233,0.8416255728071694
2870.0,3.9954835688448602,3.9878102483959066,-0.0076733204489536355,-0.19204985621232526,25514.89437753,25516.10273343607,1.20835590607021,0.004735884413985124,1.172777617535124e6,1.1742040899302107e6,1426.472395086661,0.1216319593551536,1.5979884104973532
2871.0,4.037936334382924,4.030534120874867,-0.007402213508057365,-0.1833167463545105,25507.329879133664,25508.53643607832,1.2065569446567679,0.004730236172794374,1.3023997908073517e6,1.3038338862836377e6,1434.0954762860201,0.11011177108659015,0.23454931015213706
2872.0,4.0178087536144185,4.010004763761714,-0.007803989852704696,-0.1942349756116249,25507.188200620778,25508.394425396138,1.2062247753601696,0.004728960189076479,1.2776222010669936e6,1.2790346808215757e6,1412.4797545820475,0.1105553545799712,0.8445721203036307
2873.0,3.9951501211574842,3.9874628826828125,-0.007687238474671787,-0.1924142583269092,25511.021684297382,25512.225618255157,1.203933957775007,0.004719269861763537,1.1768947663305851e6,1.1783256285877582e6,1430.862257173052,0.1215794562188688,1.6035797237301959
2874.0,4.037724772225004,4.030307830580812,-0.007416941644192043,-0.1836911147389798,25503.43145646576,25504.633673911703,1.202217445941642,0.004713943878469145,1.3069570108406937e6,1.3083937347989362e6,1436.7239582424518,0.10992893770226506,0.23536950733961753
2875.0,4.017534592432001,4.009714294342408,-0.007820298089592725,-0.19465415691315144,25503.28955234968,25504.491442316685,1.2018899670038081,0.004712686042075992,1.2820894002167252e6,1.2835043945020514e6,1414.9942853262182,0.1103662728267644,0.8475237578301457
2876.0,3.99481580661032,3.987114650094106,-0.007701156516213725,-0.1927787635031991,25507.136017795372,25508.335518248005,1.199500452632492,0.004702607347981543,1.1810198289403694e6,1.1824551236062835e6,1435.2946659140289,0.12153010734813818,1.6091806164867692
2877.0,4.037512372848987,4.030080694797154,-0.0074316780518328684,-0.18406576539080322,25499.520025478592,25500.71789284018,1.1978673615885782,0.00469760748591226,1.311522728905584e6,1.3129621034559128e6,1439.3745503288228,0.10974834965536025,0.23619109815246736
2878.0,4.017259548711251,4.009422930050955,-0.007836618660295613,-0.19507374530504568,25499.3778994609,25500.57544399185,1.197544530950836,0.004696367635604766,1.2865648800894618e6,1.287982411848922e6,1417.5317594602238,0.11017957830169087,0.8504803688611181
2879.0,3.9944806330136573,3.9867655588171576,-0.007715074196499749,-0.19314336218671488,25503.237366895904,25504.43242223138,1.1950553354763542,0.004685896611022325,1.1851526419415155e6,1.1865924111694088e6,1439.7692278933246,0.12148386435140511,1.614790867653415
2880.0,4.037299138513647,4.02985271639709,-0.007446422116556661,-0.18444068326574634,25495.595576101863,25496.78908274178,1.1935066399164498,0.004681226748965126,1.316096763472813e6,1.3175388102697935e6,1442.0467969805468,0.10956996757407007,0.23701405015568858
2881.0,4.016983627557188,4.009130676557099,-0.007852951000089092,-0.19549372684062033,25495.45323189483,25496.64642030996,1.1931884151308623,0.004680004721932861,1.2910484628312953e6,1.2924685545714488e6,1420.091740153497,0.10999523108832082,0.8534418366746078
2882.0,3.994144608202237,3.9864156171030536,-0.007728991099183347,-0.19350804383274853,25499.325720997225,25500.516319550457,1.190598553232121,0.00466913739704,1.1892930416953755e6,1.1907373272316314e6,1444.2855362559203,0.12144067825344751,1.620410255747026
2883.0,4.03708507152482,4.0296238982634,-0.007461173261420484,-0.18481585424213948,25491.65809879216,25492.84723402273,1.189135230571992,0.00466480142626868,1.320678932790071e6,1.3221236730344973e6,1444.740244426299,0.10939375260375628,0.23783833086054443
2884.0,4.016706834117244,4.0088375396146185,-0.007869294502625301,-0.19591408652941295,25491.51554011836,25492.704361686512,1.1888215681537986,0.004663597055588319,1.2955399703756447e6,1.296962644179416e6,1422.6738037711475,0.10981319266889465,0.8564080443569354
2885.0,3.9938077400353227,3.9860648331869912,-0.0077429068483314545,-0.193872798901005,25495.401070023898,25496.58720007764,1.1861300537420902,0.004652329455356862,1.193440864357552e6,1.1948897075474816e6,1448.843189929612,0.1214005011224035,1.6260385589237798
2886.0,4.0368701742352835,4.029394243367744,-0.007475930867539837,-0.18519126315366397,25487.70758453288,25488.89233761759,1.1847530847117014,0.004648331281981061,1.3252690548909924e6,1.326716509324999e6,1447.4544340067077,0.10921966589839115,0.23866390772584484
2887.0,4.016429173581445,4.008543524982455,-0.007885648598989548,-0.1963348103050931,25487.564815124733,25488.749259065513,1.1844439407796017,0.0046471443991257,1.3000392244540888e6,1.3014645019639079e6,1425.2775098190177,0.10963342359285497,0.8593788748073016
2888.0,3.9934700363963542,3.985713215366155,-0.007756821030199035,-0.19423761689717522,25491.463404426704,25492.645054213743,1.181649787038623,0.0046354725434610555,1.1975959458871852e6,1.1990493876589807e6,1453.4417717955075,0.12136328423513411,1.6316755549879054
2889.0,4.03665444904512,4.029163754692805,-0.007490694352314975,-0.18556689572690366,25483.744024834108,25484.924384988986,1.1803601548781444,0.004631816085296863,1.3298669476062318e6,1.3313171365121533e6,1450.1889059215318,0.10904766890641807,0.2394907481592281
2890.0,4.01615065118215,4.008248638501996,-0.007902012680153447,-0.19675588309486097,25483.601048433546,25484.78110391804,1.1800554844958242,0.004630646517550788,1.304546046604188e6,1.305973949033473e6,1427.9024292849936,0.10945588567010799,0.8623542107424061
2891.0,3.993131505193029,3.9853607719228124,-0.007770733270216823,-0.19460248830049945,25487.51271518269,25488.689872886778,1.1771577040890406,0.004618566422088798,1.2017581220526523e6,1.2032162029241482e6,1458.080871495884,0.1213289799951942,1.6373210214004508
2892.0,4.036437898401577,4.0289324353088904,-0.007505463092686959,-0.18594273668025738,25479.767411732573,25480.943368127788,1.1759563952145982,0.004615255611293806,1.3344724285694906e6,1.3359253717648939e6,1452.9431954033207,0.10887772308348302,0.24031881951845033
2893.0,4.015871272194223,4.007952886020857,-0.007918386173366265,-0.19717729072126744,25479.62423209059,25480.79988824366,1.1756561530673935,0.004614103184405288,1.3090602581781144e6,1.3104908062935995e6,1430.548115485115,0.10928053972672591,0.8653339347010818
2894.0,3.992792154356955,3.985007511199555,-0.007784643157399795,-0.19496740267096432,25483.548993795037,25484.721647553102,1.1726537580652803,0.004601610860209496,1.205927228440203e6,1.20738998850283e6,1462.7600626270287,0.12129754002810136,1.6429747352880675
2895.0,4.036220524799414,4.028700288298682,-0.007520236500731414,-0.1863187715964837,25475.777737791483,25476.94927955272,1.1715417612358578,0.0045986496400381134,1.3390853152287593e6,1.3405410320660353e6,1455.7168372760061,0.10870979023672755,0.24114808911267144
2896.0,4.015591041934754,4.007656273467539,-0.007934768467214859,-0.19759901803625413,25475.634358667678,25476.805604568734,1.1712459010559542,0.00459751417596185,1.3135816803530015e6,1.3150148944852403e6,1433.214132238878,0.10910734777099872,0.8683179290489278
2897.0,3.9924519918437165,3.984653441524965,-0.007798550318751651,-0.1953323505125049,25479.57223229293,25480.74037019609,1.1681379031615506,0.004584605630392206,1.2101031004639782e6,1.2115705793889528e6,1467.4789249745663,0.12126891703788752,1.648636473451813
2898.0,4.036002330780765,4.028467316831261,-0.00753501394950451,-0.18669498508557253,25471.774996100317,25472.942112310488,1.1671162101702066,0.004581997957931436,1.34370542485495e6,1.3451639342144725e6,1458.5093595224898,0.10854383204413516,0.24197852420374855
2899.0,4.015309965763229,4.0073588067777575,-0.007951158985471274,-0.19802105075989868,25471.631421262562,25472.79824594783,1.166824685267784,0.004580879276911065,1.318110134138188e6,1.319546034164208e6,1435.9000260198954,0.10893627086470442,0.8713060759829574
2900.0,3.992111025632552,3.984298571286339,-0.007812454346213027,-0.19569732144348717,25475.582423231437,25476.74603332729,1.1636100958530733,0.004567550513749847,1.214285573371955e6,1.2157578103925237e6,1472.2370205686893,0.12124306282256389,1.6543060123759576
2901.0,4.03578331893547,4.028233524089358,-0.007549794846112512,-0.18707136259495571,25467.75918027473,25468.92185997535,1.1626797006210836,0.004565300356387857,1.3483325745502054e6,1.349793894840168e6,1461.3202899626922,0.10837981055602536,0.24281009200752543
2902.0,4.015028049081236,4.0070604919665955,-0.007967557114640478,-0.19844337367614914,25467.61541349869,25468.77780596205,1.1623924633604474,0.004564198274897541,1.322645440384996e6,1.3240840457391294e6,1438.6053541335277,0.1087672712737571,0.8742982575362462
2903.0,3.9917692637263955,3.9839429088578426,-0.007826354868552876,-0.19606230599728652,25471.579559691356,25472.738629984993,1.1590702936373418,0.004550445295004651,1.2184744822560472e6,1.219951516174247e6,1477.033918199828,0.12121993030703845,1.6599831282368143
2904.0,4.035563491900918,4.027998913340895,-0.0075645785600233495,-0.18744788863327036,25463.730284456262,25464.88851664921,1.1582321929490718,0.004548556633338547,1.3529665812575922e6,1.3544307304070021e6,1464.149149409961,0.1082176876866407,0.24364275969512983
2905.0,4.01474529733263,4.0067613350572655,-0.007983962275364576,-0.19886597241097875,25463.586329525027,25464.744278720314,1.157949195287074,0.004547470966194702,1.3271874197952815e6,1.328628749450677e6,1441.329655395588,0.10860031024238558,0.8772943555825895
2906.0,3.9914267141515754,3.983586462670778,-0.007840251480797367,-0.19642729385459615,25467.56363527907,25468.71815373534,1.1545184562673967,0.004533289767334061,1.22266966205732e6,1.224151531227687e6,1481.8691703670193,0.12119947164416908,1.6656675969115675
2907.0,4.035342852362368,4.027763487868646,-0.007579364493722096,-0.1878245485209513,25459.688303312152,25460.842076961075,1.1537736489226518,0.004531766591865749,1.3576072617699765e6,1.3590742572286571e6,1466.9954586806707,0.1080574257365182,0.24447649439426644
2908.0,4.014461716003236,4.006461342150845,-0.00800037385239083,-0.19928883168814807,25459.54416401576,25460.697658857694,1.1534948419357534,0.004530697150368035,1.3317358929303964e6,1.3331799654092803e6,1444.0724788838997,0.10843535017339767,0.8802942518411672
2909.0,3.991083384957854,3.9832292411441417,-0.007854143813712522,-0.19679227558397558,25463.534644126223,25464.684598670912,1.1499545446895354,0.0045160837282062095,1.2268709475782858e6,1.2283576899112773e6,1486.7423329914454,0.12118163983963581,1.6713591939871293
2910.0,4.035121403052783,4.027527251039384,-0.007594152013399302,-0.18820132667269748,25455.63323203499,25456.78253606713,1.1493040321402077,0.004514930041865351,1.3622544327393132e6,1.3637242914700825e6,1469.8587307692505,0.10789898681508119,0.2453112631905174
2911.0,4.014177310620981,4.006160519357397,-0.008016791263584011,-0.19971193704803833,25455.488912170065,25456.63794153656,1.149029366493778,0.004513876635637654,1.336290680220307e6,1.3377375135763101e6,1446.8333560030442,0.10827235252172174,0.8832978278812107
2912.0,3.9907392842180975,3.9828712527525507,-0.007868031465546821,-0.19715724093182393,25459.492580889564,25460.63795941169,1.1453785221274302,0.004498826983642147,1.2310781734873878e6,1.2325698264337427e6,1491.6529463548213,0.12116638719450931,1.6770576947689912
2913.0,4.034899146753138,4.02729020623587,-0.007608940517267904,-0.1885782082903058,25451.565066342515,25452.70988965023,1.1448233077135228,0.004498046798809446,1.366907910685849e6,1.3683806491622387e6,1472.7384763897862,0.10774233325278194,0.24614703312864003
2914.0,4.013892086755608,4.005858872863372,-0.008033213892236546,-0.20013527316150936,25451.420569711834,25452.565122444994,1.1445527331597987,0.0044970092338258725,1.3408516019719886e6,1.3423012137982086e6,1449.6118262200616,0.10811127973357525,0.8863049651266819
2915.0,3.9903944200283523,3.982512505959095,-0.007881914069257423,-0.19752218050669337,25455.43744075066,25456.578231103696,1.1407903530380281,0.004481519344121659,1.2352911743292601e6,1.2367877748831757e6,1496.600553915603,0.12115366684524635,1.682762874290101
2916.0,4.034676086292238,4.027052356923677,-0.007623729368561705,-0.1889551777022009,25447.48380247724,25448.62413391978,1.140331442540628,0.004481116684823747,1.371567512005776e6,1.3730431462064134e6,1475.6342006374616,0.10758742735744002,0.24698377121386794
2917.0,4.0136060500187964,4.005556408864997,-0.008049641153799136,-0.20055882549213913,25447.33913288923,25448.479197797795,1.1400649085662735,0.004480094765950617,1.3454184783800927e6,1.346870885790523e6,1452.4074104302563,0.10795209325346715,0.8893155448609505
2918.0,3.9900488005074948,3.982153009281003,-0.007895791226491866,-0.19788708412507636,25451.369219415523,25452.505409419788,1.1361900042647903,0.004464160629118728,1.2395097845331193e6,1.2410113692154726e6,1501.5846823533066,0.12114343114434564,1.6884745073197387
2919.0,4.034452224547013,4.026813706585433,-0.007638517961580327,-0.18933222000015076,25443.389437206057,25444.525265611283,1.135828405225766,0.004464139528379169,1.3762330529833725e6,1.377711598387662e6,1478.5454042896163,0.10743423151220304,0.24782144441321452
2920.0,4.013319206063866,4.005253133633424,-0.008066072430441551,-0.20098257866591418,25443.244598474506,25444.380164334856,1.1355658603497432,0.004463133056614281,1.3499911295322415e6,1.3514463491718727e6,1455.219639631221,0.10779475566890875,0.8923294482314844
2921.0,3.9897024337973193,3.9817927712247156,-0.007909662572603615,-0.19825194244061348,25447.287913114462,25448.419490558357,1.1315774438953667,0.004446750662620512,1.243733838418547e6,1.2452404432803148e6,1506.6048617677297,0.12113563330265523,1.694192368372413
2922.0,4.034227564442324,4.026574258785413,-0.007653305656911691,-0.18970931943373537,25439.281967820047,25440.41328198614,1.1313141660939436,0.004447115164354965,1.380904349795399e6,1.3823858213781463e6,1481.4715827472974,0.10728270810116565,0.24866001965677595
2923.0,4.013031560585876,4.004949053450318,-0.008082507135558359,-0.20140651807827714,25439.136963763525,25440.26801932214,1.1310555586132978,0.004446123939756354,1.3545693754223066e6,1.356027423446354e6,1458.048024047399,0.10763922841477436,0.8953465562545383
2924.0,3.9893553280621625,3.98143180034937,-0.007923527712792477,-0.1986167453436981,25443.193518601554,25444.320471243995,1.1269526424403011,0.004429289277764541,1.2479631702067293e6,1.2494748308115583e6,1511.6606048289686,0.12113022570838824,1.6999162317167607
2925.0,4.03400210895124,4.026334017105938,-0.0076680918453018165,-0.19008646099333268,25435.16139213381,25436.288180831078,1.1267886972673296,0.004430043434345202,1.3855812185256782e6,1.387065630752366e6,1484.412226687884,0.10713281955909928,0.24949946383903773
2926.0,4.012743119321324,4.004644174670824,-0.00809894465049954,-0.20183062831765108,25435.016226575382,25436.14276054996,1.126533974576887,0.0044290672533554174,1.3591530359557006e6,1.3606139280388104e6,1460.8920831098221,0.10748547400201941,0.8983667498198544
2927.0,3.9890074914890077,3.981070105204014,-0.007937386284993853,-0.19898148353767578,25439.08603315436,25440.20834872615,1.1223155717925692,0.004411776312756964,1.2521976140268114e6,1.2537143654535424e6,1516.7514267310034,0.12112716153909933,1.7056458713844562
2928.0,4.033775861094855,4.0260929852098215,-0.007682875885033802,-0.19046362885786372,25431.027708485264,25432.149960458,1.1222519727343752,0.004412924186936916,1.390263475169983e6,1.391750841989441e6,1487.3668194580823,0.10698452818637323,0.25033974382018065
2929.0,4.012453888048239,4.0043385036612635,-0.008115384386975677,-0.20225489472037791,25430.882385251967,25432.004386333927,1.122001081959752,0.0044119628448693925,1.3637419309604573e6,1.365205682276913e6,1463.7513164556585,0.10733345387603992,0.9013899096953613
2930.0,3.9886589322871235,3.9807076943889874,-0.007951237898136121,-0.19934614699123518,25434.965454573485,25436.08312077979,1.1176662063044205,0.004394211615111322,1.256437003924613e6,1.257958880749606e6,1521.8768249931745,0.12112639314501503,1.711381061179138
2931.0,4.033548823942507,4.02585116677884,-0.007697657163666882,-0.1908408079251405,25426.88091573508,25427.99861970333,1.1177039682479517,0.004395757277316211,1.3949509356469507e6,1.3964412704876077e6,1490.3348406569567,0.10683779641079409,0.2511808264273901
2932.0,4.012163872585876,4.004032046860027,-0.00813182572584914,-0.20267930184536814,25426.735438657546,25427.85289551325,1.1174568557034945,0.004394810566222231,1.3683358801943169e6,1.3698025054259389e6,1466.6252316220198,0.10718313046163379,0.9044159165318836
2933.0,3.988309658688123,3.9803445764951917,-0.007965082192931128,-0.19971072646227492,25430.831781182264,25431.944785703985,1.1130045217214501,0.00437659503746561,1.260681173869387e6,1.2622082101695358e6,1527.036300148815,0.1211278737082992,1.717121574685331
2934.0,4.033321000611611,4.025608565574125,-0.007712435037485754,-0.19121798231076187,25422.72101326627,25423.83415792783,1.1131446615618188,0.004378542568204834,1.3996434158050881e6,1.4011367315670722e6,1493.3157619840931,0.10669258649176183,0.25202267845616466
2935.0,4.011873078794778,4.003724810717279,-0.008148268077499132,-0.20310383497842316,25422.575386178236,25423.688287451532,1.112901273296302,0.0043776102790174624,1.3729347033558844e6,1.3744042166717502e6,1469.51331586577,0.1070344650968336,0.9074446508678544
2936.0,3.9879596789456397,3.9799807601634587,-0.007978918782181044,-0.20007521200140513,25426.685011826063,25427.79334232249,1.1083304964267882,0.0043589264424807985,1.2649299577657967e6,1.2664621870984898e6,1532.229332693154,0.12113155541034692,1.7228671852773938
2937.0,4.033092394267868,4.025365185376623,-0.007727208891244786,-0.1915951368291803,25418.548000983552,25419.65657501581,1.1085740322596394,0.0043612799291947914,1.4043407314365362e6,1.4058370404868685e6,1496.3090503322892,0.10654886074561663,0.2528652666716279
2938.0,4.01158151257648,4.003416801753849,-0.008164710822631704,-0.20352847865698315,25418.402227721504,25419.510562035095,1.1083343135906034,0.004360361849895685,1.3775382200918805e6,1.379010635154106e6,1472.4150622254238,0.10688741994593913,0.9104759931340257
2939.0,3.987609001335372,3.979616254025787,-0.007992747309585102,-0.20043959442634637,25422.52514587207,25423.628789982344,1.1036441102733079,0.004341205698256571,1.2691831894580654e6,1.270720644863224e6,1537.4554051584564,0.12113739119212112,1.728617666128456
2940.0,4.032863008125074,4.0251210300455,-0.007741978079573997,-0.19197225554094224,25414.36187931301,25415.465871374974,1.1039920619623445,0.004343969237571063,1.4090426982800853e6,1.410542012444046e6,1499.3141639607493,0.10640658127612822,0.2537085578098397
2941.0,4.011289179873548,4.003108026502888,-0.008181153370659722,-0.203953218125192,25414.215963715662,25415.319719673633,1.1037559579708613,0.004343065155134882,1.3821462500067512e6,1.3836215799515953e6,1475.3299448441248,0.10674195620303702,0.9135098236581978
2942.0,3.9872576341547643,3.979251066762773,-0.008006567391991126,-0.20080386387393281,25418.35218320863,25419.451128554316,1.0989453456859337,0.004323432682673652,1.2734407027396727e6,1.274983416721911e6,1542.7139822382014,0.12114533318427909,1.7343727902193817
2943.0,4.032632845445301,4.024876103460519,-0.007756741984781712,-0.19234932318578532,25410.162649201375,25411.262047935626,1.0993987342517357,0.004326610378018534,1.4137491320349392e6,1.4152514625910178e6,1502.3305560785811,0.10626571023362105,0.2545525185791099
2944.0,4.010996086669277,4.002798491566823,-0.008197595102453548,-0.2043780379068087,25410.01659510929,25411.115761298595,1.0991661893058335,0.0043257200765362425,1.3867586126702433e6,1.3882368701132394e6,1478.2574429961387,0.10659803584343434,0.9165460226699337
2945.0,3.9869055857230107,3.978885207046756,-0.008020378676254492,-0.20116801122592987,25414.16612424471,25415.260358431533,1.094234186821268,0.004305607280096379,1.2777023313628829e6,1.2792503358899623e6,1548.0045270794071,0.12115533399928932,1.7401323303477247
2946.0,4.032401909538721,4.024630409578538,-0.00777149996018256,-0.19272632377737284,25405.950312115485,25407.045106150334,1.0947940348487464,0.004309203243331014,1.4184598483674768e6,1.419965206037516e6,1505.3576700391714,0.10612620947795641,0.2553971156613125
2947.0,4.010702238987715,4.002488203560889,-0.008214035426826527,-0.2048029232132604,25405.80412337065,25406.898688363755,1.0945649931054504,0.004308326505983593,1.3913751276284026e6,1.392856324643831e6,1481.19701542845,0.1064556197689942,0.919584470305298
2948.0,3.986552864380782,3.978518683597363,-0.00803418078341922,-0.20153202670917403,25409.966969909456,25411.056480529816,1.0895106203606701,0.004287729384500465,1.2819679090439582e6,1.2835212355309844e6,1553.3264870261773,0.12116734561511666,1.7458960591367045
2949.0,4.03217020376375,4.024383952377735,-0.00778625138601452,-0.19310324198979986,25401.724870041744,25402.815047993183,1.0901779514388181,0.004291747733731858,1.4231746629203744e6,1.4246830578648455e6,1508.3949444710743,0.10598804094613563,0.2562423157132008
2950.0,4.0104076428933695,4.002177169168214,-0.008230473725155285,-0.20522785856295858,25401.578550487102,25402.668502843495,1.0899523563930416,0.00429088434101329,1.3959956144104127e6,1.3974797625361893e6,1484.1481257765554,0.10631466964911442,0.922625046611578
2951.0,3.9861994784902106,3.9781515051265006,-0.008047973363709993,-0.20189590127482016,25405.754721651465,25406.839496286302,1.0847746348372311,0.004269798896833233,1.2862372694746435e6,1.2877959487801564e6,1558.6793055129237,0.1211813203134409,1.7516637490441753
2952.0,4.0319377315268685,4.024136735912246,-0.00780099561462233,-0.1934800617981802,25397.48632548538,25398.57187595934,1.0855504739593016,0.0042742437580131475,1.4278933913230307e6,1.4294048331302828e6,1511.441807252122,0.10585116623109227,0.25708808536772404
2953.0,4.01011230449118,4.001865395085175,-0.008246909406005365,-0.20565282914319197,25397.339878964365,25398.425207233347,1.0853282689822663,0.004273393489848131,1.4006198925397564e6,1.4021070027562536e6,1487.1102164972108,0.10617514604912691,0.92566763155203
2954.0,3.9858454364345985,3.977783680392082,-0.008061756042516688,-0.20225962524347296,25401.529381438253,25402.60940765972,1.080026221465232,0.004251815728286201,1.2905102463280314e6,1.29207430873739e6,1564.0624093585648,0.12119720969352148,1.7574351723716168
2955.0,4.031704496282754,4.023888764258197,-0.00781573202455732,-0.19385676782024708,25393.234681469858,25394.315593064322,1.080911594464851,0.004256691233014209,1.432615849199307e6,1.4341303468789684e6,1514.4976796614937,0.10571554687936412,0.2579343912353443
2956.0,4.009816229926251,4.001552888074669,-0.008263341851582062,-0.20607781947488507,25393.088111826062,25394.168804548313,1.080692722251115,0.004255853866579603,1.4052477815393454e6,1.4067378642734669e6,1490.0827341214754,0.10603701024805744,0.9287121050106076
2957.0,3.9854907466184186,3.977415218144799,-0.008075528473619809,-0.20262318964036427,25397.29095175564,25398.366217128943,1.0752653733034094,0.004233779797010513,1.294786673267196e6,1.2963561484893193e6,1569.4752221233211,0.12121496571809708,1.7632101012731192
2958.0,4.031470501534064,4.023640041566541,-0.007830459967522962,-0.19423334400049064,25388.969941536176,25390.046202843463,1.0762613072874956,0.004239090084260329,1.4373418521759945e6,1.438859414149689e6,1517.561973694479,0.105581144207068,0.2587811999053552
2959.0,4.009519425383804,4.001239654913216,-0.0082797704705877,-0.20650281473059912,25388.823252612783,25389.899298323253,1.0760457104697707,0.004238265396404436,1.409879100944799e6,1.4113721660491251e6,1493.0651043262333,0.10590022246061304,0.9317583467967145
2960.0,3.9851354174670175,3.9770461271800954,-0.008089290286922068,-0.20298658488407612,25393.039435607003,25394.109927693233,1.0704920862299332,0.00421569103196387,1.2990663839539883e6,1.3006413011034364e6,1574.9171494480688,0.1212345395817625,1.7689883077643755
2961.0,4.031235750831576,4.023390572010818,-0.007845178820757859,-0.19460977490933223,25384.69210974212,25385.763709351093,1.0715996089747932,0.004221440245727997,1.4420712158943866e6,1.4435918499875034e6,1520.634093116736,0.10544791937849088,0.2596284779472003
2962.0,4.009221897088875,4.000925702442501,-0.008296194646374211,-0.20692779944153594,25384.545305381536,25385.616692611173,1.071387229636457,0.004220628011049394,1.414513670310714e6,1.416009727064645e6,1496.0567539308686,0.10576474341193484,0.9348062366499382
2963.0,3.984779457426594,3.976676416286648,-0.008103041139945866,-0.20334980207860442,25388.774836512628,25389.840542870777,1.0657063581493276,0.004197549369797443,1.3033492120578364e6,1.3049295996495155e6,1580.3875916791148,0.12125588269500445,1.7747695637316891
2964.0,4.031000247773966,4.0231403598382744,-0.007859887935691923,-0.1949860444695427,25380.40119066157,25381.468117160104,1.0669264985335758,0.004203741660814012,1.4468037560164623e6,1.448327469446267e6,1523.7134298046585,0.10531583315763254,0.2604761919117934
2965.0,4.008923651306298,4.000611037518157,-0.008312613788141299,-0.20735275877435716,25380.254274704977,25381.320991983623,1.0667172786452284,0.004202941653379586,1.4191513092189752e6,1.4206503663090174e6,1499.057090042159,0.10563053286172562,0.937855654244808
2966.0,3.9844228749639066,3.9763060942966657,-0.008116780667240864,-0.20371283174390448,25384.497158509057,25385.558066698817,1.0609081897600845,0.004179354757887968,1.307634991261199e6,1.3092208771931753e6,1585.8859319763724,0.1212789457742182,1.7805536409409723
2967.0,4.030763996007898,4.022889409319272,-0.00787458668862584,-0.1953621372133148,25376.097189383687,25377.159431360906,1.062241977218946,0.004185994281513646,1.4515392882356422e6,1.453066087604516e6,1526.7993688737042,0.10518484626961364,0.2613243083328385
2968.0,4.008624694340359,4.000295667059626,-0.008329027280733037,-0.20777767727900562,25375.950165670594,25377.012201528873,1.06203585827825,0.004185206273438409,1.4237918372899115e6,1.4252939028095147e6,1502.0655196032021,0.10549755099469309,0.9409064791955385
2969.0,3.9840656785662674,3.9759351700360033,-0.008130508530264091,-0.20407566506759975,25380.206406148252,25381.26250373213,1.0560975838779996,0.00416110715168244,1.311923555270646e6,1.3135149668194214e6,1591.411548775388,0.12130367980526764,1.7863403110467622
2970.0,4.03052699922781,4.022637724796761,-0.007889274431049031,-0.19573803704975803,25371.780111512195,25372.837657560987,1.0575460487925739,0.004168198069447728,1.4562776282849344e6,1.4578075195686421e6,1529.8912837076932,0.1050549190616527,0.2621727937281517
2971.0,4.008325032534765,3.999979598000573,-0.008345434534192453,-0.20820254012472156,25371.632983880016,25372.690326852276,1.0573429722608125,0.004167421832613614,1.428435074188081e6,1.429940155617766e6,1505.0814296850003,0.10536575703592863,0.9439585910607838
2972.0,3.9837078767412275,3.975563652372838,-0.008144224368389352,-0.20443829267550437,25375.90258449686,25376.95385904321,1.0512745463493047,0.004142806518305165,1.3162147378233727e6,1.3178117016234403e6,1596.9638000675477,0.12133003484738746,1.7921293456012297
2973.0,4.030289261175988,4.022385310637276,-0.007903950538712401,-0.19611372848226102,25367.449963164483,25368.502801883988,1.052838719504507,0.004150352995800962,1.4610185919460536e6,1.4625515804836468e6,1532.988537593279,0.10492601162257371,0.26302161460098233
2974.0,4.008024672272309,3.9996628373371217,-0.008361834935187051,-0.20862733188831384,25367.30273544803,25368.355374074454,1.0526386264245957,0.004149588300350311,1.4330808396345705e6,1.434588943839565e6,1508.1042049943935,0.10523511048957668,0.9470118693483943
2975.0,3.983349478016559,3.975191550169384,-0.00815792784717484,-0.20480070584308713,25371.585699135438,25372.63213822062,1.0464390851811913,0.004124452833142589,1.320508372696242e6,1.3221109147354425e6,1602.5420392004307,0.12135796124702537,1.7979205160632046
2976.0,4.0300507856423415,4.022132171278814,-0.007918614363527254,-0.19648919541506776,25363.10675097081,25364.154870968956,1.0481199981477403,0.004132459041547116,1.4657619950591167e6,1.467298085542018e6,1536.0904829013161,0.10479808373250685,0.2638707374413357
2977.0,4.007723619974818,3.9993453920798414,-0.00837822789497622,-0.20905203775076847,25362.959427001933,25364.00734983151,1.0479228295771463,0.004131705657587837,1.4377289534126145e6,1.4392400866237115e6,1511.1332110969815,0.10510556996923054,0.9500661935201703
2978.0,3.982990490939947,3.974818872328989,-0.008171618610957943,-0.20516289530557028,25367.255756157618,25368.29734736913,1.0415912115131505,0.004106046083681385,1.3248042937135226e6,1.3264124393117866e6,1608.1455982639454,0.12138740838136904,1.8037135938071915
2979.0,4.029811576464441,4.021878311183374,-0.007933265281066859,-0.19686442233180332,25358.750482073396,25359.79387196953,1.043389896134613,0.0041145161977606355,1.4705076535312766e6,1.4720468499914678e6,1539.1964601911604,0.10467109480830886,0.2647201287272962
2980.0,4.007421882102799,3.999027269300423,-0.008394612802375523,-0.20947664232373384,25358.603065680516,25359.646261273243,1.0431955927269883,0.004113773893715834,1.4423792353787543e6,1.4438934031886486e6,1514.1678098943084,0.10497709428662866,0.9531214429966244
2981.0,3.9826309240789626,3.974445627749374,-0.008185296329588532,-0.20552485243109722,25362.91276216928,25363.949493108044,1.036730938765686,0.004087586266164387,1.329102334754382e6,1.33071610855933e6,1613.7738049479667,0.12141832594449485,1.809508350132402
2982.0,4.029571637527298,4.0216237348832875,-0.007947902644010796,-0.1972393931402579,25354.381164125585,25355.419812553177,1.0386484275913972,0.004096524466000382,1.4752553833451923e6,1.4767976891431608e6,1542.3057979685254,0.10454500389426094,0.26556975492635004
2983.0,4.00711946515537,3.9987084760851643,-0.008410989070205321,-0.20990113080841724,25354.233659133202,25355.272116063366,1.0384569301641022,0.004095793010845055,1.4470315054704961e6,1.4485487128109767e6,1517.207340480527,0.10484964112700595,0.9561774971617377
2984.0,3.9822707860207665,3.9740718253682368,-0.008198960652529674,-0.20588656806842565,25358.556724287628,25359.58858257128,1.0318582836516725,0.004069073389588419,1.3334023297629042e6,1.3350217557259016e6,1619.4259629973676,0.12145066247824256,1.8153045562717773
2985.0,4.0293309727633835,4.02136844693524,-0.007962525828143718,-0.197614092313764,25349.998805290954,25351.03270090018,1.0338956092273293,0.004078483857804122,1.4800050005670923e6,1.4815504183823015e6,1545.4178152091336,0.1044197698397625,0.2664195824967099
2986.0,4.006816375669925,3.998389019580156,-0.008427356089768967,-0.21032548785967126,25349.85121551928,25350.884922377485,1.0337068582048232,0.004077763018869253,1.4516855837130703e6,1.4532058348569742e6,1520.2511439039372,0.10472316877429425,0.9592342353677253
2987.0,3.981910085372042,3.9736974741179525,-0.008212611254089452,-0.20624803368261196,25354.187650140426,25355.214623405634,1.0269732652086532,0.004050507471900664,1.3377041127533058e6,1.3393292141262838e6,1625.1013729779515,0.12148436694517709,1.8211019834010236
2988.0,4.029089586152377,4.021112451965117,-0.007977134187259871,-0.19798850377208224,25345.603414242236,25346.632545702967,1.0291314607311506,0.004060394396263849,1.484756321358669e6,1.4863048531732662e6,1548.5318145970814,0.10429535084787872,0.26726957788863814
2989.0,4.006512620222021,3.998068906946211,-0.008443713275810172,-0.2107496987078569,25345.455743506667,25346.484688903438,1.0289453967707232,0.004059683941703561,1.4563412902339294e6,1.4578645887662277e6,1523.2985322983004,0.10459763398273324,0.9622915369397963
2990.0,3.9815488307587192,3.9733225829697205,-0.00822624778899872,-0.20660924023958627,25349.805547864908,25350.82762377086,1.0220759059520788,0.004031888544557941,1.3420075178211732e6,1.3436383171305656e6,1630.7993093924597,0.12151938701805162,1.8269004026476476
2991.0,4.028847481721197,4.020855754623468,-0.007991727097729218,-0.19836261198736185,25341.195000160467,25342.21935616501,1.0243560045419144,0.004042256115133591,1.4895091619835922e6,1.4910608090721471e6,1551.6470885549206,0.10417170489160194,0.2681197075457724
2992.0,4.006208205425032,3.9977481454026034,-0.008460060022428273,-0.21117374805862638,25341.04725227122,25342.071424839196,1.0241725679770752,0.004041555811728667,1.4609984452648675e6,1.4625247940838046e6,1526.3488189370837,0.10447299405991967,0.9653492811809201
2993.0,3.9811870308259056,3.972947160889693,-0.008239869936212507,-0.2069701793061234,25345.41042610692,25346.42759233786,1.0171662309403473,0.004013216648851818,1.3463123791501436e6,1.3479488981915924e6,1636.5190414488316,0.12155567064471917,1.832699585099981
2994.0,4.028604663543718,4.020598359628889,-0.00800630391482926,-0.19873640090032071,25336.773572733935,25337.793142000075,1.0195692661400244,0.004024069059989665,1.494263338817041e6,1.4958181017305797e6,1554.7629135388415,0.10404878933653663,0.26896993790644924
2995.0,4.005903137930052,3.9974267421833996,-0.00847639574665271,-0.21159762118044298,25336.62575149555,25337.645139893113,1.0193883975625795,0.004023378675443425,1.4656568691553767e6,1.4671862704455093e6,1529.4012901326641,0.10434920494140092,0.9684073473765891
2996.0,3.980824694237575,3.9725712168817076,-0.008253477355867567,-0.20733084196887272,25341.002294019978,25342.01453828864,1.0122442686624709,0.003994491839422399,1.3506185310187459e6,1.3522607908341305e6,1642.2598153846338,0.12159316473659729,1.8384993018162357
2997.0,4.028361135740777,4.020340271724886,-0.008020864015890972,-0.19910985499109207,25332.339142157238,25333.353913431063,1.0147712738253176,0.004005833287367328,1.4990186683542547e6,1.5005765469099977e6,1557.8785557430238,0.10392656133184722,0.2698202354050301
2998.0,4.005597424425512,3.997104704579797,-0.008492719845715424,-0.21202130283807688,25332.19125136817,25333.20584428183,1.014592913659726,0.004005152588625466,1.470316382378677e6,1.4718488376086766e6,1532.4552299997304,0.10422622289772254,0.9714656147995864
2999.0,3.9804618296765226,3.9721947599447915,-0.00826706973173108,-0.20769121990055397,25336.58116126423,25337.58847131461,1.0073100503832393,0.0039757141816878705,1.3549258078112348e6,1.3565738286790622e6,1648.0208678273484,0.12163181617225102,1.8442993238335212
3000.0,4.02811690247989,4.020081495721874,-0.008035406758016173,-0.19948295822966844,25327.891719130126,25328.9016811893,1.0099620591754501,0.003987548866582633,1.5037749672211232e6,1.5053359604834253e6,1560.9932623021305,0.10380497722918894,0.27067056647322535
